[    5822ms] [INFO] %cDownload the React DevTools for a better development experience: https://react.dev/link/react-devtools font-weight:bold @ webpack-internal:///(app-pages-browser)/./node_modules/next/dist/compiled/react-dom/cjs/react-dom-client.development.js:25630
[    6345ms] [WARNING] WebSocket connection to 'ws://localhost:8000/ws/chat' failed: WebSocket is closed before the connection is established. @ webpack-internal:///(app-pages-browser)/./lib/chat-transport.ts:84
[    6365ms] [ERROR] [ChatTransport] WebSocket error: Event @ webpack-internal:///(app-pages-browser)/./node_modules/next/dist/next-devtools/userspace/app/errors/intercept-console-error.js:56
[    6365ms] [ERROR] Event @ webpack-internal:///(app-pages-browser)/./node_modules/next/dist/next-devtools/userspace/app/errors/intercept-console-error.js:56
[    6366ms] [LOG] [ChatTransport] WebSocket disconnected 1006  @ webpack-internal:///(app-pages-browser)/./lib/chat-transport.ts:63
[    6366ms] [LOG] [ChatTransport] Reconnecting... (1/5) @ webpack-internal:///(app-pages-browser)/./lib/chat-transport.ts:69
[    6423ms] [LOG] [Chat] User initialized: 8f2563f9-00c6-4252-82ab-7e3ee6b63996 @ webpack-internal:///(app-pages-browser)/./app/chat/page.tsx:55
[    6437ms] [LOG] [Chat] User ID set to transport: 8f2563f9-00c6-4252-82ab-7e3ee6b63996 @ webpack-internal:///(app-pages-browser)/./app/chat/page.tsx:98
[    6448ms] [LOG] [Chat] User initialized: 1dd22888-08a8-4c90-83bb-a9d08f1a28c6 @ webpack-internal:///(app-pages-browser)/./app/chat/page.tsx:55
[    6460ms] [LOG] [Chat] User ID set to transport: 1dd22888-08a8-4c90-83bb-a9d08f1a28c6 @ webpack-internal:///(app-pages-browser)/./app/chat/page.tsx:98
[    6657ms] [LOG] [ChatTransport] WebSocket connected @ webpack-internal:///(app-pages-browser)/./lib/chat-transport.ts:29
[    7683ms] [LOG] [ChatTransport] WebSocket connected @ webpack-internal:///(app-pages-browser)/./lib/chat-transport.ts:29
[   29948ms] [LOG] [Chat] Synced auth user ID to userManager: f62f4ec5-1874-4821-97e9-b2c70b35805d @ webpack-internal:///(app-pages-browser)/./app/chat/page.tsx:112
[   29949ms] [LOG] [Chat] Updated transport user ID: f62f4ec5-1874-4821-97e9-b2c70b35805d @ webpack-internal:///(app-pages-browser)/./app/chat/page.tsx:116
[   29957ms] [LOG] [Chat] User ID set to transport: f62f4ec5-1874-4821-97e9-b2c70b35805d @ webpack-internal:///(app-pages-browser)/./app/chat/page.tsx:98
[   29963ms] [LOG] [Auth] Synced user ID to userManager: f62f4ec5-1874-4821-97e9-b2c70b35805d @ webpack-internal:///(app-pages-browser)/./lib/store/auth-store.ts:97
[   48172ms] [LOG] [ChatPage] handleConversationSelect called: {conversationId: 902353be-b70b-432e-b35d-40abe9e58662, currentConversationId: null, isLoading: false} @ webpack-internal:///(app-pages-browser)/./app/chat/page.tsx:428
[   48172ms] [LOG] [ChatPage] Loading messages for conversation: 902353be-b70b-432e-b35d-40abe9e58662 @ webpack-internal:///(app-pages-browser)/./app/chat/page.tsx:468
[   48187ms] [LOG] [ChatPage] Messages loaded: 4 @ webpack-internal:///(app-pages-browser)/./app/chat/page.tsx:472
[   86423ms] [LOG] [Chat] Store conversation changed: 5d6449b1-fd30-462d-b697-59f82b49f44c @ webpack-internal:///(app-pages-browser)/./app/chat/page.tsx:162
[   86423ms] [LOG] [ChatPage] handleConversationSelect called: {conversationId: 5d6449b1-fd30-462d-b697-59f82b49f44c, currentConversationId: 902353be-b70b-432e-b35d-40abe9e58662, isLoading: false} @ webpack-internal:///(app-pages-browser)/./app/chat/page.tsx:428
[   86424ms] [LOG] [ChatPage] Loading messages for conversation: 5d6449b1-fd30-462d-b697-59f82b49f44c @ webpack-internal:///(app-pages-browser)/./app/chat/page.tsx:468
[   86438ms] [LOG] [ChatPage] Messages loaded: 0 @ webpack-internal:///(app-pages-browser)/./app/chat/page.tsx:472
[  106059ms] [LOG] [ChatTransport] sendMessage called, content: 我想去日本旅游，推荐几个城市 @ webpack-internal:///(app-pages-browser)/./lib/chat-transport.ts:109
[  106059ms] [LOG] [ChatTransport] isConnected: true ws.readyState: 1 @ webpack-internal:///(app-pages-browser)/./lib/chat-transport.ts:110
[  106059ms] [LOG] [ChatTransport] has_image: false @ webpack-internal:///(app-pages-browser)/./lib/chat-transport.ts:111
[  106060ms] [LOG] [ChatTransport] Sending WebSocket message: msg_1776426690127_9ocvfji 我想去日本旅游，推荐几个城市 @ webpack-internal:///(app-pages-browser)/./lib/chat-transport.ts:126
[  106060ms] [LOG] [ChatTransport] Setting currentResponseHandler @ webpack-internal:///(app-pages-browser)/./lib/chat-transport.ts:179
[  106060ms] [LOG] [ChatTransport] send() called, isConnected: true readyState: 1 @ webpack-internal:///(app-pages-browser)/./lib/chat-transport.ts:97
[  106060ms] [LOG] [ChatTransport] Sending WebSocket data: {"type":"message","session_id":"session_1776426590415_ac5514d","conversation_id":"5d6449b1-fd30-462d-b697-59f82b49f44c","user_id":"f62f4ec5-1874-4821-97e9-b2c70b35805d","content":"我想去日本旅游，推荐几个城市","has_image":false} @ webpack-internal:///(app-pages-browser)/./lib/chat-transport.ts:99
[  139031ms] [LOG] [ChatTransport] onmessage triggered, has currentResponseHandler: true @ webpack-internal:///(app-pages-browser)/./lib/chat-transport.ts:41
[  139032ms] [LOG] [ChatTransport] responseHandler called, data: {"type":"stage","content":null,"error":null,"message_id":"4d1e696e-827d-4a7c-a150-a9a9791a1190","conversation_id":null,"itinerary":null,"stage":{"name":"1_INTENT","status":"start","label":"🔍 意图识别","message":"正在分析您的需求..."}} @ webpack-internal:///(app-pages-browser)/./lib/chat-transport.ts:137
[  139032ms] [LOG] [ChatTransport] Stage update: {name: 1_INTENT, status: start, label: 🔍 意图识别, message: 正在分析您的需求...} @ webpack-internal:///(app-pages-browser)/./lib/chat-transport.ts:147
[  139211ms] [LOG] [ChatTransport] onmessage triggered, has currentResponseHandler: true @ webpack-internal:///(app-pages-browser)/./lib/chat-transport.ts:41
[  139212ms] [LOG] [ChatTransport] responseHandler called, data: {"type":"stage","content":null,"error":null,"message_id":"4d1e696e-827d-4a7c-a150-a9a9791a1190","conversation_id":null,"itinerary":null,"stage":{"name":"1_INTENT","status":"end","label":"🔍 意图识别","message":"正在分析您的需求..."}} @ webpack-internal:///(app-pages-browser)/./lib/chat-transport.ts:137
[  139213ms] [LOG] [ChatTransport] Stage update: {name: 1_INTENT, status: end, label: 🔍 意图识别, message: 正在分析您的需求...} @ webpack-internal:///(app-pages-browser)/./lib/chat-transport.ts:147
[  139214ms] [LOG] [ChatTransport] onmessage triggered, has currentResponseHandler: true @ webpack-internal:///(app-pages-browser)/./lib/chat-transport.ts:41
[  139214ms] [LOG] [ChatTransport] responseHandler called, data: {"type":"stage","content":null,"error":null,"message_id":"4d1e696e-827d-4a7c-a150-a9a9791a1190","conversation_id":null,"itinerary":null,"stage":{"name":"2_STORAGE","status":"start","label":"📚 加载历史","message":"正在加载对话历史..."}} @ webpack-internal:///(app-pages-browser)/./lib/chat-transport.ts:137
[  139214ms] [LOG] [ChatTransport] Stage update: {name: 2_STORAGE, status: start, label: 📚 加载历史, message: 正在加载对话历史...} @ webpack-internal:///(app-pages-browser)/./lib/chat-transport.ts:147
[  139256ms] [LOG] [ChatTransport] onmessage triggered, has currentResponseHandler: true @ webpack-internal:///(app-pages-browser)/./lib/chat-transport.ts:41
[  139256ms] [LOG] [ChatTransport] responseHandler called, data: {"type":"stage","content":null,"error":null,"message_id":"4d1e696e-827d-4a7c-a150-a9a9791a1190","conversation_id":null,"itinerary":null,"stage":{"name":"2_STORAGE","status":"end","label":"📚 加载历史","message":"正在加载对话历史..."}} @ webpack-internal:///(app-pages-browser)/./lib/chat-transport.ts:137
[  139257ms] [LOG] [ChatTransport] Stage update: {name: 2_STORAGE, status: end, label: 📚 加载历史, message: 正在加载对话历史...} @ webpack-internal:///(app-pages-browser)/./lib/chat-transport.ts:147
[  139258ms] [LOG] [ChatTransport] onmessage triggered, has currentResponseHandler: true @ webpack-internal:///(app-pages-browser)/./lib/chat-transport.ts:41
[  139258ms] [LOG] [ChatTransport] responseHandler called, data: {"type":"stage","content":null,"error":null,"message_id":"4d1e696e-827d-4a7c-a150-a9a9791a1190","conversation_id":null,"itinerary":null,"stage":{"name":"3_CTX_CLEAN","status":"start","label":"🧹 上下文清理","message":"正在整理上下文信息..."}} @ webpack-internal:///(app-pages-browser)/./lib/chat-transport.ts:137
[  139258ms] [LOG] [ChatTransport] Stage update: {name: 3_CTX_CLEAN, status: start, label: 🧹 上下文清理, message: 正在整理上下文信息...} @ webpack-internal:///(app-pages-browser)/./lib/chat-transport.ts:147
[  139259ms] [LOG] [ChatTransport] onmessage triggered, has currentResponseHandler: true @ webpack-internal:///(app-pages-browser)/./lib/chat-transport.ts:41
[  139260ms] [LOG] [ChatTransport] responseHandler called, data: {"type":"stage","content":null,"error":null,"message_id":"4d1e696e-827d-4a7c-a150-a9a9791a1190","conversation_id":null,"itinerary":null,"stage":{"name":"3_CTX_CLEAN","status":"skip","label":"🧹 上下文清理","message":"正在整理上下文信息..."}} @ webpack-internal:///(app-pages-browser)/./lib/chat-transport.ts:137
[  139261ms] [LOG] [ChatTransport] Stage update: {name: 3_CTX_CLEAN, status: skip, label: 🧹 上下文清理, message: 正在整理上下文信息...} @ webpack-internal:///(app-pages-browser)/./lib/chat-transport.ts:147
[  139262ms] [LOG] [ChatTransport] onmessage triggered, has currentResponseHandler: true @ webpack-internal:///(app-pages-browser)/./lib/chat-transport.ts:41
[  139262ms] [LOG] [ChatTransport] responseHandler called, data: {"type":"stage","content":null,"error":null,"message_id":"4d1e696e-827d-4a7c-a150-a9a9791a1190","conversation_id":null,"itinerary":null,"stage":{"name":"4_TOOLS","status":"start","label":"🔧 工具调用","message":"正在获取实时数据..."}} @ webpack-internal:///(app-pages-browser)/./lib/chat-transport.ts:137
[  139263ms] [LOG] [ChatTransport] Stage update: {name: 4_TOOLS, status: start, label: 🔧 工具调用, message: 正在获取实时数据...} @ webpack-internal:///(app-pages-browser)/./lib/chat-transport.ts:147
[  157526ms] [LOG] [ChatTransport] onmessage triggered, has currentResponseHandler: true @ webpack-internal:///(app-pages-browser)/./lib/chat-transport.ts:41
[  157527ms] [LOG] [ChatTransport] responseHandler called, data: {"type":"stage","content":null,"error":null,"message_id":"4d1e696e-827d-4a7c-a150-a9a9791a1190","conversation_id":null,"itinerary":null,"stage":{"name":"4_TOOLS","status":"end","label":"🔧 工具调用","message":"正在获取实时数据..."}} @ webpack-internal:///(app-pages-browser)/./lib/chat-transport.ts:137
[  157527ms] [LOG] [ChatTransport] Stage update: {name: 4_TOOLS, status: end, label: 🔧 工具调用, message: 正在获取实时数据...} @ webpack-internal:///(app-pages-browser)/./lib/chat-transport.ts:147
[  157562ms] [LOG] [ChatTransport] onmessage triggered, has currentResponseHandler: true @ webpack-internal:///(app-pages-browser)/./lib/chat-transport.ts:41
[  157563ms] [LOG] [ChatTransport] responseHandler called, data: {"type":"stage","content":null,"error":null,"message_id":"4d1e696e-827d-4a7c-a150-a9a9791a1190","conversation_id":null,"itinerary":null,"stage":{"name":"5_CONTEXT","status":"start","label":"🔗 整合信息","message":"正在整合相关信息..."}} @ webpack-internal:///(app-pages-browser)/./lib/chat-transport.ts:137
[  157563ms] [LOG] [ChatTransport] Stage update: {name: 5_CONTEXT, status: start, label: 🔗 整合信息, message: 正在整合相关信息...} @ webpack-internal:///(app-pages-browser)/./lib/chat-transport.ts:147
[  157894ms] [LOG] [ChatTransport] onmessage triggered, has currentResponseHandler: true @ webpack-internal:///(app-pages-browser)/./lib/chat-transport.ts:41
[  157894ms] [LOG] [ChatTransport] responseHandler called, data: {"type":"stage","content":null,"error":null,"message_id":"4d1e696e-827d-4a7c-a150-a9a9791a1190","conversation_id":null,"itinerary":null,"stage":{"name":"5_CONTEXT","status":"end","label":"🔗 整合信息","message":"正在整合相关信息..."}} @ webpack-internal:///(app-pages-browser)/./lib/chat-transport.ts:137
[  157894ms] [LOG] [ChatTransport] Stage update: {name: 5_CONTEXT, status: end, label: 🔗 整合信息, message: 正在整合相关信息...} @ webpack-internal:///(app-pages-browser)/./lib/chat-transport.ts:147
[  157926ms] [LOG] [ChatTransport] onmessage triggered, has currentResponseHandler: true @ webpack-internal:///(app-pages-browser)/./lib/chat-transport.ts:41
[  157927ms] [LOG] [ChatTransport] responseHandler called, data: {"type":"stage","content":null,"error":null,"message_id":"4d1e696e-827d-4a7c-a150-a9a9791a1190","conversation_id":null,"itinerary":null,"stage":{"name":"6_LLM","status":"start","label":"✨ 生成回复","message":"正在生成回复内容..."}} @ webpack-internal:///(app-pages-browser)/./lib/chat-transport.ts:137
[  157928ms] [LOG] [ChatTransport] Stage update: {name: 6_LLM, status: start, label: ✨ 生成回复, message: 正在生成回复内容...} @ webpack-internal:///(app-pages-browser)/./lib/chat-transport.ts:147
[  159144ms] [LOG] [ChatTransport] onmessage triggered, has currentResponseHandler: true @ webpack-internal:///(app-pages-browser)/./lib/chat-transport.ts:41
[  159144ms] [LOG] [ChatTransport] responseHandler called, data: {"type":"delta","content":"我来","error":null,"message_id":"4d1e696e-827d-4a7c-a150-a9a9791a1190","conversation_id":null,"itinerary":null,"stage":null} @ webpack-internal:///(app-pages-browser)/./lib/chat-transport.ts:137
[  159212ms] [LOG] [ChatTransport] onmessage triggered, has currentResponseHandler: true @ webpack-internal:///(app-pages-browser)/./lib/chat-transport.ts:41
[  159213ms] [LOG] [ChatTransport] responseHandler called, data: {"type":"delta","content":"为您","error":null,"message_id":"4d1e696e-827d-4a7c-a150-a9a9791a1190","conversation_id":null,"itinerary":null,"stage":null} @ webpack-internal:///(app-pages-browser)/./lib/chat-transport.ts:137
[  159250ms] [LOG] [ChatTransport] onmessage triggered, has currentResponseHandler: true @ webpack-internal:///(app-pages-browser)/./lib/chat-transport.ts:41
[  159251ms] [LOG] [ChatTransport] responseHandler called, data: {"type":"delta","content":"推荐","error":null,"message_id":"4d1e696e-827d-4a7c-a150-a9a9791a1190","conversation_id":null,"itinerary":null,"stage":null} @ webpack-internal:///(app-pages-browser)/./lib/chat-transport.ts:137
[  159285ms] [LOG] [ChatTransport] onmessage triggered, has currentResponseHandler: true @ webpack-internal:///(app-pages-browser)/./lib/chat-transport.ts:41
[  159285ms] [LOG] [ChatTransport] responseHandler called, data: {"type":"delta","content":"几个","error":null,"message_id":"4d1e696e-827d-4a7c-a150-a9a9791a1190","conversation_id":null,"itinerary":null,"stage":null} @ webpack-internal:///(app-pages-browser)/./lib/chat-transport.ts:137
[  159318ms] [LOG] [ChatTransport] onmessage triggered, has currentResponseHandler: true @ webpack-internal:///(app-pages-browser)/./lib/chat-transport.ts:41
[  159318ms] [LOG] [ChatTransport] responseHandler called, data: {"type":"delta","content":"日本","error":null,"message_id":"4d1e696e-827d-4a7c-a150-a9a9791a1190","conversation_id":null,"itinerary":null,"stage":null} @ webpack-internal:///(app-pages-browser)/./lib/chat-transport.ts:137
[  159355ms] [LOG] [ChatTransport] onmessage triggered, has currentResponseHandler: true @ webpack-internal:///(app-pages-browser)/./lib/chat-transport.ts:41
[  159356ms] [LOG] [ChatTransport] responseHandler called, data: {"type":"delta","content":"的热","error":null,"message_id":"4d1e696e-827d-4a7c-a150-a9a9791a1190","conversation_id":null,"itinerary":null,"stage":null} @ webpack-internal:///(app-pages-browser)/./lib/chat-transport.ts:137
[  159452ms] [LOG] [ChatTransport] onmessage triggered, has currentResponseHandler: true @ webpack-internal:///(app-pages-browser)/./lib/chat-transport.ts:41
[  159452ms] [LOG] [ChatTransport] responseHandler called, data: {"type":"delta","content":"门","error":null,"message_id":"4d1e696e-827d-4a7c-a150-a9a9791a1190","conversation_id":null,"itinerary":null,"stage":null} @ webpack-internal:///(app-pages-browser)/./lib/chat-transport.ts:137
[  159483ms] [LOG] [ChatTransport] onmessage triggered, has currentResponseHandler: true @ webpack-internal:///(app-pages-browser)/./lib/chat-transport.ts:41
[  159484ms] [LOG] [ChatTransport] responseHandler called, data: {"type":"delta","content":"旅游","error":null,"message_id":"4d1e696e-827d-4a7c-a150-a9a9791a1190","conversation_id":null,"itinerary":null,"stage":null} @ webpack-internal:///(app-pages-browser)/./lib/chat-transport.ts:137
[  159518ms] [LOG] [ChatTransport] onmessage triggered, has currentResponseHandler: true @ webpack-internal:///(app-pages-browser)/./lib/chat-transport.ts:41
[  159518ms] [LOG] [ChatTransport] responseHandler called, data: {"type":"delta","content":"城市","error":null,"message_id":"4d1e696e-827d-4a7c-a150-a9a9791a1190","conversation_id":null,"itinerary":null,"stage":null} @ webpack-internal:///(app-pages-browser)/./lib/chat-transport.ts:137
[  159519ms] [LOG] [ChatTransport] onmessage triggered, has currentResponseHandler: true @ webpack-internal:///(app-pages-browser)/./lib/chat-transport.ts:41
[  159519ms] [LOG] [ChatTransport] responseHandler called, data: {"type":"delta","content":"！","error":null,"message_id":"4d1e696e-827d-4a7c-a150-a9a9791a1190","conversation_id":null,"itinerary":null,"stage":null} @ webpack-internal:///(app-pages-browser)/./lib/chat-transport.ts:137
[  159520ms] [LOG] [ChatTransport] onmessage triggered, has currentResponseHandler: true @ webpack-internal:///(app-pages-browser)/./lib/chat-transport.ts:41
[  159520ms] [LOG] [ChatTransport] responseHandler called, data: {"type":"delta","content":"日本","error":null,"message_id":"4d1e696e-827d-4a7c-a150-a9a9791a1190","conversation_id":null,"itinerary":null,"stage":null} @ webpack-internal:///(app-pages-browser)/./lib/chat-transport.ts:137
[  159521ms] [LOG] [ChatTransport] onmessage triggered, has currentResponseHandler: true @ webpack-internal:///(app-pages-browser)/./lib/chat-transport.ts:41
[  159521ms] [LOG] [ChatTransport] responseHandler called, data: {"type":"delta","content":"有很多","error":null,"message_id":"4d1e696e-827d-4a7c-a150-a9a9791a1190","conversation_id":null,"itinerary":null,"stage":null} @ webpack-internal:///(app-pages-browser)/./lib/chat-transport.ts:137
[  159551ms] [LOG] [ChatTransport] onmessage triggered, has currentResponseHandler: true @ webpack-internal:///(app-pages-browser)/./lib/chat-transport.ts:41
[  159552ms] [LOG] [ChatTransport] responseHandler called, data: {"type":"delta","content":"各","error":null,"message_id":"4d1e696e-827d-4a7c-a150-a9a9791a1190","conversation_id":null,"itinerary":null,"stage":null} @ webpack-internal:///(app-pages-browser)/./lib/chat-transport.ts:137
[  159603ms] [LOG] [ChatTransport] onmessage triggered, has currentResponseHandler: true @ webpack-internal:///(app-pages-browser)/./lib/chat-transport.ts:41
[  159603ms] [LOG] [ChatTransport] responseHandler called, data: {"type":"delta","content":"具","error":null,"message_id":"4d1e696e-827d-4a7c-a150-a9a9791a1190","conversation_id":null,"itinerary":null,"stage":null} @ webpack-internal:///(app-pages-browser)/./lib/chat-transport.ts:137
[  159639ms] [LOG] [ChatTransport] onmessage triggered, has currentResponseHandler: true @ webpack-internal:///(app-pages-browser)/./lib/chat-transport.ts:41
[  159640ms] [LOG] [ChatTransport] responseHandler called, data: {"type":"delta","content":"特色的","error":null,"message_id":"4d1e696e-827d-4a7c-a150-a9a9791a1190","conversation_id":null,"itinerary":null,"stage":null} @ webpack-internal:///(app-pages-browser)/./lib/chat-transport.ts:137
[  159673ms] [LOG] [ChatTransport] onmessage triggered, has currentResponseHandler: true @ webpack-internal:///(app-pages-browser)/./lib/chat-transport.ts:41
[  159674ms] [LOG] [ChatTransport] responseHandler called, data: {"type":"delta","content":"城市","error":null,"message_id":"4d1e696e-827d-4a7c-a150-a9a9791a1190","conversation_id":null,"itinerary":null,"stage":null} @ webpack-internal:///(app-pages-browser)/./lib/chat-transport.ts:137
[  159707ms] [LOG] [ChatTransport] onmessage triggered, has currentResponseHandler: true @ webpack-internal:///(app-pages-browser)/./lib/chat-transport.ts:41
[  159708ms] [LOG] [ChatTransport] responseHandler called, data: {"type":"delta","content":"，","error":null,"message_id":"4d1e696e-827d-4a7c-a150-a9a9791a1190","conversation_id":null,"itinerary":null,"stage":null} @ webpack-internal:///(app-pages-browser)/./lib/chat-transport.ts:137
[  159744ms] [LOG] [ChatTransport] onmessage triggered, has currentResponseHandler: true @ webpack-internal:///(app-pages-browser)/./lib/chat-transport.ts:41
[  159745ms] [LOG] [ChatTransport] responseHandler called, data: {"type":"delta","content":"每个","error":null,"message_id":"4d1e696e-827d-4a7c-a150-a9a9791a1190","conversation_id":null,"itinerary":null,"stage":null} @ webpack-internal:///(app-pages-browser)/./lib/chat-transport.ts:137
[  159778ms] [LOG] [ChatTransport] onmessage triggered, has currentResponseHandler: true @ webpack-internal:///(app-pages-browser)/./lib/chat-transport.ts:41
[  159778ms] [LOG] [ChatTransport] responseHandler called, data: {"type":"delta","content":"都有","error":null,"message_id":"4d1e696e-827d-4a7c-a150-a9a9791a1190","conversation_id":null,"itinerary":null,"stage":null} @ webpack-internal:///(app-pages-browser)/./lib/chat-transport.ts:137
[  159814ms] [LOG] [ChatTransport] onmessage triggered, has currentResponseHandler: true @ webpack-internal:///(app-pages-browser)/./lib/chat-transport.ts:41
[  159815ms] [LOG] [ChatTransport] responseHandler called, data: {"type":"delta","content":"独特的","error":null,"message_id":"4d1e696e-827d-4a7c-a150-a9a9791a1190","conversation_id":null,"itinerary":null,"stage":null} @ webpack-internal:///(app-pages-browser)/./lib/chat-transport.ts:137
[  159847ms] [LOG] [ChatTransport] onmessage triggered, has currentResponseHandler: true @ webpack-internal:///(app-pages-browser)/./lib/chat-transport.ts:41
[  159848ms] [LOG] [ChatTransport] responseHandler called, data: {"type":"delta","content":"魅力","error":null,"message_id":"4d1e696e-827d-4a7c-a150-a9a9791a1190","conversation_id":null,"itinerary":null,"stage":null} @ webpack-internal:///(app-pages-browser)/./lib/chat-transport.ts:137
[  159888ms] [LOG] [ChatTransport] onmessage triggered, has currentResponseHandler: true @ webpack-internal:///(app-pages-browser)/./lib/chat-transport.ts:41
[  159888ms] [LOG] [ChatTransport] responseHandler called, data: {"type":"delta","content":"。","error":null,"message_id":"4d1e696e-827d-4a7c-a150-a9a9791a1190","conversation_id":null,"itinerary":null,"stage":null} @ webpack-internal:///(app-pages-browser)/./lib/chat-transport.ts:137
[  159921ms] [LOG] [ChatTransport] onmessage triggered, has currentResponseHandler: true @ webpack-internal:///(app-pages-browser)/./lib/chat-transport.ts:41
[  159921ms] [LOG] [ChatTransport] responseHandler called, data: {"type":"delta","content":"让我","error":null,"message_id":"4d1e696e-827d-4a7c-a150-a9a9791a1190","conversation_id":null,"itinerary":null,"stage":null} @ webpack-internal:///(app-pages-browser)/./lib/chat-transport.ts:137
[  159952ms] [LOG] [ChatTransport] onmessage triggered, has currentResponseHandler: true @ webpack-internal:///(app-pages-browser)/./lib/chat-transport.ts:41
[  159953ms] [LOG] [ChatTransport] responseHandler called, data: {"type":"delta","content":"先","error":null,"message_id":"4d1e696e-827d-4a7c-a150-a9a9791a1190","conversation_id":null,"itinerary":null,"stage":null} @ webpack-internal:///(app-pages-browser)/./lib/chat-transport.ts:137
[  159953ms] [LOG] [ChatTransport] onmessage triggered, has currentResponseHandler: true @ webpack-internal:///(app-pages-browser)/./lib/chat-transport.ts:41
[  159954ms] [LOG] [ChatTransport] responseHandler called, data: {"type":"delta","content":"为您","error":null,"message_id":"4d1e696e-827d-4a7c-a150-a9a9791a1190","conversation_id":null,"itinerary":null,"stage":null} @ webpack-internal:///(app-pages-browser)/./lib/chat-transport.ts:137
[  159975ms] [LOG] [ChatTransport] onmessage triggered, has currentResponseHandler: true @ webpack-internal:///(app-pages-browser)/./lib/chat-transport.ts:41
[  159975ms] [LOG] [ChatTransport] responseHandler called, data: {"type":"delta","content":"介绍","error":null,"message_id":"4d1e696e-827d-4a7c-a150-a9a9791a1190","conversation_id":null,"itinerary":null,"stage":null} @ webpack-internal:///(app-pages-browser)/./lib/chat-transport.ts:137
[  160042ms] [LOG] [ChatTransport] onmessage triggered, has currentResponseHandler: true @ webpack-internal:///(app-pages-browser)/./lib/chat-transport.ts:41
[  160042ms] [LOG] [ChatTransport] responseHandler called, data: {"type":"delta","content":"几个","error":null,"message_id":"4d1e696e-827d-4a7c-a150-a9a9791a1190","conversation_id":null,"itinerary":null,"stage":null} @ webpack-internal:///(app-pages-browser)/./lib/chat-transport.ts:137
[  160050ms] [LOG] [ChatTransport] onmessage triggered, has currentResponseHandler: true @ webpack-internal:///(app-pages-browser)/./lib/chat-transport.ts:41
[  160051ms] [LOG] [ChatTransport] responseHandler called, data: {"type":"delta","content":"最","error":null,"message_id":"4d1e696e-827d-4a7c-a150-a9a9791a1190","conversation_id":null,"itinerary":null,"stage":null} @ webpack-internal:///(app-pages-browser)/./lib/chat-transport.ts:137
[  160093ms] [LOG] [ChatTransport] onmessage triggered, has currentResponseHandler: true @ webpack-internal:///(app-pages-browser)/./lib/chat-transport.ts:41
[  160093ms] [LOG] [ChatTransport] responseHandler called, data: {"type":"delta","content":"受欢迎的","error":null,"message_id":"4d1e696e-827d-4a7c-a150-a9a9791a1190","conversation_id":null,"itinerary":null,"stage":null} @ webpack-internal:///(app-pages-browser)/./lib/chat-transport.ts:137
[  160158ms] [LOG] [ChatTransport] onmessage triggered, has currentResponseHandler: true @ webpack-internal:///(app-pages-browser)/./lib/chat-transport.ts:41
[  160158ms] [LOG] [ChatTransport] responseHandler called, data: {"type":"delta","content":"：\n\n","error":null,"message_id":"4d1e696e-827d-4a7c-a150-a9a9791a1190","conversation_id":null,"itinerary":null,"stage":null} @ webpack-internal:///(app-pages-browser)/./lib/chat-transport.ts:137
[  160189ms] [LOG] [ChatTransport] onmessage triggered, has currentResponseHandler: true @ webpack-internal:///(app-pages-browser)/./lib/chat-transport.ts:41
[  160190ms] [LOG] [ChatTransport] responseHandler called, data: {"type":"delta","content":"##","error":null,"message_id":"4d1e696e-827d-4a7c-a150-a9a9791a1190","conversation_id":null,"itinerary":null,"stage":null} @ webpack-internal:///(app-pages-browser)/./lib/chat-transport.ts:137
[  160289ms] [LOG] [ChatTransport] onmessage triggered, has currentResponseHandler: true @ webpack-internal:///(app-pages-browser)/./lib/chat-transport.ts:41
[  160289ms] [LOG] [ChatTransport] responseHandler called, data: {"type":"delta","content":" 🌸","error":null,"message_id":"4d1e696e-827d-4a7c-a150-a9a9791a1190","conversation_id":null,"itinerary":null,"stage":null} @ webpack-internal:///(app-pages-browser)/./lib/chat-transport.ts:137
[  160322ms] [LOG] [ChatTransport] onmessage triggered, has currentResponseHandler: true @ webpack-internal:///(app-pages-browser)/./lib/chat-transport.ts:41
[  160322ms] [LOG] [ChatTransport] responseHandler called, data: {"type":"delta","content":" ","error":null,"message_id":"4d1e696e-827d-4a7c-a150-a9a9791a1190","conversation_id":null,"itinerary":null,"stage":null} @ webpack-internal:///(app-pages-browser)/./lib/chat-transport.ts:137
[  160323ms] [LOG] [ChatTransport] onmessage triggered, has currentResponseHandler: true @ webpack-internal:///(app-pages-browser)/./lib/chat-transport.ts:41
[  160324ms] [LOG] [ChatTransport] responseHandler called, data: {"type":"delta","content":"经典","error":null,"message_id":"4d1e696e-827d-4a7c-a150-a9a9791a1190","conversation_id":null,"itinerary":null,"stage":null} @ webpack-internal:///(app-pages-browser)/./lib/chat-transport.ts:137
[  160359ms] [LOG] [ChatTransport] onmessage triggered, has currentResponseHandler: true @ webpack-internal:///(app-pages-browser)/./lib/chat-transport.ts:41
[  160360ms] [LOG] [ChatTransport] responseHandler called, data: {"type":"delta","content":"推荐","error":null,"message_id":"4d1e696e-827d-4a7c-a150-a9a9791a1190","conversation_id":null,"itinerary":null,"stage":null} @ webpack-internal:///(app-pages-browser)/./lib/chat-transport.ts:137
[  160435ms] [LOG] [ChatTransport] onmessage triggered, has currentResponseHandler: true @ webpack-internal:///(app-pages-browser)/./lib/chat-transport.ts:41
[  160435ms] [LOG] [ChatTransport] responseHandler called, data: {"type":"delta","content":"城市","error":null,"message_id":"4d1e696e-827d-4a7c-a150-a9a9791a1190","conversation_id":null,"itinerary":null,"stage":null} @ webpack-internal:///(app-pages-browser)/./lib/chat-transport.ts:137
[  160465ms] [LOG] [ChatTransport] onmessage triggered, has currentResponseHandler: true @ webpack-internal:///(app-pages-browser)/./lib/chat-transport.ts:41
[  160466ms] [LOG] [ChatTransport] responseHandler called, data: {"type":"delta","content":"\n\n","error":null,"message_id":"4d1e696e-827d-4a7c-a150-a9a9791a1190","conversation_id":null,"itinerary":null,"stage":null} @ webpack-internal:///(app-pages-browser)/./lib/chat-transport.ts:137
[  160498ms] [LOG] [ChatTransport] onmessage triggered, has currentResponseHandler: true @ webpack-internal:///(app-pages-browser)/./lib/chat-transport.ts:41
[  160500ms] [LOG] [ChatTransport] responseHandler called, data: {"type":"delta","content":"###","error":null,"message_id":"4d1e696e-827d-4a7c-a150-a9a9791a1190","conversation_id":null,"itinerary":null,"stage":null} @ webpack-internal:///(app-pages-browser)/./lib/chat-transport.ts:137
[  160533ms] [LOG] [ChatTransport] onmessage triggered, has currentResponseHandler: true @ webpack-internal:///(app-pages-browser)/./lib/chat-transport.ts:41
[  160533ms] [LOG] [ChatTransport] responseHandler called, data: {"type":"delta","content":" **","error":null,"message_id":"4d1e696e-827d-4a7c-a150-a9a9791a1190","conversation_id":null,"itinerary":null,"stage":null} @ webpack-internal:///(app-pages-browser)/./lib/chat-transport.ts:137
[  160569ms] [LOG] [ChatTransport] onmessage triggered, has currentResponseHandler: true @ webpack-internal:///(app-pages-browser)/./lib/chat-transport.ts:41
[  160569ms] [LOG] [ChatTransport] responseHandler called, data: {"type":"delta","content":"东京","error":null,"message_id":"4d1e696e-827d-4a7c-a150-a9a9791a1190","conversation_id":null,"itinerary":null,"stage":null} @ webpack-internal:///(app-pages-browser)/./lib/chat-transport.ts:137
[  160570ms] [LOG] [ChatTransport] onmessage triggered, has currentResponseHandler: true @ webpack-internal:///(app-pages-browser)/./lib/chat-transport.ts:41
[  160570ms] [LOG] [ChatTransport] responseHandler called, data: {"type":"delta","content":"**\n","error":null,"message_id":"4d1e696e-827d-4a7c-a150-a9a9791a1190","conversation_id":null,"itinerary":null,"stage":null} @ webpack-internal:///(app-pages-browser)/./lib/chat-transport.ts:137
[  160602ms] [LOG] [ChatTransport] onmessage triggered, has currentResponseHandler: true @ webpack-internal:///(app-pages-browser)/./lib/chat-transport.ts:41
[  160603ms] [LOG] [ChatTransport] responseHandler called, data: {"type":"delta","content":"-","error":null,"message_id":"4d1e696e-827d-4a7c-a150-a9a9791a1190","conversation_id":null,"itinerary":null,"stage":null} @ webpack-internal:///(app-pages-browser)/./lib/chat-transport.ts:137
[  160645ms] [LOG] [ChatTransport] onmessage triggered, has currentResponseHandler: true @ webpack-internal:///(app-pages-browser)/./lib/chat-transport.ts:41
[  160646ms] [LOG] [ChatTransport] responseHandler called, data: {"type":"delta","content":" **","error":null,"message_id":"4d1e696e-827d-4a7c-a150-a9a9791a1190","conversation_id":null,"itinerary":null,"stage":null} @ webpack-internal:///(app-pages-browser)/./lib/chat-transport.ts:137
[  160674ms] [LOG] [ChatTransport] onmessage triggered, has currentResponseHandler: true @ webpack-internal:///(app-pages-browser)/./lib/chat-transport.ts:41
[  160675ms] [LOG] [ChatTransport] responseHandler called, data: {"type":"delta","content":"特色","error":null,"message_id":"4d1e696e-827d-4a7c-a150-a9a9791a1190","conversation_id":null,"itinerary":null,"stage":null} @ webpack-internal:///(app-pages-browser)/./lib/chat-transport.ts:137
[  160720ms] [LOG] [ChatTransport] onmessage triggered, has currentResponseHandler: true @ webpack-internal:///(app-pages-browser)/./lib/chat-transport.ts:41
[  160720ms] [LOG] [ChatTransport] responseHandler called, data: {"type":"delta","content":"**","error":null,"message_id":"4d1e696e-827d-4a7c-a150-a9a9791a1190","conversation_id":null,"itinerary":null,"stage":null} @ webpack-internal:///(app-pages-browser)/./lib/chat-transport.ts:137
[  160746ms] [LOG] [ChatTransport] onmessage triggered, has currentResponseHandler: true @ webpack-internal:///(app-pages-browser)/./lib/chat-transport.ts:41
[  160746ms] [LOG] [ChatTransport] responseHandler called, data: {"type":"delta","content":"：","error":null,"message_id":"4d1e696e-827d-4a7c-a150-a9a9791a1190","conversation_id":null,"itinerary":null,"stage":null} @ webpack-internal:///(app-pages-browser)/./lib/chat-transport.ts:137
[  160778ms] [LOG] [ChatTransport] onmessage triggered, has currentResponseHandler: true @ webpack-internal:///(app-pages-browser)/./lib/chat-transport.ts:41
[  160779ms] [LOG] [ChatTransport] responseHandler called, data: {"type":"delta","content":"现代化","error":null,"message_id":"4d1e696e-827d-4a7c-a150-a9a9791a1190","conversation_id":null,"itinerary":null,"stage":null} @ webpack-internal:///(app-pages-browser)/./lib/chat-transport.ts:137
[  160838ms] [LOG] [ChatTransport] onmessage triggered, has currentResponseHandler: true @ webpack-internal:///(app-pages-browser)/./lib/chat-transport.ts:41
[  160839ms] [LOG] [ChatTransport] responseHandler called, data: {"type":"delta","content":"大","error":null,"message_id":"4d1e696e-827d-4a7c-a150-a9a9791a1190","conversation_id":null,"itinerary":null,"stage":null} @ webpack-internal:///(app-pages-browser)/./lib/chat-transport.ts:137
[  160868ms] [LOG] [ChatTransport] onmessage triggered, has currentResponseHandler: true @ webpack-internal:///(app-pages-browser)/./lib/chat-transport.ts:41
[  160868ms] [LOG] [ChatTransport] responseHandler called, data: {"type":"delta","content":"都市","error":null,"message_id":"4d1e696e-827d-4a7c-a150-a9a9791a1190","conversation_id":null,"itinerary":null,"stage":null} @ webpack-internal:///(app-pages-browser)/./lib/chat-transport.ts:137
[  160930ms] [LOG] [ChatTransport] onmessage triggered, has currentResponseHandler: true @ webpack-internal:///(app-pages-browser)/./lib/chat-transport.ts:41
[  160930ms] [LOG] [ChatTransport] responseHandler called, data: {"type":"delta","content":"、","error":null,"message_id":"4d1e696e-827d-4a7c-a150-a9a9791a1190","conversation_id":null,"itinerary":null,"stage":null} @ webpack-internal:///(app-pages-browser)/./lib/chat-transport.ts:137
[  160964ms] [LOG] [ChatTransport] onmessage triggered, has currentResponseHandler: true @ webpack-internal:///(app-pages-browser)/./lib/chat-transport.ts:41
[  160965ms] [LOG] [ChatTransport] responseHandler called, data: {"type":"delta","content":"购物","error":null,"message_id":"4d1e696e-827d-4a7c-a150-a9a9791a1190","conversation_id":null,"itinerary":null,"stage":null} @ webpack-internal:///(app-pages-browser)/./lib/chat-transport.ts:137
[  161076ms] [LOG] [ChatTransport] onmessage triggered, has currentResponseHandler: true @ webpack-internal:///(app-pages-browser)/./lib/chat-transport.ts:41
[  161076ms] [LOG] [ChatTransport] responseHandler called, data: {"type":"delta","content":"天堂","error":null,"message_id":"4d1e696e-827d-4a7c-a150-a9a9791a1190","conversation_id":null,"itinerary":null,"stage":null} @ webpack-internal:///(app-pages-browser)/./lib/chat-transport.ts:137
[  161077ms] [LOG] [ChatTransport] onmessage triggered, has currentResponseHandler: true @ webpack-internal:///(app-pages-browser)/./lib/chat-transport.ts:41
[  161077ms] [LOG] [ChatTransport] responseHandler called, data: {"type":"delta","content":"、","error":null,"message_id":"4d1e696e-827d-4a7c-a150-a9a9791a1190","conversation_id":null,"itinerary":null,"stage":null} @ webpack-internal:///(app-pages-browser)/./lib/chat-transport.ts:137
[  161097ms] [LOG] [ChatTransport] onmessage triggered, has currentResponseHandler: true @ webpack-internal:///(app-pages-browser)/./lib/chat-transport.ts:41
[  161097ms] [LOG] [ChatTransport] responseHandler called, data: {"type":"delta","content":"美食","error":null,"message_id":"4d1e696e-827d-4a7c-a150-a9a9791a1190","conversation_id":null,"itinerary":null,"stage":null} @ webpack-internal:///(app-pages-browser)/./lib/chat-transport.ts:137
[  161098ms] [LOG] [ChatTransport] onmessage triggered, has currentResponseHandler: true @ webpack-internal:///(app-pages-browser)/./lib/chat-transport.ts:41
[  161099ms] [LOG] [ChatTransport] responseHandler called, data: {"type":"delta","content":"之","error":null,"message_id":"4d1e696e-827d-4a7c-a150-a9a9791a1190","conversation_id":null,"itinerary":null,"stage":null} @ webpack-internal:///(app-pages-browser)/./lib/chat-transport.ts:137
[  161132ms] [LOG] [ChatTransport] onmessage triggered, has currentResponseHandler: true @ webpack-internal:///(app-pages-browser)/./lib/chat-transport.ts:41
[  161132ms] [LOG] [ChatTransport] responseHandler called, data: {"type":"delta","content":"都","error":null,"message_id":"4d1e696e-827d-4a7c-a150-a9a9791a1190","conversation_id":null,"itinerary":null,"stage":null} @ webpack-internal:///(app-pages-browser)/./lib/chat-transport.ts:137
[  161133ms] [LOG] [ChatTransport] onmessage triggered, has currentResponseHandler: true @ webpack-internal:///(app-pages-browser)/./lib/chat-transport.ts:41
[  161138ms] [LOG] [ChatTransport] responseHandler called, data: {"type":"delta","content":"\n","error":null,"message_id":"4d1e696e-827d-4a7c-a150-a9a9791a1190","conversation_id":null,"itinerary":null,"stage":null} @ webpack-internal:///(app-pages-browser)/./lib/chat-transport.ts:137
[  161148ms] [LOG] [ChatTransport] onmessage triggered, has currentResponseHandler: true @ webpack-internal:///(app-pages-browser)/./lib/chat-transport.ts:41
[  161148ms] [LOG] [ChatTransport] responseHandler called, data: {"type":"delta","content":"-","error":null,"message_id":"4d1e696e-827d-4a7c-a150-a9a9791a1190","conversation_id":null,"itinerary":null,"stage":null} @ webpack-internal:///(app-pages-browser)/./lib/chat-transport.ts:137
[  161152ms] [LOG] [ChatTransport] onmessage triggered, has currentResponseHandler: true @ webpack-internal:///(app-pages-browser)/./lib/chat-transport.ts:41
[  161152ms] [LOG] [ChatTransport] responseHandler called, data: {"type":"delta","content":" **","error":null,"message_id":"4d1e696e-827d-4a7c-a150-a9a9791a1190","conversation_id":null,"itinerary":null,"stage":null} @ webpack-internal:///(app-pages-browser)/./lib/chat-transport.ts:137
[  161250ms] [LOG] [ChatTransport] onmessage triggered, has currentResponseHandler: true @ webpack-internal:///(app-pages-browser)/./lib/chat-transport.ts:41
[  161250ms] [LOG] [ChatTransport] responseHandler called, data: {"type":"delta","content":"亮点","error":null,"message_id":"4d1e696e-827d-4a7c-a150-a9a9791a1190","conversation_id":null,"itinerary":null,"stage":null} @ webpack-internal:///(app-pages-browser)/./lib/chat-transport.ts:137
[  161282ms] [LOG] [ChatTransport] onmessage triggered, has currentResponseHandler: true @ webpack-internal:///(app-pages-browser)/./lib/chat-transport.ts:41
[  161283ms] [LOG] [ChatTransport] responseHandler called, data: {"type":"delta","content":"**","error":null,"message_id":"4d1e696e-827d-4a7c-a150-a9a9791a1190","conversation_id":null,"itinerary":null,"stage":null} @ webpack-internal:///(app-pages-browser)/./lib/chat-transport.ts:137
[  161317ms] [LOG] [ChatTransport] onmessage triggered, has currentResponseHandler: true @ webpack-internal:///(app-pages-browser)/./lib/chat-transport.ts:41
[  161317ms] [LOG] [ChatTransport] responseHandler called, data: {"type":"delta","content":"：","error":null,"message_id":"4d1e696e-827d-4a7c-a150-a9a9791a1190","conversation_id":null,"itinerary":null,"stage":null} @ webpack-internal:///(app-pages-browser)/./lib/chat-transport.ts:137
[  161318ms] [LOG] [ChatTransport] onmessage triggered, has currentResponseHandler: true @ webpack-internal:///(app-pages-browser)/./lib/chat-transport.ts:41
[  161319ms] [LOG] [ChatTransport] responseHandler called, data: {"type":"delta","content":"东京","error":null,"message_id":"4d1e696e-827d-4a7c-a150-a9a9791a1190","conversation_id":null,"itinerary":null,"stage":null} @ webpack-internal:///(app-pages-browser)/./lib/chat-transport.ts:137
[  161428ms] [LOG] [ChatTransport] onmessage triggered, has currentResponseHandler: true @ webpack-internal:///(app-pages-browser)/./lib/chat-transport.ts:41
[  161428ms] [LOG] [ChatTransport] responseHandler called, data: {"type":"delta","content":"塔","error":null,"message_id":"4d1e696e-827d-4a7c-a150-a9a9791a1190","conversation_id":null,"itinerary":null,"stage":null} @ webpack-internal:///(app-pages-browser)/./lib/chat-transport.ts:137
[  161466ms] [LOG] [ChatTransport] onmessage triggered, has currentResponseHandler: true @ webpack-internal:///(app-pages-browser)/./lib/chat-transport.ts:41
[  161466ms] [LOG] [ChatTransport] responseHandler called, data: {"type":"delta","content":"、","error":null,"message_id":"4d1e696e-827d-4a7c-a150-a9a9791a1190","conversation_id":null,"itinerary":null,"stage":null} @ webpack-internal:///(app-pages-browser)/./lib/chat-transport.ts:137
[  161467ms] [LOG] [ChatTransport] onmessage triggered, has currentResponseHandler: true @ webpack-internal:///(app-pages-browser)/./lib/chat-transport.ts:41
[  161467ms] [LOG] [ChatTransport] responseHandler called, data: {"type":"delta","content":"浅","error":null,"message_id":"4d1e696e-827d-4a7c-a150-a9a9791a1190","conversation_id":null,"itinerary":null,"stage":null} @ webpack-internal:///(app-pages-browser)/./lib/chat-transport.ts:137
[  161467ms] [LOG] [ChatTransport] onmessage triggered, has currentResponseHandler: true @ webpack-internal:///(app-pages-browser)/./lib/chat-transport.ts:41
[  161468ms] [LOG] [ChatTransport] responseHandler called, data: {"type":"delta","content":"草","error":null,"message_id":"4d1e696e-827d-4a7c-a150-a9a9791a1190","conversation_id":null,"itinerary":null,"stage":null} @ webpack-internal:///(app-pages-browser)/./lib/chat-transport.ts:137
[  161497ms] [LOG] [ChatTransport] onmessage triggered, has currentResponseHandler: true @ webpack-internal:///(app-pages-browser)/./lib/chat-transport.ts:41
[  161497ms] [LOG] [ChatTransport] responseHandler called, data: {"type":"delta","content":"寺","error":null,"message_id":"4d1e696e-827d-4a7c-a150-a9a9791a1190","conversation_id":null,"itinerary":null,"stage":null} @ webpack-internal:///(app-pages-browser)/./lib/chat-transport.ts:137
[  161498ms] [LOG] [ChatTransport] onmessage triggered, has currentResponseHandler: true @ webpack-internal:///(app-pages-browser)/./lib/chat-transport.ts:41
[  161498ms] [LOG] [ChatTransport] responseHandler called, data: {"type":"delta","content":"、","error":null,"message_id":"4d1e696e-827d-4a7c-a150-a9a9791a1190","conversation_id":null,"itinerary":null,"stage":null} @ webpack-internal:///(app-pages-browser)/./lib/chat-transport.ts:137
[  161528ms] [LOG] [ChatTransport] onmessage triggered, has currentResponseHandler: true @ webpack-internal:///(app-pages-browser)/./lib/chat-transport.ts:41
[  161529ms] [LOG] [ChatTransport] responseHandler called, data: {"type":"delta","content":"涩","error":null,"message_id":"4d1e696e-827d-4a7c-a150-a9a9791a1190","conversation_id":null,"itinerary":null,"stage":null} @ webpack-internal:///(app-pages-browser)/./lib/chat-transport.ts:137
[  161595ms] [LOG] [ChatTransport] onmessage triggered, has currentResponseHandler: true @ webpack-internal:///(app-pages-browser)/./lib/chat-transport.ts:41
[  161596ms] [LOG] [ChatTransport] responseHandler called, data: {"type":"delta","content":"谷","error":null,"message_id":"4d1e696e-827d-4a7c-a150-a9a9791a1190","conversation_id":null,"itinerary":null,"stage":null} @ webpack-internal:///(app-pages-browser)/./lib/chat-transport.ts:137
[  161634ms] [LOG] [ChatTransport] onmessage triggered, has currentResponseHandler: true @ webpack-internal:///(app-pages-browser)/./lib/chat-transport.ts:41
[  161634ms] [LOG] [ChatTransport] responseHandler called, data: {"type":"delta","content":"十字","error":null,"message_id":"4d1e696e-827d-4a7c-a150-a9a9791a1190","conversation_id":null,"itinerary":null,"stage":null} @ webpack-internal:///(app-pages-browser)/./lib/chat-transport.ts:137
[  161668ms] [LOG] [ChatTransport] onmessage triggered, has currentResponseHandler: true @ webpack-internal:///(app-pages-browser)/./lib/chat-transport.ts:41
[  161669ms] [LOG] [ChatTransport] responseHandler called, data: {"type":"delta","content":"路口","error":null,"message_id":"4d1e696e-827d-4a7c-a150-a9a9791a1190","conversation_id":null,"itinerary":null,"stage":null} @ webpack-internal:///(app-pages-browser)/./lib/chat-transport.ts:137
[  161700ms] [LOG] [ChatTransport] onmessage triggered, has currentResponseHandler: true @ webpack-internal:///(app-pages-browser)/./lib/chat-transport.ts:41
[  161700ms] [LOG] [ChatTransport] responseHandler called, data: {"type":"delta","content":"、","error":null,"message_id":"4d1e696e-827d-4a7c-a150-a9a9791a1190","conversation_id":null,"itinerary":null,"stage":null} @ webpack-internal:///(app-pages-browser)/./lib/chat-transport.ts:137
[  161737ms] [LOG] [ChatTransport] onmessage triggered, has currentResponseHandler: true @ webpack-internal:///(app-pages-browser)/./lib/chat-transport.ts:41
[  161738ms] [LOG] [ChatTransport] responseHandler called, data: {"type":"delta","content":"秋","error":null,"message_id":"4d1e696e-827d-4a7c-a150-a9a9791a1190","conversation_id":null,"itinerary":null,"stage":null} @ webpack-internal:///(app-pages-browser)/./lib/chat-transport.ts:137
[  161770ms] [LOG] [ChatTransport] onmessage triggered, has currentResponseHandler: true @ webpack-internal:///(app-pages-browser)/./lib/chat-transport.ts:41
[  161771ms] [LOG] [ChatTransport] responseHandler called, data: {"type":"delta","content":"叶","error":null,"message_id":"4d1e696e-827d-4a7c-a150-a9a9791a1190","conversation_id":null,"itinerary":null,"stage":null} @ webpack-internal:///(app-pages-browser)/./lib/chat-transport.ts:137
[  161904ms] [LOG] [ChatTransport] onmessage triggered, has currentResponseHandler: true @ webpack-internal:///(app-pages-browser)/./lib/chat-transport.ts:41
[  161904ms] [LOG] [ChatTransport] responseHandler called, data: {"type":"delta","content":"原","error":null,"message_id":"4d1e696e-827d-4a7c-a150-a9a9791a1190","conversation_id":null,"itinerary":null,"stage":null} @ webpack-internal:///(app-pages-browser)/./lib/chat-transport.ts:137
[  161928ms] [LOG] [ChatTransport] onmessage triggered, has currentResponseHandler: true @ webpack-internal:///(app-pages-browser)/./lib/chat-transport.ts:41
[  161928ms] [LOG] [ChatTransport] responseHandler called, data: {"type":"delta","content":"（","error":null,"message_id":"4d1e696e-827d-4a7c-a150-a9a9791a1190","conversation_id":null,"itinerary":null,"stage":null} @ webpack-internal:///(app-pages-browser)/./lib/chat-transport.ts:137
[  161955ms] [LOG] [ChatTransport] onmessage triggered, has currentResponseHandler: true @ webpack-internal:///(app-pages-browser)/./lib/chat-transport.ts:41
[  161955ms] [LOG] [ChatTransport] responseHandler called, data: {"type":"delta","content":"动漫","error":null,"message_id":"4d1e696e-827d-4a7c-a150-a9a9791a1190","conversation_id":null,"itinerary":null,"stage":null} @ webpack-internal:///(app-pages-browser)/./lib/chat-transport.ts:137
[  161956ms] [LOG] [ChatTransport] onmessage triggered, has currentResponseHandler: true @ webpack-internal:///(app-pages-browser)/./lib/chat-transport.ts:41
[  161956ms] [LOG] [ChatTransport] responseHandler called, data: {"type":"delta","content":"文化","error":null,"message_id":"4d1e696e-827d-4a7c-a150-a9a9791a1190","conversation_id":null,"itinerary":null,"stage":null} @ webpack-internal:///(app-pages-browser)/./lib/chat-transport.ts:137
[  161957ms] [LOG] [ChatTransport] onmessage triggered, has currentResponseHandler: true @ webpack-internal:///(app-pages-browser)/./lib/chat-transport.ts:41
[  161957ms] [LOG] [ChatTransport] responseHandler called, data: {"type":"delta","content":"）、","error":null,"message_id":"4d1e696e-827d-4a7c-a150-a9a9791a1190","conversation_id":null,"itinerary":null,"stage":null} @ webpack-internal:///(app-pages-browser)/./lib/chat-transport.ts:137
[  161958ms] [LOG] [ChatTransport] onmessage triggered, has currentResponseHandler: true @ webpack-internal:///(app-pages-browser)/./lib/chat-transport.ts:41
[  161958ms] [LOG] [ChatTransport] responseHandler called, data: {"type":"delta","content":"银","error":null,"message_id":"4d1e696e-827d-4a7c-a150-a9a9791a1190","conversation_id":null,"itinerary":null,"stage":null} @ webpack-internal:///(app-pages-browser)/./lib/chat-transport.ts:137
[  162017ms] [LOG] [ChatTransport] onmessage triggered, has currentResponseHandler: true @ webpack-internal:///(app-pages-browser)/./lib/chat-transport.ts:41
[  162018ms] [LOG] [ChatTransport] responseHandler called, data: {"type":"delta","content":"座","error":null,"message_id":"4d1e696e-827d-4a7c-a150-a9a9791a1190","conversation_id":null,"itinerary":null,"stage":null} @ webpack-internal:///(app-pages-browser)/./lib/chat-transport.ts:137
[  162047ms] [LOG] [ChatTransport] onmessage triggered, has currentResponseHandler: true @ webpack-internal:///(app-pages-browser)/./lib/chat-transport.ts:41
[  162048ms] [LOG] [ChatTransport] responseHandler called, data: {"type":"delta","content":"（","error":null,"message_id":"4d1e696e-827d-4a7c-a150-a9a9791a1190","conversation_id":null,"itinerary":null,"stage":null} @ webpack-internal:///(app-pages-browser)/./lib/chat-transport.ts:137
[  162076ms] [LOG] [ChatTransport] onmessage triggered, has currentResponseHandler: true @ webpack-internal:///(app-pages-browser)/./lib/chat-transport.ts:41
[  162076ms] [LOG] [ChatTransport] responseHandler called, data: {"type":"delta","content":"高端","error":null,"message_id":"4d1e696e-827d-4a7c-a150-a9a9791a1190","conversation_id":null,"itinerary":null,"stage":null} @ webpack-internal:///(app-pages-browser)/./lib/chat-transport.ts:137
[  162106ms] [LOG] [ChatTransport] onmessage triggered, has currentResponseHandler: true @ webpack-internal:///(app-pages-browser)/./lib/chat-transport.ts:41
[  162107ms] [LOG] [ChatTransport] responseHandler called, data: {"type":"delta","content":"购物","error":null,"message_id":"4d1e696e-827d-4a7c-a150-a9a9791a1190","conversation_id":null,"itinerary":null,"stage":null} @ webpack-internal:///(app-pages-browser)/./lib/chat-transport.ts:137
[  162140ms] [LOG] [ChatTransport] onmessage triggered, has currentResponseHandler: true @ webpack-internal:///(app-pages-browser)/./lib/chat-transport.ts:41
[  162140ms] [LOG] [ChatTransport] responseHandler called, data: {"type":"delta","content":"）\n","error":null,"message_id":"4d1e696e-827d-4a7c-a150-a9a9791a1190","conversation_id":null,"itinerary":null,"stage":null} @ webpack-internal:///(app-pages-browser)/./lib/chat-transport.ts:137
[  162159ms] [LOG] [ChatTransport] onmessage triggered, has currentResponseHandler: true @ webpack-internal:///(app-pages-browser)/./lib/chat-transport.ts:41
[  162159ms] [LOG] [ChatTransport] responseHandler called, data: {"type":"delta","content":"-","error":null,"message_id":"4d1e696e-827d-4a7c-a150-a9a9791a1190","conversation_id":null,"itinerary":null,"stage":null} @ webpack-internal:///(app-pages-browser)/./lib/chat-transport.ts:137
[  162167ms] [LOG] [ChatTransport] onmessage triggered, has currentResponseHandler: true @ webpack-internal:///(app-pages-browser)/./lib/chat-transport.ts:41
[  162168ms] [LOG] [ChatTransport] responseHandler called, data: {"type":"delta","content":" **","error":null,"message_id":"4d1e696e-827d-4a7c-a150-a9a9791a1190","conversation_id":null,"itinerary":null,"stage":null} @ webpack-internal:///(app-pages-browser)/./lib/chat-transport.ts:137
[  162212ms] [LOG] [ChatTransport] onmessage triggered, has currentResponseHandler: true @ webpack-internal:///(app-pages-browser)/./lib/chat-transport.ts:41
[  162213ms] [LOG] [ChatTransport] responseHandler called, data: {"type":"delta","content":"适合","error":null,"message_id":"4d1e696e-827d-4a7c-a150-a9a9791a1190","conversation_id":null,"itinerary":null,"stage":null} @ webpack-internal:///(app-pages-browser)/./lib/chat-transport.ts:137
[  162221ms] [LOG] [ChatTransport] onmessage triggered, has currentResponseHandler: true @ webpack-internal:///(app-pages-browser)/./lib/chat-transport.ts:41
[  162221ms] [LOG] [ChatTransport] responseHandler called, data: {"type":"delta","content":"**","error":null,"message_id":"4d1e696e-827d-4a7c-a150-a9a9791a1190","conversation_id":null,"itinerary":null,"stage":null} @ webpack-internal:///(app-pages-browser)/./lib/chat-transport.ts:137
[  162278ms] [LOG] [ChatTransport] onmessage triggered, has currentResponseHandler: true @ webpack-internal:///(app-pages-browser)/./lib/chat-transport.ts:41
[  162278ms] [LOG] [ChatTransport] responseHandler called, data: {"type":"delta","content":"：","error":null,"message_id":"4d1e696e-827d-4a7c-a150-a9a9791a1190","conversation_id":null,"itinerary":null,"stage":null} @ webpack-internal:///(app-pages-browser)/./lib/chat-transport.ts:137
[  162310ms] [LOG] [ChatTransport] onmessage triggered, has currentResponseHandler: true @ webpack-internal:///(app-pages-browser)/./lib/chat-transport.ts:41
[  162310ms] [LOG] [ChatTransport] responseHandler called, data: {"type":"delta","content":"首次","error":null,"message_id":"4d1e696e-827d-4a7c-a150-a9a9791a1190","conversation_id":null,"itinerary":null,"stage":null} @ webpack-internal:///(app-pages-browser)/./lib/chat-transport.ts:137
[  162341ms] [LOG] [ChatTransport] onmessage triggered, has currentResponseHandler: true @ webpack-internal:///(app-pages-browser)/./lib/chat-transport.ts:41
[  162341ms] [LOG] [ChatTransport] responseHandler called, data: {"type":"delta","content":"访","error":null,"message_id":"4d1e696e-827d-4a7c-a150-a9a9791a1190","conversation_id":null,"itinerary":null,"stage":null} @ webpack-internal:///(app-pages-browser)/./lib/chat-transport.ts:137
[  162394ms] [LOG] [ChatTransport] onmessage triggered, has currentResponseHandler: true @ webpack-internal:///(app-pages-browser)/./lib/chat-transport.ts:41
[  162395ms] [LOG] [ChatTransport] responseHandler called, data: {"type":"delta","content":"日","error":null,"message_id":"4d1e696e-827d-4a7c-a150-a9a9791a1190","conversation_id":null,"itinerary":null,"stage":null} @ webpack-internal:///(app-pages-browser)/./lib/chat-transport.ts:137
[  162428ms] [LOG] [ChatTransport] onmessage triggered, has currentResponseHandler: true @ webpack-internal:///(app-pages-browser)/./lib/chat-transport.ts:41
[  162429ms] [LOG] [ChatTransport] responseHandler called, data: {"type":"delta","content":"、","error":null,"message_id":"4d1e696e-827d-4a7c-a150-a9a9791a1190","conversation_id":null,"itinerary":null,"stage":null} @ webpack-internal:///(app-pages-browser)/./lib/chat-transport.ts:137
[  162468ms] [LOG] [ChatTransport] onmessage triggered, has currentResponseHandler: true @ webpack-internal:///(app-pages-browser)/./lib/chat-transport.ts:41
[  162468ms] [LOG] [ChatTransport] responseHandler called, data: {"type":"delta","content":"喜欢","error":null,"message_id":"4d1e696e-827d-4a7c-a150-a9a9791a1190","conversation_id":null,"itinerary":null,"stage":null} @ webpack-internal:///(app-pages-browser)/./lib/chat-transport.ts:137
[  162501ms] [LOG] [ChatTransport] onmessage triggered, has currentResponseHandler: true @ webpack-internal:///(app-pages-browser)/./lib/chat-transport.ts:41
[  162501ms] [LOG] [ChatTransport] responseHandler called, data: {"type":"delta","content":"都市","error":null,"message_id":"4d1e696e-827d-4a7c-a150-a9a9791a1190","conversation_id":null,"itinerary":null,"stage":null} @ webpack-internal:///(app-pages-browser)/./lib/chat-transport.ts:137
[  162546ms] [LOG] [ChatTransport] onmessage triggered, has currentResponseHandler: true @ webpack-internal:///(app-pages-browser)/./lib/chat-transport.ts:41
[  162547ms] [LOG] [ChatTransport] responseHandler called, data: {"type":"delta","content":"生活","error":null,"message_id":"4d1e696e-827d-4a7c-a150-a9a9791a1190","conversation_id":null,"itinerary":null,"stage":null} @ webpack-internal:///(app-pages-browser)/./lib/chat-transport.ts:137
[  162577ms] [LOG] [ChatTransport] onmessage triggered, has currentResponseHandler: true @ webpack-internal:///(app-pages-browser)/./lib/chat-transport.ts:41
[  162578ms] [LOG] [ChatTransport] responseHandler called, data: {"type":"delta","content":"、","error":null,"message_id":"4d1e696e-827d-4a7c-a150-a9a9791a1190","conversation_id":null,"itinerary":null,"stage":null} @ webpack-internal:///(app-pages-browser)/./lib/chat-transport.ts:137
[  162660ms] [LOG] [ChatTransport] onmessage triggered, has currentResponseHandler: true @ webpack-internal:///(app-pages-browser)/./lib/chat-transport.ts:41
[  162661ms] [LOG] [ChatTransport] responseHandler called, data: {"type":"delta","content":"购物","error":null,"message_id":"4d1e696e-827d-4a7c-a150-a9a9791a1190","conversation_id":null,"itinerary":null,"stage":null} @ webpack-internal:///(app-pages-browser)/./lib/chat-transport.ts:137
[  162689ms] [LOG] [ChatTransport] onmessage triggered, has currentResponseHandler: true @ webpack-internal:///(app-pages-browser)/./lib/chat-transport.ts:41
[  162689ms] [LOG] [ChatTransport] responseHandler called, data: {"type":"delta","content":"爱好者","error":null,"message_id":"4d1e696e-827d-4a7c-a150-a9a9791a1190","conversation_id":null,"itinerary":null,"stage":null} @ webpack-internal:///(app-pages-browser)/./lib/chat-transport.ts:137
[  162718ms] [LOG] [ChatTransport] onmessage triggered, has currentResponseHandler: true @ webpack-internal:///(app-pages-browser)/./lib/chat-transport.ts:41
[  162718ms] [LOG] [ChatTransport] responseHandler called, data: {"type":"delta","content":"\n\n","error":null,"message_id":"4d1e696e-827d-4a7c-a150-a9a9791a1190","conversation_id":null,"itinerary":null,"stage":null} @ webpack-internal:///(app-pages-browser)/./lib/chat-transport.ts:137
[  162955ms] [LOG] [ChatTransport] onmessage triggered, has currentResponseHandler: true @ webpack-internal:///(app-pages-browser)/./lib/chat-transport.ts:41
[  162955ms] [LOG] [ChatTransport] responseHandler called, data: {"type":"delta","content":"###","error":null,"message_id":"4d1e696e-827d-4a7c-a150-a9a9791a1190","conversation_id":null,"itinerary":null,"stage":null} @ webpack-internal:///(app-pages-browser)/./lib/chat-transport.ts:137
[  162988ms] [LOG] [ChatTransport] onmessage triggered, has currentResponseHandler: true @ webpack-internal:///(app-pages-browser)/./lib/chat-transport.ts:41
[  162989ms] [LOG] [ChatTransport] responseHandler called, data: {"type":"delta","content":" **","error":null,"message_id":"4d1e696e-827d-4a7c-a150-a9a9791a1190","conversation_id":null,"itinerary":null,"stage":null} @ webpack-internal:///(app-pages-browser)/./lib/chat-transport.ts:137
[  163020ms] [LOG] [ChatTransport] onmessage triggered, has currentResponseHandler: true @ webpack-internal:///(app-pages-browser)/./lib/chat-transport.ts:41
[  163020ms] [LOG] [ChatTransport] responseHandler called, data: {"type":"delta","content":"京都","error":null,"message_id":"4d1e696e-827d-4a7c-a150-a9a9791a1190","conversation_id":null,"itinerary":null,"stage":null} @ webpack-internal:///(app-pages-browser)/./lib/chat-transport.ts:137
[  163021ms] [LOG] [ChatTransport] onmessage triggered, has currentResponseHandler: true @ webpack-internal:///(app-pages-browser)/./lib/chat-transport.ts:41
[  163022ms] [LOG] [ChatTransport] responseHandler called, data: {"type":"delta","content":"**\n","error":null,"message_id":"4d1e696e-827d-4a7c-a150-a9a9791a1190","conversation_id":null,"itinerary":null,"stage":null} @ webpack-internal:///(app-pages-browser)/./lib/chat-transport.ts:137
[  163022ms] [LOG] [ChatTransport] onmessage triggered, has currentResponseHandler: true @ webpack-internal:///(app-pages-browser)/./lib/chat-transport.ts:41
[  163022ms] [LOG] [ChatTransport] responseHandler called, data: {"type":"delta","content":"-","error":null,"message_id":"4d1e696e-827d-4a7c-a150-a9a9791a1190","conversation_id":null,"itinerary":null,"stage":null} @ webpack-internal:///(app-pages-browser)/./lib/chat-transport.ts:137
[  163023ms] [LOG] [ChatTransport] onmessage triggered, has currentResponseHandler: true @ webpack-internal:///(app-pages-browser)/./lib/chat-transport.ts:41
[  163023ms] [LOG] [ChatTransport] responseHandler called, data: {"type":"delta","content":" **","error":null,"message_id":"4d1e696e-827d-4a7c-a150-a9a9791a1190","conversation_id":null,"itinerary":null,"stage":null} @ webpack-internal:///(app-pages-browser)/./lib/chat-transport.ts:137
[  163023ms] [LOG] [ChatTransport] onmessage triggered, has currentResponseHandler: true @ webpack-internal:///(app-pages-browser)/./lib/chat-transport.ts:41
[  163024ms] [LOG] [ChatTransport] responseHandler called, data: {"type":"delta","content":"特色","error":null,"message_id":"4d1e696e-827d-4a7c-a150-a9a9791a1190","conversation_id":null,"itinerary":null,"stage":null} @ webpack-internal:///(app-pages-browser)/./lib/chat-transport.ts:137
[  163024ms] [LOG] [ChatTransport] onmessage triggered, has currentResponseHandler: true @ webpack-internal:///(app-pages-browser)/./lib/chat-transport.ts:41
[  163024ms] [LOG] [ChatTransport] responseHandler called, data: {"type":"delta","content":"**","error":null,"message_id":"4d1e696e-827d-4a7c-a150-a9a9791a1190","conversation_id":null,"itinerary":null,"stage":null} @ webpack-internal:///(app-pages-browser)/./lib/chat-transport.ts:137
[  163056ms] [LOG] [ChatTransport] onmessage triggered, has currentResponseHandler: true @ webpack-internal:///(app-pages-browser)/./lib/chat-transport.ts:41
[  163056ms] [LOG] [ChatTransport] responseHandler called, data: {"type":"delta","content":"：","error":null,"message_id":"4d1e696e-827d-4a7c-a150-a9a9791a1190","conversation_id":null,"itinerary":null,"stage":null} @ webpack-internal:///(app-pages-browser)/./lib/chat-transport.ts:137
[  163089ms] [LOG] [ChatTransport] onmessage triggered, has currentResponseHandler: true @ webpack-internal:///(app-pages-browser)/./lib/chat-transport.ts:41
[  163089ms] [LOG] [ChatTransport] responseHandler called, data: {"type":"delta","content":"日本","error":null,"message_id":"4d1e696e-827d-4a7c-a150-a9a9791a1190","conversation_id":null,"itinerary":null,"stage":null} @ webpack-internal:///(app-pages-browser)/./lib/chat-transport.ts:137
[  163119ms] [LOG] [ChatTransport] onmessage triggered, has currentResponseHandler: true @ webpack-internal:///(app-pages-browser)/./lib/chat-transport.ts:41
[  163120ms] [LOG] [ChatTransport] responseHandler called, data: {"type":"delta","content":"传统文化","error":null,"message_id":"4d1e696e-827d-4a7c-a150-a9a9791a1190","conversation_id":null,"itinerary":null,"stage":null} @ webpack-internal:///(app-pages-browser)/./lib/chat-transport.ts:137
[  163121ms] [LOG] [ChatTransport] onmessage triggered, has currentResponseHandler: true @ webpack-internal:///(app-pages-browser)/./lib/chat-transport.ts:41
[  163121ms] [LOG] [ChatTransport] responseHandler called, data: {"type":"delta","content":"之","error":null,"message_id":"4d1e696e-827d-4a7c-a150-a9a9791a1190","conversation_id":null,"itinerary":null,"stage":null} @ webpack-internal:///(app-pages-browser)/./lib/chat-transport.ts:137
[  163149ms] [LOG] [ChatTransport] onmessage triggered, has currentResponseHandler: true @ webpack-internal:///(app-pages-browser)/./lib/chat-transport.ts:41
[  163150ms] [LOG] [ChatTransport] responseHandler called, data: {"type":"delta","content":"都","error":null,"message_id":"4d1e696e-827d-4a7c-a150-a9a9791a1190","conversation_id":null,"itinerary":null,"stage":null} @ webpack-internal:///(app-pages-browser)/./lib/chat-transport.ts:137
[  163179ms] [LOG] [ChatTransport] onmessage triggered, has currentResponseHandler: true @ webpack-internal:///(app-pages-browser)/./lib/chat-transport.ts:41
[  163180ms] [LOG] [ChatTransport] responseHandler called, data: {"type":"delta","content":"、","error":null,"message_id":"4d1e696e-827d-4a7c-a150-a9a9791a1190","conversation_id":null,"itinerary":null,"stage":null} @ webpack-internal:///(app-pages-browser)/./lib/chat-transport.ts:137
[  163209ms] [LOG] [ChatTransport] onmessage triggered, has currentResponseHandler: true @ webpack-internal:///(app-pages-browser)/./lib/chat-transport.ts:41
[  163209ms] [LOG] [ChatTransport] responseHandler called, data: {"type":"delta","content":"千年","error":null,"message_id":"4d1e696e-827d-4a7c-a150-a9a9791a1190","conversation_id":null,"itinerary":null,"stage":null} @ webpack-internal:///(app-pages-browser)/./lib/chat-transport.ts:137
[  163233ms] [LOG] [ChatTransport] onmessage triggered, has currentResponseHandler: true @ webpack-internal:///(app-pages-browser)/./lib/chat-transport.ts:41
[  163234ms] [LOG] [ChatTransport] responseHandler called, data: {"type":"delta","content":"古","error":null,"message_id":"4d1e696e-827d-4a7c-a150-a9a9791a1190","conversation_id":null,"itinerary":null,"stage":null} @ webpack-internal:///(app-pages-browser)/./lib/chat-transport.ts:137
[  163267ms] [LOG] [ChatTransport] onmessage triggered, has currentResponseHandler: true @ webpack-internal:///(app-pages-browser)/./lib/chat-transport.ts:41
[  163267ms] [LOG] [ChatTransport] responseHandler called, data: {"type":"delta","content":"都","error":null,"message_id":"4d1e696e-827d-4a7c-a150-a9a9791a1190","conversation_id":null,"itinerary":null,"stage":null} @ webpack-internal:///(app-pages-browser)/./lib/chat-transport.ts:137
[  163272ms] [LOG] [ChatTransport] onmessage triggered, has currentResponseHandler: true @ webpack-internal:///(app-pages-browser)/./lib/chat-transport.ts:41
[  163272ms] [LOG] [ChatTransport] responseHandler called, data: {"type":"delta","content":"\n","error":null,"message_id":"4d1e696e-827d-4a7c-a150-a9a9791a1190","conversation_id":null,"itinerary":null,"stage":null} @ webpack-internal:///(app-pages-browser)/./lib/chat-transport.ts:137
[  163354ms] [LOG] [ChatTransport] onmessage triggered, has currentResponseHandler: true @ webpack-internal:///(app-pages-browser)/./lib/chat-transport.ts:41
[  163354ms] [LOG] [ChatTransport] responseHandler called, data: {"type":"delta","content":"-","error":null,"message_id":"4d1e696e-827d-4a7c-a150-a9a9791a1190","conversation_id":null,"itinerary":null,"stage":null} @ webpack-internal:///(app-pages-browser)/./lib/chat-transport.ts:137
[  163377ms] [LOG] [ChatTransport] onmessage triggered, has currentResponseHandler: true @ webpack-internal:///(app-pages-browser)/./lib/chat-transport.ts:41
[  163378ms] [LOG] [ChatTransport] responseHandler called, data: {"type":"delta","content":" **","error":null,"message_id":"4d1e696e-827d-4a7c-a150-a9a9791a1190","conversation_id":null,"itinerary":null,"stage":null} @ webpack-internal:///(app-pages-browser)/./lib/chat-transport.ts:137
[  163398ms] [LOG] [ChatTransport] onmessage triggered, has currentResponseHandler: true @ webpack-internal:///(app-pages-browser)/./lib/chat-transport.ts:41
[  163398ms] [LOG] [ChatTransport] responseHandler called, data: {"type":"delta","content":"亮点","error":null,"message_id":"4d1e696e-827d-4a7c-a150-a9a9791a1190","conversation_id":null,"itinerary":null,"stage":null} @ webpack-internal:///(app-pages-browser)/./lib/chat-transport.ts:137
[  163424ms] [LOG] [ChatTransport] onmessage triggered, has currentResponseHandler: true @ webpack-internal:///(app-pages-browser)/./lib/chat-transport.ts:41
[  163425ms] [LOG] [ChatTransport] responseHandler called, data: {"type":"delta","content":"**","error":null,"message_id":"4d1e696e-827d-4a7c-a150-a9a9791a1190","conversation_id":null,"itinerary":null,"stage":null} @ webpack-internal:///(app-pages-browser)/./lib/chat-transport.ts:137
[  163458ms] [LOG] [ChatTransport] onmessage triggered, has currentResponseHandler: true @ webpack-internal:///(app-pages-browser)/./lib/chat-transport.ts:41
[  163458ms] [LOG] [ChatTransport] responseHandler called, data: {"type":"delta","content":"：","error":null,"message_id":"4d1e696e-827d-4a7c-a150-a9a9791a1190","conversation_id":null,"itinerary":null,"stage":null} @ webpack-internal:///(app-pages-browser)/./lib/chat-transport.ts:137
[  163478ms] [LOG] [ChatTransport] onmessage triggered, has currentResponseHandler: true @ webpack-internal:///(app-pages-browser)/./lib/chat-transport.ts:41
[  163479ms] [LOG] [ChatTransport] responseHandler called, data: {"type":"delta","content":"伏","error":null,"message_id":"4d1e696e-827d-4a7c-a150-a9a9791a1190","conversation_id":null,"itinerary":null,"stage":null} @ webpack-internal:///(app-pages-browser)/./lib/chat-transport.ts:137
[  163517ms] [LOG] [ChatTransport] onmessage triggered, has currentResponseHandler: true @ webpack-internal:///(app-pages-browser)/./lib/chat-transport.ts:41
[  163518ms] [LOG] [ChatTransport] responseHandler called, data: {"type":"delta","content":"见","error":null,"message_id":"4d1e696e-827d-4a7c-a150-a9a9791a1190","conversation_id":null,"itinerary":null,"stage":null} @ webpack-internal:///(app-pages-browser)/./lib/chat-transport.ts:137
[  163543ms] [LOG] [ChatTransport] onmessage triggered, has currentResponseHandler: true @ webpack-internal:///(app-pages-browser)/./lib/chat-transport.ts:41
[  163543ms] [LOG] [ChatTransport] responseHandler called, data: {"type":"delta","content":"稻","error":null,"message_id":"4d1e696e-827d-4a7c-a150-a9a9791a1190","conversation_id":null,"itinerary":null,"stage":null} @ webpack-internal:///(app-pages-browser)/./lib/chat-transport.ts:137
[  163588ms] [LOG] [ChatTransport] onmessage triggered, has currentResponseHandler: true @ webpack-internal:///(app-pages-browser)/./lib/chat-transport.ts:41
[  163589ms] [LOG] [ChatTransport] responseHandler called, data: {"type":"delta","content":"荷","error":null,"message_id":"4d1e696e-827d-4a7c-a150-a9a9791a1190","conversation_id":null,"itinerary":null,"stage":null} @ webpack-internal:///(app-pages-browser)/./lib/chat-transport.ts:137
[  163620ms] [LOG] [ChatTransport] onmessage triggered, has currentResponseHandler: true @ webpack-internal:///(app-pages-browser)/./lib/chat-transport.ts:41
[  163620ms] [LOG] [ChatTransport] responseHandler called, data: {"type":"delta","content":"大","error":null,"message_id":"4d1e696e-827d-4a7c-a150-a9a9791a1190","conversation_id":null,"itinerary":null,"stage":null} @ webpack-internal:///(app-pages-browser)/./lib/chat-transport.ts:137
[  163694ms] [LOG] [ChatTransport] onmessage triggered, has currentResponseHandler: true @ webpack-internal:///(app-pages-browser)/./lib/chat-transport.ts:41
[  163695ms] [LOG] [ChatTransport] responseHandler called, data: {"type":"delta","content":"社","error":null,"message_id":"4d1e696e-827d-4a7c-a150-a9a9791a1190","conversation_id":null,"itinerary":null,"stage":null} @ webpack-internal:///(app-pages-browser)/./lib/chat-transport.ts:137
[  163721ms] [LOG] [ChatTransport] onmessage triggered, has currentResponseHandler: true @ webpack-internal:///(app-pages-browser)/./lib/chat-transport.ts:41
[  163722ms] [LOG] [ChatTransport] responseHandler called, data: {"type":"delta","content":"的","error":null,"message_id":"4d1e696e-827d-4a7c-a150-a9a9791a1190","conversation_id":null,"itinerary":null,"stage":null} @ webpack-internal:///(app-pages-browser)/./lib/chat-transport.ts:137
[  163750ms] [LOG] [ChatTransport] onmessage triggered, has currentResponseHandler: true @ webpack-internal:///(app-pages-browser)/./lib/chat-transport.ts:41
[  163751ms] [LOG] [ChatTransport] responseHandler called, data: {"type":"delta","content":"千","error":null,"message_id":"4d1e696e-827d-4a7c-a150-a9a9791a1190","conversation_id":null,"itinerary":null,"stage":null} @ webpack-internal:///(app-pages-browser)/./lib/chat-transport.ts:137
[  163751ms] [LOG] [ChatTransport] onmessage triggered, has currentResponseHandler: true @ webpack-internal:///(app-pages-browser)/./lib/chat-transport.ts:41
[  163754ms] [LOG] [ChatTransport] responseHandler called, data: {"type":"delta","content":"本","error":null,"message_id":"4d1e696e-827d-4a7c-a150-a9a9791a1190","conversation_id":null,"itinerary":null,"stage":null} @ webpack-internal:///(app-pages-browser)/./lib/chat-transport.ts:137
[  163795ms] [LOG] [ChatTransport] onmessage triggered, has currentResponseHandler: true @ webpack-internal:///(app-pages-browser)/./lib/chat-transport.ts:41
[  163796ms] [LOG] [ChatTransport] responseHandler called, data: {"type":"delta","content":"鸟","error":null,"message_id":"4d1e696e-827d-4a7c-a150-a9a9791a1190","conversation_id":null,"itinerary":null,"stage":null} @ webpack-internal:///(app-pages-browser)/./lib/chat-transport.ts:137
[  163836ms] [LOG] [ChatTransport] onmessage triggered, has currentResponseHandler: true @ webpack-internal:///(app-pages-browser)/./lib/chat-transport.ts:41
[  163837ms] [LOG] [ChatTransport] responseHandler called, data: {"type":"delta","content":"居","error":null,"message_id":"4d1e696e-827d-4a7c-a150-a9a9791a1190","conversation_id":null,"itinerary":null,"stage":null} @ webpack-internal:///(app-pages-browser)/./lib/chat-transport.ts:137
[  163882ms] [LOG] [ChatTransport] onmessage triggered, has currentResponseHandler: true @ webpack-internal:///(app-pages-browser)/./lib/chat-transport.ts:41
[  163882ms] [LOG] [ChatTransport] responseHandler called, data: {"type":"delta","content":"、","error":null,"message_id":"4d1e696e-827d-4a7c-a150-a9a9791a1190","conversation_id":null,"itinerary":null,"stage":null} @ webpack-internal:///(app-pages-browser)/./lib/chat-transport.ts:137
[  163922ms] [LOG] [ChatTransport] onmessage triggered, has currentResponseHandler: true @ webpack-internal:///(app-pages-browser)/./lib/chat-transport.ts:41
[  163922ms] [LOG] [ChatTransport] responseHandler called, data: {"type":"delta","content":"金","error":null,"message_id":"4d1e696e-827d-4a7c-a150-a9a9791a1190","conversation_id":null,"itinerary":null,"stage":null} @ webpack-internal:///(app-pages-browser)/./lib/chat-transport.ts:137
[  163959ms] [LOG] [ChatTransport] onmessage triggered, has currentResponseHandler: true @ webpack-internal:///(app-pages-browser)/./lib/chat-transport.ts:41
[  163959ms] [LOG] [ChatTransport] responseHandler called, data: {"type":"delta","content":"阁","error":null,"message_id":"4d1e696e-827d-4a7c-a150-a9a9791a1190","conversation_id":null,"itinerary":null,"stage":null} @ webpack-internal:///(app-pages-browser)/./lib/chat-transport.ts:137
[  163960ms] [LOG] [ChatTransport] onmessage triggered, has currentResponseHandler: true @ webpack-internal:///(app-pages-browser)/./lib/chat-transport.ts:41
[  163960ms] [LOG] [ChatTransport] responseHandler called, data: {"type":"delta","content":"寺","error":null,"message_id":"4d1e696e-827d-4a7c-a150-a9a9791a1190","conversation_id":null,"itinerary":null,"stage":null} @ webpack-internal:///(app-pages-browser)/./lib/chat-transport.ts:137
[  164067ms] [LOG] [ChatTransport] onmessage triggered, has currentResponseHandler: true @ webpack-internal:///(app-pages-browser)/./lib/chat-transport.ts:41
[  164068ms] [LOG] [ChatTransport] responseHandler called, data: {"type":"delta","content":"、","error":null,"message_id":"4d1e696e-827d-4a7c-a150-a9a9791a1190","conversation_id":null,"itinerary":null,"stage":null} @ webpack-internal:///(app-pages-browser)/./lib/chat-transport.ts:137
[  164097ms] [LOG] [ChatTransport] onmessage triggered, has currentResponseHandler: true @ webpack-internal:///(app-pages-browser)/./lib/chat-transport.ts:41
[  164097ms] [LOG] [ChatTransport] responseHandler called, data: {"type":"delta","content":"清水","error":null,"message_id":"4d1e696e-827d-4a7c-a150-a9a9791a1190","conversation_id":null,"itinerary":null,"stage":null} @ webpack-internal:///(app-pages-browser)/./lib/chat-transport.ts:137
[  164124ms] [LOG] [ChatTransport] onmessage triggered, has currentResponseHandler: true @ webpack-internal:///(app-pages-browser)/./lib/chat-transport.ts:41
[  164125ms] [LOG] [ChatTransport] responseHandler called, data: {"type":"delta","content":"寺","error":null,"message_id":"4d1e696e-827d-4a7c-a150-a9a9791a1190","conversation_id":null,"itinerary":null,"stage":null} @ webpack-internal:///(app-pages-browser)/./lib/chat-transport.ts:137
[  164125ms] [LOG] [ChatTransport] onmessage triggered, has currentResponseHandler: true @ webpack-internal:///(app-pages-browser)/./lib/chat-transport.ts:41
[  164126ms] [LOG] [ChatTransport] responseHandler called, data: {"type":"delta","content":"、","error":null,"message_id":"4d1e696e-827d-4a7c-a150-a9a9791a1190","conversation_id":null,"itinerary":null,"stage":null} @ webpack-internal:///(app-pages-browser)/./lib/chat-transport.ts:137
[  164126ms] [LOG] [ChatTransport] onmessage triggered, has currentResponseHandler: true @ webpack-internal:///(app-pages-browser)/./lib/chat-transport.ts:41
[  164126ms] [LOG] [ChatTransport] responseHandler called, data: {"type":"delta","content":"祇","error":null,"message_id":"4d1e696e-827d-4a7c-a150-a9a9791a1190","conversation_id":null,"itinerary":null,"stage":null} @ webpack-internal:///(app-pages-browser)/./lib/chat-transport.ts:137
[  164162ms] [LOG] [ChatTransport] onmessage triggered, has currentResponseHandler: true @ webpack-internal:///(app-pages-browser)/./lib/chat-transport.ts:41
[  164163ms] [LOG] [ChatTransport] responseHandler called, data: {"type":"delta","content":"园","error":null,"message_id":"4d1e696e-827d-4a7c-a150-a9a9791a1190","conversation_id":null,"itinerary":null,"stage":null} @ webpack-internal:///(app-pages-browser)/./lib/chat-transport.ts:137
[  164169ms] [LOG] [ChatTransport] onmessage triggered, has currentResponseHandler: true @ webpack-internal:///(app-pages-browser)/./lib/chat-transport.ts:41
[  164169ms] [LOG] [ChatTransport] responseHandler called, data: {"type":"delta","content":"（","error":null,"message_id":"4d1e696e-827d-4a7c-a150-a9a9791a1190","conversation_id":null,"itinerary":null,"stage":null} @ webpack-internal:///(app-pages-browser)/./lib/chat-transport.ts:137
[  164226ms] [LOG] [ChatTransport] onmessage triggered, has currentResponseHandler: true @ webpack-internal:///(app-pages-browser)/./lib/chat-transport.ts:41
[  164226ms] [LOG] [ChatTransport] responseHandler called, data: {"type":"delta","content":"艺","error":null,"message_id":"4d1e696e-827d-4a7c-a150-a9a9791a1190","conversation_id":null,"itinerary":null,"stage":null} @ webpack-internal:///(app-pages-browser)/./lib/chat-transport.ts:137
[  164277ms] [LOG] [ChatTransport] onmessage triggered, has currentResponseHandler: true @ webpack-internal:///(app-pages-browser)/./lib/chat-transport.ts:41
[  164277ms] [LOG] [ChatTransport] responseHandler called, data: {"type":"delta","content":"妓","error":null,"message_id":"4d1e696e-827d-4a7c-a150-a9a9791a1190","conversation_id":null,"itinerary":null,"stage":null} @ webpack-internal:///(app-pages-browser)/./lib/chat-transport.ts:137
[  164330ms] [LOG] [ChatTransport] onmessage triggered, has currentResponseHandler: true @ webpack-internal:///(app-pages-browser)/./lib/chat-transport.ts:41
[  164331ms] [LOG] [ChatTransport] responseHandler called, data: {"type":"delta","content":"文化","error":null,"message_id":"4d1e696e-827d-4a7c-a150-a9a9791a1190","conversation_id":null,"itinerary":null,"stage":null} @ webpack-internal:///(app-pages-browser)/./lib/chat-transport.ts:137
[  164339ms] [LOG] [ChatTransport] onmessage triggered, has currentResponseHandler: true @ webpack-internal:///(app-pages-browser)/./lib/chat-transport.ts:41
[  164339ms] [LOG] [ChatTransport] responseHandler called, data: {"type":"delta","content":"）\n","error":null,"message_id":"4d1e696e-827d-4a7c-a150-a9a9791a1190","conversation_id":null,"itinerary":null,"stage":null} @ webpack-internal:///(app-pages-browser)/./lib/chat-transport.ts:137
[  164469ms] [LOG] [ChatTransport] onmessage triggered, has currentResponseHandler: true @ webpack-internal:///(app-pages-browser)/./lib/chat-transport.ts:41
[  164469ms] [LOG] [ChatTransport] responseHandler called, data: {"type":"delta","content":"-","error":null,"message_id":"4d1e696e-827d-4a7c-a150-a9a9791a1190","conversation_id":null,"itinerary":null,"stage":null} @ webpack-internal:///(app-pages-browser)/./lib/chat-transport.ts:137
[  164499ms] [LOG] [ChatTransport] onmessage triggered, has currentResponseHandler: true @ webpack-internal:///(app-pages-browser)/./lib/chat-transport.ts:41
[  164499ms] [LOG] [ChatTransport] responseHandler called, data: {"type":"delta","content":" **","error":null,"message_id":"4d1e696e-827d-4a7c-a150-a9a9791a1190","conversation_id":null,"itinerary":null,"stage":null} @ webpack-internal:///(app-pages-browser)/./lib/chat-transport.ts:137
[  164500ms] [LOG] [ChatTransport] onmessage triggered, has currentResponseHandler: true @ webpack-internal:///(app-pages-browser)/./lib/chat-transport.ts:41
[  164500ms] [LOG] [ChatTransport] responseHandler called, data: {"type":"delta","content":"适合","error":null,"message_id":"4d1e696e-827d-4a7c-a150-a9a9791a1190","conversation_id":null,"itinerary":null,"stage":null} @ webpack-internal:///(app-pages-browser)/./lib/chat-transport.ts:137
[  164501ms] [LOG] [ChatTransport] onmessage triggered, has currentResponseHandler: true @ webpack-internal:///(app-pages-browser)/./lib/chat-transport.ts:41
[  164501ms] [LOG] [ChatTransport] responseHandler called, data: {"type":"delta","content":"**","error":null,"message_id":"4d1e696e-827d-4a7c-a150-a9a9791a1190","conversation_id":null,"itinerary":null,"stage":null} @ webpack-internal:///(app-pages-browser)/./lib/chat-transport.ts:137
[  164529ms] [LOG] [ChatTransport] onmessage triggered, has currentResponseHandler: true @ webpack-internal:///(app-pages-browser)/./lib/chat-transport.ts:41
[  164530ms] [LOG] [ChatTransport] responseHandler called, data: {"type":"delta","content":"：","error":null,"message_id":"4d1e696e-827d-4a7c-a150-a9a9791a1190","conversation_id":null,"itinerary":null,"stage":null} @ webpack-internal:///(app-pages-browser)/./lib/chat-transport.ts:137
[  164561ms] [LOG] [ChatTransport] onmessage triggered, has currentResponseHandler: true @ webpack-internal:///(app-pages-browser)/./lib/chat-transport.ts:41
[  164561ms] [LOG] [ChatTransport] responseHandler called, data: {"type":"delta","content":"文化","error":null,"message_id":"4d1e696e-827d-4a7c-a150-a9a9791a1190","conversation_id":null,"itinerary":null,"stage":null} @ webpack-internal:///(app-pages-browser)/./lib/chat-transport.ts:137
[  164591ms] [LOG] [ChatTransport] onmessage triggered, has currentResponseHandler: true @ webpack-internal:///(app-pages-browser)/./lib/chat-transport.ts:41
[  164592ms] [LOG] [ChatTransport] responseHandler called, data: {"type":"delta","content":"爱好者","error":null,"message_id":"4d1e696e-827d-4a7c-a150-a9a9791a1190","conversation_id":null,"itinerary":null,"stage":null} @ webpack-internal:///(app-pages-browser)/./lib/chat-transport.ts:137
[  164621ms] [LOG] [ChatTransport] onmessage triggered, has currentResponseHandler: true @ webpack-internal:///(app-pages-browser)/./lib/chat-transport.ts:41
[  164621ms] [LOG] [ChatTransport] responseHandler called, data: {"type":"delta","content":"、","error":null,"message_id":"4d1e696e-827d-4a7c-a150-a9a9791a1190","conversation_id":null,"itinerary":null,"stage":null} @ webpack-internal:///(app-pages-browser)/./lib/chat-transport.ts:137
[  164661ms] [LOG] [ChatTransport] onmessage triggered, has currentResponseHandler: true @ webpack-internal:///(app-pages-browser)/./lib/chat-transport.ts:41
[  164662ms] [LOG] [ChatTransport] responseHandler called, data: {"type":"delta","content":"历史","error":null,"message_id":"4d1e696e-827d-4a7c-a150-a9a9791a1190","conversation_id":null,"itinerary":null,"stage":null} @ webpack-internal:///(app-pages-browser)/./lib/chat-transport.ts:137
[  164692ms] [LOG] [ChatTransport] onmessage triggered, has currentResponseHandler: true @ webpack-internal:///(app-pages-browser)/./lib/chat-transport.ts:41
[  164692ms] [LOG] [ChatTransport] responseHandler called, data: {"type":"delta","content":"迷","error":null,"message_id":"4d1e696e-827d-4a7c-a150-a9a9791a1190","conversation_id":null,"itinerary":null,"stage":null} @ webpack-internal:///(app-pages-browser)/./lib/chat-transport.ts:137
[  164721ms] [LOG] [ChatTransport] onmessage triggered, has currentResponseHandler: true @ webpack-internal:///(app-pages-browser)/./lib/chat-transport.ts:41
[  164722ms] [LOG] [ChatTransport] responseHandler called, data: {"type":"delta","content":"、","error":null,"message_id":"4d1e696e-827d-4a7c-a150-a9a9791a1190","conversation_id":null,"itinerary":null,"stage":null} @ webpack-internal:///(app-pages-browser)/./lib/chat-transport.ts:137
[  164750ms] [LOG] [ChatTransport] onmessage triggered, has currentResponseHandler: true @ webpack-internal:///(app-pages-browser)/./lib/chat-transport.ts:41
[  164751ms] [LOG] [ChatTransport] responseHandler called, data: {"type":"delta","content":"喜欢","error":null,"message_id":"4d1e696e-827d-4a7c-a150-a9a9791a1190","conversation_id":null,"itinerary":null,"stage":null} @ webpack-internal:///(app-pages-browser)/./lib/chat-transport.ts:137
[  164824ms] [LOG] [ChatTransport] onmessage triggered, has currentResponseHandler: true @ webpack-internal:///(app-pages-browser)/./lib/chat-transport.ts:41
[  164825ms] [LOG] [ChatTransport] responseHandler called, data: {"type":"delta","content":"传统","error":null,"message_id":"4d1e696e-827d-4a7c-a150-a9a9791a1190","conversation_id":null,"itinerary":null,"stage":null} @ webpack-internal:///(app-pages-browser)/./lib/chat-transport.ts:137
[  164853ms] [LOG] [ChatTransport] onmessage triggered, has currentResponseHandler: true @ webpack-internal:///(app-pages-browser)/./lib/chat-transport.ts:41
[  164854ms] [LOG] [ChatTransport] responseHandler called, data: {"type":"delta","content":"建筑","error":null,"message_id":"4d1e696e-827d-4a7c-a150-a9a9791a1190","conversation_id":null,"itinerary":null,"stage":null} @ webpack-internal:///(app-pages-browser)/./lib/chat-transport.ts:137
[  164854ms] [LOG] [ChatTransport] onmessage triggered, has currentResponseHandler: true @ webpack-internal:///(app-pages-browser)/./lib/chat-transport.ts:41
[  164855ms] [LOG] [ChatTransport] responseHandler called, data: {"type":"delta","content":"\n\n","error":null,"message_id":"4d1e696e-827d-4a7c-a150-a9a9791a1190","conversation_id":null,"itinerary":null,"stage":null} @ webpack-internal:///(app-pages-browser)/./lib/chat-transport.ts:137
[  164856ms] [LOG] [ChatTransport] onmessage triggered, has currentResponseHandler: true @ webpack-internal:///(app-pages-browser)/./lib/chat-transport.ts:41
[  164856ms] [LOG] [ChatTransport] responseHandler called, data: {"type":"delta","content":"###","error":null,"message_id":"4d1e696e-827d-4a7c-a150-a9a9791a1190","conversation_id":null,"itinerary":null,"stage":null} @ webpack-internal:///(app-pages-browser)/./lib/chat-transport.ts:137
[  164888ms] [LOG] [ChatTransport] onmessage triggered, has currentResponseHandler: true @ webpack-internal:///(app-pages-browser)/./lib/chat-transport.ts:41
[  164888ms] [LOG] [ChatTransport] responseHandler called, data: {"type":"delta","content":" **","error":null,"message_id":"4d1e696e-827d-4a7c-a150-a9a9791a1190","conversation_id":null,"itinerary":null,"stage":null} @ webpack-internal:///(app-pages-browser)/./lib/chat-transport.ts:137
[  164918ms] [LOG] [ChatTransport] onmessage triggered, has currentResponseHandler: true @ webpack-internal:///(app-pages-browser)/./lib/chat-transport.ts:41
[  164919ms] [LOG] [ChatTransport] responseHandler called, data: {"type":"delta","content":"大阪","error":null,"message_id":"4d1e696e-827d-4a7c-a150-a9a9791a1190","conversation_id":null,"itinerary":null,"stage":null} @ webpack-internal:///(app-pages-browser)/./lib/chat-transport.ts:137
[  164954ms] [LOG] [ChatTransport] onmessage triggered, has currentResponseHandler: true @ webpack-internal:///(app-pages-browser)/./lib/chat-transport.ts:41
[  164954ms] [LOG] [ChatTransport] responseHandler called, data: {"type":"delta","content":"**\n","error":null,"message_id":"4d1e696e-827d-4a7c-a150-a9a9791a1190","conversation_id":null,"itinerary":null,"stage":null} @ webpack-internal:///(app-pages-browser)/./lib/chat-transport.ts:137
[  164982ms] [LOG] [ChatTransport] onmessage triggered, has currentResponseHandler: true @ webpack-internal:///(app-pages-browser)/./lib/chat-transport.ts:41
[  164983ms] [LOG] [ChatTransport] responseHandler called, data: {"type":"delta","content":"-","error":null,"message_id":"4d1e696e-827d-4a7c-a150-a9a9791a1190","conversation_id":null,"itinerary":null,"stage":null} @ webpack-internal:///(app-pages-browser)/./lib/chat-transport.ts:137
[  165012ms] [LOG] [ChatTransport] onmessage triggered, has currentResponseHandler: true @ webpack-internal:///(app-pages-browser)/./lib/chat-transport.ts:41
[  165012ms] [LOG] [ChatTransport] responseHandler called, data: {"type":"delta","content":" **","error":null,"message_id":"4d1e696e-827d-4a7c-a150-a9a9791a1190","conversation_id":null,"itinerary":null,"stage":null} @ webpack-internal:///(app-pages-browser)/./lib/chat-transport.ts:137
[  165043ms] [LOG] [ChatTransport] onmessage triggered, has currentResponseHandler: true @ webpack-internal:///(app-pages-browser)/./lib/chat-transport.ts:41
[  165044ms] [LOG] [ChatTransport] responseHandler called, data: {"type":"delta","content":"特色","error":null,"message_id":"4d1e696e-827d-4a7c-a150-a9a9791a1190","conversation_id":null,"itinerary":null,"stage":null} @ webpack-internal:///(app-pages-browser)/./lib/chat-transport.ts:137
[  165077ms] [LOG] [ChatTransport] onmessage triggered, has currentResponseHandler: true @ webpack-internal:///(app-pages-browser)/./lib/chat-transport.ts:41
[  165078ms] [LOG] [ChatTransport] responseHandler called, data: {"type":"delta","content":"**","error":null,"message_id":"4d1e696e-827d-4a7c-a150-a9a9791a1190","conversation_id":null,"itinerary":null,"stage":null} @ webpack-internal:///(app-pages-browser)/./lib/chat-transport.ts:137
[  165113ms] [LOG] [ChatTransport] onmessage triggered, has currentResponseHandler: true @ webpack-internal:///(app-pages-browser)/./lib/chat-transport.ts:41
[  165114ms] [LOG] [ChatTransport] responseHandler called, data: {"type":"delta","content":"：","error":null,"message_id":"4d1e696e-827d-4a7c-a150-a9a9791a1190","conversation_id":null,"itinerary":null,"stage":null} @ webpack-internal:///(app-pages-browser)/./lib/chat-transport.ts:137
[  165144ms] [LOG] [ChatTransport] onmessage triggered, has currentResponseHandler: true @ webpack-internal:///(app-pages-browser)/./lib/chat-transport.ts:41
[  165145ms] [LOG] [ChatTransport] responseHandler called, data: {"type":"delta","content":"美食","error":null,"message_id":"4d1e696e-827d-4a7c-a150-a9a9791a1190","conversation_id":null,"itinerary":null,"stage":null} @ webpack-internal:///(app-pages-browser)/./lib/chat-transport.ts:137
[  165162ms] [LOG] [ChatTransport] onmessage triggered, has currentResponseHandler: true @ webpack-internal:///(app-pages-browser)/./lib/chat-transport.ts:41
[  165162ms] [LOG] [ChatTransport] responseHandler called, data: {"type":"delta","content":"之","error":null,"message_id":"4d1e696e-827d-4a7c-a150-a9a9791a1190","conversation_id":null,"itinerary":null,"stage":null} @ webpack-internal:///(app-pages-browser)/./lib/chat-transport.ts:137
[  165226ms] [LOG] [ChatTransport] onmessage triggered, has currentResponseHandler: true @ webpack-internal:///(app-pages-browser)/./lib/chat-transport.ts:41
[  165226ms] [LOG] [ChatTransport] responseHandler called, data: {"type":"delta","content":"都","error":null,"message_id":"4d1e696e-827d-4a7c-a150-a9a9791a1190","conversation_id":null,"itinerary":null,"stage":null} @ webpack-internal:///(app-pages-browser)/./lib/chat-transport.ts:137
[  165235ms] [LOG] [ChatTransport] onmessage triggered, has currentResponseHandler: true @ webpack-internal:///(app-pages-browser)/./lib/chat-transport.ts:41
[  165235ms] [LOG] [ChatTransport] responseHandler called, data: {"type":"delta","content":"、","error":null,"message_id":"4d1e696e-827d-4a7c-a150-a9a9791a1190","conversation_id":null,"itinerary":null,"stage":null} @ webpack-internal:///(app-pages-browser)/./lib/chat-transport.ts:137
[  165262ms] [LOG] [ChatTransport] onmessage triggered, has currentResponseHandler: true @ webpack-internal:///(app-pages-browser)/./lib/chat-transport.ts:41
[  165262ms] [LOG] [ChatTransport] responseHandler called, data: {"type":"delta","content":"关","error":null,"message_id":"4d1e696e-827d-4a7c-a150-a9a9791a1190","conversation_id":null,"itinerary":null,"stage":null} @ webpack-internal:///(app-pages-browser)/./lib/chat-transport.ts:137
[  165332ms] [LOG] [ChatTransport] onmessage triggered, has currentResponseHandler: true @ webpack-internal:///(app-pages-browser)/./lib/chat-transport.ts:41
[  165333ms] [LOG] [ChatTransport] responseHandler called, data: {"type":"delta","content":"西","error":null,"message_id":"4d1e696e-827d-4a7c-a150-a9a9791a1190","conversation_id":null,"itinerary":null,"stage":null} @ webpack-internal:///(app-pages-browser)/./lib/chat-transport.ts:137
[  165341ms] [LOG] [ChatTransport] onmessage triggered, has currentResponseHandler: true @ webpack-internal:///(app-pages-browser)/./lib/chat-transport.ts:41
[  165341ms] [LOG] [ChatTransport] responseHandler called, data: {"type":"delta","content":"商业","error":null,"message_id":"4d1e696e-827d-4a7c-a150-a9a9791a1190","conversation_id":null,"itinerary":null,"stage":null} @ webpack-internal:///(app-pages-browser)/./lib/chat-transport.ts:137
[  165377ms] [LOG] [ChatTransport] onmessage triggered, has currentResponseHandler: true @ webpack-internal:///(app-pages-browser)/./lib/chat-transport.ts:41
[  165377ms] [LOG] [ChatTransport] responseHandler called, data: {"type":"delta","content":"中心","error":null,"message_id":"4d1e696e-827d-4a7c-a150-a9a9791a1190","conversation_id":null,"itinerary":null,"stage":null} @ webpack-internal:///(app-pages-browser)/./lib/chat-transport.ts:137
[  165382ms] [LOG] [ChatTransport] onmessage triggered, has currentResponseHandler: true @ webpack-internal:///(app-pages-browser)/./lib/chat-transport.ts:41
[  165382ms] [LOG] [ChatTransport] responseHandler called, data: {"type":"delta","content":"\n","error":null,"message_id":"4d1e696e-827d-4a7c-a150-a9a9791a1190","conversation_id":null,"itinerary":null,"stage":null} @ webpack-internal:///(app-pages-browser)/./lib/chat-transport.ts:137
[  165445ms] [LOG] [ChatTransport] onmessage triggered, has currentResponseHandler: true @ webpack-internal:///(app-pages-browser)/./lib/chat-transport.ts:41
[  165445ms] [LOG] [ChatTransport] responseHandler called, data: {"type":"delta","content":"-","error":null,"message_id":"4d1e696e-827d-4a7c-a150-a9a9791a1190","conversation_id":null,"itinerary":null,"stage":null} @ webpack-internal:///(app-pages-browser)/./lib/chat-transport.ts:137
[  165446ms] [LOG] [ChatTransport] onmessage triggered, has currentResponseHandler: true @ webpack-internal:///(app-pages-browser)/./lib/chat-transport.ts:41
[  165447ms] [LOG] [ChatTransport] responseHandler called, data: {"type":"delta","content":" **","error":null,"message_id":"4d1e696e-827d-4a7c-a150-a9a9791a1190","conversation_id":null,"itinerary":null,"stage":null} @ webpack-internal:///(app-pages-browser)/./lib/chat-transport.ts:137
[  165497ms] [LOG] [ChatTransport] onmessage triggered, has currentResponseHandler: true @ webpack-internal:///(app-pages-browser)/./lib/chat-transport.ts:41
[  165497ms] [LOG] [ChatTransport] responseHandler called, data: {"type":"delta","content":"亮点","error":null,"message_id":"4d1e696e-827d-4a7c-a150-a9a9791a1190","conversation_id":null,"itinerary":null,"stage":null} @ webpack-internal:///(app-pages-browser)/./lib/chat-transport.ts:137
[  165527ms] [LOG] [ChatTransport] onmessage triggered, has currentResponseHandler: true @ webpack-internal:///(app-pages-browser)/./lib/chat-transport.ts:41
[  165527ms] [LOG] [ChatTransport] responseHandler called, data: {"type":"delta","content":"**","error":null,"message_id":"4d1e696e-827d-4a7c-a150-a9a9791a1190","conversation_id":null,"itinerary":null,"stage":null} @ webpack-internal:///(app-pages-browser)/./lib/chat-transport.ts:137
[  165558ms] [LOG] [ChatTransport] onmessage triggered, has currentResponseHandler: true @ webpack-internal:///(app-pages-browser)/./lib/chat-transport.ts:41
[  165559ms] [LOG] [ChatTransport] responseHandler called, data: {"type":"delta","content":"：","error":null,"message_id":"4d1e696e-827d-4a7c-a150-a9a9791a1190","conversation_id":null,"itinerary":null,"stage":null} @ webpack-internal:///(app-pages-browser)/./lib/chat-transport.ts:137
[  165589ms] [LOG] [ChatTransport] onmessage triggered, has currentResponseHandler: true @ webpack-internal:///(app-pages-browser)/./lib/chat-transport.ts:41
[  165590ms] [LOG] [ChatTransport] responseHandler called, data: {"type":"delta","content":"大阪","error":null,"message_id":"4d1e696e-827d-4a7c-a150-a9a9791a1190","conversation_id":null,"itinerary":null,"stage":null} @ webpack-internal:///(app-pages-browser)/./lib/chat-transport.ts:137
[  165630ms] [LOG] [ChatTransport] onmessage triggered, has currentResponseHandler: true @ webpack-internal:///(app-pages-browser)/./lib/chat-transport.ts:41
[  165631ms] [LOG] [ChatTransport] responseHandler called, data: {"type":"delta","content":"城","error":null,"message_id":"4d1e696e-827d-4a7c-a150-a9a9791a1190","conversation_id":null,"itinerary":null,"stage":null} @ webpack-internal:///(app-pages-browser)/./lib/chat-transport.ts:137
[  165660ms] [LOG] [ChatTransport] onmessage triggered, has currentResponseHandler: true @ webpack-internal:///(app-pages-browser)/./lib/chat-transport.ts:41
[  165661ms] [LOG] [ChatTransport] responseHandler called, data: {"type":"delta","content":"、","error":null,"message_id":"4d1e696e-827d-4a7c-a150-a9a9791a1190","conversation_id":null,"itinerary":null,"stage":null} @ webpack-internal:///(app-pages-browser)/./lib/chat-transport.ts:137
[  165696ms] [LOG] [ChatTransport] onmessage triggered, has currentResponseHandler: true @ webpack-internal:///(app-pages-browser)/./lib/chat-transport.ts:41
[  165696ms] [LOG] [ChatTransport] responseHandler called, data: {"type":"delta","content":"道","error":null,"message_id":"4d1e696e-827d-4a7c-a150-a9a9791a1190","conversation_id":null,"itinerary":null,"stage":null} @ webpack-internal:///(app-pages-browser)/./lib/chat-transport.ts:137
[  165725ms] [LOG] [ChatTransport] onmessage triggered, has currentResponseHandler: true @ webpack-internal:///(app-pages-browser)/./lib/chat-transport.ts:41
[  165726ms] [LOG] [ChatTransport] responseHandler called, data: {"type":"delta","content":"顿","error":null,"message_id":"4d1e696e-827d-4a7c-a150-a9a9791a1190","conversation_id":null,"itinerary":null,"stage":null} @ webpack-internal:///(app-pages-browser)/./lib/chat-transport.ts:137
[  165759ms] [LOG] [ChatTransport] onmessage triggered, has currentResponseHandler: true @ webpack-internal:///(app-pages-browser)/./lib/chat-transport.ts:41
[  165759ms] [LOG] [ChatTransport] responseHandler called, data: {"type":"delta","content":"堀","error":null,"message_id":"4d1e696e-827d-4a7c-a150-a9a9791a1190","conversation_id":null,"itinerary":null,"stage":null} @ webpack-internal:///(app-pages-browser)/./lib/chat-transport.ts:137
[  165799ms] [LOG] [ChatTransport] onmessage triggered, has currentResponseHandler: true @ webpack-internal:///(app-pages-browser)/./lib/chat-transport.ts:41
[  165799ms] [LOG] [ChatTransport] responseHandler called, data: {"type":"delta","content":"（","error":null,"message_id":"4d1e696e-827d-4a7c-a150-a9a9791a1190","conversation_id":null,"itinerary":null,"stage":null} @ webpack-internal:///(app-pages-browser)/./lib/chat-transport.ts:137
[  165829ms] [LOG] [ChatTransport] onmessage triggered, has currentResponseHandler: true @ webpack-internal:///(app-pages-browser)/./lib/chat-transport.ts:41
[  165830ms] [LOG] [ChatTransport] responseHandler called, data: {"type":"delta","content":"美食","error":null,"message_id":"4d1e696e-827d-4a7c-a150-a9a9791a1190","conversation_id":null,"itinerary":null,"stage":null} @ webpack-internal:///(app-pages-browser)/./lib/chat-transport.ts:137
[  165861ms] [LOG] [ChatTransport] onmessage triggered, has currentResponseHandler: true @ webpack-internal:///(app-pages-browser)/./lib/chat-transport.ts:41
[  165862ms] [LOG] [ChatTransport] responseHandler called, data: {"type":"delta","content":"街","error":null,"message_id":"4d1e696e-827d-4a7c-a150-a9a9791a1190","conversation_id":null,"itinerary":null,"stage":null} @ webpack-internal:///(app-pages-browser)/./lib/chat-transport.ts:137
[  165893ms] [LOG] [ChatTransport] onmessage triggered, has currentResponseHandler: true @ webpack-internal:///(app-pages-browser)/./lib/chat-transport.ts:41
[  165893ms] [LOG] [ChatTransport] responseHandler called, data: {"type":"delta","content":"）、","error":null,"message_id":"4d1e696e-827d-4a7c-a150-a9a9791a1190","conversation_id":null,"itinerary":null,"stage":null} @ webpack-internal:///(app-pages-browser)/./lib/chat-transport.ts:137
[  166068ms] [WARNING] [Chat] Safety timeout triggered, resetting isLoading @ webpack-internal:///(app-pages-browser)/./app/chat/page.tsx:230
[  166131ms] [LOG] [ChatTransport] onmessage triggered, has currentResponseHandler: true @ webpack-internal:///(app-pages-browser)/./lib/chat-transport.ts:41
[  166131ms] [LOG] [ChatTransport] responseHandler called, data: {"type":"delta","content":"环球","error":null,"message_id":"4d1e696e-827d-4a7c-a150-a9a9791a1190","conversation_id":null,"itinerary":null,"stage":null} @ webpack-internal:///(app-pages-browser)/./lib/chat-transport.ts:137
[  166165ms] [LOG] [ChatTransport] onmessage triggered, has currentResponseHandler: true @ webpack-internal:///(app-pages-browser)/./lib/chat-transport.ts:41
[  166165ms] [LOG] [ChatTransport] responseHandler called, data: {"type":"delta","content":"影","error":null,"message_id":"4d1e696e-827d-4a7c-a150-a9a9791a1190","conversation_id":null,"itinerary":null,"stage":null} @ webpack-internal:///(app-pages-browser)/./lib/chat-transport.ts:137
[  166165ms] [LOG] [ChatTransport] onmessage triggered, has currentResponseHandler: true @ webpack-internal:///(app-pages-browser)/./lib/chat-transport.ts:41
[  166165ms] [LOG] [ChatTransport] responseHandler called, data: {"type":"delta","content":"城","error":null,"message_id":"4d1e696e-827d-4a7c-a150-a9a9791a1190","conversation_id":null,"itinerary":null,"stage":null} @ webpack-internal:///(app-pages-browser)/./lib/chat-transport.ts:137
[  166166ms] [LOG] [ChatTransport] onmessage triggered, has currentResponseHandler: true @ webpack-internal:///(app-pages-browser)/./lib/chat-transport.ts:41
[  166166ms] [LOG] [ChatTransport] responseHandler called, data: {"type":"delta","content":"日本","error":null,"message_id":"4d1e696e-827d-4a7c-a150-a9a9791a1190","conversation_id":null,"itinerary":null,"stage":null} @ webpack-internal:///(app-pages-browser)/./lib/chat-transport.ts:137
[  166166ms] [LOG] [ChatTransport] onmessage triggered, has currentResponseHandler: true @ webpack-internal:///(app-pages-browser)/./lib/chat-transport.ts:41
[  166167ms] [LOG] [ChatTransport] responseHandler called, data: {"type":"delta","content":"、","error":null,"message_id":"4d1e696e-827d-4a7c-a150-a9a9791a1190","conversation_id":null,"itinerary":null,"stage":null} @ webpack-internal:///(app-pages-browser)/./lib/chat-transport.ts:137
[  166167ms] [LOG] [ChatTransport] onmessage triggered, has currentResponseHandler: true @ webpack-internal:///(app-pages-browser)/./lib/chat-transport.ts:41
[  166167ms] [LOG] [ChatTransport] responseHandler called, data: {"type":"delta","content":"心","error":null,"message_id":"4d1e696e-827d-4a7c-a150-a9a9791a1190","conversation_id":null,"itinerary":null,"stage":null} @ webpack-internal:///(app-pages-browser)/./lib/chat-transport.ts:137
[  166168ms] [LOG] [ChatTransport] onmessage triggered, has currentResponseHandler: true @ webpack-internal:///(app-pages-browser)/./lib/chat-transport.ts:41
[  166168ms] [LOG] [ChatTransport] responseHandler called, data: {"type":"delta","content":"斋","error":null,"message_id":"4d1e696e-827d-4a7c-a150-a9a9791a1190","conversation_id":null,"itinerary":null,"stage":null} @ webpack-internal:///(app-pages-browser)/./lib/chat-transport.ts:137
[  166168ms] [LOG] [ChatTransport] onmessage triggered, has currentResponseHandler: true @ webpack-internal:///(app-pages-browser)/./lib/chat-transport.ts:41
[  166168ms] [LOG] [ChatTransport] responseHandler called, data: {"type":"delta","content":"桥","error":null,"message_id":"4d1e696e-827d-4a7c-a150-a9a9791a1190","conversation_id":null,"itinerary":null,"stage":null} @ webpack-internal:///(app-pages-browser)/./lib/chat-transport.ts:137
[  166198ms] [LOG] [ChatTransport] onmessage triggered, has currentResponseHandler: true @ webpack-internal:///(app-pages-browser)/./lib/chat-transport.ts:41
[  166198ms] [LOG] [ChatTransport] responseHandler called, data: {"type":"delta","content":"购物","error":null,"message_id":"4d1e696e-827d-4a7c-a150-a9a9791a1190","conversation_id":null,"itinerary":null,"stage":null} @ webpack-internal:///(app-pages-browser)/./lib/chat-transport.ts:137
[  166226ms] [LOG] [ChatTransport] onmessage triggered, has currentResponseHandler: true @ webpack-internal:///(app-pages-browser)/./lib/chat-transport.ts:41
[  166226ms] [LOG] [ChatTransport] responseHandler called, data: {"type":"delta","content":"区","error":null,"message_id":"4d1e696e-827d-4a7c-a150-a9a9791a1190","conversation_id":null,"itinerary":null,"stage":null} @ webpack-internal:///(app-pages-browser)/./lib/chat-transport.ts:137
[  166257ms] [LOG] [ChatTransport] onmessage triggered, has currentResponseHandler: true @ webpack-internal:///(app-pages-browser)/./lib/chat-transport.ts:41
[  166257ms] [LOG] [ChatTransport] responseHandler called, data: {"type":"delta","content":"\n","error":null,"message_id":"4d1e696e-827d-4a7c-a150-a9a9791a1190","conversation_id":null,"itinerary":null,"stage":null} @ webpack-internal:///(app-pages-browser)/./lib/chat-transport.ts:137
[  166287ms] [LOG] [ChatTransport] onmessage triggered, has currentResponseHandler: true @ webpack-internal:///(app-pages-browser)/./lib/chat-transport.ts:41
[  166287ms] [LOG] [ChatTransport] responseHandler called, data: {"type":"delta","content":"-","error":null,"message_id":"4d1e696e-827d-4a7c-a150-a9a9791a1190","conversation_id":null,"itinerary":null,"stage":null} @ webpack-internal:///(app-pages-browser)/./lib/chat-transport.ts:137
[  166316ms] [LOG] [ChatTransport] onmessage triggered, has currentResponseHandler: true @ webpack-internal:///(app-pages-browser)/./lib/chat-transport.ts:41
[  166316ms] [LOG] [ChatTransport] responseHandler called, data: {"type":"delta","content":" **","error":null,"message_id":"4d1e696e-827d-4a7c-a150-a9a9791a1190","conversation_id":null,"itinerary":null,"stage":null} @ webpack-internal:///(app-pages-browser)/./lib/chat-transport.ts:137
[  166332ms] [LOG] [ChatTransport] onmessage triggered, has currentResponseHandler: true @ webpack-internal:///(app-pages-browser)/./lib/chat-transport.ts:41
[  166332ms] [LOG] [ChatTransport] responseHandler called, data: {"type":"delta","content":"适合","error":null,"message_id":"4d1e696e-827d-4a7c-a150-a9a9791a1190","conversation_id":null,"itinerary":null,"stage":null} @ webpack-internal:///(app-pages-browser)/./lib/chat-transport.ts:137
[  166366ms] [LOG] [ChatTransport] onmessage triggered, has currentResponseHandler: true @ webpack-internal:///(app-pages-browser)/./lib/chat-transport.ts:41
[  166367ms] [LOG] [ChatTransport] responseHandler called, data: {"type":"delta","content":"**","error":null,"message_id":"4d1e696e-827d-4a7c-a150-a9a9791a1190","conversation_id":null,"itinerary":null,"stage":null} @ webpack-internal:///(app-pages-browser)/./lib/chat-transport.ts:137
[  166373ms] [LOG] [ChatTransport] onmessage triggered, has currentResponseHandler: true @ webpack-internal:///(app-pages-browser)/./lib/chat-transport.ts:41
[  166374ms] [LOG] [ChatTransport] responseHandler called, data: {"type":"delta","content":"：","error":null,"message_id":"4d1e696e-827d-4a7c-a150-a9a9791a1190","conversation_id":null,"itinerary":null,"stage":null} @ webpack-internal:///(app-pages-browser)/./lib/chat-transport.ts:137
[  166429ms] [LOG] [ChatTransport] onmessage triggered, has currentResponseHandler: true @ webpack-internal:///(app-pages-browser)/./lib/chat-transport.ts:41
[  166429ms] [LOG] [ChatTransport] responseHandler called, data: {"type":"delta","content":"美食","error":null,"message_id":"4d1e696e-827d-4a7c-a150-a9a9791a1190","conversation_id":null,"itinerary":null,"stage":null} @ webpack-internal:///(app-pages-browser)/./lib/chat-transport.ts:137
[  166436ms] [LOG] [ChatTransport] onmessage triggered, has currentResponseHandler: true @ webpack-internal:///(app-pages-browser)/./lib/chat-transport.ts:41
[  166436ms] [LOG] [ChatTransport] responseHandler called, data: {"type":"delta","content":"家","error":null,"message_id":"4d1e696e-827d-4a7c-a150-a9a9791a1190","conversation_id":null,"itinerary":null,"stage":null} @ webpack-internal:///(app-pages-browser)/./lib/chat-transport.ts:137
[  166511ms] [LOG] [ChatTransport] onmessage triggered, has currentResponseHandler: true @ webpack-internal:///(app-pages-browser)/./lib/chat-transport.ts:41
[  166511ms] [LOG] [ChatTransport] responseHandler called, data: {"type":"delta","content":"、","error":null,"message_id":"4d1e696e-827d-4a7c-a150-a9a9791a1190","conversation_id":null,"itinerary":null,"stage":null} @ webpack-internal:///(app-pages-browser)/./lib/chat-transport.ts:137
[  166540ms] [LOG] [ChatTransport] onmessage triggered, has currentResponseHandler: true @ webpack-internal:///(app-pages-browser)/./lib/chat-transport.ts:41
[  166540ms] [LOG] [ChatTransport] responseHandler called, data: {"type":"delta","content":"家庭","error":null,"message_id":"4d1e696e-827d-4a7c-a150-a9a9791a1190","conversation_id":null,"itinerary":null,"stage":null} @ webpack-internal:///(app-pages-browser)/./lib/chat-transport.ts:137
[  166572ms] [LOG] [ChatTransport] onmessage triggered, has currentResponseHandler: true @ webpack-internal:///(app-pages-browser)/./lib/chat-transport.ts:41
[  166573ms] [LOG] [ChatTransport] responseHandler called, data: {"type":"delta","content":"游","error":null,"message_id":"4d1e696e-827d-4a7c-a150-a9a9791a1190","conversation_id":null,"itinerary":null,"stage":null} @ webpack-internal:///(app-pages-browser)/./lib/chat-transport.ts:137
[  166772ms] [LOG] [ChatTransport] onmessage triggered, has currentResponseHandler: true @ webpack-internal:///(app-pages-browser)/./lib/chat-transport.ts:41
[  166772ms] [LOG] [ChatTransport] responseHandler called, data: {"type":"delta","content":"、","error":null,"message_id":"4d1e696e-827d-4a7c-a150-a9a9791a1190","conversation_id":null,"itinerary":null,"stage":null} @ webpack-internal:///(app-pages-browser)/./lib/chat-transport.ts:137
[  166803ms] [LOG] [ChatTransport] onmessage triggered, has currentResponseHandler: true @ webpack-internal:///(app-pages-browser)/./lib/chat-transport.ts:41
[  166803ms] [LOG] [ChatTransport] responseHandler called, data: {"type":"delta","content":"购物","error":null,"message_id":"4d1e696e-827d-4a7c-a150-a9a9791a1190","conversation_id":null,"itinerary":null,"stage":null} @ webpack-internal:///(app-pages-browser)/./lib/chat-transport.ts:137
[  166804ms] [LOG] [ChatTransport] onmessage triggered, has currentResponseHandler: true @ webpack-internal:///(app-pages-browser)/./lib/chat-transport.ts:41
[  166804ms] [LOG] [ChatTransport] responseHandler called, data: {"type":"delta","content":"爱好者","error":null,"message_id":"4d1e696e-827d-4a7c-a150-a9a9791a1190","conversation_id":null,"itinerary":null,"stage":null} @ webpack-internal:///(app-pages-browser)/./lib/chat-transport.ts:137
[  166805ms] [LOG] [ChatTransport] onmessage triggered, has currentResponseHandler: true @ webpack-internal:///(app-pages-browser)/./lib/chat-transport.ts:41
[  166805ms] [LOG] [ChatTransport] responseHandler called, data: {"type":"delta","content":"\n\n","error":null,"message_id":"4d1e696e-827d-4a7c-a150-a9a9791a1190","conversation_id":null,"itinerary":null,"stage":null} @ webpack-internal:///(app-pages-browser)/./lib/chat-transport.ts:137
[  166863ms] [LOG] [ChatTransport] onmessage triggered, has currentResponseHandler: true @ webpack-internal:///(app-pages-browser)/./lib/chat-transport.ts:41
[  166864ms] [LOG] [ChatTransport] responseHandler called, data: {"type":"delta","content":"###","error":null,"message_id":"4d1e696e-827d-4a7c-a150-a9a9791a1190","conversation_id":null,"itinerary":null,"stage":null} @ webpack-internal:///(app-pages-browser)/./lib/chat-transport.ts:137
[  166895ms] [LOG] [ChatTransport] onmessage triggered, has currentResponseHandler: true @ webpack-internal:///(app-pages-browser)/./lib/chat-transport.ts:41
[  166895ms] [LOG] [ChatTransport] responseHandler called, data: {"type":"delta","content":" **","error":null,"message_id":"4d1e696e-827d-4a7c-a150-a9a9791a1190","conversation_id":null,"itinerary":null,"stage":null} @ webpack-internal:///(app-pages-browser)/./lib/chat-transport.ts:137
[  166896ms] [LOG] [ChatTransport] onmessage triggered, has currentResponseHandler: true @ webpack-internal:///(app-pages-browser)/./lib/chat-transport.ts:41
[  166896ms] [LOG] [ChatTransport] responseHandler called, data: {"type":"delta","content":"北海道","error":null,"message_id":"4d1e696e-827d-4a7c-a150-a9a9791a1190","conversation_id":null,"itinerary":null,"stage":null} @ webpack-internal:///(app-pages-browser)/./lib/chat-transport.ts:137
[  166896ms] [LOG] [ChatTransport] onmessage triggered, has currentResponseHandler: true @ webpack-internal:///(app-pages-browser)/./lib/chat-transport.ts:41
[  166897ms] [LOG] [ChatTransport] responseHandler called, data: {"type":"delta","content":"（","error":null,"message_id":"4d1e696e-827d-4a7c-a150-a9a9791a1190","conversation_id":null,"itinerary":null,"stage":null} @ webpack-internal:///(app-pages-browser)/./lib/chat-transport.ts:137
[  166928ms] [LOG] [ChatTransport] onmessage triggered, has currentResponseHandler: true @ webpack-internal:///(app-pages-browser)/./lib/chat-transport.ts:41
[  166929ms] [LOG] [ChatTransport] responseHandler called, data: {"type":"delta","content":"札","error":null,"message_id":"4d1e696e-827d-4a7c-a150-a9a9791a1190","conversation_id":null,"itinerary":null,"stage":null} @ webpack-internal:///(app-pages-browser)/./lib/chat-transport.ts:137
[  166929ms] [LOG] [ChatTransport] onmessage triggered, has currentResponseHandler: true @ webpack-internal:///(app-pages-browser)/./lib/chat-transport.ts:41
[  166929ms] [LOG] [ChatTransport] responseHandler called, data: {"type":"delta","content":"幌","error":null,"message_id":"4d1e696e-827d-4a7c-a150-a9a9791a1190","conversation_id":null,"itinerary":null,"stage":null} @ webpack-internal:///(app-pages-browser)/./lib/chat-transport.ts:137
[  166989ms] [LOG] [ChatTransport] onmessage triggered, has currentResponseHandler: true @ webpack-internal:///(app-pages-browser)/./lib/chat-transport.ts:41
[  166990ms] [LOG] [ChatTransport] responseHandler called, data: {"type":"delta","content":"）","error":null,"message_id":"4d1e696e-827d-4a7c-a150-a9a9791a1190","conversation_id":null,"itinerary":null,"stage":null} @ webpack-internal:///(app-pages-browser)/./lib/chat-transport.ts:137
[  167023ms] [LOG] [ChatTransport] onmessage triggered, has currentResponseHandler: true @ webpack-internal:///(app-pages-browser)/./lib/chat-transport.ts:41
[  167023ms] [LOG] [ChatTransport] responseHandler called, data: {"type":"delta","content":"**\n","error":null,"message_id":"4d1e696e-827d-4a7c-a150-a9a9791a1190","conversation_id":null,"itinerary":null,"stage":null} @ webpack-internal:///(app-pages-browser)/./lib/chat-transport.ts:137
[  167024ms] [LOG] [ChatTransport] onmessage triggered, has currentResponseHandler: true @ webpack-internal:///(app-pages-browser)/./lib/chat-transport.ts:41
[  167024ms] [LOG] [ChatTransport] responseHandler called, data: {"type":"delta","content":"-","error":null,"message_id":"4d1e696e-827d-4a7c-a150-a9a9791a1190","conversation_id":null,"itinerary":null,"stage":null} @ webpack-internal:///(app-pages-browser)/./lib/chat-transport.ts:137
[  167024ms] [LOG] [ChatTransport] onmessage triggered, has currentResponseHandler: true @ webpack-internal:///(app-pages-browser)/./lib/chat-transport.ts:41
[  167025ms] [LOG] [ChatTransport] responseHandler called, data: {"type":"delta","content":" **","error":null,"message_id":"4d1e696e-827d-4a7c-a150-a9a9791a1190","conversation_id":null,"itinerary":null,"stage":null} @ webpack-internal:///(app-pages-browser)/./lib/chat-transport.ts:137
[  167062ms] [LOG] [ChatTransport] onmessage triggered, has currentResponseHandler: true @ webpack-internal:///(app-pages-browser)/./lib/chat-transport.ts:41
[  167063ms] [LOG] [ChatTransport] responseHandler called, data: {"type":"delta","content":"特色","error":null,"message_id":"4d1e696e-827d-4a7c-a150-a9a9791a1190","conversation_id":null,"itinerary":null,"stage":null} @ webpack-internal:///(app-pages-browser)/./lib/chat-transport.ts:137
[  167094ms] [LOG] [ChatTransport] onmessage triggered, has currentResponseHandler: true @ webpack-internal:///(app-pages-browser)/./lib/chat-transport.ts:41
[  167094ms] [LOG] [ChatTransport] responseHandler called, data: {"type":"delta","content":"**","error":null,"message_id":"4d1e696e-827d-4a7c-a150-a9a9791a1190","conversation_id":null,"itinerary":null,"stage":null} @ webpack-internal:///(app-pages-browser)/./lib/chat-transport.ts:137
[  167207ms] [LOG] [ChatTransport] onmessage triggered, has currentResponseHandler: true @ webpack-internal:///(app-pages-browser)/./lib/chat-transport.ts:41
[  167207ms] [LOG] [ChatTransport] responseHandler called, data: {"type":"delta","content":"：","error":null,"message_id":"4d1e696e-827d-4a7c-a150-a9a9791a1190","conversation_id":null,"itinerary":null,"stage":null} @ webpack-internal:///(app-pages-browser)/./lib/chat-transport.ts:137
[  167238ms] [LOG] [ChatTransport] onmessage triggered, has currentResponseHandler: true @ webpack-internal:///(app-pages-browser)/./lib/chat-transport.ts:41
[  167239ms] [LOG] [ChatTransport] responseHandler called, data: {"type":"delta","content":"自然","error":null,"message_id":"4d1e696e-827d-4a7c-a150-a9a9791a1190","conversation_id":null,"itinerary":null,"stage":null} @ webpack-internal:///(app-pages-browser)/./lib/chat-transport.ts:137
[  167239ms] [LOG] [ChatTransport] onmessage triggered, has currentResponseHandler: true @ webpack-internal:///(app-pages-browser)/./lib/chat-transport.ts:41
[  167240ms] [LOG] [ChatTransport] responseHandler called, data: {"type":"delta","content":"风光","error":null,"message_id":"4d1e696e-827d-4a7c-a150-a9a9791a1190","conversation_id":null,"itinerary":null,"stage":null} @ webpack-internal:///(app-pages-browser)/./lib/chat-transport.ts:137
[  167241ms] [LOG] [ChatTransport] onmessage triggered, has currentResponseHandler: true @ webpack-internal:///(app-pages-browser)/./lib/chat-transport.ts:41
[  167241ms] [LOG] [ChatTransport] responseHandler called, data: {"type":"delta","content":"、","error":null,"message_id":"4d1e696e-827d-4a7c-a150-a9a9791a1190","conversation_id":null,"itinerary":null,"stage":null} @ webpack-internal:///(app-pages-browser)/./lib/chat-transport.ts:137
[  167272ms] [LOG] [ChatTransport] onmessage triggered, has currentResponseHandler: true @ webpack-internal:///(app-pages-browser)/./lib/chat-transport.ts:41
[  167273ms] [LOG] [ChatTransport] responseHandler called, data: {"type":"delta","content":"冬季","error":null,"message_id":"4d1e696e-827d-4a7c-a150-a9a9791a1190","conversation_id":null,"itinerary":null,"stage":null} @ webpack-internal:///(app-pages-browser)/./lib/chat-transport.ts:137
[  167274ms] [LOG] [ChatTransport] onmessage triggered, has currentResponseHandler: true @ webpack-internal:///(app-pages-browser)/./lib/chat-transport.ts:41
[  167274ms] [LOG] [ChatTransport] responseHandler called, data: {"type":"delta","content":"雪","error":null,"message_id":"4d1e696e-827d-4a7c-a150-a9a9791a1190","conversation_id":null,"itinerary":null,"stage":null} @ webpack-internal:///(app-pages-browser)/./lib/chat-transport.ts:137
[  167419ms] [LOG] [ChatTransport] onmessage triggered, has currentResponseHandler: true @ webpack-internal:///(app-pages-browser)/./lib/chat-transport.ts:41
[  167419ms] [LOG] [ChatTransport] responseHandler called, data: {"type":"delta","content":"景","error":null,"message_id":"4d1e696e-827d-4a7c-a150-a9a9791a1190","conversation_id":null,"itinerary":null,"stage":null} @ webpack-internal:///(app-pages-browser)/./lib/chat-transport.ts:137
[  167451ms] [LOG] [ChatTransport] onmessage triggered, has currentResponseHandler: true @ webpack-internal:///(app-pages-browser)/./lib/chat-transport.ts:41
[  167452ms] [LOG] [ChatTransport] responseHandler called, data: {"type":"delta","content":"、","error":null,"message_id":"4d1e696e-827d-4a7c-a150-a9a9791a1190","conversation_id":null,"itinerary":null,"stage":null} @ webpack-internal:///(app-pages-browser)/./lib/chat-transport.ts:137
[  167453ms] [LOG] [ChatTransport] onmessage triggered, has currentResponseHandler: true @ webpack-internal:///(app-pages-browser)/./lib/chat-transport.ts:41
[  167453ms] [LOG] [ChatTransport] responseHandler called, data: {"type":"delta","content":"海鲜","error":null,"message_id":"4d1e696e-827d-4a7c-a150-a9a9791a1190","conversation_id":null,"itinerary":null,"stage":null} @ webpack-internal:///(app-pages-browser)/./lib/chat-transport.ts:137
[  167485ms] [LOG] [ChatTransport] onmessage triggered, has currentResponseHandler: true @ webpack-internal:///(app-pages-browser)/./lib/chat-transport.ts:41
[  167485ms] [LOG] [ChatTransport] responseHandler called, data: {"type":"delta","content":"美食","error":null,"message_id":"4d1e696e-827d-4a7c-a150-a9a9791a1190","conversation_id":null,"itinerary":null,"stage":null} @ webpack-internal:///(app-pages-browser)/./lib/chat-transport.ts:137
[  167486ms] [LOG] [ChatTransport] onmessage triggered, has currentResponseHandler: true @ webpack-internal:///(app-pages-browser)/./lib/chat-transport.ts:41
[  167487ms] [LOG] [ChatTransport] responseHandler called, data: {"type":"delta","content":"\n","error":null,"message_id":"4d1e696e-827d-4a7c-a150-a9a9791a1190","conversation_id":null,"itinerary":null,"stage":null} @ webpack-internal:///(app-pages-browser)/./lib/chat-transport.ts:137
[  167517ms] [LOG] [ChatTransport] onmessage triggered, has currentResponseHandler: true @ webpack-internal:///(app-pages-browser)/./lib/chat-transport.ts:41
[  167517ms] [LOG] [ChatTransport] responseHandler called, data: {"type":"delta","content":"-","error":null,"message_id":"4d1e696e-827d-4a7c-a150-a9a9791a1190","conversation_id":null,"itinerary":null,"stage":null} @ webpack-internal:///(app-pages-browser)/./lib/chat-transport.ts:137
[  167518ms] [LOG] [ChatTransport] onmessage triggered, has currentResponseHandler: true @ webpack-internal:///(app-pages-browser)/./lib/chat-transport.ts:41
[  167519ms] [LOG] [ChatTransport] responseHandler called, data: {"type":"delta","content":" **","error":null,"message_id":"4d1e696e-827d-4a7c-a150-a9a9791a1190","conversation_id":null,"itinerary":null,"stage":null} @ webpack-internal:///(app-pages-browser)/./lib/chat-transport.ts:137
[  167551ms] [LOG] [ChatTransport] onmessage triggered, has currentResponseHandler: true @ webpack-internal:///(app-pages-browser)/./lib/chat-transport.ts:41
[  167552ms] [LOG] [ChatTransport] responseHandler called, data: {"type":"delta","content":"亮点","error":null,"message_id":"4d1e696e-827d-4a7c-a150-a9a9791a1190","conversation_id":null,"itinerary":null,"stage":null} @ webpack-internal:///(app-pages-browser)/./lib/chat-transport.ts:137
[  167584ms] [LOG] [ChatTransport] onmessage triggered, has currentResponseHandler: true @ webpack-internal:///(app-pages-browser)/./lib/chat-transport.ts:41
[  167585ms] [LOG] [ChatTransport] responseHandler called, data: {"type":"delta","content":"**","error":null,"message_id":"4d1e696e-827d-4a7c-a150-a9a9791a1190","conversation_id":null,"itinerary":null,"stage":null} @ webpack-internal:///(app-pages-browser)/./lib/chat-transport.ts:137
[  167624ms] [LOG] [ChatTransport] onmessage triggered, has currentResponseHandler: true @ webpack-internal:///(app-pages-browser)/./lib/chat-transport.ts:41
[  167624ms] [LOG] [ChatTransport] responseHandler called, data: {"type":"delta","content":"：","error":null,"message_id":"4d1e696e-827d-4a7c-a150-a9a9791a1190","conversation_id":null,"itinerary":null,"stage":null} @ webpack-internal:///(app-pages-browser)/./lib/chat-transport.ts:137
[  167670ms] [LOG] [ChatTransport] onmessage triggered, has currentResponseHandler: true @ webpack-internal:///(app-pages-browser)/./lib/chat-transport.ts:41
[  167671ms] [LOG] [ChatTransport] responseHandler called, data: {"type":"delta","content":"札","error":null,"message_id":"4d1e696e-827d-4a7c-a150-a9a9791a1190","conversation_id":null,"itinerary":null,"stage":null} @ webpack-internal:///(app-pages-browser)/./lib/chat-transport.ts:137
[  167701ms] [LOG] [ChatTransport] onmessage triggered, has currentResponseHandler: true @ webpack-internal:///(app-pages-browser)/./lib/chat-transport.ts:41
[  167701ms] [LOG] [ChatTransport] responseHandler called, data: {"type":"delta","content":"幌","error":null,"message_id":"4d1e696e-827d-4a7c-a150-a9a9791a1190","conversation_id":null,"itinerary":null,"stage":null} @ webpack-internal:///(app-pages-browser)/./lib/chat-transport.ts:137
[  167701ms] [LOG] [ChatTransport] onmessage triggered, has currentResponseHandler: true @ webpack-internal:///(app-pages-browser)/./lib/chat-transport.ts:41
[  167701ms] [LOG] [ChatTransport] responseHandler called, data: {"type":"delta","content":"雪","error":null,"message_id":"4d1e696e-827d-4a7c-a150-a9a9791a1190","conversation_id":null,"itinerary":null,"stage":null} @ webpack-internal:///(app-pages-browser)/./lib/chat-transport.ts:137
[  167747ms] [LOG] [ChatTransport] onmessage triggered, has currentResponseHandler: true @ webpack-internal:///(app-pages-browser)/./lib/chat-transport.ts:41
[  167747ms] [LOG] [ChatTransport] responseHandler called, data: {"type":"delta","content":"祭","error":null,"message_id":"4d1e696e-827d-4a7c-a150-a9a9791a1190","conversation_id":null,"itinerary":null,"stage":null} @ webpack-internal:///(app-pages-browser)/./lib/chat-transport.ts:137
[  167778ms] [LOG] [ChatTransport] onmessage triggered, has currentResponseHandler: true @ webpack-internal:///(app-pages-browser)/./lib/chat-transport.ts:41
[  167779ms] [LOG] [ChatTransport] responseHandler called, data: {"type":"delta","content":"、","error":null,"message_id":"4d1e696e-827d-4a7c-a150-a9a9791a1190","conversation_id":null,"itinerary":null,"stage":null} @ webpack-internal:///(app-pages-browser)/./lib/chat-transport.ts:137
[  167812ms] [LOG] [ChatTransport] onmessage triggered, has currentResponseHandler: true @ webpack-internal:///(app-pages-browser)/./lib/chat-transport.ts:41
[  167812ms] [LOG] [ChatTransport] responseHandler called, data: {"type":"delta","content":"小","error":null,"message_id":"4d1e696e-827d-4a7c-a150-a9a9791a1190","conversation_id":null,"itinerary":null,"stage":null} @ webpack-internal:///(app-pages-browser)/./lib/chat-transport.ts:137
[  167855ms] [LOG] [ChatTransport] onmessage triggered, has currentResponseHandler: true @ webpack-internal:///(app-pages-browser)/./lib/chat-transport.ts:41
[  167855ms] [LOG] [ChatTransport] responseHandler called, data: {"type":"delta","content":"樽","error":null,"message_id":"4d1e696e-827d-4a7c-a150-a9a9791a1190","conversation_id":null,"itinerary":null,"stage":null} @ webpack-internal:///(app-pages-browser)/./lib/chat-transport.ts:137
[  167916ms] [LOG] [ChatTransport] onmessage triggered, has currentResponseHandler: true @ webpack-internal:///(app-pages-browser)/./lib/chat-transport.ts:41
[  167917ms] [LOG] [ChatTransport] responseHandler called, data: {"type":"delta","content":"运河","error":null,"message_id":"4d1e696e-827d-4a7c-a150-a9a9791a1190","conversation_id":null,"itinerary":null,"stage":null} @ webpack-internal:///(app-pages-browser)/./lib/chat-transport.ts:137
[  167950ms] [LOG] [ChatTransport] onmessage triggered, has currentResponseHandler: true @ webpack-internal:///(app-pages-browser)/./lib/chat-transport.ts:41
[  167951ms] [LOG] [ChatTransport] responseHandler called, data: {"type":"delta","content":"、","error":null,"message_id":"4d1e696e-827d-4a7c-a150-a9a9791a1190","conversation_id":null,"itinerary":null,"stage":null} @ webpack-internal:///(app-pages-browser)/./lib/chat-transport.ts:137
[  167999ms] [LOG] [ChatTransport] onmessage triggered, has currentResponseHandler: true @ webpack-internal:///(app-pages-browser)/./lib/chat-transport.ts:41
[  167999ms] [LOG] [ChatTransport] responseHandler called, data: {"type":"delta","content":"富","error":null,"message_id":"4d1e696e-827d-4a7c-a150-a9a9791a1190","conversation_id":null,"itinerary":null,"stage":null} @ webpack-internal:///(app-pages-browser)/./lib/chat-transport.ts:137
[  168023ms] [LOG] [ChatTransport] onmessage triggered, has currentResponseHandler: true @ webpack-internal:///(app-pages-browser)/./lib/chat-transport.ts:41
[  168023ms] [LOG] [ChatTransport] responseHandler called, data: {"type":"delta","content":"良","error":null,"message_id":"4d1e696e-827d-4a7c-a150-a9a9791a1190","conversation_id":null,"itinerary":null,"stage":null} @ webpack-internal:///(app-pages-browser)/./lib/chat-transport.ts:137
[  168054ms] [LOG] [ChatTransport] onmessage triggered, has currentResponseHandler: true @ webpack-internal:///(app-pages-browser)/./lib/chat-transport.ts:41
[  168055ms] [LOG] [ChatTransport] responseHandler called, data: {"type":"delta","content":"野","error":null,"message_id":"4d1e696e-827d-4a7c-a150-a9a9791a1190","conversation_id":null,"itinerary":null,"stage":null} @ webpack-internal:///(app-pages-browser)/./lib/chat-transport.ts:137
[  168085ms] [LOG] [ChatTransport] onmessage triggered, has currentResponseHandler: true @ webpack-internal:///(app-pages-browser)/./lib/chat-transport.ts:41
[  168085ms] [LOG] [ChatTransport] responseHandler called, data: {"type":"delta","content":"花","error":null,"message_id":"4d1e696e-827d-4a7c-a150-a9a9791a1190","conversation_id":null,"itinerary":null,"stage":null} @ webpack-internal:///(app-pages-browser)/./lib/chat-transport.ts:137
[  168117ms] [LOG] [ChatTransport] onmessage triggered, has currentResponseHandler: true @ webpack-internal:///(app-pages-browser)/./lib/chat-transport.ts:41
[  168118ms] [LOG] [ChatTransport] responseHandler called, data: {"type":"delta","content":"田","error":null,"message_id":"4d1e696e-827d-4a7c-a150-a9a9791a1190","conversation_id":null,"itinerary":null,"stage":null} @ webpack-internal:///(app-pages-browser)/./lib/chat-transport.ts:137
[  168152ms] [LOG] [ChatTransport] onmessage triggered, has currentResponseHandler: true @ webpack-internal:///(app-pages-browser)/./lib/chat-transport.ts:41
[  168153ms] [LOG] [ChatTransport] responseHandler called, data: {"type":"delta","content":"、","error":null,"message_id":"4d1e696e-827d-4a7c-a150-a9a9791a1190","conversation_id":null,"itinerary":null,"stage":null} @ webpack-internal:///(app-pages-browser)/./lib/chat-transport.ts:137
[  168183ms] [LOG] [ChatTransport] onmessage triggered, has currentResponseHandler: true @ webpack-internal:///(app-pages-browser)/./lib/chat-transport.ts:41
[  168184ms] [LOG] [ChatTransport] responseHandler called, data: {"type":"delta","content":"温泉","error":null,"message_id":"4d1e696e-827d-4a7c-a150-a9a9791a1190","conversation_id":null,"itinerary":null,"stage":null} @ webpack-internal:///(app-pages-browser)/./lib/chat-transport.ts:137
[  168214ms] [LOG] [ChatTransport] onmessage triggered, has currentResponseHandler: true @ webpack-internal:///(app-pages-browser)/./lib/chat-transport.ts:41
[  168215ms] [LOG] [ChatTransport] responseHandler called, data: {"type":"delta","content":"\n","error":null,"message_id":"4d1e696e-827d-4a7c-a150-a9a9791a1190","conversation_id":null,"itinerary":null,"stage":null} @ webpack-internal:///(app-pages-browser)/./lib/chat-transport.ts:137
[  168247ms] [LOG] [ChatTransport] onmessage triggered, has currentResponseHandler: true @ webpack-internal:///(app-pages-browser)/./lib/chat-transport.ts:41
[  168248ms] [LOG] [ChatTransport] responseHandler called, data: {"type":"delta","content":"-","error":null,"message_id":"4d1e696e-827d-4a7c-a150-a9a9791a1190","conversation_id":null,"itinerary":null,"stage":null} @ webpack-internal:///(app-pages-browser)/./lib/chat-transport.ts:137
[  168262ms] [LOG] [ChatTransport] onmessage triggered, has currentResponseHandler: true @ webpack-internal:///(app-pages-browser)/./lib/chat-transport.ts:41
[  168263ms] [LOG] [ChatTransport] responseHandler called, data: {"type":"delta","content":" **","error":null,"message_id":"4d1e696e-827d-4a7c-a150-a9a9791a1190","conversation_id":null,"itinerary":null,"stage":null} @ webpack-internal:///(app-pages-browser)/./lib/chat-transport.ts:137
[  168280ms] [LOG] [ChatTransport] onmessage triggered, has currentResponseHandler: true @ webpack-internal:///(app-pages-browser)/./lib/chat-transport.ts:41
[  168281ms] [LOG] [ChatTransport] responseHandler called, data: {"type":"delta","content":"适合","error":null,"message_id":"4d1e696e-827d-4a7c-a150-a9a9791a1190","conversation_id":null,"itinerary":null,"stage":null} @ webpack-internal:///(app-pages-browser)/./lib/chat-transport.ts:137
[  168285ms] [LOG] [ChatTransport] onmessage triggered, has currentResponseHandler: true @ webpack-internal:///(app-pages-browser)/./lib/chat-transport.ts:41
[  168285ms] [LOG] [ChatTransport] responseHandler called, data: {"type":"delta","content":"**","error":null,"message_id":"4d1e696e-827d-4a7c-a150-a9a9791a1190","conversation_id":null,"itinerary":null,"stage":null} @ webpack-internal:///(app-pages-browser)/./lib/chat-transport.ts:137
[  168342ms] [LOG] [ChatTransport] onmessage triggered, has currentResponseHandler: true @ webpack-internal:///(app-pages-browser)/./lib/chat-transport.ts:41
[  168342ms] [LOG] [ChatTransport] responseHandler called, data: {"type":"delta","content":"：","error":null,"message_id":"4d1e696e-827d-4a7c-a150-a9a9791a1190","conversation_id":null,"itinerary":null,"stage":null} @ webpack-internal:///(app-pages-browser)/./lib/chat-transport.ts:137
[  168348ms] [LOG] [ChatTransport] onmessage triggered, has currentResponseHandler: true @ webpack-internal:///(app-pages-browser)/./lib/chat-transport.ts:41
[  168348ms] [LOG] [ChatTransport] responseHandler called, data: {"type":"delta","content":"自然","error":null,"message_id":"4d1e696e-827d-4a7c-a150-a9a9791a1190","conversation_id":null,"itinerary":null,"stage":null} @ webpack-internal:///(app-pages-browser)/./lib/chat-transport.ts:137
[  168406ms] [LOG] [ChatTransport] onmessage triggered, has currentResponseHandler: true @ webpack-internal:///(app-pages-browser)/./lib/chat-transport.ts:41
[  168406ms] [LOG] [ChatTransport] responseHandler called, data: {"type":"delta","content":"爱好者","error":null,"message_id":"4d1e696e-827d-4a7c-a150-a9a9791a1190","conversation_id":null,"itinerary":null,"stage":null} @ webpack-internal:///(app-pages-browser)/./lib/chat-transport.ts:137
[  168411ms] [LOG] [ChatTransport] onmessage triggered, has currentResponseHandler: true @ webpack-internal:///(app-pages-browser)/./lib/chat-transport.ts:41
[  168411ms] [LOG] [ChatTransport] responseHandler called, data: {"type":"delta","content":"、","error":null,"message_id":"4d1e696e-827d-4a7c-a150-a9a9791a1190","conversation_id":null,"itinerary":null,"stage":null} @ webpack-internal:///(app-pages-browser)/./lib/chat-transport.ts:137
[  168503ms] [LOG] [ChatTransport] onmessage triggered, has currentResponseHandler: true @ webpack-internal:///(app-pages-browser)/./lib/chat-transport.ts:41
[  168503ms] [LOG] [ChatTransport] responseHandler called, data: {"type":"delta","content":"冬季","error":null,"message_id":"4d1e696e-827d-4a7c-a150-a9a9791a1190","conversation_id":null,"itinerary":null,"stage":null} @ webpack-internal:///(app-pages-browser)/./lib/chat-transport.ts:137
[  168510ms] [LOG] [ChatTransport] onmessage triggered, has currentResponseHandler: true @ webpack-internal:///(app-pages-browser)/./lib/chat-transport.ts:41
[  168511ms] [LOG] [ChatTransport] responseHandler called, data: {"type":"delta","content":"运动","error":null,"message_id":"4d1e696e-827d-4a7c-a150-a9a9791a1190","conversation_id":null,"itinerary":null,"stage":null} @ webpack-internal:///(app-pages-browser)/./lib/chat-transport.ts:137
[  168528ms] [LOG] [ChatTransport] onmessage triggered, has currentResponseHandler: true @ webpack-internal:///(app-pages-browser)/./lib/chat-transport.ts:41
[  168529ms] [LOG] [ChatTransport] responseHandler called, data: {"type":"delta","content":"、","error":null,"message_id":"4d1e696e-827d-4a7c-a150-a9a9791a1190","conversation_id":null,"itinerary":null,"stage":null} @ webpack-internal:///(app-pages-browser)/./lib/chat-transport.ts:137
[  168561ms] [LOG] [ChatTransport] onmessage triggered, has currentResponseHandler: true @ webpack-internal:///(app-pages-browser)/./lib/chat-transport.ts:41
[  168562ms] [LOG] [ChatTransport] responseHandler called, data: {"type":"delta","content":"美食","error":null,"message_id":"4d1e696e-827d-4a7c-a150-a9a9791a1190","conversation_id":null,"itinerary":null,"stage":null} @ webpack-internal:///(app-pages-browser)/./lib/chat-transport.ts:137
[  168592ms] [LOG] [ChatTransport] onmessage triggered, has currentResponseHandler: true @ webpack-internal:///(app-pages-browser)/./lib/chat-transport.ts:41
[  168592ms] [LOG] [ChatTransport] responseHandler called, data: {"type":"delta","content":"探索","error":null,"message_id":"4d1e696e-827d-4a7c-a150-a9a9791a1190","conversation_id":null,"itinerary":null,"stage":null} @ webpack-internal:///(app-pages-browser)/./lib/chat-transport.ts:137
[  168668ms] [LOG] [ChatTransport] onmessage triggered, has currentResponseHandler: true @ webpack-internal:///(app-pages-browser)/./lib/chat-transport.ts:41
[  168668ms] [LOG] [ChatTransport] responseHandler called, data: {"type":"delta","content":"\n\n","error":null,"message_id":"4d1e696e-827d-4a7c-a150-a9a9791a1190","conversation_id":null,"itinerary":null,"stage":null} @ webpack-internal:///(app-pages-browser)/./lib/chat-transport.ts:137
[  168696ms] [LOG] [ChatTransport] onmessage triggered, has currentResponseHandler: true @ webpack-internal:///(app-pages-browser)/./lib/chat-transport.ts:41
[  168697ms] [LOG] [ChatTransport] responseHandler called, data: {"type":"delta","content":"###","error":null,"message_id":"4d1e696e-827d-4a7c-a150-a9a9791a1190","conversation_id":null,"itinerary":null,"stage":null} @ webpack-internal:///(app-pages-browser)/./lib/chat-transport.ts:137
[  168729ms] [LOG] [ChatTransport] onmessage triggered, has currentResponseHandler: true @ webpack-internal:///(app-pages-browser)/./lib/chat-transport.ts:41
[  168729ms] [LOG] [ChatTransport] responseHandler called, data: {"type":"delta","content":" **","error":null,"message_id":"4d1e696e-827d-4a7c-a150-a9a9791a1190","conversation_id":null,"itinerary":null,"stage":null} @ webpack-internal:///(app-pages-browser)/./lib/chat-transport.ts:137
[  168765ms] [LOG] [ChatTransport] onmessage triggered, has currentResponseHandler: true @ webpack-internal:///(app-pages-browser)/./lib/chat-transport.ts:41
[  168766ms] [LOG] [ChatTransport] responseHandler called, data: {"type":"delta","content":"冲","error":null,"message_id":"4d1e696e-827d-4a7c-a150-a9a9791a1190","conversation_id":null,"itinerary":null,"stage":null} @ webpack-internal:///(app-pages-browser)/./lib/chat-transport.ts:137
[  168796ms] [LOG] [ChatTransport] onmessage triggered, has currentResponseHandler: true @ webpack-internal:///(app-pages-browser)/./lib/chat-transport.ts:41
[  168796ms] [LOG] [ChatTransport] responseHandler called, data: {"type":"delta","content":"绳","error":null,"message_id":"4d1e696e-827d-4a7c-a150-a9a9791a1190","conversation_id":null,"itinerary":null,"stage":null} @ webpack-internal:///(app-pages-browser)/./lib/chat-transport.ts:137
[  168825ms] [LOG] [ChatTransport] onmessage triggered, has currentResponseHandler: true @ webpack-internal:///(app-pages-browser)/./lib/chat-transport.ts:41
[  168826ms] [LOG] [ChatTransport] responseHandler called, data: {"type":"delta","content":"**\n","error":null,"message_id":"4d1e696e-827d-4a7c-a150-a9a9791a1190","conversation_id":null,"itinerary":null,"stage":null} @ webpack-internal:///(app-pages-browser)/./lib/chat-transport.ts:137
[  168893ms] [LOG] [ChatTransport] onmessage triggered, has currentResponseHandler: true @ webpack-internal:///(app-pages-browser)/./lib/chat-transport.ts:41
[  168893ms] [LOG] [ChatTransport] responseHandler called, data: {"type":"delta","content":"-","error":null,"message_id":"4d1e696e-827d-4a7c-a150-a9a9791a1190","conversation_id":null,"itinerary":null,"stage":null} @ webpack-internal:///(app-pages-browser)/./lib/chat-transport.ts:137
[  168931ms] [LOG] [ChatTransport] onmessage triggered, has currentResponseHandler: true @ webpack-internal:///(app-pages-browser)/./lib/chat-transport.ts:41
[  168932ms] [LOG] [ChatTransport] responseHandler called, data: {"type":"delta","content":" **","error":null,"message_id":"4d1e696e-827d-4a7c-a150-a9a9791a1190","conversation_id":null,"itinerary":null,"stage":null} @ webpack-internal:///(app-pages-browser)/./lib/chat-transport.ts:137
[  168958ms] [LOG] [ChatTransport] onmessage triggered, has currentResponseHandler: true @ webpack-internal:///(app-pages-browser)/./lib/chat-transport.ts:41
[  168958ms] [LOG] [ChatTransport] responseHandler called, data: {"type":"delta","content":"特色","error":null,"message_id":"4d1e696e-827d-4a7c-a150-a9a9791a1190","conversation_id":null,"itinerary":null,"stage":null} @ webpack-internal:///(app-pages-browser)/./lib/chat-transport.ts:137
[  168958ms] [LOG] [ChatTransport] onmessage triggered, has currentResponseHandler: true @ webpack-internal:///(app-pages-browser)/./lib/chat-transport.ts:41
[  168959ms] [LOG] [ChatTransport] responseHandler called, data: {"type":"delta","content":"**","error":null,"message_id":"4d1e696e-827d-4a7c-a150-a9a9791a1190","conversation_id":null,"itinerary":null,"stage":null} @ webpack-internal:///(app-pages-browser)/./lib/chat-transport.ts:137
[  168987ms] [LOG] [ChatTransport] onmessage triggered, has currentResponseHandler: true @ webpack-internal:///(app-pages-browser)/./lib/chat-transport.ts:41
[  168988ms] [LOG] [ChatTransport] responseHandler called, data: {"type":"delta","content":"：","error":null,"message_id":"4d1e696e-827d-4a7c-a150-a9a9791a1190","conversation_id":null,"itinerary":null,"stage":null} @ webpack-internal:///(app-pages-browser)/./lib/chat-transport.ts:137
[  169044ms] [LOG] [ChatTransport] onmessage triggered, has currentResponseHandler: true @ webpack-internal:///(app-pages-browser)/./lib/chat-transport.ts:41
[  169044ms] [LOG] [ChatTransport] responseHandler called, data: {"type":"delta","content":"热带","error":null,"message_id":"4d1e696e-827d-4a7c-a150-a9a9791a1190","conversation_id":null,"itinerary":null,"stage":null} @ webpack-internal:///(app-pages-browser)/./lib/chat-transport.ts:137
[  169071ms] [LOG] [ChatTransport] onmessage triggered, has currentResponseHandler: true @ webpack-internal:///(app-pages-browser)/./lib/chat-transport.ts:41
[  169072ms] [LOG] [ChatTransport] responseHandler called, data: {"type":"delta","content":"海岛","error":null,"message_id":"4d1e696e-827d-4a7c-a150-a9a9791a1190","conversation_id":null,"itinerary":null,"stage":null} @ webpack-internal:///(app-pages-browser)/./lib/chat-transport.ts:137
[  169100ms] [LOG] [ChatTransport] onmessage triggered, has currentResponseHandler: true @ webpack-internal:///(app-pages-browser)/./lib/chat-transport.ts:41
[  169101ms] [LOG] [ChatTransport] responseHandler called, data: {"type":"delta","content":"、","error":null,"message_id":"4d1e696e-827d-4a7c-a150-a9a9791a1190","conversation_id":null,"itinerary":null,"stage":null} @ webpack-internal:///(app-pages-browser)/./lib/chat-transport.ts:137
[  169129ms] [LOG] [ChatTransport] onmessage triggered, has currentResponseHandler: true @ webpack-internal:///(app-pages-browser)/./lib/chat-transport.ts:41
[  169130ms] [LOG] [ChatTransport] responseHandler called, data: {"type":"delta","content":"美国","error":null,"message_id":"4d1e696e-827d-4a7c-a150-a9a9791a1190","conversation_id":null,"itinerary":null,"stage":null} @ webpack-internal:///(app-pages-browser)/./lib/chat-transport.ts:137
[  169158ms] [LOG] [ChatTransport] onmessage triggered, has currentResponseHandler: true @ webpack-internal:///(app-pages-browser)/./lib/chat-transport.ts:41
[  169159ms] [LOG] [ChatTransport] responseHandler called, data: {"type":"delta","content":"文化","error":null,"message_id":"4d1e696e-827d-4a7c-a150-a9a9791a1190","conversation_id":null,"itinerary":null,"stage":null} @ webpack-internal:///(app-pages-browser)/./lib/chat-transport.ts:137
[  169191ms] [LOG] [ChatTransport] onmessage triggered, has currentResponseHandler: true @ webpack-internal:///(app-pages-browser)/./lib/chat-transport.ts:41
[  169192ms] [LOG] [ChatTransport] responseHandler called, data: {"type":"delta","content":"影响","error":null,"message_id":"4d1e696e-827d-4a7c-a150-a9a9791a1190","conversation_id":null,"itinerary":null,"stage":null} @ webpack-internal:///(app-pages-browser)/./lib/chat-transport.ts:137
[  169221ms] [LOG] [ChatTransport] onmessage triggered, has currentResponseHandler: true @ webpack-internal:///(app-pages-browser)/./lib/chat-transport.ts:41
[  169222ms] [LOG] [ChatTransport] responseHandler called, data: {"type":"delta","content":"、","error":null,"message_id":"4d1e696e-827d-4a7c-a150-a9a9791a1190","conversation_id":null,"itinerary":null,"stage":null} @ webpack-internal:///(app-pages-browser)/./lib/chat-transport.ts:137
[  169251ms] [LOG] [ChatTransport] onmessage triggered, has currentResponseHandler: true @ webpack-internal:///(app-pages-browser)/./lib/chat-transport.ts:41
[  169253ms] [LOG] [ChatTransport] responseHandler called, data: {"type":"delta","content":"潜水","error":null,"message_id":"4d1e696e-827d-4a7c-a150-a9a9791a1190","conversation_id":null,"itinerary":null,"stage":null} @ webpack-internal:///(app-pages-browser)/./lib/chat-transport.ts:137
[  169284ms] [LOG] [ChatTransport] onmessage triggered, has currentResponseHandler: true @ webpack-internal:///(app-pages-browser)/./lib/chat-transport.ts:41
[  169285ms] [LOG] [ChatTransport] responseHandler called, data: {"type":"delta","content":"胜地","error":null,"message_id":"4d1e696e-827d-4a7c-a150-a9a9791a1190","conversation_id":null,"itinerary":null,"stage":null} @ webpack-internal:///(app-pages-browser)/./lib/chat-transport.ts:137
[  169289ms] [LOG] [ChatTransport] onmessage triggered, has currentResponseHandler: true @ webpack-internal:///(app-pages-browser)/./lib/chat-transport.ts:41
[  169289ms] [LOG] [ChatTransport] responseHandler called, data: {"type":"delta","content":"\n","error":null,"message_id":"4d1e696e-827d-4a7c-a150-a9a9791a1190","conversation_id":null,"itinerary":null,"stage":null} @ webpack-internal:///(app-pages-browser)/./lib/chat-transport.ts:137
[  169332ms] [LOG] [ChatTransport] onmessage triggered, has currentResponseHandler: true @ webpack-internal:///(app-pages-browser)/./lib/chat-transport.ts:41
[  169333ms] [LOG] [ChatTransport] responseHandler called, data: {"type":"delta","content":"-","error":null,"message_id":"4d1e696e-827d-4a7c-a150-a9a9791a1190","conversation_id":null,"itinerary":null,"stage":null} @ webpack-internal:///(app-pages-browser)/./lib/chat-transport.ts:137
[  169339ms] [LOG] [ChatTransport] onmessage triggered, has currentResponseHandler: true @ webpack-internal:///(app-pages-browser)/./lib/chat-transport.ts:41
[  169340ms] [LOG] [ChatTransport] responseHandler called, data: {"type":"delta","content":" **","error":null,"message_id":"4d1e696e-827d-4a7c-a150-a9a9791a1190","conversation_id":null,"itinerary":null,"stage":null} @ webpack-internal:///(app-pages-browser)/./lib/chat-transport.ts:137
[  169390ms] [LOG] [ChatTransport] onmessage triggered, has currentResponseHandler: true @ webpack-internal:///(app-pages-browser)/./lib/chat-transport.ts:41
[  169391ms] [LOG] [ChatTransport] responseHandler called, data: {"type":"delta","content":"亮点","error":null,"message_id":"4d1e696e-827d-4a7c-a150-a9a9791a1190","conversation_id":null,"itinerary":null,"stage":null} @ webpack-internal:///(app-pages-browser)/./lib/chat-transport.ts:137
[  169395ms] [LOG] [ChatTransport] onmessage triggered, has currentResponseHandler: true @ webpack-internal:///(app-pages-browser)/./lib/chat-transport.ts:41
[  169395ms] [LOG] [ChatTransport] responseHandler called, data: {"type":"delta","content":"**","error":null,"message_id":"4d1e696e-827d-4a7c-a150-a9a9791a1190","conversation_id":null,"itinerary":null,"stage":null} @ webpack-internal:///(app-pages-browser)/./lib/chat-transport.ts:137
[  169456ms] [LOG] [ChatTransport] onmessage triggered, has currentResponseHandler: true @ webpack-internal:///(app-pages-browser)/./lib/chat-transport.ts:41
[  169457ms] [LOG] [ChatTransport] responseHandler called, data: {"type":"delta","content":"：","error":null,"message_id":"4d1e696e-827d-4a7c-a150-a9a9791a1190","conversation_id":null,"itinerary":null,"stage":null} @ webpack-internal:///(app-pages-browser)/./lib/chat-transport.ts:137
[  169460ms] [LOG] [ChatTransport] onmessage triggered, has currentResponseHandler: true @ webpack-internal:///(app-pages-browser)/./lib/chat-transport.ts:41
[  169460ms] [LOG] [ChatTransport] responseHandler called, data: {"type":"delta","content":"美丽","error":null,"message_id":"4d1e696e-827d-4a7c-a150-a9a9791a1190","conversation_id":null,"itinerary":null,"stage":null} @ webpack-internal:///(app-pages-browser)/./lib/chat-transport.ts:137
[  169517ms] [LOG] [ChatTransport] onmessage triggered, has currentResponseHandler: true @ webpack-internal:///(app-pages-browser)/./lib/chat-transport.ts:41
[  169518ms] [LOG] [ChatTransport] responseHandler called, data: {"type":"delta","content":"海水","error":null,"message_id":"4d1e696e-827d-4a7c-a150-a9a9791a1190","conversation_id":null,"itinerary":null,"stage":null} @ webpack-internal:///(app-pages-browser)/./lib/chat-transport.ts:137
[  169527ms] [LOG] [ChatTransport] onmessage triggered, has currentResponseHandler: true @ webpack-internal:///(app-pages-browser)/./lib/chat-transport.ts:41
[  169527ms] [LOG] [ChatTransport] responseHandler called, data: {"type":"delta","content":"族","error":null,"message_id":"4d1e696e-827d-4a7c-a150-a9a9791a1190","conversation_id":null,"itinerary":null,"stage":null} @ webpack-internal:///(app-pages-browser)/./lib/chat-transport.ts:137
[  169585ms] [LOG] [ChatTransport] onmessage triggered, has currentResponseHandler: true @ webpack-internal:///(app-pages-browser)/./lib/chat-transport.ts:41
[  169586ms] [LOG] [ChatTransport] responseHandler called, data: {"type":"delta","content":"馆","error":null,"message_id":"4d1e696e-827d-4a7c-a150-a9a9791a1190","conversation_id":null,"itinerary":null,"stage":null} @ webpack-internal:///(app-pages-browser)/./lib/chat-transport.ts:137
[  169614ms] [LOG] [ChatTransport] onmessage triggered, has currentResponseHandler: true @ webpack-internal:///(app-pages-browser)/./lib/chat-transport.ts:41
[  169615ms] [LOG] [ChatTransport] responseHandler called, data: {"type":"delta","content":"、","error":null,"message_id":"4d1e696e-827d-4a7c-a150-a9a9791a1190","conversation_id":null,"itinerary":null,"stage":null} @ webpack-internal:///(app-pages-browser)/./lib/chat-transport.ts:137
[  169659ms] [LOG] [ChatTransport] onmessage triggered, has currentResponseHandler: true @ webpack-internal:///(app-pages-browser)/./lib/chat-transport.ts:41
[  169660ms] [LOG] [ChatTransport] responseHandler called, data: {"type":"delta","content":"古","error":null,"message_id":"4d1e696e-827d-4a7c-a150-a9a9791a1190","conversation_id":null,"itinerary":null,"stage":null} @ webpack-internal:///(app-pages-browser)/./lib/chat-transport.ts:137
[  169695ms] [LOG] [ChatTransport] onmessage triggered, has currentResponseHandler: true @ webpack-internal:///(app-pages-browser)/./lib/chat-transport.ts:41
[  169695ms] [LOG] [ChatTransport] responseHandler called, data: {"type":"delta","content":"宇","error":null,"message_id":"4d1e696e-827d-4a7c-a150-a9a9791a1190","conversation_id":null,"itinerary":null,"stage":null} @ webpack-internal:///(app-pages-browser)/./lib/chat-transport.ts:137
[  169716ms] [LOG] [ChatTransport] onmessage triggered, has currentResponseHandler: true @ webpack-internal:///(app-pages-browser)/./lib/chat-transport.ts:41
[  169716ms] [LOG] [ChatTransport] responseHandler called, data: {"type":"delta","content":"利","error":null,"message_id":"4d1e696e-827d-4a7c-a150-a9a9791a1190","conversation_id":null,"itinerary":null,"stage":null} @ webpack-internal:///(app-pages-browser)/./lib/chat-transport.ts:137
[  169773ms] [LOG] [ChatTransport] onmessage triggered, has currentResponseHandler: true @ webpack-internal:///(app-pages-browser)/./lib/chat-transport.ts:41
[  169774ms] [LOG] [ChatTransport] responseHandler called, data: {"type":"delta","content":"岛","error":null,"message_id":"4d1e696e-827d-4a7c-a150-a9a9791a1190","conversation_id":null,"itinerary":null,"stage":null} @ webpack-internal:///(app-pages-browser)/./lib/chat-transport.ts:137
[  169805ms] [LOG] [ChatTransport] onmessage triggered, has currentResponseHandler: true @ webpack-internal:///(app-pages-browser)/./lib/chat-transport.ts:41
[  169806ms] [LOG] [ChatTransport] responseHandler called, data: {"type":"delta","content":"、","error":null,"message_id":"4d1e696e-827d-4a7c-a150-a9a9791a1190","conversation_id":null,"itinerary":null,"stage":null} @ webpack-internal:///(app-pages-browser)/./lib/chat-transport.ts:137
[  169834ms] [LOG] [ChatTransport] onmessage triggered, has currentResponseHandler: true @ webpack-internal:///(app-pages-browser)/./lib/chat-transport.ts:41
[  169835ms] [LOG] [ChatTransport] responseHandler called, data: {"type":"delta","content":"美国","error":null,"message_id":"4d1e696e-827d-4a7c-a150-a9a9791a1190","conversation_id":null,"itinerary":null,"stage":null} @ webpack-internal:///(app-pages-browser)/./lib/chat-transport.ts:137
[  169866ms] [LOG] [ChatTransport] onmessage triggered, has currentResponseHandler: true @ webpack-internal:///(app-pages-browser)/./lib/chat-transport.ts:41
[  169866ms] [LOG] [ChatTransport] responseHandler called, data: {"type":"delta","content":"村","error":null,"message_id":"4d1e696e-827d-4a7c-a150-a9a9791a1190","conversation_id":null,"itinerary":null,"stage":null} @ webpack-internal:///(app-pages-browser)/./lib/chat-transport.ts:137
[  169892ms] [LOG] [ChatTransport] onmessage triggered, has currentResponseHandler: true @ webpack-internal:///(app-pages-browser)/./lib/chat-transport.ts:41
[  169893ms] [LOG] [ChatTransport] responseHandler called, data: {"type":"delta","content":"、","error":null,"message_id":"4d1e696e-827d-4a7c-a150-a9a9791a1190","conversation_id":null,"itinerary":null,"stage":null} @ webpack-internal:///(app-pages-browser)/./lib/chat-transport.ts:137
[  169923ms] [LOG] [ChatTransport] onmessage triggered, has currentResponseHandler: true @ webpack-internal:///(app-pages-browser)/./lib/chat-transport.ts:41
[  169924ms] [LOG] [ChatTransport] responseHandler called, data: {"type":"delta","content":"琉","error":null,"message_id":"4d1e696e-827d-4a7c-a150-a9a9791a1190","conversation_id":null,"itinerary":null,"stage":null} @ webpack-internal:///(app-pages-browser)/./lib/chat-transport.ts:137
[  169953ms] [LOG] [ChatTransport] onmessage triggered, has currentResponseHandler: true @ webpack-internal:///(app-pages-browser)/./lib/chat-transport.ts:41
[  169953ms] [LOG] [ChatTransport] responseHandler called, data: {"type":"delta","content":"球","error":null,"message_id":"4d1e696e-827d-4a7c-a150-a9a9791a1190","conversation_id":null,"itinerary":null,"stage":null} @ webpack-internal:///(app-pages-browser)/./lib/chat-transport.ts:137
[  169982ms] [LOG] [ChatTransport] onmessage triggered, has currentResponseHandler: true @ webpack-internal:///(app-pages-browser)/./lib/chat-transport.ts:41
[  169983ms] [LOG] [ChatTransport] responseHandler called, data: {"type":"delta","content":"文化","error":null,"message_id":"4d1e696e-827d-4a7c-a150-a9a9791a1190","conversation_id":null,"itinerary":null,"stage":null} @ webpack-internal:///(app-pages-browser)/./lib/chat-transport.ts:137
[  170069ms] [LOG] [ChatTransport] onmessage triggered, has currentResponseHandler: true @ webpack-internal:///(app-pages-browser)/./lib/chat-transport.ts:41
[  170069ms] [LOG] [ChatTransport] responseHandler called, data: {"type":"delta","content":"\n","error":null,"message_id":"4d1e696e-827d-4a7c-a150-a9a9791a1190","conversation_id":null,"itinerary":null,"stage":null} @ webpack-internal:///(app-pages-browser)/./lib/chat-transport.ts:137
[  170095ms] [LOG] [ChatTransport] onmessage triggered, has currentResponseHandler: true @ webpack-internal:///(app-pages-browser)/./lib/chat-transport.ts:41
[  170096ms] [LOG] [ChatTransport] responseHandler called, data: {"type":"delta","content":"-","error":null,"message_id":"4d1e696e-827d-4a7c-a150-a9a9791a1190","conversation_id":null,"itinerary":null,"stage":null} @ webpack-internal:///(app-pages-browser)/./lib/chat-transport.ts:137
[  170125ms] [LOG] [ChatTransport] onmessage triggered, has currentResponseHandler: true @ webpack-internal:///(app-pages-browser)/./lib/chat-transport.ts:41
[  170126ms] [LOG] [ChatTransport] responseHandler called, data: {"type":"delta","content":" **","error":null,"message_id":"4d1e696e-827d-4a7c-a150-a9a9791a1190","conversation_id":null,"itinerary":null,"stage":null} @ webpack-internal:///(app-pages-browser)/./lib/chat-transport.ts:137
[  170127ms] [LOG] [ChatTransport] onmessage triggered, has currentResponseHandler: true @ webpack-internal:///(app-pages-browser)/./lib/chat-transport.ts:41
[  170128ms] [LOG] [ChatTransport] responseHandler called, data: {"type":"delta","content":"适合","error":null,"message_id":"4d1e696e-827d-4a7c-a150-a9a9791a1190","conversation_id":null,"itinerary":null,"stage":null} @ webpack-internal:///(app-pages-browser)/./lib/chat-transport.ts:137
[  170160ms] [LOG] [ChatTransport] onmessage triggered, has currentResponseHandler: true @ webpack-internal:///(app-pages-browser)/./lib/chat-transport.ts:41
[  170160ms] [LOG] [ChatTransport] responseHandler called, data: {"type":"delta","content":"**","error":null,"message_id":"4d1e696e-827d-4a7c-a150-a9a9791a1190","conversation_id":null,"itinerary":null,"stage":null} @ webpack-internal:///(app-pages-browser)/./lib/chat-transport.ts:137
[  170161ms] [LOG] [ChatTransport] onmessage triggered, has currentResponseHandler: true @ webpack-internal:///(app-pages-browser)/./lib/chat-transport.ts:41
[  170162ms] [LOG] [ChatTransport] responseHandler called, data: {"type":"delta","content":"：","error":null,"message_id":"4d1e696e-827d-4a7c-a150-a9a9791a1190","conversation_id":null,"itinerary":null,"stage":null} @ webpack-internal:///(app-pages-browser)/./lib/chat-transport.ts:137
[  170209ms] [LOG] [ChatTransport] onmessage triggered, has currentResponseHandler: true @ webpack-internal:///(app-pages-browser)/./lib/chat-transport.ts:41
[  170209ms] [LOG] [ChatTransport] responseHandler called, data: {"type":"delta","content":"海滩","error":null,"message_id":"4d1e696e-827d-4a7c-a150-a9a9791a1190","conversation_id":null,"itinerary":null,"stage":null} @ webpack-internal:///(app-pages-browser)/./lib/chat-transport.ts:137
[  170238ms] [LOG] [ChatTransport] onmessage triggered, has currentResponseHandler: true @ webpack-internal:///(app-pages-browser)/./lib/chat-transport.ts:41
[  170238ms] [LOG] [ChatTransport] responseHandler called, data: {"type":"delta","content":"度假","error":null,"message_id":"4d1e696e-827d-4a7c-a150-a9a9791a1190","conversation_id":null,"itinerary":null,"stage":null} @ webpack-internal:///(app-pages-browser)/./lib/chat-transport.ts:137
[  170269ms] [LOG] [ChatTransport] onmessage triggered, has currentResponseHandler: true @ webpack-internal:///(app-pages-browser)/./lib/chat-transport.ts:41
[  170270ms] [LOG] [ChatTransport] responseHandler called, data: {"type":"delta","content":"、","error":null,"message_id":"4d1e696e-827d-4a7c-a150-a9a9791a1190","conversation_id":null,"itinerary":null,"stage":null} @ webpack-internal:///(app-pages-browser)/./lib/chat-transport.ts:137
[  170298ms] [LOG] [ChatTransport] onmessage triggered, has currentResponseHandler: true @ webpack-internal:///(app-pages-browser)/./lib/chat-transport.ts:41
[  170298ms] [LOG] [ChatTransport] responseHandler called, data: {"type":"delta","content":"潜水","error":null,"message_id":"4d1e696e-827d-4a7c-a150-a9a9791a1190","conversation_id":null,"itinerary":null,"stage":null} @ webpack-internal:///(app-pages-browser)/./lib/chat-transport.ts:137
[  170315ms] [LOG] [ChatTransport] onmessage triggered, has currentResponseHandler: true @ webpack-internal:///(app-pages-browser)/./lib/chat-transport.ts:41
[  170315ms] [LOG] [ChatTransport] responseHandler called, data: {"type":"delta","content":"爱好者","error":null,"message_id":"4d1e696e-827d-4a7c-a150-a9a9791a1190","conversation_id":null,"itinerary":null,"stage":null} @ webpack-internal:///(app-pages-browser)/./lib/chat-transport.ts:137
[  170322ms] [LOG] [ChatTransport] onmessage triggered, has currentResponseHandler: true @ webpack-internal:///(app-pages-browser)/./lib/chat-transport.ts:41
[  170322ms] [LOG] [ChatTransport] responseHandler called, data: {"type":"delta","content":"、","error":null,"message_id":"4d1e696e-827d-4a7c-a150-a9a9791a1190","conversation_id":null,"itinerary":null,"stage":null} @ webpack-internal:///(app-pages-browser)/./lib/chat-transport.ts:137
[  170364ms] [LOG] [ChatTransport] onmessage triggered, has currentResponseHandler: true @ webpack-internal:///(app-pages-browser)/./lib/chat-transport.ts:41
[  170364ms] [LOG] [ChatTransport] responseHandler called, data: {"type":"delta","content":"家庭","error":null,"message_id":"4d1e696e-827d-4a7c-a150-a9a9791a1190","conversation_id":null,"itinerary":null,"stage":null} @ webpack-internal:///(app-pages-browser)/./lib/chat-transport.ts:137
[  170370ms] [LOG] [ChatTransport] onmessage triggered, has currentResponseHandler: true @ webpack-internal:///(app-pages-browser)/./lib/chat-transport.ts:41
[  170370ms] [LOG] [ChatTransport] responseHandler called, data: {"type":"delta","content":"游","error":null,"message_id":"4d1e696e-827d-4a7c-a150-a9a9791a1190","conversation_id":null,"itinerary":null,"stage":null} @ webpack-internal:///(app-pages-browser)/./lib/chat-transport.ts:137
[  170436ms] [LOG] [ChatTransport] onmessage triggered, has currentResponseHandler: true @ webpack-internal:///(app-pages-browser)/./lib/chat-transport.ts:41
[  170437ms] [LOG] [ChatTransport] responseHandler called, data: {"type":"delta","content":"\n\n","error":null,"message_id":"4d1e696e-827d-4a7c-a150-a9a9791a1190","conversation_id":null,"itinerary":null,"stage":null} @ webpack-internal:///(app-pages-browser)/./lib/chat-transport.ts:137
[  170444ms] [LOG] [ChatTransport] onmessage triggered, has currentResponseHandler: true @ webpack-internal:///(app-pages-browser)/./lib/chat-transport.ts:41
[  170445ms] [LOG] [ChatTransport] responseHandler called, data: {"type":"delta","content":"##","error":null,"message_id":"4d1e696e-827d-4a7c-a150-a9a9791a1190","conversation_id":null,"itinerary":null,"stage":null} @ webpack-internal:///(app-pages-browser)/./lib/chat-transport.ts:137
[  170792ms] [LOG] [ChatTransport] onmessage triggered, has currentResponseHandler: true @ webpack-internal:///(app-pages-browser)/./lib/chat-transport.ts:41
[  170793ms] [LOG] [ChatTransport] responseHandler called, data: {"type":"delta","content":" 🎯","error":null,"message_id":"4d1e696e-827d-4a7c-a150-a9a9791a1190","conversation_id":null,"itinerary":null,"stage":null} @ webpack-internal:///(app-pages-browser)/./lib/chat-transport.ts:137
[  170820ms] [LOG] [ChatTransport] onmessage triggered, has currentResponseHandler: true @ webpack-internal:///(app-pages-browser)/./lib/chat-transport.ts:41
[  170821ms] [LOG] [ChatTransport] responseHandler called, data: {"type":"delta","content":" ","error":null,"message_id":"4d1e696e-827d-4a7c-a150-a9a9791a1190","conversation_id":null,"itinerary":null,"stage":null} @ webpack-internal:///(app-pages-browser)/./lib/chat-transport.ts:137
[  170823ms] [LOG] [ChatTransport] onmessage triggered, has currentResponseHandler: true @ webpack-internal:///(app-pages-browser)/./lib/chat-transport.ts:41
[  170823ms] [LOG] [ChatTransport] responseHandler called, data: {"type":"delta","content":"根据","error":null,"message_id":"4d1e696e-827d-4a7c-a150-a9a9791a1190","conversation_id":null,"itinerary":null,"stage":null} @ webpack-internal:///(app-pages-browser)/./lib/chat-transport.ts:137
[  170824ms] [LOG] [ChatTransport] onmessage triggered, has currentResponseHandler: true @ webpack-internal:///(app-pages-browser)/./lib/chat-transport.ts:41
[  170824ms] [LOG] [ChatTransport] responseHandler called, data: {"type":"delta","content":"兴趣","error":null,"message_id":"4d1e696e-827d-4a7c-a150-a9a9791a1190","conversation_id":null,"itinerary":null,"stage":null} @ webpack-internal:///(app-pages-browser)/./lib/chat-transport.ts:137
[  170824ms] [LOG] [ChatTransport] onmessage triggered, has currentResponseHandler: true @ webpack-internal:///(app-pages-browser)/./lib/chat-transport.ts:41
[  170825ms] [LOG] [ChatTransport] responseHandler called, data: {"type":"delta","content":"推荐","error":null,"message_id":"4d1e696e-827d-4a7c-a150-a9a9791a1190","conversation_id":null,"itinerary":null,"stage":null} @ webpack-internal:///(app-pages-browser)/./lib/chat-transport.ts:137
[  170825ms] [LOG] [ChatTransport] onmessage triggered, has currentResponseHandler: true @ webpack-internal:///(app-pages-browser)/./lib/chat-transport.ts:41
[  170826ms] [LOG] [ChatTransport] responseHandler called, data: {"type":"delta","content":"\n\n","error":null,"message_id":"4d1e696e-827d-4a7c-a150-a9a9791a1190","conversation_id":null,"itinerary":null,"stage":null} @ webpack-internal:///(app-pages-browser)/./lib/chat-transport.ts:137
[  170827ms] [LOG] [ChatTransport] onmessage triggered, has currentResponseHandler: true @ webpack-internal:///(app-pages-browser)/./lib/chat-transport.ts:41
[  170827ms] [LOG] [ChatTransport] responseHandler called, data: {"type":"delta","content":"-","error":null,"message_id":"4d1e696e-827d-4a7c-a150-a9a9791a1190","conversation_id":null,"itinerary":null,"stage":null} @ webpack-internal:///(app-pages-browser)/./lib/chat-transport.ts:137
[  170828ms] [LOG] [ChatTransport] onmessage triggered, has currentResponseHandler: true @ webpack-internal:///(app-pages-browser)/./lib/chat-transport.ts:41
[  170828ms] [LOG] [ChatTransport] responseHandler called, data: {"type":"delta","content":" **","error":null,"message_id":"4d1e696e-827d-4a7c-a150-a9a9791a1190","conversation_id":null,"itinerary":null,"stage":null} @ webpack-internal:///(app-pages-browser)/./lib/chat-transport.ts:137
[  170829ms] [LOG] [ChatTransport] onmessage triggered, has currentResponseHandler: true @ webpack-internal:///(app-pages-browser)/./lib/chat-transport.ts:41
[  170829ms] [LOG] [ChatTransport] responseHandler called, data: {"type":"delta","content":"历史","error":null,"message_id":"4d1e696e-827d-4a7c-a150-a9a9791a1190","conversation_id":null,"itinerary":null,"stage":null} @ webpack-internal:///(app-pages-browser)/./lib/chat-transport.ts:137
[  170864ms] [LOG] [ChatTransport] onmessage triggered, has currentResponseHandler: true @ webpack-internal:///(app-pages-browser)/./lib/chat-transport.ts:41
[  170865ms] [LOG] [ChatTransport] responseHandler called, data: {"type":"delta","content":"与文化","error":null,"message_id":"4d1e696e-827d-4a7c-a150-a9a9791a1190","conversation_id":null,"itinerary":null,"stage":null} @ webpack-internal:///(app-pages-browser)/./lib/chat-transport.ts:137
[  170914ms] [LOG] [ChatTransport] onmessage triggered, has currentResponseHandler: true @ webpack-internal:///(app-pages-browser)/./lib/chat-transport.ts:41
[  170915ms] [LOG] [ChatTransport] responseHandler called, data: {"type":"delta","content":"**","error":null,"message_id":"4d1e696e-827d-4a7c-a150-a9a9791a1190","conversation_id":null,"itinerary":null,"stage":null} @ webpack-internal:///(app-pages-browser)/./lib/chat-transport.ts:137
[  170944ms] [LOG] [ChatTransport] onmessage triggered, has currentResponseHandler: true @ webpack-internal:///(app-pages-browser)/./lib/chat-transport.ts:41
[  170944ms] [LOG] [ChatTransport] responseHandler called, data: {"type":"delta","content":"：","error":null,"message_id":"4d1e696e-827d-4a7c-a150-a9a9791a1190","conversation_id":null,"itinerary":null,"stage":null} @ webpack-internal:///(app-pages-browser)/./lib/chat-transport.ts:137
[  170974ms] [LOG] [ChatTransport] onmessage triggered, has currentResponseHandler: true @ webpack-internal:///(app-pages-browser)/./lib/chat-transport.ts:41
[  170975ms] [LOG] [ChatTransport] responseHandler called, data: {"type":"delta","content":"京都","error":null,"message_id":"4d1e696e-827d-4a7c-a150-a9a9791a1190","conversation_id":null,"itinerary":null,"stage":null} @ webpack-internal:///(app-pages-browser)/./lib/chat-transport.ts:137
[  171004ms] [LOG] [ChatTransport] onmessage triggered, has currentResponseHandler: true @ webpack-internal:///(app-pages-browser)/./lib/chat-transport.ts:41
[  171004ms] [LOG] [ChatTransport] responseHandler called, data: {"type":"delta","content":"、","error":null,"message_id":"4d1e696e-827d-4a7c-a150-a9a9791a1190","conversation_id":null,"itinerary":null,"stage":null} @ webpack-internal:///(app-pages-browser)/./lib/chat-transport.ts:137
[  171049ms] [LOG] [ChatTransport] onmessage triggered, has currentResponseHandler: true @ webpack-internal:///(app-pages-browser)/./lib/chat-transport.ts:41
[  171049ms] [LOG] [ChatTransport] responseHandler called, data: {"type":"delta","content":"奈","error":null,"message_id":"4d1e696e-827d-4a7c-a150-a9a9791a1190","conversation_id":null,"itinerary":null,"stage":null} @ webpack-internal:///(app-pages-browser)/./lib/chat-transport.ts:137
[  171075ms] [LOG] [ChatTransport] onmessage triggered, has currentResponseHandler: true @ webpack-internal:///(app-pages-browser)/./lib/chat-transport.ts:41
[  171076ms] [LOG] [ChatTransport] responseHandler called, data: {"type":"delta","content":"良","error":null,"message_id":"4d1e696e-827d-4a7c-a150-a9a9791a1190","conversation_id":null,"itinerary":null,"stage":null} @ webpack-internal:///(app-pages-browser)/./lib/chat-transport.ts:137
[  171150ms] [LOG] [ChatTransport] onmessage triggered, has currentResponseHandler: true @ webpack-internal:///(app-pages-browser)/./lib/chat-transport.ts:41
[  171150ms] [LOG] [ChatTransport] responseHandler called, data: {"type":"delta","content":"、","error":null,"message_id":"4d1e696e-827d-4a7c-a150-a9a9791a1190","conversation_id":null,"itinerary":null,"stage":null} @ webpack-internal:///(app-pages-browser)/./lib/chat-transport.ts:137
[  171151ms] [LOG] [ChatTransport] onmessage triggered, has currentResponseHandler: true @ webpack-internal:///(app-pages-browser)/./lib/chat-transport.ts:41
[  171152ms] [LOG] [ChatTransport] responseHandler called, data: {"type":"delta","content":"镰","error":null,"message_id":"4d1e696e-827d-4a7c-a150-a9a9791a1190","conversation_id":null,"itinerary":null,"stage":null} @ webpack-internal:///(app-pages-browser)/./lib/chat-transport.ts:137
[  171263ms] [LOG] [ChatTransport] onmessage triggered, has currentResponseHandler: true @ webpack-internal:///(app-pages-browser)/./lib/chat-transport.ts:41
[  171263ms] [LOG] [ChatTransport] responseHandler called, data: {"type":"delta","content":"仓","error":null,"message_id":"4d1e696e-827d-4a7c-a150-a9a9791a1190","conversation_id":null,"itinerary":null,"stage":null} @ webpack-internal:///(app-pages-browser)/./lib/chat-transport.ts:137
[  171282ms] [LOG] [ChatTransport] onmessage triggered, has currentResponseHandler: true @ webpack-internal:///(app-pages-browser)/./lib/chat-transport.ts:41
[  171282ms] [LOG] [ChatTransport] responseHandler called, data: {"type":"delta","content":"\n","error":null,"message_id":"4d1e696e-827d-4a7c-a150-a9a9791a1190","conversation_id":null,"itinerary":null,"stage":null} @ webpack-internal:///(app-pages-browser)/./lib/chat-transport.ts:137
[  171282ms] [LOG] [ChatTransport] onmessage triggered, has currentResponseHandler: true @ webpack-internal:///(app-pages-browser)/./lib/chat-transport.ts:41
[  171283ms] [LOG] [ChatTransport] responseHandler called, data: {"type":"delta","content":"-","error":null,"message_id":"4d1e696e-827d-4a7c-a150-a9a9791a1190","conversation_id":null,"itinerary":null,"stage":null} @ webpack-internal:///(app-pages-browser)/./lib/chat-transport.ts:137
[  171283ms] [LOG] [ChatTransport] onmessage triggered, has currentResponseHandler: true @ webpack-internal:///(app-pages-browser)/./lib/chat-transport.ts:41
[  171283ms] [LOG] [ChatTransport] responseHandler called, data: {"type":"delta","content":" **","error":null,"message_id":"4d1e696e-827d-4a7c-a150-a9a9791a1190","conversation_id":null,"itinerary":null,"stage":null} @ webpack-internal:///(app-pages-browser)/./lib/chat-transport.ts:137
[  171308ms] [LOG] [ChatTransport] onmessage triggered, has currentResponseHandler: true @ webpack-internal:///(app-pages-browser)/./lib/chat-transport.ts:41
[  171309ms] [LOG] [ChatTransport] responseHandler called, data: {"type":"delta","content":"现代","error":null,"message_id":"4d1e696e-827d-4a7c-a150-a9a9791a1190","conversation_id":null,"itinerary":null,"stage":null} @ webpack-internal:///(app-pages-browser)/./lib/chat-transport.ts:137
[  171340ms] [LOG] [ChatTransport] onmessage triggered, has currentResponseHandler: true @ webpack-internal:///(app-pages-browser)/./lib/chat-transport.ts:41
[  171341ms] [LOG] [ChatTransport] responseHandler called, data: {"type":"delta","content":"都市","error":null,"message_id":"4d1e696e-827d-4a7c-a150-a9a9791a1190","conversation_id":null,"itinerary":null,"stage":null} @ webpack-internal:///(app-pages-browser)/./lib/chat-transport.ts:137
[  171373ms] [LOG] [ChatTransport] onmessage triggered, has currentResponseHandler: true @ webpack-internal:///(app-pages-browser)/./lib/chat-transport.ts:41
[  171374ms] [LOG] [ChatTransport] responseHandler called, data: {"type":"delta","content":"**","error":null,"message_id":"4d1e696e-827d-4a7c-a150-a9a9791a1190","conversation_id":null,"itinerary":null,"stage":null} @ webpack-internal:///(app-pages-browser)/./lib/chat-transport.ts:137
[  171403ms] [LOG] [ChatTransport] onmessage triggered, has currentResponseHandler: true @ webpack-internal:///(app-pages-browser)/./lib/chat-transport.ts:41
[  171403ms] [LOG] [ChatTransport] responseHandler called, data: {"type":"delta","content":"：","error":null,"message_id":"4d1e696e-827d-4a7c-a150-a9a9791a1190","conversation_id":null,"itinerary":null,"stage":null} @ webpack-internal:///(app-pages-browser)/./lib/chat-transport.ts:137
[  171434ms] [LOG] [ChatTransport] onmessage triggered, has currentResponseHandler: true @ webpack-internal:///(app-pages-browser)/./lib/chat-transport.ts:41
[  171434ms] [LOG] [ChatTransport] responseHandler called, data: {"type":"delta","content":"东京","error":null,"message_id":"4d1e696e-827d-4a7c-a150-a9a9791a1190","conversation_id":null,"itinerary":null,"stage":null} @ webpack-internal:///(app-pages-browser)/./lib/chat-transport.ts:137
[  171463ms] [LOG] [ChatTransport] onmessage triggered, has currentResponseHandler: true @ webpack-internal:///(app-pages-browser)/./lib/chat-transport.ts:41
[  171464ms] [LOG] [ChatTransport] responseHandler called, data: {"type":"delta","content":"、","error":null,"message_id":"4d1e696e-827d-4a7c-a150-a9a9791a1190","conversation_id":null,"itinerary":null,"stage":null} @ webpack-internal:///(app-pages-browser)/./lib/chat-transport.ts:137
[  171495ms] [LOG] [ChatTransport] onmessage triggered, has currentResponseHandler: true @ webpack-internal:///(app-pages-browser)/./lib/chat-transport.ts:41
[  171496ms] [LOG] [ChatTransport] responseHandler called, data: {"type":"delta","content":"大阪","error":null,"message_id":"4d1e696e-827d-4a7c-a150-a9a9791a1190","conversation_id":null,"itinerary":null,"stage":null} @ webpack-internal:///(app-pages-browser)/./lib/chat-transport.ts:137
[  171557ms] [LOG] [ChatTransport] onmessage triggered, has currentResponseHandler: true @ webpack-internal:///(app-pages-browser)/./lib/chat-transport.ts:41
[  171557ms] [LOG] [ChatTransport] responseHandler called, data: {"type":"delta","content":"、","error":null,"message_id":"4d1e696e-827d-4a7c-a150-a9a9791a1190","conversation_id":null,"itinerary":null,"stage":null} @ webpack-internal:///(app-pages-browser)/./lib/chat-transport.ts:137
[  171577ms] [LOG] [ChatTransport] onmessage triggered, has currentResponseHandler: true @ webpack-internal:///(app-pages-browser)/./lib/chat-transport.ts:41
[  171577ms] [LOG] [ChatTransport] responseHandler called, data: {"type":"delta","content":"名","error":null,"message_id":"4d1e696e-827d-4a7c-a150-a9a9791a1190","conversation_id":null,"itinerary":null,"stage":null} @ webpack-internal:///(app-pages-browser)/./lib/chat-transport.ts:137
[  171597ms] [LOG] [ChatTransport] onmessage triggered, has currentResponseHandler: true @ webpack-internal:///(app-pages-browser)/./lib/chat-transport.ts:41
[  171598ms] [LOG] [ChatTransport] responseHandler called, data: {"type":"delta","content":"古","error":null,"message_id":"4d1e696e-827d-4a7c-a150-a9a9791a1190","conversation_id":null,"itinerary":null,"stage":null} @ webpack-internal:///(app-pages-browser)/./lib/chat-transport.ts:137
[  171606ms] [LOG] [ChatTransport] onmessage triggered, has currentResponseHandler: true @ webpack-internal:///(app-pages-browser)/./lib/chat-transport.ts:41
[  171607ms] [LOG] [ChatTransport] responseHandler called, data: {"type":"delta","content":"屋","error":null,"message_id":"4d1e696e-827d-4a7c-a150-a9a9791a1190","conversation_id":null,"itinerary":null,"stage":null} @ webpack-internal:///(app-pages-browser)/./lib/chat-transport.ts:137
[  171654ms] [LOG] [ChatTransport] onmessage triggered, has currentResponseHandler: true @ webpack-internal:///(app-pages-browser)/./lib/chat-transport.ts:41
[  171654ms] [LOG] [ChatTransport] responseHandler called, data: {"type":"delta","content":"\n","error":null,"message_id":"4d1e696e-827d-4a7c-a150-a9a9791a1190","conversation_id":null,"itinerary":null,"stage":null} @ webpack-internal:///(app-pages-browser)/./lib/chat-transport.ts:137
[  171659ms] [LOG] [ChatTransport] onmessage triggered, has currentResponseHandler: true @ webpack-internal:///(app-pages-browser)/./lib/chat-transport.ts:41
[  171659ms] [LOG] [ChatTransport] responseHandler called, data: {"type":"delta","content":"-","error":null,"message_id":"4d1e696e-827d-4a7c-a150-a9a9791a1190","conversation_id":null,"itinerary":null,"stage":null} @ webpack-internal:///(app-pages-browser)/./lib/chat-transport.ts:137
[  171712ms] [LOG] [ChatTransport] onmessage triggered, has currentResponseHandler: true @ webpack-internal:///(app-pages-browser)/./lib/chat-transport.ts:41
[  171713ms] [LOG] [ChatTransport] responseHandler called, data: {"type":"delta","content":" **","error":null,"message_id":"4d1e696e-827d-4a7c-a150-a9a9791a1190","conversation_id":null,"itinerary":null,"stage":null} @ webpack-internal:///(app-pages-browser)/./lib/chat-transport.ts:137
[  171717ms] [LOG] [ChatTransport] onmessage triggered, has currentResponseHandler: true @ webpack-internal:///(app-pages-browser)/./lib/chat-transport.ts:41
[  171718ms] [LOG] [ChatTransport] responseHandler called, data: {"type":"delta","content":"自然","error":null,"message_id":"4d1e696e-827d-4a7c-a150-a9a9791a1190","conversation_id":null,"itinerary":null,"stage":null} @ webpack-internal:///(app-pages-browser)/./lib/chat-transport.ts:137
[  171764ms] [LOG] [ChatTransport] onmessage triggered, has currentResponseHandler: true @ webpack-internal:///(app-pages-browser)/./lib/chat-transport.ts:41
[  171764ms] [LOG] [ChatTransport] responseHandler called, data: {"type":"delta","content":"风光","error":null,"message_id":"4d1e696e-827d-4a7c-a150-a9a9791a1190","conversation_id":null,"itinerary":null,"stage":null} @ webpack-internal:///(app-pages-browser)/./lib/chat-transport.ts:137
[  171769ms] [LOG] [ChatTransport] onmessage triggered, has currentResponseHandler: true @ webpack-internal:///(app-pages-browser)/./lib/chat-transport.ts:41
[  171769ms] [LOG] [ChatTransport] responseHandler called, data: {"type":"delta","content":"**","error":null,"message_id":"4d1e696e-827d-4a7c-a150-a9a9791a1190","conversation_id":null,"itinerary":null,"stage":null} @ webpack-internal:///(app-pages-browser)/./lib/chat-transport.ts:137
[  171832ms] [LOG] [ChatTransport] onmessage triggered, has currentResponseHandler: true @ webpack-internal:///(app-pages-browser)/./lib/chat-transport.ts:41
[  171833ms] [LOG] [ChatTransport] responseHandler called, data: {"type":"delta","content":"：","error":null,"message_id":"4d1e696e-827d-4a7c-a150-a9a9791a1190","conversation_id":null,"itinerary":null,"stage":null} @ webpack-internal:///(app-pages-browser)/./lib/chat-transport.ts:137
[  171861ms] [LOG] [ChatTransport] onmessage triggered, has currentResponseHandler: true @ webpack-internal:///(app-pages-browser)/./lib/chat-transport.ts:41
[  171862ms] [LOG] [ChatTransport] responseHandler called, data: {"type":"delta","content":"北海道","error":null,"message_id":"4d1e696e-827d-4a7c-a150-a9a9791a1190","conversation_id":null,"itinerary":null,"stage":null} @ webpack-internal:///(app-pages-browser)/./lib/chat-transport.ts:137
[  171890ms] [LOG] [ChatTransport] onmessage triggered, has currentResponseHandler: true @ webpack-internal:///(app-pages-browser)/./lib/chat-transport.ts:41
[  171890ms] [LOG] [ChatTransport] responseHandler called, data: {"type":"delta","content":"、","error":null,"message_id":"4d1e696e-827d-4a7c-a150-a9a9791a1190","conversation_id":null,"itinerary":null,"stage":null} @ webpack-internal:///(app-pages-browser)/./lib/chat-transport.ts:137
[  171918ms] [LOG] [ChatTransport] onmessage triggered, has currentResponseHandler: true @ webpack-internal:///(app-pages-browser)/./lib/chat-transport.ts:41
[  171919ms] [LOG] [ChatTransport] responseHandler called, data: {"type":"delta","content":"富士","error":null,"message_id":"4d1e696e-827d-4a7c-a150-a9a9791a1190","conversation_id":null,"itinerary":null,"stage":null} @ webpack-internal:///(app-pages-browser)/./lib/chat-transport.ts:137
[  171952ms] [LOG] [ChatTransport] onmessage triggered, has currentResponseHandler: true @ webpack-internal:///(app-pages-browser)/./lib/chat-transport.ts:41
[  171953ms] [LOG] [ChatTransport] responseHandler called, data: {"type":"delta","content":"山","error":null,"message_id":"4d1e696e-827d-4a7c-a150-a9a9791a1190","conversation_id":null,"itinerary":null,"stage":null} @ webpack-internal:///(app-pages-browser)/./lib/chat-transport.ts:137
[  171981ms] [LOG] [ChatTransport] onmessage triggered, has currentResponseHandler: true @ webpack-internal:///(app-pages-browser)/./lib/chat-transport.ts:41
[  171981ms] [LOG] [ChatTransport] responseHandler called, data: {"type":"delta","content":"周边","error":null,"message_id":"4d1e696e-827d-4a7c-a150-a9a9791a1190","conversation_id":null,"itinerary":null,"stage":null} @ webpack-internal:///(app-pages-browser)/./lib/chat-transport.ts:137
[  172016ms] [LOG] [ChatTransport] onmessage triggered, has currentResponseHandler: true @ webpack-internal:///(app-pages-browser)/./lib/chat-transport.ts:41
[  172016ms] [LOG] [ChatTransport] responseHandler called, data: {"type":"delta","content":"、","error":null,"message_id":"4d1e696e-827d-4a7c-a150-a9a9791a1190","conversation_id":null,"itinerary":null,"stage":null} @ webpack-internal:///(app-pages-browser)/./lib/chat-transport.ts:137
[  172045ms] [LOG] [ChatTransport] onmessage triggered, has currentResponseHandler: true @ webpack-internal:///(app-pages-browser)/./lib/chat-transport.ts:41
[  172046ms] [LOG] [ChatTransport] responseHandler called, data: {"type":"delta","content":"箱","error":null,"message_id":"4d1e696e-827d-4a7c-a150-a9a9791a1190","conversation_id":null,"itinerary":null,"stage":null} @ webpack-internal:///(app-pages-browser)/./lib/chat-transport.ts:137
[  172075ms] [LOG] [ChatTransport] onmessage triggered, has currentResponseHandler: true @ webpack-internal:///(app-pages-browser)/./lib/chat-transport.ts:41
[  172075ms] [LOG] [ChatTransport] responseHandler called, data: {"type":"delta","content":"根","error":null,"message_id":"4d1e696e-827d-4a7c-a150-a9a9791a1190","conversation_id":null,"itinerary":null,"stage":null} @ webpack-internal:///(app-pages-browser)/./lib/chat-transport.ts:137
[  172104ms] [LOG] [ChatTransport] onmessage triggered, has currentResponseHandler: true @ webpack-internal:///(app-pages-browser)/./lib/chat-transport.ts:41
[  172104ms] [LOG] [ChatTransport] responseHandler called, data: {"type":"delta","content":"\n","error":null,"message_id":"4d1e696e-827d-4a7c-a150-a9a9791a1190","conversation_id":null,"itinerary":null,"stage":null} @ webpack-internal:///(app-pages-browser)/./lib/chat-transport.ts:137
[  172134ms] [LOG] [ChatTransport] onmessage triggered, has currentResponseHandler: true @ webpack-internal:///(app-pages-browser)/./lib/chat-transport.ts:41
[  172135ms] [LOG] [ChatTransport] responseHandler called, data: {"type":"delta","content":"-","error":null,"message_id":"4d1e696e-827d-4a7c-a150-a9a9791a1190","conversation_id":null,"itinerary":null,"stage":null} @ webpack-internal:///(app-pages-browser)/./lib/chat-transport.ts:137
[  172166ms] [LOG] [ChatTransport] onmessage triggered, has currentResponseHandler: true @ webpack-internal:///(app-pages-browser)/./lib/chat-transport.ts:41
[  172166ms] [LOG] [ChatTransport] responseHandler called, data: {"type":"delta","content":" **","error":null,"message_id":"4d1e696e-827d-4a7c-a150-a9a9791a1190","conversation_id":null,"itinerary":null,"stage":null} @ webpack-internal:///(app-pages-browser)/./lib/chat-transport.ts:137
[  172205ms] [LOG] [ChatTransport] onmessage triggered, has currentResponseHandler: true @ webpack-internal:///(app-pages-browser)/./lib/chat-transport.ts:41
[  172206ms] [LOG] [ChatTransport] responseHandler called, data: {"type":"delta","content":"温泉","error":null,"message_id":"4d1e696e-827d-4a7c-a150-a9a9791a1190","conversation_id":null,"itinerary":null,"stage":null} @ webpack-internal:///(app-pages-browser)/./lib/chat-transport.ts:137
[  172236ms] [LOG] [ChatTransport] onmessage triggered, has currentResponseHandler: true @ webpack-internal:///(app-pages-browser)/./lib/chat-transport.ts:41
[  172237ms] [LOG] [ChatTransport] responseHandler called, data: {"type":"delta","content":"体验","error":null,"message_id":"4d1e696e-827d-4a7c-a150-a9a9791a1190","conversation_id":null,"itinerary":null,"stage":null} @ webpack-internal:///(app-pages-browser)/./lib/chat-transport.ts:137
[  172268ms] [LOG] [ChatTransport] onmessage triggered, has currentResponseHandler: true @ webpack-internal:///(app-pages-browser)/./lib/chat-transport.ts:41
[  172268ms] [LOG] [ChatTransport] responseHandler called, data: {"type":"delta","content":"**","error":null,"message_id":"4d1e696e-827d-4a7c-a150-a9a9791a1190","conversation_id":null,"itinerary":null,"stage":null} @ webpack-internal:///(app-pages-browser)/./lib/chat-transport.ts:137
[  172297ms] [LOG] [ChatTransport] onmessage triggered, has currentResponseHandler: true @ webpack-internal:///(app-pages-browser)/./lib/chat-transport.ts:41
[  172298ms] [LOG] [ChatTransport] responseHandler called, data: {"type":"delta","content":"：","error":null,"message_id":"4d1e696e-827d-4a7c-a150-a9a9791a1190","conversation_id":null,"itinerary":null,"stage":null} @ webpack-internal:///(app-pages-browser)/./lib/chat-transport.ts:137
[  172413ms] [LOG] [ChatTransport] onmessage triggered, has currentResponseHandler: true @ webpack-internal:///(app-pages-browser)/./lib/chat-transport.ts:41
[  172413ms] [LOG] [ChatTransport] responseHandler called, data: {"type":"delta","content":"箱","error":null,"message_id":"4d1e696e-827d-4a7c-a150-a9a9791a1190","conversation_id":null,"itinerary":null,"stage":null} @ webpack-internal:///(app-pages-browser)/./lib/chat-transport.ts:137
[  172438ms] [LOG] [ChatTransport] onmessage triggered, has currentResponseHandler: true @ webpack-internal:///(app-pages-browser)/./lib/chat-transport.ts:41
[  172438ms] [LOG] [ChatTransport] responseHandler called, data: {"type":"delta","content":"根","error":null,"message_id":"4d1e696e-827d-4a7c-a150-a9a9791a1190","conversation_id":null,"itinerary":null,"stage":null} @ webpack-internal:///(app-pages-browser)/./lib/chat-transport.ts:137
[  172698ms] [LOG] [ChatTransport] onmessage triggered, has currentResponseHandler: true @ webpack-internal:///(app-pages-browser)/./lib/chat-transport.ts:41
[  172699ms] [LOG] [ChatTransport] responseHandler called, data: {"type":"delta","content":"、","error":null,"message_id":"4d1e696e-827d-4a7c-a150-a9a9791a1190","conversation_id":null,"itinerary":null,"stage":null} @ webpack-internal:///(app-pages-browser)/./lib/chat-transport.ts:137
[  172728ms] [LOG] [ChatTransport] onmessage triggered, has currentResponseHandler: true @ webpack-internal:///(app-pages-browser)/./lib/chat-transport.ts:41
[  172729ms] [LOG] [ChatTransport] responseHandler called, data: {"type":"delta","content":"草","error":null,"message_id":"4d1e696e-827d-4a7c-a150-a9a9791a1190","conversation_id":null,"itinerary":null,"stage":null} @ webpack-internal:///(app-pages-browser)/./lib/chat-transport.ts:137
[  172730ms] [LOG] [ChatTransport] onmessage triggered, has currentResponseHandler: true @ webpack-internal:///(app-pages-browser)/./lib/chat-transport.ts:41
[  172730ms] [LOG] [ChatTransport] responseHandler called, data: {"type":"delta","content":"津","error":null,"message_id":"4d1e696e-827d-4a7c-a150-a9a9791a1190","conversation_id":null,"itinerary":null,"stage":null} @ webpack-internal:///(app-pages-browser)/./lib/chat-transport.ts:137
[  172731ms] [LOG] [ChatTransport] onmessage triggered, has currentResponseHandler: true @ webpack-internal:///(app-pages-browser)/./lib/chat-transport.ts:41
[  172732ms] [LOG] [ChatTransport] responseHandler called, data: {"type":"delta","content":"、","error":null,"message_id":"4d1e696e-827d-4a7c-a150-a9a9791a1190","conversation_id":null,"itinerary":null,"stage":null} @ webpack-internal:///(app-pages-browser)/./lib/chat-transport.ts:137
[  172733ms] [LOG] [ChatTransport] onmessage triggered, has currentResponseHandler: true @ webpack-internal:///(app-pages-browser)/./lib/chat-transport.ts:41
[  172733ms] [LOG] [ChatTransport] responseHandler called, data: {"type":"delta","content":"有","error":null,"message_id":"4d1e696e-827d-4a7c-a150-a9a9791a1190","conversation_id":null,"itinerary":null,"stage":null} @ webpack-internal:///(app-pages-browser)/./lib/chat-transport.ts:137
[  172734ms] [LOG] [ChatTransport] onmessage triggered, has currentResponseHandler: true @ webpack-internal:///(app-pages-browser)/./lib/chat-transport.ts:41
[  172734ms] [LOG] [ChatTransport] responseHandler called, data: {"type":"delta","content":"马","error":null,"message_id":"4d1e696e-827d-4a7c-a150-a9a9791a1190","conversation_id":null,"itinerary":null,"stage":null} @ webpack-internal:///(app-pages-browser)/./lib/chat-transport.ts:137
[  172735ms] [LOG] [ChatTransport] onmessage triggered, has currentResponseHandler: true @ webpack-internal:///(app-pages-browser)/./lib/chat-transport.ts:41
[  172735ms] [LOG] [ChatTransport] responseHandler called, data: {"type":"delta","content":"温泉","error":null,"message_id":"4d1e696e-827d-4a7c-a150-a9a9791a1190","conversation_id":null,"itinerary":null,"stage":null} @ webpack-internal:///(app-pages-browser)/./lib/chat-transport.ts:137
[  172736ms] [LOG] [ChatTransport] onmessage triggered, has currentResponseHandler: true @ webpack-internal:///(app-pages-browser)/./lib/chat-transport.ts:41
[  172736ms] [LOG] [ChatTransport] responseHandler called, data: {"type":"delta","content":"\n","error":null,"message_id":"4d1e696e-827d-4a7c-a150-a9a9791a1190","conversation_id":null,"itinerary":null,"stage":null} @ webpack-internal:///(app-pages-browser)/./lib/chat-transport.ts:137
[  172737ms] [LOG] [ChatTransport] onmessage triggered, has currentResponseHandler: true @ webpack-internal:///(app-pages-browser)/./lib/chat-transport.ts:41
[  172737ms] [LOG] [ChatTransport] responseHandler called, data: {"type":"delta","content":"-","error":null,"message_id":"4d1e696e-827d-4a7c-a150-a9a9791a1190","conversation_id":null,"itinerary":null,"stage":null} @ webpack-internal:///(app-pages-browser)/./lib/chat-transport.ts:137
[  172738ms] [LOG] [ChatTransport] onmessage triggered, has currentResponseHandler: true @ webpack-internal:///(app-pages-browser)/./lib/chat-transport.ts:41
[  172738ms] [LOG] [ChatTransport] responseHandler called, data: {"type":"delta","content":" **","error":null,"message_id":"4d1e696e-827d-4a7c-a150-a9a9791a1190","conversation_id":null,"itinerary":null,"stage":null} @ webpack-internal:///(app-pages-browser)/./lib/chat-transport.ts:137
[  172738ms] [LOG] [ChatTransport] onmessage triggered, has currentResponseHandler: true @ webpack-internal:///(app-pages-browser)/./lib/chat-transport.ts:41
[  172739ms] [LOG] [ChatTransport] responseHandler called, data: {"type":"delta","content":"动漫","error":null,"message_id":"4d1e696e-827d-4a7c-a150-a9a9791a1190","conversation_id":null,"itinerary":null,"stage":null} @ webpack-internal:///(app-pages-browser)/./lib/chat-transport.ts:137
[  172770ms] [LOG] [ChatTransport] onmessage triggered, has currentResponseHandler: true @ webpack-internal:///(app-pages-browser)/./lib/chat-transport.ts:41
[  172770ms] [LOG] [ChatTransport] responseHandler called, data: {"type":"delta","content":"与","error":null,"message_id":"4d1e696e-827d-4a7c-a150-a9a9791a1190","conversation_id":null,"itinerary":null,"stage":null} @ webpack-internal:///(app-pages-browser)/./lib/chat-transport.ts:137
[  172828ms] [LOG] [ChatTransport] onmessage triggered, has currentResponseHandler: true @ webpack-internal:///(app-pages-browser)/./lib/chat-transport.ts:41
[  172828ms] [LOG] [ChatTransport] responseHandler called, data: {"type":"delta","content":"科技","error":null,"message_id":"4d1e696e-827d-4a7c-a150-a9a9791a1190","conversation_id":null,"itinerary":null,"stage":null} @ webpack-internal:///(app-pages-browser)/./lib/chat-transport.ts:137
[  172886ms] [LOG] [ChatTransport] onmessage triggered, has currentResponseHandler: true @ webpack-internal:///(app-pages-browser)/./lib/chat-transport.ts:41
[  172886ms] [LOG] [ChatTransport] responseHandler called, data: {"type":"delta","content":"**","error":null,"message_id":"4d1e696e-827d-4a7c-a150-a9a9791a1190","conversation_id":null,"itinerary":null,"stage":null} @ webpack-internal:///(app-pages-browser)/./lib/chat-transport.ts:137
[  172916ms] [LOG] [ChatTransport] onmessage triggered, has currentResponseHandler: true @ webpack-internal:///(app-pages-browser)/./lib/chat-transport.ts:41
[  172917ms] [LOG] [ChatTransport] responseHandler called, data: {"type":"delta","content":"：","error":null,"message_id":"4d1e696e-827d-4a7c-a150-a9a9791a1190","conversation_id":null,"itinerary":null,"stage":null} @ webpack-internal:///(app-pages-browser)/./lib/chat-transport.ts:137
[  172950ms] [LOG] [ChatTransport] onmessage triggered, has currentResponseHandler: true @ webpack-internal:///(app-pages-browser)/./lib/chat-transport.ts:41
[  172950ms] [LOG] [ChatTransport] responseHandler called, data: {"type":"delta","content":"东京","error":null,"message_id":"4d1e696e-827d-4a7c-a150-a9a9791a1190","conversation_id":null,"itinerary":null,"stage":null} @ webpack-internal:///(app-pages-browser)/./lib/chat-transport.ts:137
[  172979ms] [LOG] [ChatTransport] onmessage triggered, has currentResponseHandler: true @ webpack-internal:///(app-pages-browser)/./lib/chat-transport.ts:41
[  172980ms] [LOG] [ChatTransport] responseHandler called, data: {"type":"delta","content":"秋","error":null,"message_id":"4d1e696e-827d-4a7c-a150-a9a9791a1190","conversation_id":null,"itinerary":null,"stage":null} @ webpack-internal:///(app-pages-browser)/./lib/chat-transport.ts:137
[  173011ms] [LOG] [ChatTransport] onmessage triggered, has currentResponseHandler: true @ webpack-internal:///(app-pages-browser)/./lib/chat-transport.ts:41
[  173012ms] [LOG] [ChatTransport] responseHandler called, data: {"type":"delta","content":"叶","error":null,"message_id":"4d1e696e-827d-4a7c-a150-a9a9791a1190","conversation_id":null,"itinerary":null,"stage":null} @ webpack-internal:///(app-pages-browser)/./lib/chat-transport.ts:137
[  173042ms] [LOG] [ChatTransport] onmessage triggered, has currentResponseHandler: true @ webpack-internal:///(app-pages-browser)/./lib/chat-transport.ts:41
[  173042ms] [LOG] [ChatTransport] responseHandler called, data: {"type":"delta","content":"原","error":null,"message_id":"4d1e696e-827d-4a7c-a150-a9a9791a1190","conversation_id":null,"itinerary":null,"stage":null} @ webpack-internal:///(app-pages-browser)/./lib/chat-transport.ts:137
[  173092ms] [LOG] [ChatTransport] onmessage triggered, has currentResponseHandler: true @ webpack-internal:///(app-pages-browser)/./lib/chat-transport.ts:41
[  173092ms] [LOG] [ChatTransport] responseHandler called, data: {"type":"delta","content":"、","error":null,"message_id":"4d1e696e-827d-4a7c-a150-a9a9791a1190","conversation_id":null,"itinerary":null,"stage":null} @ webpack-internal:///(app-pages-browser)/./lib/chat-transport.ts:137
[  173121ms] [LOG] [ChatTransport] onmessage triggered, has currentResponseHandler: true @ webpack-internal:///(app-pages-browser)/./lib/chat-transport.ts:41
[  173122ms] [LOG] [ChatTransport] responseHandler called, data: {"type":"delta","content":"大阪","error":null,"message_id":"4d1e696e-827d-4a7c-a150-a9a9791a1190","conversation_id":null,"itinerary":null,"stage":null} @ webpack-internal:///(app-pages-browser)/./lib/chat-transport.ts:137
[  173152ms] [LOG] [ChatTransport] onmessage triggered, has currentResponseHandler: true @ webpack-internal:///(app-pages-browser)/./lib/chat-transport.ts:41
[  173152ms] [LOG] [ChatTransport] responseHandler called, data: {"type":"delta","content":"日本","error":null,"message_id":"4d1e696e-827d-4a7c-a150-a9a9791a1190","conversation_id":null,"itinerary":null,"stage":null} @ webpack-internal:///(app-pages-browser)/./lib/chat-transport.ts:137
[  173184ms] [LOG] [ChatTransport] onmessage triggered, has currentResponseHandler: true @ webpack-internal:///(app-pages-browser)/./lib/chat-transport.ts:41
[  173185ms] [LOG] [ChatTransport] responseHandler called, data: {"type":"delta","content":"桥","error":null,"message_id":"4d1e696e-827d-4a7c-a150-a9a9791a1190","conversation_id":null,"itinerary":null,"stage":null} @ webpack-internal:///(app-pages-browser)/./lib/chat-transport.ts:137
[  173212ms] [LOG] [ChatTransport] onmessage triggered, has currentResponseHandler: true @ webpack-internal:///(app-pages-browser)/./lib/chat-transport.ts:41
[  173212ms] [LOG] [ChatTransport] responseHandler called, data: {"type":"delta","content":"\n\n","error":null,"message_id":"4d1e696e-827d-4a7c-a150-a9a9791a1190","conversation_id":null,"itinerary":null,"stage":null} @ webpack-internal:///(app-pages-browser)/./lib/chat-transport.ts:137
[  173241ms] [LOG] [ChatTransport] onmessage triggered, has currentResponseHandler: true @ webpack-internal:///(app-pages-browser)/./lib/chat-transport.ts:41
[  173242ms] [LOG] [ChatTransport] responseHandler called, data: {"type":"delta","content":"##","error":null,"message_id":"4d1e696e-827d-4a7c-a150-a9a9791a1190","conversation_id":null,"itinerary":null,"stage":null} @ webpack-internal:///(app-pages-browser)/./lib/chat-transport.ts:137
[  173305ms] [LOG] [ChatTransport] onmessage triggered, has currentResponseHandler: true @ webpack-internal:///(app-pages-browser)/./lib/chat-transport.ts:41
[  173305ms] [LOG] [ChatTransport] responseHandler called, data: {"type":"delta","content":" 💡","error":null,"message_id":"4d1e696e-827d-4a7c-a150-a9a9791a1190","conversation_id":null,"itinerary":null,"stage":null} @ webpack-internal:///(app-pages-browser)/./lib/chat-transport.ts:137
[  173334ms] [LOG] [ChatTransport] onmessage triggered, has currentResponseHandler: true @ webpack-internal:///(app-pages-browser)/./lib/chat-transport.ts:41
[  173334ms] [LOG] [ChatTransport] responseHandler called, data: {"type":"delta","content":" ","error":null,"message_id":"4d1e696e-827d-4a7c-a150-a9a9791a1190","conversation_id":null,"itinerary":null,"stage":null} @ webpack-internal:///(app-pages-browser)/./lib/chat-transport.ts:137
[  173434ms] [LOG] [ChatTransport] onmessage triggered, has currentResponseHandler: true @ webpack-internal:///(app-pages-browser)/./lib/chat-transport.ts:41
[  173435ms] [LOG] [ChatTransport] responseHandler called, data: {"type":"delta","content":"建议","error":null,"message_id":"4d1e696e-827d-4a7c-a150-a9a9791a1190","conversation_id":null,"itinerary":null,"stage":null} @ webpack-internal:///(app-pages-browser)/./lib/chat-transport.ts:137
[  173466ms] [LOG] [ChatTransport] onmessage triggered, has currentResponseHandler: true @ webpack-internal:///(app-pages-browser)/./lib/chat-transport.ts:41
[  173467ms] [LOG] [ChatTransport] responseHandler called, data: {"type":"delta","content":"行程","error":null,"message_id":"4d1e696e-827d-4a7c-a150-a9a9791a1190","conversation_id":null,"itinerary":null,"stage":null} @ webpack-internal:///(app-pages-browser)/./lib/chat-transport.ts:137
[  173468ms] [LOG] [ChatTransport] onmessage triggered, has currentResponseHandler: true @ webpack-internal:///(app-pages-browser)/./lib/chat-transport.ts:41
[  173468ms] [LOG] [ChatTransport] responseHandler called, data: {"type":"delta","content":"组合","error":null,"message_id":"4d1e696e-827d-4a7c-a150-a9a9791a1190","conversation_id":null,"itinerary":null,"stage":null} @ webpack-internal:///(app-pages-browser)/./lib/chat-transport.ts:137
[  173497ms] [LOG] [ChatTransport] onmessage triggered, has currentResponseHandler: true @ webpack-internal:///(app-pages-browser)/./lib/chat-transport.ts:41
[  173498ms] [LOG] [ChatTransport] responseHandler called, data: {"type":"delta","content":"\n\n","error":null,"message_id":"4d1e696e-827d-4a7c-a150-a9a9791a1190","conversation_id":null,"itinerary":null,"stage":null} @ webpack-internal:///(app-pages-browser)/./lib/chat-transport.ts:137
[  173527ms] [LOG] [ChatTransport] onmessage triggered, has currentResponseHandler: true @ webpack-internal:///(app-pages-browser)/./lib/chat-transport.ts:41
[  173528ms] [LOG] [ChatTransport] responseHandler called, data: {"type":"delta","content":"1","error":null,"message_id":"4d1e696e-827d-4a7c-a150-a9a9791a1190","conversation_id":null,"itinerary":null,"stage":null} @ webpack-internal:///(app-pages-browser)/./lib/chat-transport.ts:137
[  173556ms] [LOG] [ChatTransport] onmessage triggered, has currentResponseHandler: true @ webpack-internal:///(app-pages-browser)/./lib/chat-transport.ts:41
[  173557ms] [LOG] [ChatTransport] responseHandler called, data: {"type":"delta","content":".","error":null,"message_id":"4d1e696e-827d-4a7c-a150-a9a9791a1190","conversation_id":null,"itinerary":null,"stage":null} @ webpack-internal:///(app-pages-browser)/./lib/chat-transport.ts:137
[  173587ms] [LOG] [ChatTransport] onmessage triggered, has currentResponseHandler: true @ webpack-internal:///(app-pages-browser)/./lib/chat-transport.ts:41
[  173588ms] [LOG] [ChatTransport] responseHandler called, data: {"type":"delta","content":" **","error":null,"message_id":"4d1e696e-827d-4a7c-a150-a9a9791a1190","conversation_id":null,"itinerary":null,"stage":null} @ webpack-internal:///(app-pages-browser)/./lib/chat-transport.ts:137
[  173618ms] [LOG] [ChatTransport] onmessage triggered, has currentResponseHandler: true @ webpack-internal:///(app-pages-browser)/./lib/chat-transport.ts:41
[  173619ms] [LOG] [ChatTransport] responseHandler called, data: {"type":"delta","content":"经典","error":null,"message_id":"4d1e696e-827d-4a7c-a150-a9a9791a1190","conversation_id":null,"itinerary":null,"stage":null} @ webpack-internal:///(app-pages-browser)/./lib/chat-transport.ts:137
[  173631ms] [LOG] [ChatTransport] onmessage triggered, has currentResponseHandler: true @ webpack-internal:///(app-pages-browser)/./lib/chat-transport.ts:41
[  173631ms] [LOG] [ChatTransport] responseHandler called, data: {"type":"delta","content":"关","error":null,"message_id":"4d1e696e-827d-4a7c-a150-a9a9791a1190","conversation_id":null,"itinerary":null,"stage":null} @ webpack-internal:///(app-pages-browser)/./lib/chat-transport.ts:137
[  173740ms] [LOG] [ChatTransport] onmessage triggered, has currentResponseHandler: true @ webpack-internal:///(app-pages-browser)/./lib/chat-transport.ts:41
[  173740ms] [LOG] [ChatTransport] responseHandler called, data: {"type":"delta","content":"东","error":null,"message_id":"4d1e696e-827d-4a7c-a150-a9a9791a1190","conversation_id":null,"itinerary":null,"stage":null} @ webpack-internal:///(app-pages-browser)/./lib/chat-transport.ts:137
[  173748ms] [LOG] [ChatTransport] onmessage triggered, has currentResponseHandler: true @ webpack-internal:///(app-pages-browser)/./lib/chat-transport.ts:41
[  173748ms] [LOG] [ChatTransport] responseHandler called, data: {"type":"delta","content":"关","error":null,"message_id":"4d1e696e-827d-4a7c-a150-a9a9791a1190","conversation_id":null,"itinerary":null,"stage":null} @ webpack-internal:///(app-pages-browser)/./lib/chat-transport.ts:137
[  173749ms] [LOG] [ChatTransport] onmessage triggered, has currentResponseHandler: true @ webpack-internal:///(app-pages-browser)/./lib/chat-transport.ts:41
[  173749ms] [LOG] [ChatTransport] responseHandler called, data: {"type":"delta","content":"西","error":null,"message_id":"4d1e696e-827d-4a7c-a150-a9a9791a1190","conversation_id":null,"itinerary":null,"stage":null} @ webpack-internal:///(app-pages-browser)/./lib/chat-transport.ts:137
[  173749ms] [LOG] [ChatTransport] onmessage triggered, has currentResponseHandler: true @ webpack-internal:///(app-pages-browser)/./lib/chat-transport.ts:41
[  173749ms] [LOG] [ChatTransport] responseHandler called, data: {"type":"delta","content":"线","error":null,"message_id":"4d1e696e-827d-4a7c-a150-a9a9791a1190","conversation_id":null,"itinerary":null,"stage":null} @ webpack-internal:///(app-pages-browser)/./lib/chat-transport.ts:137
[  173825ms] [LOG] [ChatTransport] onmessage triggered, has currentResponseHandler: true @ webpack-internal:///(app-pages-browser)/./lib/chat-transport.ts:41
[  173826ms] [LOG] [ChatTransport] responseHandler called, data: {"type":"delta","content":"**","error":null,"message_id":"4d1e696e-827d-4a7c-a150-a9a9791a1190","conversation_id":null,"itinerary":null,"stage":null} @ webpack-internal:///(app-pages-browser)/./lib/chat-transport.ts:137
[  173833ms] [LOG] [ChatTransport] onmessage triggered, has currentResponseHandler: true @ webpack-internal:///(app-pages-browser)/./lib/chat-transport.ts:41
[  173834ms] [LOG] [ChatTransport] responseHandler called, data: {"type":"delta","content":"：","error":null,"message_id":"4d1e696e-827d-4a7c-a150-a9a9791a1190","conversation_id":null,"itinerary":null,"stage":null} @ webpack-internal:///(app-pages-browser)/./lib/chat-transport.ts:137
[  173932ms] [LOG] [ChatTransport] onmessage triggered, has currentResponseHandler: true @ webpack-internal:///(app-pages-browser)/./lib/chat-transport.ts:41
[  173932ms] [LOG] [ChatTransport] responseHandler called, data: {"type":"delta","content":"东京","error":null,"message_id":"4d1e696e-827d-4a7c-a150-a9a9791a1190","conversation_id":null,"itinerary":null,"stage":null} @ webpack-internal:///(app-pages-browser)/./lib/chat-transport.ts:137
[  173960ms] [LOG] [ChatTransport] onmessage triggered, has currentResponseHandler: true @ webpack-internal:///(app-pages-browser)/./lib/chat-transport.ts:41
[  173961ms] [LOG] [ChatTransport] responseHandler called, data: {"type":"delta","content":"（","error":null,"message_id":"4d1e696e-827d-4a7c-a150-a9a9791a1190","conversation_id":null,"itinerary":null,"stage":null} @ webpack-internal:///(app-pages-browser)/./lib/chat-transport.ts:137
[  173991ms] [LOG] [ChatTransport] onmessage triggered, has currentResponseHandler: true @ webpack-internal:///(app-pages-browser)/./lib/chat-transport.ts:41
[  173992ms] [LOG] [ChatTransport] responseHandler called, data: {"type":"delta","content":"3","error":null,"message_id":"4d1e696e-827d-4a7c-a150-a9a9791a1190","conversation_id":null,"itinerary":null,"stage":null} @ webpack-internal:///(app-pages-browser)/./lib/chat-transport.ts:137
[  173992ms] [LOG] [ChatTransport] onmessage triggered, has currentResponseHandler: true @ webpack-internal:///(app-pages-browser)/./lib/chat-transport.ts:41
[  173993ms] [LOG] [ChatTransport] responseHandler called, data: {"type":"delta","content":"-","error":null,"message_id":"4d1e696e-827d-4a7c-a150-a9a9791a1190","conversation_id":null,"itinerary":null,"stage":null} @ webpack-internal:///(app-pages-browser)/./lib/chat-transport.ts:137
[  174024ms] [LOG] [ChatTransport] onmessage triggered, has currentResponseHandler: true @ webpack-internal:///(app-pages-browser)/./lib/chat-transport.ts:41
[  174024ms] [LOG] [ChatTransport] responseHandler called, data: {"type":"delta","content":"4","error":null,"message_id":"4d1e696e-827d-4a7c-a150-a9a9791a1190","conversation_id":null,"itinerary":null,"stage":null} @ webpack-internal:///(app-pages-browser)/./lib/chat-transport.ts:137
[  174053ms] [LOG] [ChatTransport] onmessage triggered, has currentResponseHandler: true @ webpack-internal:///(app-pages-browser)/./lib/chat-transport.ts:41
[  174054ms] [LOG] [ChatTransport] responseHandler called, data: {"type":"delta","content":"天","error":null,"message_id":"4d1e696e-827d-4a7c-a150-a9a9791a1190","conversation_id":null,"itinerary":null,"stage":null} @ webpack-internal:///(app-pages-browser)/./lib/chat-transport.ts:137
[  174085ms] [LOG] [ChatTransport] onmessage triggered, has currentResponseHandler: true @ webpack-internal:///(app-pages-browser)/./lib/chat-transport.ts:41
[  174085ms] [LOG] [ChatTransport] responseHandler called, data: {"type":"delta","content":"）","error":null,"message_id":"4d1e696e-827d-4a7c-a150-a9a9791a1190","conversation_id":null,"itinerary":null,"stage":null} @ webpack-internal:///(app-pages-browser)/./lib/chat-transport.ts:137
[  174118ms] [LOG] [ChatTransport] onmessage triggered, has currentResponseHandler: true @ webpack-internal:///(app-pages-browser)/./lib/chat-transport.ts:41
[  174118ms] [LOG] [ChatTransport] responseHandler called, data: {"type":"delta","content":"→","error":null,"message_id":"4d1e696e-827d-4a7c-a150-a9a9791a1190","conversation_id":null,"itinerary":null,"stage":null} @ webpack-internal:///(app-pages-browser)/./lib/chat-transport.ts:137
[  174166ms] [LOG] [ChatTransport] onmessage triggered, has currentResponseHandler: true @ webpack-internal:///(app-pages-browser)/./lib/chat-transport.ts:41
[  174166ms] [LOG] [ChatTransport] responseHandler called, data: {"type":"delta","content":" ","error":null,"message_id":"4d1e696e-827d-4a7c-a150-a9a9791a1190","conversation_id":null,"itinerary":null,"stage":null} @ webpack-internal:///(app-pages-browser)/./lib/chat-transport.ts:137
[  174195ms] [LOG] [ChatTransport] onmessage triggered, has currentResponseHandler: true @ webpack-internal:///(app-pages-browser)/./lib/chat-transport.ts:41
[  174195ms] [LOG] [ChatTransport] responseHandler called, data: {"type":"delta","content":"京都","error":null,"message_id":"4d1e696e-827d-4a7c-a150-a9a9791a1190","conversation_id":null,"itinerary":null,"stage":null} @ webpack-internal:///(app-pages-browser)/./lib/chat-transport.ts:137
[  174222ms] [LOG] [ChatTransport] onmessage triggered, has currentResponseHandler: true @ webpack-internal:///(app-pages-browser)/./lib/chat-transport.ts:41
[  174223ms] [LOG] [ChatTransport] responseHandler called, data: {"type":"delta","content":"（","error":null,"message_id":"4d1e696e-827d-4a7c-a150-a9a9791a1190","conversation_id":null,"itinerary":null,"stage":null} @ webpack-internal:///(app-pages-browser)/./lib/chat-transport.ts:137
[  174223ms] [LOG] [ChatTransport] onmessage triggered, has currentResponseHandler: true @ webpack-internal:///(app-pages-browser)/./lib/chat-transport.ts:41
[  174224ms] [LOG] [ChatTransport] responseHandler called, data: {"type":"delta","content":"2","error":null,"message_id":"4d1e696e-827d-4a7c-a150-a9a9791a1190","conversation_id":null,"itinerary":null,"stage":null} @ webpack-internal:///(app-pages-browser)/./lib/chat-transport.ts:137
[  174257ms] [LOG] [ChatTransport] onmessage triggered, has currentResponseHandler: true @ webpack-internal:///(app-pages-browser)/./lib/chat-transport.ts:41
[  174257ms] [LOG] [ChatTransport] responseHandler called, data: {"type":"delta","content":"-","error":null,"message_id":"4d1e696e-827d-4a7c-a150-a9a9791a1190","conversation_id":null,"itinerary":null,"stage":null} @ webpack-internal:///(app-pages-browser)/./lib/chat-transport.ts:137
[  174285ms] [LOG] [ChatTransport] onmessage triggered, has currentResponseHandler: true @ webpack-internal:///(app-pages-browser)/./lib/chat-transport.ts:41
[  174286ms] [LOG] [ChatTransport] responseHandler called, data: {"type":"delta","content":"3","error":null,"message_id":"4d1e696e-827d-4a7c-a150-a9a9791a1190","conversation_id":null,"itinerary":null,"stage":null} @ webpack-internal:///(app-pages-browser)/./lib/chat-transport.ts:137
[  174341ms] [LOG] [ChatTransport] onmessage triggered, has currentResponseHandler: true @ webpack-internal:///(app-pages-browser)/./lib/chat-transport.ts:41
[  174341ms] [LOG] [ChatTransport] responseHandler called, data: {"type":"delta","content":"天","error":null,"message_id":"4d1e696e-827d-4a7c-a150-a9a9791a1190","conversation_id":null,"itinerary":null,"stage":null} @ webpack-internal:///(app-pages-browser)/./lib/chat-transport.ts:137
[  174362ms] [LOG] [ChatTransport] onmessage triggered, has currentResponseHandler: true @ webpack-internal:///(app-pages-browser)/./lib/chat-transport.ts:41
[  174362ms] [LOG] [ChatTransport] responseHandler called, data: {"type":"delta","content":"）","error":null,"message_id":"4d1e696e-827d-4a7c-a150-a9a9791a1190","conversation_id":null,"itinerary":null,"stage":null} @ webpack-internal:///(app-pages-browser)/./lib/chat-transport.ts:137
[  174402ms] [LOG] [ChatTransport] onmessage triggered, has currentResponseHandler: true @ webpack-internal:///(app-pages-browser)/./lib/chat-transport.ts:41
[  174402ms] [LOG] [ChatTransport] responseHandler called, data: {"type":"delta","content":"→","error":null,"message_id":"4d1e696e-827d-4a7c-a150-a9a9791a1190","conversation_id":null,"itinerary":null,"stage":null} @ webpack-internal:///(app-pages-browser)/./lib/chat-transport.ts:137
[  174429ms] [LOG] [ChatTransport] onmessage triggered, has currentResponseHandler: true @ webpack-internal:///(app-pages-browser)/./lib/chat-transport.ts:41
[  174429ms] [LOG] [ChatTransport] responseHandler called, data: {"type":"delta","content":" ","error":null,"message_id":"4d1e696e-827d-4a7c-a150-a9a9791a1190","conversation_id":null,"itinerary":null,"stage":null} @ webpack-internal:///(app-pages-browser)/./lib/chat-transport.ts:137
[  174458ms] [LOG] [ChatTransport] onmessage triggered, has currentResponseHandler: true @ webpack-internal:///(app-pages-browser)/./lib/chat-transport.ts:41
[  174459ms] [LOG] [ChatTransport] responseHandler called, data: {"type":"delta","content":"大阪","error":null,"message_id":"4d1e696e-827d-4a7c-a150-a9a9791a1190","conversation_id":null,"itinerary":null,"stage":null} @ webpack-internal:///(app-pages-browser)/./lib/chat-transport.ts:137
[  174487ms] [LOG] [ChatTransport] onmessage triggered, has currentResponseHandler: true @ webpack-internal:///(app-pages-browser)/./lib/chat-transport.ts:41
[  174488ms] [LOG] [ChatTransport] responseHandler called, data: {"type":"delta","content":"（","error":null,"message_id":"4d1e696e-827d-4a7c-a150-a9a9791a1190","conversation_id":null,"itinerary":null,"stage":null} @ webpack-internal:///(app-pages-browser)/./lib/chat-transport.ts:137
[  174519ms] [LOG] [ChatTransport] onmessage triggered, has currentResponseHandler: true @ webpack-internal:///(app-pages-browser)/./lib/chat-transport.ts:41
[  174519ms] [LOG] [ChatTransport] responseHandler called, data: {"type":"delta","content":"2","error":null,"message_id":"4d1e696e-827d-4a7c-a150-a9a9791a1190","conversation_id":null,"itinerary":null,"stage":null} @ webpack-internal:///(app-pages-browser)/./lib/chat-transport.ts:137
[  174548ms] [LOG] [ChatTransport] onmessage triggered, has currentResponseHandler: true @ webpack-internal:///(app-pages-browser)/./lib/chat-transport.ts:41
[  174550ms] [LOG] [ChatTransport] responseHandler called, data: {"type":"delta","content":"天","error":null,"message_id":"4d1e696e-827d-4a7c-a150-a9a9791a1190","conversation_id":null,"itinerary":null,"stage":null} @ webpack-internal:///(app-pages-browser)/./lib/chat-transport.ts:137
[  174647ms] [LOG] [ChatTransport] onmessage triggered, has currentResponseHandler: true @ webpack-internal:///(app-pages-browser)/./lib/chat-transport.ts:41
[  174648ms] [LOG] [ChatTransport] responseHandler called, data: {"type":"delta","content":"）\n","error":null,"message_id":"4d1e696e-827d-4a7c-a150-a9a9791a1190","conversation_id":null,"itinerary":null,"stage":null} @ webpack-internal:///(app-pages-browser)/./lib/chat-transport.ts:137
[  174667ms] [LOG] [ChatTransport] onmessage triggered, has currentResponseHandler: true @ webpack-internal:///(app-pages-browser)/./lib/chat-transport.ts:41
[  174668ms] [LOG] [ChatTransport] responseHandler called, data: {"type":"delta","content":"2","error":null,"message_id":"4d1e696e-827d-4a7c-a150-a9a9791a1190","conversation_id":null,"itinerary":null,"stage":null} @ webpack-internal:///(app-pages-browser)/./lib/chat-transport.ts:137
[  174668ms] [LOG] [ChatTransport] onmessage triggered, has currentResponseHandler: true @ webpack-internal:///(app-pages-browser)/./lib/chat-transport.ts:41
[  174668ms] [LOG] [ChatTransport] responseHandler called, data: {"type":"delta","content":".","error":null,"message_id":"4d1e696e-827d-4a7c-a150-a9a9791a1190","conversation_id":null,"itinerary":null,"stage":null} @ webpack-internal:///(app-pages-browser)/./lib/chat-transport.ts:137
[  174668ms] [LOG] [ChatTransport] onmessage triggered, has currentResponseHandler: true @ webpack-internal:///(app-pages-browser)/./lib/chat-transport.ts:41
[  174668ms] [LOG] [ChatTransport] responseHandler called, data: {"type":"delta","content":" **","error":null,"message_id":"4d1e696e-827d-4a7c-a150-a9a9791a1190","conversation_id":null,"itinerary":null,"stage":null} @ webpack-internal:///(app-pages-browser)/./lib/chat-transport.ts:137
[  174740ms] [LOG] [ChatTransport] onmessage triggered, has currentResponseHandler: true @ webpack-internal:///(app-pages-browser)/./lib/chat-transport.ts:41
[  174741ms] [LOG] [ChatTransport] responseHandler called, data: {"type":"delta","content":"深度","error":null,"message_id":"4d1e696e-827d-4a7c-a150-a9a9791a1190","conversation_id":null,"itinerary":null,"stage":null} @ webpack-internal:///(app-pages-browser)/./lib/chat-transport.ts:137
[  174749ms] [LOG] [ChatTransport] onmessage triggered, has currentResponseHandler: true @ webpack-internal:///(app-pages-browser)/./lib/chat-transport.ts:41
[  174750ms] [LOG] [ChatTransport] responseHandler called, data: {"type":"delta","content":"文化","error":null,"message_id":"4d1e696e-827d-4a7c-a150-a9a9791a1190","conversation_id":null,"itinerary":null,"stage":null} @ webpack-internal:///(app-pages-browser)/./lib/chat-transport.ts:137
[  174751ms] [LOG] [ChatTransport] onmessage triggered, has currentResponseHandler: true @ webpack-internal:///(app-pages-browser)/./lib/chat-transport.ts:41
[  174751ms] [LOG] [ChatTransport] responseHandler called, data: {"type":"delta","content":"之旅","error":null,"message_id":"4d1e696e-827d-4a7c-a150-a9a9791a1190","conversation_id":null,"itinerary":null,"stage":null} @ webpack-internal:///(app-pages-browser)/./lib/chat-transport.ts:137
[  174805ms] [LOG] [ChatTransport] onmessage triggered, has currentResponseHandler: true @ webpack-internal:///(app-pages-browser)/./lib/chat-transport.ts:41
[  174805ms] [LOG] [ChatTransport] responseHandler called, data: {"type":"delta","content":"**","error":null,"message_id":"4d1e696e-827d-4a7c-a150-a9a9791a1190","conversation_id":null,"itinerary":null,"stage":null} @ webpack-internal:///(app-pages-browser)/./lib/chat-transport.ts:137
[  174811ms] [LOG] [ChatTransport] onmessage triggered, has currentResponseHandler: true @ webpack-internal:///(app-pages-browser)/./lib/chat-transport.ts:41
[  174812ms] [LOG] [ChatTransport] responseHandler called, data: {"type":"delta","content":"：","error":null,"message_id":"4d1e696e-827d-4a7c-a150-a9a9791a1190","conversation_id":null,"itinerary":null,"stage":null} @ webpack-internal:///(app-pages-browser)/./lib/chat-transport.ts:137
[  174869ms] [LOG] [ChatTransport] onmessage triggered, has currentResponseHandler: true @ webpack-internal:///(app-pages-browser)/./lib/chat-transport.ts:41
[  174870ms] [LOG] [ChatTransport] responseHandler called, data: {"type":"delta","content":"京都","error":null,"message_id":"4d1e696e-827d-4a7c-a150-a9a9791a1190","conversation_id":null,"itinerary":null,"stage":null} @ webpack-internal:///(app-pages-browser)/./lib/chat-transport.ts:137
[  174877ms] [LOG] [ChatTransport] onmessage triggered, has currentResponseHandler: true @ webpack-internal:///(app-pages-browser)/./lib/chat-transport.ts:41
[  174878ms] [LOG] [ChatTransport] responseHandler called, data: {"type":"delta","content":"（","error":null,"message_id":"4d1e696e-827d-4a7c-a150-a9a9791a1190","conversation_id":null,"itinerary":null,"stage":null} @ webpack-internal:///(app-pages-browser)/./lib/chat-transport.ts:137
[  174938ms] [LOG] [ChatTransport] onmessage triggered, has currentResponseHandler: true @ webpack-internal:///(app-pages-browser)/./lib/chat-transport.ts:41
[  174938ms] [LOG] [ChatTransport] responseHandler called, data: {"type":"delta","content":"4","error":null,"message_id":"4d1e696e-827d-4a7c-a150-a9a9791a1190","conversation_id":null,"itinerary":null,"stage":null} @ webpack-internal:///(app-pages-browser)/./lib/chat-transport.ts:137
[  174983ms] [LOG] [ChatTransport] onmessage triggered, has currentResponseHandler: true @ webpack-internal:///(app-pages-browser)/./lib/chat-transport.ts:41
[  174983ms] [LOG] [ChatTransport] responseHandler called, data: {"type":"delta","content":"-","error":null,"message_id":"4d1e696e-827d-4a7c-a150-a9a9791a1190","conversation_id":null,"itinerary":null,"stage":null} @ webpack-internal:///(app-pages-browser)/./lib/chat-transport.ts:137
[  175013ms] [LOG] [ChatTransport] onmessage triggered, has currentResponseHandler: true @ webpack-internal:///(app-pages-browser)/./lib/chat-transport.ts:41
[  175013ms] [LOG] [ChatTransport] responseHandler called, data: {"type":"delta","content":"5","error":null,"message_id":"4d1e696e-827d-4a7c-a150-a9a9791a1190","conversation_id":null,"itinerary":null,"stage":null} @ webpack-internal:///(app-pages-browser)/./lib/chat-transport.ts:137
[  175048ms] [LOG] [ChatTransport] onmessage triggered, has currentResponseHandler: true @ webpack-internal:///(app-pages-browser)/./lib/chat-transport.ts:41
[  175048ms] [LOG] [ChatTransport] responseHandler called, data: {"type":"delta","content":"天","error":null,"message_id":"4d1e696e-827d-4a7c-a150-a9a9791a1190","conversation_id":null,"itinerary":null,"stage":null} @ webpack-internal:///(app-pages-browser)/./lib/chat-transport.ts:137
[  175079ms] [LOG] [ChatTransport] onmessage triggered, has currentResponseHandler: true @ webpack-internal:///(app-pages-browser)/./lib/chat-transport.ts:41
[  175080ms] [LOG] [ChatTransport] responseHandler called, data: {"type":"delta","content":"）","error":null,"message_id":"4d1e696e-827d-4a7c-a150-a9a9791a1190","conversation_id":null,"itinerary":null,"stage":null} @ webpack-internal:///(app-pages-browser)/./lib/chat-transport.ts:137
[  175111ms] [LOG] [ChatTransport] onmessage triggered, has currentResponseHandler: true @ webpack-internal:///(app-pages-browser)/./lib/chat-transport.ts:41
[  175112ms] [LOG] [ChatTransport] responseHandler called, data: {"type":"delta","content":"→","error":null,"message_id":"4d1e696e-827d-4a7c-a150-a9a9791a1190","conversation_id":null,"itinerary":null,"stage":null} @ webpack-internal:///(app-pages-browser)/./lib/chat-transport.ts:137
[  175142ms] [LOG] [ChatTransport] onmessage triggered, has currentResponseHandler: true @ webpack-internal:///(app-pages-browser)/./lib/chat-transport.ts:41
[  175142ms] [LOG] [ChatTransport] responseHandler called, data: {"type":"delta","content":" ","error":null,"message_id":"4d1e696e-827d-4a7c-a150-a9a9791a1190","conversation_id":null,"itinerary":null,"stage":null} @ webpack-internal:///(app-pages-browser)/./lib/chat-transport.ts:137
[  175181ms] [LOG] [ChatTransport] onmessage triggered, has currentResponseHandler: true @ webpack-internal:///(app-pages-browser)/./lib/chat-transport.ts:41
[  175182ms] [LOG] [ChatTransport] responseHandler called, data: {"type":"delta","content":"奈","error":null,"message_id":"4d1e696e-827d-4a7c-a150-a9a9791a1190","conversation_id":null,"itinerary":null,"stage":null} @ webpack-internal:///(app-pages-browser)/./lib/chat-transport.ts:137
[  175212ms] [LOG] [ChatTransport] onmessage triggered, has currentResponseHandler: true @ webpack-internal:///(app-pages-browser)/./lib/chat-transport.ts:41
[  175213ms] [LOG] [ChatTransport] responseHandler called, data: {"type":"delta","content":"良","error":null,"message_id":"4d1e696e-827d-4a7c-a150-a9a9791a1190","conversation_id":null,"itinerary":null,"stage":null} @ webpack-internal:///(app-pages-browser)/./lib/chat-transport.ts:137
[  175241ms] [LOG] [ChatTransport] onmessage triggered, has currentResponseHandler: true @ webpack-internal:///(app-pages-browser)/./lib/chat-transport.ts:41
[  175242ms] [LOG] [ChatTransport] responseHandler called, data: {"type":"delta","content":"（","error":null,"message_id":"4d1e696e-827d-4a7c-a150-a9a9791a1190","conversation_id":null,"itinerary":null,"stage":null} @ webpack-internal:///(app-pages-browser)/./lib/chat-transport.ts:137
[  175269ms] [LOG] [ChatTransport] onmessage triggered, has currentResponseHandler: true @ webpack-internal:///(app-pages-browser)/./lib/chat-transport.ts:41
[  175270ms] [LOG] [ChatTransport] responseHandler called, data: {"type":"delta","content":"1","error":null,"message_id":"4d1e696e-827d-4a7c-a150-a9a9791a1190","conversation_id":null,"itinerary":null,"stage":null} @ webpack-internal:///(app-pages-browser)/./lib/chat-transport.ts:137
[  175302ms] [LOG] [ChatTransport] onmessage triggered, has currentResponseHandler: true @ webpack-internal:///(app-pages-browser)/./lib/chat-transport.ts:41
[  175303ms] [LOG] [ChatTransport] responseHandler called, data: {"type":"delta","content":"天","error":null,"message_id":"4d1e696e-827d-4a7c-a150-a9a9791a1190","conversation_id":null,"itinerary":null,"stage":null} @ webpack-internal:///(app-pages-browser)/./lib/chat-transport.ts:137
[  175331ms] [LOG] [ChatTransport] onmessage triggered, has currentResponseHandler: true @ webpack-internal:///(app-pages-browser)/./lib/chat-transport.ts:41
[  175331ms] [LOG] [ChatTransport] responseHandler called, data: {"type":"delta","content":"）","error":null,"message_id":"4d1e696e-827d-4a7c-a150-a9a9791a1190","conversation_id":null,"itinerary":null,"stage":null} @ webpack-internal:///(app-pages-browser)/./lib/chat-transport.ts:137
[  175357ms] [LOG] [ChatTransport] onmessage triggered, has currentResponseHandler: true @ webpack-internal:///(app-pages-browser)/./lib/chat-transport.ts:41
[  175358ms] [LOG] [ChatTransport] responseHandler called, data: {"type":"delta","content":"→","error":null,"message_id":"4d1e696e-827d-4a7c-a150-a9a9791a1190","conversation_id":null,"itinerary":null,"stage":null} @ webpack-internal:///(app-pages-browser)/./lib/chat-transport.ts:137
[  175385ms] [LOG] [ChatTransport] onmessage triggered, has currentResponseHandler: true @ webpack-internal:///(app-pages-browser)/./lib/chat-transport.ts:41
[  175385ms] [LOG] [ChatTransport] responseHandler called, data: {"type":"delta","content":" ","error":null,"message_id":"4d1e696e-827d-4a7c-a150-a9a9791a1190","conversation_id":null,"itinerary":null,"stage":null} @ webpack-internal:///(app-pages-browser)/./lib/chat-transport.ts:137
[  175416ms] [LOG] [ChatTransport] onmessage triggered, has currentResponseHandler: true @ webpack-internal:///(app-pages-browser)/./lib/chat-transport.ts:41
[  175416ms] [LOG] [ChatTransport] responseHandler called, data: {"type":"delta","content":"大阪","error":null,"message_id":"4d1e696e-827d-4a7c-a150-a9a9791a1190","conversation_id":null,"itinerary":null,"stage":null} @ webpack-internal:///(app-pages-browser)/./lib/chat-transport.ts:137
[  175445ms] [LOG] [ChatTransport] onmessage triggered, has currentResponseHandler: true @ webpack-internal:///(app-pages-browser)/./lib/chat-transport.ts:41
[  175445ms] [LOG] [ChatTransport] responseHandler called, data: {"type":"delta","content":"（","error":null,"message_id":"4d1e696e-827d-4a7c-a150-a9a9791a1190","conversation_id":null,"itinerary":null,"stage":null} @ webpack-internal:///(app-pages-browser)/./lib/chat-transport.ts:137
[  175506ms] [LOG] [ChatTransport] onmessage triggered, has currentResponseHandler: true @ webpack-internal:///(app-pages-browser)/./lib/chat-transport.ts:41
[  175507ms] [LOG] [ChatTransport] responseHandler called, data: {"type":"delta","content":"2","error":null,"message_id":"4d1e696e-827d-4a7c-a150-a9a9791a1190","conversation_id":null,"itinerary":null,"stage":null} @ webpack-internal:///(app-pages-browser)/./lib/chat-transport.ts:137
[  175541ms] [LOG] [ChatTransport] onmessage triggered, has currentResponseHandler: true @ webpack-internal:///(app-pages-browser)/./lib/chat-transport.ts:41
[  175541ms] [LOG] [ChatTransport] responseHandler called, data: {"type":"delta","content":"天","error":null,"message_id":"4d1e696e-827d-4a7c-a150-a9a9791a1190","conversation_id":null,"itinerary":null,"stage":null} @ webpack-internal:///(app-pages-browser)/./lib/chat-transport.ts:137
[  175571ms] [LOG] [ChatTransport] onmessage triggered, has currentResponseHandler: true @ webpack-internal:///(app-pages-browser)/./lib/chat-transport.ts:41
[  175572ms] [LOG] [ChatTransport] responseHandler called, data: {"type":"delta","content":"）\n","error":null,"message_id":"4d1e696e-827d-4a7c-a150-a9a9791a1190","conversation_id":null,"itinerary":null,"stage":null} @ webpack-internal:///(app-pages-browser)/./lib/chat-transport.ts:137
[  175572ms] [LOG] [ChatTransport] onmessage triggered, has currentResponseHandler: true @ webpack-internal:///(app-pages-browser)/./lib/chat-transport.ts:41
[  175573ms] [LOG] [ChatTransport] responseHandler called, data: {"type":"delta","content":"3","error":null,"message_id":"4d1e696e-827d-4a7c-a150-a9a9791a1190","conversation_id":null,"itinerary":null,"stage":null} @ webpack-internal:///(app-pages-browser)/./lib/chat-transport.ts:137
[  175601ms] [LOG] [ChatTransport] onmessage triggered, has currentResponseHandler: true @ webpack-internal:///(app-pages-browser)/./lib/chat-transport.ts:41
[  175601ms] [LOG] [ChatTransport] responseHandler called, data: {"type":"delta","content":".","error":null,"message_id":"4d1e696e-827d-4a7c-a150-a9a9791a1190","conversation_id":null,"itinerary":null,"stage":null} @ webpack-internal:///(app-pages-browser)/./lib/chat-transport.ts:137
[  175613ms] [LOG] [ChatTransport] onmessage triggered, has currentResponseHandler: true @ webpack-internal:///(app-pages-browser)/./lib/chat-transport.ts:41
[  175614ms] [LOG] [ChatTransport] responseHandler called, data: {"type":"delta","content":" **","error":null,"message_id":"4d1e696e-827d-4a7c-a150-a9a9791a1190","conversation_id":null,"itinerary":null,"stage":null} @ webpack-internal:///(app-pages-browser)/./lib/chat-transport.ts:137
[  175670ms] [LOG] [ChatTransport] onmessage triggered, has currentResponseHandler: true @ webpack-internal:///(app-pages-browser)/./lib/chat-transport.ts:41
[  175671ms] [LOG] [ChatTransport] responseHandler called, data: {"type":"delta","content":"自然","error":null,"message_id":"4d1e696e-827d-4a7c-a150-a9a9791a1190","conversation_id":null,"itinerary":null,"stage":null} @ webpack-internal:///(app-pages-browser)/./lib/chat-transport.ts:137
[  175676ms] [LOG] [ChatTransport] onmessage triggered, has currentResponseHandler: true @ webpack-internal:///(app-pages-browser)/./lib/chat-transport.ts:41
[  175677ms] [LOG] [ChatTransport] responseHandler called, data: {"type":"delta","content":"温泉","error":null,"message_id":"4d1e696e-827d-4a7c-a150-a9a9791a1190","conversation_id":null,"itinerary":null,"stage":null} @ webpack-internal:///(app-pages-browser)/./lib/chat-transport.ts:137
[  175872ms] [LOG] [ChatTransport] onmessage triggered, has currentResponseHandler: true @ webpack-internal:///(app-pages-browser)/./lib/chat-transport.ts:41
[  175873ms] [LOG] [ChatTransport] responseHandler called, data: {"type":"delta","content":"之旅","error":null,"message_id":"4d1e696e-827d-4a7c-a150-a9a9791a1190","conversation_id":null,"itinerary":null,"stage":null} @ webpack-internal:///(app-pages-browser)/./lib/chat-transport.ts:137
[  175874ms] [LOG] [ChatTransport] onmessage triggered, has currentResponseHandler: true @ webpack-internal:///(app-pages-browser)/./lib/chat-transport.ts:41
[  175874ms] [LOG] [ChatTransport] responseHandler called, data: {"type":"delta","content":"**","error":null,"message_id":"4d1e696e-827d-4a7c-a150-a9a9791a1190","conversation_id":null,"itinerary":null,"stage":null} @ webpack-internal:///(app-pages-browser)/./lib/chat-transport.ts:137
[  175882ms] [LOG] [ChatTransport] onmessage triggered, has currentResponseHandler: true @ webpack-internal:///(app-pages-browser)/./lib/chat-transport.ts:41
[  175883ms] [LOG] [ChatTransport] responseHandler called, data: {"type":"delta","content":"：","error":null,"message_id":"4d1e696e-827d-4a7c-a150-a9a9791a1190","conversation_id":null,"itinerary":null,"stage":null} @ webpack-internal:///(app-pages-browser)/./lib/chat-transport.ts:137
[  175884ms] [LOG] [ChatTransport] onmessage triggered, has currentResponseHandler: true @ webpack-internal:///(app-pages-browser)/./lib/chat-transport.ts:41
[  175884ms] [LOG] [ChatTransport] responseHandler called, data: {"type":"delta","content":"东京","error":null,"message_id":"4d1e696e-827d-4a7c-a150-a9a9791a1190","conversation_id":null,"itinerary":null,"stage":null} @ webpack-internal:///(app-pages-browser)/./lib/chat-transport.ts:137
[  175891ms] [LOG] [ChatTransport] onmessage triggered, has currentResponseHandler: true @ webpack-internal:///(app-pages-browser)/./lib/chat-transport.ts:41
[  175892ms] [LOG] [ChatTransport] responseHandler called, data: {"type":"delta","content":"（","error":null,"message_id":"4d1e696e-827d-4a7c-a150-a9a9791a1190","conversation_id":null,"itinerary":null,"stage":null} @ webpack-internal:///(app-pages-browser)/./lib/chat-transport.ts:137
[  175892ms] [LOG] [ChatTransport] onmessage triggered, has currentResponseHandler: true @ webpack-internal:///(app-pages-browser)/./lib/chat-transport.ts:41
[  175893ms] [LOG] [ChatTransport] responseHandler called, data: {"type":"delta","content":"2","error":null,"message_id":"4d1e696e-827d-4a7c-a150-a9a9791a1190","conversation_id":null,"itinerary":null,"stage":null} @ webpack-internal:///(app-pages-browser)/./lib/chat-transport.ts:137
[  175900ms] [LOG] [ChatTransport] onmessage triggered, has currentResponseHandler: true @ webpack-internal:///(app-pages-browser)/./lib/chat-transport.ts:41
[  175901ms] [LOG] [ChatTransport] responseHandler called, data: {"type":"delta","content":"天","error":null,"message_id":"4d1e696e-827d-4a7c-a150-a9a9791a1190","conversation_id":null,"itinerary":null,"stage":null} @ webpack-internal:///(app-pages-browser)/./lib/chat-transport.ts:137
[  175907ms] [LOG] [ChatTransport] onmessage triggered, has currentResponseHandler: true @ webpack-internal:///(app-pages-browser)/./lib/chat-transport.ts:41
[  175908ms] [LOG] [ChatTransport] responseHandler called, data: {"type":"delta","content":"）","error":null,"message_id":"4d1e696e-827d-4a7c-a150-a9a9791a1190","conversation_id":null,"itinerary":null,"stage":null} @ webpack-internal:///(app-pages-browser)/./lib/chat-transport.ts:137
[  175954ms] [LOG] [ChatTransport] onmessage triggered, has currentResponseHandler: true @ webpack-internal:///(app-pages-browser)/./lib/chat-transport.ts:41
[  175955ms] [LOG] [ChatTransport] responseHandler called, data: {"type":"delta","content":"→","error":null,"message_id":"4d1e696e-827d-4a7c-a150-a9a9791a1190","conversation_id":null,"itinerary":null,"stage":null} @ webpack-internal:///(app-pages-browser)/./lib/chat-transport.ts:137
[  175985ms] [LOG] [ChatTransport] onmessage triggered, has currentResponseHandler: true @ webpack-internal:///(app-pages-browser)/./lib/chat-transport.ts:41
[  175986ms] [LOG] [ChatTransport] responseHandler called, data: {"type":"delta","content":" ","error":null,"message_id":"4d1e696e-827d-4a7c-a150-a9a9791a1190","conversation_id":null,"itinerary":null,"stage":null} @ webpack-internal:///(app-pages-browser)/./lib/chat-transport.ts:137
[  176016ms] [LOG] [ChatTransport] onmessage triggered, has currentResponseHandler: true @ webpack-internal:///(app-pages-browser)/./lib/chat-transport.ts:41
[  176017ms] [LOG] [ChatTransport] responseHandler called, data: {"type":"delta","content":"箱","error":null,"message_id":"4d1e696e-827d-4a7c-a150-a9a9791a1190","conversation_id":null,"itinerary":null,"stage":null} @ webpack-internal:///(app-pages-browser)/./lib/chat-transport.ts:137
[  176045ms] [LOG] [ChatTransport] onmessage triggered, has currentResponseHandler: true @ webpack-internal:///(app-pages-browser)/./lib/chat-transport.ts:41
[  176046ms] [LOG] [ChatTransport] responseHandler called, data: {"type":"delta","content":"根","error":null,"message_id":"4d1e696e-827d-4a7c-a150-a9a9791a1190","conversation_id":null,"itinerary":null,"stage":null} @ webpack-internal:///(app-pages-browser)/./lib/chat-transport.ts:137
[  176075ms] [LOG] [ChatTransport] onmessage triggered, has currentResponseHandler: true @ webpack-internal:///(app-pages-browser)/./lib/chat-transport.ts:41
[  176076ms] [LOG] [ChatTransport] responseHandler called, data: {"type":"delta","content":"（","error":null,"message_id":"4d1e696e-827d-4a7c-a150-a9a9791a1190","conversation_id":null,"itinerary":null,"stage":null} @ webpack-internal:///(app-pages-browser)/./lib/chat-transport.ts:137
[  176105ms] [LOG] [ChatTransport] onmessage triggered, has currentResponseHandler: true @ webpack-internal:///(app-pages-browser)/./lib/chat-transport.ts:41
[  176106ms] [LOG] [ChatTransport] responseHandler called, data: {"type":"delta","content":"1","error":null,"message_id":"4d1e696e-827d-4a7c-a150-a9a9791a1190","conversation_id":null,"itinerary":null,"stage":null} @ webpack-internal:///(app-pages-browser)/./lib/chat-transport.ts:137
[  176178ms] [LOG] [ChatTransport] onmessage triggered, has currentResponseHandler: true @ webpack-internal:///(app-pages-browser)/./lib/chat-transport.ts:41
[  176179ms] [LOG] [ChatTransport] responseHandler called, data: {"type":"delta","content":"-","error":null,"message_id":"4d1e696e-827d-4a7c-a150-a9a9791a1190","conversation_id":null,"itinerary":null,"stage":null} @ webpack-internal:///(app-pages-browser)/./lib/chat-transport.ts:137
[  176213ms] [LOG] [ChatTransport] onmessage triggered, has currentResponseHandler: true @ webpack-internal:///(app-pages-browser)/./lib/chat-transport.ts:41
[  176213ms] [LOG] [ChatTransport] responseHandler called, data: {"type":"delta","content":"2","error":null,"message_id":"4d1e696e-827d-4a7c-a150-a9a9791a1190","conversation_id":null,"itinerary":null,"stage":null} @ webpack-internal:///(app-pages-browser)/./lib/chat-transport.ts:137
[  176245ms] [LOG] [ChatTransport] onmessage triggered, has currentResponseHandler: true @ webpack-internal:///(app-pages-browser)/./lib/chat-transport.ts:41
[  176245ms] [LOG] [ChatTransport] responseHandler called, data: {"type":"delta","content":"天","error":null,"message_id":"4d1e696e-827d-4a7c-a150-a9a9791a1190","conversation_id":null,"itinerary":null,"stage":null} @ webpack-internal:///(app-pages-browser)/./lib/chat-transport.ts:137
[  176246ms] [LOG] [ChatTransport] onmessage triggered, has currentResponseHandler: true @ webpack-internal:///(app-pages-browser)/./lib/chat-transport.ts:41
[  176247ms] [LOG] [ChatTransport] responseHandler called, data: {"type":"delta","content":"）","error":null,"message_id":"4d1e696e-827d-4a7c-a150-a9a9791a1190","conversation_id":null,"itinerary":null,"stage":null} @ webpack-internal:///(app-pages-browser)/./lib/chat-transport.ts:137
[  176277ms] [LOG] [ChatTransport] onmessage triggered, has currentResponseHandler: true @ webpack-internal:///(app-pages-browser)/./lib/chat-transport.ts:41
[  176278ms] [LOG] [ChatTransport] responseHandler called, data: {"type":"delta","content":"→","error":null,"message_id":"4d1e696e-827d-4a7c-a150-a9a9791a1190","conversation_id":null,"itinerary":null,"stage":null} @ webpack-internal:///(app-pages-browser)/./lib/chat-transport.ts:137
[  176309ms] [LOG] [ChatTransport] onmessage triggered, has currentResponseHandler: true @ webpack-internal:///(app-pages-browser)/./lib/chat-transport.ts:41
[  176310ms] [LOG] [ChatTransport] responseHandler called, data: {"type":"delta","content":" ","error":null,"message_id":"4d1e696e-827d-4a7c-a150-a9a9791a1190","conversation_id":null,"itinerary":null,"stage":null} @ webpack-internal:///(app-pages-browser)/./lib/chat-transport.ts:137
[  176341ms] [LOG] [ChatTransport] onmessage triggered, has currentResponseHandler: true @ webpack-internal:///(app-pages-browser)/./lib/chat-transport.ts:41
[  176341ms] [LOG] [ChatTransport] responseHandler called, data: {"type":"delta","content":"富士","error":null,"message_id":"4d1e696e-827d-4a7c-a150-a9a9791a1190","conversation_id":null,"itinerary":null,"stage":null} @ webpack-internal:///(app-pages-browser)/./lib/chat-transport.ts:137
[  176370ms] [LOG] [ChatTransport] onmessage triggered, has currentResponseHandler: true @ webpack-internal:///(app-pages-browser)/./lib/chat-transport.ts:41
[  176371ms] [LOG] [ChatTransport] responseHandler called, data: {"type":"delta","content":"山","error":null,"message_id":"4d1e696e-827d-4a7c-a150-a9a9791a1190","conversation_id":null,"itinerary":null,"stage":null} @ webpack-internal:///(app-pages-browser)/./lib/chat-transport.ts:137
[  176401ms] [LOG] [ChatTransport] onmessage triggered, has currentResponseHandler: true @ webpack-internal:///(app-pages-browser)/./lib/chat-transport.ts:41
[  176401ms] [LOG] [ChatTransport] responseHandler called, data: {"type":"delta","content":"周边","error":null,"message_id":"4d1e696e-827d-4a7c-a150-a9a9791a1190","conversation_id":null,"itinerary":null,"stage":null} @ webpack-internal:///(app-pages-browser)/./lib/chat-transport.ts:137
[  176441ms] [LOG] [ChatTransport] onmessage triggered, has currentResponseHandler: true @ webpack-internal:///(app-pages-browser)/./lib/chat-transport.ts:41
[  176442ms] [LOG] [ChatTransport] responseHandler called, data: {"type":"delta","content":"（","error":null,"message_id":"4d1e696e-827d-4a7c-a150-a9a9791a1190","conversation_id":null,"itinerary":null,"stage":null} @ webpack-internal:///(app-pages-browser)/./lib/chat-transport.ts:137
[  176463ms] [LOG] [ChatTransport] onmessage triggered, has currentResponseHandler: true @ webpack-internal:///(app-pages-browser)/./lib/chat-transport.ts:41
[  176463ms] [LOG] [ChatTransport] responseHandler called, data: {"type":"delta","content":"1","error":null,"message_id":"4d1e696e-827d-4a7c-a150-a9a9791a1190","conversation_id":null,"itinerary":null,"stage":null} @ webpack-internal:///(app-pages-browser)/./lib/chat-transport.ts:137
[  176504ms] [LOG] [ChatTransport] onmessage triggered, has currentResponseHandler: true @ webpack-internal:///(app-pages-browser)/./lib/chat-transport.ts:41
[  176505ms] [LOG] [ChatTransport] responseHandler called, data: {"type":"delta","content":"-","error":null,"message_id":"4d1e696e-827d-4a7c-a150-a9a9791a1190","conversation_id":null,"itinerary":null,"stage":null} @ webpack-internal:///(app-pages-browser)/./lib/chat-transport.ts:137
[  176535ms] [LOG] [ChatTransport] onmessage triggered, has currentResponseHandler: true @ webpack-internal:///(app-pages-browser)/./lib/chat-transport.ts:41
[  176535ms] [LOG] [ChatTransport] responseHandler called, data: {"type":"delta","content":"2","error":null,"message_id":"4d1e696e-827d-4a7c-a150-a9a9791a1190","conversation_id":null,"itinerary":null,"stage":null} @ webpack-internal:///(app-pages-browser)/./lib/chat-transport.ts:137
[  176566ms] [LOG] [ChatTransport] onmessage triggered, has currentResponseHandler: true @ webpack-internal:///(app-pages-browser)/./lib/chat-transport.ts:41
[  176566ms] [LOG] [ChatTransport] responseHandler called, data: {"type":"delta","content":"天","error":null,"message_id":"4d1e696e-827d-4a7c-a150-a9a9791a1190","conversation_id":null,"itinerary":null,"stage":null} @ webpack-internal:///(app-pages-browser)/./lib/chat-transport.ts:137
[  176587ms] [LOG] [ChatTransport] onmessage triggered, has currentResponseHandler: true @ webpack-internal:///(app-pages-browser)/./lib/chat-transport.ts:41
[  176587ms] [LOG] [ChatTransport] responseHandler called, data: {"type":"delta","content":"）\n\n","error":null,"message_id":"4d1e696e-827d-4a7c-a150-a9a9791a1190","conversation_id":null,"itinerary":null,"stage":null} @ webpack-internal:///(app-pages-browser)/./lib/chat-transport.ts:137
[  176849ms] [LOG] [ChatTransport] onmessage triggered, has currentResponseHandler: true @ webpack-internal:///(app-pages-browser)/./lib/chat-transport.ts:41
[  176849ms] [LOG] [ChatTransport] responseHandler called, data: {"type":"delta","content":"您","error":null,"message_id":"4d1e696e-827d-4a7c-a150-a9a9791a1190","conversation_id":null,"itinerary":null,"stage":null} @ webpack-internal:///(app-pages-browser)/./lib/chat-transport.ts:137
[  176862ms] [LOG] [ChatTransport] onmessage triggered, has currentResponseHandler: true @ webpack-internal:///(app-pages-browser)/./lib/chat-transport.ts:41
[  176862ms] [LOG] [ChatTransport] responseHandler called, data: {"type":"delta","content":"对","error":null,"message_id":"4d1e696e-827d-4a7c-a150-a9a9791a1190","conversation_id":null,"itinerary":null,"stage":null} @ webpack-internal:///(app-pages-browser)/./lib/chat-transport.ts:137
[  176867ms] [LOG] [ChatTransport] onmessage triggered, has currentResponseHandler: true @ webpack-internal:///(app-pages-browser)/./lib/chat-transport.ts:41
[  176868ms] [LOG] [ChatTransport] responseHandler called, data: {"type":"delta","content":"哪种","error":null,"message_id":"4d1e696e-827d-4a7c-a150-a9a9791a1190","conversation_id":null,"itinerary":null,"stage":null} @ webpack-internal:///(app-pages-browser)/./lib/chat-transport.ts:137
[  176868ms] [LOG] [ChatTransport] onmessage triggered, has currentResponseHandler: true @ webpack-internal:///(app-pages-browser)/./lib/chat-transport.ts:41
[  176869ms] [LOG] [ChatTransport] responseHandler called, data: {"type":"delta","content":"类型的","error":null,"message_id":"4d1e696e-827d-4a7c-a150-a9a9791a1190","conversation_id":null,"itinerary":null,"stage":null} @ webpack-internal:///(app-pages-browser)/./lib/chat-transport.ts:137
[  176870ms] [LOG] [ChatTransport] onmessage triggered, has currentResponseHandler: true @ webpack-internal:///(app-pages-browser)/./lib/chat-transport.ts:41
[  176870ms] [LOG] [ChatTransport] responseHandler called, data: {"type":"delta","content":"旅行","error":null,"message_id":"4d1e696e-827d-4a7c-a150-a9a9791a1190","conversation_id":null,"itinerary":null,"stage":null} @ webpack-internal:///(app-pages-browser)/./lib/chat-transport.ts:137
[  176871ms] [LOG] [ChatTransport] onmessage triggered, has currentResponseHandler: true @ webpack-internal:///(app-pages-browser)/./lib/chat-transport.ts:41
[  176872ms] [LOG] [ChatTransport] responseHandler called, data: {"type":"delta","content":"更","error":null,"message_id":"4d1e696e-827d-4a7c-a150-a9a9791a1190","conversation_id":null,"itinerary":null,"stage":null} @ webpack-internal:///(app-pages-browser)/./lib/chat-transport.ts:137
[  176872ms] [LOG] [ChatTransport] onmessage triggered, has currentResponseHandler: true @ webpack-internal:///(app-pages-browser)/./lib/chat-transport.ts:41
[  176873ms] [LOG] [ChatTransport] responseHandler called, data: {"type":"delta","content":"感兴趣","error":null,"message_id":"4d1e696e-827d-4a7c-a150-a9a9791a1190","conversation_id":null,"itinerary":null,"stage":null} @ webpack-internal:///(app-pages-browser)/./lib/chat-transport.ts:137
[  176879ms] [LOG] [ChatTransport] onmessage triggered, has currentResponseHandler: true @ webpack-internal:///(app-pages-browser)/./lib/chat-transport.ts:41
[  176879ms] [LOG] [ChatTransport] responseHandler called, data: {"type":"delta","content":"呢","error":null,"message_id":"4d1e696e-827d-4a7c-a150-a9a9791a1190","conversation_id":null,"itinerary":null,"stage":null} @ webpack-internal:///(app-pages-browser)/./lib/chat-transport.ts:137
[  176880ms] [LOG] [ChatTransport] onmessage triggered, has currentResponseHandler: true @ webpack-internal:///(app-pages-browser)/./lib/chat-transport.ts:41
[  176880ms] [LOG] [ChatTransport] responseHandler called, data: {"type":"delta","content":"？","error":null,"message_id":"4d1e696e-827d-4a7c-a150-a9a9791a1190","conversation_id":null,"itinerary":null,"stage":null} @ webpack-internal:///(app-pages-browser)/./lib/chat-transport.ts:137
[  176929ms] [LOG] [ChatTransport] onmessage triggered, has currentResponseHandler: true @ webpack-internal:///(app-pages-browser)/./lib/chat-transport.ts:41
[  176929ms] [LOG] [ChatTransport] responseHandler called, data: {"type":"delta","content":"或者","error":null,"message_id":"4d1e696e-827d-4a7c-a150-a9a9791a1190","conversation_id":null,"itinerary":null,"stage":null} @ webpack-internal:///(app-pages-browser)/./lib/chat-transport.ts:137
[  176933ms] [LOG] [ChatTransport] onmessage triggered, has currentResponseHandler: true @ webpack-internal:///(app-pages-browser)/./lib/chat-transport.ts:41
[  176933ms] [LOG] [ChatTransport] responseHandler called, data: {"type":"delta","content":"您","error":null,"message_id":"4d1e696e-827d-4a7c-a150-a9a9791a1190","conversation_id":null,"itinerary":null,"stage":null} @ webpack-internal:///(app-pages-browser)/./lib/chat-transport.ts:137
[  176989ms] [LOG] [ChatTransport] onmessage triggered, has currentResponseHandler: true @ webpack-internal:///(app-pages-browser)/./lib/chat-transport.ts:41
[  176989ms] [LOG] [ChatTransport] responseHandler called, data: {"type":"delta","content":"有什么","error":null,"message_id":"4d1e696e-827d-4a7c-a150-a9a9791a1190","conversation_id":null,"itinerary":null,"stage":null} @ webpack-internal:///(app-pages-browser)/./lib/chat-transport.ts:137
[  177112ms] [LOG] [ChatTransport] onmessage triggered, has currentResponseHandler: true @ webpack-internal:///(app-pages-browser)/./lib/chat-transport.ts:41
[  177113ms] [LOG] [ChatTransport] responseHandler called, data: {"type":"delta","content":"特别的","error":null,"message_id":"4d1e696e-827d-4a7c-a150-a9a9791a1190","conversation_id":null,"itinerary":null,"stage":null} @ webpack-internal:///(app-pages-browser)/./lib/chat-transport.ts:137
[  177145ms] [LOG] [ChatTransport] onmessage triggered, has currentResponseHandler: true @ webpack-internal:///(app-pages-browser)/./lib/chat-transport.ts:41
[  177146ms] [LOG] [ChatTransport] responseHandler called, data: {"type":"delta","content":"偏好","error":null,"message_id":"4d1e696e-827d-4a7c-a150-a9a9791a1190","conversation_id":null,"itinerary":null,"stage":null} @ webpack-internal:///(app-pages-browser)/./lib/chat-transport.ts:137
[  177147ms] [LOG] [ChatTransport] onmessage triggered, has currentResponseHandler: true @ webpack-internal:///(app-pages-browser)/./lib/chat-transport.ts:41
[  177147ms] [LOG] [ChatTransport] responseHandler called, data: {"type":"delta","content":"（","error":null,"message_id":"4d1e696e-827d-4a7c-a150-a9a9791a1190","conversation_id":null,"itinerary":null,"stage":null} @ webpack-internal:///(app-pages-browser)/./lib/chat-transport.ts:137
[  177189ms] [LOG] [ChatTransport] onmessage triggered, has currentResponseHandler: true @ webpack-internal:///(app-pages-browser)/./lib/chat-transport.ts:41
[  177190ms] [LOG] [ChatTransport] responseHandler called, data: {"type":"delta","content":"比如","error":null,"message_id":"4d1e696e-827d-4a7c-a150-a9a9791a1190","conversation_id":null,"itinerary":null,"stage":null} @ webpack-internal:///(app-pages-browser)/./lib/chat-transport.ts:137
[  177219ms] [LOG] [ChatTransport] onmessage triggered, has currentResponseHandler: true @ webpack-internal:///(app-pages-browser)/./lib/chat-transport.ts:41
[  177220ms] [LOG] [ChatTransport] responseHandler called, data: {"type":"delta","content":"美食","error":null,"message_id":"4d1e696e-827d-4a7c-a150-a9a9791a1190","conversation_id":null,"itinerary":null,"stage":null} @ webpack-internal:///(app-pages-browser)/./lib/chat-transport.ts:137
[  177250ms] [LOG] [ChatTransport] onmessage triggered, has currentResponseHandler: true @ webpack-internal:///(app-pages-browser)/./lib/chat-transport.ts:41
[  177250ms] [LOG] [ChatTransport] responseHandler called, data: {"type":"delta","content":"、","error":null,"message_id":"4d1e696e-827d-4a7c-a150-a9a9791a1190","conversation_id":null,"itinerary":null,"stage":null} @ webpack-internal:///(app-pages-browser)/./lib/chat-transport.ts:137
[  177280ms] [LOG] [ChatTransport] onmessage triggered, has currentResponseHandler: true @ webpack-internal:///(app-pages-browser)/./lib/chat-transport.ts:41
[  177281ms] [LOG] [ChatTransport] responseHandler called, data: {"type":"delta","content":"购物","error":null,"message_id":"4d1e696e-827d-4a7c-a150-a9a9791a1190","conversation_id":null,"itinerary":null,"stage":null} @ webpack-internal:///(app-pages-browser)/./lib/chat-transport.ts:137
[  177370ms] [LOG] [ChatTransport] onmessage triggered, has currentResponseHandler: true @ webpack-internal:///(app-pages-browser)/./lib/chat-transport.ts:41
[  177371ms] [LOG] [ChatTransport] responseHandler called, data: {"type":"delta","content":"、","error":null,"message_id":"4d1e696e-827d-4a7c-a150-a9a9791a1190","conversation_id":null,"itinerary":null,"stage":null} @ webpack-internal:///(app-pages-browser)/./lib/chat-transport.ts:137
[  177401ms] [LOG] [ChatTransport] onmessage triggered, has currentResponseHandler: true @ webpack-internal:///(app-pages-browser)/./lib/chat-transport.ts:41
[  177401ms] [LOG] [ChatTransport] responseHandler called, data: {"type":"delta","content":"历史","error":null,"message_id":"4d1e696e-827d-4a7c-a150-a9a9791a1190","conversation_id":null,"itinerary":null,"stage":null} @ webpack-internal:///(app-pages-browser)/./lib/chat-transport.ts:137
[  177431ms] [LOG] [ChatTransport] onmessage triggered, has currentResponseHandler: true @ webpack-internal:///(app-pages-browser)/./lib/chat-transport.ts:41
[  177431ms] [LOG] [ChatTransport] responseHandler called, data: {"type":"delta","content":"、","error":null,"message_id":"4d1e696e-827d-4a7c-a150-a9a9791a1190","conversation_id":null,"itinerary":null,"stage":null} @ webpack-internal:///(app-pages-browser)/./lib/chat-transport.ts:137
[  177432ms] [LOG] [ChatTransport] onmessage triggered, has currentResponseHandler: true @ webpack-internal:///(app-pages-browser)/./lib/chat-transport.ts:41
[  177432ms] [LOG] [ChatTransport] responseHandler called, data: {"type":"delta","content":"自然","error":null,"message_id":"4d1e696e-827d-4a7c-a150-a9a9791a1190","conversation_id":null,"itinerary":null,"stage":null} @ webpack-internal:///(app-pages-browser)/./lib/chat-transport.ts:137
[  177462ms] [LOG] [ChatTransport] onmessage triggered, has currentResponseHandler: true @ webpack-internal:///(app-pages-browser)/./lib/chat-transport.ts:41
[  177462ms] [LOG] [ChatTransport] responseHandler called, data: {"type":"delta","content":"等","error":null,"message_id":"4d1e696e-827d-4a7c-a150-a9a9791a1190","conversation_id":null,"itinerary":null,"stage":null} @ webpack-internal:///(app-pages-browser)/./lib/chat-transport.ts:137
[  177492ms] [LOG] [ChatTransport] onmessage triggered, has currentResponseHandler: true @ webpack-internal:///(app-pages-browser)/./lib/chat-transport.ts:41
[  177492ms] [LOG] [ChatTransport] responseHandler called, data: {"type":"delta","content":"）","error":null,"message_id":"4d1e696e-827d-4a7c-a150-a9a9791a1190","conversation_id":null,"itinerary":null,"stage":null} @ webpack-internal:///(app-pages-browser)/./lib/chat-transport.ts:137
[  177521ms] [LOG] [ChatTransport] onmessage triggered, has currentResponseHandler: true @ webpack-internal:///(app-pages-browser)/./lib/chat-transport.ts:41
[  177522ms] [LOG] [ChatTransport] responseHandler called, data: {"type":"delta","content":"？","error":null,"message_id":"4d1e696e-827d-4a7c-a150-a9a9791a1190","conversation_id":null,"itinerary":null,"stage":null} @ webpack-internal:///(app-pages-browser)/./lib/chat-transport.ts:137
[  177523ms] [LOG] [ChatTransport] onmessage triggered, has currentResponseHandler: true @ webpack-internal:///(app-pages-browser)/./lib/chat-transport.ts:41
[  177523ms] [LOG] [ChatTransport] responseHandler called, data: {"type":"delta","content":"告诉我","error":null,"message_id":"4d1e696e-827d-4a7c-a150-a9a9791a1190","conversation_id":null,"itinerary":null,"stage":null} @ webpack-internal:///(app-pages-browser)/./lib/chat-transport.ts:137
[  177553ms] [LOG] [ChatTransport] onmessage triggered, has currentResponseHandler: true @ webpack-internal:///(app-pages-browser)/./lib/chat-transport.ts:41
[  177553ms] [LOG] [ChatTransport] responseHandler called, data: {"type":"delta","content":"后","error":null,"message_id":"4d1e696e-827d-4a7c-a150-a9a9791a1190","conversation_id":null,"itinerary":null,"stage":null} @ webpack-internal:///(app-pages-browser)/./lib/chat-transport.ts:137
[  177583ms] [LOG] [ChatTransport] onmessage triggered, has currentResponseHandler: true @ webpack-internal:///(app-pages-browser)/./lib/chat-transport.ts:41
[  177583ms] [LOG] [ChatTransport] responseHandler called, data: {"type":"delta","content":"，","error":null,"message_id":"4d1e696e-827d-4a7c-a150-a9a9791a1190","conversation_id":null,"itinerary":null,"stage":null} @ webpack-internal:///(app-pages-browser)/./lib/chat-transport.ts:137
[  177619ms] [LOG] [ChatTransport] onmessage triggered, has currentResponseHandler: true @ webpack-internal:///(app-pages-browser)/./lib/chat-transport.ts:41
[  177619ms] [LOG] [ChatTransport] responseHandler called, data: {"type":"delta","content":"我可以","error":null,"message_id":"4d1e696e-827d-4a7c-a150-a9a9791a1190","conversation_id":null,"itinerary":null,"stage":null} @ webpack-internal:///(app-pages-browser)/./lib/chat-transport.ts:137
[  177647ms] [LOG] [ChatTransport] onmessage triggered, has currentResponseHandler: true @ webpack-internal:///(app-pages-browser)/./lib/chat-transport.ts:41
[  177647ms] [LOG] [ChatTransport] responseHandler called, data: {"type":"delta","content":"为您","error":null,"message_id":"4d1e696e-827d-4a7c-a150-a9a9791a1190","conversation_id":null,"itinerary":null,"stage":null} @ webpack-internal:///(app-pages-browser)/./lib/chat-transport.ts:137
[  177690ms] [LOG] [ChatTransport] onmessage triggered, has currentResponseHandler: true @ webpack-internal:///(app-pages-browser)/./lib/chat-transport.ts:41
[  177690ms] [LOG] [ChatTransport] responseHandler called, data: {"type":"delta","content":"提供","error":null,"message_id":"4d1e696e-827d-4a7c-a150-a9a9791a1190","conversation_id":null,"itinerary":null,"stage":null} @ webpack-internal:///(app-pages-browser)/./lib/chat-transport.ts:137
[  177723ms] [LOG] [ChatTransport] onmessage triggered, has currentResponseHandler: true @ webpack-internal:///(app-pages-browser)/./lib/chat-transport.ts:41
[  177724ms] [LOG] [ChatTransport] responseHandler called, data: {"type":"delta","content":"更","error":null,"message_id":"4d1e696e-827d-4a7c-a150-a9a9791a1190","conversation_id":null,"itinerary":null,"stage":null} @ webpack-internal:///(app-pages-browser)/./lib/chat-transport.ts:137
[  177755ms] [LOG] [ChatTransport] onmessage triggered, has currentResponseHandler: true @ webpack-internal:///(app-pages-browser)/./lib/chat-transport.ts:41
[  177756ms] [LOG] [ChatTransport] responseHandler called, data: {"type":"delta","content":"详细的","error":null,"message_id":"4d1e696e-827d-4a7c-a150-a9a9791a1190","conversation_id":null,"itinerary":null,"stage":null} @ webpack-internal:///(app-pages-browser)/./lib/chat-transport.ts:137
[  177785ms] [LOG] [ChatTransport] onmessage triggered, has currentResponseHandler: true @ webpack-internal:///(app-pages-browser)/./lib/chat-transport.ts:41
[  177786ms] [LOG] [ChatTransport] responseHandler called, data: {"type":"delta","content":"建议","error":null,"message_id":"4d1e696e-827d-4a7c-a150-a9a9791a1190","conversation_id":null,"itinerary":null,"stage":null} @ webpack-internal:///(app-pages-browser)/./lib/chat-transport.ts:137
[  177799ms] [LOG] [ChatTransport] onmessage triggered, has currentResponseHandler: true @ webpack-internal:///(app-pages-browser)/./lib/chat-transport.ts:41
[  177799ms] [LOG] [ChatTransport] responseHandler called, data: {"type":"delta","content":"和","error":null,"message_id":"4d1e696e-827d-4a7c-a150-a9a9791a1190","conversation_id":null,"itinerary":null,"stage":null} @ webpack-internal:///(app-pages-browser)/./lib/chat-transport.ts:137
[  177807ms] [LOG] [ChatTransport] onmessage triggered, has currentResponseHandler: true @ webpack-internal:///(app-pages-browser)/./lib/chat-transport.ts:41
[  177807ms] [LOG] [ChatTransport] responseHandler called, data: {"type":"delta","content":"行程","error":null,"message_id":"4d1e696e-827d-4a7c-a150-a9a9791a1190","conversation_id":null,"itinerary":null,"stage":null} @ webpack-internal:///(app-pages-browser)/./lib/chat-transport.ts:137
[  177848ms] [LOG] [ChatTransport] onmessage triggered, has currentResponseHandler: true @ webpack-internal:///(app-pages-browser)/./lib/chat-transport.ts:41
[  177848ms] [LOG] [ChatTransport] responseHandler called, data: {"type":"delta","content":"规划","error":null,"message_id":"4d1e696e-827d-4a7c-a150-a9a9791a1190","conversation_id":null,"itinerary":null,"stage":null} @ webpack-internal:///(app-pages-browser)/./lib/chat-transport.ts:137
[  177854ms] [LOG] [ChatTransport] onmessage triggered, has currentResponseHandler: true @ webpack-internal:///(app-pages-browser)/./lib/chat-transport.ts:41
[  177854ms] [LOG] [ChatTransport] responseHandler called, data: {"type":"delta","content":"！","error":null,"message_id":"4d1e696e-827d-4a7c-a150-a9a9791a1190","conversation_id":null,"itinerary":null,"stage":null} @ webpack-internal:///(app-pages-browser)/./lib/chat-transport.ts:137
[  177976ms] [LOG] [ChatTransport] onmessage triggered, has currentResponseHandler: true @ webpack-internal:///(app-pages-browser)/./lib/chat-transport.ts:41
[  177976ms] [LOG] [ChatTransport] responseHandler called, data: {"type":"stage","content":null,"error":null,"message_id":"4d1e696e-827d-4a7c-a150-a9a9791a1190","conversation_id":null,"itinerary":null,"stage":{"name":"6_LLM","status":"end","label":"✨ 生成回复","message":"正在生成回复内容..."}} @ webpack-internal:///(app-pages-browser)/./lib/chat-transport.ts:137
[  177976ms] [LOG] [ChatTransport] Stage update: {name: 6_LLM, status: end, label: ✨ 生成回复, message: 正在生成回复内容...} @ webpack-internal:///(app-pages-browser)/./lib/chat-transport.ts:147
[  177984ms] [LOG] [ChatTransport] onmessage triggered, has currentResponseHandler: true @ webpack-internal:///(app-pages-browser)/./lib/chat-transport.ts:41
[  177985ms] [LOG] [ChatTransport] responseHandler called, data: {"type":"stage","content":null,"error":null,"message_id":"4d1e696e-827d-4a7c-a150-a9a9791a1190","conversation_id":null,"itinerary":null,"stage":{"name":"7_CTX_MANAGE","status":"start","label":"📊 上下文管理","message":"正在管理上下文窗口..."}} @ webpack-internal:///(app-pages-browser)/./lib/chat-transport.ts:137
[  177985ms] [LOG] [ChatTransport] Stage update: {name: 7_CTX_MANAGE, status: start, label: 📊 上下文管理, message: 正在管理上下文窗口...} @ webpack-internal:///(app-pages-browser)/./lib/chat-transport.ts:147
[  177986ms] [LOG] [ChatTransport] onmessage triggered, has currentResponseHandler: true @ webpack-internal:///(app-pages-browser)/./lib/chat-transport.ts:41
[  177986ms] [LOG] [ChatTransport] responseHandler called, data: {"type":"stage","content":null,"error":null,"message_id":"4d1e696e-827d-4a7c-a150-a9a9791a1190","conversation_id":null,"itinerary":null,"stage":{"name":"7_CTX_MANAGE","status":"skip","label":"📊 上下文管理","message":"正在管理上下文窗口..."}} @ webpack-internal:///(app-pages-browser)/./lib/chat-transport.ts:137
[  177986ms] [LOG] [ChatTransport] Stage update: {name: 7_CTX_MANAGE, status: skip, label: 📊 上下文管理, message: 正在管理上下文窗口...} @ webpack-internal:///(app-pages-browser)/./lib/chat-transport.ts:147
[  177987ms] [LOG] [ChatTransport] onmessage triggered, has currentResponseHandler: true @ webpack-internal:///(app-pages-browser)/./lib/chat-transport.ts:41
[  177987ms] [LOG] [ChatTransport] responseHandler called, data: {"type":"stage","content":null,"error":null,"message_id":"4d1e696e-827d-4a7c-a150-a9a9791a1190","conversation_id":null,"itinerary":null,"stage":{"name":"8_MEMORY","status":"start","label":"💾 记忆更新","message":"正在更新记忆信息..."}} @ webpack-internal:///(app-pages-browser)/./lib/chat-transport.ts:137
[  177987ms] [LOG] [ChatTransport] Stage update: {name: 8_MEMORY, status: start, label: 💾 记忆更新, message: 正在更新记忆信息...} @ webpack-internal:///(app-pages-browser)/./lib/chat-transport.ts:147
[  177994ms] [LOG] [ChatTransport] onmessage triggered, has currentResponseHandler: true @ webpack-internal:///(app-pages-browser)/./lib/chat-transport.ts:41
[  177995ms] [LOG] [ChatTransport] responseHandler called, data: {"type":"stage","content":null,"error":null,"message_id":"4d1e696e-827d-4a7c-a150-a9a9791a1190","conversation_id":null,"itinerary":null,"stage":{"name":"8_MEMORY","status":"end","label":"💾 记忆更新","message":"正在更新记忆信息..."}} @ webpack-internal:///(app-pages-browser)/./lib/chat-transport.ts:137
[  177995ms] [LOG] [ChatTransport] Stage update: {name: 8_MEMORY, status: end, label: 💾 记忆更新, message: 正在更新记忆信息...} @ webpack-internal:///(app-pages-browser)/./lib/chat-transport.ts:147
[  177996ms] [LOG] [ChatTransport] onmessage triggered, has currentResponseHandler: true @ webpack-internal:///(app-pages-browser)/./lib/chat-transport.ts:41
[  177996ms] [LOG] [ChatTransport] responseHandler called, data: {"type":"done","content":"我来为您推荐几个日本的热门旅游城市！日本有很多各具特色的城市，每个都有独特的魅力。让我先为您介绍几个最受欢迎的：\n\n## 🌸 经典推荐城市\n\n### **东京**\n- **特色**：现代化大都市、购物天堂、美食之都\n- **亮点**：东京塔、浅草寺、涩谷十字路口、秋叶原（动漫文化）、银座（高端购物）\n- **适合**：首次访日、喜欢都市生活、购物爱好者\n\n### **京都**\n- **特色**：日本传统文化之都、千年古都\n- **亮点**：伏见稻荷大社的千本鸟居、金阁寺、清水寺、祇园（艺妓文化）\n- **适合**：文化爱好者、历史迷、喜欢传统建筑\n\n### **大阪**\n- **特色**：美食之都、关西商业中心\n- **亮点**：大阪城、道顿堀（美食街）、环球影城日本、心斋桥购物区\n- **适合**：美食家、家庭游、购物爱好者\n\n### **北海道（札幌）**\n- **特色**：自然风光、冬季雪景、海鲜美食\n- **亮点**：札幌雪祭、小樽运河、富良野花田、温泉\n- **适合**：自然爱好者、冬季运动、美食探索\n\n### **冲绳**\n- **特色**：热带海岛、美国文化影响、潜水胜地\n- **亮点**：美丽海水族馆、古宇利岛、美国村、琉球文化\n- **适合**：海滩度假、潜水爱好者、家庭游\n\n## 🎯 根据兴趣推荐\n\n- **历史与文化**：京都、奈良、镰仓\n- **现代都市**：东京、大阪、名古屋\n- **自然风光**：北海道、富士山周边、箱根\n- **温泉体验**：箱根、草津、有马温泉\n- **动漫与科技**：东京秋叶原、大阪日本桥\n\n## 💡 建议行程组合\n\n1. **经典关东关西线**：东京（3-4天）→ 京都（2-3天）→ 大阪（2天）\n2. **深度文化之旅**：京都（4-5天）→ 奈良（1天）→ 大阪（2天）\n3. **自然温泉之旅**：东京（2天）→ 箱根（1-2天）→ 富士山周边（1-2天）\n\n您对哪种类型的旅行更感兴趣呢？或者您有什么特别的偏好（比如美食、购物、历史、自然等）？告诉我后，我可以为您提供更详细的建议和行程规划！","error":null,"message_id":"4d1e696e-827d-4a7c-a150-a9a9791a1190","conversation_id":"5d6449b1-fd30-462d-b697-59f82b49f44c","itinerary":null,"stage":null} @ webpack-internal:///(app-pages-browser)/./lib/chat-transport.ts:137
[  177997ms] [LOG] [ChatTransport] Updated conversation_id: 5d6449b1-fd30-462d-b697-59f82b49f44c @ webpack-internal:///(app-pages-browser)/./lib/chat-transport.ts:165
[  180222ms] [LOG] [ChatTransport] onmessage triggered, has currentResponseHandler: false @ webpack-internal:///(app-pages-browser)/./lib/chat-transport.ts:41
[  180223ms] [LOG] [ChatTransport] Title update received: 日本旅游城市推荐 @ webpack-internal:///(app-pages-browser)/./lib/chat-transport.ts:47
[  180223ms] [LOG] [Chat] Title updated: 日本旅游城市推荐 @ webpack-internal:///(app-pages-browser)/./app/chat/page.tsx:366
[  211045ms] [LOG] [ChatTransport] sendMessage called, content: 东京有什么好吃的？ @ webpack-internal:///(app-pages-browser)/./lib/chat-transport.ts:109
[  211045ms] [LOG] [ChatTransport] isConnected: true ws.readyState: 1 @ webpack-internal:///(app-pages-browser)/./lib/chat-transport.ts:110
[  211045ms] [LOG] [ChatTransport] has_image: false @ webpack-internal:///(app-pages-browser)/./lib/chat-transport.ts:111
[  211045ms] [LOG] [ChatTransport] Sending WebSocket message: msg_1776426795113_wxluqye 东京有什么好吃的？ @ webpack-internal:///(app-pages-browser)/./lib/chat-transport.ts:126
[  211046ms] [LOG] [ChatTransport] Setting currentResponseHandler @ webpack-internal:///(app-pages-browser)/./lib/chat-transport.ts:179
[  211046ms] [LOG] [ChatTransport] send() called, isConnected: true readyState: 1 @ webpack-internal:///(app-pages-browser)/./lib/chat-transport.ts:97
[  211046ms] [LOG] [ChatTransport] Sending WebSocket data: {"type":"message","session_id":"session_1776426590415_ac5514d","conversation_id":"5d6449b1-fd30-462d-b697-59f82b49f44c","user_id":"f62f4ec5-1874-4821-97e9-b2c70b35805d","content":"东京有什么好吃的？","has_image":false} @ webpack-internal:///(app-pages-browser)/./lib/chat-transport.ts:99
[  211160ms] [LOG] [ChatTransport] onmessage triggered, has currentResponseHandler: true @ webpack-internal:///(app-pages-browser)/./lib/chat-transport.ts:41
[  211161ms] [LOG] [ChatTransport] responseHandler called, data: {"type":"stage","content":null,"error":null,"message_id":"0136e528-c1f4-44fa-b782-0043636f5d4b","conversation_id":null,"itinerary":null,"stage":{"name":"1_INTENT","status":"start","label":"🔍 意图识别","message":"正在分析您的需求..."}} @ webpack-internal:///(app-pages-browser)/./lib/chat-transport.ts:137
[  211161ms] [LOG] [ChatTransport] Stage update: {name: 1_INTENT, status: start, label: 🔍 意图识别, message: 正在分析您的需求...} @ webpack-internal:///(app-pages-browser)/./lib/chat-transport.ts:147
[  211189ms] [LOG] [ChatTransport] onmessage triggered, has currentResponseHandler: true @ webpack-internal:///(app-pages-browser)/./lib/chat-transport.ts:41
[  211189ms] [LOG] [ChatTransport] responseHandler called, data: {"type":"stage","content":null,"error":null,"message_id":"0136e528-c1f4-44fa-b782-0043636f5d4b","conversation_id":null,"itinerary":null,"stage":{"name":"1_INTENT","status":"end","label":"🔍 意图识别","message":"正在分析您的需求..."}} @ webpack-internal:///(app-pages-browser)/./lib/chat-transport.ts:137
[  211189ms] [LOG] [ChatTransport] Stage update: {name: 1_INTENT, status: end, label: 🔍 意图识别, message: 正在分析您的需求...} @ webpack-internal:///(app-pages-browser)/./lib/chat-transport.ts:147
[  211190ms] [LOG] [ChatTransport] onmessage triggered, has currentResponseHandler: true @ webpack-internal:///(app-pages-browser)/./lib/chat-transport.ts:41
[  211190ms] [LOG] [ChatTransport] responseHandler called, data: {"type":"stage","content":null,"error":null,"message_id":"0136e528-c1f4-44fa-b782-0043636f5d4b","conversation_id":null,"itinerary":null,"stage":{"name":"2_STORAGE","status":"start","label":"📚 加载历史","message":"正在加载对话历史..."}} @ webpack-internal:///(app-pages-browser)/./lib/chat-transport.ts:137
[  211190ms] [LOG] [ChatTransport] Stage update: {name: 2_STORAGE, status: start, label: 📚 加载历史, message: 正在加载对话历史...} @ webpack-internal:///(app-pages-browser)/./lib/chat-transport.ts:147
[  211190ms] [LOG] [ChatTransport] onmessage triggered, has currentResponseHandler: true @ webpack-internal:///(app-pages-browser)/./lib/chat-transport.ts:41
[  211190ms] [LOG] [ChatTransport] responseHandler called, data: {"type":"stage","content":null,"error":null,"message_id":"0136e528-c1f4-44fa-b782-0043636f5d4b","conversation_id":null,"itinerary":null,"stage":{"name":"2_STORAGE","status":"end","label":"📚 加载历史","message":"正在加载对话历史..."}} @ webpack-internal:///(app-pages-browser)/./lib/chat-transport.ts:137
[  211190ms] [LOG] [ChatTransport] Stage update: {name: 2_STORAGE, status: end, label: 📚 加载历史, message: 正在加载对话历史...} @ webpack-internal:///(app-pages-browser)/./lib/chat-transport.ts:147
[  211191ms] [LOG] [ChatTransport] onmessage triggered, has currentResponseHandler: true @ webpack-internal:///(app-pages-browser)/./lib/chat-transport.ts:41
[  211191ms] [LOG] [ChatTransport] responseHandler called, data: {"type":"stage","content":null,"error":null,"message_id":"0136e528-c1f4-44fa-b782-0043636f5d4b","conversation_id":null,"itinerary":null,"stage":{"name":"3_CTX_CLEAN","status":"start","label":"🧹 上下文清理","message":"正在整理上下文信息..."}} @ webpack-internal:///(app-pages-browser)/./lib/chat-transport.ts:137
[  211191ms] [LOG] [ChatTransport] Stage update: {name: 3_CTX_CLEAN, status: start, label: 🧹 上下文清理, message: 正在整理上下文信息...} @ webpack-internal:///(app-pages-browser)/./lib/chat-transport.ts:147
[  211191ms] [LOG] [ChatTransport] onmessage triggered, has currentResponseHandler: true @ webpack-internal:///(app-pages-browser)/./lib/chat-transport.ts:41
[  211191ms] [LOG] [ChatTransport] responseHandler called, data: {"type":"stage","content":null,"error":null,"message_id":"0136e528-c1f4-44fa-b782-0043636f5d4b","conversation_id":null,"itinerary":null,"stage":{"name":"3_CTX_CLEAN","status":"skip","label":"🧹 上下文清理","message":"正在整理上下文信息..."}} @ webpack-internal:///(app-pages-browser)/./lib/chat-transport.ts:137
[  211191ms] [LOG] [ChatTransport] Stage update: {name: 3_CTX_CLEAN, status: skip, label: 🧹 上下文清理, message: 正在整理上下文信息...} @ webpack-internal:///(app-pages-browser)/./lib/chat-transport.ts:147
[  211192ms] [LOG] [ChatTransport] onmessage triggered, has currentResponseHandler: true @ webpack-internal:///(app-pages-browser)/./lib/chat-transport.ts:41
[  211192ms] [LOG] [ChatTransport] responseHandler called, data: {"type":"stage","content":null,"error":null,"message_id":"0136e528-c1f4-44fa-b782-0043636f5d4b","conversation_id":null,"itinerary":null,"stage":{"name":"4_TOOLS","status":"start","label":"🔧 工具调用","message":"正在获取实时数据..."}} @ webpack-internal:///(app-pages-browser)/./lib/chat-transport.ts:137
[  211192ms] [LOG] [ChatTransport] Stage update: {name: 4_TOOLS, status: start, label: 🔧 工具调用, message: 正在获取实时数据...} @ webpack-internal:///(app-pages-browser)/./lib/chat-transport.ts:147
[  211193ms] [LOG] [ChatTransport] onmessage triggered, has currentResponseHandler: true @ webpack-internal:///(app-pages-browser)/./lib/chat-transport.ts:41
[  211193ms] [LOG] [ChatTransport] responseHandler called, data: {"type":"stage","content":null,"error":null,"message_id":"0136e528-c1f4-44fa-b782-0043636f5d4b","conversation_id":null,"itinerary":null,"stage":{"name":"4_TOOLS","status":"skip","label":"🔧 工具调用","message":"正在获取实时数据..."}} @ webpack-internal:///(app-pages-browser)/./lib/chat-transport.ts:137
[  211193ms] [LOG] [ChatTransport] Stage update: {name: 4_TOOLS, status: skip, label: 🔧 工具调用, message: 正在获取实时数据...} @ webpack-internal:///(app-pages-browser)/./lib/chat-transport.ts:147
[  211194ms] [LOG] [ChatTransport] onmessage triggered, has currentResponseHandler: true @ webpack-internal:///(app-pages-browser)/./lib/chat-transport.ts:41
[  211194ms] [LOG] [ChatTransport] responseHandler called, data: {"type":"stage","content":null,"error":null,"message_id":"0136e528-c1f4-44fa-b782-0043636f5d4b","conversation_id":null,"itinerary":null,"stage":{"name":"4_TOOLS","status":"end","label":"🔧 工具调用","message":"正在获取实时数据..."}} @ webpack-internal:///(app-pages-browser)/./lib/chat-transport.ts:137
[  211194ms] [LOG] [ChatTransport] Stage update: {name: 4_TOOLS, status: end, label: 🔧 工具调用, message: 正在获取实时数据...} @ webpack-internal:///(app-pages-browser)/./lib/chat-transport.ts:147
[  211194ms] [LOG] [ChatTransport] onmessage triggered, has currentResponseHandler: true @ webpack-internal:///(app-pages-browser)/./lib/chat-transport.ts:41
[  211195ms] [LOG] [ChatTransport] responseHandler called, data: {"type":"stage","content":null,"error":null,"message_id":"0136e528-c1f4-44fa-b782-0043636f5d4b","conversation_id":null,"itinerary":null,"stage":{"name":"5_CONTEXT","status":"start","label":"🔗 整合信息","message":"正在整合相关信息..."}} @ webpack-internal:///(app-pages-browser)/./lib/chat-transport.ts:137
[  211195ms] [LOG] [ChatTransport] Stage update: {name: 5_CONTEXT, status: start, label: 🔗 整合信息, message: 正在整合相关信息...} @ webpack-internal:///(app-pages-browser)/./lib/chat-transport.ts:147
[  211195ms] [LOG] [ChatTransport] onmessage triggered, has currentResponseHandler: true @ webpack-internal:///(app-pages-browser)/./lib/chat-transport.ts:41
[  211195ms] [LOG] [ChatTransport] responseHandler called, data: {"type":"stage","content":null,"error":null,"message_id":"0136e528-c1f4-44fa-b782-0043636f5d4b","conversation_id":null,"itinerary":null,"stage":{"name":"5_CONTEXT","status":"end","label":"🔗 整合信息","message":"正在整合相关信息..."}} @ webpack-internal:///(app-pages-browser)/./lib/chat-transport.ts:137
[  211195ms] [LOG] [ChatTransport] Stage update: {name: 5_CONTEXT, status: end, label: 🔗 整合信息, message: 正在整合相关信息...} @ webpack-internal:///(app-pages-browser)/./lib/chat-transport.ts:147
[  211196ms] [LOG] [ChatTransport] onmessage triggered, has currentResponseHandler: true @ webpack-internal:///(app-pages-browser)/./lib/chat-transport.ts:41
[  211196ms] [LOG] [ChatTransport] responseHandler called, data: {"type":"stage","content":null,"error":null,"message_id":"0136e528-c1f4-44fa-b782-0043636f5d4b","conversation_id":null,"itinerary":null,"stage":{"name":"6_LLM","status":"start","label":"✨ 生成回复","message":"正在生成回复内容..."}} @ webpack-internal:///(app-pages-browser)/./lib/chat-transport.ts:137
[  211196ms] [LOG] [ChatTransport] Stage update: {name: 6_LLM, status: start, label: ✨ 生成回复, message: 正在生成回复内容...} @ webpack-internal:///(app-pages-browser)/./lib/chat-transport.ts:147
[  212215ms] [LOG] [ChatTransport] onmessage triggered, has currentResponseHandler: true @ webpack-internal:///(app-pages-browser)/./lib/chat-transport.ts:41
[  212216ms] [LOG] [ChatTransport] responseHandler called, data: {"type":"delta","content":"东京","error":null,"message_id":"0136e528-c1f4-44fa-b782-0043636f5d4b","conversation_id":null,"itinerary":null,"stage":null} @ webpack-internal:///(app-pages-browser)/./lib/chat-transport.ts:137
[  212319ms] [LOG] [ChatTransport] onmessage triggered, has currentResponseHandler: true @ webpack-internal:///(app-pages-browser)/./lib/chat-transport.ts:41
[  212319ms] [LOG] [ChatTransport] responseHandler called, data: {"type":"delta","content":"是","error":null,"message_id":"0136e528-c1f4-44fa-b782-0043636f5d4b","conversation_id":null,"itinerary":null,"stage":null} @ webpack-internal:///(app-pages-browser)/./lib/chat-transport.ts:137
[  212381ms] [LOG] [ChatTransport] onmessage triggered, has currentResponseHandler: true @ webpack-internal:///(app-pages-browser)/./lib/chat-transport.ts:41
[  212382ms] [LOG] [ChatTransport] responseHandler called, data: {"type":"delta","content":"美食","error":null,"message_id":"0136e528-c1f4-44fa-b782-0043636f5d4b","conversation_id":null,"itinerary":null,"stage":null} @ webpack-internal:///(app-pages-browser)/./lib/chat-transport.ts:137
[  212416ms] [LOG] [ChatTransport] onmessage triggered, has currentResponseHandler: true @ webpack-internal:///(app-pages-browser)/./lib/chat-transport.ts:41
[  212417ms] [LOG] [ChatTransport] responseHandler called, data: {"type":"delta","content":"天堂","error":null,"message_id":"0136e528-c1f4-44fa-b782-0043636f5d4b","conversation_id":null,"itinerary":null,"stage":null} @ webpack-internal:///(app-pages-browser)/./lib/chat-transport.ts:137
[  212454ms] [LOG] [ChatTransport] onmessage triggered, has currentResponseHandler: true @ webpack-internal:///(app-pages-browser)/./lib/chat-transport.ts:41
[  212454ms] [LOG] [ChatTransport] responseHandler called, data: {"type":"delta","content":"！","error":null,"message_id":"0136e528-c1f4-44fa-b782-0043636f5d4b","conversation_id":null,"itinerary":null,"stage":null} @ webpack-internal:///(app-pages-browser)/./lib/chat-transport.ts:137
[  212488ms] [LOG] [ChatTransport] onmessage triggered, has currentResponseHandler: true @ webpack-internal:///(app-pages-browser)/./lib/chat-transport.ts:41
[  212488ms] [LOG] [ChatTransport] responseHandler called, data: {"type":"delta","content":"让我","error":null,"message_id":"0136e528-c1f4-44fa-b782-0043636f5d4b","conversation_id":null,"itinerary":null,"stage":null} @ webpack-internal:///(app-pages-browser)/./lib/chat-transport.ts:137
[  212525ms] [LOG] [ChatTransport] onmessage triggered, has currentResponseHandler: true @ webpack-internal:///(app-pages-browser)/./lib/chat-transport.ts:41
[  212525ms] [LOG] [ChatTransport] responseHandler called, data: {"type":"delta","content":"为您","error":null,"message_id":"0136e528-c1f4-44fa-b782-0043636f5d4b","conversation_id":null,"itinerary":null,"stage":null} @ webpack-internal:///(app-pages-browser)/./lib/chat-transport.ts:137
[  212526ms] [LOG] [ChatTransport] onmessage triggered, has currentResponseHandler: true @ webpack-internal:///(app-pages-browser)/./lib/chat-transport.ts:41
[  212526ms] [LOG] [ChatTransport] responseHandler called, data: {"type":"delta","content":"介绍","error":null,"message_id":"0136e528-c1f4-44fa-b782-0043636f5d4b","conversation_id":null,"itinerary":null,"stage":null} @ webpack-internal:///(app-pages-browser)/./lib/chat-transport.ts:137
[  212567ms] [LOG] [ChatTransport] onmessage triggered, has currentResponseHandler: true @ webpack-internal:///(app-pages-browser)/./lib/chat-transport.ts:41
[  212567ms] [LOG] [ChatTransport] responseHandler called, data: {"type":"delta","content":"东京","error":null,"message_id":"0136e528-c1f4-44fa-b782-0043636f5d4b","conversation_id":null,"itinerary":null,"stage":null} @ webpack-internal:///(app-pages-browser)/./lib/chat-transport.ts:137
[  212851ms] [LOG] [ChatTransport] onmessage triggered, has currentResponseHandler: true @ webpack-internal:///(app-pages-browser)/./lib/chat-transport.ts:41
[  212852ms] [LOG] [ChatTransport] responseHandler called, data: {"type":"delta","content":"的各种","error":null,"message_id":"0136e528-c1f4-44fa-b782-0043636f5d4b","conversation_id":null,"itinerary":null,"stage":null} @ webpack-internal:///(app-pages-browser)/./lib/chat-transport.ts:137
[  212890ms] [LOG] [ChatTransport] onmessage triggered, has currentResponseHandler: true @ webpack-internal:///(app-pages-browser)/./lib/chat-transport.ts:41
[  212890ms] [LOG] [ChatTransport] responseHandler called, data: {"type":"delta","content":"美食","error":null,"message_id":"0136e528-c1f4-44fa-b782-0043636f5d4b","conversation_id":null,"itinerary":null,"stage":null} @ webpack-internal:///(app-pages-browser)/./lib/chat-transport.ts:137
[  212926ms] [LOG] [ChatTransport] onmessage triggered, has currentResponseHandler: true @ webpack-internal:///(app-pages-browser)/./lib/chat-transport.ts:41
[  212927ms] [LOG] [ChatTransport] responseHandler called, data: {"type":"delta","content":"选择","error":null,"message_id":"0136e528-c1f4-44fa-b782-0043636f5d4b","conversation_id":null,"itinerary":null,"stage":null} @ webpack-internal:///(app-pages-browser)/./lib/chat-transport.ts:137
[  212927ms] [LOG] [ChatTransport] onmessage triggered, has currentResponseHandler: true @ webpack-internal:///(app-pages-browser)/./lib/chat-transport.ts:41
[  212927ms] [LOG] [ChatTransport] responseHandler called, data: {"type":"delta","content":"。","error":null,"message_id":"0136e528-c1f4-44fa-b782-0043636f5d4b","conversation_id":null,"itinerary":null,"stage":null} @ webpack-internal:///(app-pages-browser)/./lib/chat-transport.ts:137
[  212927ms] [LOG] [ChatTransport] onmessage triggered, has currentResponseHandler: true @ webpack-internal:///(app-pages-browser)/./lib/chat-transport.ts:41
[  212927ms] [LOG] [ChatTransport] responseHandler called, data: {"type":"delta","content":"首先","error":null,"message_id":"0136e528-c1f4-44fa-b782-0043636f5d4b","conversation_id":null,"itinerary":null,"stage":null} @ webpack-internal:///(app-pages-browser)/./lib/chat-transport.ts:137
[  212927ms] [LOG] [ChatTransport] onmessage triggered, has currentResponseHandler: true @ webpack-internal:///(app-pages-browser)/./lib/chat-transport.ts:41
[  212927ms] [LOG] [ChatTransport] responseHandler called, data: {"type":"delta","content":"让我","error":null,"message_id":"0136e528-c1f4-44fa-b782-0043636f5d4b","conversation_id":null,"itinerary":null,"stage":null} @ webpack-internal:///(app-pages-browser)/./lib/chat-transport.ts:137
[  212927ms] [LOG] [ChatTransport] onmessage triggered, has currentResponseHandler: true @ webpack-internal:///(app-pages-browser)/./lib/chat-transport.ts:41
[  212927ms] [LOG] [ChatTransport] responseHandler called, data: {"type":"delta","content":"获取","error":null,"message_id":"0136e528-c1f4-44fa-b782-0043636f5d4b","conversation_id":null,"itinerary":null,"stage":null} @ webpack-internal:///(app-pages-browser)/./lib/chat-transport.ts:137
[  212965ms] [LOG] [ChatTransport] onmessage triggered, has currentResponseHandler: true @ webpack-internal:///(app-pages-browser)/./lib/chat-transport.ts:41
[  212965ms] [LOG] [ChatTransport] responseHandler called, data: {"type":"delta","content":"一些","error":null,"message_id":"0136e528-c1f4-44fa-b782-0043636f5d4b","conversation_id":null,"itinerary":null,"stage":null} @ webpack-internal:///(app-pages-browser)/./lib/chat-transport.ts:137
[  212996ms] [LOG] [ChatTransport] onmessage triggered, has currentResponseHandler: true @ webpack-internal:///(app-pages-browser)/./lib/chat-transport.ts:41
[  212996ms] [LOG] [ChatTransport] responseHandler called, data: {"type":"delta","content":"东京","error":null,"message_id":"0136e528-c1f4-44fa-b782-0043636f5d4b","conversation_id":null,"itinerary":null,"stage":null} @ webpack-internal:///(app-pages-browser)/./lib/chat-transport.ts:137
[  213024ms] [LOG] [ChatTransport] onmessage triggered, has currentResponseHandler: true @ webpack-internal:///(app-pages-browser)/./lib/chat-transport.ts:41
[  213024ms] [LOG] [ChatTransport] responseHandler called, data: {"type":"delta","content":"的","error":null,"message_id":"0136e528-c1f4-44fa-b782-0043636f5d4b","conversation_id":null,"itinerary":null,"stage":null} @ webpack-internal:///(app-pages-browser)/./lib/chat-transport.ts:137
[  213063ms] [LOG] [ChatTransport] onmessage triggered, has currentResponseHandler: true @ webpack-internal:///(app-pages-browser)/./lib/chat-transport.ts:41
[  213063ms] [LOG] [ChatTransport] responseHandler called, data: {"type":"delta","content":"餐饮","error":null,"message_id":"0136e528-c1f4-44fa-b782-0043636f5d4b","conversation_id":null,"itinerary":null,"stage":null} @ webpack-internal:///(app-pages-browser)/./lib/chat-transport.ts:137
[  213094ms] [LOG] [ChatTransport] onmessage triggered, has currentResponseHandler: true @ webpack-internal:///(app-pages-browser)/./lib/chat-transport.ts:41
[  213094ms] [LOG] [ChatTransport] responseHandler called, data: {"type":"delta","content":"信息","error":null,"message_id":"0136e528-c1f4-44fa-b782-0043636f5d4b","conversation_id":null,"itinerary":null,"stage":null} @ webpack-internal:///(app-pages-browser)/./lib/chat-transport.ts:137
[  213122ms] [LOG] [ChatTransport] onmessage triggered, has currentResponseHandler: true @ webpack-internal:///(app-pages-browser)/./lib/chat-transport.ts:41
[  213122ms] [LOG] [ChatTransport] responseHandler called, data: {"type":"delta","content":"，","error":null,"message_id":"0136e528-c1f4-44fa-b782-0043636f5d4b","conversation_id":null,"itinerary":null,"stage":null} @ webpack-internal:///(app-pages-browser)/./lib/chat-transport.ts:137
[  213122ms] [LOG] [ChatTransport] onmessage triggered, has currentResponseHandler: true @ webpack-internal:///(app-pages-browser)/./lib/chat-transport.ts:41
[  213123ms] [LOG] [ChatTransport] responseHandler called, data: {"type":"delta","content":"这样","error":null,"message_id":"0136e528-c1f4-44fa-b782-0043636f5d4b","conversation_id":null,"itinerary":null,"stage":null} @ webpack-internal:///(app-pages-browser)/./lib/chat-transport.ts:137
[  213204ms] [LOG] [ChatTransport] onmessage triggered, has currentResponseHandler: true @ webpack-internal:///(app-pages-browser)/./lib/chat-transport.ts:41
[  213204ms] [LOG] [ChatTransport] responseHandler called, data: {"type":"delta","content":"能","error":null,"message_id":"0136e528-c1f4-44fa-b782-0043636f5d4b","conversation_id":null,"itinerary":null,"stage":null} @ webpack-internal:///(app-pages-browser)/./lib/chat-transport.ts:137
[  213241ms] [LOG] [ChatTransport] onmessage triggered, has currentResponseHandler: true @ webpack-internal:///(app-pages-browser)/./lib/chat-transport.ts:41
[  213241ms] [LOG] [ChatTransport] responseHandler called, data: {"type":"delta","content":"给您","error":null,"message_id":"0136e528-c1f4-44fa-b782-0043636f5d4b","conversation_id":null,"itinerary":null,"stage":null} @ webpack-internal:///(app-pages-browser)/./lib/chat-transport.ts:137
[  213267ms] [LOG] [ChatTransport] onmessage triggered, has currentResponseHandler: true @ webpack-internal:///(app-pages-browser)/./lib/chat-transport.ts:41
[  213268ms] [LOG] [ChatTransport] responseHandler called, data: {"type":"delta","content":"更","error":null,"message_id":"0136e528-c1f4-44fa-b782-0043636f5d4b","conversation_id":null,"itinerary":null,"stage":null} @ webpack-internal:///(app-pages-browser)/./lib/chat-transport.ts:137
[  213294ms] [LOG] [ChatTransport] onmessage triggered, has currentResponseHandler: true @ webpack-internal:///(app-pages-browser)/./lib/chat-transport.ts:41
[  213294ms] [LOG] [ChatTransport] responseHandler called, data: {"type":"delta","content":"具体的","error":null,"message_id":"0136e528-c1f4-44fa-b782-0043636f5d4b","conversation_id":null,"itinerary":null,"stage":null} @ webpack-internal:///(app-pages-browser)/./lib/chat-transport.ts:137
[  213321ms] [LOG] [ChatTransport] onmessage triggered, has currentResponseHandler: true @ webpack-internal:///(app-pages-browser)/./lib/chat-transport.ts:41
[  213321ms] [LOG] [ChatTransport] responseHandler called, data: {"type":"delta","content":"推荐","error":null,"message_id":"0136e528-c1f4-44fa-b782-0043636f5d4b","conversation_id":null,"itinerary":null,"stage":null} @ webpack-internal:///(app-pages-browser)/./lib/chat-transport.ts:137
[  213353ms] [LOG] [ChatTransport] onmessage triggered, has currentResponseHandler: true @ webpack-internal:///(app-pages-browser)/./lib/chat-transport.ts:41
[  213354ms] [LOG] [ChatTransport] responseHandler called, data: {"type":"delta","content":"。\n\n","error":null,"message_id":"0136e528-c1f4-44fa-b782-0043636f5d4b","conversation_id":null,"itinerary":null,"stage":null} @ webpack-internal:///(app-pages-browser)/./lib/chat-transport.ts:137
[  213381ms] [LOG] [ChatTransport] onmessage triggered, has currentResponseHandler: true @ webpack-internal:///(app-pages-browser)/./lib/chat-transport.ts:41
[  213381ms] [LOG] [ChatTransport] responseHandler called, data: {"type":"delta","content":"```","error":null,"message_id":"0136e528-c1f4-44fa-b782-0043636f5d4b","conversation_id":null,"itinerary":null,"stage":null} @ webpack-internal:///(app-pages-browser)/./lib/chat-transport.ts:137
[  213411ms] [LOG] [ChatTransport] onmessage triggered, has currentResponseHandler: true @ webpack-internal:///(app-pages-browser)/./lib/chat-transport.ts:41
[  213412ms] [LOG] [ChatTransport] responseHandler called, data: {"type":"delta","content":"json","error":null,"message_id":"0136e528-c1f4-44fa-b782-0043636f5d4b","conversation_id":null,"itinerary":null,"stage":null} @ webpack-internal:///(app-pages-browser)/./lib/chat-transport.ts:137
[  213443ms] [LOG] [ChatTransport] onmessage triggered, has currentResponseHandler: true @ webpack-internal:///(app-pages-browser)/./lib/chat-transport.ts:41
[  213444ms] [LOG] [ChatTransport] responseHandler called, data: {"type":"delta","content":"\n","error":null,"message_id":"0136e528-c1f4-44fa-b782-0043636f5d4b","conversation_id":null,"itinerary":null,"stage":null} @ webpack-internal:///(app-pages-browser)/./lib/chat-transport.ts:137
[  213474ms] [LOG] [ChatTransport] onmessage triggered, has currentResponseHandler: true @ webpack-internal:///(app-pages-browser)/./lib/chat-transport.ts:41
[  213475ms] [LOG] [ChatTransport] responseHandler called, data: {"type":"delta","content":"{\n","error":null,"message_id":"0136e528-c1f4-44fa-b782-0043636f5d4b","conversation_id":null,"itinerary":null,"stage":null} @ webpack-internal:///(app-pages-browser)/./lib/chat-transport.ts:137
[  213504ms] [LOG] [ChatTransport] onmessage triggered, has currentResponseHandler: true @ webpack-internal:///(app-pages-browser)/./lib/chat-transport.ts:41
[  213505ms] [LOG] [ChatTransport] responseHandler called, data: {"type":"delta","content":" ","error":null,"message_id":"0136e528-c1f4-44fa-b782-0043636f5d4b","conversation_id":null,"itinerary":null,"stage":null} @ webpack-internal:///(app-pages-browser)/./lib/chat-transport.ts:137
[  213547ms] [LOG] [ChatTransport] onmessage triggered, has currentResponseHandler: true @ webpack-internal:///(app-pages-browser)/./lib/chat-transport.ts:41
[  213548ms] [LOG] [ChatTransport] responseHandler called, data: {"type":"delta","content":" \"","error":null,"message_id":"0136e528-c1f4-44fa-b782-0043636f5d4b","conversation_id":null,"itinerary":null,"stage":null} @ webpack-internal:///(app-pages-browser)/./lib/chat-transport.ts:137
[  213580ms] [LOG] [ChatTransport] onmessage triggered, has currentResponseHandler: true @ webpack-internal:///(app-pages-browser)/./lib/chat-transport.ts:41
[  213580ms] [LOG] [ChatTransport] responseHandler called, data: {"type":"delta","content":"location","error":null,"message_id":"0136e528-c1f4-44fa-b782-0043636f5d4b","conversation_id":null,"itinerary":null,"stage":null} @ webpack-internal:///(app-pages-browser)/./lib/chat-transport.ts:137
[  213640ms] [LOG] [ChatTransport] onmessage triggered, has currentResponseHandler: true @ webpack-internal:///(app-pages-browser)/./lib/chat-transport.ts:41
[  213640ms] [LOG] [ChatTransport] responseHandler called, data: {"type":"delta","content":"\":","error":null,"message_id":"0136e528-c1f4-44fa-b782-0043636f5d4b","conversation_id":null,"itinerary":null,"stage":null} @ webpack-internal:///(app-pages-browser)/./lib/chat-transport.ts:137
[  213676ms] [LOG] [ChatTransport] onmessage triggered, has currentResponseHandler: true @ webpack-internal:///(app-pages-browser)/./lib/chat-transport.ts:41
[  213676ms] [LOG] [ChatTransport] responseHandler called, data: {"type":"delta","content":" \"","error":null,"message_id":"0136e528-c1f4-44fa-b782-0043636f5d4b","conversation_id":null,"itinerary":null,"stage":null} @ webpack-internal:///(app-pages-browser)/./lib/chat-transport.ts:137
[  213707ms] [LOG] [ChatTransport] onmessage triggered, has currentResponseHandler: true @ webpack-internal:///(app-pages-browser)/./lib/chat-transport.ts:41
[  213708ms] [LOG] [ChatTransport] responseHandler called, data: {"type":"delta","content":"东京","error":null,"message_id":"0136e528-c1f4-44fa-b782-0043636f5d4b","conversation_id":null,"itinerary":null,"stage":null} @ webpack-internal:///(app-pages-browser)/./lib/chat-transport.ts:137
[  213740ms] [LOG] [ChatTransport] onmessage triggered, has currentResponseHandler: true @ webpack-internal:///(app-pages-browser)/./lib/chat-transport.ts:41
[  213740ms] [LOG] [ChatTransport] responseHandler called, data: {"type":"delta","content":"\",\n","error":null,"message_id":"0136e528-c1f4-44fa-b782-0043636f5d4b","conversation_id":null,"itinerary":null,"stage":null} @ webpack-internal:///(app-pages-browser)/./lib/chat-transport.ts:137
[  213770ms] [LOG] [ChatTransport] onmessage triggered, has currentResponseHandler: true @ webpack-internal:///(app-pages-browser)/./lib/chat-transport.ts:41
[  213771ms] [LOG] [ChatTransport] responseHandler called, data: {"type":"delta","content":" ","error":null,"message_id":"0136e528-c1f4-44fa-b782-0043636f5d4b","conversation_id":null,"itinerary":null,"stage":null} @ webpack-internal:///(app-pages-browser)/./lib/chat-transport.ts:137
[  213771ms] [LOG] [ChatTransport] onmessage triggered, has currentResponseHandler: true @ webpack-internal:///(app-pages-browser)/./lib/chat-transport.ts:41
[  213772ms] [LOG] [ChatTransport] responseHandler called, data: {"type":"delta","content":" \"","error":null,"message_id":"0136e528-c1f4-44fa-b782-0043636f5d4b","conversation_id":null,"itinerary":null,"stage":null} @ webpack-internal:///(app-pages-browser)/./lib/chat-transport.ts:137
[  213810ms] [LOG] [ChatTransport] onmessage triggered, has currentResponseHandler: true @ webpack-internal:///(app-pages-browser)/./lib/chat-transport.ts:41
[  213811ms] [LOG] [ChatTransport] responseHandler called, data: {"type":"delta","content":"keywords","error":null,"message_id":"0136e528-c1f4-44fa-b782-0043636f5d4b","conversation_id":null,"itinerary":null,"stage":null} @ webpack-internal:///(app-pages-browser)/./lib/chat-transport.ts:137
[  213845ms] [LOG] [ChatTransport] onmessage triggered, has currentResponseHandler: true @ webpack-internal:///(app-pages-browser)/./lib/chat-transport.ts:41
[  213846ms] [LOG] [ChatTransport] responseHandler called, data: {"type":"delta","content":"\":","error":null,"message_id":"0136e528-c1f4-44fa-b782-0043636f5d4b","conversation_id":null,"itinerary":null,"stage":null} @ webpack-internal:///(app-pages-browser)/./lib/chat-transport.ts:137
[  213878ms] [LOG] [ChatTransport] onmessage triggered, has currentResponseHandler: true @ webpack-internal:///(app-pages-browser)/./lib/chat-transport.ts:41
[  213879ms] [LOG] [ChatTransport] responseHandler called, data: {"type":"delta","content":" \"","error":null,"message_id":"0136e528-c1f4-44fa-b782-0043636f5d4b","conversation_id":null,"itinerary":null,"stage":null} @ webpack-internal:///(app-pages-browser)/./lib/chat-transport.ts:137
[  213891ms] [LOG] [ChatTransport] onmessage triggered, has currentResponseHandler: true @ webpack-internal:///(app-pages-browser)/./lib/chat-transport.ts:41
[  213892ms] [LOG] [ChatTransport] responseHandler called, data: {"type":"delta","content":"美食","error":null,"message_id":"0136e528-c1f4-44fa-b782-0043636f5d4b","conversation_id":null,"itinerary":null,"stage":null} @ webpack-internal:///(app-pages-browser)/./lib/chat-transport.ts:137
[  213922ms] [LOG] [ChatTransport] onmessage triggered, has currentResponseHandler: true @ webpack-internal:///(app-pages-browser)/./lib/chat-transport.ts:41
[  213922ms] [LOG] [ChatTransport] responseHandler called, data: {"type":"delta","content":" ","error":null,"message_id":"0136e528-c1f4-44fa-b782-0043636f5d4b","conversation_id":null,"itinerary":null,"stage":null} @ webpack-internal:///(app-pages-browser)/./lib/chat-transport.ts:137
[  214049ms] [LOG] [ChatTransport] onmessage triggered, has currentResponseHandler: true @ webpack-internal:///(app-pages-browser)/./lib/chat-transport.ts:41
[  214049ms] [LOG] [ChatTransport] responseHandler called, data: {"type":"delta","content":"餐厅","error":null,"message_id":"0136e528-c1f4-44fa-b782-0043636f5d4b","conversation_id":null,"itinerary":null,"stage":null} @ webpack-internal:///(app-pages-browser)/./lib/chat-transport.ts:137
[  214066ms] [LOG] [ChatTransport] onmessage triggered, has currentResponseHandler: true @ webpack-internal:///(app-pages-browser)/./lib/chat-transport.ts:41
[  214067ms] [LOG] [ChatTransport] responseHandler called, data: {"type":"delta","content":" ","error":null,"message_id":"0136e528-c1f4-44fa-b782-0043636f5d4b","conversation_id":null,"itinerary":null,"stage":null} @ webpack-internal:///(app-pages-browser)/./lib/chat-transport.ts:137
[  214068ms] [LOG] [ChatTransport] onmessage triggered, has currentResponseHandler: true @ webpack-internal:///(app-pages-browser)/./lib/chat-transport.ts:41
[  214068ms] [LOG] [ChatTransport] responseHandler called, data: {"type":"delta","content":"拉","error":null,"message_id":"0136e528-c1f4-44fa-b782-0043636f5d4b","conversation_id":null,"itinerary":null,"stage":null} @ webpack-internal:///(app-pages-browser)/./lib/chat-transport.ts:137
[  214069ms] [LOG] [ChatTransport] onmessage triggered, has currentResponseHandler: true @ webpack-internal:///(app-pages-browser)/./lib/chat-transport.ts:41
[  214069ms] [LOG] [ChatTransport] responseHandler called, data: {"type":"delta","content":"面","error":null,"message_id":"0136e528-c1f4-44fa-b782-0043636f5d4b","conversation_id":null,"itinerary":null,"stage":null} @ webpack-internal:///(app-pages-browser)/./lib/chat-transport.ts:137
[  214112ms] [LOG] [ChatTransport] onmessage triggered, has currentResponseHandler: true @ webpack-internal:///(app-pages-browser)/./lib/chat-transport.ts:41
[  214113ms] [LOG] [ChatTransport] responseHandler called, data: {"type":"delta","content":" ","error":null,"message_id":"0136e528-c1f4-44fa-b782-0043636f5d4b","conversation_id":null,"itinerary":null,"stage":null} @ webpack-internal:///(app-pages-browser)/./lib/chat-transport.ts:137
[  214119ms] [LOG] [ChatTransport] onmessage triggered, has currentResponseHandler: true @ webpack-internal:///(app-pages-browser)/./lib/chat-transport.ts:41
[  214120ms] [LOG] [ChatTransport] responseHandler called, data: {"type":"delta","content":"寿","error":null,"message_id":"0136e528-c1f4-44fa-b782-0043636f5d4b","conversation_id":null,"itinerary":null,"stage":null} @ webpack-internal:///(app-pages-browser)/./lib/chat-transport.ts:137
[  214168ms] [LOG] [ChatTransport] onmessage triggered, has currentResponseHandler: true @ webpack-internal:///(app-pages-browser)/./lib/chat-transport.ts:41
[  214168ms] [LOG] [ChatTransport] responseHandler called, data: {"type":"delta","content":"司","error":null,"message_id":"0136e528-c1f4-44fa-b782-0043636f5d4b","conversation_id":null,"itinerary":null,"stage":null} @ webpack-internal:///(app-pages-browser)/./lib/chat-transport.ts:137
[  214173ms] [LOG] [ChatTransport] onmessage triggered, has currentResponseHandler: true @ webpack-internal:///(app-pages-browser)/./lib/chat-transport.ts:41
[  214174ms] [LOG] [ChatTransport] responseHandler called, data: {"type":"delta","content":"\",\n","error":null,"message_id":"0136e528-c1f4-44fa-b782-0043636f5d4b","conversation_id":null,"itinerary":null,"stage":null} @ webpack-internal:///(app-pages-browser)/./lib/chat-transport.ts:137
[  214211ms] [LOG] [ChatTransport] onmessage triggered, has currentResponseHandler: true @ webpack-internal:///(app-pages-browser)/./lib/chat-transport.ts:41
[  214211ms] [LOG] [ChatTransport] responseHandler called, data: {"type":"delta","content":" ","error":null,"message_id":"0136e528-c1f4-44fa-b782-0043636f5d4b","conversation_id":null,"itinerary":null,"stage":null} @ webpack-internal:///(app-pages-browser)/./lib/chat-transport.ts:137
[  214219ms] [LOG] [ChatTransport] onmessage triggered, has currentResponseHandler: true @ webpack-internal:///(app-pages-browser)/./lib/chat-transport.ts:41
[  214219ms] [LOG] [ChatTransport] responseHandler called, data: {"type":"delta","content":" \"","error":null,"message_id":"0136e528-c1f4-44fa-b782-0043636f5d4b","conversation_id":null,"itinerary":null,"stage":null} @ webpack-internal:///(app-pages-browser)/./lib/chat-transport.ts:137
[  214339ms] [LOG] [ChatTransport] onmessage triggered, has currentResponseHandler: true @ webpack-internal:///(app-pages-browser)/./lib/chat-transport.ts:41
[  214339ms] [LOG] [ChatTransport] responseHandler called, data: {"type":"delta","content":"types","error":null,"message_id":"0136e528-c1f4-44fa-b782-0043636f5d4b","conversation_id":null,"itinerary":null,"stage":null} @ webpack-internal:///(app-pages-browser)/./lib/chat-transport.ts:137
[  214371ms] [LOG] [ChatTransport] onmessage triggered, has currentResponseHandler: true @ webpack-internal:///(app-pages-browser)/./lib/chat-transport.ts:41
[  214371ms] [LOG] [ChatTransport] responseHandler called, data: {"type":"delta","content":"\":","error":null,"message_id":"0136e528-c1f4-44fa-b782-0043636f5d4b","conversation_id":null,"itinerary":null,"stage":null} @ webpack-internal:///(app-pages-browser)/./lib/chat-transport.ts:137
[  214372ms] [LOG] [ChatTransport] onmessage triggered, has currentResponseHandler: true @ webpack-internal:///(app-pages-browser)/./lib/chat-transport.ts:41
[  214372ms] [LOG] [ChatTransport] responseHandler called, data: {"type":"delta","content":" \"","error":null,"message_id":"0136e528-c1f4-44fa-b782-0043636f5d4b","conversation_id":null,"itinerary":null,"stage":null} @ webpack-internal:///(app-pages-browser)/./lib/chat-transport.ts:137
[  214372ms] [LOG] [ChatTransport] onmessage triggered, has currentResponseHandler: true @ webpack-internal:///(app-pages-browser)/./lib/chat-transport.ts:41
[  214372ms] [LOG] [ChatTransport] responseHandler called, data: {"type":"delta","content":"餐饮","error":null,"message_id":"0136e528-c1f4-44fa-b782-0043636f5d4b","conversation_id":null,"itinerary":null,"stage":null} @ webpack-internal:///(app-pages-browser)/./lib/chat-transport.ts:137
[  214405ms] [LOG] [ChatTransport] onmessage triggered, has currentResponseHandler: true @ webpack-internal:///(app-pages-browser)/./lib/chat-transport.ts:41
[  214405ms] [LOG] [ChatTransport] responseHandler called, data: {"type":"delta","content":"服务","error":null,"message_id":"0136e528-c1f4-44fa-b782-0043636f5d4b","conversation_id":null,"itinerary":null,"stage":null} @ webpack-internal:///(app-pages-browser)/./lib/chat-transport.ts:137
[  214459ms] [LOG] [ChatTransport] onmessage triggered, has currentResponseHandler: true @ webpack-internal:///(app-pages-browser)/./lib/chat-transport.ts:41
[  214460ms] [LOG] [ChatTransport] responseHandler called, data: {"type":"delta","content":"\",\n","error":null,"message_id":"0136e528-c1f4-44fa-b782-0043636f5d4b","conversation_id":null,"itinerary":null,"stage":null} @ webpack-internal:///(app-pages-browser)/./lib/chat-transport.ts:137
[  214490ms] [LOG] [ChatTransport] onmessage triggered, has currentResponseHandler: true @ webpack-internal:///(app-pages-browser)/./lib/chat-transport.ts:41
[  214490ms] [LOG] [ChatTransport] responseHandler called, data: {"type":"delta","content":" ","error":null,"message_id":"0136e528-c1f4-44fa-b782-0043636f5d4b","conversation_id":null,"itinerary":null,"stage":null} @ webpack-internal:///(app-pages-browser)/./lib/chat-transport.ts:137
[  214521ms] [LOG] [ChatTransport] onmessage triggered, has currentResponseHandler: true @ webpack-internal:///(app-pages-browser)/./lib/chat-transport.ts:41
[  214522ms] [LOG] [ChatTransport] responseHandler called, data: {"type":"delta","content":" \"","error":null,"message_id":"0136e528-c1f4-44fa-b782-0043636f5d4b","conversation_id":null,"itinerary":null,"stage":null} @ webpack-internal:///(app-pages-browser)/./lib/chat-transport.ts:137
[  214556ms] [LOG] [ChatTransport] onmessage triggered, has currentResponseHandler: true @ webpack-internal:///(app-pages-browser)/./lib/chat-transport.ts:41
[  214556ms] [LOG] [ChatTransport] responseHandler called, data: {"type":"delta","content":"city","error":null,"message_id":"0136e528-c1f4-44fa-b782-0043636f5d4b","conversation_id":null,"itinerary":null,"stage":null} @ webpack-internal:///(app-pages-browser)/./lib/chat-transport.ts:137
[  214590ms] [LOG] [ChatTransport] onmessage triggered, has currentResponseHandler: true @ webpack-internal:///(app-pages-browser)/./lib/chat-transport.ts:41
[  214591ms] [LOG] [ChatTransport] responseHandler called, data: {"type":"delta","content":"\":","error":null,"message_id":"0136e528-c1f4-44fa-b782-0043636f5d4b","conversation_id":null,"itinerary":null,"stage":null} @ webpack-internal:///(app-pages-browser)/./lib/chat-transport.ts:137
[  214619ms] [LOG] [ChatTransport] onmessage triggered, has currentResponseHandler: true @ webpack-internal:///(app-pages-browser)/./lib/chat-transport.ts:41
[  214620ms] [LOG] [ChatTransport] responseHandler called, data: {"type":"delta","content":" \"","error":null,"message_id":"0136e528-c1f4-44fa-b782-0043636f5d4b","conversation_id":null,"itinerary":null,"stage":null} @ webpack-internal:///(app-pages-browser)/./lib/chat-transport.ts:137
[  214655ms] [LOG] [ChatTransport] onmessage triggered, has currentResponseHandler: true @ webpack-internal:///(app-pages-browser)/./lib/chat-transport.ts:41
[  214656ms] [LOG] [ChatTransport] responseHandler called, data: {"type":"delta","content":"东京","error":null,"message_id":"0136e528-c1f4-44fa-b782-0043636f5d4b","conversation_id":null,"itinerary":null,"stage":null} @ webpack-internal:///(app-pages-browser)/./lib/chat-transport.ts:137
[  214688ms] [LOG] [ChatTransport] onmessage triggered, has currentResponseHandler: true @ webpack-internal:///(app-pages-browser)/./lib/chat-transport.ts:41
[  214688ms] [LOG] [ChatTransport] responseHandler called, data: {"type":"delta","content":"\"\n","error":null,"message_id":"0136e528-c1f4-44fa-b782-0043636f5d4b","conversation_id":null,"itinerary":null,"stage":null} @ webpack-internal:///(app-pages-browser)/./lib/chat-transport.ts:137
[  214720ms] [LOG] [ChatTransport] onmessage triggered, has currentResponseHandler: true @ webpack-internal:///(app-pages-browser)/./lib/chat-transport.ts:41
[  214720ms] [LOG] [ChatTransport] responseHandler called, data: {"type":"delta","content":"}\n","error":null,"message_id":"0136e528-c1f4-44fa-b782-0043636f5d4b","conversation_id":null,"itinerary":null,"stage":null} @ webpack-internal:///(app-pages-browser)/./lib/chat-transport.ts:137
[  214749ms] [LOG] [ChatTransport] onmessage triggered, has currentResponseHandler: true @ webpack-internal:///(app-pages-browser)/./lib/chat-transport.ts:41
[  214750ms] [LOG] [ChatTransport] responseHandler called, data: {"type":"delta","content":"```","error":null,"message_id":"0136e528-c1f4-44fa-b782-0043636f5d4b","conversation_id":null,"itinerary":null,"stage":null} @ webpack-internal:///(app-pages-browser)/./lib/chat-transport.ts:137
[  214783ms] [LOG] [ChatTransport] onmessage triggered, has currentResponseHandler: true @ webpack-internal:///(app-pages-browser)/./lib/chat-transport.ts:41
[  214784ms] [LOG] [ChatTransport] responseHandler called, data: {"type":"stage","content":null,"error":null,"message_id":"0136e528-c1f4-44fa-b782-0043636f5d4b","conversation_id":null,"itinerary":null,"stage":{"name":"6_LLM","status":"end","label":"✨ 生成回复","message":"正在生成回复内容..."}} @ webpack-internal:///(app-pages-browser)/./lib/chat-transport.ts:137
[  214784ms] [LOG] [ChatTransport] Stage update: {name: 6_LLM, status: end, label: ✨ 生成回复, message: 正在生成回复内容...} @ webpack-internal:///(app-pages-browser)/./lib/chat-transport.ts:147
[  214815ms] [LOG] [ChatTransport] onmessage triggered, has currentResponseHandler: true @ webpack-internal:///(app-pages-browser)/./lib/chat-transport.ts:41
[  214815ms] [LOG] [ChatTransport] responseHandler called, data: {"type":"stage","content":null,"error":null,"message_id":"0136e528-c1f4-44fa-b782-0043636f5d4b","conversation_id":null,"itinerary":null,"stage":{"name":"7_CTX_MANAGE","status":"start","label":"📊 上下文管理","message":"正在管理上下文窗口..."}} @ webpack-internal:///(app-pages-browser)/./lib/chat-transport.ts:137
[  214816ms] [LOG] [ChatTransport] Stage update: {name: 7_CTX_MANAGE, status: start, label: 📊 上下文管理, message: 正在管理上下文窗口...} @ webpack-internal:///(app-pages-browser)/./lib/chat-transport.ts:147
[  214817ms] [LOG] [ChatTransport] onmessage triggered, has currentResponseHandler: true @ webpack-internal:///(app-pages-browser)/./lib/chat-transport.ts:41
[  214817ms] [LOG] [ChatTransport] responseHandler called, data: {"type":"stage","content":null,"error":null,"message_id":"0136e528-c1f4-44fa-b782-0043636f5d4b","conversation_id":null,"itinerary":null,"stage":{"name":"7_CTX_MANAGE","status":"skip","label":"📊 上下文管理","message":"正在管理上下文窗口..."}} @ webpack-internal:///(app-pages-browser)/./lib/chat-transport.ts:137
[  214818ms] [LOG] [ChatTransport] Stage update: {name: 7_CTX_MANAGE, status: skip, label: 📊 上下文管理, message: 正在管理上下文窗口...} @ webpack-internal:///(app-pages-browser)/./lib/chat-transport.ts:147
[  214818ms] [LOG] [ChatTransport] onmessage triggered, has currentResponseHandler: true @ webpack-internal:///(app-pages-browser)/./lib/chat-transport.ts:41
[  214818ms] [LOG] [ChatTransport] responseHandler called, data: {"type":"stage","content":null,"error":null,"message_id":"0136e528-c1f4-44fa-b782-0043636f5d4b","conversation_id":null,"itinerary":null,"stage":{"name":"8_MEMORY","status":"start","label":"💾 记忆更新","message":"正在更新记忆信息..."}} @ webpack-internal:///(app-pages-browser)/./lib/chat-transport.ts:137
[  214818ms] [LOG] [ChatTransport] Stage update: {name: 8_MEMORY, status: start, label: 💾 记忆更新, message: 正在更新记忆信息...} @ webpack-internal:///(app-pages-browser)/./lib/chat-transport.ts:147
[  214819ms] [LOG] [ChatTransport] onmessage triggered, has currentResponseHandler: true @ webpack-internal:///(app-pages-browser)/./lib/chat-transport.ts:41
[  214820ms] [LOG] [ChatTransport] responseHandler called, data: {"type":"stage","content":null,"error":null,"message_id":"0136e528-c1f4-44fa-b782-0043636f5d4b","conversation_id":null,"itinerary":null,"stage":{"name":"8_MEMORY","status":"end","label":"💾 记忆更新","message":"正在更新记忆信息..."}} @ webpack-internal:///(app-pages-browser)/./lib/chat-transport.ts:137
[  214820ms] [LOG] [ChatTransport] Stage update: {name: 8_MEMORY, status: end, label: 💾 记忆更新, message: 正在更新记忆信息...} @ webpack-internal:///(app-pages-browser)/./lib/chat-transport.ts:147
[  214821ms] [LOG] [ChatTransport] onmessage triggered, has currentResponseHandler: true @ webpack-internal:///(app-pages-browser)/./lib/chat-transport.ts:41
[  214821ms] [LOG] [ChatTransport] responseHandler called, data: {"type":"done","content":"东京是美食天堂！让我为您介绍东京的各种美食选择。首先让我获取一些东京的餐饮信息，这样能给您更具体的推荐。\n\n```json\n{\n  \"location\": \"东京\",\n  \"keywords\": \"美食 餐厅 拉面 寿司\",\n  \"types\": \"餐饮服务\",\n  \"city\": \"东京\"\n}\n```","error":null,"message_id":"0136e528-c1f4-44fa-b782-0043636f5d4b","conversation_id":"5d6449b1-fd30-462d-b697-59f82b49f44c","itinerary":null,"stage":null} @ webpack-internal:///(app-pages-browser)/./lib/chat-transport.ts:137
[  214822ms] [LOG] [ChatTransport] Updated conversation_id: 5d6449b1-fd30-462d-b697-59f82b49f44c @ webpack-internal:///(app-pages-browser)/./lib/chat-transport.ts:165
