[    1021ms] [INFO] %cDownload the React DevTools for a better development experience: https://react.dev/link/react-devtools font-weight:bold @ webpack-internal:///(app-pages-browser)/./node_modules/next/dist/compiled/react-dom/cjs/react-dom-client.development.js:25630
[    1466ms] [WARNING] WebSocket connection to 'ws://localhost:8000/ws/chat' failed: WebSocket is closed before the connection is established. @ webpack-internal:///(app-pages-browser)/./lib/chat-transport.ts:66
[    1489ms] [ERROR] [ChatTransport] WebSocket error: Event @ webpack-internal:///(app-pages-browser)/./node_modules/next/dist/next-devtools/userspace/app/errors/intercept-console-error.js:56
[    1490ms] [ERROR] Event @ webpack-internal:///(app-pages-browser)/./node_modules/next/dist/next-devtools/userspace/app/errors/intercept-console-error.js:56
[    1491ms] [LOG] [ChatTransport] WebSocket disconnected 1006  @ webpack-internal:///(app-pages-browser)/./lib/chat-transport.ts:45
[    1491ms] [LOG] [ChatTransport] Reconnecting... (1/5) @ webpack-internal:///(app-pages-browser)/./lib/chat-transport.ts:51
[    1517ms] [LOG] [Chat] User initialized: f62f4ec5-1874-4821-97e9-b2c70b35805d @ webpack-internal:///(app-pages-browser)/./app/chat/page.tsx:55
[    1530ms] [LOG] [Chat] User initialized: f62f4ec5-1874-4821-97e9-b2c70b35805d @ webpack-internal:///(app-pages-browser)/./app/chat/page.tsx:55
[    1533ms] [LOG] [Chat] User ID set to transport: f62f4ec5-1874-4821-97e9-b2c70b35805d @ webpack-internal:///(app-pages-browser)/./app/chat/page.tsx:98
[    1790ms] [LOG] [ChatTransport] WebSocket connected @ webpack-internal:///(app-pages-browser)/./lib/chat-transport.ts:25
[    2809ms] [LOG] [ChatTransport] WebSocket connected @ webpack-internal:///(app-pages-browser)/./lib/chat-transport.ts:25
[   46099ms] [LOG] [Auth] Synced user ID to userManager: f62f4ec5-1874-4821-97e9-b2c70b35805d @ webpack-internal:///(app-pages-browser)/./lib/store/auth-store.ts:97
[  144554ms] [LOG] [ChatTransport] sendMessage called, content: 帮我规划一个北京3日游行程 @ webpack-internal:///(app-pages-browser)/./lib/chat-transport.ts:91
[  144555ms] [LOG] [ChatTransport] isConnected: true ws.readyState: 1 @ webpack-internal:///(app-pages-browser)/./lib/chat-transport.ts:92
[  144555ms] [LOG] [ChatTransport] has_image: false @ webpack-internal:///(app-pages-browser)/./lib/chat-transport.ts:93
[  144555ms] [LOG] [ChatTransport] Sending WebSocket message: msg_1776394851324_oz2paq0 帮我规划一个北京3日游行程 @ webpack-internal:///(app-pages-browser)/./lib/chat-transport.ts:108
[  144555ms] [LOG] [ChatTransport] Setting currentResponseHandler @ webpack-internal:///(app-pages-browser)/./lib/chat-transport.ts:157
[  144555ms] [LOG] [ChatTransport] send() called, isConnected: true readyState: 1 @ webpack-internal:///(app-pages-browser)/./lib/chat-transport.ts:79
[  144556ms] [LOG] [ChatTransport] Sending WebSocket data: {"type":"message","session_id":"session_1776394708238_hkhgfrq","user_id":"f62f4ec5-1874-4821-97e9-b2c70b35805d","content":"帮我规划一个北京3日游行程","has_image":false} @ webpack-internal:///(app-pages-browser)/./lib/chat-transport.ts:81
[  174821ms] [LOG] [ChatTransport] onmessage triggered, has currentResponseHandler: true @ webpack-internal:///(app-pages-browser)/./lib/chat-transport.ts:37
[  174821ms] [LOG] [ChatTransport] responseHandler called, data: {"type":"stage","content":null,"error":null,"message_id":"67c58e48-3c74-426d-98f8-dac32914bfaf","conversation_id":null,"itinerary":null,"stage":{"name":"1_INTENT","status":"start","label":"🔍 意图识别","message":"正在分析您的需求..."}} @ webpack-internal:///(app-pages-browser)/./lib/chat-transport.ts:115
[  174821ms] [LOG] [ChatTransport] Stage update: {name: 1_INTENT, status: start, label: 🔍 意图识别, message: 正在分析您的需求...} @ webpack-internal:///(app-pages-browser)/./lib/chat-transport.ts:125
[  174850ms] [LOG] [ChatTransport] onmessage triggered, has currentResponseHandler: true @ webpack-internal:///(app-pages-browser)/./lib/chat-transport.ts:37
[  174850ms] [LOG] [ChatTransport] responseHandler called, data: {"type":"stage","content":null,"error":null,"message_id":"67c58e48-3c74-426d-98f8-dac32914bfaf","conversation_id":null,"itinerary":null,"stage":{"name":"2_STORAGE","status":"start","label":"📚 加载历史","message":"正在加载对话历史..."}} @ webpack-internal:///(app-pages-browser)/./lib/chat-transport.ts:115
[  174850ms] [LOG] [ChatTransport] Stage update: {name: 2_STORAGE, status: start, label: 📚 加载历史, message: 正在加载对话历史...} @ webpack-internal:///(app-pages-browser)/./lib/chat-transport.ts:125
[  174871ms] [LOG] [ChatTransport] onmessage triggered, has currentResponseHandler: true @ webpack-internal:///(app-pages-browser)/./lib/chat-transport.ts:37
[  174871ms] [LOG] [ChatTransport] responseHandler called, data: {"type":"stage","content":null,"error":null,"message_id":"67c58e48-3c74-426d-98f8-dac32914bfaf","conversation_id":null,"itinerary":null,"stage":{"name":"3_CTX_CLEAN","status":"start","label":"🧹 上下文清理","message":"正在整理上下文信息..."}} @ webpack-internal:///(app-pages-browser)/./lib/chat-transport.ts:115
[  174871ms] [LOG] [ChatTransport] Stage update: {name: 3_CTX_CLEAN, status: start, label: 🧹 上下文清理, message: 正在整理上下文信息...} @ webpack-internal:///(app-pages-browser)/./lib/chat-transport.ts:125
[  174872ms] [LOG] [ChatTransport] onmessage triggered, has currentResponseHandler: true @ webpack-internal:///(app-pages-browser)/./lib/chat-transport.ts:37
[  174872ms] [LOG] [ChatTransport] responseHandler called, data: {"type":"stage","content":null,"error":null,"message_id":"67c58e48-3c74-426d-98f8-dac32914bfaf","conversation_id":null,"itinerary":null,"stage":{"name":"4_TOOLS","status":"start","label":"🔧 工具调用","message":"正在获取实时数据..."}} @ webpack-internal:///(app-pages-browser)/./lib/chat-transport.ts:115
[  174872ms] [LOG] [ChatTransport] Stage update: {name: 4_TOOLS, status: start, label: 🔧 工具调用, message: 正在获取实时数据...} @ webpack-internal:///(app-pages-browser)/./lib/chat-transport.ts:125
[  183808ms] [LOG] [ChatTransport] onmessage triggered, has currentResponseHandler: true @ webpack-internal:///(app-pages-browser)/./lib/chat-transport.ts:37
[  183809ms] [LOG] [ChatTransport] responseHandler called, data: {"type":"stage","content":null,"error":null,"message_id":"67c58e48-3c74-426d-98f8-dac32914bfaf","conversation_id":null,"itinerary":null,"stage":{"name":"5_CONTEXT","status":"start","label":"🔗 整合信息","message":"正在整合相关信息..."}} @ webpack-internal:///(app-pages-browser)/./lib/chat-transport.ts:115
[  183809ms] [LOG] [ChatTransport] Stage update: {name: 5_CONTEXT, status: start, label: 🔗 整合信息, message: 正在整合相关信息...} @ webpack-internal:///(app-pages-browser)/./lib/chat-transport.ts:125
[  184694ms] [LOG] [ChatTransport] onmessage triggered, has currentResponseHandler: true @ webpack-internal:///(app-pages-browser)/./lib/chat-transport.ts:37
[  184694ms] [LOG] [ChatTransport] responseHandler called, data: {"type":"stage","content":null,"error":null,"message_id":"67c58e48-3c74-426d-98f8-dac32914bfaf","conversation_id":null,"itinerary":null,"stage":{"name":"6_LLM","status":"start","label":"✨ 生成回复","message":"正在生成回复内容..."}} @ webpack-internal:///(app-pages-browser)/./lib/chat-transport.ts:115
[  184694ms] [LOG] [ChatTransport] Stage update: {name: 6_LLM, status: start, label: ✨ 生成回复, message: 正在生成回复内容...} @ webpack-internal:///(app-pages-browser)/./lib/chat-transport.ts:125
[  186414ms] [LOG] [ChatTransport] onmessage triggered, has currentResponseHandler: true @ webpack-internal:///(app-pages-browser)/./lib/chat-transport.ts:37
[  186415ms] [LOG] [ChatTransport] responseHandler called, data: {"type":"delta","content":"好的","error":null,"message_id":"67c58e48-3c74-426d-98f8-dac32914bfaf","conversation_id":null,"itinerary":null,"stage":null} @ webpack-internal:///(app-pages-browser)/./lib/chat-transport.ts:115
[  186437ms] [LOG] [ChatTransport] onmessage triggered, has currentResponseHandler: true @ webpack-internal:///(app-pages-browser)/./lib/chat-transport.ts:37
[  186437ms] [LOG] [ChatTransport] responseHandler called, data: {"type":"delta","content":"，","error":null,"message_id":"67c58e48-3c74-426d-98f8-dac32914bfaf","conversation_id":null,"itinerary":null,"stage":null} @ webpack-internal:///(app-pages-browser)/./lib/chat-transport.ts:115
[  186455ms] [LOG] [ChatTransport] onmessage triggered, has currentResponseHandler: true @ webpack-internal:///(app-pages-browser)/./lib/chat-transport.ts:37
[  186455ms] [LOG] [ChatTransport] responseHandler called, data: {"type":"delta","content":"根据","error":null,"message_id":"67c58e48-3c74-426d-98f8-dac32914bfaf","conversation_id":null,"itinerary":null,"stage":null} @ webpack-internal:///(app-pages-browser)/./lib/chat-transport.ts:115
[  186455ms] [LOG] [ChatTransport] onmessage triggered, has currentResponseHandler: true @ webpack-internal:///(app-pages-browser)/./lib/chat-transport.ts:37
[  186455ms] [LOG] [ChatTransport] responseHandler called, data: {"type":"delta","content":"您","error":null,"message_id":"67c58e48-3c74-426d-98f8-dac32914bfaf","conversation_id":null,"itinerary":null,"stage":null} @ webpack-internal:///(app-pages-browser)/./lib/chat-transport.ts:115
[  186456ms] [LOG] [ChatTransport] onmessage triggered, has currentResponseHandler: true @ webpack-internal:///(app-pages-browser)/./lib/chat-transport.ts:37
[  186456ms] [LOG] [ChatTransport] responseHandler called, data: {"type":"delta","content":"的要求","error":null,"message_id":"67c58e48-3c74-426d-98f8-dac32914bfaf","conversation_id":null,"itinerary":null,"stage":null} @ webpack-internal:///(app-pages-browser)/./lib/chat-transport.ts:115
[  186475ms] [LOG] [ChatTransport] onmessage triggered, has currentResponseHandler: true @ webpack-internal:///(app-pages-browser)/./lib/chat-transport.ts:37
[  186475ms] [LOG] [ChatTransport] responseHandler called, data: {"type":"delta","content":"和","error":null,"message_id":"67c58e48-3c74-426d-98f8-dac32914bfaf","conversation_id":null,"itinerary":null,"stage":null} @ webpack-internal:///(app-pages-browser)/./lib/chat-transport.ts:115
[  186523ms] [LOG] [ChatTransport] onmessage triggered, has currentResponseHandler: true @ webpack-internal:///(app-pages-browser)/./lib/chat-transport.ts:37
[  186523ms] [LOG] [ChatTransport] responseHandler called, data: {"type":"delta","content":"刚刚","error":null,"message_id":"67c58e48-3c74-426d-98f8-dac32914bfaf","conversation_id":null,"itinerary":null,"stage":null} @ webpack-internal:///(app-pages-browser)/./lib/chat-transport.ts:115
[  186594ms] [LOG] [ChatTransport] onmessage triggered, has currentResponseHandler: true @ webpack-internal:///(app-pages-browser)/./lib/chat-transport.ts:37
[  186595ms] [LOG] [ChatTransport] responseHandler called, data: {"type":"delta","content":"查询","error":null,"message_id":"67c58e48-3c74-426d-98f8-dac32914bfaf","conversation_id":null,"itinerary":null,"stage":null} @ webpack-internal:///(app-pages-browser)/./lib/chat-transport.ts:115
[  186595ms] [LOG] [ChatTransport] onmessage triggered, has currentResponseHandler: true @ webpack-internal:///(app-pages-browser)/./lib/chat-transport.ts:37
[  186595ms] [LOG] [ChatTransport] responseHandler called, data: {"type":"delta","content":"到的","error":null,"message_id":"67c58e48-3c74-426d-98f8-dac32914bfaf","conversation_id":null,"itinerary":null,"stage":null} @ webpack-internal:///(app-pages-browser)/./lib/chat-transport.ts:115
[  186650ms] [LOG] [ChatTransport] onmessage triggered, has currentResponseHandler: true @ webpack-internal:///(app-pages-browser)/./lib/chat-transport.ts:37
[  186651ms] [LOG] [ChatTransport] responseHandler called, data: {"type":"delta","content":"北京","error":null,"message_id":"67c58e48-3c74-426d-98f8-dac32914bfaf","conversation_id":null,"itinerary":null,"stage":null} @ webpack-internal:///(app-pages-browser)/./lib/chat-transport.ts:115
[  186665ms] [LOG] [ChatTransport] onmessage triggered, has currentResponseHandler: true @ webpack-internal:///(app-pages-browser)/./lib/chat-transport.ts:37
[  186665ms] [LOG] [ChatTransport] responseHandler called, data: {"type":"delta","content":"未来","error":null,"message_id":"67c58e48-3c74-426d-98f8-dac32914bfaf","conversation_id":null,"itinerary":null,"stage":null} @ webpack-internal:///(app-pages-browser)/./lib/chat-transport.ts:115
[  186713ms] [LOG] [ChatTransport] onmessage triggered, has currentResponseHandler: true @ webpack-internal:///(app-pages-browser)/./lib/chat-transport.ts:37
[  186713ms] [LOG] [ChatTransport] responseHandler called, data: {"type":"delta","content":"几","error":null,"message_id":"67c58e48-3c74-426d-98f8-dac32914bfaf","conversation_id":null,"itinerary":null,"stage":null} @ webpack-internal:///(app-pages-browser)/./lib/chat-transport.ts:115
[  186768ms] [LOG] [ChatTransport] onmessage triggered, has currentResponseHandler: true @ webpack-internal:///(app-pages-browser)/./lib/chat-transport.ts:37
[  186768ms] [LOG] [ChatTransport] responseHandler called, data: {"type":"delta","content":"天的","error":null,"message_id":"67c58e48-3c74-426d-98f8-dac32914bfaf","conversation_id":null,"itinerary":null,"stage":null} @ webpack-internal:///(app-pages-browser)/./lib/chat-transport.ts:115
[  186769ms] [LOG] [ChatTransport] onmessage triggered, has currentResponseHandler: true @ webpack-internal:///(app-pages-browser)/./lib/chat-transport.ts:37
[  186769ms] [LOG] [ChatTransport] responseHandler called, data: {"type":"delta","content":"天气","error":null,"message_id":"67c58e48-3c74-426d-98f8-dac32914bfaf","conversation_id":null,"itinerary":null,"stage":null} @ webpack-internal:///(app-pages-browser)/./lib/chat-transport.ts:115
[  186872ms] [LOG] [ChatTransport] onmessage triggered, has currentResponseHandler: true @ webpack-internal:///(app-pages-browser)/./lib/chat-transport.ts:37
[  186872ms] [LOG] [ChatTransport] responseHandler called, data: {"type":"delta","content":"情况","error":null,"message_id":"67c58e48-3c74-426d-98f8-dac32914bfaf","conversation_id":null,"itinerary":null,"stage":null} @ webpack-internal:///(app-pages-browser)/./lib/chat-transport.ts:115
[  186894ms] [LOG] [ChatTransport] onmessage triggered, has currentResponseHandler: true @ webpack-internal:///(app-pages-browser)/./lib/chat-transport.ts:37
[  186894ms] [LOG] [ChatTransport] responseHandler called, data: {"type":"delta","content":"，","error":null,"message_id":"67c58e48-3c74-426d-98f8-dac32914bfaf","conversation_id":null,"itinerary":null,"stage":null} @ webpack-internal:///(app-pages-browser)/./lib/chat-transport.ts:115
[  186918ms] [LOG] [ChatTransport] onmessage triggered, has currentResponseHandler: true @ webpack-internal:///(app-pages-browser)/./lib/chat-transport.ts:37
[  186919ms] [LOG] [ChatTransport] responseHandler called, data: {"type":"delta","content":"我","error":null,"message_id":"67c58e48-3c74-426d-98f8-dac32914bfaf","conversation_id":null,"itinerary":null,"stage":null} @ webpack-internal:///(app-pages-browser)/./lib/chat-transport.ts:115
[  186942ms] [LOG] [ChatTransport] onmessage triggered, has currentResponseHandler: true @ webpack-internal:///(app-pages-browser)/./lib/chat-transport.ts:37
[  186943ms] [LOG] [ChatTransport] responseHandler called, data: {"type":"delta","content":"为您","error":null,"message_id":"67c58e48-3c74-426d-98f8-dac32914bfaf","conversation_id":null,"itinerary":null,"stage":null} @ webpack-internal:///(app-pages-browser)/./lib/chat-transport.ts:115
[  187151ms] [LOG] [ChatTransport] onmessage triggered, has currentResponseHandler: true @ webpack-internal:///(app-pages-browser)/./lib/chat-transport.ts:37
[  187151ms] [LOG] [ChatTransport] responseHandler called, data: {"type":"delta","content":"规划","error":null,"message_id":"67c58e48-3c74-426d-98f8-dac32914bfaf","conversation_id":null,"itinerary":null,"stage":null} @ webpack-internal:///(app-pages-browser)/./lib/chat-transport.ts:115
[  187152ms] [LOG] [ChatTransport] onmessage triggered, has currentResponseHandler: true @ webpack-internal:///(app-pages-browser)/./lib/chat-transport.ts:37
[  187152ms] [LOG] [ChatTransport] responseHandler called, data: {"type":"delta","content":"一个","error":null,"message_id":"67c58e48-3c74-426d-98f8-dac32914bfaf","conversation_id":null,"itinerary":null,"stage":null} @ webpack-internal:///(app-pages-browser)/./lib/chat-transport.ts:115
[  187170ms] [LOG] [ChatTransport] onmessage triggered, has currentResponseHandler: true @ webpack-internal:///(app-pages-browser)/./lib/chat-transport.ts:37
[  187170ms] [LOG] [ChatTransport] responseHandler called, data: {"type":"delta","content":"经典的","error":null,"message_id":"67c58e48-3c74-426d-98f8-dac32914bfaf","conversation_id":null,"itinerary":null,"stage":null} @ webpack-internal:///(app-pages-browser)/./lib/chat-transport.ts:115
[  187170ms] [LOG] [ChatTransport] onmessage triggered, has currentResponseHandler: true @ webpack-internal:///(app-pages-browser)/./lib/chat-transport.ts:37
[  187170ms] [LOG] [ChatTransport] responseHandler called, data: {"type":"delta","content":"北京","error":null,"message_id":"67c58e48-3c74-426d-98f8-dac32914bfaf","conversation_id":null,"itinerary":null,"stage":null} @ webpack-internal:///(app-pages-browser)/./lib/chat-transport.ts:115
[  187184ms] [LOG] [ChatTransport] onmessage triggered, has currentResponseHandler: true @ webpack-internal:///(app-pages-browser)/./lib/chat-transport.ts:37
[  187185ms] [LOG] [ChatTransport] responseHandler called, data: {"type":"delta","content":"3","error":null,"message_id":"67c58e48-3c74-426d-98f8-dac32914bfaf","conversation_id":null,"itinerary":null,"stage":null} @ webpack-internal:///(app-pages-browser)/./lib/chat-transport.ts:115
[  187185ms] [LOG] [ChatTransport] onmessage triggered, has currentResponseHandler: true @ webpack-internal:///(app-pages-browser)/./lib/chat-transport.ts:37
[  187185ms] [LOG] [ChatTransport] responseHandler called, data: {"type":"delta","content":"日","error":null,"message_id":"67c58e48-3c74-426d-98f8-dac32914bfaf","conversation_id":null,"itinerary":null,"stage":null} @ webpack-internal:///(app-pages-browser)/./lib/chat-transport.ts:115
[  187185ms] [LOG] [ChatTransport] onmessage triggered, has currentResponseHandler: true @ webpack-internal:///(app-pages-browser)/./lib/chat-transport.ts:37
[  187186ms] [LOG] [ChatTransport] responseHandler called, data: {"type":"delta","content":"游","error":null,"message_id":"67c58e48-3c74-426d-98f8-dac32914bfaf","conversation_id":null,"itinerary":null,"stage":null} @ webpack-internal:///(app-pages-browser)/./lib/chat-transport.ts:115
[  187186ms] [LOG] [ChatTransport] onmessage triggered, has currentResponseHandler: true @ webpack-internal:///(app-pages-browser)/./lib/chat-transport.ts:37
[  187186ms] [LOG] [ChatTransport] responseHandler called, data: {"type":"delta","content":"行程","error":null,"message_id":"67c58e48-3c74-426d-98f8-dac32914bfaf","conversation_id":null,"itinerary":null,"stage":null} @ webpack-internal:///(app-pages-browser)/./lib/chat-transport.ts:115
[  187202ms] [LOG] [ChatTransport] onmessage triggered, has currentResponseHandler: true @ webpack-internal:///(app-pages-browser)/./lib/chat-transport.ts:37
[  187202ms] [LOG] [ChatTransport] responseHandler called, data: {"type":"delta","content":"。","error":null,"message_id":"67c58e48-3c74-426d-98f8-dac32914bfaf","conversation_id":null,"itinerary":null,"stage":null} @ webpack-internal:///(app-pages-browser)/./lib/chat-transport.ts:115
[  187213ms] [LOG] [ChatTransport] onmessage triggered, has currentResponseHandler: true @ webpack-internal:///(app-pages-browser)/./lib/chat-transport.ts:37
[  187213ms] [LOG] [ChatTransport] responseHandler called, data: {"type":"delta","content":"这个","error":null,"message_id":"67c58e48-3c74-426d-98f8-dac32914bfaf","conversation_id":null,"itinerary":null,"stage":null} @ webpack-internal:///(app-pages-browser)/./lib/chat-transport.ts:115
[  187262ms] [LOG] [ChatTransport] onmessage triggered, has currentResponseHandler: true @ webpack-internal:///(app-pages-browser)/./lib/chat-transport.ts:37
[  187262ms] [LOG] [ChatTransport] responseHandler called, data: {"type":"delta","content":"行程","error":null,"message_id":"67c58e48-3c74-426d-98f8-dac32914bfaf","conversation_id":null,"itinerary":null,"stage":null} @ webpack-internal:///(app-pages-browser)/./lib/chat-transport.ts:115
[  187262ms] [LOG] [ChatTransport] onmessage triggered, has currentResponseHandler: true @ webpack-internal:///(app-pages-browser)/./lib/chat-transport.ts:37
[  187262ms] [LOG] [ChatTransport] responseHandler called, data: {"type":"delta","content":"兼顾","error":null,"message_id":"67c58e48-3c74-426d-98f8-dac32914bfaf","conversation_id":null,"itinerary":null,"stage":null} @ webpack-internal:///(app-pages-browser)/./lib/chat-transport.ts:115
[  187315ms] [LOG] [ChatTransport] onmessage triggered, has currentResponseHandler: true @ webpack-internal:///(app-pages-browser)/./lib/chat-transport.ts:37
[  187315ms] [LOG] [ChatTransport] responseHandler called, data: {"type":"delta","content":"了","error":null,"message_id":"67c58e48-3c74-426d-98f8-dac32914bfaf","conversation_id":null,"itinerary":null,"stage":null} @ webpack-internal:///(app-pages-browser)/./lib/chat-transport.ts:115
[  187338ms] [LOG] [ChatTransport] onmessage triggered, has currentResponseHandler: true @ webpack-internal:///(app-pages-browser)/./lib/chat-transport.ts:37
[  187338ms] [LOG] [ChatTransport] responseHandler called, data: {"type":"delta","content":"历史文化","error":null,"message_id":"67c58e48-3c74-426d-98f8-dac32914bfaf","conversation_id":null,"itinerary":null,"stage":null} @ webpack-internal:///(app-pages-browser)/./lib/chat-transport.ts:115
[  187377ms] [LOG] [ChatTransport] onmessage triggered, has currentResponseHandler: true @ webpack-internal:///(app-pages-browser)/./lib/chat-transport.ts:37
[  187377ms] [LOG] [ChatTransport] responseHandler called, data: {"type":"delta","content":"、","error":null,"message_id":"67c58e48-3c74-426d-98f8-dac32914bfaf","conversation_id":null,"itinerary":null,"stage":null} @ webpack-internal:///(app-pages-browser)/./lib/chat-transport.ts:115
[  187400ms] [LOG] [ChatTransport] onmessage triggered, has currentResponseHandler: true @ webpack-internal:///(app-pages-browser)/./lib/chat-transport.ts:37
[  187400ms] [LOG] [ChatTransport] responseHandler called, data: {"type":"delta","content":"现代","error":null,"message_id":"67c58e48-3c74-426d-98f8-dac32914bfaf","conversation_id":null,"itinerary":null,"stage":null} @ webpack-internal:///(app-pages-browser)/./lib/chat-transport.ts:115
[  187452ms] [LOG] [ChatTransport] onmessage triggered, has currentResponseHandler: true @ webpack-internal:///(app-pages-browser)/./lib/chat-transport.ts:37
[  187452ms] [LOG] [ChatTransport] responseHandler called, data: {"type":"delta","content":"风貌","error":null,"message_id":"67c58e48-3c74-426d-98f8-dac32914bfaf","conversation_id":null,"itinerary":null,"stage":null} @ webpack-internal:///(app-pages-browser)/./lib/chat-transport.ts:115
[  187514ms] [LOG] [ChatTransport] onmessage triggered, has currentResponseHandler: true @ webpack-internal:///(app-pages-browser)/./lib/chat-transport.ts:37
[  187514ms] [LOG] [ChatTransport] responseHandler called, data: {"type":"delta","content":"和","error":null,"message_id":"67c58e48-3c74-426d-98f8-dac32914bfaf","conversation_id":null,"itinerary":null,"stage":null} @ webpack-internal:///(app-pages-browser)/./lib/chat-transport.ts:115
[  187538ms] [LOG] [ChatTransport] onmessage triggered, has currentResponseHandler: true @ webpack-internal:///(app-pages-browser)/./lib/chat-transport.ts:37
[  187538ms] [LOG] [ChatTransport] responseHandler called, data: {"type":"delta","content":"美食","error":null,"message_id":"67c58e48-3c74-426d-98f8-dac32914bfaf","conversation_id":null,"itinerary":null,"stage":null} @ webpack-internal:///(app-pages-browser)/./lib/chat-transport.ts:115
[  187591ms] [LOG] [ChatTransport] onmessage triggered, has currentResponseHandler: true @ webpack-internal:///(app-pages-browser)/./lib/chat-transport.ts:37
[  187591ms] [LOG] [ChatTransport] responseHandler called, data: {"type":"delta","content":"体验","error":null,"message_id":"67c58e48-3c74-426d-98f8-dac32914bfaf","conversation_id":null,"itinerary":null,"stage":null} @ webpack-internal:///(app-pages-browser)/./lib/chat-transport.ts:115
[  187614ms] [LOG] [ChatTransport] onmessage triggered, has currentResponseHandler: true @ webpack-internal:///(app-pages-browser)/./lib/chat-transport.ts:37
[  187614ms] [LOG] [ChatTransport] responseHandler called, data: {"type":"delta","content":"，","error":null,"message_id":"67c58e48-3c74-426d-98f8-dac32914bfaf","conversation_id":null,"itinerary":null,"stage":null} @ webpack-internal:///(app-pages-browser)/./lib/chat-transport.ts:115
[  187641ms] [LOG] [ChatTransport] onmessage triggered, has currentResponseHandler: true @ webpack-internal:///(app-pages-browser)/./lib/chat-transport.ts:37
[  187641ms] [LOG] [ChatTransport] responseHandler called, data: {"type":"delta","content":"并","error":null,"message_id":"67c58e48-3c74-426d-98f8-dac32914bfaf","conversation_id":null,"itinerary":null,"stage":null} @ webpack-internal:///(app-pages-browser)/./lib/chat-transport.ts:115
[  187663ms] [LOG] [ChatTransport] onmessage triggered, has currentResponseHandler: true @ webpack-internal:///(app-pages-browser)/./lib/chat-transport.ts:37
[  187663ms] [LOG] [ChatTransport] responseHandler called, data: {"type":"delta","content":"充分","error":null,"message_id":"67c58e48-3c74-426d-98f8-dac32914bfaf","conversation_id":null,"itinerary":null,"stage":null} @ webpack-internal:///(app-pages-browser)/./lib/chat-transport.ts:115
[  187693ms] [LOG] [ChatTransport] onmessage triggered, has currentResponseHandler: true @ webpack-internal:///(app-pages-browser)/./lib/chat-transport.ts:37
[  187693ms] [LOG] [ChatTransport] responseHandler called, data: {"type":"delta","content":"考虑了","error":null,"message_id":"67c58e48-3c74-426d-98f8-dac32914bfaf","conversation_id":null,"itinerary":null,"stage":null} @ webpack-internal:///(app-pages-browser)/./lib/chat-transport.ts:115
[  187694ms] [LOG] [ChatTransport] onmessage triggered, has currentResponseHandler: true @ webpack-internal:///(app-pages-browser)/./lib/chat-transport.ts:37
[  187694ms] [LOG] [ChatTransport] responseHandler called, data: {"type":"delta","content":"天气","error":null,"message_id":"67c58e48-3c74-426d-98f8-dac32914bfaf","conversation_id":null,"itinerary":null,"stage":null} @ webpack-internal:///(app-pages-browser)/./lib/chat-transport.ts:115
[  187747ms] [LOG] [ChatTransport] onmessage triggered, has currentResponseHandler: true @ webpack-internal:///(app-pages-browser)/./lib/chat-transport.ts:37
[  187747ms] [LOG] [ChatTransport] responseHandler called, data: {"type":"delta","content":"因素","error":null,"message_id":"67c58e48-3c74-426d-98f8-dac32914bfaf","conversation_id":null,"itinerary":null,"stage":null} @ webpack-internal:///(app-pages-browser)/./lib/chat-transport.ts:115
[  187748ms] [LOG] [ChatTransport] onmessage triggered, has currentResponseHandler: true @ webpack-internal:///(app-pages-browser)/./lib/chat-transport.ts:37
[  187749ms] [LOG] [ChatTransport] responseHandler called, data: {"type":"delta","content":"。\n\n","error":null,"message_id":"67c58e48-3c74-426d-98f8-dac32914bfaf","conversation_id":null,"itinerary":null,"stage":null} @ webpack-internal:///(app-pages-browser)/./lib/chat-transport.ts:115
[  187811ms] [LOG] [ChatTransport] onmessage triggered, has currentResponseHandler: true @ webpack-internal:///(app-pages-browser)/./lib/chat-transport.ts:37
[  187811ms] [LOG] [ChatTransport] responseHandler called, data: {"type":"delta","content":"###","error":null,"message_id":"67c58e48-3c74-426d-98f8-dac32914bfaf","conversation_id":null,"itinerary":null,"stage":null} @ webpack-internal:///(app-pages-browser)/./lib/chat-transport.ts:115
[  187874ms] [LOG] [ChatTransport] onmessage triggered, has currentResponseHandler: true @ webpack-internal:///(app-pages-browser)/./lib/chat-transport.ts:37
[  187874ms] [LOG] [ChatTransport] responseHandler called, data: {"type":"delta","content":" **","error":null,"message_id":"67c58e48-3c74-426d-98f8-dac32914bfaf","conversation_id":null,"itinerary":null,"stage":null} @ webpack-internal:///(app-pages-browser)/./lib/chat-transport.ts:115
[  187875ms] [LOG] [ChatTransport] onmessage triggered, has currentResponseHandler: true @ webpack-internal:///(app-pages-browser)/./lib/chat-transport.ts:37
[  187875ms] [LOG] [ChatTransport] responseHandler called, data: {"type":"delta","content":"北京","error":null,"message_id":"67c58e48-3c74-426d-98f8-dac32914bfaf","conversation_id":null,"itinerary":null,"stage":null} @ webpack-internal:///(app-pages-browser)/./lib/chat-transport.ts:115
[  187934ms] [LOG] [ChatTransport] onmessage triggered, has currentResponseHandler: true @ webpack-internal:///(app-pages-browser)/./lib/chat-transport.ts:37
[  187934ms] [LOG] [ChatTransport] responseHandler called, data: {"type":"delta","content":"3","error":null,"message_id":"67c58e48-3c74-426d-98f8-dac32914bfaf","conversation_id":null,"itinerary":null,"stage":null} @ webpack-internal:///(app-pages-browser)/./lib/chat-transport.ts:115
[  187951ms] [LOG] [ChatTransport] onmessage triggered, has currentResponseHandler: true @ webpack-internal:///(app-pages-browser)/./lib/chat-transport.ts:37
[  187952ms] [LOG] [ChatTransport] responseHandler called, data: {"type":"delta","content":"日","error":null,"message_id":"67c58e48-3c74-426d-98f8-dac32914bfaf","conversation_id":null,"itinerary":null,"stage":null} @ webpack-internal:///(app-pages-browser)/./lib/chat-transport.ts:115
[  187991ms] [LOG] [ChatTransport] onmessage triggered, has currentResponseHandler: true @ webpack-internal:///(app-pages-browser)/./lib/chat-transport.ts:37
[  187992ms] [LOG] [ChatTransport] responseHandler called, data: {"type":"delta","content":"游","error":null,"message_id":"67c58e48-3c74-426d-98f8-dac32914bfaf","conversation_id":null,"itinerary":null,"stage":null} @ webpack-internal:///(app-pages-browser)/./lib/chat-transport.ts:115
[  187992ms] [LOG] [ChatTransport] onmessage triggered, has currentResponseHandler: true @ webpack-internal:///(app-pages-browser)/./lib/chat-transport.ts:37
[  187992ms] [LOG] [ChatTransport] responseHandler called, data: {"type":"delta","content":"经典","error":null,"message_id":"67c58e48-3c74-426d-98f8-dac32914bfaf","conversation_id":null,"itinerary":null,"stage":null} @ webpack-internal:///(app-pages-browser)/./lib/chat-transport.ts:115
[  188109ms] [LOG] [ChatTransport] onmessage triggered, has currentResponseHandler: true @ webpack-internal:///(app-pages-browser)/./lib/chat-transport.ts:37
[  188109ms] [LOG] [ChatTransport] responseHandler called, data: {"type":"delta","content":"行程","error":null,"message_id":"67c58e48-3c74-426d-98f8-dac32914bfaf","conversation_id":null,"itinerary":null,"stage":null} @ webpack-internal:///(app-pages-browser)/./lib/chat-transport.ts:115
[  188127ms] [LOG] [ChatTransport] onmessage triggered, has currentResponseHandler: true @ webpack-internal:///(app-pages-browser)/./lib/chat-transport.ts:37
[  188127ms] [LOG] [ChatTransport] responseHandler called, data: {"type":"delta","content":"规划","error":null,"message_id":"67c58e48-3c74-426d-98f8-dac32914bfaf","conversation_id":null,"itinerary":null,"stage":null} @ webpack-internal:///(app-pages-browser)/./lib/chat-transport.ts:115
[  188146ms] [LOG] [ChatTransport] onmessage triggered, has currentResponseHandler: true @ webpack-internal:///(app-pages-browser)/./lib/chat-transport.ts:37
[  188146ms] [LOG] [ChatTransport] responseHandler called, data: {"type":"delta","content":"**\n\n","error":null,"message_id":"67c58e48-3c74-426d-98f8-dac32914bfaf","conversation_id":null,"itinerary":null,"stage":null} @ webpack-internal:///(app-pages-browser)/./lib/chat-transport.ts:115
[  188147ms] [LOG] [ChatTransport] onmessage triggered, has currentResponseHandler: true @ webpack-internal:///(app-pages-browser)/./lib/chat-transport.ts:37
[  188147ms] [LOG] [ChatTransport] responseHandler called, data: {"type":"delta","content":"**","error":null,"message_id":"67c58e48-3c74-426d-98f8-dac32914bfaf","conversation_id":null,"itinerary":null,"stage":null} @ webpack-internal:///(app-pages-browser)/./lib/chat-transport.ts:115
[  188175ms] [LOG] [ChatTransport] onmessage triggered, has currentResponseHandler: true @ webpack-internal:///(app-pages-browser)/./lib/chat-transport.ts:37
[  188175ms] [LOG] [ChatTransport] responseHandler called, data: {"type":"delta","content":"天气","error":null,"message_id":"67c58e48-3c74-426d-98f8-dac32914bfaf","conversation_id":null,"itinerary":null,"stage":null} @ webpack-internal:///(app-pages-browser)/./lib/chat-transport.ts:115
[  188234ms] [LOG] [ChatTransport] onmessage triggered, has currentResponseHandler: true @ webpack-internal:///(app-pages-browser)/./lib/chat-transport.ts:37
[  188234ms] [LOG] [ChatTransport] responseHandler called, data: {"type":"delta","content":"提示","error":null,"message_id":"67c58e48-3c74-426d-98f8-dac32914bfaf","conversation_id":null,"itinerary":null,"stage":null} @ webpack-internal:///(app-pages-browser)/./lib/chat-transport.ts:115
[  188303ms] [LOG] [ChatTransport] onmessage triggered, has currentResponseHandler: true @ webpack-internal:///(app-pages-browser)/./lib/chat-transport.ts:37
[  188303ms] [LOG] [ChatTransport] responseHandler called, data: {"type":"delta","content":"：","error":null,"message_id":"67c58e48-3c74-426d-98f8-dac32914bfaf","conversation_id":null,"itinerary":null,"stage":null} @ webpack-internal:///(app-pages-browser)/./lib/chat-transport.ts:115
[  188303ms] [LOG] [ChatTransport] onmessage triggered, has currentResponseHandler: true @ webpack-internal:///(app-pages-browser)/./lib/chat-transport.ts:37
[  188303ms] [LOG] [ChatTransport] responseHandler called, data: {"type":"delta","content":"**","error":null,"message_id":"67c58e48-3c74-426d-98f8-dac32914bfaf","conversation_id":null,"itinerary":null,"stage":null} @ webpack-internal:///(app-pages-browser)/./lib/chat-transport.ts:115
[  188361ms] [LOG] [ChatTransport] onmessage triggered, has currentResponseHandler: true @ webpack-internal:///(app-pages-browser)/./lib/chat-transport.ts:37
[  188361ms] [LOG] [ChatTransport] responseHandler called, data: {"type":"delta","content":" ","error":null,"message_id":"67c58e48-3c74-426d-98f8-dac32914bfaf","conversation_id":null,"itinerary":null,"stage":null} @ webpack-internal:///(app-pages-browser)/./lib/chat-transport.ts:115
[  188361ms] [LOG] [ChatTransport] onmessage triggered, has currentResponseHandler: true @ webpack-internal:///(app-pages-browser)/./lib/chat-transport.ts:37
[  188361ms] [LOG] [ChatTransport] responseHandler called, data: {"type":"delta","content":"根据","error":null,"message_id":"67c58e48-3c74-426d-98f8-dac32914bfaf","conversation_id":null,"itinerary":null,"stage":null} @ webpack-internal:///(app-pages-browser)/./lib/chat-transport.ts:115
[  188422ms] [LOG] [ChatTransport] onmessage triggered, has currentResponseHandler: true @ webpack-internal:///(app-pages-browser)/./lib/chat-transport.ts:37
[  188423ms] [LOG] [ChatTransport] responseHandler called, data: {"type":"delta","content":"预报","error":null,"message_id":"67c58e48-3c74-426d-98f8-dac32914bfaf","conversation_id":null,"itinerary":null,"stage":null} @ webpack-internal:///(app-pages-browser)/./lib/chat-transport.ts:115
[  188438ms] [LOG] [ChatTransport] onmessage triggered, has currentResponseHandler: true @ webpack-internal:///(app-pages-browser)/./lib/chat-transport.ts:37
[  188438ms] [LOG] [ChatTransport] responseHandler called, data: {"type":"delta","content":"，","error":null,"message_id":"67c58e48-3c74-426d-98f8-dac32914bfaf","conversation_id":null,"itinerary":null,"stage":null} @ webpack-internal:///(app-pages-browser)/./lib/chat-transport.ts:115
[  188478ms] [LOG] [ChatTransport] onmessage triggered, has currentResponseHandler: true @ webpack-internal:///(app-pages-browser)/./lib/chat-transport.ts:37
[  188478ms] [LOG] [ChatTransport] responseHandler called, data: {"type":"delta","content":"您","error":null,"message_id":"67c58e48-3c74-426d-98f8-dac32914bfaf","conversation_id":null,"itinerary":null,"stage":null} @ webpack-internal:///(app-pages-browser)/./lib/chat-transport.ts:115
[  188541ms] [LOG] [ChatTransport] onmessage triggered, has currentResponseHandler: true @ webpack-internal:///(app-pages-browser)/./lib/chat-transport.ts:37
[  188541ms] [LOG] [ChatTransport] responseHandler called, data: {"type":"delta","content":"在北京","error":null,"message_id":"67c58e48-3c74-426d-98f8-dac32914bfaf","conversation_id":null,"itinerary":null,"stage":null} @ webpack-internal:///(app-pages-browser)/./lib/chat-transport.ts:115
[  188686ms] [LOG] [ChatTransport] onmessage triggered, has currentResponseHandler: true @ webpack-internal:///(app-pages-browser)/./lib/chat-transport.ts:37
[  188686ms] [LOG] [ChatTransport] responseHandler called, data: {"type":"delta","content":"的","error":null,"message_id":"67c58e48-3c74-426d-98f8-dac32914bfaf","conversation_id":null,"itinerary":null,"stage":null} @ webpack-internal:///(app-pages-browser)/./lib/chat-transport.ts:115
[  188710ms] [LOG] [ChatTransport] onmessage triggered, has currentResponseHandler: true @ webpack-internal:///(app-pages-browser)/./lib/chat-transport.ts:37
[  188710ms] [LOG] [ChatTransport] responseHandler called, data: {"type":"delta","content":"这几天","error":null,"message_id":"67c58e48-3c74-426d-98f8-dac32914bfaf","conversation_id":null,"itinerary":null,"stage":null} @ webpack-internal:///(app-pages-browser)/./lib/chat-transport.ts:115
[  188736ms] [LOG] [ChatTransport] onmessage triggered, has currentResponseHandler: true @ webpack-internal:///(app-pages-browser)/./lib/chat-transport.ts:37
[  188736ms] [LOG] [ChatTransport] responseHandler called, data: {"type":"delta","content":"天气","error":null,"message_id":"67c58e48-3c74-426d-98f8-dac32914bfaf","conversation_id":null,"itinerary":null,"stage":null} @ webpack-internal:///(app-pages-browser)/./lib/chat-transport.ts:115
[  188753ms] [LOG] [ChatTransport] onmessage triggered, has currentResponseHandler: true @ webpack-internal:///(app-pages-browser)/./lib/chat-transport.ts:37
[  188753ms] [LOG] [ChatTransport] responseHandler called, data: {"type":"delta","content":"总体","error":null,"message_id":"67c58e48-3c74-426d-98f8-dac32914bfaf","conversation_id":null,"itinerary":null,"stage":null} @ webpack-internal:///(app-pages-browser)/./lib/chat-transport.ts:115
[  188753ms] [LOG] [ChatTransport] onmessage triggered, has currentResponseHandler: true @ webpack-internal:///(app-pages-browser)/./lib/chat-transport.ts:37
[  188753ms] [LOG] [ChatTransport] responseHandler called, data: {"type":"delta","content":"不错","error":null,"message_id":"67c58e48-3c74-426d-98f8-dac32914bfaf","conversation_id":null,"itinerary":null,"stage":null} @ webpack-internal:///(app-pages-browser)/./lib/chat-transport.ts:115
[  188997ms] [LOG] [ChatTransport] onmessage triggered, has currentResponseHandler: true @ webpack-internal:///(app-pages-browser)/./lib/chat-transport.ts:37
[  188998ms] [LOG] [ChatTransport] responseHandler called, data: {"type":"delta","content":"。","error":null,"message_id":"67c58e48-3c74-426d-98f8-dac32914bfaf","conversation_id":null,"itinerary":null,"stage":null} @ webpack-internal:///(app-pages-browser)/./lib/chat-transport.ts:115
[  189000ms] [LOG] [ChatTransport] onmessage triggered, has currentResponseHandler: true @ webpack-internal:///(app-pages-browser)/./lib/chat-transport.ts:37
[  189000ms] [LOG] [ChatTransport] responseHandler called, data: {"type":"delta","content":"第一天","error":null,"message_id":"67c58e48-3c74-426d-98f8-dac32914bfaf","conversation_id":null,"itinerary":null,"stage":null} @ webpack-internal:///(app-pages-browser)/./lib/chat-transport.ts:115
[  189017ms] [LOG] [ChatTransport] onmessage triggered, has currentResponseHandler: true @ webpack-internal:///(app-pages-browser)/./lib/chat-transport.ts:37
[  189017ms] [LOG] [ChatTransport] responseHandler called, data: {"type":"delta","content":"上午","error":null,"message_id":"67c58e48-3c74-426d-98f8-dac32914bfaf","conversation_id":null,"itinerary":null,"stage":null} @ webpack-internal:///(app-pages-browser)/./lib/chat-transport.ts:115
[  189031ms] [LOG] [ChatTransport] onmessage triggered, has currentResponseHandler: true @ webpack-internal:///(app-pages-browser)/./lib/chat-transport.ts:37
[  189031ms] [LOG] [ChatTransport] responseHandler called, data: {"type":"delta","content":"有","error":null,"message_id":"67c58e48-3c74-426d-98f8-dac32914bfaf","conversation_id":null,"itinerary":null,"stage":null} @ webpack-internal:///(app-pages-browser)/./lib/chat-transport.ts:115
[  189044ms] [LOG] [ChatTransport] onmessage triggered, has currentResponseHandler: true @ webpack-internal:///(app-pages-browser)/./lib/chat-transport.ts:37
[  189045ms] [LOG] [ChatTransport] responseHandler called, data: {"type":"delta","content":"雾","error":null,"message_id":"67c58e48-3c74-426d-98f8-dac32914bfaf","conversation_id":null,"itinerary":null,"stage":null} @ webpack-internal:///(app-pages-browser)/./lib/chat-transport.ts:115
[  189072ms] [LOG] [ChatTransport] onmessage triggered, has currentResponseHandler: true @ webpack-internal:///(app-pages-browser)/./lib/chat-transport.ts:37
[  189072ms] [LOG] [ChatTransport] responseHandler called, data: {"type":"delta","content":"，","error":null,"message_id":"67c58e48-3c74-426d-98f8-dac32914bfaf","conversation_id":null,"itinerary":null,"stage":null} @ webpack-internal:///(app-pages-browser)/./lib/chat-transport.ts:115
[  189073ms] [LOG] [ChatTransport] onmessage triggered, has currentResponseHandler: true @ webpack-internal:///(app-pages-browser)/./lib/chat-transport.ts:37
[  189073ms] [LOG] [ChatTransport] responseHandler called, data: {"type":"delta","content":"请注意","error":null,"message_id":"67c58e48-3c74-426d-98f8-dac32914bfaf","conversation_id":null,"itinerary":null,"stage":null} @ webpack-internal:///(app-pages-browser)/./lib/chat-transport.ts:115
[  189091ms] [LOG] [ChatTransport] onmessage triggered, has currentResponseHandler: true @ webpack-internal:///(app-pages-browser)/./lib/chat-transport.ts:37
[  189091ms] [LOG] [ChatTransport] responseHandler called, data: {"type":"delta","content":"行车","error":null,"message_id":"67c58e48-3c74-426d-98f8-dac32914bfaf","conversation_id":null,"itinerary":null,"stage":null} @ webpack-internal:///(app-pages-browser)/./lib/chat-transport.ts:115
[  189104ms] [LOG] [ChatTransport] onmessage triggered, has currentResponseHandler: true @ webpack-internal:///(app-pages-browser)/./lib/chat-transport.ts:37
[  189105ms] [LOG] [ChatTransport] responseHandler called, data: {"type":"delta","content":"安全","error":null,"message_id":"67c58e48-3c74-426d-98f8-dac32914bfaf","conversation_id":null,"itinerary":null,"stage":null} @ webpack-internal:///(app-pages-browser)/./lib/chat-transport.ts:115
[  189134ms] [LOG] [ChatTransport] onmessage triggered, has currentResponseHandler: true @ webpack-internal:///(app-pages-browser)/./lib/chat-transport.ts:37
[  189135ms] [LOG] [ChatTransport] responseHandler called, data: {"type":"delta","content":"；","error":null,"message_id":"67c58e48-3c74-426d-98f8-dac32914bfaf","conversation_id":null,"itinerary":null,"stage":null} @ webpack-internal:///(app-pages-browser)/./lib/chat-transport.ts:115
[  189147ms] [LOG] [ChatTransport] onmessage triggered, has currentResponseHandler: true @ webpack-internal:///(app-pages-browser)/./lib/chat-transport.ts:37
[  189147ms] [LOG] [ChatTransport] responseHandler called, data: {"type":"delta","content":"第二天","error":null,"message_id":"67c58e48-3c74-426d-98f8-dac32914bfaf","conversation_id":null,"itinerary":null,"stage":null} @ webpack-internal:///(app-pages-browser)/./lib/chat-transport.ts:115
[  189224ms] [LOG] [ChatTransport] onmessage triggered, has currentResponseHandler: true @ webpack-internal:///(app-pages-browser)/./lib/chat-transport.ts:37
[  189224ms] [LOG] [ChatTransport] responseHandler called, data: {"type":"delta","content":"和","error":null,"message_id":"67c58e48-3c74-426d-98f8-dac32914bfaf","conversation_id":null,"itinerary":null,"stage":null} @ webpack-internal:///(app-pages-browser)/./lib/chat-transport.ts:115
[  189241ms] [LOG] [ChatTransport] onmessage triggered, has currentResponseHandler: true @ webpack-internal:///(app-pages-browser)/./lib/chat-transport.ts:37
[  189241ms] [LOG] [ChatTransport] responseHandler called, data: {"type":"delta","content":"第三天","error":null,"message_id":"67c58e48-3c74-426d-98f8-dac32914bfaf","conversation_id":null,"itinerary":null,"stage":null} @ webpack-internal:///(app-pages-browser)/./lib/chat-transport.ts:115
[  189261ms] [LOG] [ChatTransport] onmessage triggered, has currentResponseHandler: true @ webpack-internal:///(app-pages-browser)/./lib/chat-transport.ts:37
[  189261ms] [LOG] [ChatTransport] responseHandler called, data: {"type":"delta","content":"都是","error":null,"message_id":"67c58e48-3c74-426d-98f8-dac32914bfaf","conversation_id":null,"itinerary":null,"stage":null} @ webpack-internal:///(app-pages-browser)/./lib/chat-transport.ts:115
[  189361ms] [LOG] [ChatTransport] onmessage triggered, has currentResponseHandler: true @ webpack-internal:///(app-pages-browser)/./lib/chat-transport.ts:37
[  189361ms] [LOG] [ChatTransport] responseHandler called, data: {"type":"delta","content":"晴朗","error":null,"message_id":"67c58e48-3c74-426d-98f8-dac32914bfaf","conversation_id":null,"itinerary":null,"stage":null} @ webpack-internal:///(app-pages-browser)/./lib/chat-transport.ts:115
[  189374ms] [LOG] [ChatTransport] onmessage triggered, has currentResponseHandler: true @ webpack-internal:///(app-pages-browser)/./lib/chat-transport.ts:37
[  189374ms] [LOG] [ChatTransport] responseHandler called, data: {"type":"delta","content":"或多","error":null,"message_id":"67c58e48-3c74-426d-98f8-dac32914bfaf","conversation_id":null,"itinerary":null,"stage":null} @ webpack-internal:///(app-pages-browser)/./lib/chat-transport.ts:115
[  189374ms] [LOG] [ChatTransport] onmessage triggered, has currentResponseHandler: true @ webpack-internal:///(app-pages-browser)/./lib/chat-transport.ts:37
[  189375ms] [LOG] [ChatTransport] responseHandler called, data: {"type":"delta","content":"云","error":null,"message_id":"67c58e48-3c74-426d-98f8-dac32914bfaf","conversation_id":null,"itinerary":null,"stage":null} @ webpack-internal:///(app-pages-browser)/./lib/chat-transport.ts:115
[  189375ms] [LOG] [ChatTransport] onmessage triggered, has currentResponseHandler: true @ webpack-internal:///(app-pages-browser)/./lib/chat-transport.ts:37
[  189375ms] [LOG] [ChatTransport] responseHandler called, data: {"type":"delta","content":"的好","error":null,"message_id":"67c58e48-3c74-426d-98f8-dac32914bfaf","conversation_id":null,"itinerary":null,"stage":null} @ webpack-internal:///(app-pages-browser)/./lib/chat-transport.ts:115
[  189418ms] [LOG] [ChatTransport] onmessage triggered, has currentResponseHandler: true @ webpack-internal:///(app-pages-browser)/./lib/chat-transport.ts:37
[  189418ms] [LOG] [ChatTransport] responseHandler called, data: {"type":"delta","content":"天气","error":null,"message_id":"67c58e48-3c74-426d-98f8-dac32914bfaf","conversation_id":null,"itinerary":null,"stage":null} @ webpack-internal:///(app-pages-browser)/./lib/chat-transport.ts:115
[  189418ms] [LOG] [ChatTransport] onmessage triggered, has currentResponseHandler: true @ webpack-internal:///(app-pages-browser)/./lib/chat-transport.ts:37
[  189418ms] [LOG] [ChatTransport] responseHandler called, data: {"type":"delta","content":"，","error":null,"message_id":"67c58e48-3c74-426d-98f8-dac32914bfaf","conversation_id":null,"itinerary":null,"stage":null} @ webpack-internal:///(app-pages-browser)/./lib/chat-transport.ts:115
[  189470ms] [LOG] [ChatTransport] onmessage triggered, has currentResponseHandler: true @ webpack-internal:///(app-pages-browser)/./lib/chat-transport.ts:37
[  189470ms] [LOG] [ChatTransport] responseHandler called, data: {"type":"delta","content":"非常适合","error":null,"message_id":"67c58e48-3c74-426d-98f8-dac32914bfaf","conversation_id":null,"itinerary":null,"stage":null} @ webpack-internal:///(app-pages-browser)/./lib/chat-transport.ts:115
[  189492ms] [LOG] [ChatTransport] onmessage triggered, has currentResponseHandler: true @ webpack-internal:///(app-pages-browser)/./lib/chat-transport.ts:37
[  189493ms] [LOG] [ChatTransport] responseHandler called, data: {"type":"delta","content":"户外","error":null,"message_id":"67c58e48-3c74-426d-98f8-dac32914bfaf","conversation_id":null,"itinerary":null,"stage":null} @ webpack-internal:///(app-pages-browser)/./lib/chat-transport.ts:115
[  189539ms] [LOG] [ChatTransport] onmessage triggered, has currentResponseHandler: true @ webpack-internal:///(app-pages-browser)/./lib/chat-transport.ts:37
[  189540ms] [LOG] [ChatTransport] responseHandler called, data: {"type":"delta","content":"游览","error":null,"message_id":"67c58e48-3c74-426d-98f8-dac32914bfaf","conversation_id":null,"itinerary":null,"stage":null} @ webpack-internal:///(app-pages-browser)/./lib/chat-transport.ts:115
[  189654ms] [LOG] [ChatTransport] onmessage triggered, has currentResponseHandler: true @ webpack-internal:///(app-pages-browser)/./lib/chat-transport.ts:37
[  189654ms] [LOG] [ChatTransport] responseHandler called, data: {"type":"delta","content":"和","error":null,"message_id":"67c58e48-3c74-426d-98f8-dac32914bfaf","conversation_id":null,"itinerary":null,"stage":null} @ webpack-internal:///(app-pages-browser)/./lib/chat-transport.ts:115
[  189686ms] [LOG] [ChatTransport] onmessage triggered, has currentResponseHandler: true @ webpack-internal:///(app-pages-browser)/./lib/chat-transport.ts:37
[  189686ms] [LOG] [ChatTransport] responseHandler called, data: {"type":"delta","content":"拍照","error":null,"message_id":"67c58e48-3c74-426d-98f8-dac32914bfaf","conversation_id":null,"itinerary":null,"stage":null} @ webpack-internal:///(app-pages-browser)/./lib/chat-transport.ts:115
[  189686ms] [LOG] [ChatTransport] onmessage triggered, has currentResponseHandler: true @ webpack-internal:///(app-pages-browser)/./lib/chat-transport.ts:37
[  189686ms] [LOG] [ChatTransport] responseHandler called, data: {"type":"delta","content":"。\n\n","error":null,"message_id":"67c58e48-3c74-426d-98f8-dac32914bfaf","conversation_id":null,"itinerary":null,"stage":null} @ webpack-internal:///(app-pages-browser)/./lib/chat-transport.ts:115
[  189719ms] [LOG] [ChatTransport] onmessage triggered, has currentResponseHandler: true @ webpack-internal:///(app-pages-browser)/./lib/chat-transport.ts:37
[  189719ms] [LOG] [ChatTransport] responseHandler called, data: {"type":"delta","content":"---\n\n","error":null,"message_id":"67c58e48-3c74-426d-98f8-dac32914bfaf","conversation_id":null,"itinerary":null,"stage":null} @ webpack-internal:///(app-pages-browser)/./lib/chat-transport.ts:115
[  189733ms] [LOG] [ChatTransport] onmessage triggered, has currentResponseHandler: true @ webpack-internal:///(app-pages-browser)/./lib/chat-transport.ts:37
[  189733ms] [LOG] [ChatTransport] responseHandler called, data: {"type":"delta","content":"####","error":null,"message_id":"67c58e48-3c74-426d-98f8-dac32914bfaf","conversation_id":null,"itinerary":null,"stage":null} @ webpack-internal:///(app-pages-browser)/./lib/chat-transport.ts:115
[  189779ms] [LOG] [ChatTransport] onmessage triggered, has currentResponseHandler: true @ webpack-internal:///(app-pages-browser)/./lib/chat-transport.ts:37
[  189779ms] [LOG] [ChatTransport] responseHandler called, data: {"type":"delta","content":" **","error":null,"message_id":"67c58e48-3c74-426d-98f8-dac32914bfaf","conversation_id":null,"itinerary":null,"stage":null} @ webpack-internal:///(app-pages-browser)/./lib/chat-transport.ts:115
[  189779ms] [LOG] [ChatTransport] onmessage triggered, has currentResponseHandler: true @ webpack-internal:///(app-pages-browser)/./lib/chat-transport.ts:37
[  189779ms] [LOG] [ChatTransport] responseHandler called, data: {"type":"delta","content":"第一天","error":null,"message_id":"67c58e48-3c74-426d-98f8-dac32914bfaf","conversation_id":null,"itinerary":null,"stage":null} @ webpack-internal:///(app-pages-browser)/./lib/chat-transport.ts:115
[  189842ms] [LOG] [ChatTransport] onmessage triggered, has currentResponseHandler: true @ webpack-internal:///(app-pages-browser)/./lib/chat-transport.ts:37
[  189843ms] [LOG] [ChatTransport] responseHandler called, data: {"type":"delta","content":"：","error":null,"message_id":"67c58e48-3c74-426d-98f8-dac32914bfaf","conversation_id":null,"itinerary":null,"stage":null} @ webpack-internal:///(app-pages-browser)/./lib/chat-transport.ts:115
[  189843ms] [LOG] [ChatTransport] onmessage triggered, has currentResponseHandler: true @ webpack-internal:///(app-pages-browser)/./lib/chat-transport.ts:37
[  189843ms] [LOG] [ChatTransport] responseHandler called, data: {"type":"delta","content":"皇","error":null,"message_id":"67c58e48-3c74-426d-98f8-dac32914bfaf","conversation_id":null,"itinerary":null,"stage":null} @ webpack-internal:///(app-pages-browser)/./lib/chat-transport.ts:115
[  189906ms] [LOG] [ChatTransport] onmessage triggered, has currentResponseHandler: true @ webpack-internal:///(app-pages-browser)/./lib/chat-transport.ts:37
[  189906ms] [LOG] [ChatTransport] responseHandler called, data: {"type":"delta","content":"城","error":null,"message_id":"67c58e48-3c74-426d-98f8-dac32914bfaf","conversation_id":null,"itinerary":null,"stage":null} @ webpack-internal:///(app-pages-browser)/./lib/chat-transport.ts:115
[  189906ms] [LOG] [ChatTransport] onmessage triggered, has currentResponseHandler: true @ webpack-internal:///(app-pages-browser)/./lib/chat-transport.ts:37
[  189906ms] [LOG] [ChatTransport] responseHandler called, data: {"type":"delta","content":"根","error":null,"message_id":"67c58e48-3c74-426d-98f8-dac32914bfaf","conversation_id":null,"itinerary":null,"stage":null} @ webpack-internal:///(app-pages-browser)/./lib/chat-transport.ts:115
[  189962ms] [LOG] [ChatTransport] onmessage triggered, has currentResponseHandler: true @ webpack-internal:///(app-pages-browser)/./lib/chat-transport.ts:37
[  189962ms] [LOG] [ChatTransport] responseHandler called, data: {"type":"delta","content":"下的","error":null,"message_id":"67c58e48-3c74-426d-98f8-dac32914bfaf","conversation_id":null,"itinerary":null,"stage":null} @ webpack-internal:///(app-pages-browser)/./lib/chat-transport.ts:115
[  190025ms] [LOG] [ChatTransport] onmessage triggered, has currentResponseHandler: true @ webpack-internal:///(app-pages-browser)/./lib/chat-transport.ts:37
[  190025ms] [LOG] [ChatTransport] responseHandler called, data: {"type":"delta","content":"历史","error":null,"message_id":"67c58e48-3c74-426d-98f8-dac32914bfaf","conversation_id":null,"itinerary":null,"stage":null} @ webpack-internal:///(app-pages-browser)/./lib/chat-transport.ts:115
[  190037ms] [LOG] [ChatTransport] onmessage triggered, has currentResponseHandler: true @ webpack-internal:///(app-pages-browser)/./lib/chat-transport.ts:37
[  190038ms] [LOG] [ChatTransport] responseHandler called, data: {"type":"delta","content":"漫步","error":null,"message_id":"67c58e48-3c74-426d-98f8-dac32914bfaf","conversation_id":null,"itinerary":null,"stage":null} @ webpack-internal:///(app-pages-browser)/./lib/chat-transport.ts:115
[  190080ms] [LOG] [ChatTransport] onmessage triggered, has currentResponseHandler: true @ webpack-internal:///(app-pages-browser)/./lib/chat-transport.ts:37
[  190081ms] [LOG] [ChatTransport] responseHandler called, data: {"type":"delta","content":"**\n","error":null,"message_id":"67c58e48-3c74-426d-98f8-dac32914bfaf","conversation_id":null,"itinerary":null,"stage":null} @ webpack-internal:///(app-pages-browser)/./lib/chat-transport.ts:115
[  190150ms] [LOG] [ChatTransport] onmessage triggered, has currentResponseHandler: true @ webpack-internal:///(app-pages-browser)/./lib/chat-transport.ts:37
[  190150ms] [LOG] [ChatTransport] responseHandler called, data: {"type":"delta","content":"*","error":null,"message_id":"67c58e48-3c74-426d-98f8-dac32914bfaf","conversation_id":null,"itinerary":null,"stage":null} @ webpack-internal:///(app-pages-browser)/./lib/chat-transport.ts:115
[  190150ms] [LOG] [ChatTransport] onmessage triggered, has currentResponseHandler: true @ webpack-internal:///(app-pages-browser)/./lib/chat-transport.ts:37
[  190150ms] [LOG] [ChatTransport] responseHandler called, data: {"type":"delta","content":"  ","error":null,"message_id":"67c58e48-3c74-426d-98f8-dac32914bfaf","conversation_id":null,"itinerary":null,"stage":null} @ webpack-internal:///(app-pages-browser)/./lib/chat-transport.ts:115
[  190272ms] [LOG] [ChatTransport] onmessage triggered, has currentResponseHandler: true @ webpack-internal:///(app-pages-browser)/./lib/chat-transport.ts:37
[  190272ms] [LOG] [ChatTransport] responseHandler called, data: {"type":"delta","content":" **","error":null,"message_id":"67c58e48-3c74-426d-98f8-dac32914bfaf","conversation_id":null,"itinerary":null,"stage":null} @ webpack-internal:///(app-pages-browser)/./lib/chat-transport.ts:115
[  190284ms] [LOG] [ChatTransport] onmessage triggered, has currentResponseHandler: true @ webpack-internal:///(app-pages-browser)/./lib/chat-transport.ts:37
[  190284ms] [LOG] [ChatTransport] responseHandler called, data: {"type":"delta","content":"上午","error":null,"message_id":"67c58e48-3c74-426d-98f8-dac32914bfaf","conversation_id":null,"itinerary":null,"stage":null} @ webpack-internal:///(app-pages-browser)/./lib/chat-transport.ts:115
[  190297ms] [LOG] [ChatTransport] onmessage triggered, has currentResponseHandler: true @ webpack-internal:///(app-pages-browser)/./lib/chat-transport.ts:37
[  190297ms] [LOG] [ChatTransport] responseHandler called, data: {"type":"delta","content":"：","error":null,"message_id":"67c58e48-3c74-426d-98f8-dac32914bfaf","conversation_id":null,"itinerary":null,"stage":null} @ webpack-internal:///(app-pages-browser)/./lib/chat-transport.ts:115
[  190356ms] [LOG] [ChatTransport] onmessage triggered, has currentResponseHandler: true @ webpack-internal:///(app-pages-browser)/./lib/chat-transport.ts:37
[  190357ms] [LOG] [ChatTransport] responseHandler called, data: {"type":"delta","content":"天","error":null,"message_id":"67c58e48-3c74-426d-98f8-dac32914bfaf","conversation_id":null,"itinerary":null,"stage":null} @ webpack-internal:///(app-pages-browser)/./lib/chat-transport.ts:115
[  190399ms] [LOG] [ChatTransport] onmessage triggered, has currentResponseHandler: true @ webpack-internal:///(app-pages-browser)/./lib/chat-transport.ts:37
[  190400ms] [LOG] [ChatTransport] responseHandler called, data: {"type":"delta","content":"安门","error":null,"message_id":"67c58e48-3c74-426d-98f8-dac32914bfaf","conversation_id":null,"itinerary":null,"stage":null} @ webpack-internal:///(app-pages-browser)/./lib/chat-transport.ts:115
[  190400ms] [LOG] [ChatTransport] onmessage triggered, has currentResponseHandler: true @ webpack-internal:///(app-pages-browser)/./lib/chat-transport.ts:37
[  190400ms] [LOG] [ChatTransport] responseHandler called, data: {"type":"delta","content":"广场","error":null,"message_id":"67c58e48-3c74-426d-98f8-dac32914bfaf","conversation_id":null,"itinerary":null,"stage":null} @ webpack-internal:///(app-pages-browser)/./lib/chat-transport.ts:115
[  190459ms] [LOG] [ChatTransport] onmessage triggered, has currentResponseHandler: true @ webpack-internal:///(app-pages-browser)/./lib/chat-transport.ts:37
[  190459ms] [LOG] [ChatTransport] responseHandler called, data: {"type":"delta","content":" &","error":null,"message_id":"67c58e48-3c74-426d-98f8-dac32914bfaf","conversation_id":null,"itinerary":null,"stage":null} @ webpack-internal:///(app-pages-browser)/./lib/chat-transport.ts:115
[  190477ms] [LOG] [ChatTransport] onmessage triggered, has currentResponseHandler: true @ webpack-internal:///(app-pages-browser)/./lib/chat-transport.ts:37
[  190477ms] [LOG] [ChatTransport] responseHandler called, data: {"type":"delta","content":" ","error":null,"message_id":"67c58e48-3c74-426d-98f8-dac32914bfaf","conversation_id":null,"itinerary":null,"stage":null} @ webpack-internal:///(app-pages-browser)/./lib/chat-transport.ts:115
[  190636ms] [LOG] [ChatTransport] onmessage triggered, has currentResponseHandler: true @ webpack-internal:///(app-pages-browser)/./lib/chat-transport.ts:37
[  190636ms] [LOG] [ChatTransport] responseHandler called, data: {"type":"delta","content":"故宫","error":null,"message_id":"67c58e48-3c74-426d-98f8-dac32914bfaf","conversation_id":null,"itinerary":null,"stage":null} @ webpack-internal:///(app-pages-browser)/./lib/chat-transport.ts:115
[  190636ms] [LOG] [ChatTransport] onmessage triggered, has currentResponseHandler: true @ webpack-internal:///(app-pages-browser)/./lib/chat-transport.ts:37
[  190636ms] [LOG] [ChatTransport] responseHandler called, data: {"type":"delta","content":"博物院","error":null,"message_id":"67c58e48-3c74-426d-98f8-dac32914bfaf","conversation_id":null,"itinerary":null,"stage":null} @ webpack-internal:///(app-pages-browser)/./lib/chat-transport.ts:115
[  190652ms] [LOG] [ChatTransport] onmessage triggered, has currentResponseHandler: true @ webpack-internal:///(app-pages-browser)/./lib/chat-transport.ts:37
[  190652ms] [LOG] [ChatTransport] responseHandler called, data: {"type":"delta","content":"**\n","error":null,"message_id":"67c58e48-3c74-426d-98f8-dac32914bfaf","conversation_id":null,"itinerary":null,"stage":null} @ webpack-internal:///(app-pages-browser)/./lib/chat-transport.ts:115
[  190665ms] [LOG] [ChatTransport] onmessage triggered, has currentResponseHandler: true @ webpack-internal:///(app-pages-browser)/./lib/chat-transport.ts:37
[  190665ms] [LOG] [ChatTransport] responseHandler called, data: {"type":"delta","content":"   ","error":null,"message_id":"67c58e48-3c74-426d-98f8-dac32914bfaf","conversation_id":null,"itinerary":null,"stage":null} @ webpack-internal:///(app-pages-browser)/./lib/chat-transport.ts:115
[  190687ms] [LOG] [ChatTransport] onmessage triggered, has currentResponseHandler: true @ webpack-internal:///(app-pages-browser)/./lib/chat-transport.ts:37
[  190688ms] [LOG] [ChatTransport] responseHandler called, data: {"type":"delta","content":" *","error":null,"message_id":"67c58e48-3c74-426d-98f8-dac32914bfaf","conversation_id":null,"itinerary":null,"stage":null} @ webpack-internal:///(app-pages-browser)/./lib/chat-transport.ts:115
[  190688ms] [LOG] [ChatTransport] onmessage triggered, has currentResponseHandler: true @ webpack-internal:///(app-pages-browser)/./lib/chat-transport.ts:37
[  190688ms] [LOG] [ChatTransport] responseHandler called, data: {"type":"delta","content":"  ","error":null,"message_id":"67c58e48-3c74-426d-98f8-dac32914bfaf","conversation_id":null,"itinerary":null,"stage":null} @ webpack-internal:///(app-pages-browser)/./lib/chat-transport.ts:115
[  190712ms] [LOG] [ChatTransport] onmessage triggered, has currentResponseHandler: true @ webpack-internal:///(app-pages-browser)/./lib/chat-transport.ts:37
[  190712ms] [LOG] [ChatTransport] responseHandler called, data: {"type":"delta","content":" **","error":null,"message_id":"67c58e48-3c74-426d-98f8-dac32914bfaf","conversation_id":null,"itinerary":null,"stage":null} @ webpack-internal:///(app-pages-browser)/./lib/chat-transport.ts:115
[  190723ms] [LOG] [ChatTransport] onmessage triggered, has currentResponseHandler: true @ webpack-internal:///(app-pages-browser)/./lib/chat-transport.ts:37
[  190723ms] [LOG] [ChatTransport] responseHandler called, data: {"type":"delta","content":"活动","error":null,"message_id":"67c58e48-3c74-426d-98f8-dac32914bfaf","conversation_id":null,"itinerary":null,"stage":null} @ webpack-internal:///(app-pages-browser)/./lib/chat-transport.ts:115
[  190780ms] [LOG] [ChatTransport] onmessage triggered, has currentResponseHandler: true @ webpack-internal:///(app-pages-browser)/./lib/chat-transport.ts:37
[  190780ms] [LOG] [ChatTransport] responseHandler called, data: {"type":"delta","content":"：","error":null,"message_id":"67c58e48-3c74-426d-98f8-dac32914bfaf","conversation_id":null,"itinerary":null,"stage":null} @ webpack-internal:///(app-pages-browser)/./lib/chat-transport.ts:115
[  190799ms] [LOG] [ChatTransport] onmessage triggered, has currentResponseHandler: true @ webpack-internal:///(app-pages-browser)/./lib/chat-transport.ts:37
[  190799ms] [LOG] [ChatTransport] responseHandler called, data: {"type":"delta","content":"**","error":null,"message_id":"67c58e48-3c74-426d-98f8-dac32914bfaf","conversation_id":null,"itinerary":null,"stage":null} @ webpack-internal:///(app-pages-browser)/./lib/chat-transport.ts:115
[  190831ms] [LOG] [ChatTransport] onmessage triggered, has currentResponseHandler: true @ webpack-internal:///(app-pages-browser)/./lib/chat-transport.ts:37
[  190831ms] [LOG] [ChatTransport] responseHandler called, data: {"type":"delta","content":" ","error":null,"message_id":"67c58e48-3c74-426d-98f8-dac32914bfaf","conversation_id":null,"itinerary":null,"stage":null} @ webpack-internal:///(app-pages-browser)/./lib/chat-transport.ts:115
[  190841ms] [LOG] [ChatTransport] onmessage triggered, has currentResponseHandler: true @ webpack-internal:///(app-pages-browser)/./lib/chat-transport.ts:37
[  190842ms] [LOG] [ChatTransport] responseHandler called, data: {"type":"delta","content":"参观","error":null,"message_id":"67c58e48-3c74-426d-98f8-dac32914bfaf","conversation_id":null,"itinerary":null,"stage":null} @ webpack-internal:///(app-pages-browser)/./lib/chat-transport.ts:115
[  190892ms] [LOG] [ChatTransport] onmessage triggered, has currentResponseHandler: true @ webpack-internal:///(app-pages-browser)/./lib/chat-transport.ts:37
[  190893ms] [LOG] [ChatTransport] responseHandler called, data: {"type":"delta","content":"世界上","error":null,"message_id":"67c58e48-3c74-426d-98f8-dac32914bfaf","conversation_id":null,"itinerary":null,"stage":null} @ webpack-internal:///(app-pages-browser)/./lib/chat-transport.ts:115
[  191105ms] [LOG] [ChatTransport] onmessage triggered, has currentResponseHandler: true @ webpack-internal:///(app-pages-browser)/./lib/chat-transport.ts:37
[  191106ms] [LOG] [ChatTransport] responseHandler called, data: {"type":"delta","content":"最大的","error":null,"message_id":"67c58e48-3c74-426d-98f8-dac32914bfaf","conversation_id":null,"itinerary":null,"stage":null} @ webpack-internal:///(app-pages-browser)/./lib/chat-transport.ts:115
[  191124ms] [LOG] [ChatTransport] onmessage triggered, has currentResponseHandler: true @ webpack-internal:///(app-pages-browser)/./lib/chat-transport.ts:37
[  191124ms] [LOG] [ChatTransport] responseHandler called, data: {"type":"delta","content":"城市","error":null,"message_id":"67c58e48-3c74-426d-98f8-dac32914bfaf","conversation_id":null,"itinerary":null,"stage":null} @ webpack-internal:///(app-pages-browser)/./lib/chat-transport.ts:115
[  191124ms] [LOG] [ChatTransport] onmessage triggered, has currentResponseHandler: true @ webpack-internal:///(app-pages-browser)/./lib/chat-transport.ts:37
[  191124ms] [LOG] [ChatTransport] responseHandler called, data: {"type":"delta","content":"广场","error":null,"message_id":"67c58e48-3c74-426d-98f8-dac32914bfaf","conversation_id":null,"itinerary":null,"stage":null} @ webpack-internal:///(app-pages-browser)/./lib/chat-transport.ts:115
[  191151ms] [LOG] [ChatTransport] onmessage triggered, has currentResponseHandler: true @ webpack-internal:///(app-pages-browser)/./lib/chat-transport.ts:37
[  191151ms] [LOG] [ChatTransport] responseHandler called, data: {"type":"delta","content":"——","error":null,"message_id":"67c58e48-3c74-426d-98f8-dac32914bfaf","conversation_id":null,"itinerary":null,"stage":null} @ webpack-internal:///(app-pages-browser)/./lib/chat-transport.ts:115
[  191151ms] [LOG] [ChatTransport] onmessage triggered, has currentResponseHandler: true @ webpack-internal:///(app-pages-browser)/./lib/chat-transport.ts:37
[  191151ms] [LOG] [ChatTransport] responseHandler called, data: {"type":"delta","content":"天","error":null,"message_id":"67c58e48-3c74-426d-98f8-dac32914bfaf","conversation_id":null,"itinerary":null,"stage":null} @ webpack-internal:///(app-pages-browser)/./lib/chat-transport.ts:115
[  191152ms] [LOG] [ChatTransport] onmessage triggered, has currentResponseHandler: true @ webpack-internal:///(app-pages-browser)/./lib/chat-transport.ts:37
[  191152ms] [LOG] [ChatTransport] responseHandler called, data: {"type":"delta","content":"安门","error":null,"message_id":"67c58e48-3c74-426d-98f8-dac32914bfaf","conversation_id":null,"itinerary":null,"stage":null} @ webpack-internal:///(app-pages-browser)/./lib/chat-transport.ts:115
[  191181ms] [LOG] [ChatTransport] onmessage triggered, has currentResponseHandler: true @ webpack-internal:///(app-pages-browser)/./lib/chat-transport.ts:37
[  191182ms] [LOG] [ChatTransport] responseHandler called, data: {"type":"delta","content":"广场","error":null,"message_id":"67c58e48-3c74-426d-98f8-dac32914bfaf","conversation_id":null,"itinerary":null,"stage":null} @ webpack-internal:///(app-pages-browser)/./lib/chat-transport.ts:115
[  191182ms] [LOG] [ChatTransport] onmessage triggered, has currentResponseHandler: true @ webpack-internal:///(app-pages-browser)/./lib/chat-transport.ts:37
[  191183ms] [LOG] [ChatTransport] responseHandler called, data: {"type":"delta","content":"，","error":null,"message_id":"67c58e48-3c74-426d-98f8-dac32914bfaf","conversation_id":null,"itinerary":null,"stage":null} @ webpack-internal:///(app-pages-browser)/./lib/chat-transport.ts:115
[  191206ms] [LOG] [ChatTransport] onmessage triggered, has currentResponseHandler: true @ webpack-internal:///(app-pages-browser)/./lib/chat-transport.ts:37
[  191206ms] [LOG] [ChatTransport] responseHandler called, data: {"type":"delta","content":"随后","error":null,"message_id":"67c58e48-3c74-426d-98f8-dac32914bfaf","conversation_id":null,"itinerary":null,"stage":null} @ webpack-internal:///(app-pages-browser)/./lib/chat-transport.ts:115
[  191255ms] [LOG] [ChatTransport] onmessage triggered, has currentResponseHandler: true @ webpack-internal:///(app-pages-browser)/./lib/chat-transport.ts:37
[  191256ms] [LOG] [ChatTransport] responseHandler called, data: {"type":"delta","content":"从","error":null,"message_id":"67c58e48-3c74-426d-98f8-dac32914bfaf","conversation_id":null,"itinerary":null,"stage":null} @ webpack-internal:///(app-pages-browser)/./lib/chat-transport.ts:115
[  191316ms] [LOG] [ChatTransport] onmessage triggered, has currentResponseHandler: true @ webpack-internal:///(app-pages-browser)/./lib/chat-transport.ts:37
[  191316ms] [LOG] [ChatTransport] responseHandler called, data: {"type":"delta","content":"午","error":null,"message_id":"67c58e48-3c74-426d-98f8-dac32914bfaf","conversation_id":null,"itinerary":null,"stage":null} @ webpack-internal:///(app-pages-browser)/./lib/chat-transport.ts:115
[  191337ms] [LOG] [ChatTransport] onmessage triggered, has currentResponseHandler: true @ webpack-internal:///(app-pages-browser)/./lib/chat-transport.ts:37
[  191337ms] [LOG] [ChatTransport] responseHandler called, data: {"type":"delta","content":"门","error":null,"message_id":"67c58e48-3c74-426d-98f8-dac32914bfaf","conversation_id":null,"itinerary":null,"stage":null} @ webpack-internal:///(app-pages-browser)/./lib/chat-transport.ts:115
[  191389ms] [LOG] [ChatTransport] onmessage triggered, has currentResponseHandler: true @ webpack-internal:///(app-pages-browser)/./lib/chat-transport.ts:37
[  191389ms] [LOG] [ChatTransport] responseHandler called, data: {"type":"delta","content":"进入","error":null,"message_id":"67c58e48-3c74-426d-98f8-dac32914bfaf","conversation_id":null,"itinerary":null,"stage":null} @ webpack-internal:///(app-pages-browser)/./lib/chat-transport.ts:115
[  191390ms] [LOG] [ChatTransport] onmessage triggered, has currentResponseHandler: true @ webpack-internal:///(app-pages-browser)/./lib/chat-transport.ts:37
[  191390ms] [LOG] [ChatTransport] responseHandler called, data: {"type":"delta","content":"故宫","error":null,"message_id":"67c58e48-3c74-426d-98f8-dac32914bfaf","conversation_id":null,"itinerary":null,"stage":null} @ webpack-internal:///(app-pages-browser)/./lib/chat-transport.ts:115
[  191441ms] [LOG] [ChatTransport] onmessage triggered, has currentResponseHandler: true @ webpack-internal:///(app-pages-browser)/./lib/chat-transport.ts:37
[  191441ms] [LOG] [ChatTransport] responseHandler called, data: {"type":"delta","content":"（","error":null,"message_id":"67c58e48-3c74-426d-98f8-dac32914bfaf","conversation_id":null,"itinerary":null,"stage":null} @ webpack-internal:///(app-pages-browser)/./lib/chat-transport.ts:115
[  191511ms] [LOG] [ChatTransport] onmessage triggered, has currentResponseHandler: true @ webpack-internal:///(app-pages-browser)/./lib/chat-transport.ts:37
[  191512ms] [LOG] [ChatTransport] responseHandler called, data: {"type":"delta","content":"建议","error":null,"message_id":"67c58e48-3c74-426d-98f8-dac32914bfaf","conversation_id":null,"itinerary":null,"stage":null} @ webpack-internal:///(app-pages-browser)/./lib/chat-transport.ts:115
[  191579ms] [LOG] [ChatTransport] onmessage triggered, has currentResponseHandler: true @ webpack-internal:///(app-pages-browser)/./lib/chat-transport.ts:37
[  191579ms] [LOG] [ChatTransport] responseHandler called, data: {"type":"delta","content":"提前","error":null,"message_id":"67c58e48-3c74-426d-98f8-dac32914bfaf","conversation_id":null,"itinerary":null,"stage":null} @ webpack-internal:///(app-pages-browser)/./lib/chat-transport.ts:115
[  191579ms] [LOG] [ChatTransport] onmessage triggered, has currentResponseHandler: true @ webpack-internal:///(app-pages-browser)/./lib/chat-transport.ts:37
[  191579ms] [LOG] [ChatTransport] responseHandler called, data: {"type":"delta","content":"在网上","error":null,"message_id":"67c58e48-3c74-426d-98f8-dac32914bfaf","conversation_id":null,"itinerary":null,"stage":null} @ webpack-internal:///(app-pages-browser)/./lib/chat-transport.ts:115
[  191652ms] [LOG] [ChatTransport] onmessage triggered, has currentResponseHandler: true @ webpack-internal:///(app-pages-browser)/./lib/chat-transport.ts:37
[  191652ms] [LOG] [ChatTransport] responseHandler called, data: {"type":"delta","content":"预约","error":null,"message_id":"67c58e48-3c74-426d-98f8-dac32914bfaf","conversation_id":null,"itinerary":null,"stage":null} @ webpack-internal:///(app-pages-browser)/./lib/chat-transport.ts:115
[  191673ms] [LOG] [ChatTransport] onmessage triggered, has currentResponseHandler: true @ webpack-internal:///(app-pages-browser)/./lib/chat-transport.ts:37
[  191673ms] [LOG] [ChatTransport] responseHandler called, data: {"type":"delta","content":"门票","error":null,"message_id":"67c58e48-3c74-426d-98f8-dac32914bfaf","conversation_id":null,"itinerary":null,"stage":null} @ webpack-internal:///(app-pages-browser)/./lib/chat-transport.ts:115
[  191706ms] [LOG] [ChatTransport] onmessage triggered, has currentResponseHandler: true @ webpack-internal:///(app-pages-browser)/./lib/chat-transport.ts:37
[  191706ms] [LOG] [ChatTransport] responseHandler called, data: {"type":"delta","content":"）。","error":null,"message_id":"67c58e48-3c74-426d-98f8-dac32914bfaf","conversation_id":null,"itinerary":null,"stage":null} @ webpack-internal:///(app-pages-browser)/./lib/chat-transport.ts:115
[  191706ms] [LOG] [ChatTransport] onmessage triggered, has currentResponseHandler: true @ webpack-internal:///(app-pages-browser)/./lib/chat-transport.ts:37
[  191706ms] [LOG] [ChatTransport] responseHandler called, data: {"type":"delta","content":"沿着","error":null,"message_id":"67c58e48-3c74-426d-98f8-dac32914bfaf","conversation_id":null,"itinerary":null,"stage":null} @ webpack-internal:///(app-pages-browser)/./lib/chat-transport.ts:115
[  191866ms] [LOG] [ChatTransport] onmessage triggered, has currentResponseHandler: true @ webpack-internal:///(app-pages-browser)/./lib/chat-transport.ts:37
[  191866ms] [LOG] [ChatTransport] responseHandler called, data: {"type":"delta","content":"中","error":null,"message_id":"67c58e48-3c74-426d-98f8-dac32914bfaf","conversation_id":null,"itinerary":null,"stage":null} @ webpack-internal:///(app-pages-browser)/./lib/chat-transport.ts:115
[  191888ms] [LOG] [ChatTransport] onmessage triggered, has currentResponseHandler: true @ webpack-internal:///(app-pages-browser)/./lib/chat-transport.ts:37
[  191889ms] [LOG] [ChatTransport] responseHandler called, data: {"type":"delta","content":"轴线","error":null,"message_id":"67c58e48-3c74-426d-98f8-dac32914bfaf","conversation_id":null,"itinerary":null,"stage":null} @ webpack-internal:///(app-pages-browser)/./lib/chat-transport.ts:115
[  191889ms] [LOG] [ChatTransport] onmessage triggered, has currentResponseHandler: true @ webpack-internal:///(app-pages-browser)/./lib/chat-transport.ts:37
[  191889ms] [LOG] [ChatTransport] responseHandler called, data: {"type":"delta","content":"游览","error":null,"message_id":"67c58e48-3c74-426d-98f8-dac32914bfaf","conversation_id":null,"itinerary":null,"stage":null} @ webpack-internal:///(app-pages-browser)/./lib/chat-transport.ts:115
[  191889ms] [LOG] [ChatTransport] onmessage triggered, has currentResponseHandler: true @ webpack-internal:///(app-pages-browser)/./lib/chat-transport.ts:37
[  191890ms] [LOG] [ChatTransport] responseHandler called, data: {"type":"delta","content":"太","error":null,"message_id":"67c58e48-3c74-426d-98f8-dac32914bfaf","conversation_id":null,"itinerary":null,"stage":null} @ webpack-internal:///(app-pages-browser)/./lib/chat-transport.ts:115
[  191914ms] [LOG] [ChatTransport] onmessage triggered, has currentResponseHandler: true @ webpack-internal:///(app-pages-browser)/./lib/chat-transport.ts:37
[  191914ms] [LOG] [ChatTransport] responseHandler called, data: {"type":"delta","content":"和","error":null,"message_id":"67c58e48-3c74-426d-98f8-dac32914bfaf","conversation_id":null,"itinerary":null,"stage":null} @ webpack-internal:///(app-pages-browser)/./lib/chat-transport.ts:115
[  191932ms] [LOG] [ChatTransport] onmessage triggered, has currentResponseHandler: true @ webpack-internal:///(app-pages-browser)/./lib/chat-transport.ts:37
[  191932ms] [LOG] [ChatTransport] responseHandler called, data: {"type":"delta","content":"殿","error":null,"message_id":"67c58e48-3c74-426d-98f8-dac32914bfaf","conversation_id":null,"itinerary":null,"stage":null} @ webpack-internal:///(app-pages-browser)/./lib/chat-transport.ts:115
[  191961ms] [LOG] [ChatTransport] onmessage triggered, has currentResponseHandler: true @ webpack-internal:///(app-pages-browser)/./lib/chat-transport.ts:37
[  191961ms] [LOG] [ChatTransport] responseHandler called, data: {"type":"delta","content":"、","error":null,"message_id":"67c58e48-3c74-426d-98f8-dac32914bfaf","conversation_id":null,"itinerary":null,"stage":null} @ webpack-internal:///(app-pages-browser)/./lib/chat-transport.ts:115
[  191975ms] [LOG] [ChatTransport] onmessage triggered, has currentResponseHandler: true @ webpack-internal:///(app-pages-browser)/./lib/chat-transport.ts:37
[  191975ms] [LOG] [ChatTransport] responseHandler called, data: {"type":"delta","content":"乾","error":null,"message_id":"67c58e48-3c74-426d-98f8-dac32914bfaf","conversation_id":null,"itinerary":null,"stage":null} @ webpack-internal:///(app-pages-browser)/./lib/chat-transport.ts:115
[  192024ms] [LOG] [ChatTransport] onmessage triggered, has currentResponseHandler: true @ webpack-internal:///(app-pages-browser)/./lib/chat-transport.ts:37
[  192025ms] [LOG] [ChatTransport] responseHandler called, data: {"type":"delta","content":"清","error":null,"message_id":"67c58e48-3c74-426d-98f8-dac32914bfaf","conversation_id":null,"itinerary":null,"stage":null} @ webpack-internal:///(app-pages-browser)/./lib/chat-transport.ts:115
[  192049ms] [LOG] [ChatTransport] onmessage triggered, has currentResponseHandler: true @ webpack-internal:///(app-pages-browser)/./lib/chat-transport.ts:37
[  192050ms] [LOG] [ChatTransport] responseHandler called, data: {"type":"delta","content":"宫","error":null,"message_id":"67c58e48-3c74-426d-98f8-dac32914bfaf","conversation_id":null,"itinerary":null,"stage":null} @ webpack-internal:///(app-pages-browser)/./lib/chat-transport.ts:115
[  192094ms] [LOG] [ChatTransport] onmessage triggered, has currentResponseHandler: true @ webpack-internal:///(app-pages-browser)/./lib/chat-transport.ts:37
[  192095ms] [LOG] [ChatTransport] responseHandler called, data: {"type":"delta","content":"、","error":null,"message_id":"67c58e48-3c74-426d-98f8-dac32914bfaf","conversation_id":null,"itinerary":null,"stage":null} @ webpack-internal:///(app-pages-browser)/./lib/chat-transport.ts:115
[  192119ms] [LOG] [ChatTransport] onmessage triggered, has currentResponseHandler: true @ webpack-internal:///(app-pages-browser)/./lib/chat-transport.ts:37
[  192120ms] [LOG] [ChatTransport] responseHandler called, data: {"type":"delta","content":"御","error":null,"message_id":"67c58e48-3c74-426d-98f8-dac32914bfaf","conversation_id":null,"itinerary":null,"stage":null} @ webpack-internal:///(app-pages-browser)/./lib/chat-transport.ts:115
[  192163ms] [LOG] [ChatTransport] onmessage triggered, has currentResponseHandler: true @ webpack-internal:///(app-pages-browser)/./lib/chat-transport.ts:37
[  192164ms] [LOG] [ChatTransport] responseHandler called, data: {"type":"delta","content":"花园","error":null,"message_id":"67c58e48-3c74-426d-98f8-dac32914bfaf","conversation_id":null,"itinerary":null,"stage":null} @ webpack-internal:///(app-pages-browser)/./lib/chat-transport.ts:115
[  192189ms] [LOG] [ChatTransport] onmessage triggered, has currentResponseHandler: true @ webpack-internal:///(app-pages-browser)/./lib/chat-transport.ts:37
[  192189ms] [LOG] [ChatTransport] responseHandler called, data: {"type":"delta","content":"等","error":null,"message_id":"67c58e48-3c74-426d-98f8-dac32914bfaf","conversation_id":null,"itinerary":null,"stage":null} @ webpack-internal:///(app-pages-browser)/./lib/chat-transport.ts:115
[  192223ms] [LOG] [ChatTransport] onmessage triggered, has currentResponseHandler: true @ webpack-internal:///(app-pages-browser)/./lib/chat-transport.ts:37
[  192223ms] [LOG] [ChatTransport] responseHandler called, data: {"type":"delta","content":"，","error":null,"message_id":"67c58e48-3c74-426d-98f8-dac32914bfaf","conversation_id":null,"itinerary":null,"stage":null} @ webpack-internal:///(app-pages-browser)/./lib/chat-transport.ts:115
[  192286ms] [LOG] [ChatTransport] onmessage triggered, has currentResponseHandler: true @ webpack-internal:///(app-pages-browser)/./lib/chat-transport.ts:37
[  192286ms] [LOG] [ChatTransport] responseHandler called, data: {"type":"delta","content":"感受","error":null,"message_id":"67c58e48-3c74-426d-98f8-dac32914bfaf","conversation_id":null,"itinerary":null,"stage":null} @ webpack-internal:///(app-pages-browser)/./lib/chat-transport.ts:115
[  192302ms] [LOG] [ChatTransport] onmessage triggered, has currentResponseHandler: true @ webpack-internal:///(app-pages-browser)/./lib/chat-transport.ts:37
[  192302ms] [LOG] [ChatTransport] responseHandler called, data: {"type":"delta","content":"明清","error":null,"message_id":"67c58e48-3c74-426d-98f8-dac32914bfaf","conversation_id":null,"itinerary":null,"stage":null} @ webpack-internal:///(app-pages-browser)/./lib/chat-transport.ts:115
[  192346ms] [LOG] [ChatTransport] onmessage triggered, has currentResponseHandler: true @ webpack-internal:///(app-pages-browser)/./lib/chat-transport.ts:37
[  192346ms] [LOG] [ChatTransport] responseHandler called, data: {"type":"delta","content":"两","error":null,"message_id":"67c58e48-3c74-426d-98f8-dac32914bfaf","conversation_id":null,"itinerary":null,"stage":null} @ webpack-internal:///(app-pages-browser)/./lib/chat-transport.ts:115
[  192407ms] [LOG] [ChatTransport] onmessage triggered, has currentResponseHandler: true @ webpack-internal:///(app-pages-browser)/./lib/chat-transport.ts:37
[  192407ms] [LOG] [ChatTransport] responseHandler called, data: {"type":"delta","content":"代的","error":null,"message_id":"67c58e48-3c74-426d-98f8-dac32914bfaf","conversation_id":null,"itinerary":null,"stage":null} @ webpack-internal:///(app-pages-browser)/./lib/chat-transport.ts:115
[  192471ms] [LOG] [ChatTransport] onmessage triggered, has currentResponseHandler: true @ webpack-internal:///(app-pages-browser)/./lib/chat-transport.ts:37
[  192472ms] [LOG] [ChatTransport] responseHandler called, data: {"type":"delta","content":"皇家","error":null,"message_id":"67c58e48-3c74-426d-98f8-dac32914bfaf","conversation_id":null,"itinerary":null,"stage":null} @ webpack-internal:///(app-pages-browser)/./lib/chat-transport.ts:115
[  192493ms] [LOG] [ChatTransport] onmessage triggered, has currentResponseHandler: true @ webpack-internal:///(app-pages-browser)/./lib/chat-transport.ts:37
[  192494ms] [LOG] [ChatTransport] responseHandler called, data: {"type":"delta","content":"气","error":null,"message_id":"67c58e48-3c74-426d-98f8-dac32914bfaf","conversation_id":null,"itinerary":null,"stage":null} @ webpack-internal:///(app-pages-browser)/./lib/chat-transport.ts:115
[  192537ms] [LOG] [ChatTransport] onmessage triggered, has currentResponseHandler: true @ webpack-internal:///(app-pages-browser)/./lib/chat-transport.ts:37
[  192538ms] [LOG] [ChatTransport] responseHandler called, data: {"type":"delta","content":"派","error":null,"message_id":"67c58e48-3c74-426d-98f8-dac32914bfaf","conversation_id":null,"itinerary":null,"stage":null} @ webpack-internal:///(app-pages-browser)/./lib/chat-transport.ts:115
[  192557ms] [LOG] [ChatTransport] onmessage triggered, has currentResponseHandler: true @ webpack-internal:///(app-pages-browser)/./lib/chat-transport.ts:37
[  192557ms] [LOG] [ChatTransport] responseHandler called, data: {"type":"delta","content":"。\n","error":null,"message_id":"67c58e48-3c74-426d-98f8-dac32914bfaf","conversation_id":null,"itinerary":null,"stage":null} @ webpack-internal:///(app-pages-browser)/./lib/chat-transport.ts:115
[  192595ms] [LOG] [ChatTransport] onmessage triggered, has currentResponseHandler: true @ webpack-internal:///(app-pages-browser)/./lib/chat-transport.ts:37
[  192595ms] [LOG] [ChatTransport] responseHandler called, data: {"type":"delta","content":"   ","error":null,"message_id":"67c58e48-3c74-426d-98f8-dac32914bfaf","conversation_id":null,"itinerary":null,"stage":null} @ webpack-internal:///(app-pages-browser)/./lib/chat-transport.ts:115
[  192595ms] [LOG] [ChatTransport] onmessage triggered, has currentResponseHandler: true @ webpack-internal:///(app-pages-browser)/./lib/chat-transport.ts:37
[  192595ms] [LOG] [ChatTransport] responseHandler called, data: {"type":"delta","content":" *","error":null,"message_id":"67c58e48-3c74-426d-98f8-dac32914bfaf","conversation_id":null,"itinerary":null,"stage":null} @ webpack-internal:///(app-pages-browser)/./lib/chat-transport.ts:115
[  192652ms] [LOG] [ChatTransport] onmessage triggered, has currentResponseHandler: true @ webpack-internal:///(app-pages-browser)/./lib/chat-transport.ts:37
[  192652ms] [LOG] [ChatTransport] responseHandler called, data: {"type":"delta","content":"  ","error":null,"message_id":"67c58e48-3c74-426d-98f8-dac32914bfaf","conversation_id":null,"itinerary":null,"stage":null} @ webpack-internal:///(app-pages-browser)/./lib/chat-transport.ts:115
[  192678ms] [LOG] [ChatTransport] onmessage triggered, has currentResponseHandler: true @ webpack-internal:///(app-pages-browser)/./lib/chat-transport.ts:37
[  192679ms] [LOG] [ChatTransport] responseHandler called, data: {"type":"delta","content":" **","error":null,"message_id":"67c58e48-3c74-426d-98f8-dac32914bfaf","conversation_id":null,"itinerary":null,"stage":null} @ webpack-internal:///(app-pages-browser)/./lib/chat-transport.ts:115
[  192816ms] [LOG] [ChatTransport] onmessage triggered, has currentResponseHandler: true @ webpack-internal:///(app-pages-browser)/./lib/chat-transport.ts:37
[  192816ms] [LOG] [ChatTransport] responseHandler called, data: {"type":"delta","content":"贴","error":null,"message_id":"67c58e48-3c74-426d-98f8-dac32914bfaf","conversation_id":null,"itinerary":null,"stage":null} @ webpack-internal:///(app-pages-browser)/./lib/chat-transport.ts:115
[  192831ms] [LOG] [ChatTransport] onmessage triggered, has currentResponseHandler: true @ webpack-internal:///(app-pages-browser)/./lib/chat-transport.ts:37
[  192831ms] [LOG] [ChatTransport] responseHandler called, data: {"type":"delta","content":"士","error":null,"message_id":"67c58e48-3c74-426d-98f8-dac32914bfaf","conversation_id":null,"itinerary":null,"stage":null} @ webpack-internal:///(app-pages-browser)/./lib/chat-transport.ts:115
[  192832ms] [LOG] [ChatTransport] onmessage triggered, has currentResponseHandler: true @ webpack-internal:///(app-pages-browser)/./lib/chat-transport.ts:37
[  192832ms] [LOG] [ChatTransport] responseHandler called, data: {"type":"delta","content":"：","error":null,"message_id":"67c58e48-3c74-426d-98f8-dac32914bfaf","conversation_id":null,"itinerary":null,"stage":null} @ webpack-internal:///(app-pages-browser)/./lib/chat-transport.ts:115
[  192853ms] [LOG] [ChatTransport] onmessage triggered, has currentResponseHandler: true @ webpack-internal:///(app-pages-browser)/./lib/chat-transport.ts:37
[  192853ms] [LOG] [ChatTransport] responseHandler called, data: {"type":"delta","content":"**","error":null,"message_id":"67c58e48-3c74-426d-98f8-dac32914bfaf","conversation_id":null,"itinerary":null,"stage":null} @ webpack-internal:///(app-pages-browser)/./lib/chat-transport.ts:115
[  192875ms] [LOG] [ChatTransport] onmessage triggered, has currentResponseHandler: true @ webpack-internal:///(app-pages-browser)/./lib/chat-transport.ts:37
[  192875ms] [LOG] [ChatTransport] responseHandler called, data: {"type":"delta","content":" ","error":null,"message_id":"67c58e48-3c74-426d-98f8-dac32914bfaf","conversation_id":null,"itinerary":null,"stage":null} @ webpack-internal:///(app-pages-browser)/./lib/chat-transport.ts:115
[  192944ms] [LOG] [ChatTransport] onmessage triggered, has currentResponseHandler: true @ webpack-internal:///(app-pages-browser)/./lib/chat-transport.ts:37
[  192944ms] [LOG] [ChatTransport] responseHandler called, data: {"type":"delta","content":"故宫","error":null,"message_id":"67c58e48-3c74-426d-98f8-dac32914bfaf","conversation_id":null,"itinerary":null,"stage":null} @ webpack-internal:///(app-pages-browser)/./lib/chat-transport.ts:115
[  192960ms] [LOG] [ChatTransport] onmessage triggered, has currentResponseHandler: true @ webpack-internal:///(app-pages-browser)/./lib/chat-transport.ts:37
[  192960ms] [LOG] [ChatTransport] responseHandler called, data: {"type":"delta","content":"面积","error":null,"message_id":"67c58e48-3c74-426d-98f8-dac32914bfaf","conversation_id":null,"itinerary":null,"stage":null} @ webpack-internal:///(app-pages-browser)/./lib/chat-transport.ts:115
[  192980ms] [LOG] [ChatTransport] onmessage triggered, has currentResponseHandler: true @ webpack-internal:///(app-pages-browser)/./lib/chat-transport.ts:37
[  192980ms] [LOG] [ChatTransport] responseHandler called, data: {"type":"delta","content":"巨大","error":null,"message_id":"67c58e48-3c74-426d-98f8-dac32914bfaf","conversation_id":null,"itinerary":null,"stage":null} @ webpack-internal:///(app-pages-browser)/./lib/chat-transport.ts:115
[  193063ms] [LOG] [ChatTransport] onmessage triggered, has currentResponseHandler: true @ webpack-internal:///(app-pages-browser)/./lib/chat-transport.ts:37
[  193063ms] [LOG] [ChatTransport] responseHandler called, data: {"type":"delta","content":"，","error":null,"message_id":"67c58e48-3c74-426d-98f8-dac32914bfaf","conversation_id":null,"itinerary":null,"stage":null} @ webpack-internal:///(app-pages-browser)/./lib/chat-transport.ts:115
[  193063ms] [LOG] [ChatTransport] onmessage triggered, has currentResponseHandler: true @ webpack-internal:///(app-pages-browser)/./lib/chat-transport.ts:37
[  193063ms] [LOG] [ChatTransport] responseHandler called, data: {"type":"delta","content":"建议","error":null,"message_id":"67c58e48-3c74-426d-98f8-dac32914bfaf","conversation_id":null,"itinerary":null,"stage":null} @ webpack-internal:///(app-pages-browser)/./lib/chat-transport.ts:115
[  193083ms] [LOG] [ChatTransport] onmessage triggered, has currentResponseHandler: true @ webpack-internal:///(app-pages-browser)/./lib/chat-transport.ts:37
[  193083ms] [LOG] [ChatTransport] responseHandler called, data: {"type":"delta","content":"游览","error":null,"message_id":"67c58e48-3c74-426d-98f8-dac32914bfaf","conversation_id":null,"itinerary":null,"stage":null} @ webpack-internal:///(app-pages-browser)/./lib/chat-transport.ts:115
[  193147ms] [LOG] [ChatTransport] onmessage triggered, has currentResponseHandler: true @ webpack-internal:///(app-pages-browser)/./lib/chat-transport.ts:37
[  193148ms] [LOG] [ChatTransport] responseHandler called, data: {"type":"delta","content":"3","error":null,"message_id":"67c58e48-3c74-426d-98f8-dac32914bfaf","conversation_id":null,"itinerary":null,"stage":null} @ webpack-internal:///(app-pages-browser)/./lib/chat-transport.ts:115
[  193165ms] [LOG] [ChatTransport] onmessage triggered, has currentResponseHandler: true @ webpack-internal:///(app-pages-browser)/./lib/chat-transport.ts:37
[  193165ms] [LOG] [ChatTransport] responseHandler called, data: {"type":"delta","content":"-","error":null,"message_id":"67c58e48-3c74-426d-98f8-dac32914bfaf","conversation_id":null,"itinerary":null,"stage":null} @ webpack-internal:///(app-pages-browser)/./lib/chat-transport.ts:115
[  193220ms] [LOG] [ChatTransport] onmessage triggered, has currentResponseHandler: true @ webpack-internal:///(app-pages-browser)/./lib/chat-transport.ts:37
[  193224ms] [LOG] [ChatTransport] responseHandler called, data: {"type":"delta","content":"4","error":null,"message_id":"67c58e48-3c74-426d-98f8-dac32914bfaf","conversation_id":null,"itinerary":null,"stage":null} @ webpack-internal:///(app-pages-browser)/./lib/chat-transport.ts:115
[  193225ms] [LOG] [ChatTransport] onmessage triggered, has currentResponseHandler: true @ webpack-internal:///(app-pages-browser)/./lib/chat-transport.ts:37
[  193226ms] [LOG] [ChatTransport] responseHandler called, data: {"type":"delta","content":"小时","error":null,"message_id":"67c58e48-3c74-426d-98f8-dac32914bfaf","conversation_id":null,"itinerary":null,"stage":null} @ webpack-internal:///(app-pages-browser)/./lib/chat-transport.ts:115
[  193373ms] [LOG] [ChatTransport] onmessage triggered, has currentResponseHandler: true @ webpack-internal:///(app-pages-browser)/./lib/chat-transport.ts:37
[  193373ms] [LOG] [ChatTransport] responseHandler called, data: {"type":"delta","content":"，","error":null,"message_id":"67c58e48-3c74-426d-98f8-dac32914bfaf","conversation_id":null,"itinerary":null,"stage":null} @ webpack-internal:///(app-pages-browser)/./lib/chat-transport.ts:115
[  193391ms] [LOG] [ChatTransport] onmessage triggered, has currentResponseHandler: true @ webpack-internal:///(app-pages-browser)/./lib/chat-transport.ts:37
[  193391ms] [LOG] [ChatTransport] responseHandler called, data: {"type":"delta","content":"穿","error":null,"message_id":"67c58e48-3c74-426d-98f8-dac32914bfaf","conversation_id":null,"itinerary":null,"stage":null} @ webpack-internal:///(app-pages-browser)/./lib/chat-transport.ts:115
[  193405ms] [LOG] [ChatTransport] onmessage triggered, has currentResponseHandler: true @ webpack-internal:///(app-pages-browser)/./lib/chat-transport.ts:37
[  193405ms] [LOG] [ChatTransport] responseHandler called, data: {"type":"delta","content":"舒适的","error":null,"message_id":"67c58e48-3c74-426d-98f8-dac32914bfaf","conversation_id":null,"itinerary":null,"stage":null} @ webpack-internal:///(app-pages-browser)/./lib/chat-transport.ts:115
[  193418ms] [LOG] [ChatTransport] onmessage triggered, has currentResponseHandler: true @ webpack-internal:///(app-pages-browser)/./lib/chat-transport.ts:37
[  193418ms] [LOG] [ChatTransport] responseHandler called, data: {"type":"delta","content":"鞋子","error":null,"message_id":"67c58e48-3c74-426d-98f8-dac32914bfaf","conversation_id":null,"itinerary":null,"stage":null} @ webpack-internal:///(app-pages-browser)/./lib/chat-transport.ts:115
[  193419ms] [LOG] [ChatTransport] onmessage triggered, has currentResponseHandler: true @ webpack-internal:///(app-pages-browser)/./lib/chat-transport.ts:37
[  193419ms] [LOG] [ChatTransport] responseHandler called, data: {"type":"delta","content":"。","error":null,"message_id":"67c58e48-3c74-426d-98f8-dac32914bfaf","conversation_id":null,"itinerary":null,"stage":null} @ webpack-internal:///(app-pages-browser)/./lib/chat-transport.ts:115
[  193466ms] [LOG] [ChatTransport] onmessage triggered, has currentResponseHandler: true @ webpack-internal:///(app-pages-browser)/./lib/chat-transport.ts:37
[  193467ms] [LOG] [ChatTransport] responseHandler called, data: {"type":"delta","content":"上午","error":null,"message_id":"67c58e48-3c74-426d-98f8-dac32914bfaf","conversation_id":null,"itinerary":null,"stage":null} @ webpack-internal:///(app-pages-browser)/./lib/chat-transport.ts:115
[  193478ms] [LOG] [ChatTransport] onmessage triggered, has currentResponseHandler: true @ webpack-internal:///(app-pages-browser)/./lib/chat-transport.ts:37
[  193479ms] [LOG] [ChatTransport] responseHandler called, data: {"type":"delta","content":"可能有","error":null,"message_id":"67c58e48-3c74-426d-98f8-dac32914bfaf","conversation_id":null,"itinerary":null,"stage":null} @ webpack-internal:///(app-pages-browser)/./lib/chat-transport.ts:115
[  193538ms] [LOG] [ChatTransport] onmessage triggered, has currentResponseHandler: true @ webpack-internal:///(app-pages-browser)/./lib/chat-transport.ts:37
[  193538ms] [LOG] [ChatTransport] responseHandler called, data: {"type":"delta","content":"雾","error":null,"message_id":"67c58e48-3c74-426d-98f8-dac32914bfaf","conversation_id":null,"itinerary":null,"stage":null} @ webpack-internal:///(app-pages-browser)/./lib/chat-transport.ts:115
[  193538ms] [LOG] [ChatTransport] onmessage triggered, has currentResponseHandler: true @ webpack-internal:///(app-pages-browser)/./lib/chat-transport.ts:37
[  193538ms] [LOG] [ChatTransport] responseHandler called, data: {"type":"delta","content":"，","error":null,"message_id":"67c58e48-3c74-426d-98f8-dac32914bfaf","conversation_id":null,"itinerary":null,"stage":null} @ webpack-internal:///(app-pages-browser)/./lib/chat-transport.ts:115
[  193572ms] [LOG] [ChatTransport] onmessage triggered, has currentResponseHandler: true @ webpack-internal:///(app-pages-browser)/./lib/chat-transport.ts:37
[  193572ms] [LOG] [ChatTransport] responseHandler called, data: {"type":"delta","content":"但","error":null,"message_id":"67c58e48-3c74-426d-98f8-dac32914bfaf","conversation_id":null,"itinerary":null,"stage":null} @ webpack-internal:///(app-pages-browser)/./lib/chat-transport.ts:115
[  193591ms] [LOG] [ChatTransport] onmessage triggered, has currentResponseHandler: true @ webpack-internal:///(app-pages-browser)/./lib/chat-transport.ts:37
[  193591ms] [LOG] [ChatTransport] responseHandler called, data: {"type":"delta","content":"进入","error":null,"message_id":"67c58e48-3c74-426d-98f8-dac32914bfaf","conversation_id":null,"itinerary":null,"stage":null} @ webpack-internal:///(app-pages-browser)/./lib/chat-transport.ts:115
[  193636ms] [LOG] [ChatTransport] onmessage triggered, has currentResponseHandler: true @ webpack-internal:///(app-pages-browser)/./lib/chat-transport.ts:37
[  193636ms] [LOG] [ChatTransport] responseHandler called, data: {"type":"delta","content":"故宫","error":null,"message_id":"67c58e48-3c74-426d-98f8-dac32914bfaf","conversation_id":null,"itinerary":null,"stage":null} @ webpack-internal:///(app-pages-browser)/./lib/chat-transport.ts:115
[  193648ms] [LOG] [ChatTransport] onmessage triggered, has currentResponseHandler: true @ webpack-internal:///(app-pages-browser)/./lib/chat-transport.ts:37
[  193649ms] [LOG] [ChatTransport] responseHandler called, data: {"type":"delta","content":"后","error":null,"message_id":"67c58e48-3c74-426d-98f8-dac32914bfaf","conversation_id":null,"itinerary":null,"stage":null} @ webpack-internal:///(app-pages-browser)/./lib/chat-transport.ts:115
[  193709ms] [LOG] [ChatTransport] onmessage triggered, has currentResponseHandler: true @ webpack-internal:///(app-pages-browser)/./lib/chat-transport.ts:37
[  193709ms] [LOG] [ChatTransport] responseHandler called, data: {"type":"delta","content":"影响","error":null,"message_id":"67c58e48-3c74-426d-98f8-dac32914bfaf","conversation_id":null,"itinerary":null,"stage":null} @ webpack-internal:///(app-pages-browser)/./lib/chat-transport.ts:115
[  193710ms] [LOG] [ChatTransport] onmessage triggered, has currentResponseHandler: true @ webpack-internal:///(app-pages-browser)/./lib/chat-transport.ts:37
[  193710ms] [LOG] [ChatTransport] responseHandler called, data: {"type":"delta","content":"不大","error":null,"message_id":"67c58e48-3c74-426d-98f8-dac32914bfaf","conversation_id":null,"itinerary":null,"stage":null} @ webpack-internal:///(app-pages-browser)/./lib/chat-transport.ts:115
[  193759ms] [LOG] [ChatTransport] onmessage triggered, has currentResponseHandler: true @ webpack-internal:///(app-pages-browser)/./lib/chat-transport.ts:37
[  193760ms] [LOG] [ChatTransport] responseHandler called, data: {"type":"delta","content":"。\n","error":null,"message_id":"67c58e48-3c74-426d-98f8-dac32914bfaf","conversation_id":null,"itinerary":null,"stage":null} @ webpack-internal:///(app-pages-browser)/./lib/chat-transport.ts:115
[  193760ms] [LOG] [ChatTransport] onmessage triggered, has currentResponseHandler: true @ webpack-internal:///(app-pages-browser)/./lib/chat-transport.ts:37
[  193760ms] [LOG] [ChatTransport] responseHandler called, data: {"type":"delta","content":"*","error":null,"message_id":"67c58e48-3c74-426d-98f8-dac32914bfaf","conversation_id":null,"itinerary":null,"stage":null} @ webpack-internal:///(app-pages-browser)/./lib/chat-transport.ts:115
[  193842ms] [LOG] [ChatTransport] onmessage triggered, has currentResponseHandler: true @ webpack-internal:///(app-pages-browser)/./lib/chat-transport.ts:37
[  193842ms] [LOG] [ChatTransport] responseHandler called, data: {"type":"delta","content":"  ","error":null,"message_id":"67c58e48-3c74-426d-98f8-dac32914bfaf","conversation_id":null,"itinerary":null,"stage":null} @ webpack-internal:///(app-pages-browser)/./lib/chat-transport.ts:115
[  193843ms] [LOG] [ChatTransport] onmessage triggered, has currentResponseHandler: true @ webpack-internal:///(app-pages-browser)/./lib/chat-transport.ts:37
[  193843ms] [LOG] [ChatTransport] responseHandler called, data: {"type":"delta","content":" **","error":null,"message_id":"67c58e48-3c74-426d-98f8-dac32914bfaf","conversation_id":null,"itinerary":null,"stage":null} @ webpack-internal:///(app-pages-browser)/./lib/chat-transport.ts:115
[  193891ms] [LOG] [ChatTransport] onmessage triggered, has currentResponseHandler: true @ webpack-internal:///(app-pages-browser)/./lib/chat-transport.ts:37
[  193891ms] [LOG] [ChatTransport] responseHandler called, data: {"type":"delta","content":"午餐","error":null,"message_id":"67c58e48-3c74-426d-98f8-dac32914bfaf","conversation_id":null,"itinerary":null,"stage":null} @ webpack-internal:///(app-pages-browser)/./lib/chat-transport.ts:115
[  193966ms] [LOG] [ChatTransport] onmessage triggered, has currentResponseHandler: true @ webpack-internal:///(app-pages-browser)/./lib/chat-transport.ts:37
[  193966ms] [LOG] [ChatTransport] responseHandler called, data: {"type":"delta","content":"：","error":null,"message_id":"67c58e48-3c74-426d-98f8-dac32914bfaf","conversation_id":null,"itinerary":null,"stage":null} @ webpack-internal:///(app-pages-browser)/./lib/chat-transport.ts:115
[  193989ms] [LOG] [ChatTransport] onmessage triggered, has currentResponseHandler: true @ webpack-internal:///(app-pages-browser)/./lib/chat-transport.ts:37
[  193989ms] [LOG] [ChatTransport] responseHandler called, data: {"type":"delta","content":"**","error":null,"message_id":"67c58e48-3c74-426d-98f8-dac32914bfaf","conversation_id":null,"itinerary":null,"stage":null} @ webpack-internal:///(app-pages-browser)/./lib/chat-transport.ts:115
[  194042ms] [LOG] [ChatTransport] onmessage triggered, has currentResponseHandler: true @ webpack-internal:///(app-pages-browser)/./lib/chat-transport.ts:37
[  194042ms] [LOG] [ChatTransport] responseHandler called, data: {"type":"delta","content":" ","error":null,"message_id":"67c58e48-3c74-426d-98f8-dac32914bfaf","conversation_id":null,"itinerary":null,"stage":null} @ webpack-internal:///(app-pages-browser)/./lib/chat-transport.ts:115
[  194060ms] [LOG] [ChatTransport] onmessage triggered, has currentResponseHandler: true @ webpack-internal:///(app-pages-browser)/./lib/chat-transport.ts:37
[  194060ms] [LOG] [ChatTransport] responseHandler called, data: {"type":"delta","content":"可以在","error":null,"message_id":"67c58e48-3c74-426d-98f8-dac32914bfaf","conversation_id":null,"itinerary":null,"stage":null} @ webpack-internal:///(app-pages-browser)/./lib/chat-transport.ts:115
[  194081ms] [LOG] [ChatTransport] onmessage triggered, has currentResponseHandler: true @ webpack-internal:///(app-pages-browser)/./lib/chat-transport.ts:37
[  194081ms] [LOG] [ChatTransport] responseHandler called, data: {"type":"delta","content":"故宫","error":null,"message_id":"67c58e48-3c74-426d-98f8-dac32914bfaf","conversation_id":null,"itinerary":null,"stage":null} @ webpack-internal:///(app-pages-browser)/./lib/chat-transport.ts:115
[  194093ms] [LOG] [ChatTransport] onmessage triggered, has currentResponseHandler: true @ webpack-internal:///(app-pages-browser)/./lib/chat-transport.ts:37
[  194093ms] [LOG] [ChatTransport] responseHandler called, data: {"type":"delta","content":"附近的","error":null,"message_id":"67c58e48-3c74-426d-98f8-dac32914bfaf","conversation_id":null,"itinerary":null,"stage":null} @ webpack-internal:///(app-pages-browser)/./lib/chat-transport.ts:115
[  194145ms] [LOG] [ChatTransport] onmessage triggered, has currentResponseHandler: true @ webpack-internal:///(app-pages-browser)/./lib/chat-transport.ts:37
[  194145ms] [LOG] [ChatTransport] responseHandler called, data: {"type":"delta","content":"“","error":null,"message_id":"67c58e48-3c74-426d-98f8-dac32914bfaf","conversation_id":null,"itinerary":null,"stage":null} @ webpack-internal:///(app-pages-browser)/./lib/chat-transport.ts:115
[  194195ms] [LOG] [ChatTransport] onmessage triggered, has currentResponseHandler: true @ webpack-internal:///(app-pages-browser)/./lib/chat-transport.ts:37
[  194195ms] [LOG] [ChatTransport] responseHandler called, data: {"type":"delta","content":"四季","error":null,"message_id":"67c58e48-3c74-426d-98f8-dac32914bfaf","conversation_id":null,"itinerary":null,"stage":null} @ webpack-internal:///(app-pages-browser)/./lib/chat-transport.ts:115
[  194261ms] [LOG] [ChatTransport] onmessage triggered, has currentResponseHandler: true @ webpack-internal:///(app-pages-browser)/./lib/chat-transport.ts:37
[  194262ms] [LOG] [ChatTransport] responseHandler called, data: {"type":"delta","content":"民","error":null,"message_id":"67c58e48-3c74-426d-98f8-dac32914bfaf","conversation_id":null,"itinerary":null,"stage":null} @ webpack-internal:///(app-pages-browser)/./lib/chat-transport.ts:115
[  194262ms] [LOG] [ChatTransport] onmessage triggered, has currentResponseHandler: true @ webpack-internal:///(app-pages-browser)/./lib/chat-transport.ts:37
[  194262ms] [LOG] [ChatTransport] responseHandler called, data: {"type":"delta","content":"福","error":null,"message_id":"67c58e48-3c74-426d-98f8-dac32914bfaf","conversation_id":null,"itinerary":null,"stage":null} @ webpack-internal:///(app-pages-browser)/./lib/chat-transport.ts:115
[  194325ms] [LOG] [ChatTransport] onmessage triggered, has currentResponseHandler: true @ webpack-internal:///(app-pages-browser)/./lib/chat-transport.ts:37
[  194325ms] [LOG] [ChatTransport] responseHandler called, data: {"type":"delta","content":"烤","error":null,"message_id":"67c58e48-3c74-426d-98f8-dac32914bfaf","conversation_id":null,"itinerary":null,"stage":null} @ webpack-internal:///(app-pages-browser)/./lib/chat-transport.ts:115
[  194383ms] [LOG] [ChatTransport] onmessage triggered, has currentResponseHandler: true @ webpack-internal:///(app-pages-browser)/./lib/chat-transport.ts:37
[  194383ms] [LOG] [ChatTransport] responseHandler called, data: {"type":"delta","content":"鸭","error":null,"message_id":"67c58e48-3c74-426d-98f8-dac32914bfaf","conversation_id":null,"itinerary":null,"stage":null} @ webpack-internal:///(app-pages-browser)/./lib/chat-transport.ts:115
[  194384ms] [LOG] [ChatTransport] onmessage triggered, has currentResponseHandler: true @ webpack-internal:///(app-pages-browser)/./lib/chat-transport.ts:37
[  194384ms] [LOG] [ChatTransport] responseHandler called, data: {"type":"delta","content":"店","error":null,"message_id":"67c58e48-3c74-426d-98f8-dac32914bfaf","conversation_id":null,"itinerary":null,"stage":null} @ webpack-internal:///(app-pages-browser)/./lib/chat-transport.ts:115
[  194449ms] [LOG] [ChatTransport] onmessage triggered, has currentResponseHandler: true @ webpack-internal:///(app-pages-browser)/./lib/chat-transport.ts:37
[  194449ms] [LOG] [ChatTransport] responseHandler called, data: {"type":"delta","content":"（","error":null,"message_id":"67c58e48-3c74-426d-98f8-dac32914bfaf","conversation_id":null,"itinerary":null,"stage":null} @ webpack-internal:///(app-pages-browser)/./lib/chat-transport.ts:115
[  194471ms] [LOG] [ChatTransport] onmessage triggered, has currentResponseHandler: true @ webpack-internal:///(app-pages-browser)/./lib/chat-transport.ts:37
[  194472ms] [LOG] [ChatTransport] responseHandler called, data: {"type":"delta","content":"故宫","error":null,"message_id":"67c58e48-3c74-426d-98f8-dac32914bfaf","conversation_id":null,"itinerary":null,"stage":null} @ webpack-internal:///(app-pages-browser)/./lib/chat-transport.ts:115
[  194515ms] [LOG] [ChatTransport] onmessage triggered, has currentResponseHandler: true @ webpack-internal:///(app-pages-browser)/./lib/chat-transport.ts:37
[  194515ms] [LOG] [ChatTransport] responseHandler called, data: {"type":"delta","content":"店","error":null,"message_id":"67c58e48-3c74-426d-98f8-dac32914bfaf","conversation_id":null,"itinerary":null,"stage":null} @ webpack-internal:///(app-pages-browser)/./lib/chat-transport.ts:115
[  194517ms] [LOG] [ChatTransport] onmessage triggered, has currentResponseHandler: true @ webpack-internal:///(app-pages-browser)/./lib/chat-transport.ts:37
[  194517ms] [LOG] [ChatTransport] responseHandler called, data: {"type":"delta","content":"）”","error":null,"message_id":"67c58e48-3c74-426d-98f8-dac32914bfaf","conversation_id":null,"itinerary":null,"stage":null} @ webpack-internal:///(app-pages-browser)/./lib/chat-transport.ts:115
[  194562ms] [LOG] [ChatTransport] onmessage triggered, has currentResponseHandler: true @ webpack-internal:///(app-pages-browser)/./lib/chat-transport.ts:37
[  194563ms] [LOG] [ChatTransport] responseHandler called, data: {"type":"delta","content":"品尝","error":null,"message_id":"67c58e48-3c74-426d-98f8-dac32914bfaf","conversation_id":null,"itinerary":null,"stage":null} @ webpack-internal:///(app-pages-browser)/./lib/chat-transport.ts:115
[  194563ms] [LOG] [ChatTransport] onmessage triggered, has currentResponseHandler: true @ webpack-internal:///(app-pages-browser)/./lib/chat-transport.ts:37
[  194563ms] [LOG] [ChatTransport] responseHandler called, data: {"type":"delta","content":"北京","error":null,"message_id":"67c58e48-3c74-426d-98f8-dac32914bfaf","conversation_id":null,"itinerary":null,"stage":null} @ webpack-internal:///(app-pages-browser)/./lib/chat-transport.ts:115
[  194628ms] [LOG] [ChatTransport] onmessage triggered, has currentResponseHandler: true @ webpack-internal:///(app-pages-browser)/./lib/chat-transport.ts:37
[  194628ms] [LOG] [ChatTransport] responseHandler called, data: {"type":"delta","content":"烤","error":null,"message_id":"67c58e48-3c74-426d-98f8-dac32914bfaf","conversation_id":null,"itinerary":null,"stage":null} @ webpack-internal:///(app-pages-browser)/./lib/chat-transport.ts:115
[  194642ms] [LOG] [ChatTransport] onmessage triggered, has currentResponseHandler: true @ webpack-internal:///(app-pages-browser)/./lib/chat-transport.ts:37
[  194643ms] [LOG] [ChatTransport] responseHandler called, data: {"type":"delta","content":"鸭","error":null,"message_id":"67c58e48-3c74-426d-98f8-dac32914bfaf","conversation_id":null,"itinerary":null,"stage":null} @ webpack-internal:///(app-pages-browser)/./lib/chat-transport.ts:115
[  194697ms] [LOG] [ChatTransport] onmessage triggered, has currentResponseHandler: true @ webpack-internal:///(app-pages-browser)/./lib/chat-transport.ts:37
[  194697ms] [LOG] [ChatTransport] responseHandler called, data: {"type":"delta","content":"，","error":null,"message_id":"67c58e48-3c74-426d-98f8-dac32914bfaf","conversation_id":null,"itinerary":null,"stage":null} @ webpack-internal:///(app-pages-browser)/./lib/chat-transport.ts:115
[  194722ms] [LOG] [ChatTransport] onmessage triggered, has currentResponseHandler: true @ webpack-internal:///(app-pages-browser)/./lib/chat-transport.ts:37
[  194722ms] [LOG] [ChatTransport] responseHandler called, data: {"type":"delta","content":"或者","error":null,"message_id":"67c58e48-3c74-426d-98f8-dac32914bfaf","conversation_id":null,"itinerary":null,"stage":null} @ webpack-internal:///(app-pages-browser)/./lib/chat-transport.ts:115
[  194745ms] [LOG] [ChatTransport] onmessage triggered, has currentResponseHandler: true @ webpack-internal:///(app-pages-browser)/./lib/chat-transport.ts:37
[  194745ms] [LOG] [ChatTransport] responseHandler called, data: {"type":"delta","content":"前往","error":null,"message_id":"67c58e48-3c74-426d-98f8-dac32914bfaf","conversation_id":null,"itinerary":null,"stage":null} @ webpack-internal:///(app-pages-browser)/./lib/chat-transport.ts:115
[  194816ms] [LOG] [ChatTransport] onmessage triggered, has currentResponseHandler: true @ webpack-internal:///(app-pages-browser)/./lib/chat-transport.ts:37
[  194817ms] [LOG] [ChatTransport] responseHandler called, data: {"type":"delta","content":"王府","error":null,"message_id":"67c58e48-3c74-426d-98f8-dac32914bfaf","conversation_id":null,"itinerary":null,"stage":null} @ webpack-internal:///(app-pages-browser)/./lib/chat-transport.ts:115
[  194936ms] [LOG] [ChatTransport] onmessage triggered, has currentResponseHandler: true @ webpack-internal:///(app-pages-browser)/./lib/chat-transport.ts:37
[  194936ms] [LOG] [ChatTransport] responseHandler called, data: {"type":"delta","content":"井","error":null,"message_id":"67c58e48-3c74-426d-98f8-dac32914bfaf","conversation_id":null,"itinerary":null,"stage":null} @ webpack-internal:///(app-pages-browser)/./lib/chat-transport.ts:115
[  194937ms] [LOG] [ChatTransport] onmessage triggered, has currentResponseHandler: true @ webpack-internal:///(app-pages-browser)/./lib/chat-transport.ts:37
[  194937ms] [LOG] [ChatTransport] responseHandler called, data: {"type":"delta","content":"大街","error":null,"message_id":"67c58e48-3c74-426d-98f8-dac32914bfaf","conversation_id":null,"itinerary":null,"stage":null} @ webpack-internal:///(app-pages-browser)/./lib/chat-transport.ts:115
[  194957ms] [LOG] [ChatTransport] onmessage triggered, has currentResponseHandler: true @ webpack-internal:///(app-pages-browser)/./lib/chat-transport.ts:37
[  194958ms] [LOG] [ChatTransport] responseHandler called, data: {"type":"delta","content":"解决","error":null,"message_id":"67c58e48-3c74-426d-98f8-dac32914bfaf","conversation_id":null,"itinerary":null,"stage":null} @ webpack-internal:///(app-pages-browser)/./lib/chat-transport.ts:115
[  194972ms] [LOG] [ChatTransport] onmessage triggered, has currentResponseHandler: true @ webpack-internal:///(app-pages-browser)/./lib/chat-transport.ts:37
[  194972ms] [LOG] [ChatTransport] responseHandler called, data: {"type":"delta","content":"。\n","error":null,"message_id":"67c58e48-3c74-426d-98f8-dac32914bfaf","conversation_id":null,"itinerary":null,"stage":null} @ webpack-internal:///(app-pages-browser)/./lib/chat-transport.ts:115
[  195094ms] [LOG] [ChatTransport] onmessage triggered, has currentResponseHandler: true @ webpack-internal:///(app-pages-browser)/./lib/chat-transport.ts:37
[  195095ms] [LOG] [ChatTransport] responseHandler called, data: {"type":"delta","content":"*","error":null,"message_id":"67c58e48-3c74-426d-98f8-dac32914bfaf","conversation_id":null,"itinerary":null,"stage":null} @ webpack-internal:///(app-pages-browser)/./lib/chat-transport.ts:115
[  195113ms] [LOG] [ChatTransport] onmessage triggered, has currentResponseHandler: true @ webpack-internal:///(app-pages-browser)/./lib/chat-transport.ts:37
[  195113ms] [LOG] [ChatTransport] responseHandler called, data: {"type":"delta","content":"  ","error":null,"message_id":"67c58e48-3c74-426d-98f8-dac32914bfaf","conversation_id":null,"itinerary":null,"stage":null} @ webpack-internal:///(app-pages-browser)/./lib/chat-transport.ts:115
[  195127ms] [LOG] [ChatTransport] onmessage triggered, has currentResponseHandler: true @ webpack-internal:///(app-pages-browser)/./lib/chat-transport.ts:37
[  195127ms] [LOG] [ChatTransport] responseHandler called, data: {"type":"delta","content":" **","error":null,"message_id":"67c58e48-3c74-426d-98f8-dac32914bfaf","conversation_id":null,"itinerary":null,"stage":null} @ webpack-internal:///(app-pages-browser)/./lib/chat-transport.ts:115
[  195128ms] [LOG] [ChatTransport] onmessage triggered, has currentResponseHandler: true @ webpack-internal:///(app-pages-browser)/./lib/chat-transport.ts:37
[  195128ms] [LOG] [ChatTransport] responseHandler called, data: {"type":"delta","content":"下午","error":null,"message_id":"67c58e48-3c74-426d-98f8-dac32914bfaf","conversation_id":null,"itinerary":null,"stage":null} @ webpack-internal:///(app-pages-browser)/./lib/chat-transport.ts:115
[  195162ms] [LOG] [ChatTransport] onmessage triggered, has currentResponseHandler: true @ webpack-internal:///(app-pages-browser)/./lib/chat-transport.ts:37
[  195162ms] [LOG] [ChatTransport] responseHandler called, data: {"type":"delta","content":"：","error":null,"message_id":"67c58e48-3c74-426d-98f8-dac32914bfaf","conversation_id":null,"itinerary":null,"stage":null} @ webpack-internal:///(app-pages-browser)/./lib/chat-transport.ts:115
[  195182ms] [LOG] [ChatTransport] onmessage triggered, has currentResponseHandler: true @ webpack-internal:///(app-pages-browser)/./lib/chat-transport.ts:37
[  195183ms] [LOG] [ChatTransport] responseHandler called, data: {"type":"delta","content":"景","error":null,"message_id":"67c58e48-3c74-426d-98f8-dac32914bfaf","conversation_id":null,"itinerary":null,"stage":null} @ webpack-internal:///(app-pages-browser)/./lib/chat-transport.ts:115
[  195308ms] [LOG] [ChatTransport] onmessage triggered, has currentResponseHandler: true @ webpack-internal:///(app-pages-browser)/./lib/chat-transport.ts:37
[  195309ms] [LOG] [ChatTransport] responseHandler called, data: {"type":"delta","content":"山","error":null,"message_id":"67c58e48-3c74-426d-98f8-dac32914bfaf","conversation_id":null,"itinerary":null,"stage":null} @ webpack-internal:///(app-pages-browser)/./lib/chat-transport.ts:115
[  195309ms] [LOG] [ChatTransport] onmessage triggered, has currentResponseHandler: true @ webpack-internal:///(app-pages-browser)/./lib/chat-transport.ts:37
[  195310ms] [LOG] [ChatTransport] responseHandler called, data: {"type":"delta","content":"公园","error":null,"message_id":"67c58e48-3c74-426d-98f8-dac32914bfaf","conversation_id":null,"itinerary":null,"stage":null} @ webpack-internal:///(app-pages-browser)/./lib/chat-transport.ts:115
[  195325ms] [LOG] [ChatTransport] onmessage triggered, has currentResponseHandler: true @ webpack-internal:///(app-pages-browser)/./lib/chat-transport.ts:37
[  195325ms] [LOG] [ChatTransport] responseHandler called, data: {"type":"delta","content":"**\n","error":null,"message_id":"67c58e48-3c74-426d-98f8-dac32914bfaf","conversation_id":null,"itinerary":null,"stage":null} @ webpack-internal:///(app-pages-browser)/./lib/chat-transport.ts:115
[  195337ms] [LOG] [ChatTransport] onmessage triggered, has currentResponseHandler: true @ webpack-internal:///(app-pages-browser)/./lib/chat-transport.ts:37
[  195337ms] [LOG] [ChatTransport] responseHandler called, data: {"type":"delta","content":"   ","error":null,"message_id":"67c58e48-3c74-426d-98f8-dac32914bfaf","conversation_id":null,"itinerary":null,"stage":null} @ webpack-internal:///(app-pages-browser)/./lib/chat-transport.ts:115
[  195352ms] [LOG] [ChatTransport] onmessage triggered, has currentResponseHandler: true @ webpack-internal:///(app-pages-browser)/./lib/chat-transport.ts:37
[  195352ms] [LOG] [ChatTransport] responseHandler called, data: {"type":"delta","content":" *","error":null,"message_id":"67c58e48-3c74-426d-98f8-dac32914bfaf","conversation_id":null,"itinerary":null,"stage":null} @ webpack-internal:///(app-pages-browser)/./lib/chat-transport.ts:115
[  195352ms] [LOG] [ChatTransport] onmessage triggered, has currentResponseHandler: true @ webpack-internal:///(app-pages-browser)/./lib/chat-transport.ts:37
[  195353ms] [LOG] [ChatTransport] responseHandler called, data: {"type":"delta","content":"  ","error":null,"message_id":"67c58e48-3c74-426d-98f8-dac32914bfaf","conversation_id":null,"itinerary":null,"stage":null} @ webpack-internal:///(app-pages-browser)/./lib/chat-transport.ts:115
[  195389ms] [LOG] [ChatTransport] onmessage triggered, has currentResponseHandler: true @ webpack-internal:///(app-pages-browser)/./lib/chat-transport.ts:37
[  195389ms] [LOG] [ChatTransport] responseHandler called, data: {"type":"delta","content":" **","error":null,"message_id":"67c58e48-3c74-426d-98f8-dac32914bfaf","conversation_id":null,"itinerary":null,"stage":null} @ webpack-internal:///(app-pages-browser)/./lib/chat-transport.ts:115
[  195390ms] [LOG] [ChatTransport] onmessage triggered, has currentResponseHandler: true @ webpack-internal:///(app-pages-browser)/./lib/chat-transport.ts:37
[  195390ms] [LOG] [ChatTransport] responseHandler called, data: {"type":"delta","content":"活动","error":null,"message_id":"67c58e48-3c74-426d-98f8-dac32914bfaf","conversation_id":null,"itinerary":null,"stage":null} @ webpack-internal:///(app-pages-browser)/./lib/chat-transport.ts:115
[  195465ms] [LOG] [ChatTransport] onmessage triggered, has currentResponseHandler: true @ webpack-internal:///(app-pages-browser)/./lib/chat-transport.ts:37
[  195465ms] [LOG] [ChatTransport] responseHandler called, data: {"type":"delta","content":"：","error":null,"message_id":"67c58e48-3c74-426d-98f8-dac32914bfaf","conversation_id":null,"itinerary":null,"stage":null} @ webpack-internal:///(app-pages-browser)/./lib/chat-transport.ts:115
[  195483ms] [LOG] [ChatTransport] onmessage triggered, has currentResponseHandler: true @ webpack-internal:///(app-pages-browser)/./lib/chat-transport.ts:37
[  195483ms] [LOG] [ChatTransport] responseHandler called, data: {"type":"delta","content":"**","error":null,"message_id":"67c58e48-3c74-426d-98f8-dac32914bfaf","conversation_id":null,"itinerary":null,"stage":null} @ webpack-internal:///(app-pages-browser)/./lib/chat-transport.ts:115
[  195514ms] [LOG] [ChatTransport] onmessage triggered, has currentResponseHandler: true @ webpack-internal:///(app-pages-browser)/./lib/chat-transport.ts:37
[  195514ms] [LOG] [ChatTransport] responseHandler called, data: {"type":"delta","content":" ","error":null,"message_id":"67c58e48-3c74-426d-98f8-dac32914bfaf","conversation_id":null,"itinerary":null,"stage":null} @ webpack-internal:///(app-pages-browser)/./lib/chat-transport.ts:115
[  195516ms] [LOG] [ChatTransport] onmessage triggered, has currentResponseHandler: true @ webpack-internal:///(app-pages-browser)/./lib/chat-transport.ts:37
[  195516ms] [LOG] [ChatTransport] responseHandler called, data: {"type":"delta","content":"从","error":null,"message_id":"67c58e48-3c74-426d-98f8-dac32914bfaf","conversation_id":null,"itinerary":null,"stage":null} @ webpack-internal:///(app-pages-browser)/./lib/chat-transport.ts:115
[  195584ms] [LOG] [ChatTransport] onmessage triggered, has currentResponseHandler: true @ webpack-internal:///(app-pages-browser)/./lib/chat-transport.ts:37
[  195584ms] [LOG] [ChatTransport] responseHandler called, data: {"type":"delta","content":"故宫","error":null,"message_id":"67c58e48-3c74-426d-98f8-dac32914bfaf","conversation_id":null,"itinerary":null,"stage":null} @ webpack-internal:///(app-pages-browser)/./lib/chat-transport.ts:115
[  195585ms] [LOG] [ChatTransport] onmessage triggered, has currentResponseHandler: true @ webpack-internal:///(app-pages-browser)/./lib/chat-transport.ts:37
[  195585ms] [LOG] [ChatTransport] responseHandler called, data: {"type":"delta","content":"神","error":null,"message_id":"67c58e48-3c74-426d-98f8-dac32914bfaf","conversation_id":null,"itinerary":null,"stage":null} @ webpack-internal:///(app-pages-browser)/./lib/chat-transport.ts:115
[  195644ms] [LOG] [ChatTransport] onmessage triggered, has currentResponseHandler: true @ webpack-internal:///(app-pages-browser)/./lib/chat-transport.ts:37
[  195644ms] [LOG] [ChatTransport] responseHandler called, data: {"type":"delta","content":"武","error":null,"message_id":"67c58e48-3c74-426d-98f8-dac32914bfaf","conversation_id":null,"itinerary":null,"stage":null} @ webpack-internal:///(app-pages-browser)/./lib/chat-transport.ts:115
[  195645ms] [LOG] [ChatTransport] onmessage triggered, has currentResponseHandler: true @ webpack-internal:///(app-pages-browser)/./lib/chat-transport.ts:37
[  195645ms] [LOG] [ChatTransport] responseHandler called, data: {"type":"delta","content":"门","error":null,"message_id":"67c58e48-3c74-426d-98f8-dac32914bfaf","conversation_id":null,"itinerary":null,"stage":null} @ webpack-internal:///(app-pages-browser)/./lib/chat-transport.ts:115
[  195712ms] [LOG] [ChatTransport] onmessage triggered, has currentResponseHandler: true @ webpack-internal:///(app-pages-browser)/./lib/chat-transport.ts:37
[  195712ms] [LOG] [ChatTransport] responseHandler called, data: {"type":"delta","content":"出来","error":null,"message_id":"67c58e48-3c74-426d-98f8-dac32914bfaf","conversation_id":null,"itinerary":null,"stage":null} @ webpack-internal:///(app-pages-browser)/./lib/chat-transport.ts:115
[  195730ms] [LOG] [ChatTransport] onmessage triggered, has currentResponseHandler: true @ webpack-internal:///(app-pages-browser)/./lib/chat-transport.ts:37
[  195731ms] [LOG] [ChatTransport] responseHandler called, data: {"type":"delta","content":"，","error":null,"message_id":"67c58e48-3c74-426d-98f8-dac32914bfaf","conversation_id":null,"itinerary":null,"stage":null} @ webpack-internal:///(app-pages-browser)/./lib/chat-transport.ts:115
[  195795ms] [LOG] [ChatTransport] onmessage triggered, has currentResponseHandler: true @ webpack-internal:///(app-pages-browser)/./lib/chat-transport.ts:37
[  195795ms] [LOG] [ChatTransport] responseHandler called, data: {"type":"delta","content":"对面","error":null,"message_id":"67c58e48-3c74-426d-98f8-dac32914bfaf","conversation_id":null,"itinerary":null,"stage":null} @ webpack-internal:///(app-pages-browser)/./lib/chat-transport.ts:115
[  195812ms] [LOG] [ChatTransport] onmessage triggered, has currentResponseHandler: true @ webpack-internal:///(app-pages-browser)/./lib/chat-transport.ts:37
[  195813ms] [LOG] [ChatTransport] responseHandler called, data: {"type":"delta","content":"就是","error":null,"message_id":"67c58e48-3c74-426d-98f8-dac32914bfaf","conversation_id":null,"itinerary":null,"stage":null} @ webpack-internal:///(app-pages-browser)/./lib/chat-transport.ts:115
[  195851ms] [LOG] [ChatTransport] onmessage triggered, has currentResponseHandler: true @ webpack-internal:///(app-pages-browser)/./lib/chat-transport.ts:37
[  195851ms] [LOG] [ChatTransport] responseHandler called, data: {"type":"delta","content":"景","error":null,"message_id":"67c58e48-3c74-426d-98f8-dac32914bfaf","conversation_id":null,"itinerary":null,"stage":null} @ webpack-internal:///(app-pages-browser)/./lib/chat-transport.ts:115
[  195869ms] [LOG] [ChatTransport] onmessage triggered, has currentResponseHandler: true @ webpack-internal:///(app-pages-browser)/./lib/chat-transport.ts:37
[  195870ms] [LOG] [ChatTransport] responseHandler called, data: {"type":"delta","content":"山","error":null,"message_id":"67c58e48-3c74-426d-98f8-dac32914bfaf","conversation_id":null,"itinerary":null,"stage":null} @ webpack-internal:///(app-pages-browser)/./lib/chat-transport.ts:115
[  195907ms] [LOG] [ChatTransport] onmessage triggered, has currentResponseHandler: true @ webpack-internal:///(app-pages-browser)/./lib/chat-transport.ts:37
[  195907ms] [LOG] [ChatTransport] responseHandler called, data: {"type":"delta","content":"公园","error":null,"message_id":"67c58e48-3c74-426d-98f8-dac32914bfaf","conversation_id":null,"itinerary":null,"stage":null} @ webpack-internal:///(app-pages-browser)/./lib/chat-transport.ts:115
[  195908ms] [LOG] [ChatTransport] onmessage triggered, has currentResponseHandler: true @ webpack-internal:///(app-pages-browser)/./lib/chat-transport.ts:37
[  195908ms] [LOG] [ChatTransport] responseHandler called, data: {"type":"delta","content":"。","error":null,"message_id":"67c58e48-3c74-426d-98f8-dac32914bfaf","conversation_id":null,"itinerary":null,"stage":null} @ webpack-internal:///(app-pages-browser)/./lib/chat-transport.ts:115
[  195975ms] [LOG] [ChatTransport] onmessage triggered, has currentResponseHandler: true @ webpack-internal:///(app-pages-browser)/./lib/chat-transport.ts:37
[  195976ms] [LOG] [ChatTransport] responseHandler called, data: {"type":"delta","content":"登上","error":null,"message_id":"67c58e48-3c74-426d-98f8-dac32914bfaf","conversation_id":null,"itinerary":null,"stage":null} @ webpack-internal:///(app-pages-browser)/./lib/chat-transport.ts:115
[  195976ms] [LOG] [ChatTransport] onmessage triggered, has currentResponseHandler: true @ webpack-internal:///(app-pages-browser)/./lib/chat-transport.ts:37
[  195976ms] [LOG] [ChatTransport] responseHandler called, data: {"type":"delta","content":"万","error":null,"message_id":"67c58e48-3c74-426d-98f8-dac32914bfaf","conversation_id":null,"itinerary":null,"stage":null} @ webpack-internal:///(app-pages-browser)/./lib/chat-transport.ts:115
[  196044ms] [LOG] [ChatTransport] onmessage triggered, has currentResponseHandler: true @ webpack-internal:///(app-pages-browser)/./lib/chat-transport.ts:37
[  196044ms] [LOG] [ChatTransport] responseHandler called, data: {"type":"delta","content":"春","error":null,"message_id":"67c58e48-3c74-426d-98f8-dac32914bfaf","conversation_id":null,"itinerary":null,"stage":null} @ webpack-internal:///(app-pages-browser)/./lib/chat-transport.ts:115
[  196044ms] [LOG] [ChatTransport] onmessage triggered, has currentResponseHandler: true @ webpack-internal:///(app-pages-browser)/./lib/chat-transport.ts:37
[  196044ms] [LOG] [ChatTransport] responseHandler called, data: {"type":"delta","content":"亭","error":null,"message_id":"67c58e48-3c74-426d-98f8-dac32914bfaf","conversation_id":null,"itinerary":null,"stage":null} @ webpack-internal:///(app-pages-browser)/./lib/chat-transport.ts:115
[  196090ms] [LOG] [ChatTransport] onmessage triggered, has currentResponseHandler: true @ webpack-internal:///(app-pages-browser)/./lib/chat-transport.ts:37
[  196091ms] [LOG] [ChatTransport] responseHandler called, data: {"type":"delta","content":"，","error":null,"message_id":"67c58e48-3c74-426d-98f8-dac32914bfaf","conversation_id":null,"itinerary":null,"stage":null} @ webpack-internal:///(app-pages-browser)/./lib/chat-transport.ts:115
[  196091ms] [LOG] [ChatTransport] onmessage triggered, has currentResponseHandler: true @ webpack-internal:///(app-pages-browser)/./lib/chat-transport.ts:37
[  196091ms] [LOG] [ChatTransport] responseHandler called, data: {"type":"delta","content":"俯瞰","error":null,"message_id":"67c58e48-3c74-426d-98f8-dac32914bfaf","conversation_id":null,"itinerary":null,"stage":null} @ webpack-internal:///(app-pages-browser)/./lib/chat-transport.ts:115
[  196158ms] [LOG] [ChatTransport] onmessage triggered, has currentResponseHandler: true @ webpack-internal:///(app-pages-browser)/./lib/chat-transport.ts:37
[  196158ms] [LOG] [ChatTransport] responseHandler called, data: {"type":"delta","content":"故宫","error":null,"message_id":"67c58e48-3c74-426d-98f8-dac32914bfaf","conversation_id":null,"itinerary":null,"stage":null} @ webpack-internal:///(app-pages-browser)/./lib/chat-transport.ts:115
[  196177ms] [LOG] [ChatTransport] onmessage triggered, has currentResponseHandler: true @ webpack-internal:///(app-pages-browser)/./lib/chat-transport.ts:37
[  196178ms] [LOG] [ChatTransport] responseHandler called, data: {"type":"delta","content":"全景","error":null,"message_id":"67c58e48-3c74-426d-98f8-dac32914bfaf","conversation_id":null,"itinerary":null,"stage":null} @ webpack-internal:///(app-pages-browser)/./lib/chat-transport.ts:115
[  196213ms] [LOG] [ChatTransport] onmessage triggered, has currentResponseHandler: true @ webpack-internal:///(app-pages-browser)/./lib/chat-transport.ts:37
[  196213ms] [LOG] [ChatTransport] responseHandler called, data: {"type":"delta","content":"和","error":null,"message_id":"67c58e48-3c74-426d-98f8-dac32914bfaf","conversation_id":null,"itinerary":null,"stage":null} @ webpack-internal:///(app-pages-browser)/./lib/chat-transport.ts:115
[  196236ms] [LOG] [ChatTransport] onmessage triggered, has currentResponseHandler: true @ webpack-internal:///(app-pages-browser)/./lib/chat-transport.ts:37
[  196236ms] [LOG] [ChatTransport] responseHandler called, data: {"type":"delta","content":"北京","error":null,"message_id":"67c58e48-3c74-426d-98f8-dac32914bfaf","conversation_id":null,"itinerary":null,"stage":null} @ webpack-internal:///(app-pages-browser)/./lib/chat-transport.ts:115
[  196283ms] [LOG] [ChatTransport] onmessage triggered, has currentResponseHandler: true @ webpack-internal:///(app-pages-browser)/./lib/chat-transport.ts:37
[  196283ms] [LOG] [ChatTransport] responseHandler called, data: {"type":"delta","content":"中","error":null,"message_id":"67c58e48-3c74-426d-98f8-dac32914bfaf","conversation_id":null,"itinerary":null,"stage":null} @ webpack-internal:///(app-pages-browser)/./lib/chat-transport.ts:115
[  196283ms] [LOG] [ChatTransport] onmessage triggered, has currentResponseHandler: true @ webpack-internal:///(app-pages-browser)/./lib/chat-transport.ts:37
[  196283ms] [LOG] [ChatTransport] responseHandler called, data: {"type":"delta","content":"轴线","error":null,"message_id":"67c58e48-3c74-426d-98f8-dac32914bfaf","conversation_id":null,"itinerary":null,"stage":null} @ webpack-internal:///(app-pages-browser)/./lib/chat-transport.ts:115
[  196400ms] [LOG] [ChatTransport] onmessage triggered, has currentResponseHandler: true @ webpack-internal:///(app-pages-browser)/./lib/chat-transport.ts:37
[  196400ms] [LOG] [ChatTransport] responseHandler called, data: {"type":"delta","content":"，","error":null,"message_id":"67c58e48-3c74-426d-98f8-dac32914bfaf","conversation_id":null,"itinerary":null,"stage":null} @ webpack-internal:///(app-pages-browser)/./lib/chat-transport.ts:115
[  196416ms] [LOG] [ChatTransport] onmessage triggered, has currentResponseHandler: true @ webpack-internal:///(app-pages-browser)/./lib/chat-transport.ts:37
[  196416ms] [LOG] [ChatTransport] responseHandler called, data: {"type":"delta","content":"这是","error":null,"message_id":"67c58e48-3c74-426d-98f8-dac32914bfaf","conversation_id":null,"itinerary":null,"stage":null} @ webpack-internal:///(app-pages-browser)/./lib/chat-transport.ts:115
[  196432ms] [LOG] [ChatTransport] onmessage triggered, has currentResponseHandler: true @ webpack-internal:///(app-pages-browser)/./lib/chat-transport.ts:37
[  196432ms] [LOG] [ChatTransport] responseHandler called, data: {"type":"delta","content":"拍摄","error":null,"message_id":"67c58e48-3c74-426d-98f8-dac32914bfaf","conversation_id":null,"itinerary":null,"stage":null} @ webpack-internal:///(app-pages-browser)/./lib/chat-transport.ts:115
[  196465ms] [LOG] [ChatTransport] onmessage triggered, has currentResponseHandler: true @ webpack-internal:///(app-pages-browser)/./lib/chat-transport.ts:37
[  196466ms] [LOG] [ChatTransport] responseHandler called, data: {"type":"delta","content":"故宫","error":null,"message_id":"67c58e48-3c74-426d-98f8-dac32914bfaf","conversation_id":null,"itinerary":null,"stage":null} @ webpack-internal:///(app-pages-browser)/./lib/chat-transport.ts:115
[  196488ms] [LOG] [ChatTransport] onmessage triggered, has currentResponseHandler: true @ webpack-internal:///(app-pages-browser)/./lib/chat-transport.ts:37
[  196488ms] [LOG] [ChatTransport] responseHandler called, data: {"type":"delta","content":"全","error":null,"message_id":"67c58e48-3c74-426d-98f8-dac32914bfaf","conversation_id":null,"itinerary":null,"stage":null} @ webpack-internal:///(app-pages-browser)/./lib/chat-transport.ts:115
[  196521ms] [LOG] [ChatTransport] onmessage triggered, has currentResponseHandler: true @ webpack-internal:///(app-pages-browser)/./lib/chat-transport.ts:37
[  196521ms] [LOG] [ChatTransport] responseHandler called, data: {"type":"delta","content":"貌","error":null,"message_id":"67c58e48-3c74-426d-98f8-dac32914bfaf","conversation_id":null,"itinerary":null,"stage":null} @ webpack-internal:///(app-pages-browser)/./lib/chat-transport.ts:115
[  196535ms] [LOG] [ChatTransport] onmessage triggered, has currentResponseHandler: true @ webpack-internal:///(app-pages-browser)/./lib/chat-transport.ts:37
[  196535ms] [LOG] [ChatTransport] responseHandler called, data: {"type":"delta","content":"的","error":null,"message_id":"67c58e48-3c74-426d-98f8-dac32914bfaf","conversation_id":null,"itinerary":null,"stage":null} @ webpack-internal:///(app-pages-browser)/./lib/chat-transport.ts:115
[  196581ms] [LOG] [ChatTransport] onmessage triggered, has currentResponseHandler: true @ webpack-internal:///(app-pages-browser)/./lib/chat-transport.ts:37
[  196582ms] [LOG] [ChatTransport] responseHandler called, data: {"type":"delta","content":"绝","error":null,"message_id":"67c58e48-3c74-426d-98f8-dac32914bfaf","conversation_id":null,"itinerary":null,"stage":null} @ webpack-internal:///(app-pages-browser)/./lib/chat-transport.ts:115
[  196598ms] [LOG] [ChatTransport] onmessage triggered, has currentResponseHandler: true @ webpack-internal:///(app-pages-browser)/./lib/chat-transport.ts:37
[  196599ms] [LOG] [ChatTransport] responseHandler called, data: {"type":"delta","content":"佳","error":null,"message_id":"67c58e48-3c74-426d-98f8-dac32914bfaf","conversation_id":null,"itinerary":null,"stage":null} @ webpack-internal:///(app-pages-browser)/./lib/chat-transport.ts:115
[  196657ms] [LOG] [ChatTransport] onmessage triggered, has currentResponseHandler: true @ webpack-internal:///(app-pages-browser)/./lib/chat-transport.ts:37
[  196657ms] [LOG] [ChatTransport] responseHandler called, data: {"type":"delta","content":"位置","error":null,"message_id":"67c58e48-3c74-426d-98f8-dac32914bfaf","conversation_id":null,"itinerary":null,"stage":null} @ webpack-internal:///(app-pages-browser)/./lib/chat-transport.ts:115
[  196668ms] [LOG] [ChatTransport] onmessage triggered, has currentResponseHandler: true @ webpack-internal:///(app-pages-browser)/./lib/chat-transport.ts:37
[  196669ms] [LOG] [ChatTransport] responseHandler called, data: {"type":"delta","content":"。\n","error":null,"message_id":"67c58e48-3c74-426d-98f8-dac32914bfaf","conversation_id":null,"itinerary":null,"stage":null} @ webpack-internal:///(app-pages-browser)/./lib/chat-transport.ts:115
[  196727ms] [LOG] [ChatTransport] onmessage triggered, has currentResponseHandler: true @ webpack-internal:///(app-pages-browser)/./lib/chat-transport.ts:37
[  196728ms] [LOG] [ChatTransport] responseHandler called, data: {"type":"delta","content":"*","error":null,"message_id":"67c58e48-3c74-426d-98f8-dac32914bfaf","conversation_id":null,"itinerary":null,"stage":null} @ webpack-internal:///(app-pages-browser)/./lib/chat-transport.ts:115
[  196728ms] [LOG] [ChatTransport] onmessage triggered, has currentResponseHandler: true @ webpack-internal:///(app-pages-browser)/./lib/chat-transport.ts:37
[  196728ms] [LOG] [ChatTransport] responseHandler called, data: {"type":"delta","content":"  ","error":null,"message_id":"67c58e48-3c74-426d-98f8-dac32914bfaf","conversation_id":null,"itinerary":null,"stage":null} @ webpack-internal:///(app-pages-browser)/./lib/chat-transport.ts:115
[  196833ms] [LOG] [ChatTransport] onmessage triggered, has currentResponseHandler: true @ webpack-internal:///(app-pages-browser)/./lib/chat-transport.ts:37
[  196834ms] [LOG] [ChatTransport] responseHandler called, data: {"type":"delta","content":" **","error":null,"message_id":"67c58e48-3c74-426d-98f8-dac32914bfaf","conversation_id":null,"itinerary":null,"stage":null} @ webpack-internal:///(app-pages-browser)/./lib/chat-transport.ts:115
[  196846ms] [LOG] [ChatTransport] onmessage triggered, has currentResponseHandler: true @ webpack-internal:///(app-pages-browser)/./lib/chat-transport.ts:37
[  196846ms] [LOG] [ChatTransport] responseHandler called, data: {"type":"delta","content":"晚上","error":null,"message_id":"67c58e48-3c74-426d-98f8-dac32914bfaf","conversation_id":null,"itinerary":null,"stage":null} @ webpack-internal:///(app-pages-browser)/./lib/chat-transport.ts:115
[  196858ms] [LOG] [ChatTransport] onmessage triggered, has currentResponseHandler: true @ webpack-internal:///(app-pages-browser)/./lib/chat-transport.ts:37
[  196858ms] [LOG] [ChatTransport] responseHandler called, data: {"type":"delta","content":"：","error":null,"message_id":"67c58e48-3c74-426d-98f8-dac32914bfaf","conversation_id":null,"itinerary":null,"stage":null} @ webpack-internal:///(app-pages-browser)/./lib/chat-transport.ts:115
[  196881ms] [LOG] [ChatTransport] onmessage triggered, has currentResponseHandler: true @ webpack-internal:///(app-pages-browser)/./lib/chat-transport.ts:37
[  196882ms] [LOG] [ChatTransport] responseHandler called, data: {"type":"delta","content":"王府","error":null,"message_id":"67c58e48-3c74-426d-98f8-dac32914bfaf","conversation_id":null,"itinerary":null,"stage":null} @ webpack-internal:///(app-pages-browser)/./lib/chat-transport.ts:115
[  196914ms] [LOG] [ChatTransport] onmessage triggered, has currentResponseHandler: true @ webpack-internal:///(app-pages-browser)/./lib/chat-transport.ts:37
[  196914ms] [LOG] [ChatTransport] responseHandler called, data: {"type":"delta","content":"井","error":null,"message_id":"67c58e48-3c74-426d-98f8-dac32914bfaf","conversation_id":null,"itinerary":null,"stage":null} @ webpack-internal:///(app-pages-browser)/./lib/chat-transport.ts:115
[  196930ms] [LOG] [ChatTransport] onmessage triggered, has currentResponseHandler: true @ webpack-internal:///(app-pages-browser)/./lib/chat-transport.ts:37
[  196930ms] [LOG] [ChatTransport] responseHandler called, data: {"type":"delta","content":"大街","error":null,"message_id":"67c58e48-3c74-426d-98f8-dac32914bfaf","conversation_id":null,"itinerary":null,"stage":null} @ webpack-internal:///(app-pages-browser)/./lib/chat-transport.ts:115
[  196974ms] [LOG] [ChatTransport] onmessage triggered, has currentResponseHandler: true @ webpack-internal:///(app-pages-browser)/./lib/chat-transport.ts:37
[  196974ms] [LOG] [ChatTransport] responseHandler called, data: {"type":"delta","content":"**\n","error":null,"message_id":"67c58e48-3c74-426d-98f8-dac32914bfaf","conversation_id":null,"itinerary":null,"stage":null} @ webpack-internal:///(app-pages-browser)/./lib/chat-transport.ts:115
[  196993ms] [LOG] [ChatTransport] onmessage triggered, has currentResponseHandler: true @ webpack-internal:///(app-pages-browser)/./lib/chat-transport.ts:37
[  196994ms] [LOG] [ChatTransport] responseHandler called, data: {"type":"delta","content":"   ","error":null,"message_id":"67c58e48-3c74-426d-98f8-dac32914bfaf","conversation_id":null,"itinerary":null,"stage":null} @ webpack-internal:///(app-pages-browser)/./lib/chat-transport.ts:115
[  197041ms] [LOG] [ChatTransport] onmessage triggered, has currentResponseHandler: true @ webpack-internal:///(app-pages-browser)/./lib/chat-transport.ts:37
[  197042ms] [LOG] [ChatTransport] responseHandler called, data: {"type":"delta","content":" *","error":null,"message_id":"67c58e48-3c74-426d-98f8-dac32914bfaf","conversation_id":null,"itinerary":null,"stage":null} @ webpack-internal:///(app-pages-browser)/./lib/chat-transport.ts:115
[  197042ms] [LOG] [ChatTransport] onmessage triggered, has currentResponseHandler: true @ webpack-internal:///(app-pages-browser)/./lib/chat-transport.ts:37
[  197043ms] [LOG] [ChatTransport] responseHandler called, data: {"type":"delta","content":"  ","error":null,"message_id":"67c58e48-3c74-426d-98f8-dac32914bfaf","conversation_id":null,"itinerary":null,"stage":null} @ webpack-internal:///(app-pages-browser)/./lib/chat-transport.ts:115
[  197089ms] [LOG] [ChatTransport] onmessage triggered, has currentResponseHandler: true @ webpack-internal:///(app-pages-browser)/./lib/chat-transport.ts:37
[  197090ms] [LOG] [ChatTransport] responseHandler called, data: {"type":"delta","content":" **","error":null,"message_id":"67c58e48-3c74-426d-98f8-dac32914bfaf","conversation_id":null,"itinerary":null,"stage":null} @ webpack-internal:///(app-pages-browser)/./lib/chat-transport.ts:115
[  197107ms] [LOG] [ChatTransport] onmessage triggered, has currentResponseHandler: true @ webpack-internal:///(app-pages-browser)/./lib/chat-transport.ts:37
[  197108ms] [LOG] [ChatTransport] responseHandler called, data: {"type":"delta","content":"活动","error":null,"message_id":"67c58e48-3c74-426d-98f8-dac32914bfaf","conversation_id":null,"itinerary":null,"stage":null} @ webpack-internal:///(app-pages-browser)/./lib/chat-transport.ts:115
[  197149ms] [LOG] [ChatTransport] onmessage triggered, has currentResponseHandler: true @ webpack-internal:///(app-pages-browser)/./lib/chat-transport.ts:37
[  197149ms] [LOG] [ChatTransport] responseHandler called, data: {"type":"delta","content":"：","error":null,"message_id":"67c58e48-3c74-426d-98f8-dac32914bfaf","conversation_id":null,"itinerary":null,"stage":null} @ webpack-internal:///(app-pages-browser)/./lib/chat-transport.ts:115
[  197168ms] [LOG] [ChatTransport] onmessage triggered, has currentResponseHandler: true @ webpack-internal:///(app-pages-browser)/./lib/chat-transport.ts:37
[  197168ms] [LOG] [ChatTransport] responseHandler called, data: {"type":"delta","content":"**","error":null,"message_id":"67c58e48-3c74-426d-98f8-dac32914bfaf","conversation_id":null,"itinerary":null,"stage":null} @ webpack-internal:///(app-pages-browser)/./lib/chat-transport.ts:115
[  197329ms] [LOG] [ChatTransport] onmessage triggered, has currentResponseHandler: true @ webpack-internal:///(app-pages-browser)/./lib/chat-transport.ts:37
[  197329ms] [LOG] [ChatTransport] responseHandler called, data: {"type":"delta","content":" ","error":null,"message_id":"67c58e48-3c74-426d-98f8-dac32914bfaf","conversation_id":null,"itinerary":null,"stage":null} @ webpack-internal:///(app-pages-browser)/./lib/chat-transport.ts:115
[  197347ms] [LOG] [ChatTransport] onmessage triggered, has currentResponseHandler: true @ webpack-internal:///(app-pages-browser)/./lib/chat-transport.ts:37
[  197347ms] [LOG] [ChatTransport] responseHandler called, data: {"type":"delta","content":"逛逛","error":null,"message_id":"67c58e48-3c74-426d-98f8-dac32914bfaf","conversation_id":null,"itinerary":null,"stage":null} @ webpack-internal:///(app-pages-browser)/./lib/chat-transport.ts:115
[  197362ms] [LOG] [ChatTransport] onmessage triggered, has currentResponseHandler: true @ webpack-internal:///(app-pages-browser)/./lib/chat-transport.ts:37
[  197362ms] [LOG] [ChatTransport] responseHandler called, data: {"type":"delta","content":"著名的","error":null,"message_id":"67c58e48-3c74-426d-98f8-dac32914bfaf","conversation_id":null,"itinerary":null,"stage":null} @ webpack-internal:///(app-pages-browser)/./lib/chat-transport.ts:115
[  197374ms] [LOG] [ChatTransport] onmessage triggered, has currentResponseHandler: true @ webpack-internal:///(app-pages-browser)/./lib/chat-transport.ts:37
[  197374ms] [LOG] [ChatTransport] responseHandler called, data: {"type":"delta","content":"王府","error":null,"message_id":"67c58e48-3c74-426d-98f8-dac32914bfaf","conversation_id":null,"itinerary":null,"stage":null} @ webpack-internal:///(app-pages-browser)/./lib/chat-transport.ts:115
[  197374ms] [LOG] [ChatTransport] onmessage triggered, has currentResponseHandler: true @ webpack-internal:///(app-pages-browser)/./lib/chat-transport.ts:37
[  197375ms] [LOG] [ChatTransport] responseHandler called, data: {"type":"delta","content":"井","error":null,"message_id":"67c58e48-3c74-426d-98f8-dac32914bfaf","conversation_id":null,"itinerary":null,"stage":null} @ webpack-internal:///(app-pages-browser)/./lib/chat-transport.ts:115
[  197463ms] [LOG] [ChatTransport] onmessage triggered, has currentResponseHandler: true @ webpack-internal:///(app-pages-browser)/./lib/chat-transport.ts:37
[  197463ms] [LOG] [ChatTransport] responseHandler called, data: {"type":"delta","content":"商业","error":null,"message_id":"67c58e48-3c74-426d-98f8-dac32914bfaf","conversation_id":null,"itinerary":null,"stage":null} @ webpack-internal:///(app-pages-browser)/./lib/chat-transport.ts:115
[  197463ms] [LOG] [ChatTransport] onmessage triggered, has currentResponseHandler: true @ webpack-internal:///(app-pages-browser)/./lib/chat-transport.ts:37
[  197463ms] [LOG] [ChatTransport] responseHandler called, data: {"type":"delta","content":"街","error":null,"message_id":"67c58e48-3c74-426d-98f8-dac32914bfaf","conversation_id":null,"itinerary":null,"stage":null} @ webpack-internal:///(app-pages-browser)/./lib/chat-transport.ts:115
[  197484ms] [LOG] [ChatTransport] onmessage triggered, has currentResponseHandler: true @ webpack-internal:///(app-pages-browser)/./lib/chat-transport.ts:37
[  197484ms] [LOG] [ChatTransport] responseHandler called, data: {"type":"delta","content":"，","error":null,"message_id":"67c58e48-3c74-426d-98f8-dac32914bfaf","conversation_id":null,"itinerary":null,"stage":null} @ webpack-internal:///(app-pages-browser)/./lib/chat-transport.ts:115
[  197502ms] [LOG] [ChatTransport] onmessage triggered, has currentResponseHandler: true @ webpack-internal:///(app-pages-browser)/./lib/chat-transport.ts:37
[  197502ms] [LOG] [ChatTransport] responseHandler called, data: {"type":"delta","content":"可以","error":null,"message_id":"67c58e48-3c74-426d-98f8-dac32914bfaf","conversation_id":null,"itinerary":null,"stage":null} @ webpack-internal:///(app-pages-browser)/./lib/chat-transport.ts:115
[  197561ms] [LOG] [ChatTransport] onmessage triggered, has currentResponseHandler: true @ webpack-internal:///(app-pages-browser)/./lib/chat-transport.ts:37
[  197561ms] [LOG] [ChatTransport] responseHandler called, data: {"type":"delta","content":"参观","error":null,"message_id":"67c58e48-3c74-426d-98f8-dac32914bfaf","conversation_id":null,"itinerary":null,"stage":null} @ webpack-internal:///(app-pages-browser)/./lib/chat-transport.ts:115
[  197576ms] [LOG] [ChatTransport] onmessage triggered, has currentResponseHandler: true @ webpack-internal:///(app-pages-browser)/./lib/chat-transport.ts:37
[  197576ms] [LOG] [ChatTransport] responseHandler called, data: {"type":"delta","content":"王府","error":null,"message_id":"67c58e48-3c74-426d-98f8-dac32914bfaf","conversation_id":null,"itinerary":null,"stage":null} @ webpack-internal:///(app-pages-browser)/./lib/chat-transport.ts:115
[  197590ms] [LOG] [ChatTransport] onmessage triggered, has currentResponseHandler: true @ webpack-internal:///(app-pages-browser)/./lib/chat-transport.ts:37
[  197590ms] [LOG] [ChatTransport] responseHandler called, data: {"type":"delta","content":"井","error":null,"message_id":"67c58e48-3c74-426d-98f8-dac32914bfaf","conversation_id":null,"itinerary":null,"stage":null} @ webpack-internal:///(app-pages-browser)/./lib/chat-transport.ts:115
[  197603ms] [LOG] [ChatTransport] onmessage triggered, has currentResponseHandler: true @ webpack-internal:///(app-pages-browser)/./lib/chat-transport.ts:37
[  197603ms] [LOG] [ChatTransport] responseHandler called, data: {"type":"delta","content":"教堂","error":null,"message_id":"67c58e48-3c74-426d-98f8-dac32914bfaf","conversation_id":null,"itinerary":null,"stage":null} @ webpack-internal:///(app-pages-browser)/./lib/chat-transport.ts:115
[  197656ms] [LOG] [ChatTransport] onmessage triggered, has currentResponseHandler: true @ webpack-internal:///(app-pages-browser)/./lib/chat-transport.ts:37
[  197657ms] [LOG] [ChatTransport] responseHandler called, data: {"type":"delta","content":"，","error":null,"message_id":"67c58e48-3c74-426d-98f8-dac32914bfaf","conversation_id":null,"itinerary":null,"stage":null} @ webpack-internal:///(app-pages-browser)/./lib/chat-transport.ts:115
[  197662ms] [LOG] [ChatTransport] onmessage triggered, has currentResponseHandler: true @ webpack-internal:///(app-pages-browser)/./lib/chat-transport.ts:37
[  197662ms] [LOG] [ChatTransport] responseHandler called, data: {"type":"delta","content":"在","error":null,"message_id":"67c58e48-3c74-426d-98f8-dac32914bfaf","conversation_id":null,"itinerary":null,"stage":null} @ webpack-internal:///(app-pages-browser)/./lib/chat-transport.ts:115
[  197710ms] [LOG] [ChatTransport] onmessage triggered, has currentResponseHandler: true @ webpack-internal:///(app-pages-browser)/./lib/chat-transport.ts:37
[  197711ms] [LOG] [ChatTransport] responseHandler called, data: {"type":"delta","content":"步行","error":null,"message_id":"67c58e48-3c74-426d-98f8-dac32914bfaf","conversation_id":null,"itinerary":null,"stage":null} @ webpack-internal:///(app-pages-browser)/./lib/chat-transport.ts:115
[  197778ms] [LOG] [ChatTransport] onmessage triggered, has currentResponseHandler: true @ webpack-internal:///(app-pages-browser)/./lib/chat-transport.ts:37
[  197779ms] [LOG] [ChatTransport] responseHandler called, data: {"type":"delta","content":"街上","error":null,"message_id":"67c58e48-3c74-426d-98f8-dac32914bfaf","conversation_id":null,"itinerary":null,"stage":null} @ webpack-internal:///(app-pages-browser)/./lib/chat-transport.ts:115
[  198091ms] [LOG] [ChatTransport] onmessage triggered, has currentResponseHandler: true @ webpack-internal:///(app-pages-browser)/./lib/chat-transport.ts:37
[  198091ms] [LOG] [ChatTransport] responseHandler called, data: {"type":"delta","content":"感受","error":null,"message_id":"67c58e48-3c74-426d-98f8-dac32914bfaf","conversation_id":null,"itinerary":null,"stage":null} @ webpack-internal:///(app-pages-browser)/./lib/chat-transport.ts:115
[  198091ms] [LOG] [ChatTransport] onmessage triggered, has currentResponseHandler: true @ webpack-internal:///(app-pages-browser)/./lib/chat-transport.ts:37
[  198091ms] [LOG] [ChatTransport] responseHandler called, data: {"type":"delta","content":"现代","error":null,"message_id":"67c58e48-3c74-426d-98f8-dac32914bfaf","conversation_id":null,"itinerary":null,"stage":null} @ webpack-internal:///(app-pages-browser)/./lib/chat-transport.ts:115
[  198112ms] [LOG] [ChatTransport] onmessage triggered, has currentResponseHandler: true @ webpack-internal:///(app-pages-browser)/./lib/chat-transport.ts:37
[  198112ms] [LOG] [ChatTransport] responseHandler called, data: {"type":"delta","content":"北京的","error":null,"message_id":"67c58e48-3c74-426d-98f8-dac32914bfaf","conversation_id":null,"itinerary":null,"stage":null} @ webpack-internal:///(app-pages-browser)/./lib/chat-transport.ts:115
[  198126ms] [LOG] [ChatTransport] onmessage triggered, has currentResponseHandler: true @ webpack-internal:///(app-pages-browser)/./lib/chat-transport.ts:37
[  198126ms] [LOG] [ChatTransport] responseHandler called, data: {"type":"delta","content":"繁华","error":null,"message_id":"67c58e48-3c74-426d-98f8-dac32914bfaf","conversation_id":null,"itinerary":null,"stage":null} @ webpack-internal:///(app-pages-browser)/./lib/chat-transport.ts:115
[  198127ms] [LOG] [ChatTransport] onmessage triggered, has currentResponseHandler: true @ webpack-internal:///(app-pages-browser)/./lib/chat-transport.ts:37
[  198127ms] [LOG] [ChatTransport] responseHandler called, data: {"type":"delta","content":"，","error":null,"message_id":"67c58e48-3c74-426d-98f8-dac32914bfaf","conversation_id":null,"itinerary":null,"stage":null} @ webpack-internal:///(app-pages-browser)/./lib/chat-transport.ts:115
[  198127ms] [LOG] [ChatTransport] onmessage triggered, has currentResponseHandler: true @ webpack-internal:///(app-pages-browser)/./lib/chat-transport.ts:37
[  198128ms] [LOG] [ChatTransport] responseHandler called, data: {"type":"delta","content":"晚餐","error":null,"message_id":"67c58e48-3c74-426d-98f8-dac32914bfaf","conversation_id":null,"itinerary":null,"stage":null} @ webpack-internal:///(app-pages-browser)/./lib/chat-transport.ts:115
[  198128ms] [LOG] [ChatTransport] onmessage triggered, has currentResponseHandler: true @ webpack-internal:///(app-pages-browser)/./lib/chat-transport.ts:37
[  198128ms] [LOG] [ChatTransport] responseHandler called, data: {"type":"delta","content":"可以选择","error":null,"message_id":"67c58e48-3c74-426d-98f8-dac32914bfaf","conversation_id":null,"itinerary":null,"stage":null} @ webpack-internal:///(app-pages-browser)/./lib/chat-transport.ts:115
[  198129ms] [LOG] [ChatTransport] onmessage triggered, has currentResponseHandler: true @ webpack-internal:///(app-pages-browser)/./lib/chat-transport.ts:37
[  198129ms] [LOG] [ChatTransport] responseHandler called, data: {"type":"delta","content":"东","error":null,"message_id":"67c58e48-3c74-426d-98f8-dac32914bfaf","conversation_id":null,"itinerary":null,"stage":null} @ webpack-internal:///(app-pages-browser)/./lib/chat-transport.ts:115
[  198143ms] [LOG] [ChatTransport] onmessage triggered, has currentResponseHandler: true @ webpack-internal:///(app-pages-browser)/./lib/chat-transport.ts:37
[  198144ms] [LOG] [ChatTransport] responseHandler called, data: {"type":"delta","content":"来","error":null,"message_id":"67c58e48-3c74-426d-98f8-dac32914bfaf","conversation_id":null,"itinerary":null,"stage":null} @ webpack-internal:///(app-pages-browser)/./lib/chat-transport.ts:115
[  198155ms] [LOG] [ChatTransport] onmessage triggered, has currentResponseHandler: true @ webpack-internal:///(app-pages-browser)/./lib/chat-transport.ts:37
[  198155ms] [LOG] [ChatTransport] responseHandler called, data: {"type":"delta","content":"顺","error":null,"message_id":"67c58e48-3c74-426d-98f8-dac32914bfaf","conversation_id":null,"itinerary":null,"stage":null} @ webpack-internal:///(app-pages-browser)/./lib/chat-transport.ts:115
[  198200ms] [LOG] [ChatTransport] onmessage triggered, has currentResponseHandler: true @ webpack-internal:///(app-pages-browser)/./lib/chat-transport.ts:37
[  198200ms] [LOG] [ChatTransport] responseHandler called, data: {"type":"delta","content":"涮","error":null,"message_id":"67c58e48-3c74-426d-98f8-dac32914bfaf","conversation_id":null,"itinerary":null,"stage":null} @ webpack-internal:///(app-pages-browser)/./lib/chat-transport.ts:115
[  198278ms] [LOG] [ChatTransport] onmessage triggered, has currentResponseHandler: true @ webpack-internal:///(app-pages-browser)/./lib/chat-transport.ts:37
[  198279ms] [LOG] [ChatTransport] responseHandler called, data: {"type":"delta","content":"肉","error":null,"message_id":"67c58e48-3c74-426d-98f8-dac32914bfaf","conversation_id":null,"itinerary":null,"stage":null} @ webpack-internal:///(app-pages-browser)/./lib/chat-transport.ts:115
[  198279ms] [LOG] [ChatTransport] onmessage triggered, has currentResponseHandler: true @ webpack-internal:///(app-pages-browser)/./lib/chat-transport.ts:37
[  198279ms] [LOG] [ChatTransport] responseHandler called, data: {"type":"delta","content":"或其他","error":null,"message_id":"67c58e48-3c74-426d-98f8-dac32914bfaf","conversation_id":null,"itinerary":null,"stage":null} @ webpack-internal:///(app-pages-browser)/./lib/chat-transport.ts:115
[  198321ms] [LOG] [ChatTransport] onmessage triggered, has currentResponseHandler: true @ webpack-internal:///(app-pages-browser)/./lib/chat-transport.ts:37
[  198321ms] [LOG] [ChatTransport] responseHandler called, data: {"type":"delta","content":"老","error":null,"message_id":"67c58e48-3c74-426d-98f8-dac32914bfaf","conversation_id":null,"itinerary":null,"stage":null} @ webpack-internal:///(app-pages-browser)/./lib/chat-transport.ts:115
[  198338ms] [LOG] [ChatTransport] onmessage triggered, has currentResponseHandler: true @ webpack-internal:///(app-pages-browser)/./lib/chat-transport.ts:37
[  198338ms] [LOG] [ChatTransport] responseHandler called, data: {"type":"delta","content":"字号","error":null,"message_id":"67c58e48-3c74-426d-98f8-dac32914bfaf","conversation_id":null,"itinerary":null,"stage":null} @ webpack-internal:///(app-pages-browser)/./lib/chat-transport.ts:115
[  198391ms] [LOG] [ChatTransport] onmessage triggered, has currentResponseHandler: true @ webpack-internal:///(app-pages-browser)/./lib/chat-transport.ts:37
[  198392ms] [LOG] [ChatTransport] responseHandler called, data: {"type":"delta","content":"。\n\n","error":null,"message_id":"67c58e48-3c74-426d-98f8-dac32914bfaf","conversation_id":null,"itinerary":null,"stage":null} @ webpack-internal:///(app-pages-browser)/./lib/chat-transport.ts:115
[  198408ms] [LOG] [ChatTransport] onmessage triggered, has currentResponseHandler: true @ webpack-internal:///(app-pages-browser)/./lib/chat-transport.ts:37
[  198409ms] [LOG] [ChatTransport] responseHandler called, data: {"type":"delta","content":"####","error":null,"message_id":"67c58e48-3c74-426d-98f8-dac32914bfaf","conversation_id":null,"itinerary":null,"stage":null} @ webpack-internal:///(app-pages-browser)/./lib/chat-transport.ts:115
[  198446ms] [LOG] [ChatTransport] onmessage triggered, has currentResponseHandler: true @ webpack-internal:///(app-pages-browser)/./lib/chat-transport.ts:37
[  198446ms] [LOG] [ChatTransport] responseHandler called, data: {"type":"delta","content":" **","error":null,"message_id":"67c58e48-3c74-426d-98f8-dac32914bfaf","conversation_id":null,"itinerary":null,"stage":null} @ webpack-internal:///(app-pages-browser)/./lib/chat-transport.ts:115
[  198458ms] [LOG] [ChatTransport] onmessage triggered, has currentResponseHandler: true @ webpack-internal:///(app-pages-browser)/./lib/chat-transport.ts:37
[  198458ms] [LOG] [ChatTransport] responseHandler called, data: {"type":"delta","content":"第二天","error":null,"message_id":"67c58e48-3c74-426d-98f8-dac32914bfaf","conversation_id":null,"itinerary":null,"stage":null} @ webpack-internal:///(app-pages-browser)/./lib/chat-transport.ts:115
[  198501ms] [LOG] [ChatTransport] onmessage triggered, has currentResponseHandler: true @ webpack-internal:///(app-pages-browser)/./lib/chat-transport.ts:37
[  198501ms] [LOG] [ChatTransport] responseHandler called, data: {"type":"delta","content":"：","error":null,"message_id":"67c58e48-3c74-426d-98f8-dac32914bfaf","conversation_id":null,"itinerary":null,"stage":null} @ webpack-internal:///(app-pages-browser)/./lib/chat-transport.ts:115
[  198501ms] [LOG] [ChatTransport] onmessage triggered, has currentResponseHandler: true @ webpack-internal:///(app-pages-browser)/./lib/chat-transport.ts:37
[  198501ms] [LOG] [ChatTransport] responseHandler called, data: {"type":"delta","content":"皇家","error":null,"message_id":"67c58e48-3c74-426d-98f8-dac32914bfaf","conversation_id":null,"itinerary":null,"stage":null} @ webpack-internal:///(app-pages-browser)/./lib/chat-transport.ts:115
[  198572ms] [LOG] [ChatTransport] onmessage triggered, has currentResponseHandler: true @ webpack-internal:///(app-pages-browser)/./lib/chat-transport.ts:37
[  198572ms] [LOG] [ChatTransport] responseHandler called, data: {"type":"delta","content":"园林","error":null,"message_id":"67c58e48-3c74-426d-98f8-dac32914bfaf","conversation_id":null,"itinerary":null,"stage":null} @ webpack-internal:///(app-pages-browser)/./lib/chat-transport.ts:115
[  198593ms] [LOG] [ChatTransport] onmessage triggered, has currentResponseHandler: true @ webpack-internal:///(app-pages-browser)/./lib/chat-transport.ts:37
[  198593ms] [LOG] [ChatTransport] responseHandler called, data: {"type":"delta","content":"与","error":null,"message_id":"67c58e48-3c74-426d-98f8-dac32914bfaf","conversation_id":null,"itinerary":null,"stage":null} @ webpack-internal:///(app-pages-browser)/./lib/chat-transport.ts:115
[  198624ms] [LOG] [ChatTransport] onmessage triggered, has currentResponseHandler: true @ webpack-internal:///(app-pages-browser)/./lib/chat-transport.ts:37
[  198624ms] [LOG] [ChatTransport] responseHandler called, data: {"type":"delta","content":"奥运","error":null,"message_id":"67c58e48-3c74-426d-98f8-dac32914bfaf","conversation_id":null,"itinerary":null,"stage":null} @ webpack-internal:///(app-pages-browser)/./lib/chat-transport.ts:115
[  198686ms] [LOG] [ChatTransport] onmessage triggered, has currentResponseHandler: true @ webpack-internal:///(app-pages-browser)/./lib/chat-transport.ts:37
[  198686ms] [LOG] [ChatTransport] responseHandler called, data: {"type":"delta","content":"风采","error":null,"message_id":"67c58e48-3c74-426d-98f8-dac32914bfaf","conversation_id":null,"itinerary":null,"stage":null} @ webpack-internal:///(app-pages-browser)/./lib/chat-transport.ts:115
[  198740ms] [LOG] [ChatTransport] onmessage triggered, has currentResponseHandler: true @ webpack-internal:///(app-pages-browser)/./lib/chat-transport.ts:37
[  198740ms] [LOG] [ChatTransport] responseHandler called, data: {"type":"delta","content":"**\n","error":null,"message_id":"67c58e48-3c74-426d-98f8-dac32914bfaf","conversation_id":null,"itinerary":null,"stage":null} @ webpack-internal:///(app-pages-browser)/./lib/chat-transport.ts:115
[  198762ms] [LOG] [ChatTransport] onmessage triggered, has currentResponseHandler: true @ webpack-internal:///(app-pages-browser)/./lib/chat-transport.ts:37
[  198762ms] [LOG] [ChatTransport] responseHandler called, data: {"type":"delta","content":"*","error":null,"message_id":"67c58e48-3c74-426d-98f8-dac32914bfaf","conversation_id":null,"itinerary":null,"stage":null} @ webpack-internal:///(app-pages-browser)/./lib/chat-transport.ts:115
[  198864ms] [LOG] [ChatTransport] onmessage triggered, has currentResponseHandler: true @ webpack-internal:///(app-pages-browser)/./lib/chat-transport.ts:37
[  198865ms] [LOG] [ChatTransport] responseHandler called, data: {"type":"delta","content":"  ","error":null,"message_id":"67c58e48-3c74-426d-98f8-dac32914bfaf","conversation_id":null,"itinerary":null,"stage":null} @ webpack-internal:///(app-pages-browser)/./lib/chat-transport.ts:115
[  198888ms] [LOG] [ChatTransport] onmessage triggered, has currentResponseHandler: true @ webpack-internal:///(app-pages-browser)/./lib/chat-transport.ts:37
[  198888ms] [LOG] [ChatTransport] responseHandler called, data: {"type":"delta","content":" **","error":null,"message_id":"67c58e48-3c74-426d-98f8-dac32914bfaf","conversation_id":null,"itinerary":null,"stage":null} @ webpack-internal:///(app-pages-browser)/./lib/chat-transport.ts:115
[  198950ms] [LOG] [ChatTransport] onmessage triggered, has currentResponseHandler: true @ webpack-internal:///(app-pages-browser)/./lib/chat-transport.ts:37
[  198950ms] [LOG] [ChatTransport] responseHandler called, data: {"type":"delta","content":"上午","error":null,"message_id":"67c58e48-3c74-426d-98f8-dac32914bfaf","conversation_id":null,"itinerary":null,"stage":null} @ webpack-internal:///(app-pages-browser)/./lib/chat-transport.ts:115
[  198970ms] [LOG] [ChatTransport] onmessage triggered, has currentResponseHandler: true @ webpack-internal:///(app-pages-browser)/./lib/chat-transport.ts:37
[  198971ms] [LOG] [ChatTransport] responseHandler called, data: {"type":"delta","content":"：","error":null,"message_id":"67c58e48-3c74-426d-98f8-dac32914bfaf","conversation_id":null,"itinerary":null,"stage":null} @ webpack-internal:///(app-pages-browser)/./lib/chat-transport.ts:115
[  198982ms] [LOG] [ChatTransport] onmessage triggered, has currentResponseHandler: true @ webpack-internal:///(app-pages-browser)/./lib/chat-transport.ts:37
[  198983ms] [LOG] [ChatTransport] responseHandler called, data: {"type":"delta","content":"颐","error":null,"message_id":"67c58e48-3c74-426d-98f8-dac32914bfaf","conversation_id":null,"itinerary":null,"stage":null} @ webpack-internal:///(app-pages-browser)/./lib/chat-transport.ts:115
[  198983ms] [LOG] [ChatTransport] onmessage triggered, has currentResponseHandler: true @ webpack-internal:///(app-pages-browser)/./lib/chat-transport.ts:37
[  198984ms] [LOG] [ChatTransport] responseHandler called, data: {"type":"delta","content":"和","error":null,"message_id":"67c58e48-3c74-426d-98f8-dac32914bfaf","conversation_id":null,"itinerary":null,"stage":null} @ webpack-internal:///(app-pages-browser)/./lib/chat-transport.ts:115
[  198990ms] [LOG] [ChatTransport] onmessage triggered, has currentResponseHandler: true @ webpack-internal:///(app-pages-browser)/./lib/chat-transport.ts:37
[  198990ms] [LOG] [ChatTransport] responseHandler called, data: {"type":"delta","content":"园","error":null,"message_id":"67c58e48-3c74-426d-98f8-dac32914bfaf","conversation_id":null,"itinerary":null,"stage":null} @ webpack-internal:///(app-pages-browser)/./lib/chat-transport.ts:115
[  198990ms] [LOG] [ChatTransport] onmessage triggered, has currentResponseHandler: true @ webpack-internal:///(app-pages-browser)/./lib/chat-transport.ts:37
[  198990ms] [LOG] [ChatTransport] responseHandler called, data: {"type":"delta","content":"**\n","error":null,"message_id":"67c58e48-3c74-426d-98f8-dac32914bfaf","conversation_id":null,"itinerary":null,"stage":null} @ webpack-internal:///(app-pages-browser)/./lib/chat-transport.ts:115
[  199079ms] [LOG] [ChatTransport] onmessage triggered, has currentResponseHandler: true @ webpack-internal:///(app-pages-browser)/./lib/chat-transport.ts:37
[  199080ms] [LOG] [ChatTransport] responseHandler called, data: {"type":"delta","content":"   ","error":null,"message_id":"67c58e48-3c74-426d-98f8-dac32914bfaf","conversation_id":null,"itinerary":null,"stage":null} @ webpack-internal:///(app-pages-browser)/./lib/chat-transport.ts:115
[  199080ms] [LOG] [ChatTransport] onmessage triggered, has currentResponseHandler: true @ webpack-internal:///(app-pages-browser)/./lib/chat-transport.ts:37
[  199080ms] [LOG] [ChatTransport] responseHandler called, data: {"type":"delta","content":" *","error":null,"message_id":"67c58e48-3c74-426d-98f8-dac32914bfaf","conversation_id":null,"itinerary":null,"stage":null} @ webpack-internal:///(app-pages-browser)/./lib/chat-transport.ts:115
[  199108ms] [LOG] [ChatTransport] onmessage triggered, has currentResponseHandler: true @ webpack-internal:///(app-pages-browser)/./lib/chat-transport.ts:37
[  199108ms] [LOG] [ChatTransport] responseHandler called, data: {"type":"delta","content":"  ","error":null,"message_id":"67c58e48-3c74-426d-98f8-dac32914bfaf","conversation_id":null,"itinerary":null,"stage":null} @ webpack-internal:///(app-pages-browser)/./lib/chat-transport.ts:115
[  199122ms] [LOG] [ChatTransport] onmessage triggered, has currentResponseHandler: true @ webpack-internal:///(app-pages-browser)/./lib/chat-transport.ts:37
[  199122ms] [LOG] [ChatTransport] responseHandler called, data: {"type":"delta","content":" **","error":null,"message_id":"67c58e48-3c74-426d-98f8-dac32914bfaf","conversation_id":null,"itinerary":null,"stage":null} @ webpack-internal:///(app-pages-browser)/./lib/chat-transport.ts:115
[  199163ms] [LOG] [ChatTransport] onmessage triggered, has currentResponseHandler: true @ webpack-internal:///(app-pages-browser)/./lib/chat-transport.ts:37
[  199163ms] [LOG] [ChatTransport] responseHandler called, data: {"type":"delta","content":"活动","error":null,"message_id":"67c58e48-3c74-426d-98f8-dac32914bfaf","conversation_id":null,"itinerary":null,"stage":null} @ webpack-internal:///(app-pages-browser)/./lib/chat-transport.ts:115
[  199163ms] [LOG] [ChatTransport] onmessage triggered, has currentResponseHandler: true @ webpack-internal:///(app-pages-browser)/./lib/chat-transport.ts:37
[  199163ms] [LOG] [ChatTransport] responseHandler called, data: {"type":"delta","content":"：","error":null,"message_id":"67c58e48-3c74-426d-98f8-dac32914bfaf","conversation_id":null,"itinerary":null,"stage":null} @ webpack-internal:///(app-pages-browser)/./lib/chat-transport.ts:115
[  199219ms] [LOG] [ChatTransport] onmessage triggered, has currentResponseHandler: true @ webpack-internal:///(app-pages-browser)/./lib/chat-transport.ts:37
[  199219ms] [LOG] [ChatTransport] responseHandler called, data: {"type":"delta","content":"**","error":null,"message_id":"67c58e48-3c74-426d-98f8-dac32914bfaf","conversation_id":null,"itinerary":null,"stage":null} @ webpack-internal:///(app-pages-browser)/./lib/chat-transport.ts:115
[  199220ms] [LOG] [ChatTransport] onmessage triggered, has currentResponseHandler: true @ webpack-internal:///(app-pages-browser)/./lib/chat-transport.ts:37
[  199222ms] [LOG] [ChatTransport] responseHandler called, data: {"type":"delta","content":" ","error":null,"message_id":"67c58e48-3c74-426d-98f8-dac32914bfaf","conversation_id":null,"itinerary":null,"stage":null} @ webpack-internal:///(app-pages-browser)/./lib/chat-transport.ts:115
[  199283ms] [LOG] [ChatTransport] onmessage triggered, has currentResponseHandler: true @ webpack-internal:///(app-pages-browser)/./lib/chat-transport.ts:37
[  199283ms] [LOG] [ChatTransport] responseHandler called, data: {"type":"delta","content":"利用","error":null,"message_id":"67c58e48-3c74-426d-98f8-dac32914bfaf","conversation_id":null,"itinerary":null,"stage":null} @ webpack-internal:///(app-pages-browser)/./lib/chat-transport.ts:115
[  199284ms] [LOG] [ChatTransport] onmessage triggered, has currentResponseHandler: true @ webpack-internal:///(app-pages-browser)/./lib/chat-transport.ts:37
[  199284ms] [LOG] [ChatTransport] responseHandler called, data: {"type":"delta","content":"晴朗","error":null,"message_id":"67c58e48-3c74-426d-98f8-dac32914bfaf","conversation_id":null,"itinerary":null,"stage":null} @ webpack-internal:///(app-pages-browser)/./lib/chat-transport.ts:115
[  199341ms] [LOG] [ChatTransport] onmessage triggered, has currentResponseHandler: true @ webpack-internal:///(app-pages-browser)/./lib/chat-transport.ts:37
[  199341ms] [LOG] [ChatTransport] responseHandler called, data: {"type":"delta","content":"的好","error":null,"message_id":"67c58e48-3c74-426d-98f8-dac32914bfaf","conversation_id":null,"itinerary":null,"stage":null} @ webpack-internal:///(app-pages-browser)/./lib/chat-transport.ts:115
[  199342ms] [LOG] [ChatTransport] onmessage triggered, has currentResponseHandler: true @ webpack-internal:///(app-pages-browser)/./lib/chat-transport.ts:37
[  199342ms] [LOG] [ChatTransport] responseHandler called, data: {"type":"delta","content":"天气","error":null,"message_id":"67c58e48-3c74-426d-98f8-dac32914bfaf","conversation_id":null,"itinerary":null,"stage":null} @ webpack-internal:///(app-pages-browser)/./lib/chat-transport.ts:115
[  199398ms] [LOG] [ChatTransport] onmessage triggered, has currentResponseHandler: true @ webpack-internal:///(app-pages-browser)/./lib/chat-transport.ts:37
[  199398ms] [LOG] [ChatTransport] responseHandler called, data: {"type":"delta","content":"，","error":null,"message_id":"67c58e48-3c74-426d-98f8-dac32914bfaf","conversation_id":null,"itinerary":null,"stage":null} @ webpack-internal:///(app-pages-browser)/./lib/chat-transport.ts:115
[  199420ms] [LOG] [ChatTransport] onmessage triggered, has currentResponseHandler: true @ webpack-internal:///(app-pages-browser)/./lib/chat-transport.ts:37
[  199421ms] [LOG] [ChatTransport] responseHandler called, data: {"type":"delta","content":"游览","error":null,"message_id":"67c58e48-3c74-426d-98f8-dac32914bfaf","conversation_id":null,"itinerary":null,"stage":null} @ webpack-internal:///(app-pages-browser)/./lib/chat-transport.ts:115
[  199460ms] [LOG] [ChatTransport] onmessage triggered, has currentResponseHandler: true @ webpack-internal:///(app-pages-browser)/./lib/chat-transport.ts:37
[  199461ms] [LOG] [ChatTransport] responseHandler called, data: {"type":"delta","content":"中国","error":null,"message_id":"67c58e48-3c74-426d-98f8-dac32914bfaf","conversation_id":null,"itinerary":null,"stage":null} @ webpack-internal:///(app-pages-browser)/./lib/chat-transport.ts:115
[  199483ms] [LOG] [ChatTransport] onmessage triggered, has currentResponseHandler: true @ webpack-internal:///(app-pages-browser)/./lib/chat-transport.ts:37
[  199483ms] [LOG] [ChatTransport] responseHandler called, data: {"type":"delta","content":"现存","error":null,"message_id":"67c58e48-3c74-426d-98f8-dac32914bfaf","conversation_id":null,"itinerary":null,"stage":null} @ webpack-internal:///(app-pages-browser)/./lib/chat-transport.ts:115
[  199518ms] [LOG] [ChatTransport] onmessage triggered, has currentResponseHandler: true @ webpack-internal:///(app-pages-browser)/./lib/chat-transport.ts:37
[  199518ms] [LOG] [ChatTransport] responseHandler called, data: {"type":"delta","content":"最","error":null,"message_id":"67c58e48-3c74-426d-98f8-dac32914bfaf","conversation_id":null,"itinerary":null,"stage":null} @ webpack-internal:///(app-pages-browser)/./lib/chat-transport.ts:115
[  199541ms] [LOG] [ChatTransport] onmessage triggered, has currentResponseHandler: true @ webpack-internal:///(app-pages-browser)/./lib/chat-transport.ts:37
[  199541ms] [LOG] [ChatTransport] responseHandler called, data: {"type":"delta","content":"完整的","error":null,"message_id":"67c58e48-3c74-426d-98f8-dac32914bfaf","conversation_id":null,"itinerary":null,"stage":null} @ webpack-internal:///(app-pages-browser)/./lib/chat-transport.ts:115
[  199580ms] [LOG] [ChatTransport] onmessage triggered, has currentResponseHandler: true @ webpack-internal:///(app-pages-browser)/./lib/chat-transport.ts:37
[  199580ms] [LOG] [ChatTransport] responseHandler called, data: {"type":"delta","content":"皇家","error":null,"message_id":"67c58e48-3c74-426d-98f8-dac32914bfaf","conversation_id":null,"itinerary":null,"stage":null} @ webpack-internal:///(app-pages-browser)/./lib/chat-transport.ts:115
[  199581ms] [LOG] [ChatTransport] onmessage triggered, has currentResponseHandler: true @ webpack-internal:///(app-pages-browser)/./lib/chat-transport.ts:37
[  199581ms] [LOG] [ChatTransport] responseHandler called, data: {"type":"delta","content":"园林","error":null,"message_id":"67c58e48-3c74-426d-98f8-dac32914bfaf","conversation_id":null,"itinerary":null,"stage":null} @ webpack-internal:///(app-pages-browser)/./lib/chat-transport.ts:115
[  199638ms] [LOG] [ChatTransport] onmessage triggered, has currentResponseHandler: true @ webpack-internal:///(app-pages-browser)/./lib/chat-transport.ts:37
[  199639ms] [LOG] [ChatTransport] responseHandler called, data: {"type":"delta","content":"。","error":null,"message_id":"67c58e48-3c74-426d-98f8-dac32914bfaf","conversation_id":null,"itinerary":null,"stage":null} @ webpack-internal:///(app-pages-browser)/./lib/chat-transport.ts:115
[  199700ms] [LOG] [ChatTransport] onmessage triggered, has currentResponseHandler: true @ webpack-internal:///(app-pages-browser)/./lib/chat-transport.ts:37
[  199700ms] [LOG] [ChatTransport] responseHandler called, data: {"type":"delta","content":"建议","error":null,"message_id":"67c58e48-3c74-426d-98f8-dac32914bfaf","conversation_id":null,"itinerary":null,"stage":null} @ webpack-internal:///(app-pages-browser)/./lib/chat-transport.ts:115
[  199809ms] [LOG] [ChatTransport] onmessage triggered, has currentResponseHandler: true @ webpack-internal:///(app-pages-browser)/./lib/chat-transport.ts:37
[  199809ms] [LOG] [ChatTransport] responseHandler called, data: {"type":"delta","content":"从","error":null,"message_id":"67c58e48-3c74-426d-98f8-dac32914bfaf","conversation_id":null,"itinerary":null,"stage":null} @ webpack-internal:///(app-pages-browser)/./lib/chat-transport.ts:115
[  199824ms] [LOG] [ChatTransport] onmessage triggered, has currentResponseHandler: true @ webpack-internal:///(app-pages-browser)/./lib/chat-transport.ts:37
[  199824ms] [LOG] [ChatTransport] responseHandler called, data: {"type":"delta","content":"东","error":null,"message_id":"67c58e48-3c74-426d-98f8-dac32914bfaf","conversation_id":null,"itinerary":null,"stage":null} @ webpack-internal:///(app-pages-browser)/./lib/chat-transport.ts:115
[  199835ms] [LOG] [ChatTransport] onmessage triggered, has currentResponseHandler: true @ webpack-internal:///(app-pages-browser)/./lib/chat-transport.ts:37
[  199835ms] [LOG] [ChatTransport] responseHandler called, data: {"type":"delta","content":"宫","error":null,"message_id":"67c58e48-3c74-426d-98f8-dac32914bfaf","conversation_id":null,"itinerary":null,"stage":null} @ webpack-internal:///(app-pages-browser)/./lib/chat-transport.ts:115
[  199984ms] [LOG] [ChatTransport] onmessage triggered, has currentResponseHandler: true @ webpack-internal:///(app-pages-browser)/./lib/chat-transport.ts:37
[  199984ms] [LOG] [ChatTransport] responseHandler called, data: {"type":"delta","content":"门","error":null,"message_id":"67c58e48-3c74-426d-98f8-dac32914bfaf","conversation_id":null,"itinerary":null,"stage":null} @ webpack-internal:///(app-pages-browser)/./lib/chat-transport.ts:115
[  199985ms] [LOG] [ChatTransport] onmessage triggered, has currentResponseHandler: true @ webpack-internal:///(app-pages-browser)/./lib/chat-transport.ts:37
[  199985ms] [LOG] [ChatTransport] responseHandler called, data: {"type":"delta","content":"进入","error":null,"message_id":"67c58e48-3c74-426d-98f8-dac32914bfaf","conversation_id":null,"itinerary":null,"stage":null} @ webpack-internal:///(app-pages-browser)/./lib/chat-transport.ts:115
[  200006ms] [LOG] [ChatTransport] onmessage triggered, has currentResponseHandler: true @ webpack-internal:///(app-pages-browser)/./lib/chat-transport.ts:37
[  200006ms] [LOG] [ChatTransport] responseHandler called, data: {"type":"delta","content":"，","error":null,"message_id":"67c58e48-3c74-426d-98f8-dac32914bfaf","conversation_id":null,"itinerary":null,"stage":null} @ webpack-internal:///(app-pages-browser)/./lib/chat-transport.ts:115
[  200006ms] [LOG] [ChatTransport] onmessage triggered, has currentResponseHandler: true @ webpack-internal:///(app-pages-browser)/./lib/chat-transport.ts:37
[  200006ms] [LOG] [ChatTransport] responseHandler called, data: {"type":"delta","content":"重点","error":null,"message_id":"67c58e48-3c74-426d-98f8-dac32914bfaf","conversation_id":null,"itinerary":null,"stage":null} @ webpack-internal:///(app-pages-browser)/./lib/chat-transport.ts:115
[  200027ms] [LOG] [ChatTransport] onmessage triggered, has currentResponseHandler: true @ webpack-internal:///(app-pages-browser)/./lib/chat-transport.ts:37
[  200028ms] [LOG] [ChatTransport] responseHandler called, data: {"type":"delta","content":"游览","error":null,"message_id":"67c58e48-3c74-426d-98f8-dac32914bfaf","conversation_id":null,"itinerary":null,"stage":null} @ webpack-internal:///(app-pages-browser)/./lib/chat-transport.ts:115
[  200046ms] [LOG] [ChatTransport] onmessage triggered, has currentResponseHandler: true @ webpack-internal:///(app-pages-browser)/./lib/chat-transport.ts:37
[  200046ms] [LOG] [ChatTransport] responseHandler called, data: {"type":"delta","content":"仁","error":null,"message_id":"67c58e48-3c74-426d-98f8-dac32914bfaf","conversation_id":null,"itinerary":null,"stage":null} @ webpack-internal:///(app-pages-browser)/./lib/chat-transport.ts:115
[  200062ms] [LOG] [ChatTransport] onmessage triggered, has currentResponseHandler: true @ webpack-internal:///(app-pages-browser)/./lib/chat-transport.ts:37
[  200063ms] [LOG] [ChatTransport] responseHandler called, data: {"type":"delta","content":"寿","error":null,"message_id":"67c58e48-3c74-426d-98f8-dac32914bfaf","conversation_id":null,"itinerary":null,"stage":null} @ webpack-internal:///(app-pages-browser)/./lib/chat-transport.ts:115
[  200073ms] [LOG] [ChatTransport] onmessage triggered, has currentResponseHandler: true @ webpack-internal:///(app-pages-browser)/./lib/chat-transport.ts:37
[  200073ms] [LOG] [ChatTransport] responseHandler called, data: {"type":"delta","content":"殿","error":null,"message_id":"67c58e48-3c74-426d-98f8-dac32914bfaf","conversation_id":null,"itinerary":null,"stage":null} @ webpack-internal:///(app-pages-browser)/./lib/chat-transport.ts:115
[  200118ms] [LOG] [ChatTransport] onmessage triggered, has currentResponseHandler: true @ webpack-internal:///(app-pages-browser)/./lib/chat-transport.ts:37
[  200118ms] [LOG] [ChatTransport] responseHandler called, data: {"type":"delta","content":"、","error":null,"message_id":"67c58e48-3c74-426d-98f8-dac32914bfaf","conversation_id":null,"itinerary":null,"stage":null} @ webpack-internal:///(app-pages-browser)/./lib/chat-transport.ts:115
[  200118ms] [LOG] [ChatTransport] onmessage triggered, has currentResponseHandler: true @ webpack-internal:///(app-pages-browser)/./lib/chat-transport.ts:37
[  200119ms] [LOG] [ChatTransport] responseHandler called, data: {"type":"delta","content":"长廊","error":null,"message_id":"67c58e48-3c74-426d-98f8-dac32914bfaf","conversation_id":null,"itinerary":null,"stage":null} @ webpack-internal:///(app-pages-browser)/./lib/chat-transport.ts:115
[  200178ms] [LOG] [ChatTransport] onmessage triggered, has currentResponseHandler: true @ webpack-internal:///(app-pages-browser)/./lib/chat-transport.ts:37
[  200178ms] [LOG] [ChatTransport] responseHandler called, data: {"type":"delta","content":"、","error":null,"message_id":"67c58e48-3c74-426d-98f8-dac32914bfaf","conversation_id":null,"itinerary":null,"stage":null} @ webpack-internal:///(app-pages-browser)/./lib/chat-transport.ts:115
[  200194ms] [LOG] [ChatTransport] onmessage triggered, has currentResponseHandler: true @ webpack-internal:///(app-pages-browser)/./lib/chat-transport.ts:37
[  200194ms] [LOG] [ChatTransport] responseHandler called, data: {"type":"delta","content":"佛","error":null,"message_id":"67c58e48-3c74-426d-98f8-dac32914bfaf","conversation_id":null,"itinerary":null,"stage":null} @ webpack-internal:///(app-pages-browser)/./lib/chat-transport.ts:115
[  200253ms] [LOG] [ChatTransport] onmessage triggered, has currentResponseHandler: true @ webpack-internal:///(app-pages-browser)/./lib/chat-transport.ts:37
[  200253ms] [LOG] [ChatTransport] responseHandler called, data: {"type":"delta","content":"香","error":null,"message_id":"67c58e48-3c74-426d-98f8-dac32914bfaf","conversation_id":null,"itinerary":null,"stage":null} @ webpack-internal:///(app-pages-browser)/./lib/chat-transport.ts:115
[  200272ms] [LOG] [ChatTransport] onmessage triggered, has currentResponseHandler: true @ webpack-internal:///(app-pages-browser)/./lib/chat-transport.ts:37
[  200273ms] [LOG] [ChatTransport] responseHandler called, data: {"type":"delta","content":"阁","error":null,"message_id":"67c58e48-3c74-426d-98f8-dac32914bfaf","conversation_id":null,"itinerary":null,"stage":null} @ webpack-internal:///(app-pages-browser)/./lib/chat-transport.ts:115
[  200304ms] [LOG] [ChatTransport] onmessage triggered, has currentResponseHandler: true @ webpack-internal:///(app-pages-browser)/./lib/chat-transport.ts:37
[  200304ms] [LOG] [ChatTransport] responseHandler called, data: {"type":"delta","content":"、","error":null,"message_id":"67c58e48-3c74-426d-98f8-dac32914bfaf","conversation_id":null,"itinerary":null,"stage":null} @ webpack-internal:///(app-pages-browser)/./lib/chat-transport.ts:115
[  200306ms] [LOG] [ChatTransport] onmessage triggered, has currentResponseHandler: true @ webpack-internal:///(app-pages-browser)/./lib/chat-transport.ts:37
[  200306ms] [LOG] [ChatTransport] responseHandler called, data: {"type":"delta","content":"昆明","error":null,"message_id":"67c58e48-3c74-426d-98f8-dac32914bfaf","conversation_id":null,"itinerary":null,"stage":null} @ webpack-internal:///(app-pages-browser)/./lib/chat-transport.ts:115
[  200358ms] [LOG] [ChatTransport] onmessage triggered, has currentResponseHandler: true @ webpack-internal:///(app-pages-browser)/./lib/chat-transport.ts:37
[  200358ms] [LOG] [ChatTransport] responseHandler called, data: {"type":"delta","content":"湖","error":null,"message_id":"67c58e48-3c74-426d-98f8-dac32914bfaf","conversation_id":null,"itinerary":null,"stage":null} @ webpack-internal:///(app-pages-browser)/./lib/chat-transport.ts:115
[  200380ms] [LOG] [ChatTransport] onmessage triggered, has currentResponseHandler: true @ webpack-internal:///(app-pages-browser)/./lib/chat-transport.ts:37
[  200380ms] [LOG] [ChatTransport] responseHandler called, data: {"type":"delta","content":"和","error":null,"message_id":"67c58e48-3c74-426d-98f8-dac32914bfaf","conversation_id":null,"itinerary":null,"stage":null} @ webpack-internal:///(app-pages-browser)/./lib/chat-transport.ts:115
[  200469ms] [LOG] [ChatTransport] onmessage triggered, has currentResponseHandler: true @ webpack-internal:///(app-pages-browser)/./lib/chat-transport.ts:37
[  200470ms] [LOG] [ChatTransport] responseHandler called, data: {"type":"delta","content":"十七","error":null,"message_id":"67c58e48-3c74-426d-98f8-dac32914bfaf","conversation_id":null,"itinerary":null,"stage":null} @ webpack-internal:///(app-pages-browser)/./lib/chat-transport.ts:115
[  200491ms] [LOG] [ChatTransport] onmessage triggered, has currentResponseHandler: true @ webpack-internal:///(app-pages-browser)/./lib/chat-transport.ts:37
[  200491ms] [LOG] [ChatTransport] responseHandler called, data: {"type":"delta","content":"孔","error":null,"message_id":"67c58e48-3c74-426d-98f8-dac32914bfaf","conversation_id":null,"itinerary":null,"stage":null} @ webpack-internal:///(app-pages-browser)/./lib/chat-transport.ts:115
[  200506ms] [LOG] [ChatTransport] onmessage triggered, has currentResponseHandler: true @ webpack-internal:///(app-pages-browser)/./lib/chat-transport.ts:37
[  200506ms] [LOG] [ChatTransport] responseHandler called, data: {"type":"delta","content":"桥","error":null,"message_id":"67c58e48-3c74-426d-98f8-dac32914bfaf","conversation_id":null,"itinerary":null,"stage":null} @ webpack-internal:///(app-pages-browser)/./lib/chat-transport.ts:115
[  200557ms] [LOG] [ChatTransport] onmessage triggered, has currentResponseHandler: true @ webpack-internal:///(app-pages-browser)/./lib/chat-transport.ts:37
[  200557ms] [LOG] [ChatTransport] responseHandler called, data: {"type":"delta","content":"。","error":null,"message_id":"67c58e48-3c74-426d-98f8-dac32914bfaf","conversation_id":null,"itinerary":null,"stage":null} @ webpack-internal:///(app-pages-browser)/./lib/chat-transport.ts:115
[  200601ms] [LOG] [ChatTransport] onmessage triggered, has currentResponseHandler: true @ webpack-internal:///(app-pages-browser)/./lib/chat-transport.ts:37
[  200601ms] [LOG] [ChatTransport] responseHandler called, data: {"type":"delta","content":"天气","error":null,"message_id":"67c58e48-3c74-426d-98f8-dac32914bfaf","conversation_id":null,"itinerary":null,"stage":null} @ webpack-internal:///(app-pages-browser)/./lib/chat-transport.ts:115
[  200781ms] [LOG] [ChatTransport] onmessage triggered, has currentResponseHandler: true @ webpack-internal:///(app-pages-browser)/./lib/chat-transport.ts:37
[  200781ms] [LOG] [ChatTransport] responseHandler called, data: {"type":"delta","content":"好","error":null,"message_id":"67c58e48-3c74-426d-98f8-dac32914bfaf","conversation_id":null,"itinerary":null,"stage":null} @ webpack-internal:///(app-pages-browser)/./lib/chat-transport.ts:115
[  200807ms] [LOG] [ChatTransport] onmessage triggered, has currentResponseHandler: true @ webpack-internal:///(app-pages-browser)/./lib/chat-transport.ts:37
[  200807ms] [LOG] [ChatTransport] responseHandler called, data: {"type":"delta","content":"时","error":null,"message_id":"67c58e48-3c74-426d-98f8-dac32914bfaf","conversation_id":null,"itinerary":null,"stage":null} @ webpack-internal:///(app-pages-browser)/./lib/chat-transport.ts:115
[  200807ms] [LOG] [ChatTransport] onmessage triggered, has currentResponseHandler: true @ webpack-internal:///(app-pages-browser)/./lib/chat-transport.ts:37
[  200807ms] [LOG] [ChatTransport] responseHandler called, data: {"type":"delta","content":"，","error":null,"message_id":"67c58e48-3c74-426d-98f8-dac32914bfaf","conversation_id":null,"itinerary":null,"stage":null} @ webpack-internal:///(app-pages-browser)/./lib/chat-transport.ts:115
[  200808ms] [LOG] [ChatTransport] onmessage triggered, has currentResponseHandler: true @ webpack-internal:///(app-pages-browser)/./lib/chat-transport.ts:37
[  200808ms] [LOG] [ChatTransport] responseHandler called, data: {"type":"delta","content":"湖","error":null,"message_id":"67c58e48-3c74-426d-98f8-dac32914bfaf","conversation_id":null,"itinerary":null,"stage":null} @ webpack-internal:///(app-pages-browser)/./lib/chat-transport.ts:115
[  200828ms] [LOG] [ChatTransport] onmessage triggered, has currentResponseHandler: true @ webpack-internal:///(app-pages-browser)/./lib/chat-transport.ts:37
[  200829ms] [LOG] [ChatTransport] responseHandler called, data: {"type":"delta","content":"光","error":null,"message_id":"67c58e48-3c74-426d-98f8-dac32914bfaf","conversation_id":null,"itinerary":null,"stage":null} @ webpack-internal:///(app-pages-browser)/./lib/chat-transport.ts:115
[  200829ms] [LOG] [ChatTransport] onmessage triggered, has currentResponseHandler: true @ webpack-internal:///(app-pages-browser)/./lib/chat-transport.ts:37
[  200829ms] [LOG] [ChatTransport] responseHandler called, data: {"type":"delta","content":"山","error":null,"message_id":"67c58e48-3c74-426d-98f8-dac32914bfaf","conversation_id":null,"itinerary":null,"stage":null} @ webpack-internal:///(app-pages-browser)/./lib/chat-transport.ts:115
[  200848ms] [LOG] [ChatTransport] onmessage triggered, has currentResponseHandler: true @ webpack-internal:///(app-pages-browser)/./lib/chat-transport.ts:37
[  200849ms] [LOG] [ChatTransport] responseHandler called, data: {"type":"delta","content":"色","error":null,"message_id":"67c58e48-3c74-426d-98f8-dac32914bfaf","conversation_id":null,"itinerary":null,"stage":null} @ webpack-internal:///(app-pages-browser)/./lib/chat-transport.ts:115
[  200867ms] [LOG] [ChatTransport] onmessage triggered, has currentResponseHandler: true @ webpack-internal:///(app-pages-browser)/./lib/chat-transport.ts:37
[  200867ms] [LOG] [ChatTransport] responseHandler called, data: {"type":"delta","content":"格外","error":null,"message_id":"67c58e48-3c74-426d-98f8-dac32914bfaf","conversation_id":null,"itinerary":null,"stage":null} @ webpack-internal:///(app-pages-browser)/./lib/chat-transport.ts:115
[  200901ms] [LOG] [ChatTransport] onmessage triggered, has currentResponseHandler: true @ webpack-internal:///(app-pages-browser)/./lib/chat-transport.ts:37
[  200901ms] [LOG] [ChatTransport] responseHandler called, data: {"type":"delta","content":"美丽","error":null,"message_id":"67c58e48-3c74-426d-98f8-dac32914bfaf","conversation_id":null,"itinerary":null,"stage":null} @ webpack-internal:///(app-pages-browser)/./lib/chat-transport.ts:115
[  200916ms] [LOG] [ChatTransport] onmessage triggered, has currentResponseHandler: true @ webpack-internal:///(app-pages-browser)/./lib/chat-transport.ts:37
[  200916ms] [LOG] [ChatTransport] responseHandler called, data: {"type":"delta","content":"。\n","error":null,"message_id":"67c58e48-3c74-426d-98f8-dac32914bfaf","conversation_id":null,"itinerary":null,"stage":null} @ webpack-internal:///(app-pages-browser)/./lib/chat-transport.ts:115
[  200957ms] [LOG] [ChatTransport] onmessage triggered, has currentResponseHandler: true @ webpack-internal:///(app-pages-browser)/./lib/chat-transport.ts:37
[  200957ms] [LOG] [ChatTransport] responseHandler called, data: {"type":"delta","content":"   ","error":null,"message_id":"67c58e48-3c74-426d-98f8-dac32914bfaf","conversation_id":null,"itinerary":null,"stage":null} @ webpack-internal:///(app-pages-browser)/./lib/chat-transport.ts:115
[  200973ms] [LOG] [ChatTransport] onmessage triggered, has currentResponseHandler: true @ webpack-internal:///(app-pages-browser)/./lib/chat-transport.ts:37
[  200973ms] [LOG] [ChatTransport] responseHandler called, data: {"type":"delta","content":" *","error":null,"message_id":"67c58e48-3c74-426d-98f8-dac32914bfaf","conversation_id":null,"itinerary":null,"stage":null} @ webpack-internal:///(app-pages-browser)/./lib/chat-transport.ts:115
[  201019ms] [LOG] [ChatTransport] onmessage triggered, has currentResponseHandler: true @ webpack-internal:///(app-pages-browser)/./lib/chat-transport.ts:37
[  201019ms] [LOG] [ChatTransport] responseHandler called, data: {"type":"delta","content":"  ","error":null,"message_id":"67c58e48-3c74-426d-98f8-dac32914bfaf","conversation_id":null,"itinerary":null,"stage":null} @ webpack-internal:///(app-pages-browser)/./lib/chat-transport.ts:115
[  201022ms] [LOG] [ChatTransport] onmessage triggered, has currentResponseHandler: true @ webpack-internal:///(app-pages-browser)/./lib/chat-transport.ts:37
[  201023ms] [LOG] [ChatTransport] responseHandler called, data: {"type":"delta","content":" **","error":null,"message_id":"67c58e48-3c74-426d-98f8-dac32914bfaf","conversation_id":null,"itinerary":null,"stage":null} @ webpack-internal:///(app-pages-browser)/./lib/chat-transport.ts:115
[  201081ms] [LOG] [ChatTransport] onmessage triggered, has currentResponseHandler: true @ webpack-internal:///(app-pages-browser)/./lib/chat-transport.ts:37
[  201081ms] [LOG] [ChatTransport] responseHandler called, data: {"type":"delta","content":"贴","error":null,"message_id":"67c58e48-3c74-426d-98f8-dac32914bfaf","conversation_id":null,"itinerary":null,"stage":null} @ webpack-internal:///(app-pages-browser)/./lib/chat-transport.ts:115
[  201097ms] [LOG] [ChatTransport] onmessage triggered, has currentResponseHandler: true @ webpack-internal:///(app-pages-browser)/./lib/chat-transport.ts:37
[  201098ms] [LOG] [ChatTransport] responseHandler called, data: {"type":"delta","content":"士","error":null,"message_id":"67c58e48-3c74-426d-98f8-dac32914bfaf","conversation_id":null,"itinerary":null,"stage":null} @ webpack-internal:///(app-pages-browser)/./lib/chat-transport.ts:115
[  201142ms] [LOG] [ChatTransport] onmessage triggered, has currentResponseHandler: true @ webpack-internal:///(app-pages-browser)/./lib/chat-transport.ts:37
[  201142ms] [LOG] [ChatTransport] responseHandler called, data: {"type":"delta","content":"：","error":null,"message_id":"67c58e48-3c74-426d-98f8-dac32914bfaf","conversation_id":null,"itinerary":null,"stage":null} @ webpack-internal:///(app-pages-browser)/./lib/chat-transport.ts:115
[  201162ms] [LOG] [ChatTransport] onmessage triggered, has currentResponseHandler: true @ webpack-internal:///(app-pages-browser)/./lib/chat-transport.ts:37
[  201163ms] [LOG] [ChatTransport] responseHandler called, data: {"type":"delta","content":"**","error":null,"message_id":"67c58e48-3c74-426d-98f8-dac32914bfaf","conversation_id":null,"itinerary":null,"stage":null} @ webpack-internal:///(app-pages-browser)/./lib/chat-transport.ts:115
[  201258ms] [LOG] [ChatTransport] onmessage triggered, has currentResponseHandler: true @ webpack-internal:///(app-pages-browser)/./lib/chat-transport.ts:37
[  201259ms] [LOG] [ChatTransport] responseHandler called, data: {"type":"delta","content":" ","error":null,"message_id":"67c58e48-3c74-426d-98f8-dac32914bfaf","conversation_id":null,"itinerary":null,"stage":null} @ webpack-internal:///(app-pages-browser)/./lib/chat-transport.ts:115
[  201275ms] [LOG] [ChatTransport] onmessage triggered, has currentResponseHandler: true @ webpack-internal:///(app-pages-browser)/./lib/chat-transport.ts:37
[  201276ms] [LOG] [ChatTransport] responseHandler called, data: {"type":"delta","content":"天气","error":null,"message_id":"67c58e48-3c74-426d-98f8-dac32914bfaf","conversation_id":null,"itinerary":null,"stage":null} @ webpack-internal:///(app-pages-browser)/./lib/chat-transport.ts:115
[  201294ms] [LOG] [ChatTransport] onmessage triggered, has currentResponseHandler: true @ webpack-internal:///(app-pages-browser)/./lib/chat-transport.ts:37
[  201294ms] [LOG] [ChatTransport] responseHandler called, data: {"type":"delta","content":"晴朗","error":null,"message_id":"67c58e48-3c74-426d-98f8-dac32914bfaf","conversation_id":null,"itinerary":null,"stage":null} @ webpack-internal:///(app-pages-browser)/./lib/chat-transport.ts:115
[  201294ms] [LOG] [ChatTransport] onmessage triggered, has currentResponseHandler: true @ webpack-internal:///(app-pages-browser)/./lib/chat-transport.ts:37
[  201294ms] [LOG] [ChatTransport] responseHandler called, data: {"type":"delta","content":"，","error":null,"message_id":"67c58e48-3c74-426d-98f8-dac32914bfaf","conversation_id":null,"itinerary":null,"stage":null} @ webpack-internal:///(app-pages-browser)/./lib/chat-transport.ts:115
[  201403ms] [LOG] [ChatTransport] onmessage triggered, has currentResponseHandler: true @ webpack-internal:///(app-pages-browser)/./lib/chat-transport.ts:37
[  201404ms] [LOG] [ChatTransport] responseHandler called, data: {"type":"delta","content":"适合","error":null,"message_id":"67c58e48-3c74-426d-98f8-dac32914bfaf","conversation_id":null,"itinerary":null,"stage":null} @ webpack-internal:///(app-pages-browser)/./lib/chat-transport.ts:115
[  201405ms] [LOG] [ChatTransport] onmessage triggered, has currentResponseHandler: true @ webpack-internal:///(app-pages-browser)/./lib/chat-transport.ts:37
[  201405ms] [LOG] [ChatTransport] responseHandler called, data: {"type":"delta","content":"拍照","error":null,"message_id":"67c58e48-3c74-426d-98f8-dac32914bfaf","conversation_id":null,"itinerary":null,"stage":null} @ webpack-internal:///(app-pages-browser)/./lib/chat-transport.ts:115
[  201429ms] [LOG] [ChatTransport] onmessage triggered, has currentResponseHandler: true @ webpack-internal:///(app-pages-browser)/./lib/chat-transport.ts:37
[  201430ms] [LOG] [ChatTransport] responseHandler called, data: {"type":"delta","content":"，","error":null,"message_id":"67c58e48-3c74-426d-98f8-dac32914bfaf","conversation_id":null,"itinerary":null,"stage":null} @ webpack-internal:///(app-pages-browser)/./lib/chat-transport.ts:115
[  201430ms] [LOG] [ChatTransport] onmessage triggered, has currentResponseHandler: true @ webpack-internal:///(app-pages-browser)/./lib/chat-transport.ts:37
[  201431ms] [LOG] [ChatTransport] responseHandler called, data: {"type":"delta","content":"记得","error":null,"message_id":"67c58e48-3c74-426d-98f8-dac32914bfaf","conversation_id":null,"itinerary":null,"stage":null} @ webpack-internal:///(app-pages-browser)/./lib/chat-transport.ts:115
[  201462ms] [LOG] [ChatTransport] onmessage triggered, has currentResponseHandler: true @ webpack-internal:///(app-pages-browser)/./lib/chat-transport.ts:37
[  201462ms] [LOG] [ChatTransport] responseHandler called, data: {"type":"delta","content":"做好","error":null,"message_id":"67c58e48-3c74-426d-98f8-dac32914bfaf","conversation_id":null,"itinerary":null,"stage":null} @ webpack-internal:///(app-pages-browser)/./lib/chat-transport.ts:115
[  201508ms] [LOG] [ChatTransport] onmessage triggered, has currentResponseHandler: true @ webpack-internal:///(app-pages-browser)/./lib/chat-transport.ts:37
[  201508ms] [LOG] [ChatTransport] responseHandler called, data: {"type":"delta","content":"防晒","error":null,"message_id":"67c58e48-3c74-426d-98f8-dac32914bfaf","conversation_id":null,"itinerary":null,"stage":null} @ webpack-internal:///(app-pages-browser)/./lib/chat-transport.ts:115
[  201519ms] [LOG] [ChatTransport] onmessage triggered, has currentResponseHandler: true @ webpack-internal:///(app-pages-browser)/./lib/chat-transport.ts:37
[  201519ms] [LOG] [ChatTransport] responseHandler called, data: {"type":"delta","content":"。\n","error":null,"message_id":"67c58e48-3c74-426d-98f8-dac32914bfaf","conversation_id":null,"itinerary":null,"stage":null} @ webpack-internal:///(app-pages-browser)/./lib/chat-transport.ts:115
[  201590ms] [LOG] [ChatTransport] onmessage triggered, has currentResponseHandler: true @ webpack-internal:///(app-pages-browser)/./lib/chat-transport.ts:37
[  201590ms] [LOG] [ChatTransport] responseHandler called, data: {"type":"delta","content":"*","error":null,"message_id":"67c58e48-3c74-426d-98f8-dac32914bfaf","conversation_id":null,"itinerary":null,"stage":null} @ webpack-internal:///(app-pages-browser)/./lib/chat-transport.ts:115
[  201590ms] [LOG] [ChatTransport] onmessage triggered, has currentResponseHandler: true @ webpack-internal:///(app-pages-browser)/./lib/chat-transport.ts:37
[  201590ms] [LOG] [ChatTransport] responseHandler called, data: {"type":"delta","content":"  ","error":null,"message_id":"67c58e48-3c74-426d-98f8-dac32914bfaf","conversation_id":null,"itinerary":null,"stage":null} @ webpack-internal:///(app-pages-browser)/./lib/chat-transport.ts:115
[  201627ms] [LOG] [ChatTransport] onmessage triggered, has currentResponseHandler: true @ webpack-internal:///(app-pages-browser)/./lib/chat-transport.ts:37
[  201627ms] [LOG] [ChatTransport] responseHandler called, data: {"type":"delta","content":" **","error":null,"message_id":"67c58e48-3c74-426d-98f8-dac32914bfaf","conversation_id":null,"itinerary":null,"stage":null} @ webpack-internal:///(app-pages-browser)/./lib/chat-transport.ts:115
[  201643ms] [LOG] [ChatTransport] onmessage triggered, has currentResponseHandler: true @ webpack-internal:///(app-pages-browser)/./lib/chat-transport.ts:37
[  201644ms] [LOG] [ChatTransport] responseHandler called, data: {"type":"delta","content":"午餐","error":null,"message_id":"67c58e48-3c74-426d-98f8-dac32914bfaf","conversation_id":null,"itinerary":null,"stage":null} @ webpack-internal:///(app-pages-browser)/./lib/chat-transport.ts:115
[  201684ms] [LOG] [ChatTransport] onmessage triggered, has currentResponseHandler: true @ webpack-internal:///(app-pages-browser)/./lib/chat-transport.ts:37
[  201684ms] [LOG] [ChatTransport] responseHandler called, data: {"type":"delta","content":"：","error":null,"message_id":"67c58e48-3c74-426d-98f8-dac32914bfaf","conversation_id":null,"itinerary":null,"stage":null} @ webpack-internal:///(app-pages-browser)/./lib/chat-transport.ts:115
[  201684ms] [LOG] [ChatTransport] onmessage triggered, has currentResponseHandler: true @ webpack-internal:///(app-pages-browser)/./lib/chat-transport.ts:37
[  201684ms] [LOG] [ChatTransport] responseHandler called, data: {"type":"delta","content":"**","error":null,"message_id":"67c58e48-3c74-426d-98f8-dac32914bfaf","conversation_id":null,"itinerary":null,"stage":null} @ webpack-internal:///(app-pages-browser)/./lib/chat-transport.ts:115
[  201745ms] [LOG] [ChatTransport] onmessage triggered, has currentResponseHandler: true @ webpack-internal:///(app-pages-browser)/./lib/chat-transport.ts:37
[  201745ms] [LOG] [ChatTransport] responseHandler called, data: {"type":"delta","content":" ","error":null,"message_id":"67c58e48-3c74-426d-98f8-dac32914bfaf","conversation_id":null,"itinerary":null,"stage":null} @ webpack-internal:///(app-pages-browser)/./lib/chat-transport.ts:115
[  201762ms] [LOG] [ChatTransport] onmessage triggered, has currentResponseHandler: true @ webpack-internal:///(app-pages-browser)/./lib/chat-transport.ts:37
[  201762ms] [LOG] [ChatTransport] responseHandler called, data: {"type":"delta","content":"可在","error":null,"message_id":"67c58e48-3c74-426d-98f8-dac32914bfaf","conversation_id":null,"itinerary":null,"stage":null} @ webpack-internal:///(app-pages-browser)/./lib/chat-transport.ts:115
[  201888ms] [LOG] [ChatTransport] onmessage triggered, has currentResponseHandler: true @ webpack-internal:///(app-pages-browser)/./lib/chat-transport.ts:37
[  201888ms] [LOG] [ChatTransport] responseHandler called, data: {"type":"delta","content":"颐","error":null,"message_id":"67c58e48-3c74-426d-98f8-dac32914bfaf","conversation_id":null,"itinerary":null,"stage":null} @ webpack-internal:///(app-pages-browser)/./lib/chat-transport.ts:115
[  201888ms] [LOG] [ChatTransport] onmessage triggered, has currentResponseHandler: true @ webpack-internal:///(app-pages-browser)/./lib/chat-transport.ts:37
[  201888ms] [LOG] [ChatTransport] responseHandler called, data: {"type":"delta","content":"和","error":null,"message_id":"67c58e48-3c74-426d-98f8-dac32914bfaf","conversation_id":null,"itinerary":null,"stage":null} @ webpack-internal:///(app-pages-browser)/./lib/chat-transport.ts:115
[  201903ms] [LOG] [ChatTransport] onmessage triggered, has currentResponseHandler: true @ webpack-internal:///(app-pages-browser)/./lib/chat-transport.ts:37
[  201903ms] [LOG] [ChatTransport] responseHandler called, data: {"type":"delta","content":"园","error":null,"message_id":"67c58e48-3c74-426d-98f8-dac32914bfaf","conversation_id":null,"itinerary":null,"stage":null} @ webpack-internal:///(app-pages-browser)/./lib/chat-transport.ts:115
[  201904ms] [LOG] [ChatTransport] onmessage triggered, has currentResponseHandler: true @ webpack-internal:///(app-pages-browser)/./lib/chat-transport.ts:37
[  201904ms] [LOG] [ChatTransport] responseHandler called, data: {"type":"delta","content":"附近","error":null,"message_id":"67c58e48-3c74-426d-98f8-dac32914bfaf","conversation_id":null,"itinerary":null,"stage":null} @ webpack-internal:///(app-pages-browser)/./lib/chat-transport.ts:115
[  201920ms] [LOG] [ChatTransport] onmessage triggered, has currentResponseHandler: true @ webpack-internal:///(app-pages-browser)/./lib/chat-transport.ts:37
[  201920ms] [LOG] [ChatTransport] responseHandler called, data: {"type":"delta","content":"或","error":null,"message_id":"67c58e48-3c74-426d-98f8-dac32914bfaf","conversation_id":null,"itinerary":null,"stage":null} @ webpack-internal:///(app-pages-browser)/./lib/chat-transport.ts:115
[  201933ms] [LOG] [ChatTransport] onmessage triggered, has currentResponseHandler: true @ webpack-internal:///(app-pages-browser)/./lib/chat-transport.ts:37
[  201933ms] [LOG] [ChatTransport] responseHandler called, data: {"type":"delta","content":"前往","error":null,"message_id":"67c58e48-3c74-426d-98f8-dac32914bfaf","conversation_id":null,"itinerary":null,"stage":null} @ webpack-internal:///(app-pages-browser)/./lib/chat-transport.ts:115
[  201978ms] [LOG] [ChatTransport] onmessage triggered, has currentResponseHandler: true @ webpack-internal:///(app-pages-browser)/./lib/chat-transport.ts:37
[  201978ms] [LOG] [ChatTransport] responseHandler called, data: {"type":"delta","content":"下一","error":null,"message_id":"67c58e48-3c74-426d-98f8-dac32914bfaf","conversation_id":null,"itinerary":null,"stage":null} @ webpack-internal:///(app-pages-browser)/./lib/chat-transport.ts:115
[  202041ms] [LOG] [ChatTransport] onmessage triggered, has currentResponseHandler: true @ webpack-internal:///(app-pages-browser)/./lib/chat-transport.ts:37
[  202041ms] [LOG] [ChatTransport] responseHandler called, data: {"type":"delta","content":"站","error":null,"message_id":"67c58e48-3c74-426d-98f8-dac32914bfaf","conversation_id":null,"itinerary":null,"stage":null} @ webpack-internal:///(app-pages-browser)/./lib/chat-transport.ts:115
[  202060ms] [LOG] [ChatTransport] onmessage triggered, has currentResponseHandler: true @ webpack-internal:///(app-pages-browser)/./lib/chat-transport.ts:37
[  202061ms] [LOG] [ChatTransport] responseHandler called, data: {"type":"delta","content":"奥林匹克","error":null,"message_id":"67c58e48-3c74-426d-98f8-dac32914bfaf","conversation_id":null,"itinerary":null,"stage":null} @ webpack-internal:///(app-pages-browser)/./lib/chat-transport.ts:115
[  202111ms] [LOG] [ChatTransport] onmessage triggered, has currentResponseHandler: true @ webpack-internal:///(app-pages-browser)/./lib/chat-transport.ts:37
[  202111ms] [LOG] [ChatTransport] responseHandler called, data: {"type":"delta","content":"公园","error":null,"message_id":"67c58e48-3c74-426d-98f8-dac32914bfaf","conversation_id":null,"itinerary":null,"stage":null} @ webpack-internal:///(app-pages-browser)/./lib/chat-transport.ts:115
[  202121ms] [LOG] [ChatTransport] onmessage triggered, has currentResponseHandler: true @ webpack-internal:///(app-pages-browser)/./lib/chat-transport.ts:37
[  202121ms] [LOG] [ChatTransport] responseHandler called, data: {"type":"delta","content":"周边","error":null,"message_id":"67c58e48-3c74-426d-98f8-dac32914bfaf","conversation_id":null,"itinerary":null,"stage":null} @ webpack-internal:///(app-pages-browser)/./lib/chat-transport.ts:115
[  202163ms] [LOG] [ChatTransport] onmessage triggered, has currentResponseHandler: true @ webpack-internal:///(app-pages-browser)/./lib/chat-transport.ts:37
[  202163ms] [LOG] [ChatTransport] responseHandler called, data: {"type":"delta","content":"用餐","error":null,"message_id":"67c58e48-3c74-426d-98f8-dac32914bfaf","conversation_id":null,"itinerary":null,"stage":null} @ webpack-internal:///(app-pages-browser)/./lib/chat-transport.ts:115
[  202184ms] [LOG] [ChatTransport] onmessage triggered, has currentResponseHandler: true @ webpack-internal:///(app-pages-browser)/./lib/chat-transport.ts:37
[  202184ms] [LOG] [ChatTransport] responseHandler called, data: {"type":"delta","content":"。\n","error":null,"message_id":"67c58e48-3c74-426d-98f8-dac32914bfaf","conversation_id":null,"itinerary":null,"stage":null} @ webpack-internal:///(app-pages-browser)/./lib/chat-transport.ts:115
[  202569ms] [LOG] [ChatTransport] onmessage triggered, has currentResponseHandler: true @ webpack-internal:///(app-pages-browser)/./lib/chat-transport.ts:37
[  202569ms] [LOG] [ChatTransport] responseHandler called, data: {"type":"delta","content":"*","error":null,"message_id":"67c58e48-3c74-426d-98f8-dac32914bfaf","conversation_id":null,"itinerary":null,"stage":null} @ webpack-internal:///(app-pages-browser)/./lib/chat-transport.ts:115
[  202586ms] [LOG] [ChatTransport] onmessage triggered, has currentResponseHandler: true @ webpack-internal:///(app-pages-browser)/./lib/chat-transport.ts:37
[  202587ms] [LOG] [ChatTransport] responseHandler called, data: {"type":"delta","content":"  ","error":null,"message_id":"67c58e48-3c74-426d-98f8-dac32914bfaf","conversation_id":null,"itinerary":null,"stage":null} @ webpack-internal:///(app-pages-browser)/./lib/chat-transport.ts:115
[  202587ms] [LOG] [ChatTransport] onmessage triggered, has currentResponseHandler: true @ webpack-internal:///(app-pages-browser)/./lib/chat-transport.ts:37
[  202587ms] [LOG] [ChatTransport] responseHandler called, data: {"type":"delta","content":" **","error":null,"message_id":"67c58e48-3c74-426d-98f8-dac32914bfaf","conversation_id":null,"itinerary":null,"stage":null} @ webpack-internal:///(app-pages-browser)/./lib/chat-transport.ts:115
[  202588ms] [LOG] [ChatTransport] onmessage triggered, has currentResponseHandler: true @ webpack-internal:///(app-pages-browser)/./lib/chat-transport.ts:37
[  202588ms] [LOG] [ChatTransport] responseHandler called, data: {"type":"delta","content":"下午","error":null,"message_id":"67c58e48-3c74-426d-98f8-dac32914bfaf","conversation_id":null,"itinerary":null,"stage":null} @ webpack-internal:///(app-pages-browser)/./lib/chat-transport.ts:115
[  202588ms] [LOG] [ChatTransport] onmessage triggered, has currentResponseHandler: true @ webpack-internal:///(app-pages-browser)/./lib/chat-transport.ts:37
[  202588ms] [LOG] [ChatTransport] responseHandler called, data: {"type":"delta","content":"：","error":null,"message_id":"67c58e48-3c74-426d-98f8-dac32914bfaf","conversation_id":null,"itinerary":null,"stage":null} @ webpack-internal:///(app-pages-browser)/./lib/chat-transport.ts:115
[  202589ms] [LOG] [ChatTransport] onmessage triggered, has currentResponseHandler: true @ webpack-internal:///(app-pages-browser)/./lib/chat-transport.ts:37
[  202589ms] [LOG] [ChatTransport] responseHandler called, data: {"type":"delta","content":"圆","error":null,"message_id":"67c58e48-3c74-426d-98f8-dac32914bfaf","conversation_id":null,"itinerary":null,"stage":null} @ webpack-internal:///(app-pages-browser)/./lib/chat-transport.ts:115
[  202589ms] [LOG] [ChatTransport] onmessage triggered, has currentResponseHandler: true @ webpack-internal:///(app-pages-browser)/./lib/chat-transport.ts:37
[  202589ms] [LOG] [ChatTransport] responseHandler called, data: {"type":"delta","content":"明","error":null,"message_id":"67c58e48-3c74-426d-98f8-dac32914bfaf","conversation_id":null,"itinerary":null,"stage":null} @ webpack-internal:///(app-pages-browser)/./lib/chat-transport.ts:115
[  202589ms] [LOG] [ChatTransport] onmessage triggered, has currentResponseHandler: true @ webpack-internal:///(app-pages-browser)/./lib/chat-transport.ts:37
[  202589ms] [LOG] [ChatTransport] responseHandler called, data: {"type":"delta","content":"园","error":null,"message_id":"67c58e48-3c74-426d-98f8-dac32914bfaf","conversation_id":null,"itinerary":null,"stage":null} @ webpack-internal:///(app-pages-browser)/./lib/chat-transport.ts:115
[  202589ms] [LOG] [ChatTransport] onmessage triggered, has currentResponseHandler: true @ webpack-internal:///(app-pages-browser)/./lib/chat-transport.ts:37
[  202589ms] [LOG] [ChatTransport] responseHandler called, data: {"type":"delta","content":"**\n","error":null,"message_id":"67c58e48-3c74-426d-98f8-dac32914bfaf","conversation_id":null,"itinerary":null,"stage":null} @ webpack-internal:///(app-pages-browser)/./lib/chat-transport.ts:115
[  202590ms] [LOG] [ChatTransport] onmessage triggered, has currentResponseHandler: true @ webpack-internal:///(app-pages-browser)/./lib/chat-transport.ts:37
[  202590ms] [LOG] [ChatTransport] responseHandler called, data: {"type":"delta","content":"   ","error":null,"message_id":"67c58e48-3c74-426d-98f8-dac32914bfaf","conversation_id":null,"itinerary":null,"stage":null} @ webpack-internal:///(app-pages-browser)/./lib/chat-transport.ts:115
[  202590ms] [LOG] [ChatTransport] onmessage triggered, has currentResponseHandler: true @ webpack-internal:///(app-pages-browser)/./lib/chat-transport.ts:37
[  202590ms] [LOG] [ChatTransport] responseHandler called, data: {"type":"delta","content":" *","error":null,"message_id":"67c58e48-3c74-426d-98f8-dac32914bfaf","conversation_id":null,"itinerary":null,"stage":null} @ webpack-internal:///(app-pages-browser)/./lib/chat-transport.ts:115
[  202617ms] [LOG] [ChatTransport] onmessage triggered, has currentResponseHandler: true @ webpack-internal:///(app-pages-browser)/./lib/chat-transport.ts:37
[  202617ms] [LOG] [ChatTransport] responseHandler called, data: {"type":"delta","content":"  ","error":null,"message_id":"67c58e48-3c74-426d-98f8-dac32914bfaf","conversation_id":null,"itinerary":null,"stage":null} @ webpack-internal:///(app-pages-browser)/./lib/chat-transport.ts:115
[  202629ms] [LOG] [ChatTransport] onmessage triggered, has currentResponseHandler: true @ webpack-internal:///(app-pages-browser)/./lib/chat-transport.ts:37
[  202629ms] [LOG] [ChatTransport] responseHandler called, data: {"type":"delta","content":" **","error":null,"message_id":"67c58e48-3c74-426d-98f8-dac32914bfaf","conversation_id":null,"itinerary":null,"stage":null} @ webpack-internal:///(app-pages-browser)/./lib/chat-transport.ts:115
[  202701ms] [LOG] [ChatTransport] onmessage triggered, has currentResponseHandler: true @ webpack-internal:///(app-pages-browser)/./lib/chat-transport.ts:37
[  202701ms] [LOG] [ChatTransport] responseHandler called, data: {"type":"delta","content":"活动","error":null,"message_id":"67c58e48-3c74-426d-98f8-dac32914bfaf","conversation_id":null,"itinerary":null,"stage":null} @ webpack-internal:///(app-pages-browser)/./lib/chat-transport.ts:115
[  202718ms] [LOG] [ChatTransport] onmessage triggered, has currentResponseHandler: true @ webpack-internal:///(app-pages-browser)/./lib/chat-transport.ts:37
[  202718ms] [LOG] [ChatTransport] responseHandler called, data: {"type":"delta","content":"：","error":null,"message_id":"67c58e48-3c74-426d-98f8-dac32914bfaf","conversation_id":null,"itinerary":null,"stage":null} @ webpack-internal:///(app-pages-browser)/./lib/chat-transport.ts:115
[  202736ms] [LOG] [ChatTransport] onmessage triggered, has currentResponseHandler: true @ webpack-internal:///(app-pages-browser)/./lib/chat-transport.ts:37
[  202737ms] [LOG] [ChatTransport] responseHandler called, data: {"type":"delta","content":"**","error":null,"message_id":"67c58e48-3c74-426d-98f8-dac32914bfaf","conversation_id":null,"itinerary":null,"stage":null} @ webpack-internal:///(app-pages-browser)/./lib/chat-transport.ts:115
[  202738ms] [LOG] [ChatTransport] onmessage triggered, has currentResponseHandler: true @ webpack-internal:///(app-pages-browser)/./lib/chat-transport.ts:37
[  202738ms] [LOG] [ChatTransport] responseHandler called, data: {"type":"delta","content":" ","error":null,"message_id":"67c58e48-3c74-426d-98f8-dac32914bfaf","conversation_id":null,"itinerary":null,"stage":null} @ webpack-internal:///(app-pages-browser)/./lib/chat-transport.ts:115
[  202771ms] [LOG] [ChatTransport] onmessage triggered, has currentResponseHandler: true @ webpack-internal:///(app-pages-browser)/./lib/chat-transport.ts:37
[  202771ms] [LOG] [ChatTransport] responseHandler called, data: {"type":"delta","content":"与","error":null,"message_id":"67c58e48-3c74-426d-98f8-dac32914bfaf","conversation_id":null,"itinerary":null,"stage":null} @ webpack-internal:///(app-pages-browser)/./lib/chat-transport.ts:115
[  202798ms] [LOG] [ChatTransport] onmessage triggered, has currentResponseHandler: true @ webpack-internal:///(app-pages-browser)/./lib/chat-transport.ts:37
[  202798ms] [LOG] [ChatTransport] responseHandler called, data: {"type":"delta","content":"颐","error":null,"message_id":"67c58e48-3c74-426d-98f8-dac32914bfaf","conversation_id":null,"itinerary":null,"stage":null} @ webpack-internal:///(app-pages-browser)/./lib/chat-transport.ts:115
[  202834ms] [LOG] [ChatTransport] onmessage triggered, has currentResponseHandler: true @ webpack-internal:///(app-pages-browser)/./lib/chat-transport.ts:37
[  202834ms] [LOG] [ChatTransport] responseHandler called, data: {"type":"delta","content":"和","error":null,"message_id":"67c58e48-3c74-426d-98f8-dac32914bfaf","conversation_id":null,"itinerary":null,"stage":null} @ webpack-internal:///(app-pages-browser)/./lib/chat-transport.ts:115
[  202852ms] [LOG] [ChatTransport] onmessage triggered, has currentResponseHandler: true @ webpack-internal:///(app-pages-browser)/./lib/chat-transport.ts:37
[  202852ms] [LOG] [ChatTransport] responseHandler called, data: {"type":"delta","content":"园","error":null,"message_id":"67c58e48-3c74-426d-98f8-dac32914bfaf","conversation_id":null,"itinerary":null,"stage":null} @ webpack-internal:///(app-pages-browser)/./lib/chat-transport.ts:115
[  202881ms] [LOG] [ChatTransport] onmessage triggered, has currentResponseHandler: true @ webpack-internal:///(app-pages-browser)/./lib/chat-transport.ts:37
[  202881ms] [LOG] [ChatTransport] responseHandler called, data: {"type":"delta","content":"相邻","error":null,"message_id":"67c58e48-3c74-426d-98f8-dac32914bfaf","conversation_id":null,"itinerary":null,"stage":null} @ webpack-internal:///(app-pages-browser)/./lib/chat-transport.ts:115
[  202895ms] [LOG] [ChatTransport] onmessage triggered, has currentResponseHandler: true @ webpack-internal:///(app-pages-browser)/./lib/chat-transport.ts:37
[  202895ms] [LOG] [ChatTransport] responseHandler called, data: {"type":"delta","content":"，","error":null,"message_id":"67c58e48-3c74-426d-98f8-dac32914bfaf","conversation_id":null,"itinerary":null,"stage":null} @ webpack-internal:///(app-pages-browser)/./lib/chat-transport.ts:115
[  202950ms] [LOG] [ChatTransport] onmessage triggered, has currentResponseHandler: true @ webpack-internal:///(app-pages-browser)/./lib/chat-transport.ts:37
[  202950ms] [LOG] [ChatTransport] responseHandler called, data: {"type":"delta","content":"可","error":null,"message_id":"67c58e48-3c74-426d-98f8-dac32914bfaf","conversation_id":null,"itinerary":null,"stage":null} @ webpack-internal:///(app-pages-browser)/./lib/chat-transport.ts:115
[  203003ms] [LOG] [ChatTransport] onmessage triggered, has currentResponseHandler: true @ webpack-internal:///(app-pages-browser)/./lib/chat-transport.ts:37
[  203004ms] [LOG] [ChatTransport] responseHandler called, data: {"type":"delta","content":"参观","error":null,"message_id":"67c58e48-3c74-426d-98f8-dac32914bfaf","conversation_id":null,"itinerary":null,"stage":null} @ webpack-internal:///(app-pages-browser)/./lib/chat-transport.ts:115
[  203022ms] [LOG] [ChatTransport] onmessage triggered, has currentResponseHandler: true @ webpack-internal:///(app-pages-browser)/./lib/chat-transport.ts:37
[  203022ms] [LOG] [ChatTransport] responseHandler called, data: {"type":"delta","content":"西洋","error":null,"message_id":"67c58e48-3c74-426d-98f8-dac32914bfaf","conversation_id":null,"itinerary":null,"stage":null} @ webpack-internal:///(app-pages-browser)/./lib/chat-transport.ts:115
[  203062ms] [LOG] [ChatTransport] onmessage triggered, has currentResponseHandler: true @ webpack-internal:///(app-pages-browser)/./lib/chat-transport.ts:37
[  203062ms] [LOG] [ChatTransport] responseHandler called, data: {"type":"delta","content":"楼","error":null,"message_id":"67c58e48-3c74-426d-98f8-dac32914bfaf","conversation_id":null,"itinerary":null,"stage":null} @ webpack-internal:///(app-pages-browser)/./lib/chat-transport.ts:115
[  203076ms] [LOG] [ChatTransport] onmessage triggered, has currentResponseHandler: true @ webpack-internal:///(app-pages-browser)/./lib/chat-transport.ts:37
[  203077ms] [LOG] [ChatTransport] responseHandler called, data: {"type":"delta","content":"遗址","error":null,"message_id":"67c58e48-3c74-426d-98f8-dac32914bfaf","conversation_id":null,"itinerary":null,"stage":null} @ webpack-internal:///(app-pages-browser)/./lib/chat-transport.ts:115
[  203128ms] [LOG] [ChatTransport] onmessage triggered, has currentResponseHandler: true @ webpack-internal:///(app-pages-browser)/./lib/chat-transport.ts:37
[  203128ms] [LOG] [ChatTransport] responseHandler called, data: {"type":"delta","content":"，","error":null,"message_id":"67c58e48-3c74-426d-98f8-dac32914bfaf","conversation_id":null,"itinerary":null,"stage":null} @ webpack-internal:///(app-pages-browser)/./lib/chat-transport.ts:115
[  203188ms] [LOG] [ChatTransport] onmessage triggered, has currentResponseHandler: true @ webpack-internal:///(app-pages-browser)/./lib/chat-transport.ts:37
[  203188ms] [LOG] [ChatTransport] responseHandler called, data: {"type":"delta","content":"感受","error":null,"message_id":"67c58e48-3c74-426d-98f8-dac32914bfaf","conversation_id":null,"itinerary":null,"stage":null} @ webpack-internal:///(app-pages-browser)/./lib/chat-transport.ts:115
[  203211ms] [LOG] [ChatTransport] onmessage triggered, has currentResponseHandler: true @ webpack-internal:///(app-pages-browser)/./lib/chat-transport.ts:37
[  203211ms] [LOG] [ChatTransport] responseHandler called, data: {"type":"delta","content":"历史的","error":null,"message_id":"67c58e48-3c74-426d-98f8-dac32914bfaf","conversation_id":null,"itinerary":null,"stage":null} @ webpack-internal:///(app-pages-browser)/./lib/chat-transport.ts:115
[  203258ms] [LOG] [ChatTransport] onmessage triggered, has currentResponseHandler: true @ webpack-internal:///(app-pages-browser)/./lib/chat-transport.ts:37
[  203258ms] [LOG] [ChatTransport] responseHandler called, data: {"type":"delta","content":"沧桑","error":null,"message_id":"67c58e48-3c74-426d-98f8-dac32914bfaf","conversation_id":null,"itinerary":null,"stage":null} @ webpack-internal:///(app-pages-browser)/./lib/chat-transport.ts:115
[  203277ms] [LOG] [ChatTransport] onmessage triggered, has currentResponseHandler: true @ webpack-internal:///(app-pages-browser)/./lib/chat-transport.ts:37
[  203278ms] [LOG] [ChatTransport] responseHandler called, data: {"type":"delta","content":"。","error":null,"message_id":"67c58e48-3c74-426d-98f8-dac32914bfaf","conversation_id":null,"itinerary":null,"stage":null} @ webpack-internal:///(app-pages-browser)/./lib/chat-transport.ts:115
[  203322ms] [LOG] [ChatTransport] onmessage triggered, has currentResponseHandler: true @ webpack-internal:///(app-pages-browser)/./lib/chat-transport.ts:37
[  203322ms] [LOG] [ChatTransport] responseHandler called, data: {"type":"delta","content":"如果","error":null,"message_id":"67c58e48-3c74-426d-98f8-dac32914bfaf","conversation_id":null,"itinerary":null,"stage":null} @ webpack-internal:///(app-pages-browser)/./lib/chat-transport.ts:115
[  203377ms] [LOG] [ChatTransport] onmessage triggered, has currentResponseHandler: true @ webpack-internal:///(app-pages-browser)/./lib/chat-transport.ts:37
[  203378ms] [LOG] [ChatTransport] responseHandler called, data: {"type":"delta","content":"时间","error":null,"message_id":"67c58e48-3c74-426d-98f8-dac32914bfaf","conversation_id":null,"itinerary":null,"stage":null} @ webpack-internal:///(app-pages-browser)/./lib/chat-transport.ts:115
[  203400ms] [LOG] [ChatTransport] onmessage triggered, has currentResponseHandler: true @ webpack-internal:///(app-pages-browser)/./lib/chat-transport.ts:37
[  203400ms] [LOG] [ChatTransport] responseHandler called, data: {"type":"delta","content":"紧张","error":null,"message_id":"67c58e48-3c74-426d-98f8-dac32914bfaf","conversation_id":null,"itinerary":null,"stage":null} @ webpack-internal:///(app-pages-browser)/./lib/chat-transport.ts:115
[  203445ms] [LOG] [ChatTransport] onmessage triggered, has currentResponseHandler: true @ webpack-internal:///(app-pages-browser)/./lib/chat-transport.ts:37
[  203445ms] [LOG] [ChatTransport] responseHandler called, data: {"type":"delta","content":"或","error":null,"message_id":"67c58e48-3c74-426d-98f8-dac32914bfaf","conversation_id":null,"itinerary":null,"stage":null} @ webpack-internal:///(app-pages-browser)/./lib/chat-transport.ts:115
[  203463ms] [LOG] [ChatTransport] onmessage triggered, has currentResponseHandler: true @ webpack-internal:///(app-pages-browser)/./lib/chat-transport.ts:37
[  203463ms] [LOG] [ChatTransport] responseHandler called, data: {"type":"delta","content":"体力","error":null,"message_id":"67c58e48-3c74-426d-98f8-dac32914bfaf","conversation_id":null,"itinerary":null,"stage":null} @ webpack-internal:///(app-pages-browser)/./lib/chat-transport.ts:115
[  203496ms] [LOG] [ChatTransport] onmessage triggered, has currentResponseHandler: true @ webpack-internal:///(app-pages-browser)/./lib/chat-transport.ts:37
[  203496ms] [LOG] [ChatTransport] responseHandler called, data: {"type":"delta","content":"有限","error":null,"message_id":"67c58e48-3c74-426d-98f8-dac32914bfaf","conversation_id":null,"itinerary":null,"stage":null} @ webpack-internal:///(app-pages-browser)/./lib/chat-transport.ts:115
[  203509ms] [LOG] [ChatTransport] onmessage triggered, has currentResponseHandler: true @ webpack-internal:///(app-pages-browser)/./lib/chat-transport.ts:37
[  203509ms] [LOG] [ChatTransport] responseHandler called, data: {"type":"delta","content":"，","error":null,"message_id":"67c58e48-3c74-426d-98f8-dac32914bfaf","conversation_id":null,"itinerary":null,"stage":null} @ webpack-internal:///(app-pages-browser)/./lib/chat-transport.ts:115
[  203556ms] [LOG] [ChatTransport] onmessage triggered, has currentResponseHandler: true @ webpack-internal:///(app-pages-browser)/./lib/chat-transport.ts:37
[  203556ms] [LOG] [ChatTransport] responseHandler called, data: {"type":"delta","content":"此","error":null,"message_id":"67c58e48-3c74-426d-98f8-dac32914bfaf","conversation_id":null,"itinerary":null,"stage":null} @ webpack-internal:///(app-pages-browser)/./lib/chat-transport.ts:115
[  203573ms] [LOG] [ChatTransport] onmessage triggered, has currentResponseHandler: true @ webpack-internal:///(app-pages-browser)/./lib/chat-transport.ts:37
[  203574ms] [LOG] [ChatTransport] responseHandler called, data: {"type":"delta","content":"站","error":null,"message_id":"67c58e48-3c74-426d-98f8-dac32914bfaf","conversation_id":null,"itinerary":null,"stage":null} @ webpack-internal:///(app-pages-browser)/./lib/chat-transport.ts:115
[  203614ms] [LOG] [ChatTransport] onmessage triggered, has currentResponseHandler: true @ webpack-internal:///(app-pages-browser)/./lib/chat-transport.ts:37
[  203614ms] [LOG] [ChatTransport] responseHandler called, data: {"type":"delta","content":"可作为","error":null,"message_id":"67c58e48-3c74-426d-98f8-dac32914bfaf","conversation_id":null,"itinerary":null,"stage":null} @ webpack-internal:///(app-pages-browser)/./lib/chat-transport.ts:115
[  203629ms] [LOG] [ChatTransport] onmessage triggered, has currentResponseHandler: true @ webpack-internal:///(app-pages-browser)/./lib/chat-transport.ts:37
[  203629ms] [LOG] [ChatTransport] responseHandler called, data: {"type":"delta","content":"备","error":null,"message_id":"67c58e48-3c74-426d-98f8-dac32914bfaf","conversation_id":null,"itinerary":null,"stage":null} @ webpack-internal:///(app-pages-browser)/./lib/chat-transport.ts:115
[  203709ms] [LOG] [ChatTransport] onmessage triggered, has currentResponseHandler: true @ webpack-internal:///(app-pages-browser)/./lib/chat-transport.ts:37
[  203709ms] [LOG] [ChatTransport] responseHandler called, data: {"type":"delta","content":"选","error":null,"message_id":"67c58e48-3c74-426d-98f8-dac32914bfaf","conversation_id":null,"itinerary":null,"stage":null} @ webpack-internal:///(app-pages-browser)/./lib/chat-transport.ts:115
[  203730ms] [LOG] [ChatTransport] onmessage triggered, has currentResponseHandler: true @ webpack-internal:///(app-pages-browser)/./lib/chat-transport.ts:37
[  203731ms] [LOG] [ChatTransport] responseHandler called, data: {"type":"delta","content":"。\n","error":null,"message_id":"67c58e48-3c74-426d-98f8-dac32914bfaf","conversation_id":null,"itinerary":null,"stage":null} @ webpack-internal:///(app-pages-browser)/./lib/chat-transport.ts:115
[  203758ms] [LOG] [ChatTransport] onmessage triggered, has currentResponseHandler: true @ webpack-internal:///(app-pages-browser)/./lib/chat-transport.ts:37
[  203759ms] [LOG] [ChatTransport] responseHandler called, data: {"type":"delta","content":"*","error":null,"message_id":"67c58e48-3c74-426d-98f8-dac32914bfaf","conversation_id":null,"itinerary":null,"stage":null} @ webpack-internal:///(app-pages-browser)/./lib/chat-transport.ts:115
[  203775ms] [LOG] [ChatTransport] onmessage triggered, has currentResponseHandler: true @ webpack-internal:///(app-pages-browser)/./lib/chat-transport.ts:37
[  203775ms] [LOG] [ChatTransport] responseHandler called, data: {"type":"delta","content":"  ","error":null,"message_id":"67c58e48-3c74-426d-98f8-dac32914bfaf","conversation_id":null,"itinerary":null,"stage":null} @ webpack-internal:///(app-pages-browser)/./lib/chat-transport.ts:115
[  203800ms] [LOG] [ChatTransport] onmessage triggered, has currentResponseHandler: true @ webpack-internal:///(app-pages-browser)/./lib/chat-transport.ts:37
[  203801ms] [LOG] [ChatTransport] responseHandler called, data: {"type":"delta","content":" **","error":null,"message_id":"67c58e48-3c74-426d-98f8-dac32914bfaf","conversation_id":null,"itinerary":null,"stage":null} @ webpack-internal:///(app-pages-browser)/./lib/chat-transport.ts:115
[  203801ms] [LOG] [ChatTransport] onmessage triggered, has currentResponseHandler: true @ webpack-internal:///(app-pages-browser)/./lib/chat-transport.ts:37
[  203801ms] [LOG] [ChatTransport] responseHandler called, data: {"type":"delta","content":"傍晚","error":null,"message_id":"67c58e48-3c74-426d-98f8-dac32914bfaf","conversation_id":null,"itinerary":null,"stage":null} @ webpack-internal:///(app-pages-browser)/./lib/chat-transport.ts:115
[  204011ms] [LOG] [ChatTransport] onmessage triggered, has currentResponseHandler: true @ webpack-internal:///(app-pages-browser)/./lib/chat-transport.ts:37
[  204011ms] [LOG] [ChatTransport] responseHandler called, data: {"type":"delta","content":"至","error":null,"message_id":"67c58e48-3c74-426d-98f8-dac32914bfaf","conversation_id":null,"itinerary":null,"stage":null} @ webpack-internal:///(app-pages-browser)/./lib/chat-transport.ts:115
[  204022ms] [LOG] [ChatTransport] onmessage triggered, has currentResponseHandler: true @ webpack-internal:///(app-pages-browser)/./lib/chat-transport.ts:37
[  204023ms] [LOG] [ChatTransport] responseHandler called, data: {"type":"delta","content":"晚上","error":null,"message_id":"67c58e48-3c74-426d-98f8-dac32914bfaf","conversation_id":null,"itinerary":null,"stage":null} @ webpack-internal:///(app-pages-browser)/./lib/chat-transport.ts:115
[  204036ms] [LOG] [ChatTransport] onmessage triggered, has currentResponseHandler: true @ webpack-internal:///(app-pages-browser)/./lib/chat-transport.ts:37
[  204037ms] [LOG] [ChatTransport] responseHandler called, data: {"type":"delta","content":"：","error":null,"message_id":"67c58e48-3c74-426d-98f8-dac32914bfaf","conversation_id":null,"itinerary":null,"stage":null} @ webpack-internal:///(app-pages-browser)/./lib/chat-transport.ts:115
[  204037ms] [LOG] [ChatTransport] onmessage triggered, has currentResponseHandler: true @ webpack-internal:///(app-pages-browser)/./lib/chat-transport.ts:37
[  204037ms] [LOG] [ChatTransport] responseHandler called, data: {"type":"delta","content":"奥林匹克","error":null,"message_id":"67c58e48-3c74-426d-98f8-dac32914bfaf","conversation_id":null,"itinerary":null,"stage":null} @ webpack-internal:///(app-pages-browser)/./lib/chat-transport.ts:115
[  204038ms] [LOG] [ChatTransport] onmessage triggered, has currentResponseHandler: true @ webpack-internal:///(app-pages-browser)/./lib/chat-transport.ts:37
[  204038ms] [LOG] [ChatTransport] responseHandler called, data: {"type":"delta","content":"公园","error":null,"message_id":"67c58e48-3c74-426d-98f8-dac32914bfaf","conversation_id":null,"itinerary":null,"stage":null} @ webpack-internal:///(app-pages-browser)/./lib/chat-transport.ts:115
[  204055ms] [LOG] [ChatTransport] onmessage triggered, has currentResponseHandler: true @ webpack-internal:///(app-pages-browser)/./lib/chat-transport.ts:37
[  204055ms] [LOG] [ChatTransport] responseHandler called, data: {"type":"delta","content":"**\n","error":null,"message_id":"67c58e48-3c74-426d-98f8-dac32914bfaf","conversation_id":null,"itinerary":null,"stage":null} @ webpack-internal:///(app-pages-browser)/./lib/chat-transport.ts:115
[  204064ms] [LOG] [ChatTransport] onmessage triggered, has currentResponseHandler: true @ webpack-internal:///(app-pages-browser)/./lib/chat-transport.ts:37
[  204064ms] [LOG] [ChatTransport] responseHandler called, data: {"type":"delta","content":"   ","error":null,"message_id":"67c58e48-3c74-426d-98f8-dac32914bfaf","conversation_id":null,"itinerary":null,"stage":null} @ webpack-internal:///(app-pages-browser)/./lib/chat-transport.ts:115
[  204100ms] [LOG] [ChatTransport] onmessage triggered, has currentResponseHandler: true @ webpack-internal:///(app-pages-browser)/./lib/chat-transport.ts:37
[  204100ms] [LOG] [ChatTransport] responseHandler called, data: {"type":"delta","content":" *","error":null,"message_id":"67c58e48-3c74-426d-98f8-dac32914bfaf","conversation_id":null,"itinerary":null,"stage":null} @ webpack-internal:///(app-pages-browser)/./lib/chat-transport.ts:115
[  204101ms] [LOG] [ChatTransport] onmessage triggered, has currentResponseHandler: true @ webpack-internal:///(app-pages-browser)/./lib/chat-transport.ts:37
[  204101ms] [LOG] [ChatTransport] responseHandler called, data: {"type":"delta","content":"  ","error":null,"message_id":"67c58e48-3c74-426d-98f8-dac32914bfaf","conversation_id":null,"itinerary":null,"stage":null} @ webpack-internal:///(app-pages-browser)/./lib/chat-transport.ts:115
[  204192ms] [LOG] [ChatTransport] onmessage triggered, has currentResponseHandler: true @ webpack-internal:///(app-pages-browser)/./lib/chat-transport.ts:37
[  204193ms] [LOG] [ChatTransport] responseHandler called, data: {"type":"delta","content":" **","error":null,"message_id":"67c58e48-3c74-426d-98f8-dac32914bfaf","conversation_id":null,"itinerary":null,"stage":null} @ webpack-internal:///(app-pages-browser)/./lib/chat-transport.ts:115
[  204211ms] [LOG] [ChatTransport] onmessage triggered, has currentResponseHandler: true @ webpack-internal:///(app-pages-browser)/./lib/chat-transport.ts:37
[  204211ms] [LOG] [ChatTransport] responseHandler called, data: {"type":"delta","content":"活动","error":null,"message_id":"67c58e48-3c74-426d-98f8-dac32914bfaf","conversation_id":null,"itinerary":null,"stage":null} @ webpack-internal:///(app-pages-browser)/./lib/chat-transport.ts:115
[  204274ms] [LOG] [ChatTransport] onmessage triggered, has currentResponseHandler: true @ webpack-internal:///(app-pages-browser)/./lib/chat-transport.ts:37
[  204275ms] [LOG] [ChatTransport] responseHandler called, data: {"type":"delta","content":"：","error":null,"message_id":"67c58e48-3c74-426d-98f8-dac32914bfaf","conversation_id":null,"itinerary":null,"stage":null} @ webpack-internal:///(app-pages-browser)/./lib/chat-transport.ts:115
[  204296ms] [LOG] [ChatTransport] onmessage triggered, has currentResponseHandler: true @ webpack-internal:///(app-pages-browser)/./lib/chat-transport.ts:37
[  204297ms] [LOG] [ChatTransport] responseHandler called, data: {"type":"delta","content":"**","error":null,"message_id":"67c58e48-3c74-426d-98f8-dac32914bfaf","conversation_id":null,"itinerary":null,"stage":null} @ webpack-internal:///(app-pages-browser)/./lib/chat-transport.ts:115
[  204321ms] [LOG] [ChatTransport] onmessage triggered, has currentResponseHandler: true @ webpack-internal:///(app-pages-browser)/./lib/chat-transport.ts:37
[  204321ms] [LOG] [ChatTransport] responseHandler called, data: {"type":"delta","content":" ","error":null,"message_id":"67c58e48-3c74-426d-98f8-dac32914bfaf","conversation_id":null,"itinerary":null,"stage":null} @ webpack-internal:///(app-pages-browser)/./lib/chat-transport.ts:115
[  204321ms] [LOG] [ChatTransport] onmessage triggered, has currentResponseHandler: true @ webpack-internal:///(app-pages-browser)/./lib/chat-transport.ts:37
[  204321ms] [LOG] [ChatTransport] responseHandler called, data: {"type":"delta","content":"参观","error":null,"message_id":"67c58e48-3c74-426d-98f8-dac32914bfaf","conversation_id":null,"itinerary":null,"stage":null} @ webpack-internal:///(app-pages-browser)/./lib/chat-transport.ts:115
[  204348ms] [LOG] [ChatTransport] onmessage triggered, has currentResponseHandler: true @ webpack-internal:///(app-pages-browser)/./lib/chat-transport.ts:37
[  204348ms] [LOG] [ChatTransport] responseHandler called, data: {"type":"delta","content":"鸟","error":null,"message_id":"67c58e48-3c74-426d-98f8-dac32914bfaf","conversation_id":null,"itinerary":null,"stage":null} @ webpack-internal:///(app-pages-browser)/./lib/chat-transport.ts:115
[  204363ms] [LOG] [ChatTransport] onmessage triggered, has currentResponseHandler: true @ webpack-internal:///(app-pages-browser)/./lib/chat-transport.ts:37
[  204363ms] [LOG] [ChatTransport] responseHandler called, data: {"type":"delta","content":"巢","error":null,"message_id":"67c58e48-3c74-426d-98f8-dac32914bfaf","conversation_id":null,"itinerary":null,"stage":null} @ webpack-internal:///(app-pages-browser)/./lib/chat-transport.ts:115
[  204403ms] [LOG] [ChatTransport] onmessage triggered, has currentResponseHandler: true @ webpack-internal:///(app-pages-browser)/./lib/chat-transport.ts:37
[  204403ms] [LOG] [ChatTransport] responseHandler called, data: {"type":"delta","content":"（","error":null,"message_id":"67c58e48-3c74-426d-98f8-dac32914bfaf","conversation_id":null,"itinerary":null,"stage":null} @ webpack-internal:///(app-pages-browser)/./lib/chat-transport.ts:115
[  204416ms] [LOG] [ChatTransport] onmessage triggered, has currentResponseHandler: true @ webpack-internal:///(app-pages-browser)/./lib/chat-transport.ts:37
[  204416ms] [LOG] [ChatTransport] responseHandler called, data: {"type":"delta","content":"国家","error":null,"message_id":"67c58e48-3c74-426d-98f8-dac32914bfaf","conversation_id":null,"itinerary":null,"stage":null} @ webpack-internal:///(app-pages-browser)/./lib/chat-transport.ts:115
[  204461ms] [LOG] [ChatTransport] onmessage triggered, has currentResponseHandler: true @ webpack-internal:///(app-pages-browser)/./lib/chat-transport.ts:37
[  204461ms] [LOG] [ChatTransport] responseHandler called, data: {"type":"delta","content":"体育","error":null,"message_id":"67c58e48-3c74-426d-98f8-dac32914bfaf","conversation_id":null,"itinerary":null,"stage":null} @ webpack-internal:///(app-pages-browser)/./lib/chat-transport.ts:115
[  204461ms] [LOG] [ChatTransport] onmessage triggered, has currentResponseHandler: true @ webpack-internal:///(app-pages-browser)/./lib/chat-transport.ts:37
[  204461ms] [LOG] [ChatTransport] responseHandler called, data: {"type":"delta","content":"场","error":null,"message_id":"67c58e48-3c74-426d-98f8-dac32914bfaf","conversation_id":null,"itinerary":null,"stage":null} @ webpack-internal:///(app-pages-browser)/./lib/chat-transport.ts:115
[  204535ms] [LOG] [ChatTransport] onmessage triggered, has currentResponseHandler: true @ webpack-internal:///(app-pages-browser)/./lib/chat-transport.ts:37
[  204535ms] [LOG] [ChatTransport] responseHandler called, data: {"type":"delta","content":"）","error":null,"message_id":"67c58e48-3c74-426d-98f8-dac32914bfaf","conversation_id":null,"itinerary":null,"stage":null} @ webpack-internal:///(app-pages-browser)/./lib/chat-transport.ts:115
[  204556ms] [LOG] [ChatTransport] onmessage triggered, has currentResponseHandler: true @ webpack-internal:///(app-pages-browser)/./lib/chat-transport.ts:37
[  204556ms] [LOG] [ChatTransport] responseHandler called, data: {"type":"delta","content":"和水","error":null,"message_id":"67c58e48-3c74-426d-98f8-dac32914bfaf","conversation_id":null,"itinerary":null,"stage":null} @ webpack-internal:///(app-pages-browser)/./lib/chat-transport.ts:115
[  204558ms] [WARNING] [Chat] Safety timeout triggered, resetting isLoading @ webpack-internal:///(app-pages-browser)/./app/chat/page.tsx:230
[  204579ms] [LOG] [ChatTransport] onmessage triggered, has currentResponseHandler: true @ webpack-internal:///(app-pages-browser)/./lib/chat-transport.ts:37
[  204580ms] [LOG] [ChatTransport] responseHandler called, data: {"type":"delta","content":"立方","error":null,"message_id":"67c58e48-3c74-426d-98f8-dac32914bfaf","conversation_id":null,"itinerary":null,"stage":null} @ webpack-internal:///(app-pages-browser)/./lib/chat-transport.ts:115
[  204594ms] [LOG] [ChatTransport] onmessage triggered, has currentResponseHandler: true @ webpack-internal:///(app-pages-browser)/./lib/chat-transport.ts:37
[  204594ms] [LOG] [ChatTransport] responseHandler called, data: {"type":"delta","content":"（","error":null,"message_id":"67c58e48-3c74-426d-98f8-dac32914bfaf","conversation_id":null,"itinerary":null,"stage":null} @ webpack-internal:///(app-pages-browser)/./lib/chat-transport.ts:115
[  204638ms] [LOG] [ChatTransport] onmessage triggered, has currentResponseHandler: true @ webpack-internal:///(app-pages-browser)/./lib/chat-transport.ts:37
[  204639ms] [LOG] [ChatTransport] responseHandler called, data: {"type":"delta","content":"国家","error":null,"message_id":"67c58e48-3c74-426d-98f8-dac32914bfaf","conversation_id":null,"itinerary":null,"stage":null} @ webpack-internal:///(app-pages-browser)/./lib/chat-transport.ts:115
[  204651ms] [LOG] [ChatTransport] onmessage triggered, has currentResponseHandler: true @ webpack-internal:///(app-pages-browser)/./lib/chat-transport.ts:37
[  204652ms] [LOG] [ChatTransport] responseHandler called, data: {"type":"delta","content":"游泳","error":null,"message_id":"67c58e48-3c74-426d-98f8-dac32914bfaf","conversation_id":null,"itinerary":null,"stage":null} @ webpack-internal:///(app-pages-browser)/./lib/chat-transport.ts:115
[  204814ms] [LOG] [ChatTransport] onmessage triggered, has currentResponseHandler: true @ webpack-internal:///(app-pages-browser)/./lib/chat-transport.ts:37
[  204814ms] [LOG] [ChatTransport] responseHandler called, data: {"type":"delta","content":"中心","error":null,"message_id":"67c58e48-3c74-426d-98f8-dac32914bfaf","conversation_id":null,"itinerary":null,"stage":null} @ webpack-internal:///(app-pages-browser)/./lib/chat-transport.ts:115
[  204830ms] [LOG] [ChatTransport] onmessage triggered, has currentResponseHandler: true @ webpack-internal:///(app-pages-browser)/./lib/chat-transport.ts:37
[  204831ms] [LOG] [ChatTransport] responseHandler called, data: {"type":"delta","content":"）","error":null,"message_id":"67c58e48-3c74-426d-98f8-dac32914bfaf","conversation_id":null,"itinerary":null,"stage":null} @ webpack-internal:///(app-pages-browser)/./lib/chat-transport.ts:115
[  204847ms] [LOG] [ChatTransport] onmessage triggered, has currentResponseHandler: true @ webpack-internal:///(app-pages-browser)/./lib/chat-transport.ts:37
[  204847ms] [LOG] [ChatTransport] responseHandler called, data: {"type":"delta","content":"的外","error":null,"message_id":"67c58e48-3c74-426d-98f8-dac32914bfaf","conversation_id":null,"itinerary":null,"stage":null} @ webpack-internal:///(app-pages-browser)/./lib/chat-transport.ts:115
[  204848ms] [LOG] [ChatTransport] onmessage triggered, has currentResponseHandler: true @ webpack-internal:///(app-pages-browser)/./lib/chat-transport.ts:37
[  204848ms] [LOG] [ChatTransport] responseHandler called, data: {"type":"delta","content":"景","error":null,"message_id":"67c58e48-3c74-426d-98f8-dac32914bfaf","conversation_id":null,"itinerary":null,"stage":null} @ webpack-internal:///(app-pages-browser)/./lib/chat-transport.ts:115
[  204848ms] [LOG] [ChatTransport] onmessage triggered, has currentResponseHandler: true @ webpack-internal:///(app-pages-browser)/./lib/chat-transport.ts:37
[  204848ms] [LOG] [ChatTransport] responseHandler called, data: {"type":"delta","content":"。","error":null,"message_id":"67c58e48-3c74-426d-98f8-dac32914bfaf","conversation_id":null,"itinerary":null,"stage":null} @ webpack-internal:///(app-pages-browser)/./lib/chat-transport.ts:115
[  204848ms] [LOG] [ChatTransport] onmessage triggered, has currentResponseHandler: true @ webpack-internal:///(app-pages-browser)/./lib/chat-transport.ts:37
[  204848ms] [LOG] [ChatTransport] responseHandler called, data: {"type":"delta","content":"夜晚","error":null,"message_id":"67c58e48-3c74-426d-98f8-dac32914bfaf","conversation_id":null,"itinerary":null,"stage":null} @ webpack-internal:///(app-pages-browser)/./lib/chat-transport.ts:115
[  204875ms] [LOG] [ChatTransport] onmessage triggered, has currentResponseHandler: true @ webpack-internal:///(app-pages-browser)/./lib/chat-transport.ts:37
[  204875ms] [LOG] [ChatTransport] responseHandler called, data: {"type":"delta","content":"灯光","error":null,"message_id":"67c58e48-3c74-426d-98f8-dac32914bfaf","conversation_id":null,"itinerary":null,"stage":null} @ webpack-internal:///(app-pages-browser)/./lib/chat-transport.ts:115
[  204890ms] [LOG] [ChatTransport] onmessage triggered, has currentResponseHandler: true @ webpack-internal:///(app-pages-browser)/./lib/chat-transport.ts:37
[  204890ms] [LOG] [ChatTransport] responseHandler called, data: {"type":"delta","content":"亮","error":null,"message_id":"67c58e48-3c74-426d-98f8-dac32914bfaf","conversation_id":null,"itinerary":null,"stage":null} @ webpack-internal:///(app-pages-browser)/./lib/chat-transport.ts:115
[  204951ms] [LOG] [ChatTransport] onmessage triggered, has currentResponseHandler: true @ webpack-internal:///(app-pages-browser)/./lib/chat-transport.ts:37
[  204951ms] [LOG] [ChatTransport] responseHandler called, data: {"type":"delta","content":"起","error":null,"message_id":"67c58e48-3c74-426d-98f8-dac32914bfaf","conversation_id":null,"itinerary":null,"stage":null} @ webpack-internal:///(app-pages-browser)/./lib/chat-transport.ts:115
[  204964ms] [LOG] [ChatTransport] onmessage triggered, has currentResponseHandler: true @ webpack-internal:///(app-pages-browser)/./lib/chat-transport.ts:37
[  204965ms] [LOG] [ChatTransport] responseHandler called, data: {"type":"delta","content":"时","error":null,"message_id":"67c58e48-3c74-426d-98f8-dac32914bfaf","conversation_id":null,"itinerary":null,"stage":null} @ webpack-internal:///(app-pages-browser)/./lib/chat-transport.ts:115
[  205000ms] [LOG] [ChatTransport] onmessage triggered, has currentResponseHandler: true @ webpack-internal:///(app-pages-browser)/./lib/chat-transport.ts:37
[  205000ms] [LOG] [ChatTransport] responseHandler called, data: {"type":"delta","content":"格外","error":null,"message_id":"67c58e48-3c74-426d-98f8-dac32914bfaf","conversation_id":null,"itinerary":null,"stage":null} @ webpack-internal:///(app-pages-browser)/./lib/chat-transport.ts:115
[  205000ms] [LOG] [ChatTransport] onmessage triggered, has currentResponseHandler: true @ webpack-internal:///(app-pages-browser)/./lib/chat-transport.ts:37
[  205000ms] [LOG] [ChatTransport] responseHandler called, data: {"type":"delta","content":"壮观","error":null,"message_id":"67c58e48-3c74-426d-98f8-dac32914bfaf","conversation_id":null,"itinerary":null,"stage":null} @ webpack-internal:///(app-pages-browser)/./lib/chat-transport.ts:115
[  205068ms] [LOG] [ChatTransport] onmessage triggered, has currentResponseHandler: true @ webpack-internal:///(app-pages-browser)/./lib/chat-transport.ts:37
[  205069ms] [LOG] [ChatTransport] responseHandler called, data: {"type":"delta","content":"，","error":null,"message_id":"67c58e48-3c74-426d-98f8-dac32914bfaf","conversation_id":null,"itinerary":null,"stage":null} @ webpack-internal:///(app-pages-browser)/./lib/chat-transport.ts:115
[  205069ms] [LOG] [ChatTransport] onmessage triggered, has currentResponseHandler: true @ webpack-internal:///(app-pages-browser)/./lib/chat-transport.ts:37
[  205069ms] [LOG] [ChatTransport] responseHandler called, data: {"type":"delta","content":"是","error":null,"message_id":"67c58e48-3c74-426d-98f8-dac32914bfaf","conversation_id":null,"itinerary":null,"stage":null} @ webpack-internal:///(app-pages-browser)/./lib/chat-transport.ts:115
[  205144ms] [LOG] [ChatTransport] onmessage triggered, has currentResponseHandler: true @ webpack-internal:///(app-pages-browser)/./lib/chat-transport.ts:37
[  205144ms] [LOG] [ChatTransport] responseHandler called, data: {"type":"delta","content":"拍摄","error":null,"message_id":"67c58e48-3c74-426d-98f8-dac32914bfaf","conversation_id":null,"itinerary":null,"stage":null} @ webpack-internal:///(app-pages-browser)/./lib/chat-transport.ts:115
[  205194ms] [LOG] [ChatTransport] onmessage triggered, has currentResponseHandler: true @ webpack-internal:///(app-pages-browser)/./lib/chat-transport.ts:37
[  205194ms] [LOG] [ChatTransport] responseHandler called, data: {"type":"delta","content":"现代","error":null,"message_id":"67c58e48-3c74-426d-98f8-dac32914bfaf","conversation_id":null,"itinerary":null,"stage":null} @ webpack-internal:///(app-pages-browser)/./lib/chat-transport.ts:115
[  205196ms] [LOG] [ChatTransport] onmessage triggered, has currentResponseHandler: true @ webpack-internal:///(app-pages-browser)/./lib/chat-transport.ts:37
[  205196ms] [LOG] [ChatTransport] responseHandler called, data: {"type":"delta","content":"北京","error":null,"message_id":"67c58e48-3c74-426d-98f8-dac32914bfaf","conversation_id":null,"itinerary":null,"stage":null} @ webpack-internal:///(app-pages-browser)/./lib/chat-transport.ts:115
[  205268ms] [LOG] [ChatTransport] onmessage triggered, has currentResponseHandler: true @ webpack-internal:///(app-pages-browser)/./lib/chat-transport.ts:37
[  205268ms] [LOG] [ChatTransport] responseHandler called, data: {"type":"delta","content":"标志","error":null,"message_id":"67c58e48-3c74-426d-98f8-dac32914bfaf","conversation_id":null,"itinerary":null,"stage":null} @ webpack-internal:///(app-pages-browser)/./lib/chat-transport.ts:115
[  205297ms] [LOG] [ChatTransport] onmessage triggered, has currentResponseHandler: true @ webpack-internal:///(app-pages-browser)/./lib/chat-transport.ts:37
[  205298ms] [LOG] [ChatTransport] responseHandler called, data: {"type":"delta","content":"性","error":null,"message_id":"67c58e48-3c74-426d-98f8-dac32914bfaf","conversation_id":null,"itinerary":null,"stage":null} @ webpack-internal:///(app-pages-browser)/./lib/chat-transport.ts:115
[  205298ms] [LOG] [ChatTransport] onmessage triggered, has currentResponseHandler: true @ webpack-internal:///(app-pages-browser)/./lib/chat-transport.ts:37
[  205298ms] [LOG] [ChatTransport] responseHandler called, data: {"type":"delta","content":"建筑","error":null,"message_id":"67c58e48-3c74-426d-98f8-dac32914bfaf","conversation_id":null,"itinerary":null,"stage":null} @ webpack-internal:///(app-pages-browser)/./lib/chat-transport.ts:115
[  205359ms] [LOG] [ChatTransport] onmessage triggered, has currentResponseHandler: true @ webpack-internal:///(app-pages-browser)/./lib/chat-transport.ts:37
[  205359ms] [LOG] [ChatTransport] responseHandler called, data: {"type":"delta","content":"的好","error":null,"message_id":"67c58e48-3c74-426d-98f8-dac32914bfaf","conversation_id":null,"itinerary":null,"stage":null} @ webpack-internal:///(app-pages-browser)/./lib/chat-transport.ts:115
[  205359ms] [LOG] [ChatTransport] onmessage triggered, has currentResponseHandler: true @ webpack-internal:///(app-pages-browser)/./lib/chat-transport.ts:37
[  205359ms] [LOG] [ChatTransport] responseHandler called, data: {"type":"delta","content":"时机","error":null,"message_id":"67c58e48-3c74-426d-98f8-dac32914bfaf","conversation_id":null,"itinerary":null,"stage":null} @ webpack-internal:///(app-pages-browser)/./lib/chat-transport.ts:115
[  205424ms] [LOG] [ChatTransport] onmessage triggered, has currentResponseHandler: true @ webpack-internal:///(app-pages-browser)/./lib/chat-transport.ts:37
[  205425ms] [LOG] [ChatTransport] responseHandler called, data: {"type":"delta","content":"。","error":null,"message_id":"67c58e48-3c74-426d-98f8-dac32914bfaf","conversation_id":null,"itinerary":null,"stage":null} @ webpack-internal:///(app-pages-browser)/./lib/chat-transport.ts:115
[  205482ms] [LOG] [ChatTransport] onmessage triggered, has currentResponseHandler: true @ webpack-internal:///(app-pages-browser)/./lib/chat-transport.ts:37
[  205483ms] [LOG] [ChatTransport] responseHandler called, data: {"type":"delta","content":"可以在","error":null,"message_id":"67c58e48-3c74-426d-98f8-dac32914bfaf","conversation_id":null,"itinerary":null,"stage":null} @ webpack-internal:///(app-pages-browser)/./lib/chat-transport.ts:115
[  205502ms] [LOG] [ChatTransport] onmessage triggered, has currentResponseHandler: true @ webpack-internal:///(app-pages-browser)/./lib/chat-transport.ts:37
[  205502ms] [LOG] [ChatTransport] responseHandler called, data: {"type":"delta","content":"公园","error":null,"message_id":"67c58e48-3c74-426d-98f8-dac32914bfaf","conversation_id":null,"itinerary":null,"stage":null} @ webpack-internal:///(app-pages-browser)/./lib/chat-transport.ts:115
[  205544ms] [LOG] [ChatTransport] onmessage triggered, has currentResponseHandler: true @ webpack-internal:///(app-pages-browser)/./lib/chat-transport.ts:37
[  205544ms] [LOG] [ChatTransport] responseHandler called, data: {"type":"delta","content":"内","error":null,"message_id":"67c58e48-3c74-426d-98f8-dac32914bfaf","conversation_id":null,"itinerary":null,"stage":null} @ webpack-internal:///(app-pages-browser)/./lib/chat-transport.ts:115
[  205605ms] [LOG] [ChatTransport] onmessage triggered, has currentResponseHandler: true @ webpack-internal:///(app-pages-browser)/./lib/chat-transport.ts:37
[  205605ms] [LOG] [ChatTransport] responseHandler called, data: {"type":"delta","content":"散步","error":null,"message_id":"67c58e48-3c74-426d-98f8-dac32914bfaf","conversation_id":null,"itinerary":null,"stage":null} @ webpack-internal:///(app-pages-browser)/./lib/chat-transport.ts:115
[  205605ms] [LOG] [ChatTransport] onmessage triggered, has currentResponseHandler: true @ webpack-internal:///(app-pages-browser)/./lib/chat-transport.ts:37
[  205605ms] [LOG] [ChatTransport] responseHandler called, data: {"type":"delta","content":"，","error":null,"message_id":"67c58e48-3c74-426d-98f8-dac32914bfaf","conversation_id":null,"itinerary":null,"stage":null} @ webpack-internal:///(app-pages-browser)/./lib/chat-transport.ts:115
[  205686ms] [LOG] [ChatTransport] onmessage triggered, has currentResponseHandler: true @ webpack-internal:///(app-pages-browser)/./lib/chat-transport.ts:37
[  205686ms] [LOG] [ChatTransport] responseHandler called, data: {"type":"delta","content":"感受","error":null,"message_id":"67c58e48-3c74-426d-98f8-dac32914bfaf","conversation_id":null,"itinerary":null,"stage":null} @ webpack-internal:///(app-pages-browser)/./lib/chat-transport.ts:115
[  205705ms] [LOG] [ChatTransport] onmessage triggered, has currentResponseHandler: true @ webpack-internal:///(app-pages-browser)/./lib/chat-transport.ts:37
[  205705ms] [LOG] [ChatTransport] responseHandler called, data: {"type":"delta","content":"奥运","error":null,"message_id":"67c58e48-3c74-426d-98f8-dac32914bfaf","conversation_id":null,"itinerary":null,"stage":null} @ webpack-internal:///(app-pages-browser)/./lib/chat-transport.ts:115
[  205733ms] [LOG] [ChatTransport] onmessage triggered, has currentResponseHandler: true @ webpack-internal:///(app-pages-browser)/./lib/chat-transport.ts:37
[  205734ms] [LOG] [ChatTransport] responseHandler called, data: {"type":"delta","content":"氛围","error":null,"message_id":"67c58e48-3c74-426d-98f8-dac32914bfaf","conversation_id":null,"itinerary":null,"stage":null} @ webpack-internal:///(app-pages-browser)/./lib/chat-transport.ts:115
[  205734ms] [LOG] [ChatTransport] onmessage triggered, has currentResponseHandler: true @ webpack-internal:///(app-pages-browser)/./lib/chat-transport.ts:37
[  205734ms] [LOG] [ChatTransport] responseHandler called, data: {"type":"delta","content":"。\n\n","error":null,"message_id":"67c58e48-3c74-426d-98f8-dac32914bfaf","conversation_id":null,"itinerary":null,"stage":null} @ webpack-internal:///(app-pages-browser)/./lib/chat-transport.ts:115
[  205796ms] [LOG] [ChatTransport] onmessage triggered, has currentResponseHandler: true @ webpack-internal:///(app-pages-browser)/./lib/chat-transport.ts:37
[  205796ms] [LOG] [ChatTransport] responseHandler called, data: {"type":"delta","content":"####","error":null,"message_id":"67c58e48-3c74-426d-98f8-dac32914bfaf","conversation_id":null,"itinerary":null,"stage":null} @ webpack-internal:///(app-pages-browser)/./lib/chat-transport.ts:115
[  205819ms] [LOG] [ChatTransport] onmessage triggered, has currentResponseHandler: true @ webpack-internal:///(app-pages-browser)/./lib/chat-transport.ts:37
[  205819ms] [LOG] [ChatTransport] responseHandler called, data: {"type":"delta","content":" **","error":null,"message_id":"67c58e48-3c74-426d-98f8-dac32914bfaf","conversation_id":null,"itinerary":null,"stage":null} @ webpack-internal:///(app-pages-browser)/./lib/chat-transport.ts:115
[  205856ms] [LOG] [ChatTransport] onmessage triggered, has currentResponseHandler: true @ webpack-internal:///(app-pages-browser)/./lib/chat-transport.ts:37
[  205857ms] [LOG] [ChatTransport] responseHandler called, data: {"type":"delta","content":"第三天","error":null,"message_id":"67c58e48-3c74-426d-98f8-dac32914bfaf","conversation_id":null,"itinerary":null,"stage":null} @ webpack-internal:///(app-pages-browser)/./lib/chat-transport.ts:115
[  205877ms] [LOG] [ChatTransport] onmessage triggered, has currentResponseHandler: true @ webpack-internal:///(app-pages-browser)/./lib/chat-transport.ts:37
[  205877ms] [LOG] [ChatTransport] responseHandler called, data: {"type":"delta","content":"：","error":null,"message_id":"67c58e48-3c74-426d-98f8-dac32914bfaf","conversation_id":null,"itinerary":null,"stage":null} @ webpack-internal:///(app-pages-browser)/./lib/chat-transport.ts:115
[  205912ms] [LOG] [ChatTransport] onmessage triggered, has currentResponseHandler: true @ webpack-internal:///(app-pages-browser)/./lib/chat-transport.ts:37
[  205913ms] [LOG] [ChatTransport] responseHandler called, data: {"type":"delta","content":"市","error":null,"message_id":"67c58e48-3c74-426d-98f8-dac32914bfaf","conversation_id":null,"itinerary":null,"stage":null} @ webpack-internal:///(app-pages-browser)/./lib/chat-transport.ts:115
[  205984ms] [LOG] [ChatTransport] onmessage triggered, has currentResponseHandler: true @ webpack-internal:///(app-pages-browser)/./lib/chat-transport.ts:37
[  205985ms] [LOG] [ChatTransport] responseHandler called, data: {"type":"delta","content":"井","error":null,"message_id":"67c58e48-3c74-426d-98f8-dac32914bfaf","conversation_id":null,"itinerary":null,"stage":null} @ webpack-internal:///(app-pages-browser)/./lib/chat-transport.ts:115
[  205996ms] [LOG] [ChatTransport] onmessage triggered, has currentResponseHandler: true @ webpack-internal:///(app-pages-browser)/./lib/chat-transport.ts:37
[  205997ms] [LOG] [ChatTransport] responseHandler called, data: {"type":"delta","content":"文化与","error":null,"message_id":"67c58e48-3c74-426d-98f8-dac32914bfaf","conversation_id":null,"itinerary":null,"stage":null} @ webpack-internal:///(app-pages-browser)/./lib/chat-transport.ts:115
[  206029ms] [LOG] [ChatTransport] onmessage triggered, has currentResponseHandler: true @ webpack-internal:///(app-pages-browser)/./lib/chat-transport.ts:37
[  206029ms] [LOG] [ChatTransport] responseHandler called, data: {"type":"delta","content":"深度","error":null,"message_id":"67c58e48-3c74-426d-98f8-dac32914bfaf","conversation_id":null,"itinerary":null,"stage":null} @ webpack-internal:///(app-pages-browser)/./lib/chat-transport.ts:115
[  206105ms] [LOG] [ChatTransport] onmessage triggered, has currentResponseHandler: true @ webpack-internal:///(app-pages-browser)/./lib/chat-transport.ts:37
[  206105ms] [LOG] [ChatTransport] responseHandler called, data: {"type":"delta","content":"体验","error":null,"message_id":"67c58e48-3c74-426d-98f8-dac32914bfaf","conversation_id":null,"itinerary":null,"stage":null} @ webpack-internal:///(app-pages-browser)/./lib/chat-transport.ts:115
[  206105ms] [LOG] [ChatTransport] onmessage triggered, has currentResponseHandler: true @ webpack-internal:///(app-pages-browser)/./lib/chat-transport.ts:37
[  206106ms] [LOG] [ChatTransport] responseHandler called, data: {"type":"delta","content":"**\n","error":null,"message_id":"67c58e48-3c74-426d-98f8-dac32914bfaf","conversation_id":null,"itinerary":null,"stage":null} @ webpack-internal:///(app-pages-browser)/./lib/chat-transport.ts:115
[  206162ms] [LOG] [ChatTransport] onmessage triggered, has currentResponseHandler: true @ webpack-internal:///(app-pages-browser)/./lib/chat-transport.ts:37
[  206162ms] [LOG] [ChatTransport] responseHandler called, data: {"type":"delta","content":"*","error":null,"message_id":"67c58e48-3c74-426d-98f8-dac32914bfaf","conversation_id":null,"itinerary":null,"stage":null} @ webpack-internal:///(app-pages-browser)/./lib/chat-transport.ts:115
[  206163ms] [LOG] [ChatTransport] onmessage triggered, has currentResponseHandler: true @ webpack-internal:///(app-pages-browser)/./lib/chat-transport.ts:37
[  206163ms] [LOG] [ChatTransport] responseHandler called, data: {"type":"delta","content":"  ","error":null,"message_id":"67c58e48-3c74-426d-98f8-dac32914bfaf","conversation_id":null,"itinerary":null,"stage":null} @ webpack-internal:///(app-pages-browser)/./lib/chat-transport.ts:115
[  206251ms] [LOG] [ChatTransport] onmessage triggered, has currentResponseHandler: true @ webpack-internal:///(app-pages-browser)/./lib/chat-transport.ts:37
[  206252ms] [LOG] [ChatTransport] responseHandler called, data: {"type":"delta","content":" **","error":null,"message_id":"67c58e48-3c74-426d-98f8-dac32914bfaf","conversation_id":null,"itinerary":null,"stage":null} @ webpack-internal:///(app-pages-browser)/./lib/chat-transport.ts:115
[  206252ms] [LOG] [ChatTransport] onmessage triggered, has currentResponseHandler: true @ webpack-internal:///(app-pages-browser)/./lib/chat-transport.ts:37
[  206252ms] [LOG] [ChatTransport] responseHandler called, data: {"type":"delta","content":"上午","error":null,"message_id":"67c58e48-3c74-426d-98f8-dac32914bfaf","conversation_id":null,"itinerary":null,"stage":null} @ webpack-internal:///(app-pages-browser)/./lib/chat-transport.ts:115
[  206274ms] [LOG] [ChatTransport] onmessage triggered, has currentResponseHandler: true @ webpack-internal:///(app-pages-browser)/./lib/chat-transport.ts:37
[  206274ms] [LOG] [ChatTransport] responseHandler called, data: {"type":"delta","content":"：","error":null,"message_id":"67c58e48-3c74-426d-98f8-dac32914bfaf","conversation_id":null,"itinerary":null,"stage":null} @ webpack-internal:///(app-pages-browser)/./lib/chat-transport.ts:115
[  206275ms] [LOG] [ChatTransport] onmessage triggered, has currentResponseHandler: true @ webpack-internal:///(app-pages-browser)/./lib/chat-transport.ts:37
[  206275ms] [LOG] [ChatTransport] responseHandler called, data: {"type":"delta","content":"什","error":null,"message_id":"67c58e48-3c74-426d-98f8-dac32914bfaf","conversation_id":null,"itinerary":null,"stage":null} @ webpack-internal:///(app-pages-browser)/./lib/chat-transport.ts:115
[  206341ms] [LOG] [ChatTransport] onmessage triggered, has currentResponseHandler: true @ webpack-internal:///(app-pages-browser)/./lib/chat-transport.ts:37
[  206342ms] [LOG] [ChatTransport] responseHandler called, data: {"type":"delta","content":"刹","error":null,"message_id":"67c58e48-3c74-426d-98f8-dac32914bfaf","conversation_id":null,"itinerary":null,"stage":null} @ webpack-internal:///(app-pages-browser)/./lib/chat-transport.ts:115
[  206342ms] [LOG] [ChatTransport] onmessage triggered, has currentResponseHandler: true @ webpack-internal:///(app-pages-browser)/./lib/chat-transport.ts:37
[  206343ms] [LOG] [ChatTransport] responseHandler called, data: {"type":"delta","content":"海","error":null,"message_id":"67c58e48-3c74-426d-98f8-dac32914bfaf","conversation_id":null,"itinerary":null,"stage":null} @ webpack-internal:///(app-pages-browser)/./lib/chat-transport.ts:115
[  206413ms] [LOG] [ChatTransport] onmessage triggered, has currentResponseHandler: true @ webpack-internal:///(app-pages-browser)/./lib/chat-transport.ts:37
[  206414ms] [LOG] [ChatTransport] responseHandler called, data: {"type":"delta","content":" &","error":null,"message_id":"67c58e48-3c74-426d-98f8-dac32914bfaf","conversation_id":null,"itinerary":null,"stage":null} @ webpack-internal:///(app-pages-browser)/./lib/chat-transport.ts:115
[  206501ms] [LOG] [ChatTransport] onmessage triggered, has currentResponseHandler: true @ webpack-internal:///(app-pages-browser)/./lib/chat-transport.ts:37
[  206501ms] [LOG] [ChatTransport] responseHandler called, data: {"type":"delta","content":" ","error":null,"message_id":"67c58e48-3c74-426d-98f8-dac32914bfaf","conversation_id":null,"itinerary":null,"stage":null} @ webpack-internal:///(app-pages-browser)/./lib/chat-transport.ts:115
[  206523ms] [LOG] [ChatTransport] onmessage triggered, has currentResponseHandler: true @ webpack-internal:///(app-pages-browser)/./lib/chat-transport.ts:37
[  206523ms] [LOG] [ChatTransport] responseHandler called, data: {"type":"delta","content":"胡同","error":null,"message_id":"67c58e48-3c74-426d-98f8-dac32914bfaf","conversation_id":null,"itinerary":null,"stage":null} @ webpack-internal:///(app-pages-browser)/./lib/chat-transport.ts:115
[  206547ms] [LOG] [ChatTransport] onmessage triggered, has currentResponseHandler: true @ webpack-internal:///(app-pages-browser)/./lib/chat-transport.ts:37
[  206547ms] [LOG] [ChatTransport] responseHandler called, data: {"type":"delta","content":"游","error":null,"message_id":"67c58e48-3c74-426d-98f8-dac32914bfaf","conversation_id":null,"itinerary":null,"stage":null} @ webpack-internal:///(app-pages-browser)/./lib/chat-transport.ts:115
[  206548ms] [LOG] [ChatTransport] onmessage triggered, has currentResponseHandler: true @ webpack-internal:///(app-pages-browser)/./lib/chat-transport.ts:37
[  206548ms] [LOG] [ChatTransport] responseHandler called, data: {"type":"delta","content":"**\n","error":null,"message_id":"67c58e48-3c74-426d-98f8-dac32914bfaf","conversation_id":null,"itinerary":null,"stage":null} @ webpack-internal:///(app-pages-browser)/./lib/chat-transport.ts:115
[  206588ms] [LOG] [ChatTransport] onmessage triggered, has currentResponseHandler: true @ webpack-internal:///(app-pages-browser)/./lib/chat-transport.ts:37
[  206588ms] [LOG] [ChatTransport] responseHandler called, data: {"type":"delta","content":"   ","error":null,"message_id":"67c58e48-3c74-426d-98f8-dac32914bfaf","conversation_id":null,"itinerary":null,"stage":null} @ webpack-internal:///(app-pages-browser)/./lib/chat-transport.ts:115
[  206606ms] [LOG] [ChatTransport] onmessage triggered, has currentResponseHandler: true @ webpack-internal:///(app-pages-browser)/./lib/chat-transport.ts:37
[  206606ms] [LOG] [ChatTransport] responseHandler called, data: {"type":"delta","content":" *","error":null,"message_id":"67c58e48-3c74-426d-98f8-dac32914bfaf","conversation_id":null,"itinerary":null,"stage":null} @ webpack-internal:///(app-pages-browser)/./lib/chat-transport.ts:115
[  206641ms] [LOG] [ChatTransport] onmessage triggered, has currentResponseHandler: true @ webpack-internal:///(app-pages-browser)/./lib/chat-transport.ts:37
[  206641ms] [LOG] [ChatTransport] responseHandler called, data: {"type":"delta","content":"  ","error":null,"message_id":"67c58e48-3c74-426d-98f8-dac32914bfaf","conversation_id":null,"itinerary":null,"stage":null} @ webpack-internal:///(app-pages-browser)/./lib/chat-transport.ts:115
[  206641ms] [LOG] [ChatTransport] onmessage triggered, has currentResponseHandler: true @ webpack-internal:///(app-pages-browser)/./lib/chat-transport.ts:37
[  206641ms] [LOG] [ChatTransport] responseHandler called, data: {"type":"delta","content":" **","error":null,"message_id":"67c58e48-3c74-426d-98f8-dac32914bfaf","conversation_id":null,"itinerary":null,"stage":null} @ webpack-internal:///(app-pages-browser)/./lib/chat-transport.ts:115
[  206700ms] [LOG] [ChatTransport] onmessage triggered, has currentResponseHandler: true @ webpack-internal:///(app-pages-browser)/./lib/chat-transport.ts:37
[  206701ms] [LOG] [ChatTransport] responseHandler called, data: {"type":"delta","content":"活动","error":null,"message_id":"67c58e48-3c74-426d-98f8-dac32914bfaf","conversation_id":null,"itinerary":null,"stage":null} @ webpack-internal:///(app-pages-browser)/./lib/chat-transport.ts:115
[  206701ms] [LOG] [ChatTransport] onmessage triggered, has currentResponseHandler: true @ webpack-internal:///(app-pages-browser)/./lib/chat-transport.ts:37
[  206701ms] [LOG] [ChatTransport] responseHandler called, data: {"type":"delta","content":"：","error":null,"message_id":"67c58e48-3c74-426d-98f8-dac32914bfaf","conversation_id":null,"itinerary":null,"stage":null} @ webpack-internal:///(app-pages-browser)/./lib/chat-transport.ts:115
[  206795ms] [LOG] [ChatTransport] onmessage triggered, has currentResponseHandler: true @ webpack-internal:///(app-pages-browser)/./lib/chat-transport.ts:37
[  206795ms] [LOG] [ChatTransport] responseHandler called, data: {"type":"delta","content":"**","error":null,"message_id":"67c58e48-3c74-426d-98f8-dac32914bfaf","conversation_id":null,"itinerary":null,"stage":null} @ webpack-internal:///(app-pages-browser)/./lib/chat-transport.ts:115
[  206817ms] [LOG] [ChatTransport] onmessage triggered, has currentResponseHandler: true @ webpack-internal:///(app-pages-browser)/./lib/chat-transport.ts:37
[  206818ms] [LOG] [ChatTransport] responseHandler called, data: {"type":"delta","content":" ","error":null,"message_id":"67c58e48-3c74-426d-98f8-dac32914bfaf","conversation_id":null,"itinerary":null,"stage":null} @ webpack-internal:///(app-pages-browser)/./lib/chat-transport.ts:115
[  206841ms] [LOG] [ChatTransport] onmessage triggered, has currentResponseHandler: true @ webpack-internal:///(app-pages-browser)/./lib/chat-transport.ts:37
[  206842ms] [LOG] [ChatTransport] responseHandler called, data: {"type":"delta","content":"乘坐","error":null,"message_id":"67c58e48-3c74-426d-98f8-dac32914bfaf","conversation_id":null,"itinerary":null,"stage":null} @ webpack-internal:///(app-pages-browser)/./lib/chat-transport.ts:115
[  206842ms] [LOG] [ChatTransport] onmessage triggered, has currentResponseHandler: true @ webpack-internal:///(app-pages-browser)/./lib/chat-transport.ts:37
[  206843ms] [LOG] [ChatTransport] responseHandler called, data: {"type":"delta","content":"三轮","error":null,"message_id":"67c58e48-3c74-426d-98f8-dac32914bfaf","conversation_id":null,"itinerary":null,"stage":null} @ webpack-internal:///(app-pages-browser)/./lib/chat-transport.ts:115
[  206883ms] [LOG] [ChatTransport] onmessage triggered, has currentResponseHandler: true @ webpack-internal:///(app-pages-browser)/./lib/chat-transport.ts:37
[  206883ms] [LOG] [ChatTransport] responseHandler called, data: {"type":"delta","content":"车","error":null,"message_id":"67c58e48-3c74-426d-98f8-dac32914bfaf","conversation_id":null,"itinerary":null,"stage":null} @ webpack-internal:///(app-pages-browser)/./lib/chat-transport.ts:115
[  206904ms] [LOG] [ChatTransport] onmessage triggered, has currentResponseHandler: true @ webpack-internal:///(app-pages-browser)/./lib/chat-transport.ts:37
[  206904ms] [LOG] [ChatTransport] responseHandler called, data: {"type":"delta","content":"穿梭","error":null,"message_id":"67c58e48-3c74-426d-98f8-dac32914bfaf","conversation_id":null,"itinerary":null,"stage":null} @ webpack-internal:///(app-pages-browser)/./lib/chat-transport.ts:115
[  206936ms] [LOG] [ChatTransport] onmessage triggered, has currentResponseHandler: true @ webpack-internal:///(app-pages-browser)/./lib/chat-transport.ts:37
[  206937ms] [LOG] [ChatTransport] responseHandler called, data: {"type":"delta","content":"于","error":null,"message_id":"67c58e48-3c74-426d-98f8-dac32914bfaf","conversation_id":null,"itinerary":null,"stage":null} @ webpack-internal:///(app-pages-browser)/./lib/chat-transport.ts:115
[  206937ms] [LOG] [ChatTransport] onmessage triggered, has currentResponseHandler: true @ webpack-internal:///(app-pages-browser)/./lib/chat-transport.ts:37
[  206937ms] [LOG] [ChatTransport] responseHandler called, data: {"type":"delta","content":"老","error":null,"message_id":"67c58e48-3c74-426d-98f8-dac32914bfaf","conversation_id":null,"itinerary":null,"stage":null} @ webpack-internal:///(app-pages-browser)/./lib/chat-transport.ts:115
[  206993ms] [LOG] [ChatTransport] onmessage triggered, has currentResponseHandler: true @ webpack-internal:///(app-pages-browser)/./lib/chat-transport.ts:37
[  206993ms] [LOG] [ChatTransport] responseHandler called, data: {"type":"delta","content":"北京","error":null,"message_id":"67c58e48-3c74-426d-98f8-dac32914bfaf","conversation_id":null,"itinerary":null,"stage":null} @ webpack-internal:///(app-pages-browser)/./lib/chat-transport.ts:115
[  207051ms] [LOG] [ChatTransport] onmessage triggered, has currentResponseHandler: true @ webpack-internal:///(app-pages-browser)/./lib/chat-transport.ts:37
[  207051ms] [LOG] [ChatTransport] responseHandler called, data: {"type":"delta","content":"胡同","error":null,"message_id":"67c58e48-3c74-426d-98f8-dac32914bfaf","conversation_id":null,"itinerary":null,"stage":null} @ webpack-internal:///(app-pages-browser)/./lib/chat-transport.ts:115
[  207067ms] [LOG] [ChatTransport] onmessage triggered, has currentResponseHandler: true @ webpack-internal:///(app-pages-browser)/./lib/chat-transport.ts:37
[  207067ms] [LOG] [ChatTransport] responseHandler called, data: {"type":"delta","content":"（","error":null,"message_id":"67c58e48-3c74-426d-98f8-dac32914bfaf","conversation_id":null,"itinerary":null,"stage":null} @ webpack-internal:///(app-pages-browser)/./lib/chat-transport.ts:115
[  207142ms] [LOG] [ChatTransport] onmessage triggered, has currentResponseHandler: true @ webpack-internal:///(app-pages-browser)/./lib/chat-transport.ts:37
[  207142ms] [LOG] [ChatTransport] responseHandler called, data: {"type":"delta","content":"如","error":null,"message_id":"67c58e48-3c74-426d-98f8-dac32914bfaf","conversation_id":null,"itinerary":null,"stage":null} @ webpack-internal:///(app-pages-browser)/./lib/chat-transport.ts:115
[  207152ms] [LOG] [ChatTransport] onmessage triggered, has currentResponseHandler: true @ webpack-internal:///(app-pages-browser)/./lib/chat-transport.ts:37
[  207152ms] [LOG] [ChatTransport] responseHandler called, data: {"type":"delta","content":"烟","error":null,"message_id":"67c58e48-3c74-426d-98f8-dac32914bfaf","conversation_id":null,"itinerary":null,"stage":null} @ webpack-internal:///(app-pages-browser)/./lib/chat-transport.ts:115
[  207176ms] [LOG] [ChatTransport] onmessage triggered, has currentResponseHandler: true @ webpack-internal:///(app-pages-browser)/./lib/chat-transport.ts:37
[  207177ms] [LOG] [ChatTransport] responseHandler called, data: {"type":"delta","content":"袋","error":null,"message_id":"67c58e48-3c74-426d-98f8-dac32914bfaf","conversation_id":null,"itinerary":null,"stage":null} @ webpack-internal:///(app-pages-browser)/./lib/chat-transport.ts:115
[  207177ms] [LOG] [ChatTransport] onmessage triggered, has currentResponseHandler: true @ webpack-internal:///(app-pages-browser)/./lib/chat-transport.ts:37
[  207177ms] [LOG] [ChatTransport] responseHandler called, data: {"type":"delta","content":"斜","error":null,"message_id":"67c58e48-3c74-426d-98f8-dac32914bfaf","conversation_id":null,"itinerary":null,"stage":null} @ webpack-internal:///(app-pages-browser)/./lib/chat-transport.ts:115
[  207232ms] [LOG] [ChatTransport] onmessage triggered, has currentResponseHandler: true @ webpack-internal:///(app-pages-browser)/./lib/chat-transport.ts:37
[  207232ms] [LOG] [ChatTransport] responseHandler called, data: {"type":"delta","content":"街","error":null,"message_id":"67c58e48-3c74-426d-98f8-dac32914bfaf","conversation_id":null,"itinerary":null,"stage":null} @ webpack-internal:///(app-pages-browser)/./lib/chat-transport.ts:115
[  207232ms] [LOG] [ChatTransport] onmessage triggered, has currentResponseHandler: true @ webpack-internal:///(app-pages-browser)/./lib/chat-transport.ts:37
[  207232ms] [LOG] [ChatTransport] responseHandler called, data: {"type":"delta","content":"、","error":null,"message_id":"67c58e48-3c74-426d-98f8-dac32914bfaf","conversation_id":null,"itinerary":null,"stage":null} @ webpack-internal:///(app-pages-browser)/./lib/chat-transport.ts:115
[  207527ms] [LOG] [ChatTransport] onmessage triggered, has currentResponseHandler: true @ webpack-internal:///(app-pages-browser)/./lib/chat-transport.ts:37
[  207527ms] [LOG] [ChatTransport] responseHandler called, data: {"type":"delta","content":"南","error":null,"message_id":"67c58e48-3c74-426d-98f8-dac32914bfaf","conversation_id":null,"itinerary":null,"stage":null} @ webpack-internal:///(app-pages-browser)/./lib/chat-transport.ts:115
[  207540ms] [LOG] [ChatTransport] onmessage triggered, has currentResponseHandler: true @ webpack-internal:///(app-pages-browser)/./lib/chat-transport.ts:37
[  207541ms] [LOG] [ChatTransport] responseHandler called, data: {"type":"delta","content":"锣","error":null,"message_id":"67c58e48-3c74-426d-98f8-dac32914bfaf","conversation_id":null,"itinerary":null,"stage":null} @ webpack-internal:///(app-pages-browser)/./lib/chat-transport.ts:115
[  207552ms] [LOG] [ChatTransport] onmessage triggered, has currentResponseHandler: true @ webpack-internal:///(app-pages-browser)/./lib/chat-transport.ts:37
[  207552ms] [LOG] [ChatTransport] responseHandler called, data: {"type":"delta","content":"鼓","error":null,"message_id":"67c58e48-3c74-426d-98f8-dac32914bfaf","conversation_id":null,"itinerary":null,"stage":null} @ webpack-internal:///(app-pages-browser)/./lib/chat-transport.ts:115
[  207552ms] [LOG] [ChatTransport] onmessage triggered, has currentResponseHandler: true @ webpack-internal:///(app-pages-browser)/./lib/chat-transport.ts:37
[  207552ms] [LOG] [ChatTransport] responseHandler called, data: {"type":"delta","content":"巷","error":null,"message_id":"67c58e48-3c74-426d-98f8-dac32914bfaf","conversation_id":null,"itinerary":null,"stage":null} @ webpack-internal:///(app-pages-browser)/./lib/chat-transport.ts:115
[  207552ms] [LOG] [ChatTransport] onmessage triggered, has currentResponseHandler: true @ webpack-internal:///(app-pages-browser)/./lib/chat-transport.ts:37
[  207552ms] [LOG] [ChatTransport] responseHandler called, data: {"type":"delta","content":"周边","error":null,"message_id":"67c58e48-3c74-426d-98f8-dac32914bfaf","conversation_id":null,"itinerary":null,"stage":null} @ webpack-internal:///(app-pages-browser)/./lib/chat-transport.ts:115
[  207552ms] [LOG] [ChatTransport] onmessage triggered, has currentResponseHandler: true @ webpack-internal:///(app-pages-browser)/./lib/chat-transport.ts:37
[  207552ms] [LOG] [ChatTransport] responseHandler called, data: {"type":"delta","content":"），","error":null,"message_id":"67c58e48-3c74-426d-98f8-dac32914bfaf","conversation_id":null,"itinerary":null,"stage":null} @ webpack-internal:///(app-pages-browser)/./lib/chat-transport.ts:115
[  207552ms] [LOG] [ChatTransport] onmessage triggered, has currentResponseHandler: true @ webpack-internal:///(app-pages-browser)/./lib/chat-transport.ts:37
[  207552ms] [LOG] [ChatTransport] responseHandler called, data: {"type":"delta","content":"参观","error":null,"message_id":"67c58e48-3c74-426d-98f8-dac32914bfaf","conversation_id":null,"itinerary":null,"stage":null} @ webpack-internal:///(app-pages-browser)/./lib/chat-transport.ts:115
[  207553ms] [LOG] [ChatTransport] onmessage triggered, has currentResponseHandler: true @ webpack-internal:///(app-pages-browser)/./lib/chat-transport.ts:37
[  207553ms] [LOG] [ChatTransport] responseHandler called, data: {"type":"delta","content":"恭","error":null,"message_id":"67c58e48-3c74-426d-98f8-dac32914bfaf","conversation_id":null,"itinerary":null,"stage":null} @ webpack-internal:///(app-pages-browser)/./lib/chat-transport.ts:115
[  207553ms] [LOG] [ChatTransport] onmessage triggered, has currentResponseHandler: true @ webpack-internal:///(app-pages-browser)/./lib/chat-transport.ts:37
[  207553ms] [LOG] [ChatTransport] responseHandler called, data: {"type":"delta","content":"王府","error":null,"message_id":"67c58e48-3c74-426d-98f8-dac32914bfaf","conversation_id":null,"itinerary":null,"stage":null} @ webpack-internal:///(app-pages-browser)/./lib/chat-transport.ts:115
[  207594ms] [LOG] [ChatTransport] onmessage triggered, has currentResponseHandler: true @ webpack-internal:///(app-pages-browser)/./lib/chat-transport.ts:37
[  207594ms] [LOG] [ChatTransport] responseHandler called, data: {"type":"delta","content":"（","error":null,"message_id":"67c58e48-3c74-426d-98f8-dac32914bfaf","conversation_id":null,"itinerary":null,"stage":null} @ webpack-internal:///(app-pages-browser)/./lib/chat-transport.ts:115
[  207672ms] [LOG] [ChatTransport] onmessage triggered, has currentResponseHandler: true @ webpack-internal:///(app-pages-browser)/./lib/chat-transport.ts:37
[  207672ms] [LOG] [ChatTransport] responseHandler called, data: {"type":"delta","content":"“","error":null,"message_id":"67c58e48-3c74-426d-98f8-dac32914bfaf","conversation_id":null,"itinerary":null,"stage":null} @ webpack-internal:///(app-pages-browser)/./lib/chat-transport.ts:115
[  207690ms] [LOG] [ChatTransport] onmessage triggered, has currentResponseHandler: true @ webpack-internal:///(app-pages-browser)/./lib/chat-transport.ts:37
[  207690ms] [LOG] [ChatTransport] responseHandler called, data: {"type":"delta","content":"一座","error":null,"message_id":"67c58e48-3c74-426d-98f8-dac32914bfaf","conversation_id":null,"itinerary":null,"stage":null} @ webpack-internal:///(app-pages-browser)/./lib/chat-transport.ts:115
[  207714ms] [LOG] [ChatTransport] onmessage triggered, has currentResponseHandler: true @ webpack-internal:///(app-pages-browser)/./lib/chat-transport.ts:37
[  207715ms] [LOG] [ChatTransport] responseHandler called, data: {"type":"delta","content":"恭","error":null,"message_id":"67c58e48-3c74-426d-98f8-dac32914bfaf","conversation_id":null,"itinerary":null,"stage":null} @ webpack-internal:///(app-pages-browser)/./lib/chat-transport.ts:115
[  207715ms] [LOG] [ChatTransport] onmessage triggered, has currentResponseHandler: true @ webpack-internal:///(app-pages-browser)/./lib/chat-transport.ts:37
[  207715ms] [LOG] [ChatTransport] responseHandler called, data: {"type":"delta","content":"王府","error":null,"message_id":"67c58e48-3c74-426d-98f8-dac32914bfaf","conversation_id":null,"itinerary":null,"stage":null} @ webpack-internal:///(app-pages-browser)/./lib/chat-transport.ts:115
[  207774ms] [LOG] [ChatTransport] onmessage triggered, has currentResponseHandler: true @ webpack-internal:///(app-pages-browser)/./lib/chat-transport.ts:37
[  207774ms] [LOG] [ChatTransport] responseHandler called, data: {"type":"delta","content":"，","error":null,"message_id":"67c58e48-3c74-426d-98f8-dac32914bfaf","conversation_id":null,"itinerary":null,"stage":null} @ webpack-internal:///(app-pages-browser)/./lib/chat-transport.ts:115
[  207787ms] [LOG] [ChatTransport] onmessage triggered, has currentResponseHandler: true @ webpack-internal:///(app-pages-browser)/./lib/chat-transport.ts:37
[  207787ms] [LOG] [ChatTransport] responseHandler called, data: {"type":"delta","content":"半","error":null,"message_id":"67c58e48-3c74-426d-98f8-dac32914bfaf","conversation_id":null,"itinerary":null,"stage":null} @ webpack-internal:///(app-pages-browser)/./lib/chat-transport.ts:115
[  207835ms] [LOG] [ChatTransport] onmessage triggered, has currentResponseHandler: true @ webpack-internal:///(app-pages-browser)/./lib/chat-transport.ts:37
[  207835ms] [LOG] [ChatTransport] responseHandler called, data: {"type":"delta","content":"部","error":null,"message_id":"67c58e48-3c74-426d-98f8-dac32914bfaf","conversation_id":null,"itinerary":null,"stage":null} @ webpack-internal:///(app-pages-browser)/./lib/chat-transport.ts:115
[  207850ms] [LOG] [ChatTransport] onmessage triggered, has currentResponseHandler: true @ webpack-internal:///(app-pages-browser)/./lib/chat-transport.ts:37
[  207850ms] [LOG] [ChatTransport] responseHandler called, data: {"type":"delta","content":"清朝","error":null,"message_id":"67c58e48-3c74-426d-98f8-dac32914bfaf","conversation_id":null,"itinerary":null,"stage":null} @ webpack-internal:///(app-pages-browser)/./lib/chat-transport.ts:115
[  207895ms] [LOG] [ChatTransport] onmessage triggered, has currentResponseHandler: true @ webpack-internal:///(app-pages-browser)/./lib/chat-transport.ts:37
[  207895ms] [LOG] [ChatTransport] responseHandler called, data: {"type":"delta","content":"史","error":null,"message_id":"67c58e48-3c74-426d-98f8-dac32914bfaf","conversation_id":null,"itinerary":null,"stage":null} @ webpack-internal:///(app-pages-browser)/./lib/chat-transport.ts:115
[  207905ms] [LOG] [ChatTransport] onmessage triggered, has currentResponseHandler: true @ webpack-internal:///(app-pages-browser)/./lib/chat-transport.ts:37
[  207905ms] [LOG] [ChatTransport] responseHandler called, data: {"type":"delta","content":"”","error":null,"message_id":"67c58e48-3c74-426d-98f8-dac32914bfaf","conversation_id":null,"itinerary":null,"stage":null} @ webpack-internal:///(app-pages-browser)/./lib/chat-transport.ts:115
[  207967ms] [LOG] [ChatTransport] onmessage triggered, has currentResponseHandler: true @ webpack-internal:///(app-pages-browser)/./lib/chat-transport.ts:37
[  207967ms] [LOG] [ChatTransport] responseHandler called, data: {"type":"delta","content":"），","error":null,"message_id":"67c58e48-3c74-426d-98f8-dac32914bfaf","conversation_id":null,"itinerary":null,"stage":null} @ webpack-internal:///(app-pages-browser)/./lib/chat-transport.ts:115
[  207967ms] [LOG] [ChatTransport] onmessage triggered, has currentResponseHandler: true @ webpack-internal:///(app-pages-browser)/./lib/chat-transport.ts:37
[  207967ms] [LOG] [ChatTransport] responseHandler called, data: {"type":"delta","content":"感受","error":null,"message_id":"67c58e48-3c74-426d-98f8-dac32914bfaf","conversation_id":null,"itinerary":null,"stage":null} @ webpack-internal:///(app-pages-browser)/./lib/chat-transport.ts:115
[  208024ms] [LOG] [ChatTransport] onmessage triggered, has currentResponseHandler: true @ webpack-internal:///(app-pages-browser)/./lib/chat-transport.ts:37
[  208025ms] [LOG] [ChatTransport] responseHandler called, data: {"type":"delta","content":"市","error":null,"message_id":"67c58e48-3c74-426d-98f8-dac32914bfaf","conversation_id":null,"itinerary":null,"stage":null} @ webpack-internal:///(app-pages-browser)/./lib/chat-transport.ts:115
[  208307ms] [LOG] [ChatTransport] onmessage triggered, has currentResponseHandler: true @ webpack-internal:///(app-pages-browser)/./lib/chat-transport.ts:37
[  208308ms] [LOG] [ChatTransport] responseHandler called, data: {"type":"delta","content":"井","error":null,"message_id":"67c58e48-3c74-426d-98f8-dac32914bfaf","conversation_id":null,"itinerary":null,"stage":null} @ webpack-internal:///(app-pages-browser)/./lib/chat-transport.ts:115
[  208308ms] [LOG] [ChatTransport] onmessage triggered, has currentResponseHandler: true @ webpack-internal:///(app-pages-browser)/./lib/chat-transport.ts:37
[  208308ms] [LOG] [ChatTransport] responseHandler called, data: {"type":"delta","content":"文化","error":null,"message_id":"67c58e48-3c74-426d-98f8-dac32914bfaf","conversation_id":null,"itinerary":null,"stage":null} @ webpack-internal:///(app-pages-browser)/./lib/chat-transport.ts:115
[  208328ms] [LOG] [ChatTransport] onmessage triggered, has currentResponseHandler: true @ webpack-internal:///(app-pages-browser)/./lib/chat-transport.ts:37
[  208329ms] [LOG] [ChatTransport] responseHandler called, data: {"type":"delta","content":"。","error":null,"message_id":"67c58e48-3c74-426d-98f8-dac32914bfaf","conversation_id":null,"itinerary":null,"stage":null} @ webpack-internal:///(app-pages-browser)/./lib/chat-transport.ts:115
[  208353ms] [LOG] [ChatTransport] onmessage triggered, has currentResponseHandler: true @ webpack-internal:///(app-pages-browser)/./lib/chat-transport.ts:37
[  208354ms] [LOG] [ChatTransport] responseHandler called, data: {"type":"delta","content":"在","error":null,"message_id":"67c58e48-3c74-426d-98f8-dac32914bfaf","conversation_id":null,"itinerary":null,"stage":null} @ webpack-internal:///(app-pages-browser)/./lib/chat-transport.ts:115
[  208354ms] [LOG] [ChatTransport] onmessage triggered, has currentResponseHandler: true @ webpack-internal:///(app-pages-browser)/./lib/chat-transport.ts:37
[  208355ms] [LOG] [ChatTransport] responseHandler called, data: {"type":"delta","content":"什","error":null,"message_id":"67c58e48-3c74-426d-98f8-dac32914bfaf","conversation_id":null,"itinerary":null,"stage":null} @ webpack-internal:///(app-pages-browser)/./lib/chat-transport.ts:115
[  208355ms] [LOG] [ChatTransport] onmessage triggered, has currentResponseHandler: true @ webpack-internal:///(app-pages-browser)/./lib/chat-transport.ts:37
[  208355ms] [LOG] [ChatTransport] responseHandler called, data: {"type":"delta","content":"刹","error":null,"message_id":"67c58e48-3c74-426d-98f8-dac32914bfaf","conversation_id":null,"itinerary":null,"stage":null} @ webpack-internal:///(app-pages-browser)/./lib/chat-transport.ts:115
[  208355ms] [LOG] [ChatTransport] onmessage triggered, has currentResponseHandler: true @ webpack-internal:///(app-pages-browser)/./lib/chat-transport.ts:37
[  208355ms] [LOG] [ChatTransport] responseHandler called, data: {"type":"delta","content":"海边","error":null,"message_id":"67c58e48-3c74-426d-98f8-dac32914bfaf","conversation_id":null,"itinerary":null,"stage":null} @ webpack-internal:///(app-pages-browser)/./lib/chat-transport.ts:115
[  208372ms] [LOG] [ChatTransport] onmessage triggered, has currentResponseHandler: true @ webpack-internal:///(app-pages-browser)/./lib/chat-transport.ts:37
[  208372ms] [LOG] [ChatTransport] responseHandler called, data: {"type":"delta","content":"散步","error":null,"message_id":"67c58e48-3c74-426d-98f8-dac32914bfaf","conversation_id":null,"itinerary":null,"stage":null} @ webpack-internal:///(app-pages-browser)/./lib/chat-transport.ts:115
[  208372ms] [LOG] [ChatTransport] onmessage triggered, has currentResponseHandler: true @ webpack-internal:///(app-pages-browser)/./lib/chat-transport.ts:37
[  208372ms] [LOG] [ChatTransport] responseHandler called, data: {"type":"delta","content":"，","error":null,"message_id":"67c58e48-3c74-426d-98f8-dac32914bfaf","conversation_id":null,"itinerary":null,"stage":null} @ webpack-internal:///(app-pages-browser)/./lib/chat-transport.ts:115
[  208387ms] [LOG] [ChatTransport] onmessage triggered, has currentResponseHandler: true @ webpack-internal:///(app-pages-browser)/./lib/chat-transport.ts:37
[  208387ms] [LOG] [ChatTransport] responseHandler called, data: {"type":"delta","content":"天气","error":null,"message_id":"67c58e48-3c74-426d-98f8-dac32914bfaf","conversation_id":null,"itinerary":null,"stage":null} @ webpack-internal:///(app-pages-browser)/./lib/chat-transport.ts:115
[  208435ms] [LOG] [ChatTransport] onmessage triggered, has currentResponseHandler: true @ webpack-internal:///(app-pages-browser)/./lib/chat-transport.ts:37
[  208436ms] [LOG] [ChatTransport] responseHandler called, data: {"type":"delta","content":"多云","error":null,"message_id":"67c58e48-3c74-426d-98f8-dac32914bfaf","conversation_id":null,"itinerary":null,"stage":null} @ webpack-internal:///(app-pages-browser)/./lib/chat-transport.ts:115
[  208501ms] [LOG] [ChatTransport] onmessage triggered, has currentResponseHandler: true @ webpack-internal:///(app-pages-browser)/./lib/chat-transport.ts:37
[  208502ms] [LOG] [ChatTransport] responseHandler called, data: {"type":"delta","content":"，","error":null,"message_id":"67c58e48-3c74-426d-98f8-dac32914bfaf","conversation_id":null,"itinerary":null,"stage":null} @ webpack-internal:///(app-pages-browser)/./lib/chat-transport.ts:115
[  208503ms] [LOG] [ChatTransport] onmessage triggered, has currentResponseHandler: true @ webpack-internal:///(app-pages-browser)/./lib/chat-transport.ts:37
[  208503ms] [LOG] [ChatTransport] responseHandler called, data: {"type":"delta","content":"非常","error":null,"message_id":"67c58e48-3c74-426d-98f8-dac32914bfaf","conversation_id":null,"itinerary":null,"stage":null} @ webpack-internal:///(app-pages-browser)/./lib/chat-transport.ts:115
[  208562ms] [LOG] [ChatTransport] onmessage triggered, has currentResponseHandler: true @ webpack-internal:///(app-pages-browser)/./lib/chat-transport.ts:37
[  208563ms] [LOG] [ChatTransport] responseHandler called, data: {"type":"delta","content":"舒适","error":null,"message_id":"67c58e48-3c74-426d-98f8-dac32914bfaf","conversation_id":null,"itinerary":null,"stage":null} @ webpack-internal:///(app-pages-browser)/./lib/chat-transport.ts:115
[  208563ms] [LOG] [ChatTransport] onmessage triggered, has currentResponseHandler: true @ webpack-internal:///(app-pages-browser)/./lib/chat-transport.ts:37
[  208564ms] [LOG] [ChatTransport] responseHandler called, data: {"type":"delta","content":"。\n","error":null,"message_id":"67c58e48-3c74-426d-98f8-dac32914bfaf","conversation_id":null,"itinerary":null,"stage":null} @ webpack-internal:///(app-pages-browser)/./lib/chat-transport.ts:115
[  208615ms] [LOG] [ChatTransport] onmessage triggered, has currentResponseHandler: true @ webpack-internal:///(app-pages-browser)/./lib/chat-transport.ts:37
[  208615ms] [LOG] [ChatTransport] responseHandler called, data: {"type":"delta","content":"*","error":null,"message_id":"67c58e48-3c74-426d-98f8-dac32914bfaf","conversation_id":null,"itinerary":null,"stage":null} @ webpack-internal:///(app-pages-browser)/./lib/chat-transport.ts:115
[  208697ms] [LOG] [ChatTransport] onmessage triggered, has currentResponseHandler: true @ webpack-internal:///(app-pages-browser)/./lib/chat-transport.ts:37
[  208697ms] [LOG] [ChatTransport] responseHandler called, data: {"type":"delta","content":"  ","error":null,"message_id":"67c58e48-3c74-426d-98f8-dac32914bfaf","conversation_id":null,"itinerary":null,"stage":null} @ webpack-internal:///(app-pages-browser)/./lib/chat-transport.ts:115
[  208697ms] [LOG] [ChatTransport] onmessage triggered, has currentResponseHandler: true @ webpack-internal:///(app-pages-browser)/./lib/chat-transport.ts:37
[  208698ms] [LOG] [ChatTransport] responseHandler called, data: {"type":"delta","content":" **","error":null,"message_id":"67c58e48-3c74-426d-98f8-dac32914bfaf","conversation_id":null,"itinerary":null,"stage":null} @ webpack-internal:///(app-pages-browser)/./lib/chat-transport.ts:115
[  208732ms] [LOG] [ChatTransport] onmessage triggered, has currentResponseHandler: true @ webpack-internal:///(app-pages-browser)/./lib/chat-transport.ts:37
[  208733ms] [LOG] [ChatTransport] responseHandler called, data: {"type":"delta","content":"午餐","error":null,"message_id":"67c58e48-3c74-426d-98f8-dac32914bfaf","conversation_id":null,"itinerary":null,"stage":null} @ webpack-internal:///(app-pages-browser)/./lib/chat-transport.ts:115
[  208746ms] [LOG] [ChatTransport] onmessage triggered, has currentResponseHandler: true @ webpack-internal:///(app-pages-browser)/./lib/chat-transport.ts:37
[  208746ms] [LOG] [ChatTransport] responseHandler called, data: {"type":"delta","content":"：","error":null,"message_id":"67c58e48-3c74-426d-98f8-dac32914bfaf","conversation_id":null,"itinerary":null,"stage":null} @ webpack-internal:///(app-pages-browser)/./lib/chat-transport.ts:115
[  208854ms] [LOG] [ChatTransport] onmessage triggered, has currentResponseHandler: true @ webpack-internal:///(app-pages-browser)/./lib/chat-transport.ts:37
[  208854ms] [LOG] [ChatTransport] responseHandler called, data: {"type":"delta","content":"**","error":null,"message_id":"67c58e48-3c74-426d-98f8-dac32914bfaf","conversation_id":null,"itinerary":null,"stage":null} @ webpack-internal:///(app-pages-browser)/./lib/chat-transport.ts:115
[  208858ms] [LOG] [ChatTransport] onmessage triggered, has currentResponseHandler: true @ webpack-internal:///(app-pages-browser)/./lib/chat-transport.ts:37
[  208858ms] [LOG] [ChatTransport] responseHandler called, data: {"type":"delta","content":" ","error":null,"message_id":"67c58e48-3c74-426d-98f8-dac32914bfaf","conversation_id":null,"itinerary":null,"stage":null} @ webpack-internal:///(app-pages-browser)/./lib/chat-transport.ts:115
[  208885ms] [LOG] [ChatTransport] onmessage triggered, has currentResponseHandler: true @ webpack-internal:///(app-pages-browser)/./lib/chat-transport.ts:37
[  208885ms] [LOG] [ChatTransport] responseHandler called, data: {"type":"delta","content":"在","error":null,"message_id":"67c58e48-3c74-426d-98f8-dac32914bfaf","conversation_id":null,"itinerary":null,"stage":null} @ webpack-internal:///(app-pages-browser)/./lib/chat-transport.ts:115
[  208887ms] [LOG] [ChatTransport] onmessage triggered, has currentResponseHandler: true @ webpack-internal:///(app-pages-browser)/./lib/chat-transport.ts:37
[  208890ms] [LOG] [ChatTransport] responseHandler called, data: {"type":"delta","content":"什","error":null,"message_id":"67c58e48-3c74-426d-98f8-dac32914bfaf","conversation_id":null,"itinerary":null,"stage":null} @ webpack-internal:///(app-pages-browser)/./lib/chat-transport.ts:115
[  208917ms] [LOG] [ChatTransport] onmessage triggered, has currentResponseHandler: true @ webpack-internal:///(app-pages-browser)/./lib/chat-transport.ts:37
[  208919ms] [LOG] [ChatTransport] responseHandler called, data: {"type":"delta","content":"刹","error":null,"message_id":"67c58e48-3c74-426d-98f8-dac32914bfaf","conversation_id":null,"itinerary":null,"stage":null} @ webpack-internal:///(app-pages-browser)/./lib/chat-transport.ts:115
[  208942ms] [LOG] [ChatTransport] onmessage triggered, has currentResponseHandler: true @ webpack-internal:///(app-pages-browser)/./lib/chat-transport.ts:37
[  208943ms] [LOG] [ChatTransport] responseHandler called, data: {"type":"delta","content":"海","error":null,"message_id":"67c58e48-3c74-426d-98f8-dac32914bfaf","conversation_id":null,"itinerary":null,"stage":null} @ webpack-internal:///(app-pages-browser)/./lib/chat-transport.ts:115
[  208971ms] [LOG] [ChatTransport] onmessage triggered, has currentResponseHandler: true @ webpack-internal:///(app-pages-browser)/./lib/chat-transport.ts:37
[  208971ms] [LOG] [ChatTransport] responseHandler called, data: {"type":"delta","content":"或","error":null,"message_id":"67c58e48-3c74-426d-98f8-dac32914bfaf","conversation_id":null,"itinerary":null,"stage":null} @ webpack-internal:///(app-pages-browser)/./lib/chat-transport.ts:115
[  208983ms] [LOG] [ChatTransport] onmessage triggered, has currentResponseHandler: true @ webpack-internal:///(app-pages-browser)/./lib/chat-transport.ts:37
[  208984ms] [LOG] [ChatTransport] responseHandler called, data: {"type":"delta","content":"鼓","error":null,"message_id":"67c58e48-3c74-426d-98f8-dac32914bfaf","conversation_id":null,"itinerary":null,"stage":null} @ webpack-internal:///(app-pages-browser)/./lib/chat-transport.ts:115
[  209047ms] [LOG] [ChatTransport] onmessage triggered, has currentResponseHandler: true @ webpack-internal:///(app-pages-browser)/./lib/chat-transport.ts:37
[  209048ms] [LOG] [ChatTransport] responseHandler called, data: {"type":"delta","content":"楼","error":null,"message_id":"67c58e48-3c74-426d-98f8-dac32914bfaf","conversation_id":null,"itinerary":null,"stage":null} @ webpack-internal:///(app-pages-browser)/./lib/chat-transport.ts:115
[  209066ms] [LOG] [ChatTransport] onmessage triggered, has currentResponseHandler: true @ webpack-internal:///(app-pages-browser)/./lib/chat-transport.ts:37
[  209066ms] [LOG] [ChatTransport] responseHandler called, data: {"type":"delta","content":"附近","error":null,"message_id":"67c58e48-3c74-426d-98f8-dac32914bfaf","conversation_id":null,"itinerary":null,"stage":null} @ webpack-internal:///(app-pages-browser)/./lib/chat-transport.ts:115
[  209118ms] [LOG] [ChatTransport] onmessage triggered, has currentResponseHandler: true @ webpack-internal:///(app-pages-browser)/./lib/chat-transport.ts:37
[  209119ms] [LOG] [ChatTransport] responseHandler called, data: {"type":"delta","content":"品尝","error":null,"message_id":"67c58e48-3c74-426d-98f8-dac32914bfaf","conversation_id":null,"itinerary":null,"stage":null} @ webpack-internal:///(app-pages-browser)/./lib/chat-transport.ts:115
[  209119ms] [LOG] [ChatTransport] onmessage triggered, has currentResponseHandler: true @ webpack-internal:///(app-pages-browser)/./lib/chat-transport.ts:37
[  209119ms] [LOG] [ChatTransport] responseHandler called, data: {"type":"delta","content":"老","error":null,"message_id":"67c58e48-3c74-426d-98f8-dac32914bfaf","conversation_id":null,"itinerary":null,"stage":null} @ webpack-internal:///(app-pages-browser)/./lib/chat-transport.ts:115
[  209169ms] [LOG] [ChatTransport] onmessage triggered, has currentResponseHandler: true @ webpack-internal:///(app-pages-browser)/./lib/chat-transport.ts:37
[  209169ms] [LOG] [ChatTransport] responseHandler called, data: {"type":"delta","content":"北京","error":null,"message_id":"67c58e48-3c74-426d-98f8-dac32914bfaf","conversation_id":null,"itinerary":null,"stage":null} @ webpack-internal:///(app-pages-browser)/./lib/chat-transport.ts:115
[  209183ms] [LOG] [ChatTransport] onmessage triggered, has currentResponseHandler: true @ webpack-internal:///(app-pages-browser)/./lib/chat-transport.ts:37
[  209184ms] [LOG] [ChatTransport] responseHandler called, data: {"type":"delta","content":"小吃","error":null,"message_id":"67c58e48-3c74-426d-98f8-dac32914bfaf","conversation_id":null,"itinerary":null,"stage":null} @ webpack-internal:///(app-pages-browser)/./lib/chat-transport.ts:115
[  209227ms] [LOG] [ChatTransport] onmessage triggered, has currentResponseHandler: true @ webpack-internal:///(app-pages-browser)/./lib/chat-transport.ts:37
[  209227ms] [LOG] [ChatTransport] responseHandler called, data: {"type":"delta","content":"，","error":null,"message_id":"67c58e48-3c74-426d-98f8-dac32914bfaf","conversation_id":null,"itinerary":null,"stage":null} @ webpack-internal:///(app-pages-browser)/./lib/chat-transport.ts:115
[  209228ms] [LOG] [ChatTransport] onmessage triggered, has currentResponseHandler: true @ webpack-internal:///(app-pages-browser)/./lib/chat-transport.ts:37
[  209228ms] [LOG] [ChatTransport] responseHandler called, data: {"type":"delta","content":"如","error":null,"message_id":"67c58e48-3c74-426d-98f8-dac32914bfaf","conversation_id":null,"itinerary":null,"stage":null} @ webpack-internal:///(app-pages-browser)/./lib/chat-transport.ts:115
[  209291ms] [LOG] [ChatTransport] onmessage triggered, has currentResponseHandler: true @ webpack-internal:///(app-pages-browser)/./lib/chat-transport.ts:37
[  209291ms] [LOG] [ChatTransport] responseHandler called, data: {"type":"delta","content":"爆","error":null,"message_id":"67c58e48-3c74-426d-98f8-dac32914bfaf","conversation_id":null,"itinerary":null,"stage":null} @ webpack-internal:///(app-pages-browser)/./lib/chat-transport.ts:115
[  209291ms] [LOG] [ChatTransport] onmessage triggered, has currentResponseHandler: true @ webpack-internal:///(app-pages-browser)/./lib/chat-transport.ts:37
[  209291ms] [LOG] [ChatTransport] responseHandler called, data: {"type":"delta","content":"肚","error":null,"message_id":"67c58e48-3c74-426d-98f8-dac32914bfaf","conversation_id":null,"itinerary":null,"stage":null} @ webpack-internal:///(app-pages-browser)/./lib/chat-transport.ts:115
[  209389ms] [LOG] [ChatTransport] onmessage triggered, has currentResponseHandler: true @ webpack-internal:///(app-pages-browser)/./lib/chat-transport.ts:37
[  209389ms] [LOG] [ChatTransport] responseHandler called, data: {"type":"delta","content":"、","error":null,"message_id":"67c58e48-3c74-426d-98f8-dac32914bfaf","conversation_id":null,"itinerary":null,"stage":null} @ webpack-internal:///(app-pages-browser)/./lib/chat-transport.ts:115
[  209390ms] [LOG] [ChatTransport] onmessage triggered, has currentResponseHandler: true @ webpack-internal:///(app-pages-browser)/./lib/chat-transport.ts:37
[  209390ms] [LOG] [ChatTransport] responseHandler called, data: {"type":"delta","content":"卤","error":null,"message_id":"67c58e48-3c74-426d-98f8-dac32914bfaf","conversation_id":null,"itinerary":null,"stage":null} @ webpack-internal:///(app-pages-browser)/./lib/chat-transport.ts:115
[  209420ms] [LOG] [ChatTransport] onmessage triggered, has currentResponseHandler: true @ webpack-internal:///(app-pages-browser)/./lib/chat-transport.ts:37
[  209420ms] [LOG] [ChatTransport] responseHandler called, data: {"type":"delta","content":"煮","error":null,"message_id":"67c58e48-3c74-426d-98f8-dac32914bfaf","conversation_id":null,"itinerary":null,"stage":null} @ webpack-internal:///(app-pages-browser)/./lib/chat-transport.ts:115
[  209422ms] [LOG] [ChatTransport] onmessage triggered, has currentResponseHandler: true @ webpack-internal:///(app-pages-browser)/./lib/chat-transport.ts:37
[  209422ms] [LOG] [ChatTransport] responseHandler called, data: {"type":"delta","content":"、","error":null,"message_id":"67c58e48-3c74-426d-98f8-dac32914bfaf","conversation_id":null,"itinerary":null,"stage":null} @ webpack-internal:///(app-pages-browser)/./lib/chat-transport.ts:115
[  209489ms] [LOG] [ChatTransport] onmessage triggered, has currentResponseHandler: true @ webpack-internal:///(app-pages-browser)/./lib/chat-transport.ts:37
[  209489ms] [LOG] [ChatTransport] responseHandler called, data: {"type":"delta","content":"炸","error":null,"message_id":"67c58e48-3c74-426d-98f8-dac32914bfaf","conversation_id":null,"itinerary":null,"stage":null} @ webpack-internal:///(app-pages-browser)/./lib/chat-transport.ts:115
[  209551ms] [LOG] [ChatTransport] onmessage triggered, has currentResponseHandler: true @ webpack-internal:///(app-pages-browser)/./lib/chat-transport.ts:37
[  209552ms] [LOG] [ChatTransport] responseHandler called, data: {"type":"delta","content":"酱","error":null,"message_id":"67c58e48-3c74-426d-98f8-dac32914bfaf","conversation_id":null,"itinerary":null,"stage":null} @ webpack-internal:///(app-pages-browser)/./lib/chat-transport.ts:115
[  209552ms] [LOG] [ChatTransport] onmessage triggered, has currentResponseHandler: true @ webpack-internal:///(app-pages-browser)/./lib/chat-transport.ts:37
[  209552ms] [LOG] [ChatTransport] responseHandler called, data: {"type":"delta","content":"面","error":null,"message_id":"67c58e48-3c74-426d-98f8-dac32914bfaf","conversation_id":null,"itinerary":null,"stage":null} @ webpack-internal:///(app-pages-browser)/./lib/chat-transport.ts:115
[  209701ms] [LOG] [ChatTransport] onmessage triggered, has currentResponseHandler: true @ webpack-internal:///(app-pages-browser)/./lib/chat-transport.ts:37
[  209701ms] [LOG] [ChatTransport] responseHandler called, data: {"type":"delta","content":"等","error":null,"message_id":"67c58e48-3c74-426d-98f8-dac32914bfaf","conversation_id":null,"itinerary":null,"stage":null} @ webpack-internal:///(app-pages-browser)/./lib/chat-transport.ts:115
[  209701ms] [LOG] [ChatTransport] onmessage triggered, has currentResponseHandler: true @ webpack-internal:///(app-pages-browser)/./lib/chat-transport.ts:37
[  209701ms] [LOG] [ChatTransport] responseHandler called, data: {"type":"delta","content":"。\n","error":null,"message_id":"67c58e48-3c74-426d-98f8-dac32914bfaf","conversation_id":null,"itinerary":null,"stage":null} @ webpack-internal:///(app-pages-browser)/./lib/chat-transport.ts:115
[  209714ms] [LOG] [ChatTransport] onmessage triggered, has currentResponseHandler: true @ webpack-internal:///(app-pages-browser)/./lib/chat-transport.ts:37
[  209714ms] [LOG] [ChatTransport] responseHandler called, data: {"type":"delta","content":"*","error":null,"message_id":"67c58e48-3c74-426d-98f8-dac32914bfaf","conversation_id":null,"itinerary":null,"stage":null} @ webpack-internal:///(app-pages-browser)/./lib/chat-transport.ts:115
[  209728ms] [LOG] [ChatTransport] onmessage triggered, has currentResponseHandler: true @ webpack-internal:///(app-pages-browser)/./lib/chat-transport.ts:37
[  209728ms] [LOG] [ChatTransport] responseHandler called, data: {"type":"delta","content":"  ","error":null,"message_id":"67c58e48-3c74-426d-98f8-dac32914bfaf","conversation_id":null,"itinerary":null,"stage":null} @ webpack-internal:///(app-pages-browser)/./lib/chat-transport.ts:115
[  209746ms] [LOG] [ChatTransport] onmessage triggered, has currentResponseHandler: true @ webpack-internal:///(app-pages-browser)/./lib/chat-transport.ts:37
[  209746ms] [LOG] [ChatTransport] responseHandler called, data: {"type":"delta","content":" **","error":null,"message_id":"67c58e48-3c74-426d-98f8-dac32914bfaf","conversation_id":null,"itinerary":null,"stage":null} @ webpack-internal:///(app-pages-browser)/./lib/chat-transport.ts:115
[  209756ms] [LOG] [ChatTransport] onmessage triggered, has currentResponseHandler: true @ webpack-internal:///(app-pages-browser)/./lib/chat-transport.ts:37
[  209756ms] [LOG] [ChatTransport] responseHandler called, data: {"type":"delta","content":"下午","error":null,"message_id":"67c58e48-3c74-426d-98f8-dac32914bfaf","conversation_id":null,"itinerary":null,"stage":null} @ webpack-internal:///(app-pages-browser)/./lib/chat-transport.ts:115
[  209790ms] [LOG] [ChatTransport] onmessage triggered, has currentResponseHandler: true @ webpack-internal:///(app-pages-browser)/./lib/chat-transport.ts:37
[  209790ms] [LOG] [ChatTransport] responseHandler called, data: {"type":"delta","content":"：","error":null,"message_id":"67c58e48-3c74-426d-98f8-dac32914bfaf","conversation_id":null,"itinerary":null,"stage":null} @ webpack-internal:///(app-pages-browser)/./lib/chat-transport.ts:115
[  209803ms] [LOG] [ChatTransport] onmessage triggered, has currentResponseHandler: true @ webpack-internal:///(app-pages-browser)/./lib/chat-transport.ts:37
[  209803ms] [LOG] [ChatTransport] responseHandler called, data: {"type":"delta","content":"天","error":null,"message_id":"67c58e48-3c74-426d-98f8-dac32914bfaf","conversation_id":null,"itinerary":null,"stage":null} @ webpack-internal:///(app-pages-browser)/./lib/chat-transport.ts:115
[  209839ms] [LOG] [ChatTransport] onmessage triggered, has currentResponseHandler: true @ webpack-internal:///(app-pages-browser)/./lib/chat-transport.ts:37
[  209839ms] [LOG] [ChatTransport] responseHandler called, data: {"type":"delta","content":"坛","error":null,"message_id":"67c58e48-3c74-426d-98f8-dac32914bfaf","conversation_id":null,"itinerary":null,"stage":null} @ webpack-internal:///(app-pages-browser)/./lib/chat-transport.ts:115
[  209850ms] [LOG] [ChatTransport] onmessage triggered, has currentResponseHandler: true @ webpack-internal:///(app-pages-browser)/./lib/chat-transport.ts:37
[  209850ms] [LOG] [ChatTransport] responseHandler called, data: {"type":"delta","content":"公园","error":null,"message_id":"67c58e48-3c74-426d-98f8-dac32914bfaf","conversation_id":null,"itinerary":null,"stage":null} @ webpack-internal:///(app-pages-browser)/./lib/chat-transport.ts:115
[  209908ms] [LOG] [ChatTransport] onmessage triggered, has currentResponseHandler: true @ webpack-internal:///(app-pages-browser)/./lib/chat-transport.ts:37
[  209908ms] [LOG] [ChatTransport] responseHandler called, data: {"type":"delta","content":"**\n","error":null,"message_id":"67c58e48-3c74-426d-98f8-dac32914bfaf","conversation_id":null,"itinerary":null,"stage":null} @ webpack-internal:///(app-pages-browser)/./lib/chat-transport.ts:115
[  209909ms] [LOG] [ChatTransport] onmessage triggered, has currentResponseHandler: true @ webpack-internal:///(app-pages-browser)/./lib/chat-transport.ts:37
[  209909ms] [LOG] [ChatTransport] responseHandler called, data: {"type":"delta","content":"   ","error":null,"message_id":"67c58e48-3c74-426d-98f8-dac32914bfaf","conversation_id":null,"itinerary":null,"stage":null} @ webpack-internal:///(app-pages-browser)/./lib/chat-transport.ts:115
[  209969ms] [LOG] [ChatTransport] onmessage triggered, has currentResponseHandler: true @ webpack-internal:///(app-pages-browser)/./lib/chat-transport.ts:37
[  209969ms] [LOG] [ChatTransport] responseHandler called, data: {"type":"delta","content":" *","error":null,"message_id":"67c58e48-3c74-426d-98f8-dac32914bfaf","conversation_id":null,"itinerary":null,"stage":null} @ webpack-internal:///(app-pages-browser)/./lib/chat-transport.ts:115
[  209986ms] [LOG] [ChatTransport] onmessage triggered, has currentResponseHandler: true @ webpack-internal:///(app-pages-browser)/./lib/chat-transport.ts:37
[  209986ms] [LOG] [ChatTransport] responseHandler called, data: {"type":"delta","content":"  ","error":null,"message_id":"67c58e48-3c74-426d-98f8-dac32914bfaf","conversation_id":null,"itinerary":null,"stage":null} @ webpack-internal:///(app-pages-browser)/./lib/chat-transport.ts:115
[  210027ms] [LOG] [ChatTransport] onmessage triggered, has currentResponseHandler: true @ webpack-internal:///(app-pages-browser)/./lib/chat-transport.ts:37
[  210027ms] [LOG] [ChatTransport] responseHandler called, data: {"type":"delta","content":" **","error":null,"message_id":"67c58e48-3c74-426d-98f8-dac32914bfaf","conversation_id":null,"itinerary":null,"stage":null} @ webpack-internal:///(app-pages-browser)/./lib/chat-transport.ts:115
[  210043ms] [LOG] [ChatTransport] onmessage triggered, has currentResponseHandler: true @ webpack-internal:///(app-pages-browser)/./lib/chat-transport.ts:37
[  210043ms] [LOG] [ChatTransport] responseHandler called, data: {"type":"delta","content":"活动","error":null,"message_id":"67c58e48-3c74-426d-98f8-dac32914bfaf","conversation_id":null,"itinerary":null,"stage":null} @ webpack-internal:///(app-pages-browser)/./lib/chat-transport.ts:115
[  210087ms] [LOG] [ChatTransport] onmessage triggered, has currentResponseHandler: true @ webpack-internal:///(app-pages-browser)/./lib/chat-transport.ts:37
[  210087ms] [LOG] [ChatTransport] responseHandler called, data: {"type":"delta","content":"：","error":null,"message_id":"67c58e48-3c74-426d-98f8-dac32914bfaf","conversation_id":null,"itinerary":null,"stage":null} @ webpack-internal:///(app-pages-browser)/./lib/chat-transport.ts:115
[  210106ms] [LOG] [ChatTransport] onmessage triggered, has currentResponseHandler: true @ webpack-internal:///(app-pages-browser)/./lib/chat-transport.ts:37
[  210106ms] [LOG] [ChatTransport] responseHandler called, data: {"type":"delta","content":"**","error":null,"message_id":"67c58e48-3c74-426d-98f8-dac32914bfaf","conversation_id":null,"itinerary":null,"stage":null} @ webpack-internal:///(app-pages-browser)/./lib/chat-transport.ts:115
[  210149ms] [LOG] [ChatTransport] onmessage triggered, has currentResponseHandler: true @ webpack-internal:///(app-pages-browser)/./lib/chat-transport.ts:37
[  210149ms] [LOG] [ChatTransport] responseHandler called, data: {"type":"delta","content":" ","error":null,"message_id":"67c58e48-3c74-426d-98f8-dac32914bfaf","conversation_id":null,"itinerary":null,"stage":null} @ webpack-internal:///(app-pages-browser)/./lib/chat-transport.ts:115
[  210171ms] [LOG] [ChatTransport] onmessage triggered, has currentResponseHandler: true @ webpack-internal:///(app-pages-browser)/./lib/chat-transport.ts:37
[  210171ms] [LOG] [ChatTransport] responseHandler called, data: {"type":"delta","content":"游览","error":null,"message_id":"67c58e48-3c74-426d-98f8-dac32914bfaf","conversation_id":null,"itinerary":null,"stage":null} @ webpack-internal:///(app-pages-browser)/./lib/chat-transport.ts:115
[  210370ms] [LOG] [ChatTransport] onmessage triggered, has currentResponseHandler: true @ webpack-internal:///(app-pages-browser)/./lib/chat-transport.ts:37
[  210371ms] [LOG] [ChatTransport] responseHandler called, data: {"type":"delta","content":"明清","error":null,"message_id":"67c58e48-3c74-426d-98f8-dac32914bfaf","conversation_id":null,"itinerary":null,"stage":null} @ webpack-internal:///(app-pages-browser)/./lib/chat-transport.ts:115
[  210398ms] [LOG] [ChatTransport] onmessage triggered, has currentResponseHandler: true @ webpack-internal:///(app-pages-browser)/./lib/chat-transport.ts:37
[  210398ms] [LOG] [ChatTransport] responseHandler called, data: {"type":"delta","content":"皇帝","error":null,"message_id":"67c58e48-3c74-426d-98f8-dac32914bfaf","conversation_id":null,"itinerary":null,"stage":null} @ webpack-internal:///(app-pages-browser)/./lib/chat-transport.ts:115
[  210425ms] [LOG] [ChatTransport] onmessage triggered, has currentResponseHandler: true @ webpack-internal:///(app-pages-browser)/./lib/chat-transport.ts:37
[  210426ms] [LOG] [ChatTransport] responseHandler called, data: {"type":"delta","content":"祭","error":null,"message_id":"67c58e48-3c74-426d-98f8-dac32914bfaf","conversation_id":null,"itinerary":null,"stage":null} @ webpack-internal:///(app-pages-browser)/./lib/chat-transport.ts:115
[  210426ms] [LOG] [ChatTransport] onmessage triggered, has currentResponseHandler: true @ webpack-internal:///(app-pages-browser)/./lib/chat-transport.ts:37
[  210426ms] [LOG] [ChatTransport] responseHandler called, data: {"type":"delta","content":"天的","error":null,"message_id":"67c58e48-3c74-426d-98f8-dac32914bfaf","conversation_id":null,"itinerary":null,"stage":null} @ webpack-internal:///(app-pages-browser)/./lib/chat-transport.ts:115
[  210426ms] [LOG] [ChatTransport] onmessage triggered, has currentResponseHandler: true @ webpack-internal:///(app-pages-browser)/./lib/chat-transport.ts:37
[  210427ms] [LOG] [ChatTransport] responseHandler called, data: {"type":"delta","content":"场所","error":null,"message_id":"67c58e48-3c74-426d-98f8-dac32914bfaf","conversation_id":null,"itinerary":null,"stage":null} @ webpack-internal:///(app-pages-browser)/./lib/chat-transport.ts:115
[  210427ms] [LOG] [ChatTransport] onmessage triggered, has currentResponseHandler: true @ webpack-internal:///(app-pages-browser)/./lib/chat-transport.ts:37
[  210427ms] [LOG] [ChatTransport] responseHandler called, data: {"type":"delta","content":"。","error":null,"message_id":"67c58e48-3c74-426d-98f8-dac32914bfaf","conversation_id":null,"itinerary":null,"stage":null} @ webpack-internal:///(app-pages-browser)/./lib/chat-transport.ts:115
[  210450ms] [LOG] [ChatTransport] onmessage triggered, has currentResponseHandler: true @ webpack-internal:///(app-pages-browser)/./lib/chat-transport.ts:37
[  210450ms] [LOG] [ChatTransport] responseHandler called, data: {"type":"delta","content":"沿着","error":null,"message_id":"67c58e48-3c74-426d-98f8-dac32914bfaf","conversation_id":null,"itinerary":null,"stage":null} @ webpack-internal:///(app-pages-browser)/./lib/chat-transport.ts:115
[  210510ms] [LOG] [ChatTransport] onmessage triggered, has currentResponseHandler: true @ webpack-internal:///(app-pages-browser)/./lib/chat-transport.ts:37
[  210510ms] [LOG] [ChatTransport] responseHandler called, data: {"type":"delta","content":"中","error":null,"message_id":"67c58e48-3c74-426d-98f8-dac32914bfaf","conversation_id":null,"itinerary":null,"stage":null} @ webpack-internal:///(app-pages-browser)/./lib/chat-transport.ts:115
[  210510ms] [LOG] [ChatTransport] onmessage triggered, has currentResponseHandler: true @ webpack-internal:///(app-pages-browser)/./lib/chat-transport.ts:37
[  210511ms] [LOG] [ChatTransport] responseHandler called, data: {"type":"delta","content":"轴线","error":null,"message_id":"67c58e48-3c74-426d-98f8-dac32914bfaf","conversation_id":null,"itinerary":null,"stage":null} @ webpack-internal:///(app-pages-browser)/./lib/chat-transport.ts:115
[  210569ms] [LOG] [ChatTransport] onmessage triggered, has currentResponseHandler: true @ webpack-internal:///(app-pages-browser)/./lib/chat-transport.ts:37
[  210569ms] [LOG] [ChatTransport] responseHandler called, data: {"type":"delta","content":"参观","error":null,"message_id":"67c58e48-3c74-426d-98f8-dac32914bfaf","conversation_id":null,"itinerary":null,"stage":null} @ webpack-internal:///(app-pages-browser)/./lib/chat-transport.ts:115
[  210632ms] [LOG] [ChatTransport] onmessage triggered, has currentResponseHandler: true @ webpack-internal:///(app-pages-browser)/./lib/chat-transport.ts:37
[  210633ms] [LOG] [ChatTransport] responseHandler called, data: {"type":"delta","content":"圜","error":null,"message_id":"67c58e48-3c74-426d-98f8-dac32914bfaf","conversation_id":null,"itinerary":null,"stage":null} @ webpack-internal:///(app-pages-browser)/./lib/chat-transport.ts:115
[  210636ms] [LOG] [ChatTransport] onmessage triggered, has currentResponseHandler: true @ webpack-internal:///(app-pages-browser)/./lib/chat-transport.ts:37
[  210636ms] [LOG] [ChatTransport] responseHandler called, data: {"type":"delta","content":"丘","error":null,"message_id":"67c58e48-3c74-426d-98f8-dac32914bfaf","conversation_id":null,"itinerary":null,"stage":null} @ webpack-internal:///(app-pages-browser)/./lib/chat-transport.ts:115
[  210739ms] [LOG] [ChatTransport] onmessage triggered, has currentResponseHandler: true @ webpack-internal:///(app-pages-browser)/./lib/chat-transport.ts:37
[  210739ms] [LOG] [ChatTransport] responseHandler called, data: {"type":"delta","content":"坛","error":null,"message_id":"67c58e48-3c74-426d-98f8-dac32914bfaf","conversation_id":null,"itinerary":null,"stage":null} @ webpack-internal:///(app-pages-browser)/./lib/chat-transport.ts:115
[  210754ms] [LOG] [ChatTransport] onmessage triggered, has currentResponseHandler: true @ webpack-internal:///(app-pages-browser)/./lib/chat-transport.ts:37
[  210755ms] [LOG] [ChatTransport] responseHandler called, data: {"type":"delta","content":"、","error":null,"message_id":"67c58e48-3c74-426d-98f8-dac32914bfaf","conversation_id":null,"itinerary":null,"stage":null} @ webpack-internal:///(app-pages-browser)/./lib/chat-transport.ts:115
[  210778ms] [LOG] [ChatTransport] onmessage triggered, has currentResponseHandler: true @ webpack-internal:///(app-pages-browser)/./lib/chat-transport.ts:37
[  210778ms] [LOG] [ChatTransport] responseHandler called, data: {"type":"delta","content":"皇","error":null,"message_id":"67c58e48-3c74-426d-98f8-dac32914bfaf","conversation_id":null,"itinerary":null,"stage":null} @ webpack-internal:///(app-pages-browser)/./lib/chat-transport.ts:115
[  210792ms] [LOG] [ChatTransport] onmessage triggered, has currentResponseHandler: true @ webpack-internal:///(app-pages-browser)/./lib/chat-transport.ts:37
[  210792ms] [LOG] [ChatTransport] responseHandler called, data: {"type":"delta","content":"穹","error":null,"message_id":"67c58e48-3c74-426d-98f8-dac32914bfaf","conversation_id":null,"itinerary":null,"stage":null} @ webpack-internal:///(app-pages-browser)/./lib/chat-transport.ts:115
[  210861ms] [LOG] [ChatTransport] onmessage triggered, has currentResponseHandler: true @ webpack-internal:///(app-pages-browser)/./lib/chat-transport.ts:37
[  210861ms] [LOG] [ChatTransport] responseHandler called, data: {"type":"delta","content":"宇","error":null,"message_id":"67c58e48-3c74-426d-98f8-dac32914bfaf","conversation_id":null,"itinerary":null,"stage":null} @ webpack-internal:///(app-pages-browser)/./lib/chat-transport.ts:115
[  210875ms] [LOG] [ChatTransport] onmessage triggered, has currentResponseHandler: true @ webpack-internal:///(app-pages-browser)/./lib/chat-transport.ts:37
[  210875ms] [LOG] [ChatTransport] responseHandler called, data: {"type":"delta","content":"（","error":null,"message_id":"67c58e48-3c74-426d-98f8-dac32914bfaf","conversation_id":null,"itinerary":null,"stage":null} @ webpack-internal:///(app-pages-browser)/./lib/chat-transport.ts:115
[  210889ms] [LOG] [ChatTransport] onmessage triggered, has currentResponseHandler: true @ webpack-internal:///(app-pages-browser)/./lib/chat-transport.ts:37
[  210889ms] [LOG] [ChatTransport] responseHandler called, data: {"type":"delta","content":"回","error":null,"message_id":"67c58e48-3c74-426d-98f8-dac32914bfaf","conversation_id":null,"itinerary":null,"stage":null} @ webpack-internal:///(app-pages-browser)/./lib/chat-transport.ts:115
[  210889ms] [LOG] [ChatTransport] onmessage triggered, has currentResponseHandler: true @ webpack-internal:///(app-pages-browser)/./lib/chat-transport.ts:37
[  210889ms] [LOG] [ChatTransport] responseHandler called, data: {"type":"delta","content":"音","error":null,"message_id":"67c58e48-3c74-426d-98f8-dac32914bfaf","conversation_id":null,"itinerary":null,"stage":null} @ webpack-internal:///(app-pages-browser)/./lib/chat-transport.ts:115
[  210929ms] [LOG] [ChatTransport] onmessage triggered, has currentResponseHandler: true @ webpack-internal:///(app-pages-browser)/./lib/chat-transport.ts:37
[  210929ms] [LOG] [ChatTransport] responseHandler called, data: {"type":"delta","content":"壁","error":null,"message_id":"67c58e48-3c74-426d-98f8-dac32914bfaf","conversation_id":null,"itinerary":null,"stage":null} @ webpack-internal:///(app-pages-browser)/./lib/chat-transport.ts:115
[  210930ms] [LOG] [ChatTransport] onmessage triggered, has currentResponseHandler: true @ webpack-internal:///(app-pages-browser)/./lib/chat-transport.ts:37
[  210930ms] [LOG] [ChatTransport] responseHandler called, data: {"type":"delta","content":"）","error":null,"message_id":"67c58e48-3c74-426d-98f8-dac32914bfaf","conversation_id":null,"itinerary":null,"stage":null} @ webpack-internal:///(app-pages-browser)/./lib/chat-transport.ts:115
[  211105ms] [LOG] [ChatTransport] onmessage triggered, has currentResponseHandler: true @ webpack-internal:///(app-pages-browser)/./lib/chat-transport.ts:37
[  211106ms] [LOG] [ChatTransport] responseHandler called, data: {"type":"delta","content":"和","error":null,"message_id":"67c58e48-3c74-426d-98f8-dac32914bfaf","conversation_id":null,"itinerary":null,"stage":null} @ webpack-internal:///(app-pages-browser)/./lib/chat-transport.ts:115
[  211119ms] [LOG] [ChatTransport] onmessage triggered, has currentResponseHandler: true @ webpack-internal:///(app-pages-browser)/./lib/chat-transport.ts:37
[  211119ms] [LOG] [ChatTransport] responseHandler called, data: {"type":"delta","content":"祈","error":null,"message_id":"67c58e48-3c74-426d-98f8-dac32914bfaf","conversation_id":null,"itinerary":null,"stage":null} @ webpack-internal:///(app-pages-browser)/./lib/chat-transport.ts:115
[  211120ms] [LOG] [ChatTransport] onmessage triggered, has currentResponseHandler: true @ webpack-internal:///(app-pages-browser)/./lib/chat-transport.ts:37
[  211120ms] [LOG] [ChatTransport] responseHandler called, data: {"type":"delta","content":"年","error":null,"message_id":"67c58e48-3c74-426d-98f8-dac32914bfaf","conversation_id":null,"itinerary":null,"stage":null} @ webpack-internal:///(app-pages-browser)/./lib/chat-transport.ts:115
[  211120ms] [LOG] [ChatTransport] onmessage triggered, has currentResponseHandler: true @ webpack-internal:///(app-pages-browser)/./lib/chat-transport.ts:37
[  211120ms] [LOG] [ChatTransport] responseHandler called, data: {"type":"delta","content":"殿","error":null,"message_id":"67c58e48-3c74-426d-98f8-dac32914bfaf","conversation_id":null,"itinerary":null,"stage":null} @ webpack-internal:///(app-pages-browser)/./lib/chat-transport.ts:115
[  211133ms] [LOG] [ChatTransport] onmessage triggered, has currentResponseHandler: true @ webpack-internal:///(app-pages-browser)/./lib/chat-transport.ts:37
[  211133ms] [LOG] [ChatTransport] responseHandler called, data: {"type":"delta","content":"，","error":null,"message_id":"67c58e48-3c74-426d-98f8-dac32914bfaf","conversation_id":null,"itinerary":null,"stage":null} @ webpack-internal:///(app-pages-browser)/./lib/chat-transport.ts:115
[  211147ms] [LOG] [ChatTransport] onmessage triggered, has currentResponseHandler: true @ webpack-internal:///(app-pages-browser)/./lib/chat-transport.ts:37
[  211147ms] [LOG] [ChatTransport] responseHandler called, data: {"type":"delta","content":"感受","error":null,"message_id":"67c58e48-3c74-426d-98f8-dac32914bfaf","conversation_id":null,"itinerary":null,"stage":null} @ webpack-internal:///(app-pages-browser)/./lib/chat-transport.ts:115
[  211173ms] [LOG] [ChatTransport] onmessage triggered, has currentResponseHandler: true @ webpack-internal:///(app-pages-browser)/./lib/chat-transport.ts:37
[  211174ms] [LOG] [ChatTransport] responseHandler called, data: {"type":"delta","content":"古代","error":null,"message_id":"67c58e48-3c74-426d-98f8-dac32914bfaf","conversation_id":null,"itinerary":null,"stage":null} @ webpack-internal:///(app-pages-browser)/./lib/chat-transport.ts:115
[  211174ms] [LOG] [ChatTransport] onmessage triggered, has currentResponseHandler: true @ webpack-internal:///(app-pages-browser)/./lib/chat-transport.ts:37
[  211174ms] [LOG] [ChatTransport] responseHandler called, data: {"type":"delta","content":"建筑","error":null,"message_id":"67c58e48-3c74-426d-98f8-dac32914bfaf","conversation_id":null,"itinerary":null,"stage":null} @ webpack-internal:///(app-pages-browser)/./lib/chat-transport.ts:115
[  211233ms] [LOG] [ChatTransport] onmessage triggered, has currentResponseHandler: true @ webpack-internal:///(app-pages-browser)/./lib/chat-transport.ts:37
[  211233ms] [LOG] [ChatTransport] responseHandler called, data: {"type":"delta","content":"艺术的","error":null,"message_id":"67c58e48-3c74-426d-98f8-dac32914bfaf","conversation_id":null,"itinerary":null,"stage":null} @ webpack-internal:///(app-pages-browser)/./lib/chat-transport.ts:115
[  211294ms] [LOG] [ChatTransport] onmessage triggered, has currentResponseHandler: true @ webpack-internal:///(app-pages-browser)/./lib/chat-transport.ts:37
[  211294ms] [LOG] [ChatTransport] responseHandler called, data: {"type":"delta","content":"精","error":null,"message_id":"67c58e48-3c74-426d-98f8-dac32914bfaf","conversation_id":null,"itinerary":null,"stage":null} @ webpack-internal:///(app-pages-browser)/./lib/chat-transport.ts:115
[  211353ms] [LOG] [ChatTransport] onmessage triggered, has currentResponseHandler: true @ webpack-internal:///(app-pages-browser)/./lib/chat-transport.ts:37
[  211353ms] [LOG] [ChatTransport] responseHandler called, data: {"type":"delta","content":"妙","error":null,"message_id":"67c58e48-3c74-426d-98f8-dac32914bfaf","conversation_id":null,"itinerary":null,"stage":null} @ webpack-internal:///(app-pages-browser)/./lib/chat-transport.ts:115
[  211372ms] [LOG] [ChatTransport] onmessage triggered, has currentResponseHandler: true @ webpack-internal:///(app-pages-browser)/./lib/chat-transport.ts:37
[  211373ms] [LOG] [ChatTransport] responseHandler called, data: {"type":"delta","content":"与","error":null,"message_id":"67c58e48-3c74-426d-98f8-dac32914bfaf","conversation_id":null,"itinerary":null,"stage":null} @ webpack-internal:///(app-pages-browser)/./lib/chat-transport.ts:115
[  211410ms] [LOG] [ChatTransport] onmessage triggered, has currentResponseHandler: true @ webpack-internal:///(app-pages-browser)/./lib/chat-transport.ts:37
[  211411ms] [LOG] [ChatTransport] responseHandler called, data: {"type":"delta","content":"庄严","error":null,"message_id":"67c58e48-3c74-426d-98f8-dac32914bfaf","conversation_id":null,"itinerary":null,"stage":null} @ webpack-internal:///(app-pages-browser)/./lib/chat-transport.ts:115
[  211471ms] [LOG] [ChatTransport] onmessage triggered, has currentResponseHandler: true @ webpack-internal:///(app-pages-browser)/./lib/chat-transport.ts:37
[  211471ms] [LOG] [ChatTransport] responseHandler called, data: {"type":"delta","content":"。\n","error":null,"message_id":"67c58e48-3c74-426d-98f8-dac32914bfaf","conversation_id":null,"itinerary":null,"stage":null} @ webpack-internal:///(app-pages-browser)/./lib/chat-transport.ts:115
[  211489ms] [LOG] [ChatTransport] onmessage triggered, has currentResponseHandler: true @ webpack-internal:///(app-pages-browser)/./lib/chat-transport.ts:37
[  211489ms] [LOG] [ChatTransport] responseHandler called, data: {"type":"delta","content":"*","error":null,"message_id":"67c58e48-3c74-426d-98f8-dac32914bfaf","conversation_id":null,"itinerary":null,"stage":null} @ webpack-internal:///(app-pages-browser)/./lib/chat-transport.ts:115
[  211634ms] [LOG] [ChatTransport] onmessage triggered, has currentResponseHandler: true @ webpack-internal:///(app-pages-browser)/./lib/chat-transport.ts:37
[  211634ms] [LOG] [ChatTransport] responseHandler called, data: {"type":"delta","content":"  ","error":null,"message_id":"67c58e48-3c74-426d-98f8-dac32914bfaf","conversation_id":null,"itinerary":null,"stage":null} @ webpack-internal:///(app-pages-browser)/./lib/chat-transport.ts:115
[  211655ms] [LOG] [ChatTransport] onmessage triggered, has currentResponseHandler: true @ webpack-internal:///(app-pages-browser)/./lib/chat-transport.ts:37
[  211656ms] [LOG] [ChatTransport] responseHandler called, data: {"type":"delta","content":" **","error":null,"message_id":"67c58e48-3c74-426d-98f8-dac32914bfaf","conversation_id":null,"itinerary":null,"stage":null} @ webpack-internal:///(app-pages-browser)/./lib/chat-transport.ts:115
[  211657ms] [LOG] [ChatTransport] onmessage triggered, has currentResponseHandler: true @ webpack-internal:///(app-pages-browser)/./lib/chat-transport.ts:37
[  211657ms] [LOG] [ChatTransport] responseHandler called, data: {"type":"delta","content":"晚上","error":null,"message_id":"67c58e48-3c74-426d-98f8-dac32914bfaf","conversation_id":null,"itinerary":null,"stage":null} @ webpack-internal:///(app-pages-browser)/./lib/chat-transport.ts:115
[  211657ms] [LOG] [ChatTransport] onmessage triggered, has currentResponseHandler: true @ webpack-internal:///(app-pages-browser)/./lib/chat-transport.ts:37
[  211658ms] [LOG] [ChatTransport] responseHandler called, data: {"type":"delta","content":"：","error":null,"message_id":"67c58e48-3c74-426d-98f8-dac32914bfaf","conversation_id":null,"itinerary":null,"stage":null} @ webpack-internal:///(app-pages-browser)/./lib/chat-transport.ts:115
[  211701ms] [LOG] [ChatTransport] onmessage triggered, has currentResponseHandler: true @ webpack-internal:///(app-pages-browser)/./lib/chat-transport.ts:37
[  211701ms] [LOG] [ChatTransport] responseHandler called, data: {"type":"delta","content":"前","error":null,"message_id":"67c58e48-3c74-426d-98f8-dac32914bfaf","conversation_id":null,"itinerary":null,"stage":null} @ webpack-internal:///(app-pages-browser)/./lib/chat-transport.ts:115
[  211758ms] [LOG] [ChatTransport] onmessage triggered, has currentResponseHandler: true @ webpack-internal:///(app-pages-browser)/./lib/chat-transport.ts:37
[  211758ms] [LOG] [ChatTransport] responseHandler called, data: {"type":"delta","content":"门","error":null,"message_id":"67c58e48-3c74-426d-98f8-dac32914bfaf","conversation_id":null,"itinerary":null,"stage":null} @ webpack-internal:///(app-pages-browser)/./lib/chat-transport.ts:115
[  211758ms] [LOG] [ChatTransport] onmessage triggered, has currentResponseHandler: true @ webpack-internal:///(app-pages-browser)/./lib/chat-transport.ts:37
[  211758ms] [LOG] [ChatTransport] responseHandler called, data: {"type":"delta","content":"大街","error":null,"message_id":"67c58e48-3c74-426d-98f8-dac32914bfaf","conversation_id":null,"itinerary":null,"stage":null} @ webpack-internal:///(app-pages-browser)/./lib/chat-transport.ts:115
[  211783ms] [LOG] [ChatTransport] onmessage triggered, has currentResponseHandler: true @ webpack-internal:///(app-pages-browser)/./lib/chat-transport.ts:37
[  211783ms] [LOG] [ChatTransport] responseHandler called, data: {"type":"delta","content":" &","error":null,"message_id":"67c58e48-3c74-426d-98f8-dac32914bfaf","conversation_id":null,"itinerary":null,"stage":null} @ webpack-internal:///(app-pages-browser)/./lib/chat-transport.ts:115
[  211794ms] [LOG] [ChatTransport] onmessage triggered, has currentResponseHandler: true @ webpack-internal:///(app-pages-browser)/./lib/chat-transport.ts:37
[  211794ms] [LOG] [ChatTransport] responseHandler called, data: {"type":"delta","content":" ","error":null,"message_id":"67c58e48-3c74-426d-98f8-dac32914bfaf","conversation_id":null,"itinerary":null,"stage":null} @ webpack-internal:///(app-pages-browser)/./lib/chat-transport.ts:115
[  211849ms] [LOG] [ChatTransport] onmessage triggered, has currentResponseHandler: true @ webpack-internal:///(app-pages-browser)/./lib/chat-transport.ts:37
[  211849ms] [LOG] [ChatTransport] responseHandler called, data: {"type":"delta","content":"大","error":null,"message_id":"67c58e48-3c74-426d-98f8-dac32914bfaf","conversation_id":null,"itinerary":null,"stage":null} @ webpack-internal:///(app-pages-browser)/./lib/chat-transport.ts:115
[  211953ms] [LOG] [ChatTransport] onmessage triggered, has currentResponseHandler: true @ webpack-internal:///(app-pages-browser)/./lib/chat-transport.ts:37
[  211954ms] [LOG] [ChatTransport] responseHandler called, data: {"type":"delta","content":"栅","error":null,"message_id":"67c58e48-3c74-426d-98f8-dac32914bfaf","conversation_id":null,"itinerary":null,"stage":null} @ webpack-internal:///(app-pages-browser)/./lib/chat-transport.ts:115
[  211976ms] [LOG] [ChatTransport] onmessage triggered, has currentResponseHandler: true @ webpack-internal:///(app-pages-browser)/./lib/chat-transport.ts:37
[  211976ms] [LOG] [ChatTransport] responseHandler called, data: {"type":"delta","content":"栏","error":null,"message_id":"67c58e48-3c74-426d-98f8-dac32914bfaf","conversation_id":null,"itinerary":null,"stage":null} @ webpack-internal:///(app-pages-browser)/./lib/chat-transport.ts:115
[  211997ms] [LOG] [ChatTransport] onmessage triggered, has currentResponseHandler: true @ webpack-internal:///(app-pages-browser)/./lib/chat-transport.ts:37
[  211998ms] [LOG] [ChatTransport] responseHandler called, data: {"type":"delta","content":"**\n","error":null,"message_id":"67c58e48-3c74-426d-98f8-dac32914bfaf","conversation_id":null,"itinerary":null,"stage":null} @ webpack-internal:///(app-pages-browser)/./lib/chat-transport.ts:115
[  211999ms] [LOG] [ChatTransport] onmessage triggered, has currentResponseHandler: true @ webpack-internal:///(app-pages-browser)/./lib/chat-transport.ts:37
[  211999ms] [LOG] [ChatTransport] responseHandler called, data: {"type":"delta","content":"   ","error":null,"message_id":"67c58e48-3c74-426d-98f8-dac32914bfaf","conversation_id":null,"itinerary":null,"stage":null} @ webpack-internal:///(app-pages-browser)/./lib/chat-transport.ts:115
[  212028ms] [LOG] [ChatTransport] onmessage triggered, has currentResponseHandler: true @ webpack-internal:///(app-pages-browser)/./lib/chat-transport.ts:37
[  212029ms] [LOG] [ChatTransport] responseHandler called, data: {"type":"delta","content":" *","error":null,"message_id":"67c58e48-3c74-426d-98f8-dac32914bfaf","conversation_id":null,"itinerary":null,"stage":null} @ webpack-internal:///(app-pages-browser)/./lib/chat-transport.ts:115
[  212029ms] [LOG] [ChatTransport] onmessage triggered, has currentResponseHandler: true @ webpack-internal:///(app-pages-browser)/./lib/chat-transport.ts:37
[  212029ms] [LOG] [ChatTransport] responseHandler called, data: {"type":"delta","content":"  ","error":null,"message_id":"67c58e48-3c74-426d-98f8-dac32914bfaf","conversation_id":null,"itinerary":null,"stage":null} @ webpack-internal:///(app-pages-browser)/./lib/chat-transport.ts:115
[  212084ms] [LOG] [ChatTransport] onmessage triggered, has currentResponseHandler: true @ webpack-internal:///(app-pages-browser)/./lib/chat-transport.ts:37
[  212084ms] [LOG] [ChatTransport] responseHandler called, data: {"type":"delta","content":" **","error":null,"message_id":"67c58e48-3c74-426d-98f8-dac32914bfaf","conversation_id":null,"itinerary":null,"stage":null} @ webpack-internal:///(app-pages-browser)/./lib/chat-transport.ts:115
[  212099ms] [LOG] [ChatTransport] onmessage triggered, has currentResponseHandler: true @ webpack-internal:///(app-pages-browser)/./lib/chat-transport.ts:37
[  212100ms] [LOG] [ChatTransport] responseHandler called, data: {"type":"delta","content":"活动","error":null,"message_id":"67c58e48-3c74-426d-98f8-dac32914bfaf","conversation_id":null,"itinerary":null,"stage":null} @ webpack-internal:///(app-pages-browser)/./lib/chat-transport.ts:115
[  212256ms] [LOG] [ChatTransport] onmessage triggered, has currentResponseHandler: true @ webpack-internal:///(app-pages-browser)/./lib/chat-transport.ts:37
[  212256ms] [LOG] [ChatTransport] responseHandler called, data: {"type":"delta","content":"：","error":null,"message_id":"67c58e48-3c74-426d-98f8-dac32914bfaf","conversation_id":null,"itinerary":null,"stage":null} @ webpack-internal:///(app-pages-browser)/./lib/chat-transport.ts:115
[  212273ms] [LOG] [ChatTransport] onmessage triggered, has currentResponseHandler: true @ webpack-internal:///(app-pages-browser)/./lib/chat-transport.ts:37
[  212274ms] [LOG] [ChatTransport] responseHandler called, data: {"type":"delta","content":"**","error":null,"message_id":"67c58e48-3c74-426d-98f8-dac32914bfaf","conversation_id":null,"itinerary":null,"stage":null} @ webpack-internal:///(app-pages-browser)/./lib/chat-transport.ts:115
[  212274ms] [LOG] [ChatTransport] onmessage triggered, has currentResponseHandler: true @ webpack-internal:///(app-pages-browser)/./lib/chat-transport.ts:37
[  212274ms] [LOG] [ChatTransport] responseHandler called, data: {"type":"delta","content":" ","error":null,"message_id":"67c58e48-3c74-426d-98f8-dac32914bfaf","conversation_id":null,"itinerary":null,"stage":null} @ webpack-internal:///(app-pages-browser)/./lib/chat-transport.ts:115
[  212274ms] [LOG] [ChatTransport] onmessage triggered, has currentResponseHandler: true @ webpack-internal:///(app-pages-browser)/./lib/chat-transport.ts:37
[  212274ms] [LOG] [ChatTransport] responseHandler called, data: {"type":"delta","content":"作为","error":null,"message_id":"67c58e48-3c74-426d-98f8-dac32914bfaf","conversation_id":null,"itinerary":null,"stage":null} @ webpack-internal:///(app-pages-browser)/./lib/chat-transport.ts:115
[  212291ms] [LOG] [ChatTransport] onmessage triggered, has currentResponseHandler: true @ webpack-internal:///(app-pages-browser)/./lib/chat-transport.ts:37
[  212291ms] [LOG] [ChatTransport] responseHandler called, data: {"type":"delta","content":"行程","error":null,"message_id":"67c58e48-3c74-426d-98f8-dac32914bfaf","conversation_id":null,"itinerary":null,"stage":null} @ webpack-internal:///(app-pages-browser)/./lib/chat-transport.ts:115
[  212292ms] [LOG] [ChatTransport] onmessage triggered, has currentResponseHandler: true @ webpack-internal:///(app-pages-browser)/./lib/chat-transport.ts:37
[  212292ms] [LOG] [ChatTransport] responseHandler called, data: {"type":"delta","content":"的","error":null,"message_id":"67c58e48-3c74-426d-98f8-dac32914bfaf","conversation_id":null,"itinerary":null,"stage":null} @ webpack-internal:///(app-pages-browser)/./lib/chat-transport.ts:115
[  212321ms] [LOG] [ChatTransport] onmessage triggered, has currentResponseHandler: true @ webpack-internal:///(app-pages-browser)/./lib/chat-transport.ts:37
[  212321ms] [LOG] [ChatTransport] responseHandler called, data: {"type":"delta","content":"终点","error":null,"message_id":"67c58e48-3c74-426d-98f8-dac32914bfaf","conversation_id":null,"itinerary":null,"stage":null} @ webpack-internal:///(app-pages-browser)/./lib/chat-transport.ts:115
[  212393ms] [LOG] [ChatTransport] onmessage triggered, has currentResponseHandler: true @ webpack-internal:///(app-pages-browser)/./lib/chat-transport.ts:37
[  212393ms] [LOG] [ChatTransport] responseHandler called, data: {"type":"delta","content":"，","error":null,"message_id":"67c58e48-3c74-426d-98f8-dac32914bfaf","conversation_id":null,"itinerary":null,"stage":null} @ webpack-internal:///(app-pages-browser)/./lib/chat-transport.ts:115
[  212394ms] [LOG] [ChatTransport] onmessage triggered, has currentResponseHandler: true @ webpack-internal:///(app-pages-browser)/./lib/chat-transport.ts:37
[  212394ms] [LOG] [ChatTransport] responseHandler called, data: {"type":"delta","content":"在这里","error":null,"message_id":"67c58e48-3c74-426d-98f8-dac32914bfaf","conversation_id":null,"itinerary":null,"stage":null} @ webpack-internal:///(app-pages-browser)/./lib/chat-transport.ts:115
[  212444ms] [LOG] [ChatTransport] onmessage triggered, has currentResponseHandler: true @ webpack-internal:///(app-pages-browser)/./lib/chat-transport.ts:37
[  212445ms] [LOG] [ChatTransport] responseHandler called, data: {"type":"delta","content":"购买","error":null,"message_id":"67c58e48-3c74-426d-98f8-dac32914bfaf","conversation_id":null,"itinerary":null,"stage":null} @ webpack-internal:///(app-pages-browser)/./lib/chat-transport.ts:115
[  212505ms] [LOG] [ChatTransport] onmessage triggered, has currentResponseHandler: true @ webpack-internal:///(app-pages-browser)/./lib/chat-transport.ts:37
[  212506ms] [LOG] [ChatTransport] responseHandler called, data: {"type":"delta","content":"一些","error":null,"message_id":"67c58e48-3c74-426d-98f8-dac32914bfaf","conversation_id":null,"itinerary":null,"stage":null} @ webpack-internal:///(app-pages-browser)/./lib/chat-transport.ts:115
[  212527ms] [LOG] [ChatTransport] onmessage triggered, has currentResponseHandler: true @ webpack-internal:///(app-pages-browser)/./lib/chat-transport.ts:37
[  212528ms] [LOG] [ChatTransport] responseHandler called, data: {"type":"delta","content":"北京","error":null,"message_id":"67c58e48-3c74-426d-98f8-dac32914bfaf","conversation_id":null,"itinerary":null,"stage":null} @ webpack-internal:///(app-pages-browser)/./lib/chat-transport.ts:115
[  212562ms] [LOG] [ChatTransport] onmessage triggered, has currentResponseHandler: true @ webpack-internal:///(app-pages-browser)/./lib/chat-transport.ts:37
[  212562ms] [LOG] [ChatTransport] responseHandler called, data: {"type":"delta","content":"特产","error":null,"message_id":"67c58e48-3c74-426d-98f8-dac32914bfaf","conversation_id":null,"itinerary":null,"stage":null} @ webpack-internal:///(app-pages-browser)/./lib/chat-transport.ts:115
[  212583ms] [LOG] [ChatTransport] onmessage triggered, has currentResponseHandler: true @ webpack-internal:///(app-pages-browser)/./lib/chat-transport.ts:37
[  212583ms] [LOG] [ChatTransport] responseHandler called, data: {"type":"delta","content":"（","error":null,"message_id":"67c58e48-3c74-426d-98f8-dac32914bfaf","conversation_id":null,"itinerary":null,"stage":null} @ webpack-internal:///(app-pages-browser)/./lib/chat-transport.ts:115
[  212645ms] [LOG] [ChatTransport] onmessage triggered, has currentResponseHandler: true @ webpack-internal:///(app-pages-browser)/./lib/chat-transport.ts:37
[  212645ms] [LOG] [ChatTransport] responseHandler called, data: {"type":"delta","content":"如","error":null,"message_id":"67c58e48-3c74-426d-98f8-dac32914bfaf","conversation_id":null,"itinerary":null,"stage":null} @ webpack-internal:///(app-pages-browser)/./lib/chat-transport.ts:115
[  212645ms] [LOG] [ChatTransport] onmessage triggered, has currentResponseHandler: true @ webpack-internal:///(app-pages-browser)/./lib/chat-transport.ts:37
[  212645ms] [LOG] [ChatTransport] responseHandler called, data: {"type":"delta","content":"稻","error":null,"message_id":"67c58e48-3c74-426d-98f8-dac32914bfaf","conversation_id":null,"itinerary":null,"stage":null} @ webpack-internal:///(app-pages-browser)/./lib/chat-transport.ts:115
[  212686ms] [LOG] [ChatTransport] onmessage triggered, has currentResponseHandler: true @ webpack-internal:///(app-pages-browser)/./lib/chat-transport.ts:37
[  212686ms] [LOG] [ChatTransport] responseHandler called, data: {"type":"delta","content":"香","error":null,"message_id":"67c58e48-3c74-426d-98f8-dac32914bfaf","conversation_id":null,"itinerary":null,"stage":null} @ webpack-internal:///(app-pages-browser)/./lib/chat-transport.ts:115
[  212703ms] [LOG] [ChatTransport] onmessage triggered, has currentResponseHandler: true @ webpack-internal:///(app-pages-browser)/./lib/chat-transport.ts:37
[  212703ms] [LOG] [ChatTransport] responseHandler called, data: {"type":"delta","content":"村","error":null,"message_id":"67c58e48-3c74-426d-98f8-dac32914bfaf","conversation_id":null,"itinerary":null,"stage":null} @ webpack-internal:///(app-pages-browser)/./lib/chat-transport.ts:115
[  212802ms] [LOG] [ChatTransport] onmessage triggered, has currentResponseHandler: true @ webpack-internal:///(app-pages-browser)/./lib/chat-transport.ts:37
[  212802ms] [LOG] [ChatTransport] responseHandler called, data: {"type":"delta","content":"点心","error":null,"message_id":"67c58e48-3c74-426d-98f8-dac32914bfaf","conversation_id":null,"itinerary":null,"stage":null} @ webpack-internal:///(app-pages-browser)/./lib/chat-transport.ts:115
[  212823ms] [LOG] [ChatTransport] onmessage triggered, has currentResponseHandler: true @ webpack-internal:///(app-pages-browser)/./lib/chat-transport.ts:37
[  212823ms] [LOG] [ChatTransport] responseHandler called, data: {"type":"delta","content":"、","error":null,"message_id":"67c58e48-3c74-426d-98f8-dac32914bfaf","conversation_id":null,"itinerary":null,"stage":null} @ webpack-internal:///(app-pages-browser)/./lib/chat-transport.ts:115
[  212842ms] [LOG] [ChatTransport] onmessage triggered, has currentResponseHandler: true @ webpack-internal:///(app-pages-browser)/./lib/chat-transport.ts:37
[  212842ms] [LOG] [ChatTransport] responseHandler called, data: {"type":"delta","content":"六","error":null,"message_id":"67c58e48-3c74-426d-98f8-dac32914bfaf","conversation_id":null,"itinerary":null,"stage":null} @ webpack-internal:///(app-pages-browser)/./lib/chat-transport.ts:115
[  212842ms] [LOG] [ChatTransport] onmessage triggered, has currentResponseHandler: true @ webpack-internal:///(app-pages-browser)/./lib/chat-transport.ts:37
[  212842ms] [LOG] [ChatTransport] responseHandler called, data: {"type":"delta","content":"必","error":null,"message_id":"67c58e48-3c74-426d-98f8-dac32914bfaf","conversation_id":null,"itinerary":null,"stage":null} @ webpack-internal:///(app-pages-browser)/./lib/chat-transport.ts:115
[  212864ms] [LOG] [ChatTransport] onmessage triggered, has currentResponseHandler: true @ webpack-internal:///(app-pages-browser)/./lib/chat-transport.ts:37
[  212864ms] [LOG] [ChatTransport] responseHandler called, data: {"type":"delta","content":"居","error":null,"message_id":"67c58e48-3c74-426d-98f8-dac32914bfaf","conversation_id":null,"itinerary":null,"stage":null} @ webpack-internal:///(app-pages-browser)/./lib/chat-transport.ts:115
[  212877ms] [LOG] [ChatTransport] onmessage triggered, has currentResponseHandler: true @ webpack-internal:///(app-pages-browser)/./lib/chat-transport.ts:37
[  212877ms] [LOG] [ChatTransport] responseHandler called, data: {"type":"delta","content":"酱","error":null,"message_id":"67c58e48-3c74-426d-98f8-dac32914bfaf","conversation_id":null,"itinerary":null,"stage":null} @ webpack-internal:///(app-pages-browser)/./lib/chat-transport.ts:115
[  212927ms] [LOG] [ChatTransport] onmessage triggered, has currentResponseHandler: true @ webpack-internal:///(app-pages-browser)/./lib/chat-transport.ts:37
[  212927ms] [LOG] [ChatTransport] responseHandler called, data: {"type":"delta","content":"菜","error":null,"message_id":"67c58e48-3c74-426d-98f8-dac32914bfaf","conversation_id":null,"itinerary":null,"stage":null} @ webpack-internal:///(app-pages-browser)/./lib/chat-transport.ts:115
[  212943ms] [LOG] [ChatTransport] onmessage triggered, has currentResponseHandler: true @ webpack-internal:///(app-pages-browser)/./lib/chat-transport.ts:37
[  212943ms] [LOG] [ChatTransport] responseHandler called, data: {"type":"delta","content":"），","error":null,"message_id":"67c58e48-3c74-426d-98f8-dac32914bfaf","conversation_id":null,"itinerary":null,"stage":null} @ webpack-internal:///(app-pages-browser)/./lib/chat-transport.ts:115
[  212996ms] [LOG] [ChatTransport] onmessage triggered, has currentResponseHandler: true @ webpack-internal:///(app-pages-browser)/./lib/chat-transport.ts:37
[  212997ms] [LOG] [ChatTransport] responseHandler called, data: {"type":"delta","content":"感受","error":null,"message_id":"67c58e48-3c74-426d-98f8-dac32914bfaf","conversation_id":null,"itinerary":null,"stage":null} @ webpack-internal:///(app-pages-browser)/./lib/chat-transport.ts:115
[  212997ms] [LOG] [ChatTransport] onmessage triggered, has currentResponseHandler: true @ webpack-internal:///(app-pages-browser)/./lib/chat-transport.ts:37
[  212998ms] [LOG] [ChatTransport] responseHandler called, data: {"type":"delta","content":"老","error":null,"message_id":"67c58e48-3c74-426d-98f8-dac32914bfaf","conversation_id":null,"itinerary":null,"stage":null} @ webpack-internal:///(app-pages-browser)/./lib/chat-transport.ts:115
[  213052ms] [LOG] [ChatTransport] onmessage triggered, has currentResponseHandler: true @ webpack-internal:///(app-pages-browser)/./lib/chat-transport.ts:37
[  213052ms] [LOG] [ChatTransport] responseHandler called, data: {"type":"delta","content":"字号","error":null,"message_id":"67c58e48-3c74-426d-98f8-dac32914bfaf","conversation_id":null,"itinerary":null,"stage":null} @ webpack-internal:///(app-pages-browser)/./lib/chat-transport.ts:115
[  213074ms] [LOG] [ChatTransport] onmessage triggered, has currentResponseHandler: true @ webpack-internal:///(app-pages-browser)/./lib/chat-transport.ts:37
[  213075ms] [LOG] [ChatTransport] responseHandler called, data: {"type":"delta","content":"商业","error":null,"message_id":"67c58e48-3c74-426d-98f8-dac32914bfaf","conversation_id":null,"itinerary":null,"stage":null} @ webpack-internal:///(app-pages-browser)/./lib/chat-transport.ts:115
[  213112ms] [LOG] [ChatTransport] onmessage triggered, has currentResponseHandler: true @ webpack-internal:///(app-pages-browser)/./lib/chat-transport.ts:37
[  213112ms] [LOG] [ChatTransport] responseHandler called, data: {"type":"delta","content":"街","error":null,"message_id":"67c58e48-3c74-426d-98f8-dac32914bfaf","conversation_id":null,"itinerary":null,"stage":null} @ webpack-internal:///(app-pages-browser)/./lib/chat-transport.ts:115
[  213112ms] [LOG] [ChatTransport] onmessage triggered, has currentResponseHandler: true @ webpack-internal:///(app-pages-browser)/./lib/chat-transport.ts:37
[  213113ms] [LOG] [ChatTransport] responseHandler called, data: {"type":"delta","content":"的风","error":null,"message_id":"67c58e48-3c74-426d-98f8-dac32914bfaf","conversation_id":null,"itinerary":null,"stage":null} @ webpack-internal:///(app-pages-browser)/./lib/chat-transport.ts:115
[  213166ms] [LOG] [ChatTransport] onmessage triggered, has currentResponseHandler: true @ webpack-internal:///(app-pages-browser)/./lib/chat-transport.ts:37
[  213166ms] [LOG] [ChatTransport] responseHandler called, data: {"type":"delta","content":"情","error":null,"message_id":"67c58e48-3c74-426d-98f8-dac32914bfaf","conversation_id":null,"itinerary":null,"stage":null} @ webpack-internal:///(app-pages-browser)/./lib/chat-transport.ts:115
[  213185ms] [LOG] [ChatTransport] onmessage triggered, has currentResponseHandler: true @ webpack-internal:///(app-pages-browser)/./lib/chat-transport.ts:37
[  213185ms] [LOG] [ChatTransport] responseHandler called, data: {"type":"delta","content":"，","error":null,"message_id":"67c58e48-3c74-426d-98f8-dac32914bfaf","conversation_id":null,"itinerary":null,"stage":null} @ webpack-internal:///(app-pages-browser)/./lib/chat-transport.ts:115
[  213296ms] [LOG] [ChatTransport] onmessage triggered, has currentResponseHandler: true @ webpack-internal:///(app-pages-browser)/./lib/chat-transport.ts:37
[  213296ms] [LOG] [ChatTransport] responseHandler called, data: {"type":"delta","content":"并","error":null,"message_id":"67c58e48-3c74-426d-98f8-dac32914bfaf","conversation_id":null,"itinerary":null,"stage":null} @ webpack-internal:///(app-pages-browser)/./lib/chat-transport.ts:115
[  213296ms] [LOG] [ChatTransport] onmessage triggered, has currentResponseHandler: true @ webpack-internal:///(app-pages-browser)/./lib/chat-transport.ts:37
[  213296ms] [LOG] [ChatTransport] responseHandler called, data: {"type":"delta","content":"享用","error":null,"message_id":"67c58e48-3c74-426d-98f8-dac32914bfaf","conversation_id":null,"itinerary":null,"stage":null} @ webpack-internal:///(app-pages-browser)/./lib/chat-transport.ts:115
[  213315ms] [LOG] [ChatTransport] onmessage triggered, has currentResponseHandler: true @ webpack-internal:///(app-pages-browser)/./lib/chat-transport.ts:37
[  213315ms] [LOG] [ChatTransport] responseHandler called, data: {"type":"delta","content":"一顿","error":null,"message_id":"67c58e48-3c74-426d-98f8-dac32914bfaf","conversation_id":null,"itinerary":null,"stage":null} @ webpack-internal:///(app-pages-browser)/./lib/chat-transport.ts:115
[  213316ms] [LOG] [ChatTransport] onmessage triggered, has currentResponseHandler: true @ webpack-internal:///(app-pages-browser)/./lib/chat-transport.ts:37
[  213316ms] [LOG] [ChatTransport] responseHandler called, data: {"type":"delta","content":"丰","error":null,"message_id":"67c58e48-3c74-426d-98f8-dac32914bfaf","conversation_id":null,"itinerary":null,"stage":null} @ webpack-internal:///(app-pages-browser)/./lib/chat-transport.ts:115
[  213356ms] [LOG] [ChatTransport] onmessage triggered, has currentResponseHandler: true @ webpack-internal:///(app-pages-browser)/./lib/chat-transport.ts:37
[  213356ms] [LOG] [ChatTransport] responseHandler called, data: {"type":"delta","content":"盛的","error":null,"message_id":"67c58e48-3c74-426d-98f8-dac32914bfaf","conversation_id":null,"itinerary":null,"stage":null} @ webpack-internal:///(app-pages-browser)/./lib/chat-transport.ts:115
[  213356ms] [LOG] [ChatTransport] onmessage triggered, has currentResponseHandler: true @ webpack-internal:///(app-pages-browser)/./lib/chat-transport.ts:37
[  213356ms] [LOG] [ChatTransport] responseHandler called, data: {"type":"delta","content":"告别","error":null,"message_id":"67c58e48-3c74-426d-98f8-dac32914bfaf","conversation_id":null,"itinerary":null,"stage":null} @ webpack-internal:///(app-pages-browser)/./lib/chat-transport.ts:115
[  213408ms] [LOG] [ChatTransport] onmessage triggered, has currentResponseHandler: true @ webpack-internal:///(app-pages-browser)/./lib/chat-transport.ts:37
[  213410ms] [LOG] [ChatTransport] responseHandler called, data: {"type":"delta","content":"晚餐","error":null,"message_id":"67c58e48-3c74-426d-98f8-dac32914bfaf","conversation_id":null,"itinerary":null,"stage":null} @ webpack-internal:///(app-pages-browser)/./lib/chat-transport.ts:115
[  213423ms] [LOG] [ChatTransport] onmessage triggered, has currentResponseHandler: true @ webpack-internal:///(app-pages-browser)/./lib/chat-transport.ts:37
[  213423ms] [LOG] [ChatTransport] responseHandler called, data: {"type":"delta","content":"。\n\n","error":null,"message_id":"67c58e48-3c74-426d-98f8-dac32914bfaf","conversation_id":null,"itinerary":null,"stage":null} @ webpack-internal:///(app-pages-browser)/./lib/chat-transport.ts:115
[  213466ms] [LOG] [ChatTransport] onmessage triggered, has currentResponseHandler: true @ webpack-internal:///(app-pages-browser)/./lib/chat-transport.ts:37
[  213466ms] [LOG] [ChatTransport] responseHandler called, data: {"type":"delta","content":"---\n\n","error":null,"message_id":"67c58e48-3c74-426d-98f8-dac32914bfaf","conversation_id":null,"itinerary":null,"stage":null} @ webpack-internal:///(app-pages-browser)/./lib/chat-transport.ts:115
[  213483ms] [LOG] [ChatTransport] onmessage triggered, has currentResponseHandler: true @ webpack-internal:///(app-pages-browser)/./lib/chat-transport.ts:37
[  213483ms] [LOG] [ChatTransport] responseHandler called, data: {"type":"delta","content":"###","error":null,"message_id":"67c58e48-3c74-426d-98f8-dac32914bfaf","conversation_id":null,"itinerary":null,"stage":null} @ webpack-internal:///(app-pages-browser)/./lib/chat-transport.ts:115
[  213525ms] [LOG] [ChatTransport] onmessage triggered, has currentResponseHandler: true @ webpack-internal:///(app-pages-browser)/./lib/chat-transport.ts:37
[  213525ms] [LOG] [ChatTransport] responseHandler called, data: {"type":"delta","content":" **","error":null,"message_id":"67c58e48-3c74-426d-98f8-dac32914bfaf","conversation_id":null,"itinerary":null,"stage":null} @ webpack-internal:///(app-pages-browser)/./lib/chat-transport.ts:115
[  213542ms] [LOG] [ChatTransport] onmessage triggered, has currentResponseHandler: true @ webpack-internal:///(app-pages-browser)/./lib/chat-transport.ts:37
[  213542ms] [LOG] [ChatTransport] responseHandler called, data: {"type":"delta","content":"行程","error":null,"message_id":"67c58e48-3c74-426d-98f8-dac32914bfaf","conversation_id":null,"itinerary":null,"stage":null} @ webpack-internal:///(app-pages-browser)/./lib/chat-transport.ts:115
[  213586ms] [LOG] [ChatTransport] onmessage triggered, has currentResponseHandler: true @ webpack-internal:///(app-pages-browser)/./lib/chat-transport.ts:37
[  213586ms] [LOG] [ChatTransport] responseHandler called, data: {"type":"delta","content":"优化","error":null,"message_id":"67c58e48-3c74-426d-98f8-dac32914bfaf","conversation_id":null,"itinerary":null,"stage":null} @ webpack-internal:///(app-pages-browser)/./lib/chat-transport.ts:115
[  213604ms] [LOG] [ChatTransport] onmessage triggered, has currentResponseHandler: true @ webpack-internal:///(app-pages-browser)/./lib/chat-transport.ts:37
[  213604ms] [LOG] [ChatTransport] responseHandler called, data: {"type":"delta","content":"建议","error":null,"message_id":"67c58e48-3c74-426d-98f8-dac32914bfaf","conversation_id":null,"itinerary":null,"stage":null} @ webpack-internal:///(app-pages-browser)/./lib/chat-transport.ts:115
[  213677ms] [LOG] [ChatTransport] onmessage triggered, has currentResponseHandler: true @ webpack-internal:///(app-pages-browser)/./lib/chat-transport.ts:37
[  213677ms] [LOG] [ChatTransport] responseHandler called, data: {"type":"delta","content":"：","error":null,"message_id":"67c58e48-3c74-426d-98f8-dac32914bfaf","conversation_id":null,"itinerary":null,"stage":null} @ webpack-internal:///(app-pages-browser)/./lib/chat-transport.ts:115
[  213683ms] [LOG] [ChatTransport] onmessage triggered, has currentResponseHandler: true @ webpack-internal:///(app-pages-browser)/./lib/chat-transport.ts:37
[  213684ms] [LOG] [ChatTransport] responseHandler called, data: {"type":"delta","content":"**\n\n","error":null,"message_id":"67c58e48-3c74-426d-98f8-dac32914bfaf","conversation_id":null,"itinerary":null,"stage":null} @ webpack-internal:///(app-pages-browser)/./lib/chat-transport.ts:115
[  213766ms] [LOG] [ChatTransport] onmessage triggered, has currentResponseHandler: true @ webpack-internal:///(app-pages-browser)/./lib/chat-transport.ts:37
[  213766ms] [LOG] [ChatTransport] responseHandler called, data: {"type":"delta","content":"1","error":null,"message_id":"67c58e48-3c74-426d-98f8-dac32914bfaf","conversation_id":null,"itinerary":null,"stage":null} @ webpack-internal:///(app-pages-browser)/./lib/chat-transport.ts:115
[  213770ms] [LOG] [ChatTransport] onmessage triggered, has currentResponseHandler: true @ webpack-internal:///(app-pages-browser)/./lib/chat-transport.ts:37
[  213770ms] [LOG] [ChatTransport] responseHandler called, data: {"type":"delta","content":".","error":null,"message_id":"67c58e48-3c74-426d-98f8-dac32914bfaf","conversation_id":null,"itinerary":null,"stage":null} @ webpack-internal:///(app-pages-browser)/./lib/chat-transport.ts:115
[  214086ms] [LOG] [ChatTransport] onmessage triggered, has currentResponseHandler: true @ webpack-internal:///(app-pages-browser)/./lib/chat-transport.ts:37
[  214086ms] [LOG] [ChatTransport] responseHandler called, data: {"type":"delta","content":" ","error":null,"message_id":"67c58e48-3c74-426d-98f8-dac32914bfaf","conversation_id":null,"itinerary":null,"stage":null} @ webpack-internal:///(app-pages-browser)/./lib/chat-transport.ts:115
[  214086ms] [LOG] [ChatTransport] onmessage triggered, has currentResponseHandler: true @ webpack-internal:///(app-pages-browser)/./lib/chat-transport.ts:37
[  214087ms] [LOG] [ChatTransport] responseHandler called, data: {"type":"delta","content":" **","error":null,"message_id":"67c58e48-3c74-426d-98f8-dac32914bfaf","conversation_id":null,"itinerary":null,"stage":null} @ webpack-internal:///(app-pages-browser)/./lib/chat-transport.ts:115
[  214108ms] [LOG] [ChatTransport] onmessage triggered, has currentResponseHandler: true @ webpack-internal:///(app-pages-browser)/./lib/chat-transport.ts:37
[  214108ms] [LOG] [ChatTransport] responseHandler called, data: {"type":"delta","content":"交通","error":null,"message_id":"67c58e48-3c74-426d-98f8-dac32914bfaf","conversation_id":null,"itinerary":null,"stage":null} @ webpack-internal:///(app-pages-browser)/./lib/chat-transport.ts:115
[  214112ms] [LOG] [ChatTransport] onmessage triggered, has currentResponseHandler: true @ webpack-internal:///(app-pages-browser)/./lib/chat-transport.ts:37
[  214112ms] [LOG] [ChatTransport] responseHandler called, data: {"type":"delta","content":"：","error":null,"message_id":"67c58e48-3c74-426d-98f8-dac32914bfaf","conversation_id":null,"itinerary":null,"stage":null} @ webpack-internal:///(app-pages-browser)/./lib/chat-transport.ts:115
[  214130ms] [LOG] [ChatTransport] onmessage triggered, has currentResponseHandler: true @ webpack-internal:///(app-pages-browser)/./lib/chat-transport.ts:37
[  214130ms] [LOG] [ChatTransport] responseHandler called, data: {"type":"delta","content":"**","error":null,"message_id":"67c58e48-3c74-426d-98f8-dac32914bfaf","conversation_id":null,"itinerary":null,"stage":null} @ webpack-internal:///(app-pages-browser)/./lib/chat-transport.ts:115
[  214131ms] [LOG] [ChatTransport] onmessage triggered, has currentResponseHandler: true @ webpack-internal:///(app-pages-browser)/./lib/chat-transport.ts:37
[  214131ms] [LOG] [ChatTransport] responseHandler called, data: {"type":"delta","content":" ","error":null,"message_id":"67c58e48-3c74-426d-98f8-dac32914bfaf","conversation_id":null,"itinerary":null,"stage":null} @ webpack-internal:///(app-pages-browser)/./lib/chat-transport.ts:115
[  214131ms] [LOG] [ChatTransport] onmessage triggered, has currentResponseHandler: true @ webpack-internal:///(app-pages-browser)/./lib/chat-transport.ts:37
[  214131ms] [LOG] [ChatTransport] responseHandler called, data: {"type":"delta","content":"北京","error":null,"message_id":"67c58e48-3c74-426d-98f8-dac32914bfaf","conversation_id":null,"itinerary":null,"stage":null} @ webpack-internal:///(app-pages-browser)/./lib/chat-transport.ts:115
[  214131ms] [LOG] [ChatTransport] onmessage triggered, has currentResponseHandler: true @ webpack-internal:///(app-pages-browser)/./lib/chat-transport.ts:37
[  214131ms] [LOG] [ChatTransport] responseHandler called, data: {"type":"delta","content":"景点","error":null,"message_id":"67c58e48-3c74-426d-98f8-dac32914bfaf","conversation_id":null,"itinerary":null,"stage":null} @ webpack-internal:///(app-pages-browser)/./lib/chat-transport.ts:115
[  214132ms] [LOG] [ChatTransport] onmessage triggered, has currentResponseHandler: true @ webpack-internal:///(app-pages-browser)/./lib/chat-transport.ts:37
[  214132ms] [LOG] [ChatTransport] responseHandler called, data: {"type":"delta","content":"间","error":null,"message_id":"67c58e48-3c74-426d-98f8-dac32914bfaf","conversation_id":null,"itinerary":null,"stage":null} @ webpack-internal:///(app-pages-browser)/./lib/chat-transport.ts:115
[  214132ms] [LOG] [ChatTransport] onmessage triggered, has currentResponseHandler: true @ webpack-internal:///(app-pages-browser)/./lib/chat-transport.ts:37
[  214132ms] [LOG] [ChatTransport] responseHandler called, data: {"type":"delta","content":"距离","error":null,"message_id":"67c58e48-3c74-426d-98f8-dac32914bfaf","conversation_id":null,"itinerary":null,"stage":null} @ webpack-internal:///(app-pages-browser)/./lib/chat-transport.ts:115
[  214132ms] [LOG] [ChatTransport] onmessage triggered, has currentResponseHandler: true @ webpack-internal:///(app-pages-browser)/./lib/chat-transport.ts:37
[  214132ms] [LOG] [ChatTransport] responseHandler called, data: {"type":"delta","content":"较","error":null,"message_id":"67c58e48-3c74-426d-98f8-dac32914bfaf","conversation_id":null,"itinerary":null,"stage":null} @ webpack-internal:///(app-pages-browser)/./lib/chat-transport.ts:115
[  214147ms] [LOG] [ChatTransport] onmessage triggered, has currentResponseHandler: true @ webpack-internal:///(app-pages-browser)/./lib/chat-transport.ts:37
[  214147ms] [LOG] [ChatTransport] responseHandler called, data: {"type":"delta","content":"远","error":null,"message_id":"67c58e48-3c74-426d-98f8-dac32914bfaf","conversation_id":null,"itinerary":null,"stage":null} @ webpack-internal:///(app-pages-browser)/./lib/chat-transport.ts:115
[  214159ms] [LOG] [ChatTransport] onmessage triggered, has currentResponseHandler: true @ webpack-internal:///(app-pages-browser)/./lib/chat-transport.ts:37
[  214159ms] [LOG] [ChatTransport] responseHandler called, data: {"type":"delta","content":"，","error":null,"message_id":"67c58e48-3c74-426d-98f8-dac32914bfaf","conversation_id":null,"itinerary":null,"stage":null} @ webpack-internal:///(app-pages-browser)/./lib/chat-transport.ts:115
[  214199ms] [LOG] [ChatTransport] onmessage triggered, has currentResponseHandler: true @ webpack-internal:///(app-pages-browser)/./lib/chat-transport.ts:37
[  214200ms] [LOG] [ChatTransport] responseHandler called, data: {"type":"delta","content":"建议","error":null,"message_id":"67c58e48-3c74-426d-98f8-dac32914bfaf","conversation_id":null,"itinerary":null,"stage":null} @ webpack-internal:///(app-pages-browser)/./lib/chat-transport.ts:115
[  214200ms] [LOG] [ChatTransport] onmessage triggered, has currentResponseHandler: true @ webpack-internal:///(app-pages-browser)/./lib/chat-transport.ts:37
[  214200ms] [LOG] [ChatTransport] responseHandler called, data: {"type":"delta","content":"以","error":null,"message_id":"67c58e48-3c74-426d-98f8-dac32914bfaf","conversation_id":null,"itinerary":null,"stage":null} @ webpack-internal:///(app-pages-browser)/./lib/chat-transport.ts:115
[  214255ms] [LOG] [ChatTransport] onmessage triggered, has currentResponseHandler: true @ webpack-internal:///(app-pages-browser)/./lib/chat-transport.ts:37
[  214256ms] [LOG] [ChatTransport] responseHandler called, data: {"type":"delta","content":"地铁","error":null,"message_id":"67c58e48-3c74-426d-98f8-dac32914bfaf","conversation_id":null,"itinerary":null,"stage":null} @ webpack-internal:///(app-pages-browser)/./lib/chat-transport.ts:115
[  214256ms] [LOG] [ChatTransport] onmessage triggered, has currentResponseHandler: true @ webpack-internal:///(app-pages-browser)/./lib/chat-transport.ts:37
[  214256ms] [LOG] [ChatTransport] responseHandler called, data: {"type":"delta","content":"为主要","error":null,"message_id":"67c58e48-3c74-426d-98f8-dac32914bfaf","conversation_id":null,"itinerary":null,"stage":null} @ webpack-internal:///(app-pages-browser)/./lib/chat-transport.ts:115
[  214319ms] [LOG] [ChatTransport] onmessage triggered, has currentResponseHandler: true @ webpack-internal:///(app-pages-browser)/./lib/chat-transport.ts:37
[  214319ms] [LOG] [ChatTransport] responseHandler called, data: {"type":"delta","content":"交通工具","error":null,"message_id":"67c58e48-3c74-426d-98f8-dac32914bfaf","conversation_id":null,"itinerary":null,"stage":null} @ webpack-internal:///(app-pages-browser)/./lib/chat-transport.ts:115
[  214320ms] [LOG] [ChatTransport] onmessage triggered, has currentResponseHandler: true @ webpack-internal:///(app-pages-browser)/./lib/chat-transport.ts:37
[  214321ms] [LOG] [ChatTransport] responseHandler called, data: {"type":"delta","content":"（","error":null,"message_id":"67c58e48-3c74-426d-98f8-dac32914bfaf","conversation_id":null,"itinerary":null,"stage":null} @ webpack-internal:///(app-pages-browser)/./lib/chat-transport.ts:115
[  214387ms] [LOG] [ChatTransport] onmessage triggered, has currentResponseHandler: true @ webpack-internal:///(app-pages-browser)/./lib/chat-transport.ts:37
[  214387ms] [LOG] [ChatTransport] responseHandler called, data: {"type":"delta","content":"使用","error":null,"message_id":"67c58e48-3c74-426d-98f8-dac32914bfaf","conversation_id":null,"itinerary":null,"stage":null} @ webpack-internal:///(app-pages-browser)/./lib/chat-transport.ts:115
[  214447ms] [LOG] [ChatTransport] onmessage triggered, has currentResponseHandler: true @ webpack-internal:///(app-pages-browser)/./lib/chat-transport.ts:37
[  214447ms] [LOG] [ChatTransport] responseHandler called, data: {"type":"delta","content":"“","error":null,"message_id":"67c58e48-3c74-426d-98f8-dac32914bfaf","conversation_id":null,"itinerary":null,"stage":null} @ webpack-internal:///(app-pages-browser)/./lib/chat-transport.ts:115
[  214447ms] [LOG] [ChatTransport] onmessage triggered, has currentResponseHandler: true @ webpack-internal:///(app-pages-browser)/./lib/chat-transport.ts:37
[  214448ms] [LOG] [ChatTransport] responseHandler called, data: {"type":"delta","content":"亿","error":null,"message_id":"67c58e48-3c74-426d-98f8-dac32914bfaf","conversation_id":null,"itinerary":null,"stage":null} @ webpack-internal:///(app-pages-browser)/./lib/chat-transport.ts:115
[  214517ms] [LOG] [ChatTransport] onmessage triggered, has currentResponseHandler: true @ webpack-internal:///(app-pages-browser)/./lib/chat-transport.ts:37
[  214517ms] [LOG] [ChatTransport] responseHandler called, data: {"type":"delta","content":"通行","error":null,"message_id":"67c58e48-3c74-426d-98f8-dac32914bfaf","conversation_id":null,"itinerary":null,"stage":null} @ webpack-internal:///(app-pages-browser)/./lib/chat-transport.ts:115
[  214518ms] [LOG] [ChatTransport] onmessage triggered, has currentResponseHandler: true @ webpack-internal:///(app-pages-browser)/./lib/chat-transport.ts:37
[  214518ms] [LOG] [ChatTransport] responseHandler called, data: {"type":"delta","content":"”","error":null,"message_id":"67c58e48-3c74-426d-98f8-dac32914bfaf","conversation_id":null,"itinerary":null,"stage":null} @ webpack-internal:///(app-pages-browser)/./lib/chat-transport.ts:115
[  214566ms] [LOG] [ChatTransport] onmessage triggered, has currentResponseHandler: true @ webpack-internal:///(app-pages-browser)/./lib/chat-transport.ts:37
[  214567ms] [LOG] [ChatTransport] responseHandler called, data: {"type":"delta","content":"APP","error":null,"message_id":"67c58e48-3c74-426d-98f8-dac32914bfaf","conversation_id":null,"itinerary":null,"stage":null} @ webpack-internal:///(app-pages-browser)/./lib/chat-transport.ts:115
[  214581ms] [LOG] [ChatTransport] onmessage triggered, has currentResponseHandler: true @ webpack-internal:///(app-pages-browser)/./lib/chat-transport.ts:37
[  214581ms] [LOG] [ChatTransport] responseHandler called, data: {"type":"delta","content":"扫码","error":null,"message_id":"67c58e48-3c74-426d-98f8-dac32914bfaf","conversation_id":null,"itinerary":null,"stage":null} @ webpack-internal:///(app-pages-browser)/./lib/chat-transport.ts:115
[  214645ms] [LOG] [ChatTransport] onmessage triggered, has currentResponseHandler: true @ webpack-internal:///(app-pages-browser)/./lib/chat-transport.ts:37
[  214645ms] [LOG] [ChatTransport] responseHandler called, data: {"type":"delta","content":"乘车","error":null,"message_id":"67c58e48-3c74-426d-98f8-dac32914bfaf","conversation_id":null,"itinerary":null,"stage":null} @ webpack-internal:///(app-pages-browser)/./lib/chat-transport.ts:115
[  214686ms] [LOG] [ChatTransport] onmessage triggered, has currentResponseHandler: true @ webpack-internal:///(app-pages-browser)/./lib/chat-transport.ts:37
[  214687ms] [LOG] [ChatTransport] responseHandler called, data: {"type":"delta","content":"），","error":null,"message_id":"67c58e48-3c74-426d-98f8-dac32914bfaf","conversation_id":null,"itinerary":null,"stage":null} @ webpack-internal:///(app-pages-browser)/./lib/chat-transport.ts:115
[  214688ms] [LOG] [ChatTransport] onmessage triggered, has currentResponseHandler: true @ webpack-internal:///(app-pages-browser)/./lib/chat-transport.ts:37
[  214688ms] [LOG] [ChatTransport] responseHandler called, data: {"type":"delta","content":"辅","error":null,"message_id":"67c58e48-3c74-426d-98f8-dac32914bfaf","conversation_id":null,"itinerary":null,"stage":null} @ webpack-internal:///(app-pages-browser)/./lib/chat-transport.ts:115
[  214744ms] [LOG] [ChatTransport] onmessage triggered, has currentResponseHandler: true @ webpack-internal:///(app-pages-browser)/./lib/chat-transport.ts:37
[  214744ms] [LOG] [ChatTransport] responseHandler called, data: {"type":"delta","content":"以","error":null,"message_id":"67c58e48-3c74-426d-98f8-dac32914bfaf","conversation_id":null,"itinerary":null,"stage":null} @ webpack-internal:///(app-pages-browser)/./lib/chat-transport.ts:115
[  214744ms] [LOG] [ChatTransport] onmessage triggered, has currentResponseHandler: true @ webpack-internal:///(app-pages-browser)/./lib/chat-transport.ts:37
[  214744ms] [LOG] [ChatTransport] responseHandler called, data: {"type":"delta","content":"出租车","error":null,"message_id":"67c58e48-3c74-426d-98f8-dac32914bfaf","conversation_id":null,"itinerary":null,"stage":null} @ webpack-internal:///(app-pages-browser)/./lib/chat-transport.ts:115
[  214811ms] [LOG] [ChatTransport] onmessage triggered, has currentResponseHandler: true @ webpack-internal:///(app-pages-browser)/./lib/chat-transport.ts:37
[  214811ms] [LOG] [ChatTransport] responseHandler called, data: {"type":"delta","content":"或","error":null,"message_id":"67c58e48-3c74-426d-98f8-dac32914bfaf","conversation_id":null,"itinerary":null,"stage":null} @ webpack-internal:///(app-pages-browser)/./lib/chat-transport.ts:115
[  214812ms] [LOG] [ChatTransport] onmessage triggered, has currentResponseHandler: true @ webpack-internal:///(app-pages-browser)/./lib/chat-transport.ts:37
[  214812ms] [LOG] [ChatTransport] responseHandler called, data: {"type":"delta","content":"网","error":null,"message_id":"67c58e48-3c74-426d-98f8-dac32914bfaf","conversation_id":null,"itinerary":null,"stage":null} @ webpack-internal:///(app-pages-browser)/./lib/chat-transport.ts:115
[  214862ms] [LOG] [ChatTransport] onmessage triggered, has currentResponseHandler: true @ webpack-internal:///(app-pages-browser)/./lib/chat-transport.ts:37
[  214862ms] [LOG] [ChatTransport] responseHandler called, data: {"type":"delta","content":"约","error":null,"message_id":"67c58e48-3c74-426d-98f8-dac32914bfaf","conversation_id":null,"itinerary":null,"stage":null} @ webpack-internal:///(app-pages-browser)/./lib/chat-transport.ts:115
[  214883ms] [LOG] [ChatTransport] onmessage triggered, has currentResponseHandler: true @ webpack-internal:///(app-pages-browser)/./lib/chat-transport.ts:37
[  214884ms] [LOG] [ChatTransport] responseHandler called, data: {"type":"delta","content":"车","error":null,"message_id":"67c58e48-3c74-426d-98f8-dac32914bfaf","conversation_id":null,"itinerary":null,"stage":null} @ webpack-internal:///(app-pages-browser)/./lib/chat-transport.ts:115
[  214941ms] [LOG] [ChatTransport] onmessage triggered, has currentResponseHandler: true @ webpack-internal:///(app-pages-browser)/./lib/chat-transport.ts:37
[  214942ms] [LOG] [ChatTransport] responseHandler called, data: {"type":"delta","content":"。\n","error":null,"message_id":"67c58e48-3c74-426d-98f8-dac32914bfaf","conversation_id":null,"itinerary":null,"stage":null} @ webpack-internal:///(app-pages-browser)/./lib/chat-transport.ts:115
[  214952ms] [LOG] [ChatTransport] onmessage triggered, has currentResponseHandler: true @ webpack-internal:///(app-pages-browser)/./lib/chat-transport.ts:37
[  214952ms] [LOG] [ChatTransport] responseHandler called, data: {"type":"delta","content":"2","error":null,"message_id":"67c58e48-3c74-426d-98f8-dac32914bfaf","conversation_id":null,"itinerary":null,"stage":null} @ webpack-internal:///(app-pages-browser)/./lib/chat-transport.ts:115
[  215084ms] [LOG] [ChatTransport] onmessage triggered, has currentResponseHandler: true @ webpack-internal:///(app-pages-browser)/./lib/chat-transport.ts:37
[  215084ms] [LOG] [ChatTransport] responseHandler called, data: {"type":"delta","content":".","error":null,"message_id":"67c58e48-3c74-426d-98f8-dac32914bfaf","conversation_id":null,"itinerary":null,"stage":null} @ webpack-internal:///(app-pages-browser)/./lib/chat-transport.ts:115
[  215085ms] [LOG] [ChatTransport] onmessage triggered, has currentResponseHandler: true @ webpack-internal:///(app-pages-browser)/./lib/chat-transport.ts:37
[  215085ms] [LOG] [ChatTransport] responseHandler called, data: {"type":"delta","content":" ","error":null,"message_id":"67c58e48-3c74-426d-98f8-dac32914bfaf","conversation_id":null,"itinerary":null,"stage":null} @ webpack-internal:///(app-pages-browser)/./lib/chat-transport.ts:115
[  215098ms] [LOG] [ChatTransport] onmessage triggered, has currentResponseHandler: true @ webpack-internal:///(app-pages-browser)/./lib/chat-transport.ts:37
[  215098ms] [LOG] [ChatTransport] responseHandler called, data: {"type":"delta","content":" **","error":null,"message_id":"67c58e48-3c74-426d-98f8-dac32914bfaf","conversation_id":null,"itinerary":null,"stage":null} @ webpack-internal:///(app-pages-browser)/./lib/chat-transport.ts:115
[  215109ms] [LOG] [ChatTransport] onmessage triggered, has currentResponseHandler: true @ webpack-internal:///(app-pages-browser)/./lib/chat-transport.ts:37
[  215109ms] [LOG] [ChatTransport] responseHandler called, data: {"type":"delta","content":"门票","error":null,"message_id":"67c58e48-3c74-426d-98f8-dac32914bfaf","conversation_id":null,"itinerary":null,"stage":null} @ webpack-internal:///(app-pages-browser)/./lib/chat-transport.ts:115
[  215124ms] [LOG] [ChatTransport] onmessage triggered, has currentResponseHandler: true @ webpack-internal:///(app-pages-browser)/./lib/chat-transport.ts:37
[  215124ms] [LOG] [ChatTransport] responseHandler called, data: {"type":"delta","content":"：","error":null,"message_id":"67c58e48-3c74-426d-98f8-dac32914bfaf","conversation_id":null,"itinerary":null,"stage":null} @ webpack-internal:///(app-pages-browser)/./lib/chat-transport.ts:115
[  215138ms] [LOG] [ChatTransport] onmessage triggered, has currentResponseHandler: true @ webpack-internal:///(app-pages-browser)/./lib/chat-transport.ts:37
[  215139ms] [LOG] [ChatTransport] responseHandler called, data: {"type":"delta","content":"**","error":null,"message_id":"67c58e48-3c74-426d-98f8-dac32914bfaf","conversation_id":null,"itinerary":null,"stage":null} @ webpack-internal:///(app-pages-browser)/./lib/chat-transport.ts:115
[  215228ms] [LOG] [ChatTransport] onmessage triggered, has currentResponseHandler: true @ webpack-internal:///(app-pages-browser)/./lib/chat-transport.ts:37
[  215229ms] [LOG] [ChatTransport] responseHandler called, data: {"type":"delta","content":" **","error":null,"message_id":"67c58e48-3c74-426d-98f8-dac32914bfaf","conversation_id":null,"itinerary":null,"stage":null} @ webpack-internal:///(app-pages-browser)/./lib/chat-transport.ts:115
[  215248ms] [LOG] [ChatTransport] onmessage triggered, has currentResponseHandler: true @ webpack-internal:///(app-pages-browser)/./lib/chat-transport.ts:37
[  215249ms] [LOG] [ChatTransport] responseHandler called, data: {"type":"delta","content":"故宫","error":null,"message_id":"67c58e48-3c74-426d-98f8-dac32914bfaf","conversation_id":null,"itinerary":null,"stage":null} @ webpack-internal:///(app-pages-browser)/./lib/chat-transport.ts:115
[  215273ms] [LOG] [ChatTransport] onmessage triggered, has currentResponseHandler: true @ webpack-internal:///(app-pages-browser)/./lib/chat-transport.ts:37
[  215274ms] [LOG] [ChatTransport] responseHandler called, data: {"type":"delta","content":"、","error":null,"message_id":"67c58e48-3c74-426d-98f8-dac32914bfaf","conversation_id":null,"itinerary":null,"stage":null} @ webpack-internal:///(app-pages-browser)/./lib/chat-transport.ts:115
[  215274ms] [LOG] [ChatTransport] onmessage triggered, has currentResponseHandler: true @ webpack-internal:///(app-pages-browser)/./lib/chat-transport.ts:37
[  215274ms] [LOG] [ChatTransport] responseHandler called, data: {"type":"delta","content":"恭","error":null,"message_id":"67c58e48-3c74-426d-98f8-dac32914bfaf","conversation_id":null,"itinerary":null,"stage":null} @ webpack-internal:///(app-pages-browser)/./lib/chat-transport.ts:115
[  215312ms] [LOG] [ChatTransport] onmessage triggered, has currentResponseHandler: true @ webpack-internal:///(app-pages-browser)/./lib/chat-transport.ts:37
[  215312ms] [LOG] [ChatTransport] responseHandler called, data: {"type":"delta","content":"王府","error":null,"message_id":"67c58e48-3c74-426d-98f8-dac32914bfaf","conversation_id":null,"itinerary":null,"stage":null} @ webpack-internal:///(app-pages-browser)/./lib/chat-transport.ts:115
[  215325ms] [LOG] [ChatTransport] onmessage triggered, has currentResponseHandler: true @ webpack-internal:///(app-pages-browser)/./lib/chat-transport.ts:37
[  215326ms] [LOG] [ChatTransport] responseHandler called, data: {"type":"delta","content":"、","error":null,"message_id":"67c58e48-3c74-426d-98f8-dac32914bfaf","conversation_id":null,"itinerary":null,"stage":null} @ webpack-internal:///(app-pages-browser)/./lib/chat-transport.ts:115
[  215349ms] [LOG] [ChatTransport] onmessage triggered, has currentResponseHandler: true @ webpack-internal:///(app-pages-browser)/./lib/chat-transport.ts:37
[  215349ms] [LOG] [ChatTransport] responseHandler called, data: {"type":"delta","content":"天","error":null,"message_id":"67c58e48-3c74-426d-98f8-dac32914bfaf","conversation_id":null,"itinerary":null,"stage":null} @ webpack-internal:///(app-pages-browser)/./lib/chat-transport.ts:115
[  215360ms] [LOG] [ChatTransport] onmessage triggered, has currentResponseHandler: true @ webpack-internal:///(app-pages-browser)/./lib/chat-transport.ts:37
[  215360ms] [LOG] [ChatTransport] responseHandler called, data: {"type":"delta","content":"坛","error":null,"message_id":"67c58e48-3c74-426d-98f8-dac32914bfaf","conversation_id":null,"itinerary":null,"stage":null} @ webpack-internal:///(app-pages-browser)/./lib/chat-transport.ts:115
[  215406ms] [LOG] [ChatTransport] onmessage triggered, has currentResponseHandler: true @ webpack-internal:///(app-pages-browser)/./lib/chat-transport.ts:37
[  215406ms] [LOG] [ChatTransport] responseHandler called, data: {"type":"delta","content":"等","error":null,"message_id":"67c58e48-3c74-426d-98f8-dac32914bfaf","conversation_id":null,"itinerary":null,"stage":null} @ webpack-internal:///(app-pages-browser)/./lib/chat-transport.ts:115
[  215421ms] [LOG] [ChatTransport] onmessage triggered, has currentResponseHandler: true @ webpack-internal:///(app-pages-browser)/./lib/chat-transport.ts:37
[  215422ms] [LOG] [ChatTransport] responseHandler called, data: {"type":"delta","content":"热门","error":null,"message_id":"67c58e48-3c74-426d-98f8-dac32914bfaf","conversation_id":null,"itinerary":null,"stage":null} @ webpack-internal:///(app-pages-browser)/./lib/chat-transport.ts:115
[  215472ms] [LOG] [ChatTransport] onmessage triggered, has currentResponseHandler: true @ webpack-internal:///(app-pages-browser)/./lib/chat-transport.ts:37
[  215472ms] [LOG] [ChatTransport] responseHandler called, data: {"type":"delta","content":"景点","error":null,"message_id":"67c58e48-3c74-426d-98f8-dac32914bfaf","conversation_id":null,"itinerary":null,"stage":null} @ webpack-internal:///(app-pages-browser)/./lib/chat-transport.ts:115
[  215472ms] [LOG] [ChatTransport] onmessage triggered, has currentResponseHandler: true @ webpack-internal:///(app-pages-browser)/./lib/chat-transport.ts:37
[  215472ms] [LOG] [ChatTransport] responseHandler called, data: {"type":"delta","content":"务必","error":null,"message_id":"67c58e48-3c74-426d-98f8-dac32914bfaf","conversation_id":null,"itinerary":null,"stage":null} @ webpack-internal:///(app-pages-browser)/./lib/chat-transport.ts:115
[  215525ms] [LOG] [ChatTransport] onmessage triggered, has currentResponseHandler: true @ webpack-internal:///(app-pages-browser)/./lib/chat-transport.ts:37
[  215525ms] [LOG] [ChatTransport] responseHandler called, data: {"type":"delta","content":"提前","error":null,"message_id":"67c58e48-3c74-426d-98f8-dac32914bfaf","conversation_id":null,"itinerary":null,"stage":null} @ webpack-internal:///(app-pages-browser)/./lib/chat-transport.ts:115
[  215545ms] [LOG] [ChatTransport] onmessage triggered, has currentResponseHandler: true @ webpack-internal:///(app-pages-browser)/./lib/chat-transport.ts:37
[  215546ms] [LOG] [ChatTransport] responseHandler called, data: {"type":"delta","content":"在线","error":null,"message_id":"67c58e48-3c74-426d-98f8-dac32914bfaf","conversation_id":null,"itinerary":null,"stage":null} @ webpack-internal:///(app-pages-browser)/./lib/chat-transport.ts:115
[  215589ms] [LOG] [ChatTransport] onmessage triggered, has currentResponseHandler: true @ webpack-internal:///(app-pages-browser)/./lib/chat-transport.ts:37
[  215589ms] [LOG] [ChatTransport] responseHandler called, data: {"type":"delta","content":"实名","error":null,"message_id":"67c58e48-3c74-426d-98f8-dac32914bfaf","conversation_id":null,"itinerary":null,"stage":null} @ webpack-internal:///(app-pages-browser)/./lib/chat-transport.ts:115
[  215589ms] [LOG] [ChatTransport] onmessage triggered, has currentResponseHandler: true @ webpack-internal:///(app-pages-browser)/./lib/chat-transport.ts:37
[  215590ms] [LOG] [ChatTransport] responseHandler called, data: {"type":"delta","content":"预约","error":null,"message_id":"67c58e48-3c74-426d-98f8-dac32914bfaf","conversation_id":null,"itinerary":null,"stage":null} @ webpack-internal:///(app-pages-browser)/./lib/chat-transport.ts:115
[  215653ms] [LOG] [ChatTransport] onmessage triggered, has currentResponseHandler: true @ webpack-internal:///(app-pages-browser)/./lib/chat-transport.ts:37
[  215654ms] [LOG] [ChatTransport] responseHandler called, data: {"type":"delta","content":"！","error":null,"message_id":"67c58e48-3c74-426d-98f8-dac32914bfaf","conversation_id":null,"itinerary":null,"stage":null} @ webpack-internal:///(app-pages-browser)/./lib/chat-transport.ts:115
[  215769ms] [LOG] [ChatTransport] onmessage triggered, has currentResponseHandler: true @ webpack-internal:///(app-pages-browser)/./lib/chat-transport.ts:37
[  215769ms] [LOG] [ChatTransport] responseHandler called, data: {"type":"delta","content":"**","error":null,"message_id":"67c58e48-3c74-426d-98f8-dac32914bfaf","conversation_id":null,"itinerary":null,"stage":null} @ webpack-internal:///(app-pages-browser)/./lib/chat-transport.ts:115
[  215770ms] [LOG] [ChatTransport] onmessage triggered, has currentResponseHandler: true @ webpack-internal:///(app-pages-browser)/./lib/chat-transport.ts:37
[  215770ms] [LOG] [ChatTransport] responseHandler called, data: {"type":"delta","content":" ","error":null,"message_id":"67c58e48-3c74-426d-98f8-dac32914bfaf","conversation_id":null,"itinerary":null,"stage":null} @ webpack-internal:///(app-pages-browser)/./lib/chat-transport.ts:115
[  215797ms] [LOG] [ChatTransport] onmessage triggered, has currentResponseHandler: true @ webpack-internal:///(app-pages-browser)/./lib/chat-transport.ts:37
[  215797ms] [LOG] [ChatTransport] responseHandler called, data: {"type":"delta","content":"现场","error":null,"message_id":"67c58e48-3c74-426d-98f8-dac32914bfaf","conversation_id":null,"itinerary":null,"stage":null} @ webpack-internal:///(app-pages-browser)/./lib/chat-transport.ts:115
[  215823ms] [LOG] [ChatTransport] onmessage triggered, has currentResponseHandler: true @ webpack-internal:///(app-pages-browser)/./lib/chat-transport.ts:37
[  215823ms] [LOG] [ChatTransport] responseHandler called, data: {"type":"delta","content":"很可能","error":null,"message_id":"67c58e48-3c74-426d-98f8-dac32914bfaf","conversation_id":null,"itinerary":null,"stage":null} @ webpack-internal:///(app-pages-browser)/./lib/chat-transport.ts:115
[  215886ms] [LOG] [ChatTransport] onmessage triggered, has currentResponseHandler: true @ webpack-internal:///(app-pages-browser)/./lib/chat-transport.ts:37
[  215886ms] [LOG] [ChatTransport] responseHandler called, data: {"type":"delta","content":"买","error":null,"message_id":"67c58e48-3c74-426d-98f8-dac32914bfaf","conversation_id":null,"itinerary":null,"stage":null} @ webpack-internal:///(app-pages-browser)/./lib/chat-transport.ts:115
[  215908ms] [LOG] [ChatTransport] onmessage triggered, has currentResponseHandler: true @ webpack-internal:///(app-pages-browser)/./lib/chat-transport.ts:37
[  215908ms] [LOG] [ChatTransport] responseHandler called, data: {"type":"delta","content":"不到","error":null,"message_id":"67c58e48-3c74-426d-98f8-dac32914bfaf","conversation_id":null,"itinerary":null,"stage":null} @ webpack-internal:///(app-pages-browser)/./lib/chat-transport.ts:115
[  216019ms] [LOG] [ChatTransport] onmessage triggered, has currentResponseHandler: true @ webpack-internal:///(app-pages-browser)/./lib/chat-transport.ts:37
[  216020ms] [LOG] [ChatTransport] responseHandler called, data: {"type":"delta","content":"票","error":null,"message_id":"67c58e48-3c74-426d-98f8-dac32914bfaf","conversation_id":null,"itinerary":null,"stage":null} @ webpack-internal:///(app-pages-browser)/./lib/chat-transport.ts:115
[  216025ms] [LOG] [ChatTransport] onmessage triggered, has currentResponseHandler: true @ webpack-internal:///(app-pages-browser)/./lib/chat-transport.ts:37
[  216025ms] [LOG] [ChatTransport] responseHandler called, data: {"type":"delta","content":"。\n","error":null,"message_id":"67c58e48-3c74-426d-98f8-dac32914bfaf","conversation_id":null,"itinerary":null,"stage":null} @ webpack-internal:///(app-pages-browser)/./lib/chat-transport.ts:115
[  216806ms] [LOG] [ChatTransport] onmessage triggered, has currentResponseHandler: true @ webpack-internal:///(app-pages-browser)/./lib/chat-transport.ts:37
[  216806ms] [LOG] [ChatTransport] responseHandler called, data: {"type":"delta","content":"3","error":null,"message_id":"67c58e48-3c74-426d-98f8-dac32914bfaf","conversation_id":null,"itinerary":null,"stage":null} @ webpack-internal:///(app-pages-browser)/./lib/chat-transport.ts:115
[  216818ms] [LOG] [ChatTransport] onmessage triggered, has currentResponseHandler: true @ webpack-internal:///(app-pages-browser)/./lib/chat-transport.ts:37
[  216818ms] [LOG] [ChatTransport] responseHandler called, data: {"type":"delta","content":".","error":null,"message_id":"67c58e48-3c74-426d-98f8-dac32914bfaf","conversation_id":null,"itinerary":null,"stage":null} @ webpack-internal:///(app-pages-browser)/./lib/chat-transport.ts:115
[  216831ms] [LOG] [ChatTransport] onmessage triggered, has currentResponseHandler: true @ webpack-internal:///(app-pages-browser)/./lib/chat-transport.ts:37
[  216831ms] [LOG] [ChatTransport] responseHandler called, data: {"type":"delta","content":" ","error":null,"message_id":"67c58e48-3c74-426d-98f8-dac32914bfaf","conversation_id":null,"itinerary":null,"stage":null} @ webpack-internal:///(app-pages-browser)/./lib/chat-transport.ts:115
[  216831ms] [LOG] [ChatTransport] onmessage triggered, has currentResponseHandler: true @ webpack-internal:///(app-pages-browser)/./lib/chat-transport.ts:37
[  216831ms] [LOG] [ChatTransport] responseHandler called, data: {"type":"delta","content":" **","error":null,"message_id":"67c58e48-3c74-426d-98f8-dac32914bfaf","conversation_id":null,"itinerary":null,"stage":null} @ webpack-internal:///(app-pages-browser)/./lib/chat-transport.ts:115
[  216832ms] [LOG] [ChatTransport] onmessage triggered, has currentResponseHandler: true @ webpack-internal:///(app-pages-browser)/./lib/chat-transport.ts:37
[  216832ms] [LOG] [ChatTransport] responseHandler called, data: {"type":"delta","content":"灵活","error":null,"message_id":"67c58e48-3c74-426d-98f8-dac32914bfaf","conversation_id":null,"itinerary":null,"stage":null} @ webpack-internal:///(app-pages-browser)/./lib/chat-transport.ts:115
[  216832ms] [LOG] [ChatTransport] onmessage triggered, has currentResponseHandler: true @ webpack-internal:///(app-pages-browser)/./lib/chat-transport.ts:37
[  216832ms] [LOG] [ChatTransport] responseHandler called, data: {"type":"delta","content":"调整","error":null,"message_id":"67c58e48-3c74-426d-98f8-dac32914bfaf","conversation_id":null,"itinerary":null,"stage":null} @ webpack-internal:///(app-pages-browser)/./lib/chat-transport.ts:115
[  216832ms] [LOG] [ChatTransport] onmessage triggered, has currentResponseHandler: true @ webpack-internal:///(app-pages-browser)/./lib/chat-transport.ts:37
[  216832ms] [LOG] [ChatTransport] responseHandler called, data: {"type":"delta","content":"：","error":null,"message_id":"67c58e48-3c74-426d-98f8-dac32914bfaf","conversation_id":null,"itinerary":null,"stage":null} @ webpack-internal:///(app-pages-browser)/./lib/chat-transport.ts:115
[  216833ms] [LOG] [ChatTransport] onmessage triggered, has currentResponseHandler: true @ webpack-internal:///(app-pages-browser)/./lib/chat-transport.ts:37
[  216833ms] [LOG] [ChatTransport] responseHandler called, data: {"type":"delta","content":"**","error":null,"message_id":"67c58e48-3c74-426d-98f8-dac32914bfaf","conversation_id":null,"itinerary":null,"stage":null} @ webpack-internal:///(app-pages-browser)/./lib/chat-transport.ts:115
[  216833ms] [LOG] [ChatTransport] onmessage triggered, has currentResponseHandler: true @ webpack-internal:///(app-pages-browser)/./lib/chat-transport.ts:37
[  216833ms] [LOG] [ChatTransport] responseHandler called, data: {"type":"delta","content":" ","error":null,"message_id":"67c58e48-3c74-426d-98f8-dac32914bfaf","conversation_id":null,"itinerary":null,"stage":null} @ webpack-internal:///(app-pages-browser)/./lib/chat-transport.ts:115
[  216834ms] [LOG] [ChatTransport] onmessage triggered, has currentResponseHandler: true @ webpack-internal:///(app-pages-browser)/./lib/chat-transport.ts:37
[  216834ms] [LOG] [ChatTransport] responseHandler called, data: {"type":"delta","content":"您","error":null,"message_id":"67c58e48-3c74-426d-98f8-dac32914bfaf","conversation_id":null,"itinerary":null,"stage":null} @ webpack-internal:///(app-pages-browser)/./lib/chat-transport.ts:115
[  216834ms] [LOG] [ChatTransport] onmessage triggered, has currentResponseHandler: true @ webpack-internal:///(app-pages-browser)/./lib/chat-transport.ts:37
[  216834ms] [LOG] [ChatTransport] responseHandler called, data: {"type":"delta","content":"可以根据","error":null,"message_id":"67c58e48-3c74-426d-98f8-dac32914bfaf","conversation_id":null,"itinerary":null,"stage":null} @ webpack-internal:///(app-pages-browser)/./lib/chat-transport.ts:115
[  216834ms] [LOG] [ChatTransport] onmessage triggered, has currentResponseHandler: true @ webpack-internal:///(app-pages-browser)/./lib/chat-transport.ts:37
[  216834ms] [LOG] [ChatTransport] responseHandler called, data: {"type":"delta","content":"自己的","error":null,"message_id":"67c58e48-3c74-426d-98f8-dac32914bfaf","conversation_id":null,"itinerary":null,"stage":null} @ webpack-internal:///(app-pages-browser)/./lib/chat-transport.ts:115
[  216835ms] [LOG] [ChatTransport] onmessage triggered, has currentResponseHandler: true @ webpack-internal:///(app-pages-browser)/./lib/chat-transport.ts:37
[  216835ms] [LOG] [ChatTransport] responseHandler called, data: {"type":"delta","content":"体","error":null,"message_id":"67c58e48-3c74-426d-98f8-dac32914bfaf","conversation_id":null,"itinerary":null,"stage":null} @ webpack-internal:///(app-pages-browser)/./lib/chat-transport.ts:115
[  216835ms] [LOG] [ChatTransport] onmessage triggered, has currentResponseHandler: true @ webpack-internal:///(app-pages-browser)/./lib/chat-transport.ts:37
[  216835ms] [LOG] [ChatTransport] responseHandler called, data: {"type":"delta","content":"力和","error":null,"message_id":"67c58e48-3c74-426d-98f8-dac32914bfaf","conversation_id":null,"itinerary":null,"stage":null} @ webpack-internal:///(app-pages-browser)/./lib/chat-transport.ts:115
[  216835ms] [LOG] [ChatTransport] onmessage triggered, has currentResponseHandler: true @ webpack-internal:///(app-pages-browser)/./lib/chat-transport.ts:37
[  216836ms] [LOG] [ChatTransport] responseHandler called, data: {"type":"delta","content":"兴趣","error":null,"message_id":"67c58e48-3c74-426d-98f8-dac32914bfaf","conversation_id":null,"itinerary":null,"stage":null} @ webpack-internal:///(app-pages-browser)/./lib/chat-transport.ts:115
[  216836ms] [LOG] [ChatTransport] onmessage triggered, has currentResponseHandler: true @ webpack-internal:///(app-pages-browser)/./lib/chat-transport.ts:37
[  216836ms] [LOG] [ChatTransport] responseHandler called, data: {"type":"delta","content":"，","error":null,"message_id":"67c58e48-3c74-426d-98f8-dac32914bfaf","conversation_id":null,"itinerary":null,"stage":null} @ webpack-internal:///(app-pages-browser)/./lib/chat-transport.ts:115
[  216836ms] [LOG] [ChatTransport] onmessage triggered, has currentResponseHandler: true @ webpack-internal:///(app-pages-browser)/./lib/chat-transport.ts:37
[  216836ms] [LOG] [ChatTransport] responseHandler called, data: {"type":"delta","content":"对","error":null,"message_id":"67c58e48-3c74-426d-98f8-dac32914bfaf","conversation_id":null,"itinerary":null,"stage":null} @ webpack-internal:///(app-pages-browser)/./lib/chat-transport.ts:115
[  216836ms] [LOG] [ChatTransport] onmessage triggered, has currentResponseHandler: true @ webpack-internal:///(app-pages-browser)/./lib/chat-transport.ts:37
[  216837ms] [LOG] [ChatTransport] responseHandler called, data: {"type":"delta","content":"第二天","error":null,"message_id":"67c58e48-3c74-426d-98f8-dac32914bfaf","conversation_id":null,"itinerary":null,"stage":null} @ webpack-internal:///(app-pages-browser)/./lib/chat-transport.ts:115
[  216837ms] [LOG] [ChatTransport] onmessage triggered, has currentResponseHandler: true @ webpack-internal:///(app-pages-browser)/./lib/chat-transport.ts:37
[  216837ms] [LOG] [ChatTransport] responseHandler called, data: {"type":"delta","content":"下午","error":null,"message_id":"67c58e48-3c74-426d-98f8-dac32914bfaf","conversation_id":null,"itinerary":null,"stage":null} @ webpack-internal:///(app-pages-browser)/./lib/chat-transport.ts:115
[  216837ms] [LOG] [ChatTransport] onmessage triggered, has currentResponseHandler: true @ webpack-internal:///(app-pages-browser)/./lib/chat-transport.ts:37
[  216837ms] [LOG] [ChatTransport] responseHandler called, data: {"type":"delta","content":"的","error":null,"message_id":"67c58e48-3c74-426d-98f8-dac32914bfaf","conversation_id":null,"itinerary":null,"stage":null} @ webpack-internal:///(app-pages-browser)/./lib/chat-transport.ts:115
[  216838ms] [LOG] [ChatTransport] onmessage triggered, has currentResponseHandler: true @ webpack-internal:///(app-pages-browser)/./lib/chat-transport.ts:37
[  216838ms] [LOG] [ChatTransport] responseHandler called, data: {"type":"delta","content":"“","error":null,"message_id":"67c58e48-3c74-426d-98f8-dac32914bfaf","conversation_id":null,"itinerary":null,"stage":null} @ webpack-internal:///(app-pages-browser)/./lib/chat-transport.ts:115
[  216838ms] [LOG] [ChatTransport] onmessage triggered, has currentResponseHandler: true @ webpack-internal:///(app-pages-browser)/./lib/chat-transport.ts:37
[  216838ms] [LOG] [ChatTransport] responseHandler called, data: {"type":"delta","content":"圆","error":null,"message_id":"67c58e48-3c74-426d-98f8-dac32914bfaf","conversation_id":null,"itinerary":null,"stage":null} @ webpack-internal:///(app-pages-browser)/./lib/chat-transport.ts:115
[  216838ms] [LOG] [ChatTransport] onmessage triggered, has currentResponseHandler: true @ webpack-internal:///(app-pages-browser)/./lib/chat-transport.ts:37
[  216839ms] [LOG] [ChatTransport] responseHandler called, data: {"type":"delta","content":"明","error":null,"message_id":"67c58e48-3c74-426d-98f8-dac32914bfaf","conversation_id":null,"itinerary":null,"stage":null} @ webpack-internal:///(app-pages-browser)/./lib/chat-transport.ts:115
[  216839ms] [LOG] [ChatTransport] onmessage triggered, has currentResponseHandler: true @ webpack-internal:///(app-pages-browser)/./lib/chat-transport.ts:37
[  216839ms] [LOG] [ChatTransport] responseHandler called, data: {"type":"delta","content":"园","error":null,"message_id":"67c58e48-3c74-426d-98f8-dac32914bfaf","conversation_id":null,"itinerary":null,"stage":null} @ webpack-internal:///(app-pages-browser)/./lib/chat-transport.ts:115
[  216839ms] [LOG] [ChatTransport] onmessage triggered, has currentResponseHandler: true @ webpack-internal:///(app-pages-browser)/./lib/chat-transport.ts:37
[  216839ms] [LOG] [ChatTransport] responseHandler called, data: {"type":"delta","content":"”","error":null,"message_id":"67c58e48-3c74-426d-98f8-dac32914bfaf","conversation_id":null,"itinerary":null,"stage":null} @ webpack-internal:///(app-pages-browser)/./lib/chat-transport.ts:115
[  216839ms] [LOG] [ChatTransport] onmessage triggered, has currentResponseHandler: true @ webpack-internal:///(app-pages-browser)/./lib/chat-transport.ts:37
[  216840ms] [LOG] [ChatTransport] responseHandler called, data: {"type":"delta","content":"和","error":null,"message_id":"67c58e48-3c74-426d-98f8-dac32914bfaf","conversation_id":null,"itinerary":null,"stage":null} @ webpack-internal:///(app-pages-browser)/./lib/chat-transport.ts:115
[  216862ms] [LOG] [ChatTransport] onmessage triggered, has currentResponseHandler: true @ webpack-internal:///(app-pages-browser)/./lib/chat-transport.ts:37
[  216862ms] [LOG] [ChatTransport] responseHandler called, data: {"type":"delta","content":"第三天","error":null,"message_id":"67c58e48-3c74-426d-98f8-dac32914bfaf","conversation_id":null,"itinerary":null,"stage":null} @ webpack-internal:///(app-pages-browser)/./lib/chat-transport.ts:115
[  216862ms] [LOG] [ChatTransport] onmessage triggered, has currentResponseHandler: true @ webpack-internal:///(app-pages-browser)/./lib/chat-transport.ts:37
[  216863ms] [LOG] [ChatTransport] responseHandler called, data: {"type":"delta","content":"下午","error":null,"message_id":"67c58e48-3c74-426d-98f8-dac32914bfaf","conversation_id":null,"itinerary":null,"stage":null} @ webpack-internal:///(app-pages-browser)/./lib/chat-transport.ts:115
[  216950ms] [LOG] [ChatTransport] onmessage triggered, has currentResponseHandler: true @ webpack-internal:///(app-pages-browser)/./lib/chat-transport.ts:37
[  216950ms] [LOG] [ChatTransport] responseHandler called, data: {"type":"delta","content":"的","error":null,"message_id":"67c58e48-3c74-426d-98f8-dac32914bfaf","conversation_id":null,"itinerary":null,"stage":null} @ webpack-internal:///(app-pages-browser)/./lib/chat-transport.ts:115
[  216970ms] [LOG] [ChatTransport] onmessage triggered, has currentResponseHandler: true @ webpack-internal:///(app-pages-browser)/./lib/chat-transport.ts:37
[  216971ms] [LOG] [ChatTransport] responseHandler called, data: {"type":"delta","content":"“","error":null,"message_id":"67c58e48-3c74-426d-98f8-dac32914bfaf","conversation_id":null,"itinerary":null,"stage":null} @ webpack-internal:///(app-pages-browser)/./lib/chat-transport.ts:115
[  216995ms] [LOG] [ChatTransport] onmessage triggered, has currentResponseHandler: true @ webpack-internal:///(app-pages-browser)/./lib/chat-transport.ts:37
[  216995ms] [LOG] [ChatTransport] responseHandler called, data: {"type":"delta","content":"天","error":null,"message_id":"67c58e48-3c74-426d-98f8-dac32914bfaf","conversation_id":null,"itinerary":null,"stage":null} @ webpack-internal:///(app-pages-browser)/./lib/chat-transport.ts:115
[  216995ms] [LOG] [ChatTransport] onmessage triggered, has currentResponseHandler: true @ webpack-internal:///(app-pages-browser)/./lib/chat-transport.ts:37
[  216996ms] [LOG] [ChatTransport] responseHandler called, data: {"type":"delta","content":"坛","error":null,"message_id":"67c58e48-3c74-426d-98f8-dac32914bfaf","conversation_id":null,"itinerary":null,"stage":null} @ webpack-internal:///(app-pages-browser)/./lib/chat-transport.ts:115
[  217013ms] [LOG] [ChatTransport] onmessage triggered, has currentResponseHandler: true @ webpack-internal:///(app-pages-browser)/./lib/chat-transport.ts:37
[  217014ms] [LOG] [ChatTransport] responseHandler called, data: {"type":"delta","content":"”","error":null,"message_id":"67c58e48-3c74-426d-98f8-dac32914bfaf","conversation_id":null,"itinerary":null,"stage":null} @ webpack-internal:///(app-pages-browser)/./lib/chat-transport.ts:115
[  217014ms] [LOG] [ChatTransport] onmessage triggered, has currentResponseHandler: true @ webpack-internal:///(app-pages-browser)/./lib/chat-transport.ts:37
[  217014ms] [LOG] [ChatTransport] responseHandler called, data: {"type":"delta","content":"进行","error":null,"message_id":"67c58e48-3c74-426d-98f8-dac32914bfaf","conversation_id":null,"itinerary":null,"stage":null} @ webpack-internal:///(app-pages-browser)/./lib/chat-transport.ts:115
[  217035ms] [LOG] [ChatTransport] onmessage triggered, has currentResponseHandler: true @ webpack-internal:///(app-pages-browser)/./lib/chat-transport.ts:37
[  217035ms] [LOG] [ChatTransport] responseHandler called, data: {"type":"delta","content":"取舍","error":null,"message_id":"67c58e48-3c74-426d-98f8-dac32914bfaf","conversation_id":null,"itinerary":null,"stage":null} @ webpack-internal:///(app-pages-browser)/./lib/chat-transport.ts:115
[  217046ms] [LOG] [ChatTransport] onmessage triggered, has currentResponseHandler: true @ webpack-internal:///(app-pages-browser)/./lib/chat-transport.ts:37
[  217046ms] [LOG] [ChatTransport] responseHandler called, data: {"type":"delta","content":"。\n","error":null,"message_id":"67c58e48-3c74-426d-98f8-dac32914bfaf","conversation_id":null,"itinerary":null,"stage":null} @ webpack-internal:///(app-pages-browser)/./lib/chat-transport.ts:115
[  217151ms] [LOG] [ChatTransport] onmessage triggered, has currentResponseHandler: true @ webpack-internal:///(app-pages-browser)/./lib/chat-transport.ts:37
[  217151ms] [LOG] [ChatTransport] responseHandler called, data: {"type":"delta","content":"4","error":null,"message_id":"67c58e48-3c74-426d-98f8-dac32914bfaf","conversation_id":null,"itinerary":null,"stage":null} @ webpack-internal:///(app-pages-browser)/./lib/chat-transport.ts:115
[  217168ms] [LOG] [ChatTransport] onmessage triggered, has currentResponseHandler: true @ webpack-internal:///(app-pages-browser)/./lib/chat-transport.ts:37
[  217168ms] [LOG] [ChatTransport] responseHandler called, data: {"type":"delta","content":".","error":null,"message_id":"67c58e48-3c74-426d-98f8-dac32914bfaf","conversation_id":null,"itinerary":null,"stage":null} @ webpack-internal:///(app-pages-browser)/./lib/chat-transport.ts:115
[  217185ms] [LOG] [ChatTransport] onmessage triggered, has currentResponseHandler: true @ webpack-internal:///(app-pages-browser)/./lib/chat-transport.ts:37
[  217186ms] [LOG] [ChatTransport] responseHandler called, data: {"type":"delta","content":" ","error":null,"message_id":"67c58e48-3c74-426d-98f8-dac32914bfaf","conversation_id":null,"itinerary":null,"stage":null} @ webpack-internal:///(app-pages-browser)/./lib/chat-transport.ts:115
[  217206ms] [LOG] [ChatTransport] onmessage triggered, has currentResponseHandler: true @ webpack-internal:///(app-pages-browser)/./lib/chat-transport.ts:37
[  217206ms] [LOG] [ChatTransport] responseHandler called, data: {"type":"delta","content":" **","error":null,"message_id":"67c58e48-3c74-426d-98f8-dac32914bfaf","conversation_id":null,"itinerary":null,"stage":null} @ webpack-internal:///(app-pages-browser)/./lib/chat-transport.ts:115
[  217227ms] [LOG] [ChatTransport] onmessage triggered, has currentResponseHandler: true @ webpack-internal:///(app-pages-browser)/./lib/chat-transport.ts:37
[  217227ms] [LOG] [ChatTransport] responseHandler called, data: {"type":"delta","content":"美食","error":null,"message_id":"67c58e48-3c74-426d-98f8-dac32914bfaf","conversation_id":null,"itinerary":null,"stage":null} @ webpack-internal:///(app-pages-browser)/./lib/chat-transport.ts:115
[  217242ms] [LOG] [ChatTransport] onmessage triggered, has currentResponseHandler: true @ webpack-internal:///(app-pages-browser)/./lib/chat-transport.ts:37
[  217242ms] [LOG] [ChatTransport] responseHandler called, data: {"type":"delta","content":"探索","error":null,"message_id":"67c58e48-3c74-426d-98f8-dac32914bfaf","conversation_id":null,"itinerary":null,"stage":null} @ webpack-internal:///(app-pages-browser)/./lib/chat-transport.ts:115
[  217280ms] [LOG] [ChatTransport] onmessage triggered, has currentResponseHandler: true @ webpack-internal:///(app-pages-browser)/./lib/chat-transport.ts:37
[  217280ms] [LOG] [ChatTransport] responseHandler called, data: {"type":"delta","content":"：","error":null,"message_id":"67c58e48-3c74-426d-98f8-dac32914bfaf","conversation_id":null,"itinerary":null,"stage":null} @ webpack-internal:///(app-pages-browser)/./lib/chat-transport.ts:115
[  217300ms] [LOG] [ChatTransport] onmessage triggered, has currentResponseHandler: true @ webpack-internal:///(app-pages-browser)/./lib/chat-transport.ts:37
[  217301ms] [LOG] [ChatTransport] responseHandler called, data: {"type":"delta","content":"**","error":null,"message_id":"67c58e48-3c74-426d-98f8-dac32914bfaf","conversation_id":null,"itinerary":null,"stage":null} @ webpack-internal:///(app-pages-browser)/./lib/chat-transport.ts:115
[  217342ms] [LOG] [ChatTransport] onmessage triggered, has currentResponseHandler: true @ webpack-internal:///(app-pages-browser)/./lib/chat-transport.ts:37
[  217342ms] [LOG] [ChatTransport] responseHandler called, data: {"type":"delta","content":" ","error":null,"message_id":"67c58e48-3c74-426d-98f8-dac32914bfaf","conversation_id":null,"itinerary":null,"stage":null} @ webpack-internal:///(app-pages-browser)/./lib/chat-transport.ts:115
[  217342ms] [LOG] [ChatTransport] onmessage triggered, has currentResponseHandler: true @ webpack-internal:///(app-pages-browser)/./lib/chat-transport.ts:37
[  217343ms] [LOG] [ChatTransport] responseHandler called, data: {"type":"delta","content":"除了","error":null,"message_id":"67c58e48-3c74-426d-98f8-dac32914bfaf","conversation_id":null,"itinerary":null,"stage":null} @ webpack-internal:///(app-pages-browser)/./lib/chat-transport.ts:115
[  217397ms] [LOG] [ChatTransport] onmessage triggered, has currentResponseHandler: true @ webpack-internal:///(app-pages-browser)/./lib/chat-transport.ts:37
[  217401ms] [LOG] [ChatTransport] responseHandler called, data: {"type":"delta","content":"提到的","error":null,"message_id":"67c58e48-3c74-426d-98f8-dac32914bfaf","conversation_id":null,"itinerary":null,"stage":null} @ webpack-internal:///(app-pages-browser)/./lib/chat-transport.ts:115
[  217605ms] [LOG] [ChatTransport] onmessage triggered, has currentResponseHandler: true @ webpack-internal:///(app-pages-browser)/./lib/chat-transport.ts:37
[  217605ms] [LOG] [ChatTransport] responseHandler called, data: {"type":"delta","content":"，","error":null,"message_id":"67c58e48-3c74-426d-98f8-dac32914bfaf","conversation_id":null,"itinerary":null,"stage":null} @ webpack-internal:///(app-pages-browser)/./lib/chat-transport.ts:115
[  217605ms] [LOG] [ChatTransport] onmessage triggered, has currentResponseHandler: true @ webpack-internal:///(app-pages-browser)/./lib/chat-transport.ts:37
[  217606ms] [LOG] [ChatTransport] responseHandler called, data: {"type":"delta","content":"还可以","error":null,"message_id":"67c58e48-3c74-426d-98f8-dac32914bfaf","conversation_id":null,"itinerary":null,"stage":null} @ webpack-internal:///(app-pages-browser)/./lib/chat-transport.ts:115
[  217617ms] [LOG] [ChatTransport] onmessage triggered, has currentResponseHandler: true @ webpack-internal:///(app-pages-browser)/./lib/chat-transport.ts:37
[  217617ms] [LOG] [ChatTransport] responseHandler called, data: {"type":"delta","content":"尝试","error":null,"message_id":"67c58e48-3c74-426d-98f8-dac32914bfaf","conversation_id":null,"itinerary":null,"stage":null} @ webpack-internal:///(app-pages-browser)/./lib/chat-transport.ts:115
[  217618ms] [LOG] [ChatTransport] onmessage triggered, has currentResponseHandler: true @ webpack-internal:///(app-pages-browser)/./lib/chat-transport.ts:37
[  217618ms] [LOG] [ChatTransport] responseHandler called, data: {"type":"delta","content":"寻找","error":null,"message_id":"67c58e48-3c74-426d-98f8-dac32914bfaf","conversation_id":null,"itinerary":null,"stage":null} @ webpack-internal:///(app-pages-browser)/./lib/chat-transport.ts:115
[  217644ms] [LOG] [ChatTransport] onmessage triggered, has currentResponseHandler: true @ webpack-internal:///(app-pages-browser)/./lib/chat-transport.ts:37
[  217644ms] [LOG] [ChatTransport] responseHandler called, data: {"type":"delta","content":"一些","error":null,"message_id":"67c58e48-3c74-426d-98f8-dac32914bfaf","conversation_id":null,"itinerary":null,"stage":null} @ webpack-internal:///(app-pages-browser)/./lib/chat-transport.ts:115
[  217697ms] [LOG] [ChatTransport] onmessage triggered, has currentResponseHandler: true @ webpack-internal:///(app-pages-browser)/./lib/chat-transport.ts:37
[  217697ms] [LOG] [ChatTransport] responseHandler called, data: {"type":"delta","content":"本地","error":null,"message_id":"67c58e48-3c74-426d-98f8-dac32914bfaf","conversation_id":null,"itinerary":null,"stage":null} @ webpack-internal:///(app-pages-browser)/./lib/chat-transport.ts:115
[  217703ms] [LOG] [ChatTransport] onmessage triggered, has currentResponseHandler: true @ webpack-internal:///(app-pages-browser)/./lib/chat-transport.ts:37
[  217704ms] [LOG] [ChatTransport] responseHandler called, data: {"type":"delta","content":"人","error":null,"message_id":"67c58e48-3c74-426d-98f8-dac32914bfaf","conversation_id":null,"itinerary":null,"stage":null} @ webpack-internal:///(app-pages-browser)/./lib/chat-transport.ts:115
[  217760ms] [LOG] [ChatTransport] onmessage triggered, has currentResponseHandler: true @ webpack-internal:///(app-pages-browser)/./lib/chat-transport.ts:37
[  217760ms] [LOG] [ChatTransport] responseHandler called, data: {"type":"delta","content":"常","error":null,"message_id":"67c58e48-3c74-426d-98f8-dac32914bfaf","conversation_id":null,"itinerary":null,"stage":null} @ webpack-internal:///(app-pages-browser)/./lib/chat-transport.ts:115
[  217764ms] [LOG] [ChatTransport] onmessage triggered, has currentResponseHandler: true @ webpack-internal:///(app-pages-browser)/./lib/chat-transport.ts:37
[  217764ms] [LOG] [ChatTransport] responseHandler called, data: {"type":"delta","content":"去","error":null,"message_id":"67c58e48-3c74-426d-98f8-dac32914bfaf","conversation_id":null,"itinerary":null,"stage":null} @ webpack-internal:///(app-pages-browser)/./lib/chat-transport.ts:115
[  217834ms] [LOG] [ChatTransport] onmessage triggered, has currentResponseHandler: true @ webpack-internal:///(app-pages-browser)/./lib/chat-transport.ts:37
[  217834ms] [LOG] [ChatTransport] responseHandler called, data: {"type":"delta","content":"的老","error":null,"message_id":"67c58e48-3c74-426d-98f8-dac32914bfaf","conversation_id":null,"itinerary":null,"stage":null} @ webpack-internal:///(app-pages-browser)/./lib/chat-transport.ts:115
[  217883ms] [LOG] [ChatTransport] onmessage triggered, has currentResponseHandler: true @ webpack-internal:///(app-pages-browser)/./lib/chat-transport.ts:37
[  217883ms] [LOG] [ChatTransport] responseHandler called, data: {"type":"delta","content":"牌","error":null,"message_id":"67c58e48-3c74-426d-98f8-dac32914bfaf","conversation_id":null,"itinerary":null,"stage":null} @ webpack-internal:///(app-pages-browser)/./lib/chat-transport.ts:115
[  217941ms] [LOG] [ChatTransport] onmessage triggered, has currentResponseHandler: true @ webpack-internal:///(app-pages-browser)/./lib/chat-transport.ts:37
[  217941ms] [LOG] [ChatTransport] responseHandler called, data: {"type":"delta","content":"餐馆","error":null,"message_id":"67c58e48-3c74-426d-98f8-dac32914bfaf","conversation_id":null,"itinerary":null,"stage":null} @ webpack-internal:///(app-pages-browser)/./lib/chat-transport.ts:115
[  217965ms] [LOG] [ChatTransport] onmessage triggered, has currentResponseHandler: true @ webpack-internal:///(app-pages-browser)/./lib/chat-transport.ts:37
[  217965ms] [LOG] [ChatTransport] responseHandler called, data: {"type":"delta","content":"，","error":null,"message_id":"67c58e48-3c74-426d-98f8-dac32914bfaf","conversation_id":null,"itinerary":null,"stage":null} @ webpack-internal:///(app-pages-browser)/./lib/chat-transport.ts:115
[  218006ms] [LOG] [ChatTransport] onmessage triggered, has currentResponseHandler: true @ webpack-internal:///(app-pages-browser)/./lib/chat-transport.ts:37
[  218006ms] [LOG] [ChatTransport] responseHandler called, data: {"type":"delta","content":"体验","error":null,"message_id":"67c58e48-3c74-426d-98f8-dac32914bfaf","conversation_id":null,"itinerary":null,"stage":null} @ webpack-internal:///(app-pages-browser)/./lib/chat-transport.ts:115
[  218066ms] [LOG] [ChatTransport] onmessage triggered, has currentResponseHandler: true @ webpack-internal:///(app-pages-browser)/./lib/chat-transport.ts:37
[  218066ms] [LOG] [ChatTransport] responseHandler called, data: {"type":"delta","content":"更","error":null,"message_id":"67c58e48-3c74-426d-98f8-dac32914bfaf","conversation_id":null,"itinerary":null,"stage":null} @ webpack-internal:///(app-pages-browser)/./lib/chat-transport.ts:115
[  218089ms] [LOG] [ChatTransport] onmessage triggered, has currentResponseHandler: true @ webpack-internal:///(app-pages-browser)/./lib/chat-transport.ts:37
[  218089ms] [LOG] [ChatTransport] responseHandler called, data: {"type":"delta","content":"地","error":null,"message_id":"67c58e48-3c74-426d-98f8-dac32914bfaf","conversation_id":null,"itinerary":null,"stage":null} @ webpack-internal:///(app-pages-browser)/./lib/chat-transport.ts:115
[  218127ms] [LOG] [ChatTransport] onmessage triggered, has currentResponseHandler: true @ webpack-internal:///(app-pages-browser)/./lib/chat-transport.ts:37
[  218127ms] [LOG] [ChatTransport] responseHandler called, data: {"type":"delta","content":"道的","error":null,"message_id":"67c58e48-3c74-426d-98f8-dac32914bfaf","conversation_id":null,"itinerary":null,"stage":null} @ webpack-internal:///(app-pages-browser)/./lib/chat-transport.ts:115
[  218150ms] [LOG] [ChatTransport] onmessage triggered, has currentResponseHandler: true @ webpack-internal:///(app-pages-browser)/./lib/chat-transport.ts:37
[  218150ms] [LOG] [ChatTransport] responseHandler called, data: {"type":"delta","content":"京","error":null,"message_id":"67c58e48-3c74-426d-98f8-dac32914bfaf","conversation_id":null,"itinerary":null,"stage":null} @ webpack-internal:///(app-pages-browser)/./lib/chat-transport.ts:115
[  218191ms] [LOG] [ChatTransport] onmessage triggered, has currentResponseHandler: true @ webpack-internal:///(app-pages-browser)/./lib/chat-transport.ts:37
[  218191ms] [LOG] [ChatTransport] responseHandler called, data: {"type":"delta","content":"味","error":null,"message_id":"67c58e48-3c74-426d-98f8-dac32914bfaf","conversation_id":null,"itinerary":null,"stage":null} @ webpack-internal:///(app-pages-browser)/./lib/chat-transport.ts:115
[  218211ms] [LOG] [ChatTransport] onmessage triggered, has currentResponseHandler: true @ webpack-internal:///(app-pages-browser)/./lib/chat-transport.ts:37
[  218211ms] [LOG] [ChatTransport] responseHandler called, data: {"type":"delta","content":"。\n\n","error":null,"message_id":"67c58e48-3c74-426d-98f8-dac32914bfaf","conversation_id":null,"itinerary":null,"stage":null} @ webpack-internal:///(app-pages-browser)/./lib/chat-transport.ts:115
[  218300ms] [LOG] [ChatTransport] onmessage triggered, has currentResponseHandler: true @ webpack-internal:///(app-pages-browser)/./lib/chat-transport.ts:37
[  218300ms] [LOG] [ChatTransport] responseHandler called, data: {"type":"delta","content":"如果您","error":null,"message_id":"67c58e48-3c74-426d-98f8-dac32914bfaf","conversation_id":null,"itinerary":null,"stage":null} @ webpack-internal:///(app-pages-browser)/./lib/chat-transport.ts:115
[  218318ms] [LOG] [ChatTransport] onmessage triggered, has currentResponseHandler: true @ webpack-internal:///(app-pages-browser)/./lib/chat-transport.ts:37
[  218319ms] [LOG] [ChatTransport] responseHandler called, data: {"type":"delta","content":"对","error":null,"message_id":"67c58e48-3c74-426d-98f8-dac32914bfaf","conversation_id":null,"itinerary":null,"stage":null} @ webpack-internal:///(app-pages-browser)/./lib/chat-transport.ts:115
[  218343ms] [LOG] [ChatTransport] onmessage triggered, has currentResponseHandler: true @ webpack-internal:///(app-pages-browser)/./lib/chat-transport.ts:37
[  218345ms] [LOG] [ChatTransport] responseHandler called, data: {"type":"delta","content":"其中","error":null,"message_id":"67c58e48-3c74-426d-98f8-dac32914bfaf","conversation_id":null,"itinerary":null,"stage":null} @ webpack-internal:///(app-pages-browser)/./lib/chat-transport.ts:115
[  218366ms] [LOG] [ChatTransport] onmessage triggered, has currentResponseHandler: true @ webpack-internal:///(app-pages-browser)/./lib/chat-transport.ts:37
[  218366ms] [LOG] [ChatTransport] responseHandler called, data: {"type":"delta","content":"某个","error":null,"message_id":"67c58e48-3c74-426d-98f8-dac32914bfaf","conversation_id":null,"itinerary":null,"stage":null} @ webpack-internal:///(app-pages-browser)/./lib/chat-transport.ts:115
[  218377ms] [LOG] [ChatTransport] onmessage triggered, has currentResponseHandler: true @ webpack-internal:///(app-pages-browser)/./lib/chat-transport.ts:37
[  218377ms] [LOG] [ChatTransport] responseHandler called, data: {"type":"delta","content":"景点","error":null,"message_id":"67c58e48-3c74-426d-98f8-dac32914bfaf","conversation_id":null,"itinerary":null,"stage":null} @ webpack-internal:///(app-pages-browser)/./lib/chat-transport.ts:115
[  218450ms] [LOG] [ChatTransport] onmessage triggered, has currentResponseHandler: true @ webpack-internal:///(app-pages-browser)/./lib/chat-transport.ts:37
[  218450ms] [LOG] [ChatTransport] responseHandler called, data: {"type":"delta","content":"（","error":null,"message_id":"67c58e48-3c74-426d-98f8-dac32914bfaf","conversation_id":null,"itinerary":null,"stage":null} @ webpack-internal:///(app-pages-browser)/./lib/chat-transport.ts:115
[  218490ms] [LOG] [ChatTransport] onmessage triggered, has currentResponseHandler: true @ webpack-internal:///(app-pages-browser)/./lib/chat-transport.ts:37
[  218491ms] [LOG] [ChatTransport] responseHandler called, data: {"type":"delta","content":"如","error":null,"message_id":"67c58e48-3c74-426d-98f8-dac32914bfaf","conversation_id":null,"itinerary":null,"stage":null} @ webpack-internal:///(app-pages-browser)/./lib/chat-transport.ts:115
[  218550ms] [LOG] [ChatTransport] onmessage triggered, has currentResponseHandler: true @ webpack-internal:///(app-pages-browser)/./lib/chat-transport.ts:37
[  218551ms] [LOG] [ChatTransport] responseHandler called, data: {"type":"delta","content":"具体的","error":null,"message_id":"67c58e48-3c74-426d-98f8-dac32914bfaf","conversation_id":null,"itinerary":null,"stage":null} @ webpack-internal:///(app-pages-browser)/./lib/chat-transport.ts:115
[  218611ms] [LOG] [ChatTransport] onmessage triggered, has currentResponseHandler: true @ webpack-internal:///(app-pages-browser)/./lib/chat-transport.ts:37
[  218611ms] [LOG] [ChatTransport] responseHandler called, data: {"type":"delta","content":"胡同","error":null,"message_id":"67c58e48-3c74-426d-98f8-dac32914bfaf","conversation_id":null,"itinerary":null,"stage":null} @ webpack-internal:///(app-pages-browser)/./lib/chat-transport.ts:115
[  218686ms] [LOG] [ChatTransport] onmessage triggered, has currentResponseHandler: true @ webpack-internal:///(app-pages-browser)/./lib/chat-transport.ts:37
[  218686ms] [LOG] [ChatTransport] responseHandler called, data: {"type":"delta","content":"区域","error":null,"message_id":"67c58e48-3c74-426d-98f8-dac32914bfaf","conversation_id":null,"itinerary":null,"stage":null} @ webpack-internal:///(app-pages-browser)/./lib/chat-transport.ts:115
[  218803ms] [LOG] [ChatTransport] onmessage triggered, has currentResponseHandler: true @ webpack-internal:///(app-pages-browser)/./lib/chat-transport.ts:37
[  218803ms] [LOG] [ChatTransport] responseHandler called, data: {"type":"delta","content":"、","error":null,"message_id":"67c58e48-3c74-426d-98f8-dac32914bfaf","conversation_id":null,"itinerary":null,"stage":null} @ webpack-internal:///(app-pages-browser)/./lib/chat-transport.ts:115
[  218819ms] [LOG] [ChatTransport] onmessage triggered, has currentResponseHandler: true @ webpack-internal:///(app-pages-browser)/./lib/chat-transport.ts:37
[  218820ms] [LOG] [ChatTransport] responseHandler called, data: {"type":"delta","content":"餐厅","error":null,"message_id":"67c58e48-3c74-426d-98f8-dac32914bfaf","conversation_id":null,"itinerary":null,"stage":null} @ webpack-internal:///(app-pages-browser)/./lib/chat-transport.ts:115
[  218836ms] [LOG] [ChatTransport] onmessage triggered, has currentResponseHandler: true @ webpack-internal:///(app-pages-browser)/./lib/chat-transport.ts:37
[  218836ms] [LOG] [ChatTransport] responseHandler called, data: {"type":"delta","content":"）","error":null,"message_id":"67c58e48-3c74-426d-98f8-dac32914bfaf","conversation_id":null,"itinerary":null,"stage":null} @ webpack-internal:///(app-pages-browser)/./lib/chat-transport.ts:115
[  218836ms] [LOG] [ChatTransport] onmessage triggered, has currentResponseHandler: true @ webpack-internal:///(app-pages-browser)/./lib/chat-transport.ts:37
[  218836ms] [LOG] [ChatTransport] responseHandler called, data: {"type":"delta","content":"想","error":null,"message_id":"67c58e48-3c74-426d-98f8-dac32914bfaf","conversation_id":null,"itinerary":null,"stage":null} @ webpack-internal:///(app-pages-browser)/./lib/chat-transport.ts:115
[  218876ms] [LOG] [ChatTransport] onmessage triggered, has currentResponseHandler: true @ webpack-internal:///(app-pages-browser)/./lib/chat-transport.ts:37
[  218876ms] [LOG] [ChatTransport] responseHandler called, data: {"type":"delta","content":"了解更多","error":null,"message_id":"67c58e48-3c74-426d-98f8-dac32914bfaf","conversation_id":null,"itinerary":null,"stage":null} @ webpack-internal:///(app-pages-browser)/./lib/chat-transport.ts:115
[  218900ms] [LOG] [ChatTransport] onmessage triggered, has currentResponseHandler: true @ webpack-internal:///(app-pages-browser)/./lib/chat-transport.ts:37
[  218900ms] [LOG] [ChatTransport] responseHandler called, data: {"type":"delta","content":"信息","error":null,"message_id":"67c58e48-3c74-426d-98f8-dac32914bfaf","conversation_id":null,"itinerary":null,"stage":null} @ webpack-internal:///(app-pages-browser)/./lib/chat-transport.ts:115
[  218927ms] [LOG] [ChatTransport] onmessage triggered, has currentResponseHandler: true @ webpack-internal:///(app-pages-browser)/./lib/chat-transport.ts:37
[  218928ms] [LOG] [ChatTransport] responseHandler called, data: {"type":"delta","content":"，","error":null,"message_id":"67c58e48-3c74-426d-98f8-dac32914bfaf","conversation_id":null,"itinerary":null,"stage":null} @ webpack-internal:///(app-pages-browser)/./lib/chat-transport.ts:115
[  218946ms] [LOG] [ChatTransport] onmessage triggered, has currentResponseHandler: true @ webpack-internal:///(app-pages-browser)/./lib/chat-transport.ts:37
[  218946ms] [LOG] [ChatTransport] responseHandler called, data: {"type":"delta","content":"或者","error":null,"message_id":"67c58e48-3c74-426d-98f8-dac32914bfaf","conversation_id":null,"itinerary":null,"stage":null} @ webpack-internal:///(app-pages-browser)/./lib/chat-transport.ts:115
[  218977ms] [LOG] [ChatTransport] onmessage triggered, has currentResponseHandler: true @ webpack-internal:///(app-pages-browser)/./lib/chat-transport.ts:37
[  218977ms] [LOG] [ChatTransport] responseHandler called, data: {"type":"delta","content":"需要","error":null,"message_id":"67c58e48-3c74-426d-98f8-dac32914bfaf","conversation_id":null,"itinerary":null,"stage":null} @ webpack-internal:///(app-pages-browser)/./lib/chat-transport.ts:115
[  218988ms] [LOG] [ChatTransport] onmessage triggered, has currentResponseHandler: true @ webpack-internal:///(app-pages-browser)/./lib/chat-transport.ts:37
[  218988ms] [LOG] [ChatTransport] responseHandler called, data: {"type":"delta","content":"我","error":null,"message_id":"67c58e48-3c74-426d-98f8-dac32914bfaf","conversation_id":null,"itinerary":null,"stage":null} @ webpack-internal:///(app-pages-browser)/./lib/chat-transport.ts:115
[  219079ms] [LOG] [ChatTransport] onmessage triggered, has currentResponseHandler: true @ webpack-internal:///(app-pages-browser)/./lib/chat-transport.ts:37
[  219079ms] [LOG] [ChatTransport] responseHandler called, data: {"type":"delta","content":"为您","error":null,"message_id":"67c58e48-3c74-426d-98f8-dac32914bfaf","conversation_id":null,"itinerary":null,"stage":null} @ webpack-internal:///(app-pages-browser)/./lib/chat-transport.ts:115
[  219079ms] [LOG] [ChatTransport] onmessage triggered, has currentResponseHandler: true @ webpack-internal:///(app-pages-browser)/./lib/chat-transport.ts:37
[  219080ms] [LOG] [ChatTransport] responseHandler called, data: {"type":"delta","content":"规划","error":null,"message_id":"67c58e48-3c74-426d-98f8-dac32914bfaf","conversation_id":null,"itinerary":null,"stage":null} @ webpack-internal:///(app-pages-browser)/./lib/chat-transport.ts:115
[  219114ms] [LOG] [ChatTransport] onmessage triggered, has currentResponseHandler: true @ webpack-internal:///(app-pages-browser)/./lib/chat-transport.ts:37
[  219114ms] [LOG] [ChatTransport] responseHandler called, data: {"type":"delta","content":"具体的","error":null,"message_id":"67c58e48-3c74-426d-98f8-dac32914bfaf","conversation_id":null,"itinerary":null,"stage":null} @ webpack-internal:///(app-pages-browser)/./lib/chat-transport.ts:115
[  219115ms] [LOG] [ChatTransport] onmessage triggered, has currentResponseHandler: true @ webpack-internal:///(app-pages-browser)/./lib/chat-transport.ts:37
[  219116ms] [LOG] [ChatTransport] responseHandler called, data: {"type":"delta","content":"每日","error":null,"message_id":"67c58e48-3c74-426d-98f8-dac32914bfaf","conversation_id":null,"itinerary":null,"stage":null} @ webpack-internal:///(app-pages-browser)/./lib/chat-transport.ts:115
[  219173ms] [LOG] [ChatTransport] onmessage triggered, has currentResponseHandler: true @ webpack-internal:///(app-pages-browser)/./lib/chat-transport.ts:37
[  219173ms] [LOG] [ChatTransport] responseHandler called, data: {"type":"delta","content":"交通","error":null,"message_id":"67c58e48-3c74-426d-98f8-dac32914bfaf","conversation_id":null,"itinerary":null,"stage":null} @ webpack-internal:///(app-pages-browser)/./lib/chat-transport.ts:115
[  219173ms] [LOG] [ChatTransport] onmessage triggered, has currentResponseHandler: true @ webpack-internal:///(app-pages-browser)/./lib/chat-transport.ts:37
[  219173ms] [LOG] [ChatTransport] responseHandler called, data: {"type":"delta","content":"路线","error":null,"message_id":"67c58e48-3c74-426d-98f8-dac32914bfaf","conversation_id":null,"itinerary":null,"stage":null} @ webpack-internal:///(app-pages-browser)/./lib/chat-transport.ts:115
[  219234ms] [LOG] [ChatTransport] onmessage triggered, has currentResponseHandler: true @ webpack-internal:///(app-pages-browser)/./lib/chat-transport.ts:37
[  219234ms] [LOG] [ChatTransport] responseHandler called, data: {"type":"delta","content":"，","error":null,"message_id":"67c58e48-3c74-426d-98f8-dac32914bfaf","conversation_id":null,"itinerary":null,"stage":null} @ webpack-internal:///(app-pages-browser)/./lib/chat-transport.ts:115
[  219245ms] [LOG] [ChatTransport] onmessage triggered, has currentResponseHandler: true @ webpack-internal:///(app-pages-browser)/./lib/chat-transport.ts:37
[  219245ms] [LOG] [ChatTransport] responseHandler called, data: {"type":"delta","content":"请","error":null,"message_id":"67c58e48-3c74-426d-98f8-dac32914bfaf","conversation_id":null,"itinerary":null,"stage":null} @ webpack-internal:///(app-pages-browser)/./lib/chat-transport.ts:115
[  219392ms] [LOG] [ChatTransport] onmessage triggered, has currentResponseHandler: true @ webpack-internal:///(app-pages-browser)/./lib/chat-transport.ts:37
[  219395ms] [LOG] [ChatTransport] responseHandler called, data: {"type":"delta","content":"随时","error":null,"message_id":"67c58e48-3c74-426d-98f8-dac32914bfaf","conversation_id":null,"itinerary":null,"stage":null} @ webpack-internal:///(app-pages-browser)/./lib/chat-transport.ts:115
[  219413ms] [LOG] [ChatTransport] onmessage triggered, has currentResponseHandler: true @ webpack-internal:///(app-pages-browser)/./lib/chat-transport.ts:37
[  219413ms] [LOG] [ChatTransport] responseHandler called, data: {"type":"delta","content":"告诉我","error":null,"message_id":"67c58e48-3c74-426d-98f8-dac32914bfaf","conversation_id":null,"itinerary":null,"stage":null} @ webpack-internal:///(app-pages-browser)/./lib/chat-transport.ts:115
[  219447ms] [LOG] [ChatTransport] onmessage triggered, has currentResponseHandler: true @ webpack-internal:///(app-pages-browser)/./lib/chat-transport.ts:37
[  219447ms] [LOG] [ChatTransport] responseHandler called, data: {"type":"delta","content":"！","error":null,"message_id":"67c58e48-3c74-426d-98f8-dac32914bfaf","conversation_id":null,"itinerary":null,"stage":null} @ webpack-internal:///(app-pages-browser)/./lib/chat-transport.ts:115
[  219447ms] [LOG] [ChatTransport] onmessage triggered, has currentResponseHandler: true @ webpack-internal:///(app-pages-browser)/./lib/chat-transport.ts:37
[  219448ms] [LOG] [ChatTransport] responseHandler called, data: {"type":"stage","content":null,"error":null,"message_id":"67c58e48-3c74-426d-98f8-dac32914bfaf","conversation_id":null,"itinerary":null,"stage":{"name":"7_CTX_MANAGE","status":"start","label":"📊 上下文管理","message":"正在管理上下文窗口..."}} @ webpack-internal:///(app-pages-browser)/./lib/chat-transport.ts:115
[  219448ms] [LOG] [ChatTransport] Stage update: {name: 7_CTX_MANAGE, status: start, label: 📊 上下文管理, message: 正在管理上下文窗口...} @ webpack-internal:///(app-pages-browser)/./lib/chat-transport.ts:125
[  219449ms] [LOG] [ChatTransport] onmessage triggered, has currentResponseHandler: true @ webpack-internal:///(app-pages-browser)/./lib/chat-transport.ts:37
[  219449ms] [LOG] [ChatTransport] responseHandler called, data: {"type":"stage","content":null,"error":null,"message_id":"67c58e48-3c74-426d-98f8-dac32914bfaf","conversation_id":null,"itinerary":null,"stage":{"name":"8_MEMORY","status":"start","label":"💾 记忆更新","message":"正在更新记忆信息..."}} @ webpack-internal:///(app-pages-browser)/./lib/chat-transport.ts:115
[  219449ms] [LOG] [ChatTransport] Stage update: {name: 8_MEMORY, status: start, label: 💾 记忆更新, message: 正在更新记忆信息...} @ webpack-internal:///(app-pages-browser)/./lib/chat-transport.ts:125
[  219450ms] [LOG] [ChatTransport] onmessage triggered, has currentResponseHandler: true @ webpack-internal:///(app-pages-browser)/./lib/chat-transport.ts:37
[  219450ms] [LOG] [ChatTransport] responseHandler called, data: {"type":"done","content":"好的，根据您的要求和刚刚查询到的北京未来几天的天气情况，我为您规划一个经典的北京3日游行程。这个行程兼顾了历史文化、现代风貌和美食体验，并充分考虑了天气因素。\n\n### **北京3日游经典行程规划**\n\n**天气提示：** 根据预报，您在北京的这几天天气总体不错。第一天上午有雾，请注意行车安全；第二天和第三天都是晴朗或多云的好天气，非常适合户外游览和拍照。\n\n---\n\n#### **第一天：皇城根下的历史漫步**\n*   **上午：天安门广场 & 故宫博物院**\n    *   **活动：** 参观世界上最大的城市广场——天安门广场，随后从午门进入故宫（建议提前在网上预约门票）。沿着中轴线游览太和殿、乾清宫、御花园等，感受明清两代的皇家气派。\n    *   **贴士：** 故宫面积巨大，建议游览3-4小时，穿舒适的鞋子。上午可能有雾，但进入故宫后影响不大。\n*   **午餐：** 可以在故宫附近的“四季民福烤鸭店（故宫店）”品尝北京烤鸭，或者前往王府井大街解决。\n*   **下午：景山公园**\n    *   **活动：** 从故宫神武门出来，对面就是景山公园。登上万春亭，俯瞰故宫全景和北京中轴线，这是拍摄故宫全貌的绝佳位置。\n*   **晚上：王府井大街**\n    *   **活动：** 逛逛著名的王府井商业街，可以参观王府井教堂，在步行街上感受现代北京的繁华，晚餐可以选择东来顺涮肉或其他老字号。\n\n#### **第二天：皇家园林与奥运风采**\n*   **上午：颐和园**\n    *   **活动：** 利用晴朗的好天气，游览中国现存最完整的皇家园林。建议从东宫门进入，重点游览仁寿殿、长廊、佛香阁、昆明湖和十七孔桥。天气好时，湖光山色格外美丽。\n    *   **贴士：** 天气晴朗，适合拍照，记得做好防晒。\n*   **午餐：** 可在颐和园附近或前往下一站奥林匹克公园周边用餐。\n*   **下午：圆明园**\n    *   **活动：** 与颐和园相邻，可参观西洋楼遗址，感受历史的沧桑。如果时间紧张或体力有限，此站可作为备选。\n*   **傍晚至晚上：奥林匹克公园**\n    *   **活动：** 参观鸟巢（国家体育场）和水立方（国家游泳中心）的外景。夜晚灯光亮起时格外壮观，是拍摄现代北京标志性建筑的好时机。可以在公园内散步，感受奥运氛围。\n\n#### **第三天：市井文化与深度体验**\n*   **上午：什刹海 & 胡同游**\n    *   **活动：** 乘坐三轮车穿梭于老北京胡同（如烟袋斜街、南锣鼓巷周边），参观恭王府（“一座恭王府，半部清朝史”），感受市井文化。在什刹海边散步，天气多云，非常舒适。\n*   **午餐：** 在什刹海或鼓楼附近品尝老北京小吃，如爆肚、卤煮、炸酱面等。\n*   **下午：天坛公园**\n    *   **活动：** 游览明清皇帝祭天的场所。沿着中轴线参观圜丘坛、皇穹宇（回音壁）和祈年殿，感受古代建筑艺术的精妙与庄严。\n*   **晚上：前门大街 & 大栅栏**\n    *   **活动：** 作为行程的终点，在这里购买一些北京特产（如稻香村点心、六必居酱菜），感受老字号商业街的风情，并享用一顿丰盛的告别晚餐。\n\n---\n\n### **行程优化建议：**\n\n1.  **交通：** 北京景点间距离较远，建议以地铁为主要交通工具（使用“亿通行”APP扫码乘车），辅以出租车或网约车。\n2.  **门票：** **故宫、恭王府、天坛等热门景点务必提前在线实名预约！** 现场很可能买不到票。\n3.  **灵活调整：** 您可以根据自己的体力和兴趣，对第二天下午的“圆明园”和第三天下午的“天坛”进行取舍。\n4.  **美食探索：** 除了提到的，还可以尝试寻找一些本地人常去的老牌餐馆，体验更地道的京味。\n\n如果您对其中某个景点（如具体的胡同区域、餐厅）想了解更多信息，或者需要我为您规划具体的每日交通路线，请随时告诉我！","error":null,"message_id":"67c58e48-3c74-426d-98f8-dac32914bfaf","conversation_id":"213c867c-a263-4e86-b43c-277c3e9afa62","itinerary":null,"stage":null} @ webpack-internal:///(app-pages-browser)/./lib/chat-transport.ts:115
[  219451ms] [LOG] [ChatTransport] Updated conversation_id: 213c867c-a263-4e86-b43c-277c3e9afa62 @ webpack-internal:///(app-pages-browser)/./lib/chat-transport.ts:143
[  222617ms] [LOG] [ChatTransport] onmessage triggered, has currentResponseHandler: false @ webpack-internal:///(app-pages-browser)/./lib/chat-transport.ts:37
[  222617ms] [LOG] [ChatTransport] No currentResponseHandler, message ignored: {"type":"title_update","content":"北京三日游行程规划","error":null,"message_id":null,"conversation_id":"213c867c-a263-4e86-b43c-277c3e9afa62","itinerary":null,"stage":null} @ webpack-internal:///(app-pages-browser)/./lib/chat-transport.ts:41
[  283753ms] [LOG] [Fast Refresh] rebuilding @ webpack-internal:///(app-pages-browser)/./node_modules/next/dist/client/dev/hot-reloader/app/hot-reloader-app.js:196
[  284838ms] [LOG] [Fast Refresh] done in 1085ms @ webpack-internal:///(app-pages-browser)/./node_modules/next/dist/client/dev/report-hmr-latency.js:13
[  317532ms] [LOG] [Fast Refresh] rebuilding @ webpack-internal:///(app-pages-browser)/./node_modules/next/dist/client/dev/hot-reloader/app/hot-reloader-app.js:196
[  318111ms] [LOG] [Fast Refresh] done in 579ms @ webpack-internal:///(app-pages-browser)/./node_modules/next/dist/client/dev/report-hmr-latency.js:13
[  345809ms] [LOG] [Fast Refresh] rebuilding @ webpack-internal:///(app-pages-browser)/./node_modules/next/dist/client/dev/hot-reloader/app/hot-reloader-app.js:196
[  346309ms] [LOG] [Fast Refresh] done in 500ms @ webpack-internal:///(app-pages-browser)/./node_modules/next/dist/client/dev/report-hmr-latency.js:13
