[     500ms] [INFO] %cDownload the React DevTools for a better development experience: https://react.dev/link/react-devtools font-weight:bold @ webpack-internal:///(app-pages-browser)/./node_modules/next/dist/compiled/react-dom/cjs/react-dom-client.development.js:25630
[    1083ms] [LOG] [Auth] Synced user ID to userManager on init: f62f4ec5-1874-4821-97e9-b2c70b35805d @ webpack-internal:///(app-pages-browser)/./lib/store/auth-store.ts:59
[    1130ms] [LOG] [Chat] Store conversation changed: 5d6449b1-fd30-462d-b697-59f82b49f44c @ webpack-internal:///(app-pages-browser)/./app/chat/page.tsx:162
[    1133ms] [WARNING] WebSocket connection to 'ws://localhost:8000/ws/chat' failed: WebSocket is closed before the connection is established. @ webpack-internal:///(app-pages-browser)/./lib/chat-transport.ts:84
[    1136ms] [LOG] [Chat] Store conversation changed: 5d6449b1-fd30-462d-b697-59f82b49f44c @ webpack-internal:///(app-pages-browser)/./app/chat/page.tsx:162
[    1158ms] [ERROR] [ChatTransport] WebSocket error: Event @ webpack-internal:///(app-pages-browser)/./node_modules/next/dist/next-devtools/userspace/app/errors/intercept-console-error.js:56
[    1159ms] [ERROR] Event @ webpack-internal:///(app-pages-browser)/./node_modules/next/dist/next-devtools/userspace/app/errors/intercept-console-error.js:56
[    1159ms] [LOG] [ChatTransport] WebSocket disconnected 1006  @ webpack-internal:///(app-pages-browser)/./lib/chat-transport.ts:63
[    1159ms] [LOG] [ChatTransport] Reconnecting... (1/5) @ webpack-internal:///(app-pages-browser)/./lib/chat-transport.ts:69
[    1252ms] [LOG] [Chat] User initialized: f62f4ec5-1874-4821-97e9-b2c70b35805d @ webpack-internal:///(app-pages-browser)/./app/chat/page.tsx:55
[    1252ms] [LOG] [Chat] User initialized: f62f4ec5-1874-4821-97e9-b2c70b35805d @ webpack-internal:///(app-pages-browser)/./app/chat/page.tsx:55
[    1274ms] [LOG] [Chat] User ID set to transport: f62f4ec5-1874-4821-97e9-b2c70b35805d @ webpack-internal:///(app-pages-browser)/./app/chat/page.tsx:98
[    1461ms] [LOG] [ChatTransport] WebSocket connected @ webpack-internal:///(app-pages-browser)/./lib/chat-transport.ts:29
[    2485ms] [LOG] [ChatTransport] WebSocket connected @ webpack-internal:///(app-pages-browser)/./lib/chat-transport.ts:29
[   40563ms] [LOG] [Chat] Store conversation changed: c9b60305-5275-4c4a-9f83-1d5b93707c97 @ webpack-internal:///(app-pages-browser)/./app/chat/page.tsx:162
[   40565ms] [LOG] [ChatPage] handleConversationSelect called: {conversationId: c9b60305-5275-4c4a-9f83-1d5b93707c97, currentConversationId: 5d6449b1-fd30-462d-b697-59f82b49f44c, isLoading: false} @ webpack-internal:///(app-pages-browser)/./app/chat/page.tsx:428
[   40566ms] [LOG] [ChatPage] Loading messages for conversation: c9b60305-5275-4c4a-9f83-1d5b93707c97 @ webpack-internal:///(app-pages-browser)/./app/chat/page.tsx:468
[   40596ms] [LOG] [ChatPage] Messages loaded: 0 @ webpack-internal:///(app-pages-browser)/./app/chat/page.tsx:472
[   62943ms] [LOG] [ChatTransport] sendMessage called, content: 东京有什么好吃的？ @ webpack-internal:///(app-pages-browser)/./lib/chat-transport.ts:109
[   62943ms] [LOG] [ChatTransport] isConnected: true ws.readyState: 1 @ webpack-internal:///(app-pages-browser)/./lib/chat-transport.ts:110
[   62943ms] [LOG] [ChatTransport] has_image: false @ webpack-internal:///(app-pages-browser)/./lib/chat-transport.ts:111
[   62943ms] [LOG] [ChatTransport] Sending WebSocket message: msg_1776427655203_848l5tj 东京有什么好吃的？ @ webpack-internal:///(app-pages-browser)/./lib/chat-transport.ts:126
[   62943ms] [LOG] [ChatTransport] Setting currentResponseHandler @ webpack-internal:///(app-pages-browser)/./lib/chat-transport.ts:179
[   62944ms] [LOG] [ChatTransport] send() called, isConnected: true readyState: 1 @ webpack-internal:///(app-pages-browser)/./lib/chat-transport.ts:97
[   62944ms] [LOG] [ChatTransport] Sending WebSocket data: {"type":"message","session_id":"session_1776427593394_wx4xczz","conversation_id":"c9b60305-5275-4c4a-9f83-1d5b93707c97","user_id":"f62f4ec5-1874-4821-97e9-b2c70b35805d","content":"东京有什么好吃的？","has_image":false} @ webpack-internal:///(app-pages-browser)/./lib/chat-transport.ts:99
[   62956ms] [LOG] [ChatTransport] onmessage triggered, has currentResponseHandler: true @ webpack-internal:///(app-pages-browser)/./lib/chat-transport.ts:41
[   62956ms] [LOG] [ChatTransport] responseHandler called, data: {"type":"stage","content":null,"error":null,"message_id":"b40886c2-4177-43b6-a265-38de845671c7","conversation_id":null,"itinerary":null,"stage":{"name":"1_INTENT","status":"start","label":"🔍 意图识别","message":"正在分析您的需求..."}} @ webpack-internal:///(app-pages-browser)/./lib/chat-transport.ts:137
[   62956ms] [LOG] [ChatTransport] Stage update: {name: 1_INTENT, status: start, label: 🔍 意图识别, message: 正在分析您的需求...} @ webpack-internal:///(app-pages-browser)/./lib/chat-transport.ts:147
[   62967ms] [LOG] [ChatTransport] onmessage triggered, has currentResponseHandler: true @ webpack-internal:///(app-pages-browser)/./lib/chat-transport.ts:41
[   62967ms] [LOG] [ChatTransport] responseHandler called, data: {"type":"stage","content":null,"error":null,"message_id":"b40886c2-4177-43b6-a265-38de845671c7","conversation_id":null,"itinerary":null,"stage":{"name":"1_INTENT","status":"end","label":"🔍 意图识别","message":"正在分析您的需求..."}} @ webpack-internal:///(app-pages-browser)/./lib/chat-transport.ts:137
[   62967ms] [LOG] [ChatTransport] Stage update: {name: 1_INTENT, status: end, label: 🔍 意图识别, message: 正在分析您的需求...} @ webpack-internal:///(app-pages-browser)/./lib/chat-transport.ts:147
[   62967ms] [LOG] [ChatTransport] onmessage triggered, has currentResponseHandler: true @ webpack-internal:///(app-pages-browser)/./lib/chat-transport.ts:41
[   62967ms] [LOG] [ChatTransport] responseHandler called, data: {"type":"stage","content":null,"error":null,"message_id":"b40886c2-4177-43b6-a265-38de845671c7","conversation_id":null,"itinerary":null,"stage":{"name":"2_STORAGE","status":"start","label":"📚 加载历史","message":"正在加载对话历史..."}} @ webpack-internal:///(app-pages-browser)/./lib/chat-transport.ts:137
[   62967ms] [LOG] [ChatTransport] Stage update: {name: 2_STORAGE, status: start, label: 📚 加载历史, message: 正在加载对话历史...} @ webpack-internal:///(app-pages-browser)/./lib/chat-transport.ts:147
[   62978ms] [LOG] [ChatTransport] onmessage triggered, has currentResponseHandler: true @ webpack-internal:///(app-pages-browser)/./lib/chat-transport.ts:41
[   62978ms] [LOG] [ChatTransport] responseHandler called, data: {"type":"stage","content":null,"error":null,"message_id":"b40886c2-4177-43b6-a265-38de845671c7","conversation_id":null,"itinerary":null,"stage":{"name":"2_STORAGE","status":"end","label":"📚 加载历史","message":"正在加载对话历史..."}} @ webpack-internal:///(app-pages-browser)/./lib/chat-transport.ts:137
[   62978ms] [LOG] [ChatTransport] Stage update: {name: 2_STORAGE, status: end, label: 📚 加载历史, message: 正在加载对话历史...} @ webpack-internal:///(app-pages-browser)/./lib/chat-transport.ts:147
[   62978ms] [LOG] [ChatTransport] onmessage triggered, has currentResponseHandler: true @ webpack-internal:///(app-pages-browser)/./lib/chat-transport.ts:41
[   62978ms] [LOG] [ChatTransport] responseHandler called, data: {"type":"stage","content":null,"error":null,"message_id":"b40886c2-4177-43b6-a265-38de845671c7","conversation_id":null,"itinerary":null,"stage":{"name":"3_CTX_CLEAN","status":"start","label":"🧹 上下文清理","message":"正在整理上下文信息..."}} @ webpack-internal:///(app-pages-browser)/./lib/chat-transport.ts:137
[   62978ms] [LOG] [ChatTransport] Stage update: {name: 3_CTX_CLEAN, status: start, label: 🧹 上下文清理, message: 正在整理上下文信息...} @ webpack-internal:///(app-pages-browser)/./lib/chat-transport.ts:147
[   62978ms] [LOG] [ChatTransport] onmessage triggered, has currentResponseHandler: true @ webpack-internal:///(app-pages-browser)/./lib/chat-transport.ts:41
[   62978ms] [LOG] [ChatTransport] responseHandler called, data: {"type":"stage","content":null,"error":null,"message_id":"b40886c2-4177-43b6-a265-38de845671c7","conversation_id":null,"itinerary":null,"stage":{"name":"3_CTX_CLEAN","status":"skip","label":"🧹 上下文清理","message":"正在整理上下文信息..."}} @ webpack-internal:///(app-pages-browser)/./lib/chat-transport.ts:137
[   62978ms] [LOG] [ChatTransport] Stage update: {name: 3_CTX_CLEAN, status: skip, label: 🧹 上下文清理, message: 正在整理上下文信息...} @ webpack-internal:///(app-pages-browser)/./lib/chat-transport.ts:147
[   62978ms] [LOG] [ChatTransport] onmessage triggered, has currentResponseHandler: true @ webpack-internal:///(app-pages-browser)/./lib/chat-transport.ts:41
[   62978ms] [LOG] [ChatTransport] responseHandler called, data: {"type":"stage","content":null,"error":null,"message_id":"b40886c2-4177-43b6-a265-38de845671c7","conversation_id":null,"itinerary":null,"stage":{"name":"4_TOOLS","status":"start","label":"🔧 工具调用","message":"正在获取实时数据..."}} @ webpack-internal:///(app-pages-browser)/./lib/chat-transport.ts:137
[   62978ms] [LOG] [ChatTransport] Stage update: {name: 4_TOOLS, status: start, label: 🔧 工具调用, message: 正在获取实时数据...} @ webpack-internal:///(app-pages-browser)/./lib/chat-transport.ts:147
[   62978ms] [LOG] [ChatTransport] onmessage triggered, has currentResponseHandler: true @ webpack-internal:///(app-pages-browser)/./lib/chat-transport.ts:41
[   62978ms] [LOG] [ChatTransport] responseHandler called, data: {"type":"stage","content":null,"error":null,"message_id":"b40886c2-4177-43b6-a265-38de845671c7","conversation_id":null,"itinerary":null,"stage":{"name":"4_TOOLS","status":"skip","label":"🔧 工具调用","message":"正在获取实时数据..."}} @ webpack-internal:///(app-pages-browser)/./lib/chat-transport.ts:137
[   62978ms] [LOG] [ChatTransport] Stage update: {name: 4_TOOLS, status: skip, label: 🔧 工具调用, message: 正在获取实时数据...} @ webpack-internal:///(app-pages-browser)/./lib/chat-transport.ts:147
[   62978ms] [LOG] [ChatTransport] onmessage triggered, has currentResponseHandler: true @ webpack-internal:///(app-pages-browser)/./lib/chat-transport.ts:41
[   62978ms] [LOG] [ChatTransport] responseHandler called, data: {"type":"stage","content":null,"error":null,"message_id":"b40886c2-4177-43b6-a265-38de845671c7","conversation_id":null,"itinerary":null,"stage":{"name":"4_TOOLS","status":"end","label":"🔧 工具调用","message":"正在获取实时数据..."}} @ webpack-internal:///(app-pages-browser)/./lib/chat-transport.ts:137
[   62978ms] [LOG] [ChatTransport] Stage update: {name: 4_TOOLS, status: end, label: 🔧 工具调用, message: 正在获取实时数据...} @ webpack-internal:///(app-pages-browser)/./lib/chat-transport.ts:147
[   62978ms] [LOG] [ChatTransport] onmessage triggered, has currentResponseHandler: true @ webpack-internal:///(app-pages-browser)/./lib/chat-transport.ts:41
[   62978ms] [LOG] [ChatTransport] responseHandler called, data: {"type":"stage","content":null,"error":null,"message_id":"b40886c2-4177-43b6-a265-38de845671c7","conversation_id":null,"itinerary":null,"stage":{"name":"5_CONTEXT","status":"start","label":"🔗 整合信息","message":"正在整合相关信息..."}} @ webpack-internal:///(app-pages-browser)/./lib/chat-transport.ts:137
[   62978ms] [LOG] [ChatTransport] Stage update: {name: 5_CONTEXT, status: start, label: 🔗 整合信息, message: 正在整合相关信息...} @ webpack-internal:///(app-pages-browser)/./lib/chat-transport.ts:147
[   62978ms] [LOG] [ChatTransport] onmessage triggered, has currentResponseHandler: true @ webpack-internal:///(app-pages-browser)/./lib/chat-transport.ts:41
[   62979ms] [LOG] [ChatTransport] responseHandler called, data: {"type":"stage","content":null,"error":null,"message_id":"b40886c2-4177-43b6-a265-38de845671c7","conversation_id":null,"itinerary":null,"stage":{"name":"5_CONTEXT","status":"end","label":"🔗 整合信息","message":"正在整合相关信息..."}} @ webpack-internal:///(app-pages-browser)/./lib/chat-transport.ts:137
[   62979ms] [LOG] [ChatTransport] Stage update: {name: 5_CONTEXT, status: end, label: 🔗 整合信息, message: 正在整合相关信息...} @ webpack-internal:///(app-pages-browser)/./lib/chat-transport.ts:147
[   62979ms] [LOG] [ChatTransport] onmessage triggered, has currentResponseHandler: true @ webpack-internal:///(app-pages-browser)/./lib/chat-transport.ts:41
[   62979ms] [LOG] [ChatTransport] responseHandler called, data: {"type":"stage","content":null,"error":null,"message_id":"b40886c2-4177-43b6-a265-38de845671c7","conversation_id":null,"itinerary":null,"stage":{"name":"6_LLM","status":"start","label":"✨ 生成回复","message":"正在生成回复内容..."}} @ webpack-internal:///(app-pages-browser)/./lib/chat-transport.ts:137
[   62979ms] [LOG] [ChatTransport] Stage update: {name: 6_LLM, status: start, label: ✨ 生成回复, message: 正在生成回复内容...} @ webpack-internal:///(app-pages-browser)/./lib/chat-transport.ts:147
[   64065ms] [LOG] [ChatTransport] onmessage triggered, has currentResponseHandler: true @ webpack-internal:///(app-pages-browser)/./lib/chat-transport.ts:41
[   64065ms] [LOG] [ChatTransport] responseHandler called, data: {"type":"delta","content":"我来","error":null,"message_id":"b40886c2-4177-43b6-a265-38de845671c7","conversation_id":null,"itinerary":null,"stage":null} @ webpack-internal:///(app-pages-browser)/./lib/chat-transport.ts:137
[   64696ms] [LOG] [ChatTransport] onmessage triggered, has currentResponseHandler: true @ webpack-internal:///(app-pages-browser)/./lib/chat-transport.ts:41
[   64696ms] [LOG] [ChatTransport] responseHandler called, data: {"type":"delta","content":"帮","error":null,"message_id":"b40886c2-4177-43b6-a265-38de845671c7","conversation_id":null,"itinerary":null,"stage":null} @ webpack-internal:///(app-pages-browser)/./lib/chat-transport.ts:137
[   64704ms] [LOG] [ChatTransport] onmessage triggered, has currentResponseHandler: true @ webpack-internal:///(app-pages-browser)/./lib/chat-transport.ts:41
[   64704ms] [LOG] [ChatTransport] responseHandler called, data: {"type":"delta","content":"您","error":null,"message_id":"b40886c2-4177-43b6-a265-38de845671c7","conversation_id":null,"itinerary":null,"stage":null} @ webpack-internal:///(app-pages-browser)/./lib/chat-transport.ts:137
[   64714ms] [LOG] [ChatTransport] onmessage triggered, has currentResponseHandler: true @ webpack-internal:///(app-pages-browser)/./lib/chat-transport.ts:41
[   64714ms] [LOG] [ChatTransport] responseHandler called, data: {"type":"delta","content":"查询","error":null,"message_id":"b40886c2-4177-43b6-a265-38de845671c7","conversation_id":null,"itinerary":null,"stage":null} @ webpack-internal:///(app-pages-browser)/./lib/chat-transport.ts:137
[   64761ms] [LOG] [ChatTransport] onmessage triggered, has currentResponseHandler: true @ webpack-internal:///(app-pages-browser)/./lib/chat-transport.ts:41
[   64761ms] [LOG] [ChatTransport] responseHandler called, data: {"type":"delta","content":"东京","error":null,"message_id":"b40886c2-4177-43b6-a265-38de845671c7","conversation_id":null,"itinerary":null,"stage":null} @ webpack-internal:///(app-pages-browser)/./lib/chat-transport.ts:137
[   64769ms] [LOG] [ChatTransport] onmessage triggered, has currentResponseHandler: true @ webpack-internal:///(app-pages-browser)/./lib/chat-transport.ts:41
[   64769ms] [LOG] [ChatTransport] responseHandler called, data: {"type":"delta","content":"的美食","error":null,"message_id":"b40886c2-4177-43b6-a265-38de845671c7","conversation_id":null,"itinerary":null,"stage":null} @ webpack-internal:///(app-pages-browser)/./lib/chat-transport.ts:137
[   64823ms] [LOG] [ChatTransport] onmessage triggered, has currentResponseHandler: true @ webpack-internal:///(app-pages-browser)/./lib/chat-transport.ts:41
[   64823ms] [LOG] [ChatTransport] responseHandler called, data: {"type":"delta","content":"信息","error":null,"message_id":"b40886c2-4177-43b6-a265-38de845671c7","conversation_id":null,"itinerary":null,"stage":null} @ webpack-internal:///(app-pages-browser)/./lib/chat-transport.ts:137
[   64910ms] [LOG] [ChatTransport] onmessage triggered, has currentResponseHandler: true @ webpack-internal:///(app-pages-browser)/./lib/chat-transport.ts:41
[   64910ms] [LOG] [ChatTransport] responseHandler called, data: {"type":"delta","content":"。","error":null,"message_id":"b40886c2-4177-43b6-a265-38de845671c7","conversation_id":null,"itinerary":null,"stage":null} @ webpack-internal:///(app-pages-browser)/./lib/chat-transport.ts:137
[   65090ms] [LOG] [ChatTransport] onmessage triggered, has currentResponseHandler: true @ webpack-internal:///(app-pages-browser)/./lib/chat-transport.ts:41
[   65091ms] [LOG] [ChatTransport] responseHandler called, data: {"type":"delta","content":"首先","error":null,"message_id":"b40886c2-4177-43b6-a265-38de845671c7","conversation_id":null,"itinerary":null,"stage":null} @ webpack-internal:///(app-pages-browser)/./lib/chat-transport.ts:137
[   65098ms] [LOG] [ChatTransport] onmessage triggered, has currentResponseHandler: true @ webpack-internal:///(app-pages-browser)/./lib/chat-transport.ts:41
[   65098ms] [LOG] [ChatTransport] responseHandler called, data: {"type":"delta","content":"让我","error":null,"message_id":"b40886c2-4177-43b6-a265-38de845671c7","conversation_id":null,"itinerary":null,"stage":null} @ webpack-internal:///(app-pages-browser)/./lib/chat-transport.ts:137
[   65106ms] [LOG] [ChatTransport] onmessage triggered, has currentResponseHandler: true @ webpack-internal:///(app-pages-browser)/./lib/chat-transport.ts:41
[   65106ms] [LOG] [ChatTransport] responseHandler called, data: {"type":"delta","content":"搜索","error":null,"message_id":"b40886c2-4177-43b6-a265-38de845671c7","conversation_id":null,"itinerary":null,"stage":null} @ webpack-internal:///(app-pages-browser)/./lib/chat-transport.ts:137
[   65146ms] [LOG] [ChatTransport] onmessage triggered, has currentResponseHandler: true @ webpack-internal:///(app-pages-browser)/./lib/chat-transport.ts:41
[   65147ms] [LOG] [ChatTransport] responseHandler called, data: {"type":"delta","content":"一下","error":null,"message_id":"b40886c2-4177-43b6-a265-38de845671c7","conversation_id":null,"itinerary":null,"stage":null} @ webpack-internal:///(app-pages-browser)/./lib/chat-transport.ts:137
[   65154ms] [LOG] [ChatTransport] onmessage triggered, has currentResponseHandler: true @ webpack-internal:///(app-pages-browser)/./lib/chat-transport.ts:41
[   65154ms] [LOG] [ChatTransport] responseHandler called, data: {"type":"delta","content":"东京","error":null,"message_id":"b40886c2-4177-43b6-a265-38de845671c7","conversation_id":null,"itinerary":null,"stage":null} @ webpack-internal:///(app-pages-browser)/./lib/chat-transport.ts:137
[   65245ms] [LOG] [ChatTransport] onmessage triggered, has currentResponseHandler: true @ webpack-internal:///(app-pages-browser)/./lib/chat-transport.ts:41
[   65245ms] [LOG] [ChatTransport] responseHandler called, data: {"type":"delta","content":"的","error":null,"message_id":"b40886c2-4177-43b6-a265-38de845671c7","conversation_id":null,"itinerary":null,"stage":null} @ webpack-internal:///(app-pages-browser)/./lib/chat-transport.ts:137
[   65253ms] [LOG] [ChatTransport] onmessage triggered, has currentResponseHandler: true @ webpack-internal:///(app-pages-browser)/./lib/chat-transport.ts:41
[   65253ms] [LOG] [ChatTransport] responseHandler called, data: {"type":"delta","content":"餐厅","error":null,"message_id":"b40886c2-4177-43b6-a265-38de845671c7","conversation_id":null,"itinerary":null,"stage":null} @ webpack-internal:///(app-pages-browser)/./lib/chat-transport.ts:137
[   65301ms] [LOG] [ChatTransport] onmessage triggered, has currentResponseHandler: true @ webpack-internal:///(app-pages-browser)/./lib/chat-transport.ts:41
[   65301ms] [LOG] [ChatTransport] responseHandler called, data: {"type":"delta","content":"和","error":null,"message_id":"b40886c2-4177-43b6-a265-38de845671c7","conversation_id":null,"itinerary":null,"stage":null} @ webpack-internal:///(app-pages-browser)/./lib/chat-transport.ts:137
[   65375ms] [LOG] [ChatTransport] onmessage triggered, has currentResponseHandler: true @ webpack-internal:///(app-pages-browser)/./lib/chat-transport.ts:41
[   65376ms] [LOG] [ChatTransport] responseHandler called, data: {"type":"delta","content":"美食","error":null,"message_id":"b40886c2-4177-43b6-a265-38de845671c7","conversation_id":null,"itinerary":null,"stage":null} @ webpack-internal:///(app-pages-browser)/./lib/chat-transport.ts:137
[   65383ms] [LOG] [ChatTransport] onmessage triggered, has currentResponseHandler: true @ webpack-internal:///(app-pages-browser)/./lib/chat-transport.ts:41
[   65383ms] [LOG] [ChatTransport] responseHandler called, data: {"type":"delta","content":"推荐","error":null,"message_id":"b40886c2-4177-43b6-a265-38de845671c7","conversation_id":null,"itinerary":null,"stage":null} @ webpack-internal:///(app-pages-browser)/./lib/chat-transport.ts:137
[   65509ms] [LOG] [ChatTransport] onmessage triggered, has currentResponseHandler: true @ webpack-internal:///(app-pages-browser)/./lib/chat-transport.ts:41
[   65510ms] [LOG] [ChatTransport] responseHandler called, data: {"type":"delta","content":"。\n\n","error":null,"message_id":"b40886c2-4177-43b6-a265-38de845671c7","conversation_id":null,"itinerary":null,"stage":null} @ webpack-internal:///(app-pages-browser)/./lib/chat-transport.ts:137
[   65517ms] [LOG] [ChatTransport] onmessage triggered, has currentResponseHandler: true @ webpack-internal:///(app-pages-browser)/./lib/chat-transport.ts:41
[   65517ms] [LOG] [ChatTransport] responseHandler called, data: {"type":"delta","content":"```","error":null,"message_id":"b40886c2-4177-43b6-a265-38de845671c7","conversation_id":null,"itinerary":null,"stage":null} @ webpack-internal:///(app-pages-browser)/./lib/chat-transport.ts:137
[   65550ms] [LOG] [ChatTransport] onmessage triggered, has currentResponseHandler: true @ webpack-internal:///(app-pages-browser)/./lib/chat-transport.ts:41
[   65550ms] [LOG] [ChatTransport] responseHandler called, data: {"type":"delta","content":"json","error":null,"message_id":"b40886c2-4177-43b6-a265-38de845671c7","conversation_id":null,"itinerary":null,"stage":null} @ webpack-internal:///(app-pages-browser)/./lib/chat-transport.ts:137
[   65557ms] [LOG] [ChatTransport] onmessage triggered, has currentResponseHandler: true @ webpack-internal:///(app-pages-browser)/./lib/chat-transport.ts:41
[   65557ms] [LOG] [ChatTransport] responseHandler called, data: {"type":"delta","content":"\n","error":null,"message_id":"b40886c2-4177-43b6-a265-38de845671c7","conversation_id":null,"itinerary":null,"stage":null} @ webpack-internal:///(app-pages-browser)/./lib/chat-transport.ts:137
[   65613ms] [LOG] [ChatTransport] onmessage triggered, has currentResponseHandler: true @ webpack-internal:///(app-pages-browser)/./lib/chat-transport.ts:41
[   65613ms] [LOG] [ChatTransport] responseHandler called, data: {"type":"delta","content":"{\n","error":null,"message_id":"b40886c2-4177-43b6-a265-38de845671c7","conversation_id":null,"itinerary":null,"stage":null} @ webpack-internal:///(app-pages-browser)/./lib/chat-transport.ts:137
[   65620ms] [LOG] [ChatTransport] onmessage triggered, has currentResponseHandler: true @ webpack-internal:///(app-pages-browser)/./lib/chat-transport.ts:41
[   65620ms] [LOG] [ChatTransport] responseHandler called, data: {"type":"delta","content":" ","error":null,"message_id":"b40886c2-4177-43b6-a265-38de845671c7","conversation_id":null,"itinerary":null,"stage":null} @ webpack-internal:///(app-pages-browser)/./lib/chat-transport.ts:137
[   65703ms] [LOG] [ChatTransport] onmessage triggered, has currentResponseHandler: true @ webpack-internal:///(app-pages-browser)/./lib/chat-transport.ts:41
[   65703ms] [LOG] [ChatTransport] responseHandler called, data: {"type":"delta","content":" \"","error":null,"message_id":"b40886c2-4177-43b6-a265-38de845671c7","conversation_id":null,"itinerary":null,"stage":null} @ webpack-internal:///(app-pages-browser)/./lib/chat-transport.ts:137
[   65710ms] [LOG] [ChatTransport] onmessage triggered, has currentResponseHandler: true @ webpack-internal:///(app-pages-browser)/./lib/chat-transport.ts:41
[   65710ms] [LOG] [ChatTransport] responseHandler called, data: {"type":"delta","content":"location","error":null,"message_id":"b40886c2-4177-43b6-a265-38de845671c7","conversation_id":null,"itinerary":null,"stage":null} @ webpack-internal:///(app-pages-browser)/./lib/chat-transport.ts:137
[   65887ms] [LOG] [ChatTransport] onmessage triggered, has currentResponseHandler: true @ webpack-internal:///(app-pages-browser)/./lib/chat-transport.ts:41
[   65887ms] [LOG] [ChatTransport] responseHandler called, data: {"type":"delta","content":"\":","error":null,"message_id":"b40886c2-4177-43b6-a265-38de845671c7","conversation_id":null,"itinerary":null,"stage":null} @ webpack-internal:///(app-pages-browser)/./lib/chat-transport.ts:137
[   65894ms] [LOG] [ChatTransport] onmessage triggered, has currentResponseHandler: true @ webpack-internal:///(app-pages-browser)/./lib/chat-transport.ts:41
[   65894ms] [LOG] [ChatTransport] responseHandler called, data: {"type":"delta","content":" \"","error":null,"message_id":"b40886c2-4177-43b6-a265-38de845671c7","conversation_id":null,"itinerary":null,"stage":null} @ webpack-internal:///(app-pages-browser)/./lib/chat-transport.ts:137
[   65894ms] [LOG] [ChatTransport] onmessage triggered, has currentResponseHandler: true @ webpack-internal:///(app-pages-browser)/./lib/chat-transport.ts:41
[   65894ms] [LOG] [ChatTransport] responseHandler called, data: {"type":"delta","content":"东京","error":null,"message_id":"b40886c2-4177-43b6-a265-38de845671c7","conversation_id":null,"itinerary":null,"stage":null} @ webpack-internal:///(app-pages-browser)/./lib/chat-transport.ts:137
[   65894ms] [LOG] [ChatTransport] onmessage triggered, has currentResponseHandler: true @ webpack-internal:///(app-pages-browser)/./lib/chat-transport.ts:41
[   65894ms] [LOG] [ChatTransport] responseHandler called, data: {"type":"delta","content":"\",\n","error":null,"message_id":"b40886c2-4177-43b6-a265-38de845671c7","conversation_id":null,"itinerary":null,"stage":null} @ webpack-internal:///(app-pages-browser)/./lib/chat-transport.ts:137
[   65939ms] [LOG] [ChatTransport] onmessage triggered, has currentResponseHandler: true @ webpack-internal:///(app-pages-browser)/./lib/chat-transport.ts:41
[   65939ms] [LOG] [ChatTransport] responseHandler called, data: {"type":"delta","content":" ","error":null,"message_id":"b40886c2-4177-43b6-a265-38de845671c7","conversation_id":null,"itinerary":null,"stage":null} @ webpack-internal:///(app-pages-browser)/./lib/chat-transport.ts:137
[   65944ms] [LOG] [ChatTransport] onmessage triggered, has currentResponseHandler: true @ webpack-internal:///(app-pages-browser)/./lib/chat-transport.ts:41
[   65944ms] [LOG] [ChatTransport] responseHandler called, data: {"type":"delta","content":" \"","error":null,"message_id":"b40886c2-4177-43b6-a265-38de845671c7","conversation_id":null,"itinerary":null,"stage":null} @ webpack-internal:///(app-pages-browser)/./lib/chat-transport.ts:137
[   66013ms] [LOG] [ChatTransport] onmessage triggered, has currentResponseHandler: true @ webpack-internal:///(app-pages-browser)/./lib/chat-transport.ts:41
[   66013ms] [LOG] [ChatTransport] responseHandler called, data: {"type":"delta","content":"keywords","error":null,"message_id":"b40886c2-4177-43b6-a265-38de845671c7","conversation_id":null,"itinerary":null,"stage":null} @ webpack-internal:///(app-pages-browser)/./lib/chat-transport.ts:137
[   66016ms] [LOG] [ChatTransport] onmessage triggered, has currentResponseHandler: true @ webpack-internal:///(app-pages-browser)/./lib/chat-transport.ts:41
[   66016ms] [LOG] [ChatTransport] responseHandler called, data: {"type":"delta","content":"\":","error":null,"message_id":"b40886c2-4177-43b6-a265-38de845671c7","conversation_id":null,"itinerary":null,"stage":null} @ webpack-internal:///(app-pages-browser)/./lib/chat-transport.ts:137
[   66090ms] [LOG] [ChatTransport] onmessage triggered, has currentResponseHandler: true @ webpack-internal:///(app-pages-browser)/./lib/chat-transport.ts:41
[   66090ms] [LOG] [ChatTransport] responseHandler called, data: {"type":"delta","content":" \"","error":null,"message_id":"b40886c2-4177-43b6-a265-38de845671c7","conversation_id":null,"itinerary":null,"stage":null} @ webpack-internal:///(app-pages-browser)/./lib/chat-transport.ts:137
[   66093ms] [LOG] [ChatTransport] onmessage triggered, has currentResponseHandler: true @ webpack-internal:///(app-pages-browser)/./lib/chat-transport.ts:41
[   66093ms] [LOG] [ChatTransport] responseHandler called, data: {"type":"delta","content":"美食","error":null,"message_id":"b40886c2-4177-43b6-a265-38de845671c7","conversation_id":null,"itinerary":null,"stage":null} @ webpack-internal:///(app-pages-browser)/./lib/chat-transport.ts:137
[   66182ms] [LOG] [ChatTransport] onmessage triggered, has currentResponseHandler: true @ webpack-internal:///(app-pages-browser)/./lib/chat-transport.ts:41
[   66182ms] [LOG] [ChatTransport] responseHandler called, data: {"type":"delta","content":" ","error":null,"message_id":"b40886c2-4177-43b6-a265-38de845671c7","conversation_id":null,"itinerary":null,"stage":null} @ webpack-internal:///(app-pages-browser)/./lib/chat-transport.ts:137
[   66243ms] [LOG] [ChatTransport] onmessage triggered, has currentResponseHandler: true @ webpack-internal:///(app-pages-browser)/./lib/chat-transport.ts:41
[   66243ms] [LOG] [ChatTransport] responseHandler called, data: {"type":"delta","content":"餐厅","error":null,"message_id":"b40886c2-4177-43b6-a265-38de845671c7","conversation_id":null,"itinerary":null,"stage":null} @ webpack-internal:///(app-pages-browser)/./lib/chat-transport.ts:137
[   66253ms] [LOG] [ChatTransport] onmessage triggered, has currentResponseHandler: true @ webpack-internal:///(app-pages-browser)/./lib/chat-transport.ts:41
[   66253ms] [LOG] [ChatTransport] responseHandler called, data: {"type":"delta","content":" ","error":null,"message_id":"b40886c2-4177-43b6-a265-38de845671c7","conversation_id":null,"itinerary":null,"stage":null} @ webpack-internal:///(app-pages-browser)/./lib/chat-transport.ts:137
[   66334ms] [LOG] [ChatTransport] onmessage triggered, has currentResponseHandler: true @ webpack-internal:///(app-pages-browser)/./lib/chat-transport.ts:41
[   66334ms] [LOG] [ChatTransport] responseHandler called, data: {"type":"delta","content":"料理","error":null,"message_id":"b40886c2-4177-43b6-a265-38de845671c7","conversation_id":null,"itinerary":null,"stage":null} @ webpack-internal:///(app-pages-browser)/./lib/chat-transport.ts:137
[   66403ms] [LOG] [ChatTransport] onmessage triggered, has currentResponseHandler: true @ webpack-internal:///(app-pages-browser)/./lib/chat-transport.ts:41
[   66403ms] [LOG] [ChatTransport] responseHandler called, data: {"type":"delta","content":"\",\n","error":null,"message_id":"b40886c2-4177-43b6-a265-38de845671c7","conversation_id":null,"itinerary":null,"stage":null} @ webpack-internal:///(app-pages-browser)/./lib/chat-transport.ts:137
[   66412ms] [LOG] [ChatTransport] onmessage triggered, has currentResponseHandler: true @ webpack-internal:///(app-pages-browser)/./lib/chat-transport.ts:41
[   66412ms] [LOG] [ChatTransport] responseHandler called, data: {"type":"delta","content":" ","error":null,"message_id":"b40886c2-4177-43b6-a265-38de845671c7","conversation_id":null,"itinerary":null,"stage":null} @ webpack-internal:///(app-pages-browser)/./lib/chat-transport.ts:137
[   66486ms] [LOG] [ChatTransport] onmessage triggered, has currentResponseHandler: true @ webpack-internal:///(app-pages-browser)/./lib/chat-transport.ts:41
[   66486ms] [LOG] [ChatTransport] responseHandler called, data: {"type":"delta","content":" \"","error":null,"message_id":"b40886c2-4177-43b6-a265-38de845671c7","conversation_id":null,"itinerary":null,"stage":null} @ webpack-internal:///(app-pages-browser)/./lib/chat-transport.ts:137
[   66495ms] [LOG] [ChatTransport] onmessage triggered, has currentResponseHandler: true @ webpack-internal:///(app-pages-browser)/./lib/chat-transport.ts:41
[   66496ms] [LOG] [ChatTransport] responseHandler called, data: {"type":"delta","content":"types","error":null,"message_id":"b40886c2-4177-43b6-a265-38de845671c7","conversation_id":null,"itinerary":null,"stage":null} @ webpack-internal:///(app-pages-browser)/./lib/chat-transport.ts:137
[   66556ms] [LOG] [ChatTransport] onmessage triggered, has currentResponseHandler: true @ webpack-internal:///(app-pages-browser)/./lib/chat-transport.ts:41
[   66557ms] [LOG] [ChatTransport] responseHandler called, data: {"type":"delta","content":"\":","error":null,"message_id":"b40886c2-4177-43b6-a265-38de845671c7","conversation_id":null,"itinerary":null,"stage":null} @ webpack-internal:///(app-pages-browser)/./lib/chat-transport.ts:137
[   66571ms] [LOG] [ChatTransport] onmessage triggered, has currentResponseHandler: true @ webpack-internal:///(app-pages-browser)/./lib/chat-transport.ts:41
[   66571ms] [LOG] [ChatTransport] responseHandler called, data: {"type":"delta","content":" \"","error":null,"message_id":"b40886c2-4177-43b6-a265-38de845671c7","conversation_id":null,"itinerary":null,"stage":null} @ webpack-internal:///(app-pages-browser)/./lib/chat-transport.ts:137
[   66658ms] [LOG] [ChatTransport] onmessage triggered, has currentResponseHandler: true @ webpack-internal:///(app-pages-browser)/./lib/chat-transport.ts:41
[   66658ms] [LOG] [ChatTransport] responseHandler called, data: {"type":"delta","content":"050","error":null,"message_id":"b40886c2-4177-43b6-a265-38de845671c7","conversation_id":null,"itinerary":null,"stage":null} @ webpack-internal:///(app-pages-browser)/./lib/chat-transport.ts:137
[   66665ms] [LOG] [ChatTransport] onmessage triggered, has currentResponseHandler: true @ webpack-internal:///(app-pages-browser)/./lib/chat-transport.ts:41
[   66665ms] [LOG] [ChatTransport] responseHandler called, data: {"type":"delta","content":"000","error":null,"message_id":"b40886c2-4177-43b6-a265-38de845671c7","conversation_id":null,"itinerary":null,"stage":null} @ webpack-internal:///(app-pages-browser)/./lib/chat-transport.ts:137
[   66740ms] [LOG] [ChatTransport] onmessage triggered, has currentResponseHandler: true @ webpack-internal:///(app-pages-browser)/./lib/chat-transport.ts:41
[   66740ms] [LOG] [ChatTransport] responseHandler called, data: {"type":"delta","content":",","error":null,"message_id":"b40886c2-4177-43b6-a265-38de845671c7","conversation_id":null,"itinerary":null,"stage":null} @ webpack-internal:///(app-pages-browser)/./lib/chat-transport.ts:137
[   66857ms] [LOG] [ChatTransport] onmessage triggered, has currentResponseHandler: true @ webpack-internal:///(app-pages-browser)/./lib/chat-transport.ts:41
[   66857ms] [LOG] [ChatTransport] responseHandler called, data: {"type":"delta","content":"050","error":null,"message_id":"b40886c2-4177-43b6-a265-38de845671c7","conversation_id":null,"itinerary":null,"stage":null} @ webpack-internal:///(app-pages-browser)/./lib/chat-transport.ts:137
[   66937ms] [LOG] [ChatTransport] onmessage triggered, has currentResponseHandler: true @ webpack-internal:///(app-pages-browser)/./lib/chat-transport.ts:41
[   66937ms] [LOG] [ChatTransport] responseHandler called, data: {"type":"delta","content":"100","error":null,"message_id":"b40886c2-4177-43b6-a265-38de845671c7","conversation_id":null,"itinerary":null,"stage":null} @ webpack-internal:///(app-pages-browser)/./lib/chat-transport.ts:137
[   66947ms] [LOG] [ChatTransport] onmessage triggered, has currentResponseHandler: true @ webpack-internal:///(app-pages-browser)/./lib/chat-transport.ts:41
[   66947ms] [LOG] [ChatTransport] responseHandler called, data: {"type":"delta","content":",","error":null,"message_id":"b40886c2-4177-43b6-a265-38de845671c7","conversation_id":null,"itinerary":null,"stage":null} @ webpack-internal:///(app-pages-browser)/./lib/chat-transport.ts:137
[   66962ms] [LOG] [ChatTransport] onmessage triggered, has currentResponseHandler: true @ webpack-internal:///(app-pages-browser)/./lib/chat-transport.ts:41
[   66962ms] [LOG] [ChatTransport] responseHandler called, data: {"type":"delta","content":"050","error":null,"message_id":"b40886c2-4177-43b6-a265-38de845671c7","conversation_id":null,"itinerary":null,"stage":null} @ webpack-internal:///(app-pages-browser)/./lib/chat-transport.ts:137
[   66969ms] [LOG] [ChatTransport] onmessage triggered, has currentResponseHandler: true @ webpack-internal:///(app-pages-browser)/./lib/chat-transport.ts:41
[   66969ms] [LOG] [ChatTransport] responseHandler called, data: {"type":"delta","content":"200","error":null,"message_id":"b40886c2-4177-43b6-a265-38de845671c7","conversation_id":null,"itinerary":null,"stage":null} @ webpack-internal:///(app-pages-browser)/./lib/chat-transport.ts:137
[   67030ms] [LOG] [ChatTransport] onmessage triggered, has currentResponseHandler: true @ webpack-internal:///(app-pages-browser)/./lib/chat-transport.ts:41
[   67030ms] [LOG] [ChatTransport] responseHandler called, data: {"type":"delta","content":",","error":null,"message_id":"b40886c2-4177-43b6-a265-38de845671c7","conversation_id":null,"itinerary":null,"stage":null} @ webpack-internal:///(app-pages-browser)/./lib/chat-transport.ts:137
[   67105ms] [LOG] [ChatTransport] onmessage triggered, has currentResponseHandler: true @ webpack-internal:///(app-pages-browser)/./lib/chat-transport.ts:41
[   67105ms] [LOG] [ChatTransport] responseHandler called, data: {"type":"delta","content":"050","error":null,"message_id":"b40886c2-4177-43b6-a265-38de845671c7","conversation_id":null,"itinerary":null,"stage":null} @ webpack-internal:///(app-pages-browser)/./lib/chat-transport.ts:137
[   67118ms] [LOG] [ChatTransport] onmessage triggered, has currentResponseHandler: true @ webpack-internal:///(app-pages-browser)/./lib/chat-transport.ts:41
[   67118ms] [LOG] [ChatTransport] responseHandler called, data: {"type":"delta","content":"300","error":null,"message_id":"b40886c2-4177-43b6-a265-38de845671c7","conversation_id":null,"itinerary":null,"stage":null} @ webpack-internal:///(app-pages-browser)/./lib/chat-transport.ts:137
[   67192ms] [LOG] [ChatTransport] onmessage triggered, has currentResponseHandler: true @ webpack-internal:///(app-pages-browser)/./lib/chat-transport.ts:41
[   67192ms] [LOG] [ChatTransport] responseHandler called, data: {"type":"delta","content":"\"\n","error":null,"message_id":"b40886c2-4177-43b6-a265-38de845671c7","conversation_id":null,"itinerary":null,"stage":null} @ webpack-internal:///(app-pages-browser)/./lib/chat-transport.ts:137
[   67263ms] [LOG] [ChatTransport] onmessage triggered, has currentResponseHandler: true @ webpack-internal:///(app-pages-browser)/./lib/chat-transport.ts:41
[   67263ms] [LOG] [ChatTransport] responseHandler called, data: {"type":"delta","content":"}\n","error":null,"message_id":"b40886c2-4177-43b6-a265-38de845671c7","conversation_id":null,"itinerary":null,"stage":null} @ webpack-internal:///(app-pages-browser)/./lib/chat-transport.ts:137
[   67270ms] [LOG] [ChatTransport] onmessage triggered, has currentResponseHandler: true @ webpack-internal:///(app-pages-browser)/./lib/chat-transport.ts:41
[   67270ms] [LOG] [ChatTransport] responseHandler called, data: {"type":"delta","content":"```","error":null,"message_id":"b40886c2-4177-43b6-a265-38de845671c7","conversation_id":null,"itinerary":null,"stage":null} @ webpack-internal:///(app-pages-browser)/./lib/chat-transport.ts:137
[   67383ms] [LOG] [ChatTransport] onmessage triggered, has currentResponseHandler: true @ webpack-internal:///(app-pages-browser)/./lib/chat-transport.ts:41
[   67383ms] [LOG] [ChatTransport] responseHandler called, data: {"type":"stage","content":null,"error":null,"message_id":"b40886c2-4177-43b6-a265-38de845671c7","conversation_id":null,"itinerary":null,"stage":{"name":"6_LLM","status":"end","label":"✨ 生成回复","message":"正在生成回复内容..."}} @ webpack-internal:///(app-pages-browser)/./lib/chat-transport.ts:137
[   67384ms] [LOG] [ChatTransport] Stage update: {name: 6_LLM, status: end, label: ✨ 生成回复, message: 正在生成回复内容...} @ webpack-internal:///(app-pages-browser)/./lib/chat-transport.ts:147
[   67396ms] [LOG] [ChatTransport] onmessage triggered, has currentResponseHandler: true @ webpack-internal:///(app-pages-browser)/./lib/chat-transport.ts:41
[   67396ms] [LOG] [ChatTransport] responseHandler called, data: {"type":"stage","content":null,"error":null,"message_id":"b40886c2-4177-43b6-a265-38de845671c7","conversation_id":null,"itinerary":null,"stage":{"name":"7_CTX_MANAGE","status":"start","label":"📊 上下文管理","message":"正在管理上下文窗口..."}} @ webpack-internal:///(app-pages-browser)/./lib/chat-transport.ts:137
[   67396ms] [LOG] [ChatTransport] Stage update: {name: 7_CTX_MANAGE, status: start, label: 📊 上下文管理, message: 正在管理上下文窗口...} @ webpack-internal:///(app-pages-browser)/./lib/chat-transport.ts:147
[   67403ms] [LOG] [ChatTransport] onmessage triggered, has currentResponseHandler: true @ webpack-internal:///(app-pages-browser)/./lib/chat-transport.ts:41
[   67403ms] [LOG] [ChatTransport] responseHandler called, data: {"type":"stage","content":null,"error":null,"message_id":"b40886c2-4177-43b6-a265-38de845671c7","conversation_id":null,"itinerary":null,"stage":{"name":"7_CTX_MANAGE","status":"skip","label":"📊 上下文管理","message":"正在管理上下文窗口..."}} @ webpack-internal:///(app-pages-browser)/./lib/chat-transport.ts:137
[   67403ms] [LOG] [ChatTransport] Stage update: {name: 7_CTX_MANAGE, status: skip, label: 📊 上下文管理, message: 正在管理上下文窗口...} @ webpack-internal:///(app-pages-browser)/./lib/chat-transport.ts:147
[   67403ms] [LOG] [ChatTransport] onmessage triggered, has currentResponseHandler: true @ webpack-internal:///(app-pages-browser)/./lib/chat-transport.ts:41
[   67403ms] [LOG] [ChatTransport] responseHandler called, data: {"type":"stage","content":null,"error":null,"message_id":"b40886c2-4177-43b6-a265-38de845671c7","conversation_id":null,"itinerary":null,"stage":{"name":"8_MEMORY","status":"start","label":"💾 记忆更新","message":"正在更新记忆信息..."}} @ webpack-internal:///(app-pages-browser)/./lib/chat-transport.ts:137
[   67403ms] [LOG] [ChatTransport] Stage update: {name: 8_MEMORY, status: start, label: 💾 记忆更新, message: 正在更新记忆信息...} @ webpack-internal:///(app-pages-browser)/./lib/chat-transport.ts:147
[   67403ms] [LOG] [ChatTransport] onmessage triggered, has currentResponseHandler: true @ webpack-internal:///(app-pages-browser)/./lib/chat-transport.ts:41
[   67403ms] [LOG] [ChatTransport] responseHandler called, data: {"type":"stage","content":null,"error":null,"message_id":"b40886c2-4177-43b6-a265-38de845671c7","conversation_id":null,"itinerary":null,"stage":{"name":"8_MEMORY","status":"end","label":"💾 记忆更新","message":"正在更新记忆信息..."}} @ webpack-internal:///(app-pages-browser)/./lib/chat-transport.ts:137
[   67403ms] [LOG] [ChatTransport] Stage update: {name: 8_MEMORY, status: end, label: 💾 记忆更新, message: 正在更新记忆信息...} @ webpack-internal:///(app-pages-browser)/./lib/chat-transport.ts:147
[   67403ms] [LOG] [ChatTransport] onmessage triggered, has currentResponseHandler: true @ webpack-internal:///(app-pages-browser)/./lib/chat-transport.ts:41
[   67403ms] [LOG] [ChatTransport] responseHandler called, data: {"type":"done","content":"我来帮您查询东京的美食信息。首先让我搜索一下东京的餐厅和美食推荐。\n\n```json\n{\n  \"location\": \"东京\",\n  \"keywords\": \"美食 餐厅 料理\",\n  \"types\": \"050000,050100,050200,050300\"\n}\n```","error":null,"message_id":"b40886c2-4177-43b6-a265-38de845671c7","conversation_id":"c9b60305-5275-4c4a-9f83-1d5b93707c97","itinerary":null,"stage":null} @ webpack-internal:///(app-pages-browser)/./lib/chat-transport.ts:137
[   67403ms] [LOG] [ChatTransport] Updated conversation_id: c9b60305-5275-4c4a-9f83-1d5b93707c97 @ webpack-internal:///(app-pages-browser)/./lib/chat-transport.ts:165
[   68735ms] [LOG] [ChatTransport] onmessage triggered, has currentResponseHandler: false @ webpack-internal:///(app-pages-browser)/./lib/chat-transport.ts:41
[   68735ms] [LOG] [ChatTransport] Title update received: 东京美食推荐 @ webpack-internal:///(app-pages-browser)/./lib/chat-transport.ts:47
[   68735ms] [LOG] [Chat] Title updated: 东京美食推荐 @ webpack-internal:///(app-pages-browser)/./app/chat/page.tsx:366
[  153512ms] [LOG] [ChatTransport] sendMessage called, content: 东京有什么好吃的？ @ webpack-internal:///(app-pages-browser)/./lib/chat-transport.ts:109
[  153512ms] [LOG] [ChatTransport] isConnected: true ws.readyState: 1 @ webpack-internal:///(app-pages-browser)/./lib/chat-transport.ts:110
[  153512ms] [LOG] [ChatTransport] has_image: false @ webpack-internal:///(app-pages-browser)/./lib/chat-transport.ts:111
[  153512ms] [LOG] [ChatTransport] Sending WebSocket message: msg_1776427745771_uvomamx 东京有什么好吃的？ @ webpack-internal:///(app-pages-browser)/./lib/chat-transport.ts:126
[  153512ms] [LOG] [ChatTransport] Setting currentResponseHandler @ webpack-internal:///(app-pages-browser)/./lib/chat-transport.ts:179
[  153512ms] [LOG] [ChatTransport] send() called, isConnected: true readyState: 1 @ webpack-internal:///(app-pages-browser)/./lib/chat-transport.ts:97
[  153513ms] [LOG] [ChatTransport] Sending WebSocket data: {"type":"message","session_id":"session_1776427593394_wx4xczz","conversation_id":"c9b60305-5275-4c4a-9f83-1d5b93707c97","user_id":"f62f4ec5-1874-4821-97e9-b2c70b35805d","content":"东京有什么好吃的？","has_image":false} @ webpack-internal:///(app-pages-browser)/./lib/chat-transport.ts:99
[  153621ms] [LOG] [ChatTransport] onmessage triggered, has currentResponseHandler: true @ webpack-internal:///(app-pages-browser)/./lib/chat-transport.ts:41
[  153622ms] [LOG] [ChatTransport] responseHandler called, data: {"type":"stage","content":null,"error":null,"message_id":"d6ac3a73-d02f-4d0e-9ef9-ae6c2cd9d845","conversation_id":null,"itinerary":null,"stage":{"name":"1_INTENT","status":"start","label":"🔍 意图识别","message":"正在分析您的需求..."}} @ webpack-internal:///(app-pages-browser)/./lib/chat-transport.ts:137
[  153623ms] [LOG] [ChatTransport] Stage update: {name: 1_INTENT, status: start, label: 🔍 意图识别, message: 正在分析您的需求...} @ webpack-internal:///(app-pages-browser)/./lib/chat-transport.ts:147
[  153667ms] [LOG] [ChatTransport] onmessage triggered, has currentResponseHandler: true @ webpack-internal:///(app-pages-browser)/./lib/chat-transport.ts:41
[  153667ms] [LOG] [ChatTransport] responseHandler called, data: {"type":"stage","content":null,"error":null,"message_id":"d6ac3a73-d02f-4d0e-9ef9-ae6c2cd9d845","conversation_id":null,"itinerary":null,"stage":{"name":"1_INTENT","status":"end","label":"🔍 意图识别","message":"正在分析您的需求..."}} @ webpack-internal:///(app-pages-browser)/./lib/chat-transport.ts:137
[  153667ms] [LOG] [ChatTransport] Stage update: {name: 1_INTENT, status: end, label: 🔍 意图识别, message: 正在分析您的需求...} @ webpack-internal:///(app-pages-browser)/./lib/chat-transport.ts:147
[  153668ms] [LOG] [ChatTransport] onmessage triggered, has currentResponseHandler: true @ webpack-internal:///(app-pages-browser)/./lib/chat-transport.ts:41
[  153668ms] [LOG] [ChatTransport] responseHandler called, data: {"type":"stage","content":null,"error":null,"message_id":"d6ac3a73-d02f-4d0e-9ef9-ae6c2cd9d845","conversation_id":null,"itinerary":null,"stage":{"name":"2_STORAGE","status":"start","label":"📚 加载历史","message":"正在加载对话历史..."}} @ webpack-internal:///(app-pages-browser)/./lib/chat-transport.ts:137
[  153668ms] [LOG] [ChatTransport] Stage update: {name: 2_STORAGE, status: start, label: 📚 加载历史, message: 正在加载对话历史...} @ webpack-internal:///(app-pages-browser)/./lib/chat-transport.ts:147
[  153669ms] [LOG] [ChatTransport] onmessage triggered, has currentResponseHandler: true @ webpack-internal:///(app-pages-browser)/./lib/chat-transport.ts:41
[  153669ms] [LOG] [ChatTransport] responseHandler called, data: {"type":"stage","content":null,"error":null,"message_id":"d6ac3a73-d02f-4d0e-9ef9-ae6c2cd9d845","conversation_id":null,"itinerary":null,"stage":{"name":"2_STORAGE","status":"end","label":"📚 加载历史","message":"正在加载对话历史..."}} @ webpack-internal:///(app-pages-browser)/./lib/chat-transport.ts:137
[  153669ms] [LOG] [ChatTransport] Stage update: {name: 2_STORAGE, status: end, label: 📚 加载历史, message: 正在加载对话历史...} @ webpack-internal:///(app-pages-browser)/./lib/chat-transport.ts:147
[  153670ms] [LOG] [ChatTransport] onmessage triggered, has currentResponseHandler: true @ webpack-internal:///(app-pages-browser)/./lib/chat-transport.ts:41
[  153670ms] [LOG] [ChatTransport] responseHandler called, data: {"type":"stage","content":null,"error":null,"message_id":"d6ac3a73-d02f-4d0e-9ef9-ae6c2cd9d845","conversation_id":null,"itinerary":null,"stage":{"name":"3_CTX_CLEAN","status":"start","label":"🧹 上下文清理","message":"正在整理上下文信息..."}} @ webpack-internal:///(app-pages-browser)/./lib/chat-transport.ts:137
[  153670ms] [LOG] [ChatTransport] Stage update: {name: 3_CTX_CLEAN, status: start, label: 🧹 上下文清理, message: 正在整理上下文信息...} @ webpack-internal:///(app-pages-browser)/./lib/chat-transport.ts:147
[  153671ms] [LOG] [ChatTransport] onmessage triggered, has currentResponseHandler: true @ webpack-internal:///(app-pages-browser)/./lib/chat-transport.ts:41
[  153671ms] [LOG] [ChatTransport] responseHandler called, data: {"type":"stage","content":null,"error":null,"message_id":"d6ac3a73-d02f-4d0e-9ef9-ae6c2cd9d845","conversation_id":null,"itinerary":null,"stage":{"name":"3_CTX_CLEAN","status":"skip","label":"🧹 上下文清理","message":"正在整理上下文信息..."}} @ webpack-internal:///(app-pages-browser)/./lib/chat-transport.ts:137
[  153671ms] [LOG] [ChatTransport] Stage update: {name: 3_CTX_CLEAN, status: skip, label: 🧹 上下文清理, message: 正在整理上下文信息...} @ webpack-internal:///(app-pages-browser)/./lib/chat-transport.ts:147
[  153671ms] [LOG] [ChatTransport] onmessage triggered, has currentResponseHandler: true @ webpack-internal:///(app-pages-browser)/./lib/chat-transport.ts:41
[  153672ms] [LOG] [ChatTransport] responseHandler called, data: {"type":"stage","content":null,"error":null,"message_id":"d6ac3a73-d02f-4d0e-9ef9-ae6c2cd9d845","conversation_id":null,"itinerary":null,"stage":{"name":"4_TOOLS","status":"start","label":"🔧 工具调用","message":"正在获取实时数据..."}} @ webpack-internal:///(app-pages-browser)/./lib/chat-transport.ts:137
[  153672ms] [LOG] [ChatTransport] Stage update: {name: 4_TOOLS, status: start, label: 🔧 工具调用, message: 正在获取实时数据...} @ webpack-internal:///(app-pages-browser)/./lib/chat-transport.ts:147
[  153672ms] [LOG] [ChatTransport] onmessage triggered, has currentResponseHandler: true @ webpack-internal:///(app-pages-browser)/./lib/chat-transport.ts:41
[  153673ms] [LOG] [ChatTransport] responseHandler called, data: {"type":"stage","content":null,"error":null,"message_id":"d6ac3a73-d02f-4d0e-9ef9-ae6c2cd9d845","conversation_id":null,"itinerary":null,"stage":{"name":"4_TOOLS","status":"skip","label":"🔧 工具调用","message":"正在获取实时数据..."}} @ webpack-internal:///(app-pages-browser)/./lib/chat-transport.ts:137
[  153673ms] [LOG] [ChatTransport] Stage update: {name: 4_TOOLS, status: skip, label: 🔧 工具调用, message: 正在获取实时数据...} @ webpack-internal:///(app-pages-browser)/./lib/chat-transport.ts:147
[  153673ms] [LOG] [ChatTransport] onmessage triggered, has currentResponseHandler: true @ webpack-internal:///(app-pages-browser)/./lib/chat-transport.ts:41
[  153674ms] [LOG] [ChatTransport] responseHandler called, data: {"type":"stage","content":null,"error":null,"message_id":"d6ac3a73-d02f-4d0e-9ef9-ae6c2cd9d845","conversation_id":null,"itinerary":null,"stage":{"name":"4_TOOLS","status":"end","label":"🔧 工具调用","message":"正在获取实时数据..."}} @ webpack-internal:///(app-pages-browser)/./lib/chat-transport.ts:137
[  153674ms] [LOG] [ChatTransport] Stage update: {name: 4_TOOLS, status: end, label: 🔧 工具调用, message: 正在获取实时数据...} @ webpack-internal:///(app-pages-browser)/./lib/chat-transport.ts:147
[  153674ms] [LOG] [ChatTransport] onmessage triggered, has currentResponseHandler: true @ webpack-internal:///(app-pages-browser)/./lib/chat-transport.ts:41
[  153674ms] [LOG] [ChatTransport] responseHandler called, data: {"type":"stage","content":null,"error":null,"message_id":"d6ac3a73-d02f-4d0e-9ef9-ae6c2cd9d845","conversation_id":null,"itinerary":null,"stage":{"name":"5_CONTEXT","status":"start","label":"🔗 整合信息","message":"正在整合相关信息..."}} @ webpack-internal:///(app-pages-browser)/./lib/chat-transport.ts:137
[  153674ms] [LOG] [ChatTransport] Stage update: {name: 5_CONTEXT, status: start, label: 🔗 整合信息, message: 正在整合相关信息...} @ webpack-internal:///(app-pages-browser)/./lib/chat-transport.ts:147
[  153674ms] [LOG] [ChatTransport] onmessage triggered, has currentResponseHandler: true @ webpack-internal:///(app-pages-browser)/./lib/chat-transport.ts:41
[  153674ms] [LOG] [ChatTransport] responseHandler called, data: {"type":"stage","content":null,"error":null,"message_id":"d6ac3a73-d02f-4d0e-9ef9-ae6c2cd9d845","conversation_id":null,"itinerary":null,"stage":{"name":"5_CONTEXT","status":"end","label":"🔗 整合信息","message":"正在整合相关信息..."}} @ webpack-internal:///(app-pages-browser)/./lib/chat-transport.ts:137
[  153675ms] [LOG] [ChatTransport] Stage update: {name: 5_CONTEXT, status: end, label: 🔗 整合信息, message: 正在整合相关信息...} @ webpack-internal:///(app-pages-browser)/./lib/chat-transport.ts:147
[  153675ms] [LOG] [ChatTransport] onmessage triggered, has currentResponseHandler: true @ webpack-internal:///(app-pages-browser)/./lib/chat-transport.ts:41
[  153675ms] [LOG] [ChatTransport] responseHandler called, data: {"type":"stage","content":null,"error":null,"message_id":"d6ac3a73-d02f-4d0e-9ef9-ae6c2cd9d845","conversation_id":null,"itinerary":null,"stage":{"name":"6_LLM","status":"start","label":"✨ 生成回复","message":"正在生成回复内容..."}} @ webpack-internal:///(app-pages-browser)/./lib/chat-transport.ts:137
[  153675ms] [LOG] [ChatTransport] Stage update: {name: 6_LLM, status: start, label: ✨ 生成回复, message: 正在生成回复内容...} @ webpack-internal:///(app-pages-browser)/./lib/chat-transport.ts:147
[  154706ms] [LOG] [ChatTransport] onmessage triggered, has currentResponseHandler: true @ webpack-internal:///(app-pages-browser)/./lib/chat-transport.ts:41
[  154706ms] [LOG] [ChatTransport] responseHandler called, data: {"type":"delta","content":"我来","error":null,"message_id":"d6ac3a73-d02f-4d0e-9ef9-ae6c2cd9d845","conversation_id":null,"itinerary":null,"stage":null} @ webpack-internal:///(app-pages-browser)/./lib/chat-transport.ts:137
[  154848ms] [LOG] [ChatTransport] onmessage triggered, has currentResponseHandler: true @ webpack-internal:///(app-pages-browser)/./lib/chat-transport.ts:41
[  154849ms] [LOG] [ChatTransport] responseHandler called, data: {"type":"delta","content":"帮","error":null,"message_id":"d6ac3a73-d02f-4d0e-9ef9-ae6c2cd9d845","conversation_id":null,"itinerary":null,"stage":null} @ webpack-internal:///(app-pages-browser)/./lib/chat-transport.ts:137
[  154922ms] [LOG] [ChatTransport] onmessage triggered, has currentResponseHandler: true @ webpack-internal:///(app-pages-browser)/./lib/chat-transport.ts:41
[  154923ms] [LOG] [ChatTransport] responseHandler called, data: {"type":"delta","content":"您","error":null,"message_id":"d6ac3a73-d02f-4d0e-9ef9-ae6c2cd9d845","conversation_id":null,"itinerary":null,"stage":null} @ webpack-internal:///(app-pages-browser)/./lib/chat-transport.ts:137
[  154952ms] [LOG] [ChatTransport] onmessage triggered, has currentResponseHandler: true @ webpack-internal:///(app-pages-browser)/./lib/chat-transport.ts:41
[  154952ms] [LOG] [ChatTransport] responseHandler called, data: {"type":"delta","content":"查询","error":null,"message_id":"d6ac3a73-d02f-4d0e-9ef9-ae6c2cd9d845","conversation_id":null,"itinerary":null,"stage":null} @ webpack-internal:///(app-pages-browser)/./lib/chat-transport.ts:137
[  155011ms] [LOG] [ChatTransport] onmessage triggered, has currentResponseHandler: true @ webpack-internal:///(app-pages-browser)/./lib/chat-transport.ts:41
[  155011ms] [LOG] [ChatTransport] responseHandler called, data: {"type":"delta","content":"东京","error":null,"message_id":"d6ac3a73-d02f-4d0e-9ef9-ae6c2cd9d845","conversation_id":null,"itinerary":null,"stage":null} @ webpack-internal:///(app-pages-browser)/./lib/chat-transport.ts:137
[  155045ms] [LOG] [ChatTransport] onmessage triggered, has currentResponseHandler: true @ webpack-internal:///(app-pages-browser)/./lib/chat-transport.ts:41
[  155046ms] [LOG] [ChatTransport] responseHandler called, data: {"type":"delta","content":"的美食","error":null,"message_id":"d6ac3a73-d02f-4d0e-9ef9-ae6c2cd9d845","conversation_id":null,"itinerary":null,"stage":null} @ webpack-internal:///(app-pages-browser)/./lib/chat-transport.ts:137
[  155107ms] [LOG] [ChatTransport] onmessage triggered, has currentResponseHandler: true @ webpack-internal:///(app-pages-browser)/./lib/chat-transport.ts:41
[  155107ms] [LOG] [ChatTransport] responseHandler called, data: {"type":"delta","content":"信息","error":null,"message_id":"d6ac3a73-d02f-4d0e-9ef9-ae6c2cd9d845","conversation_id":null,"itinerary":null,"stage":null} @ webpack-internal:///(app-pages-browser)/./lib/chat-transport.ts:137
[  155137ms] [LOG] [ChatTransport] onmessage triggered, has currentResponseHandler: true @ webpack-internal:///(app-pages-browser)/./lib/chat-transport.ts:41
[  155137ms] [LOG] [ChatTransport] responseHandler called, data: {"type":"delta","content":"。","error":null,"message_id":"d6ac3a73-d02f-4d0e-9ef9-ae6c2cd9d845","conversation_id":null,"itinerary":null,"stage":null} @ webpack-internal:///(app-pages-browser)/./lib/chat-transport.ts:137
[  155167ms] [LOG] [ChatTransport] onmessage triggered, has currentResponseHandler: true @ webpack-internal:///(app-pages-browser)/./lib/chat-transport.ts:41
[  155167ms] [LOG] [ChatTransport] responseHandler called, data: {"type":"delta","content":"东京","error":null,"message_id":"d6ac3a73-d02f-4d0e-9ef9-ae6c2cd9d845","conversation_id":null,"itinerary":null,"stage":null} @ webpack-internal:///(app-pages-browser)/./lib/chat-transport.ts:137
[  155200ms] [LOG] [ChatTransport] onmessage triggered, has currentResponseHandler: true @ webpack-internal:///(app-pages-browser)/./lib/chat-transport.ts:41
[  155200ms] [LOG] [ChatTransport] responseHandler called, data: {"type":"delta","content":"作为","error":null,"message_id":"d6ac3a73-d02f-4d0e-9ef9-ae6c2cd9d845","conversation_id":null,"itinerary":null,"stage":null} @ webpack-internal:///(app-pages-browser)/./lib/chat-transport.ts:137
[  155282ms] [LOG] [ChatTransport] onmessage triggered, has currentResponseHandler: true @ webpack-internal:///(app-pages-browser)/./lib/chat-transport.ts:41
[  155282ms] [LOG] [ChatTransport] responseHandler called, data: {"type":"delta","content":"美食","error":null,"message_id":"d6ac3a73-d02f-4d0e-9ef9-ae6c2cd9d845","conversation_id":null,"itinerary":null,"stage":null} @ webpack-internal:///(app-pages-browser)/./lib/chat-transport.ts:137
[  155314ms] [LOG] [ChatTransport] onmessage triggered, has currentResponseHandler: true @ webpack-internal:///(app-pages-browser)/./lib/chat-transport.ts:41
[  155315ms] [LOG] [ChatTransport] responseHandler called, data: {"type":"delta","content":"之","error":null,"message_id":"d6ac3a73-d02f-4d0e-9ef9-ae6c2cd9d845","conversation_id":null,"itinerary":null,"stage":null} @ webpack-internal:///(app-pages-browser)/./lib/chat-transport.ts:137
[  155344ms] [LOG] [ChatTransport] onmessage triggered, has currentResponseHandler: true @ webpack-internal:///(app-pages-browser)/./lib/chat-transport.ts:41
[  155344ms] [LOG] [ChatTransport] responseHandler called, data: {"type":"delta","content":"都","error":null,"message_id":"d6ac3a73-d02f-4d0e-9ef9-ae6c2cd9d845","conversation_id":null,"itinerary":null,"stage":null} @ webpack-internal:///(app-pages-browser)/./lib/chat-transport.ts:137
[  155383ms] [LOG] [ChatTransport] onmessage triggered, has currentResponseHandler: true @ webpack-internal:///(app-pages-browser)/./lib/chat-transport.ts:41
[  155384ms] [LOG] [ChatTransport] responseHandler called, data: {"type":"delta","content":"，","error":null,"message_id":"d6ac3a73-d02f-4d0e-9ef9-ae6c2cd9d845","conversation_id":null,"itinerary":null,"stage":null} @ webpack-internal:///(app-pages-browser)/./lib/chat-transport.ts:137
[  155415ms] [LOG] [ChatTransport] onmessage triggered, has currentResponseHandler: true @ webpack-internal:///(app-pages-browser)/./lib/chat-transport.ts:41
[  155415ms] [LOG] [ChatTransport] responseHandler called, data: {"type":"delta","content":"有","error":null,"message_id":"d6ac3a73-d02f-4d0e-9ef9-ae6c2cd9d845","conversation_id":null,"itinerary":null,"stage":null} @ webpack-internal:///(app-pages-browser)/./lib/chat-transport.ts:137
[  155507ms] [LOG] [ChatTransport] onmessage triggered, has currentResponseHandler: true @ webpack-internal:///(app-pages-browser)/./lib/chat-transport.ts:41
[  155507ms] [LOG] [ChatTransport] responseHandler called, data: {"type":"delta","content":"各种各样的","error":null,"message_id":"d6ac3a73-d02f-4d0e-9ef9-ae6c2cd9d845","conversation_id":null,"itinerary":null,"stage":null} @ webpack-internal:///(app-pages-browser)/./lib/chat-transport.ts:137
[  155540ms] [LOG] [ChatTransport] onmessage triggered, has currentResponseHandler: true @ webpack-internal:///(app-pages-browser)/./lib/chat-transport.ts:41
[  155540ms] [LOG] [ChatTransport] responseHandler called, data: {"type":"delta","content":"美食","error":null,"message_id":"d6ac3a73-d02f-4d0e-9ef9-ae6c2cd9d845","conversation_id":null,"itinerary":null,"stage":null} @ webpack-internal:///(app-pages-browser)/./lib/chat-transport.ts:137
[  155568ms] [LOG] [ChatTransport] onmessage triggered, has currentResponseHandler: true @ webpack-internal:///(app-pages-browser)/./lib/chat-transport.ts:41
[  155568ms] [LOG] [ChatTransport] responseHandler called, data: {"type":"delta","content":"选择","error":null,"message_id":"d6ac3a73-d02f-4d0e-9ef9-ae6c2cd9d845","conversation_id":null,"itinerary":null,"stage":null} @ webpack-internal:///(app-pages-browser)/./lib/chat-transport.ts:137
[  155568ms] [LOG] [ChatTransport] onmessage triggered, has currentResponseHandler: true @ webpack-internal:///(app-pages-browser)/./lib/chat-transport.ts:41
[  155568ms] [LOG] [ChatTransport] responseHandler called, data: {"type":"delta","content":"，","error":null,"message_id":"d6ac3a73-d02f-4d0e-9ef9-ae6c2cd9d845","conversation_id":null,"itinerary":null,"stage":null} @ webpack-internal:///(app-pages-browser)/./lib/chat-transport.ts:137
[  155611ms] [LOG] [ChatTransport] onmessage triggered, has currentResponseHandler: true @ webpack-internal:///(app-pages-browser)/./lib/chat-transport.ts:41
[  155611ms] [LOG] [ChatTransport] responseHandler called, data: {"type":"delta","content":"从","error":null,"message_id":"d6ac3a73-d02f-4d0e-9ef9-ae6c2cd9d845","conversation_id":null,"itinerary":null,"stage":null} @ webpack-internal:///(app-pages-browser)/./lib/chat-transport.ts:137
[  155633ms] [LOG] [ChatTransport] onmessage triggered, has currentResponseHandler: true @ webpack-internal:///(app-pages-browser)/./lib/chat-transport.ts:41
[  155633ms] [LOG] [ChatTransport] responseHandler called, data: {"type":"delta","content":"传统","error":null,"message_id":"d6ac3a73-d02f-4d0e-9ef9-ae6c2cd9d845","conversation_id":null,"itinerary":null,"stage":null} @ webpack-internal:///(app-pages-browser)/./lib/chat-transport.ts:137
[  155694ms] [LOG] [ChatTransport] onmessage triggered, has currentResponseHandler: true @ webpack-internal:///(app-pages-browser)/./lib/chat-transport.ts:41
[  155694ms] [LOG] [ChatTransport] responseHandler called, data: {"type":"delta","content":"日","error":null,"message_id":"d6ac3a73-d02f-4d0e-9ef9-ae6c2cd9d845","conversation_id":null,"itinerary":null,"stage":null} @ webpack-internal:///(app-pages-browser)/./lib/chat-transport.ts:137
[  155763ms] [LOG] [ChatTransport] onmessage triggered, has currentResponseHandler: true @ webpack-internal:///(app-pages-browser)/./lib/chat-transport.ts:41
[  155763ms] [LOG] [ChatTransport] responseHandler called, data: {"type":"delta","content":"料到","error":null,"message_id":"d6ac3a73-d02f-4d0e-9ef9-ae6c2cd9d845","conversation_id":null,"itinerary":null,"stage":null} @ webpack-internal:///(app-pages-browser)/./lib/chat-transport.ts:137
[  155793ms] [LOG] [ChatTransport] onmessage triggered, has currentResponseHandler: true @ webpack-internal:///(app-pages-browser)/./lib/chat-transport.ts:41
[  155793ms] [LOG] [ChatTransport] responseHandler called, data: {"type":"delta","content":"现代","error":null,"message_id":"d6ac3a73-d02f-4d0e-9ef9-ae6c2cd9d845","conversation_id":null,"itinerary":null,"stage":null} @ webpack-internal:///(app-pages-browser)/./lib/chat-transport.ts:137
[  155856ms] [LOG] [ChatTransport] onmessage triggered, has currentResponseHandler: true @ webpack-internal:///(app-pages-browser)/./lib/chat-transport.ts:41
[  155856ms] [LOG] [ChatTransport] responseHandler called, data: {"type":"delta","content":"创新","error":null,"message_id":"d6ac3a73-d02f-4d0e-9ef9-ae6c2cd9d845","conversation_id":null,"itinerary":null,"stage":null} @ webpack-internal:///(app-pages-browser)/./lib/chat-transport.ts:137
[  155883ms] [LOG] [ChatTransport] onmessage triggered, has currentResponseHandler: true @ webpack-internal:///(app-pages-browser)/./lib/chat-transport.ts:41
[  155883ms] [LOG] [ChatTransport] responseHandler called, data: {"type":"delta","content":"料理","error":null,"message_id":"d6ac3a73-d02f-4d0e-9ef9-ae6c2cd9d845","conversation_id":null,"itinerary":null,"stage":null} @ webpack-internal:///(app-pages-browser)/./lib/chat-transport.ts:137
[  155919ms] [LOG] [ChatTransport] onmessage triggered, has currentResponseHandler: true @ webpack-internal:///(app-pages-browser)/./lib/chat-transport.ts:41
[  155920ms] [LOG] [ChatTransport] responseHandler called, data: {"type":"delta","content":"都有","error":null,"message_id":"d6ac3a73-d02f-4d0e-9ef9-ae6c2cd9d845","conversation_id":null,"itinerary":null,"stage":null} @ webpack-internal:///(app-pages-browser)/./lib/chat-transport.ts:137
[  156001ms] [LOG] [ChatTransport] onmessage triggered, has currentResponseHandler: true @ webpack-internal:///(app-pages-browser)/./lib/chat-transport.ts:41
[  156002ms] [LOG] [ChatTransport] responseHandler called, data: {"type":"delta","content":"。\n\n","error":null,"message_id":"d6ac3a73-d02f-4d0e-9ef9-ae6c2cd9d845","conversation_id":null,"itinerary":null,"stage":null} @ webpack-internal:///(app-pages-browser)/./lib/chat-transport.ts:137
[  156031ms] [LOG] [ChatTransport] onmessage triggered, has currentResponseHandler: true @ webpack-internal:///(app-pages-browser)/./lib/chat-transport.ts:41
[  156031ms] [LOG] [ChatTransport] responseHandler called, data: {"type":"delta","content":"```","error":null,"message_id":"d6ac3a73-d02f-4d0e-9ef9-ae6c2cd9d845","conversation_id":null,"itinerary":null,"stage":null} @ webpack-internal:///(app-pages-browser)/./lib/chat-transport.ts:137
[  156072ms] [LOG] [ChatTransport] onmessage triggered, has currentResponseHandler: true @ webpack-internal:///(app-pages-browser)/./lib/chat-transport.ts:41
[  156072ms] [LOG] [ChatTransport] responseHandler called, data: {"type":"delta","content":"json","error":null,"message_id":"d6ac3a73-d02f-4d0e-9ef9-ae6c2cd9d845","conversation_id":null,"itinerary":null,"stage":null} @ webpack-internal:///(app-pages-browser)/./lib/chat-transport.ts:137
[  156117ms] [LOG] [ChatTransport] onmessage triggered, has currentResponseHandler: true @ webpack-internal:///(app-pages-browser)/./lib/chat-transport.ts:41
[  156117ms] [LOG] [ChatTransport] responseHandler called, data: {"type":"delta","content":"\n","error":null,"message_id":"d6ac3a73-d02f-4d0e-9ef9-ae6c2cd9d845","conversation_id":null,"itinerary":null,"stage":null} @ webpack-internal:///(app-pages-browser)/./lib/chat-transport.ts:137
[  156150ms] [LOG] [ChatTransport] onmessage triggered, has currentResponseHandler: true @ webpack-internal:///(app-pages-browser)/./lib/chat-transport.ts:41
[  156150ms] [LOG] [ChatTransport] responseHandler called, data: {"type":"delta","content":"{\n","error":null,"message_id":"d6ac3a73-d02f-4d0e-9ef9-ae6c2cd9d845","conversation_id":null,"itinerary":null,"stage":null} @ webpack-internal:///(app-pages-browser)/./lib/chat-transport.ts:137
[  156179ms] [LOG] [ChatTransport] onmessage triggered, has currentResponseHandler: true @ webpack-internal:///(app-pages-browser)/./lib/chat-transport.ts:41
[  156179ms] [LOG] [ChatTransport] responseHandler called, data: {"type":"delta","content":" ","error":null,"message_id":"d6ac3a73-d02f-4d0e-9ef9-ae6c2cd9d845","conversation_id":null,"itinerary":null,"stage":null} @ webpack-internal:///(app-pages-browser)/./lib/chat-transport.ts:137
[  156214ms] [LOG] [ChatTransport] onmessage triggered, has currentResponseHandler: true @ webpack-internal:///(app-pages-browser)/./lib/chat-transport.ts:41
[  156214ms] [LOG] [ChatTransport] responseHandler called, data: {"type":"delta","content":" \"","error":null,"message_id":"d6ac3a73-d02f-4d0e-9ef9-ae6c2cd9d845","conversation_id":null,"itinerary":null,"stage":null} @ webpack-internal:///(app-pages-browser)/./lib/chat-transport.ts:137
[  156242ms] [LOG] [ChatTransport] onmessage triggered, has currentResponseHandler: true @ webpack-internal:///(app-pages-browser)/./lib/chat-transport.ts:41
[  156242ms] [LOG] [ChatTransport] responseHandler called, data: {"type":"delta","content":"location","error":null,"message_id":"d6ac3a73-d02f-4d0e-9ef9-ae6c2cd9d845","conversation_id":null,"itinerary":null,"stage":null} @ webpack-internal:///(app-pages-browser)/./lib/chat-transport.ts:137
[  156330ms] [LOG] [ChatTransport] onmessage triggered, has currentResponseHandler: true @ webpack-internal:///(app-pages-browser)/./lib/chat-transport.ts:41
[  156330ms] [LOG] [ChatTransport] responseHandler called, data: {"type":"delta","content":"\":","error":null,"message_id":"d6ac3a73-d02f-4d0e-9ef9-ae6c2cd9d845","conversation_id":null,"itinerary":null,"stage":null} @ webpack-internal:///(app-pages-browser)/./lib/chat-transport.ts:137
[  156362ms] [LOG] [ChatTransport] onmessage triggered, has currentResponseHandler: true @ webpack-internal:///(app-pages-browser)/./lib/chat-transport.ts:41
[  156363ms] [LOG] [ChatTransport] responseHandler called, data: {"type":"delta","content":" \"","error":null,"message_id":"d6ac3a73-d02f-4d0e-9ef9-ae6c2cd9d845","conversation_id":null,"itinerary":null,"stage":null} @ webpack-internal:///(app-pages-browser)/./lib/chat-transport.ts:137
[  156400ms] [LOG] [ChatTransport] onmessage triggered, has currentResponseHandler: true @ webpack-internal:///(app-pages-browser)/./lib/chat-transport.ts:41
[  156401ms] [LOG] [ChatTransport] responseHandler called, data: {"type":"delta","content":"东京","error":null,"message_id":"d6ac3a73-d02f-4d0e-9ef9-ae6c2cd9d845","conversation_id":null,"itinerary":null,"stage":null} @ webpack-internal:///(app-pages-browser)/./lib/chat-transport.ts:137
[  156445ms] [LOG] [ChatTransport] onmessage triggered, has currentResponseHandler: true @ webpack-internal:///(app-pages-browser)/./lib/chat-transport.ts:41
[  156445ms] [LOG] [ChatTransport] responseHandler called, data: {"type":"delta","content":"\",\n","error":null,"message_id":"d6ac3a73-d02f-4d0e-9ef9-ae6c2cd9d845","conversation_id":null,"itinerary":null,"stage":null} @ webpack-internal:///(app-pages-browser)/./lib/chat-transport.ts:137
[  156486ms] [LOG] [ChatTransport] onmessage triggered, has currentResponseHandler: true @ webpack-internal:///(app-pages-browser)/./lib/chat-transport.ts:41
[  156486ms] [LOG] [ChatTransport] responseHandler called, data: {"type":"delta","content":" ","error":null,"message_id":"d6ac3a73-d02f-4d0e-9ef9-ae6c2cd9d845","conversation_id":null,"itinerary":null,"stage":null} @ webpack-internal:///(app-pages-browser)/./lib/chat-transport.ts:137
[  156515ms] [LOG] [ChatTransport] onmessage triggered, has currentResponseHandler: true @ webpack-internal:///(app-pages-browser)/./lib/chat-transport.ts:41
[  156515ms] [LOG] [ChatTransport] responseHandler called, data: {"type":"delta","content":" \"","error":null,"message_id":"d6ac3a73-d02f-4d0e-9ef9-ae6c2cd9d845","conversation_id":null,"itinerary":null,"stage":null} @ webpack-internal:///(app-pages-browser)/./lib/chat-transport.ts:137
[  156535ms] [LOG] [ChatTransport] onmessage triggered, has currentResponseHandler: true @ webpack-internal:///(app-pages-browser)/./lib/chat-transport.ts:41
[  156535ms] [LOG] [ChatTransport] responseHandler called, data: {"type":"delta","content":"keywords","error":null,"message_id":"d6ac3a73-d02f-4d0e-9ef9-ae6c2cd9d845","conversation_id":null,"itinerary":null,"stage":null} @ webpack-internal:///(app-pages-browser)/./lib/chat-transport.ts:137
[  156541ms] [LOG] [ChatTransport] onmessage triggered, has currentResponseHandler: true @ webpack-internal:///(app-pages-browser)/./lib/chat-transport.ts:41
[  156542ms] [LOG] [ChatTransport] responseHandler called, data: {"type":"delta","content":"\":","error":null,"message_id":"d6ac3a73-d02f-4d0e-9ef9-ae6c2cd9d845","conversation_id":null,"itinerary":null,"stage":null} @ webpack-internal:///(app-pages-browser)/./lib/chat-transport.ts:137
[  156600ms] [LOG] [ChatTransport] onmessage triggered, has currentResponseHandler: true @ webpack-internal:///(app-pages-browser)/./lib/chat-transport.ts:41
[  156600ms] [LOG] [ChatTransport] responseHandler called, data: {"type":"delta","content":" \"","error":null,"message_id":"d6ac3a73-d02f-4d0e-9ef9-ae6c2cd9d845","conversation_id":null,"itinerary":null,"stage":null} @ webpack-internal:///(app-pages-browser)/./lib/chat-transport.ts:137
[  156606ms] [LOG] [ChatTransport] onmessage triggered, has currentResponseHandler: true @ webpack-internal:///(app-pages-browser)/./lib/chat-transport.ts:41
[  156606ms] [LOG] [ChatTransport] responseHandler called, data: {"type":"delta","content":"美食","error":null,"message_id":"d6ac3a73-d02f-4d0e-9ef9-ae6c2cd9d845","conversation_id":null,"itinerary":null,"stage":null} @ webpack-internal:///(app-pages-browser)/./lib/chat-transport.ts:137
[  156744ms] [LOG] [ChatTransport] onmessage triggered, has currentResponseHandler: true @ webpack-internal:///(app-pages-browser)/./lib/chat-transport.ts:41
[  156744ms] [LOG] [ChatTransport] responseHandler called, data: {"type":"delta","content":" ","error":null,"message_id":"d6ac3a73-d02f-4d0e-9ef9-ae6c2cd9d845","conversation_id":null,"itinerary":null,"stage":null} @ webpack-internal:///(app-pages-browser)/./lib/chat-transport.ts:137
[  156752ms] [LOG] [ChatTransport] onmessage triggered, has currentResponseHandler: true @ webpack-internal:///(app-pages-browser)/./lib/chat-transport.ts:41
[  156753ms] [LOG] [ChatTransport] responseHandler called, data: {"type":"delta","content":"餐厅","error":null,"message_id":"d6ac3a73-d02f-4d0e-9ef9-ae6c2cd9d845","conversation_id":null,"itinerary":null,"stage":null} @ webpack-internal:///(app-pages-browser)/./lib/chat-transport.ts:137
[  156762ms] [LOG] [ChatTransport] onmessage triggered, has currentResponseHandler: true @ webpack-internal:///(app-pages-browser)/./lib/chat-transport.ts:41
[  156763ms] [LOG] [ChatTransport] responseHandler called, data: {"type":"delta","content":" ","error":null,"message_id":"d6ac3a73-d02f-4d0e-9ef9-ae6c2cd9d845","conversation_id":null,"itinerary":null,"stage":null} @ webpack-internal:///(app-pages-browser)/./lib/chat-transport.ts:137
[  156771ms] [LOG] [ChatTransport] onmessage triggered, has currentResponseHandler: true @ webpack-internal:///(app-pages-browser)/./lib/chat-transport.ts:41
[  156771ms] [LOG] [ChatTransport] responseHandler called, data: {"type":"delta","content":"料理","error":null,"message_id":"d6ac3a73-d02f-4d0e-9ef9-ae6c2cd9d845","conversation_id":null,"itinerary":null,"stage":null} @ webpack-internal:///(app-pages-browser)/./lib/chat-transport.ts:137
[  156825ms] [LOG] [ChatTransport] onmessage triggered, has currentResponseHandler: true @ webpack-internal:///(app-pages-browser)/./lib/chat-transport.ts:41
[  156825ms] [LOG] [ChatTransport] responseHandler called, data: {"type":"delta","content":"\",\n","error":null,"message_id":"d6ac3a73-d02f-4d0e-9ef9-ae6c2cd9d845","conversation_id":null,"itinerary":null,"stage":null} @ webpack-internal:///(app-pages-browser)/./lib/chat-transport.ts:137
[  156850ms] [LOG] [ChatTransport] onmessage triggered, has currentResponseHandler: true @ webpack-internal:///(app-pages-browser)/./lib/chat-transport.ts:41
[  156850ms] [LOG] [ChatTransport] responseHandler called, data: {"type":"delta","content":" ","error":null,"message_id":"d6ac3a73-d02f-4d0e-9ef9-ae6c2cd9d845","conversation_id":null,"itinerary":null,"stage":null} @ webpack-internal:///(app-pages-browser)/./lib/chat-transport.ts:137
[  156907ms] [LOG] [ChatTransport] onmessage triggered, has currentResponseHandler: true @ webpack-internal:///(app-pages-browser)/./lib/chat-transport.ts:41
[  156907ms] [LOG] [ChatTransport] responseHandler called, data: {"type":"delta","content":" \"","error":null,"message_id":"d6ac3a73-d02f-4d0e-9ef9-ae6c2cd9d845","conversation_id":null,"itinerary":null,"stage":null} @ webpack-internal:///(app-pages-browser)/./lib/chat-transport.ts:137
[  156940ms] [LOG] [ChatTransport] onmessage triggered, has currentResponseHandler: true @ webpack-internal:///(app-pages-browser)/./lib/chat-transport.ts:41
[  156940ms] [LOG] [ChatTransport] responseHandler called, data: {"type":"delta","content":"types","error":null,"message_id":"d6ac3a73-d02f-4d0e-9ef9-ae6c2cd9d845","conversation_id":null,"itinerary":null,"stage":null} @ webpack-internal:///(app-pages-browser)/./lib/chat-transport.ts:137
[  156993ms] [LOG] [ChatTransport] onmessage triggered, has currentResponseHandler: true @ webpack-internal:///(app-pages-browser)/./lib/chat-transport.ts:41
[  156994ms] [LOG] [ChatTransport] responseHandler called, data: {"type":"delta","content":"\":","error":null,"message_id":"d6ac3a73-d02f-4d0e-9ef9-ae6c2cd9d845","conversation_id":null,"itinerary":null,"stage":null} @ webpack-internal:///(app-pages-browser)/./lib/chat-transport.ts:137
[  157028ms] [LOG] [ChatTransport] onmessage triggered, has currentResponseHandler: true @ webpack-internal:///(app-pages-browser)/./lib/chat-transport.ts:41
[  157028ms] [LOG] [ChatTransport] responseHandler called, data: {"type":"delta","content":" \"","error":null,"message_id":"d6ac3a73-d02f-4d0e-9ef9-ae6c2cd9d845","conversation_id":null,"itinerary":null,"stage":null} @ webpack-internal:///(app-pages-browser)/./lib/chat-transport.ts:137
[  157249ms] [LOG] [ChatTransport] onmessage triggered, has currentResponseHandler: true @ webpack-internal:///(app-pages-browser)/./lib/chat-transport.ts:41
[  157250ms] [LOG] [ChatTransport] responseHandler called, data: {"type":"delta","content":"050","error":null,"message_id":"d6ac3a73-d02f-4d0e-9ef9-ae6c2cd9d845","conversation_id":null,"itinerary":null,"stage":null} @ webpack-internal:///(app-pages-browser)/./lib/chat-transport.ts:137
[  157280ms] [LOG] [ChatTransport] onmessage triggered, has currentResponseHandler: true @ webpack-internal:///(app-pages-browser)/./lib/chat-transport.ts:41
[  157281ms] [LOG] [ChatTransport] responseHandler called, data: {"type":"delta","content":"000","error":null,"message_id":"d6ac3a73-d02f-4d0e-9ef9-ae6c2cd9d845","conversation_id":null,"itinerary":null,"stage":null} @ webpack-internal:///(app-pages-browser)/./lib/chat-transport.ts:137
[  157281ms] [LOG] [ChatTransport] onmessage triggered, has currentResponseHandler: true @ webpack-internal:///(app-pages-browser)/./lib/chat-transport.ts:41
[  157281ms] [LOG] [ChatTransport] responseHandler called, data: {"type":"delta","content":",","error":null,"message_id":"d6ac3a73-d02f-4d0e-9ef9-ae6c2cd9d845","conversation_id":null,"itinerary":null,"stage":null} @ webpack-internal:///(app-pages-browser)/./lib/chat-transport.ts:137
[  157281ms] [LOG] [ChatTransport] onmessage triggered, has currentResponseHandler: true @ webpack-internal:///(app-pages-browser)/./lib/chat-transport.ts:41
[  157281ms] [LOG] [ChatTransport] responseHandler called, data: {"type":"delta","content":"050","error":null,"message_id":"d6ac3a73-d02f-4d0e-9ef9-ae6c2cd9d845","conversation_id":null,"itinerary":null,"stage":null} @ webpack-internal:///(app-pages-browser)/./lib/chat-transport.ts:137
[  157313ms] [LOG] [ChatTransport] onmessage triggered, has currentResponseHandler: true @ webpack-internal:///(app-pages-browser)/./lib/chat-transport.ts:41
[  157313ms] [LOG] [ChatTransport] responseHandler called, data: {"type":"delta","content":"100","error":null,"message_id":"d6ac3a73-d02f-4d0e-9ef9-ae6c2cd9d845","conversation_id":null,"itinerary":null,"stage":null} @ webpack-internal:///(app-pages-browser)/./lib/chat-transport.ts:137
[  157313ms] [LOG] [ChatTransport] onmessage triggered, has currentResponseHandler: true @ webpack-internal:///(app-pages-browser)/./lib/chat-transport.ts:41
[  157314ms] [LOG] [ChatTransport] responseHandler called, data: {"type":"delta","content":",","error":null,"message_id":"d6ac3a73-d02f-4d0e-9ef9-ae6c2cd9d845","conversation_id":null,"itinerary":null,"stage":null} @ webpack-internal:///(app-pages-browser)/./lib/chat-transport.ts:137
[  157343ms] [LOG] [ChatTransport] onmessage triggered, has currentResponseHandler: true @ webpack-internal:///(app-pages-browser)/./lib/chat-transport.ts:41
[  157344ms] [LOG] [ChatTransport] responseHandler called, data: {"type":"delta","content":"050","error":null,"message_id":"d6ac3a73-d02f-4d0e-9ef9-ae6c2cd9d845","conversation_id":null,"itinerary":null,"stage":null} @ webpack-internal:///(app-pages-browser)/./lib/chat-transport.ts:137
[  157345ms] [LOG] [ChatTransport] onmessage triggered, has currentResponseHandler: true @ webpack-internal:///(app-pages-browser)/./lib/chat-transport.ts:41
[  157345ms] [LOG] [ChatTransport] responseHandler called, data: {"type":"delta","content":"200","error":null,"message_id":"d6ac3a73-d02f-4d0e-9ef9-ae6c2cd9d845","conversation_id":null,"itinerary":null,"stage":null} @ webpack-internal:///(app-pages-browser)/./lib/chat-transport.ts:137
[  157375ms] [LOG] [ChatTransport] onmessage triggered, has currentResponseHandler: true @ webpack-internal:///(app-pages-browser)/./lib/chat-transport.ts:41
[  157376ms] [LOG] [ChatTransport] responseHandler called, data: {"type":"delta","content":",","error":null,"message_id":"d6ac3a73-d02f-4d0e-9ef9-ae6c2cd9d845","conversation_id":null,"itinerary":null,"stage":null} @ webpack-internal:///(app-pages-browser)/./lib/chat-transport.ts:137
[  157411ms] [LOG] [ChatTransport] onmessage triggered, has currentResponseHandler: true @ webpack-internal:///(app-pages-browser)/./lib/chat-transport.ts:41
[  157412ms] [LOG] [ChatTransport] responseHandler called, data: {"type":"delta","content":"050","error":null,"message_id":"d6ac3a73-d02f-4d0e-9ef9-ae6c2cd9d845","conversation_id":null,"itinerary":null,"stage":null} @ webpack-internal:///(app-pages-browser)/./lib/chat-transport.ts:137
[  157444ms] [LOG] [ChatTransport] onmessage triggered, has currentResponseHandler: true @ webpack-internal:///(app-pages-browser)/./lib/chat-transport.ts:41
[  157445ms] [LOG] [ChatTransport] responseHandler called, data: {"type":"delta","content":"300","error":null,"message_id":"d6ac3a73-d02f-4d0e-9ef9-ae6c2cd9d845","conversation_id":null,"itinerary":null,"stage":null} @ webpack-internal:///(app-pages-browser)/./lib/chat-transport.ts:137
[  157483ms] [LOG] [ChatTransport] onmessage triggered, has currentResponseHandler: true @ webpack-internal:///(app-pages-browser)/./lib/chat-transport.ts:41
[  157483ms] [LOG] [ChatTransport] responseHandler called, data: {"type":"delta","content":"\"\n","error":null,"message_id":"d6ac3a73-d02f-4d0e-9ef9-ae6c2cd9d845","conversation_id":null,"itinerary":null,"stage":null} @ webpack-internal:///(app-pages-browser)/./lib/chat-transport.ts:137
[  157519ms] [LOG] [ChatTransport] onmessage triggered, has currentResponseHandler: true @ webpack-internal:///(app-pages-browser)/./lib/chat-transport.ts:41
[  157520ms] [LOG] [ChatTransport] responseHandler called, data: {"type":"delta","content":"}\n","error":null,"message_id":"d6ac3a73-d02f-4d0e-9ef9-ae6c2cd9d845","conversation_id":null,"itinerary":null,"stage":null} @ webpack-internal:///(app-pages-browser)/./lib/chat-transport.ts:137
[  157550ms] [LOG] [ChatTransport] onmessage triggered, has currentResponseHandler: true @ webpack-internal:///(app-pages-browser)/./lib/chat-transport.ts:41
[  157551ms] [LOG] [ChatTransport] responseHandler called, data: {"type":"delta","content":"```","error":null,"message_id":"d6ac3a73-d02f-4d0e-9ef9-ae6c2cd9d845","conversation_id":null,"itinerary":null,"stage":null} @ webpack-internal:///(app-pages-browser)/./lib/chat-transport.ts:137
[  157595ms] [LOG] [ChatTransport] onmessage triggered, has currentResponseHandler: true @ webpack-internal:///(app-pages-browser)/./lib/chat-transport.ts:41
[  157596ms] [LOG] [ChatTransport] responseHandler called, data: {"type":"stage","content":null,"error":null,"message_id":"d6ac3a73-d02f-4d0e-9ef9-ae6c2cd9d845","conversation_id":null,"itinerary":null,"stage":{"name":"6_LLM","status":"end","label":"✨ 生成回复","message":"正在生成回复内容..."}} @ webpack-internal:///(app-pages-browser)/./lib/chat-transport.ts:137
[  157596ms] [LOG] [ChatTransport] Stage update: {name: 6_LLM, status: end, label: ✨ 生成回复, message: 正在生成回复内容...} @ webpack-internal:///(app-pages-browser)/./lib/chat-transport.ts:147
[  157630ms] [LOG] [ChatTransport] onmessage triggered, has currentResponseHandler: true @ webpack-internal:///(app-pages-browser)/./lib/chat-transport.ts:41
[  157631ms] [LOG] [ChatTransport] responseHandler called, data: {"type":"stage","content":null,"error":null,"message_id":"d6ac3a73-d02f-4d0e-9ef9-ae6c2cd9d845","conversation_id":null,"itinerary":null,"stage":{"name":"7_CTX_MANAGE","status":"start","label":"📊 上下文管理","message":"正在管理上下文窗口..."}} @ webpack-internal:///(app-pages-browser)/./lib/chat-transport.ts:137
[  157631ms] [LOG] [ChatTransport] Stage update: {name: 7_CTX_MANAGE, status: start, label: 📊 上下文管理, message: 正在管理上下文窗口...} @ webpack-internal:///(app-pages-browser)/./lib/chat-transport.ts:147
[  157632ms] [LOG] [ChatTransport] onmessage triggered, has currentResponseHandler: true @ webpack-internal:///(app-pages-browser)/./lib/chat-transport.ts:41
[  157632ms] [LOG] [ChatTransport] responseHandler called, data: {"type":"stage","content":null,"error":null,"message_id":"d6ac3a73-d02f-4d0e-9ef9-ae6c2cd9d845","conversation_id":null,"itinerary":null,"stage":{"name":"7_CTX_MANAGE","status":"skip","label":"📊 上下文管理","message":"正在管理上下文窗口..."}} @ webpack-internal:///(app-pages-browser)/./lib/chat-transport.ts:137
[  157633ms] [LOG] [ChatTransport] Stage update: {name: 7_CTX_MANAGE, status: skip, label: 📊 上下文管理, message: 正在管理上下文窗口...} @ webpack-internal:///(app-pages-browser)/./lib/chat-transport.ts:147
[  157633ms] [LOG] [ChatTransport] onmessage triggered, has currentResponseHandler: true @ webpack-internal:///(app-pages-browser)/./lib/chat-transport.ts:41
[  157634ms] [LOG] [ChatTransport] responseHandler called, data: {"type":"stage","content":null,"error":null,"message_id":"d6ac3a73-d02f-4d0e-9ef9-ae6c2cd9d845","conversation_id":null,"itinerary":null,"stage":{"name":"8_MEMORY","status":"start","label":"💾 记忆更新","message":"正在更新记忆信息..."}} @ webpack-internal:///(app-pages-browser)/./lib/chat-transport.ts:137
[  157634ms] [LOG] [ChatTransport] Stage update: {name: 8_MEMORY, status: start, label: 💾 记忆更新, message: 正在更新记忆信息...} @ webpack-internal:///(app-pages-browser)/./lib/chat-transport.ts:147
[  157635ms] [LOG] [ChatTransport] onmessage triggered, has currentResponseHandler: true @ webpack-internal:///(app-pages-browser)/./lib/chat-transport.ts:41
[  157636ms] [LOG] [ChatTransport] responseHandler called, data: {"type":"stage","content":null,"error":null,"message_id":"d6ac3a73-d02f-4d0e-9ef9-ae6c2cd9d845","conversation_id":null,"itinerary":null,"stage":{"name":"8_MEMORY","status":"end","label":"💾 记忆更新","message":"正在更新记忆信息..."}} @ webpack-internal:///(app-pages-browser)/./lib/chat-transport.ts:137
[  157636ms] [LOG] [ChatTransport] Stage update: {name: 8_MEMORY, status: end, label: 💾 记忆更新, message: 正在更新记忆信息...} @ webpack-internal:///(app-pages-browser)/./lib/chat-transport.ts:147
[  157636ms] [LOG] [ChatTransport] onmessage triggered, has currentResponseHandler: true @ webpack-internal:///(app-pages-browser)/./lib/chat-transport.ts:41
[  157637ms] [LOG] [ChatTransport] responseHandler called, data: {"type":"done","content":"我来帮您查询东京的美食信息。东京作为美食之都，有各种各样的美食选择，从传统日料到现代创新料理都有。\n\n```json\n{\n  \"location\": \"东京\",\n  \"keywords\": \"美食 餐厅 料理\",\n  \"types\": \"050000,050100,050200,050300\"\n}\n```","error":null,"message_id":"d6ac3a73-d02f-4d0e-9ef9-ae6c2cd9d845","conversation_id":"c9b60305-5275-4c4a-9f83-1d5b93707c97","itinerary":null,"stage":null} @ webpack-internal:///(app-pages-browser)/./lib/chat-transport.ts:137
[  157637ms] [LOG] [ChatTransport] Updated conversation_id: c9b60305-5275-4c4a-9f83-1d5b93707c97 @ webpack-internal:///(app-pages-browser)/./lib/chat-transport.ts:165
[  257210ms] [LOG] [ChatTransport] sendMessage called, content: 东京有什么好吃的？ @ webpack-internal:///(app-pages-browser)/./lib/chat-transport.ts:109
[  257210ms] [LOG] [ChatTransport] isConnected: true ws.readyState: 1 @ webpack-internal:///(app-pages-browser)/./lib/chat-transport.ts:110
[  257210ms] [LOG] [ChatTransport] has_image: false @ webpack-internal:///(app-pages-browser)/./lib/chat-transport.ts:111
[  257211ms] [LOG] [ChatTransport] Sending WebSocket message: msg_1776427849470_svbo4pu 东京有什么好吃的？ @ webpack-internal:///(app-pages-browser)/./lib/chat-transport.ts:126
[  257211ms] [LOG] [ChatTransport] Setting currentResponseHandler @ webpack-internal:///(app-pages-browser)/./lib/chat-transport.ts:179
[  257211ms] [LOG] [ChatTransport] send() called, isConnected: true readyState: 1 @ webpack-internal:///(app-pages-browser)/./lib/chat-transport.ts:97
[  257211ms] [LOG] [ChatTransport] Sending WebSocket data: {"type":"message","session_id":"session_1776427593394_wx4xczz","conversation_id":"c9b60305-5275-4c4a-9f83-1d5b93707c97","user_id":"f62f4ec5-1874-4821-97e9-b2c70b35805d","content":"东京有什么好吃的？","has_image":false} @ webpack-internal:///(app-pages-browser)/./lib/chat-transport.ts:99
[  257298ms] [LOG] [ChatTransport] onmessage triggered, has currentResponseHandler: true @ webpack-internal:///(app-pages-browser)/./lib/chat-transport.ts:41
[  257298ms] [LOG] [ChatTransport] responseHandler called, data: {"type":"stage","content":null,"error":null,"message_id":"bdf9eee2-8c17-4539-8883-0a6eee617012","conversation_id":null,"itinerary":null,"stage":{"name":"1_INTENT","status":"start","label":"🔍 意图识别","message":"正在分析您的需求..."}} @ webpack-internal:///(app-pages-browser)/./lib/chat-transport.ts:137
[  257298ms] [LOG] [ChatTransport] Stage update: {name: 1_INTENT, status: start, label: 🔍 意图识别, message: 正在分析您的需求...} @ webpack-internal:///(app-pages-browser)/./lib/chat-transport.ts:147
[  257330ms] [LOG] [ChatTransport] onmessage triggered, has currentResponseHandler: true @ webpack-internal:///(app-pages-browser)/./lib/chat-transport.ts:41
[  257330ms] [LOG] [ChatTransport] responseHandler called, data: {"type":"stage","content":null,"error":null,"message_id":"bdf9eee2-8c17-4539-8883-0a6eee617012","conversation_id":null,"itinerary":null,"stage":{"name":"1_INTENT","status":"end","label":"🔍 意图识别","message":"正在分析您的需求..."}} @ webpack-internal:///(app-pages-browser)/./lib/chat-transport.ts:137
[  257331ms] [LOG] [ChatTransport] Stage update: {name: 1_INTENT, status: end, label: 🔍 意图识别, message: 正在分析您的需求...} @ webpack-internal:///(app-pages-browser)/./lib/chat-transport.ts:147
[  257331ms] [LOG] [ChatTransport] onmessage triggered, has currentResponseHandler: true @ webpack-internal:///(app-pages-browser)/./lib/chat-transport.ts:41
[  257332ms] [LOG] [ChatTransport] responseHandler called, data: {"type":"stage","content":null,"error":null,"message_id":"bdf9eee2-8c17-4539-8883-0a6eee617012","conversation_id":null,"itinerary":null,"stage":{"name":"2_STORAGE","status":"start","label":"📚 加载历史","message":"正在加载对话历史..."}} @ webpack-internal:///(app-pages-browser)/./lib/chat-transport.ts:137
[  257332ms] [LOG] [ChatTransport] Stage update: {name: 2_STORAGE, status: start, label: 📚 加载历史, message: 正在加载对话历史...} @ webpack-internal:///(app-pages-browser)/./lib/chat-transport.ts:147
[  257333ms] [LOG] [ChatTransport] onmessage triggered, has currentResponseHandler: true @ webpack-internal:///(app-pages-browser)/./lib/chat-transport.ts:41
[  257333ms] [LOG] [ChatTransport] responseHandler called, data: {"type":"stage","content":null,"error":null,"message_id":"bdf9eee2-8c17-4539-8883-0a6eee617012","conversation_id":null,"itinerary":null,"stage":{"name":"2_STORAGE","status":"end","label":"📚 加载历史","message":"正在加载对话历史..."}} @ webpack-internal:///(app-pages-browser)/./lib/chat-transport.ts:137
[  257333ms] [LOG] [ChatTransport] Stage update: {name: 2_STORAGE, status: end, label: 📚 加载历史, message: 正在加载对话历史...} @ webpack-internal:///(app-pages-browser)/./lib/chat-transport.ts:147
[  257334ms] [LOG] [ChatTransport] onmessage triggered, has currentResponseHandler: true @ webpack-internal:///(app-pages-browser)/./lib/chat-transport.ts:41
[  257334ms] [LOG] [ChatTransport] responseHandler called, data: {"type":"stage","content":null,"error":null,"message_id":"bdf9eee2-8c17-4539-8883-0a6eee617012","conversation_id":null,"itinerary":null,"stage":{"name":"3_CTX_CLEAN","status":"start","label":"🧹 上下文清理","message":"正在整理上下文信息..."}} @ webpack-internal:///(app-pages-browser)/./lib/chat-transport.ts:137
[  257334ms] [LOG] [ChatTransport] Stage update: {name: 3_CTX_CLEAN, status: start, label: 🧹 上下文清理, message: 正在整理上下文信息...} @ webpack-internal:///(app-pages-browser)/./lib/chat-transport.ts:147
[  257335ms] [LOG] [ChatTransport] onmessage triggered, has currentResponseHandler: true @ webpack-internal:///(app-pages-browser)/./lib/chat-transport.ts:41
[  257335ms] [LOG] [ChatTransport] responseHandler called, data: {"type":"stage","content":null,"error":null,"message_id":"bdf9eee2-8c17-4539-8883-0a6eee617012","conversation_id":null,"itinerary":null,"stage":{"name":"3_CTX_CLEAN","status":"skip","label":"🧹 上下文清理","message":"正在整理上下文信息..."}} @ webpack-internal:///(app-pages-browser)/./lib/chat-transport.ts:137
[  257335ms] [LOG] [ChatTransport] Stage update: {name: 3_CTX_CLEAN, status: skip, label: 🧹 上下文清理, message: 正在整理上下文信息...} @ webpack-internal:///(app-pages-browser)/./lib/chat-transport.ts:147
[  257335ms] [LOG] [ChatTransport] onmessage triggered, has currentResponseHandler: true @ webpack-internal:///(app-pages-browser)/./lib/chat-transport.ts:41
[  257336ms] [LOG] [ChatTransport] responseHandler called, data: {"type":"stage","content":null,"error":null,"message_id":"bdf9eee2-8c17-4539-8883-0a6eee617012","conversation_id":null,"itinerary":null,"stage":{"name":"4_TOOLS","status":"start","label":"🔧 工具调用","message":"正在获取实时数据..."}} @ webpack-internal:///(app-pages-browser)/./lib/chat-transport.ts:137
[  257336ms] [LOG] [ChatTransport] Stage update: {name: 4_TOOLS, status: start, label: 🔧 工具调用, message: 正在获取实时数据...} @ webpack-internal:///(app-pages-browser)/./lib/chat-transport.ts:147
[  257336ms] [LOG] [ChatTransport] onmessage triggered, has currentResponseHandler: true @ webpack-internal:///(app-pages-browser)/./lib/chat-transport.ts:41
[  257337ms] [LOG] [ChatTransport] responseHandler called, data: {"type":"stage","content":null,"error":null,"message_id":"bdf9eee2-8c17-4539-8883-0a6eee617012","conversation_id":null,"itinerary":null,"stage":{"name":"4_TOOLS","status":"skip","label":"🔧 工具调用","message":"正在获取实时数据..."}} @ webpack-internal:///(app-pages-browser)/./lib/chat-transport.ts:137
[  257337ms] [LOG] [ChatTransport] Stage update: {name: 4_TOOLS, status: skip, label: 🔧 工具调用, message: 正在获取实时数据...} @ webpack-internal:///(app-pages-browser)/./lib/chat-transport.ts:147
[  257337ms] [LOG] [ChatTransport] onmessage triggered, has currentResponseHandler: true @ webpack-internal:///(app-pages-browser)/./lib/chat-transport.ts:41
[  257337ms] [LOG] [ChatTransport] responseHandler called, data: {"type":"stage","content":null,"error":null,"message_id":"bdf9eee2-8c17-4539-8883-0a6eee617012","conversation_id":null,"itinerary":null,"stage":{"name":"4_TOOLS","status":"end","label":"🔧 工具调用","message":"正在获取实时数据..."}} @ webpack-internal:///(app-pages-browser)/./lib/chat-transport.ts:137
[  257337ms] [LOG] [ChatTransport] Stage update: {name: 4_TOOLS, status: end, label: 🔧 工具调用, message: 正在获取实时数据...} @ webpack-internal:///(app-pages-browser)/./lib/chat-transport.ts:147
[  257338ms] [LOG] [ChatTransport] onmessage triggered, has currentResponseHandler: true @ webpack-internal:///(app-pages-browser)/./lib/chat-transport.ts:41
[  257338ms] [LOG] [ChatTransport] responseHandler called, data: {"type":"stage","content":null,"error":null,"message_id":"bdf9eee2-8c17-4539-8883-0a6eee617012","conversation_id":null,"itinerary":null,"stage":{"name":"5_CONTEXT","status":"start","label":"🔗 整合信息","message":"正在整合相关信息..."}} @ webpack-internal:///(app-pages-browser)/./lib/chat-transport.ts:137
[  257338ms] [LOG] [ChatTransport] Stage update: {name: 5_CONTEXT, status: start, label: 🔗 整合信息, message: 正在整合相关信息...} @ webpack-internal:///(app-pages-browser)/./lib/chat-transport.ts:147
[  257339ms] [LOG] [ChatTransport] onmessage triggered, has currentResponseHandler: true @ webpack-internal:///(app-pages-browser)/./lib/chat-transport.ts:41
[  257339ms] [LOG] [ChatTransport] responseHandler called, data: {"type":"stage","content":null,"error":null,"message_id":"bdf9eee2-8c17-4539-8883-0a6eee617012","conversation_id":null,"itinerary":null,"stage":{"name":"5_CONTEXT","status":"end","label":"🔗 整合信息","message":"正在整合相关信息..."}} @ webpack-internal:///(app-pages-browser)/./lib/chat-transport.ts:137
[  257340ms] [LOG] [ChatTransport] Stage update: {name: 5_CONTEXT, status: end, label: 🔗 整合信息, message: 正在整合相关信息...} @ webpack-internal:///(app-pages-browser)/./lib/chat-transport.ts:147
[  257341ms] [LOG] [ChatTransport] onmessage triggered, has currentResponseHandler: true @ webpack-internal:///(app-pages-browser)/./lib/chat-transport.ts:41
[  257341ms] [LOG] [ChatTransport] responseHandler called, data: {"type":"stage","content":null,"error":null,"message_id":"bdf9eee2-8c17-4539-8883-0a6eee617012","conversation_id":null,"itinerary":null,"stage":{"name":"6_LLM","status":"start","label":"✨ 生成回复","message":"正在生成回复内容..."}} @ webpack-internal:///(app-pages-browser)/./lib/chat-transport.ts:137
[  257342ms] [LOG] [ChatTransport] Stage update: {name: 6_LLM, status: start, label: ✨ 生成回复, message: 正在生成回复内容...} @ webpack-internal:///(app-pages-browser)/./lib/chat-transport.ts:147
[  258322ms] [LOG] [ChatTransport] onmessage triggered, has currentResponseHandler: true @ webpack-internal:///(app-pages-browser)/./lib/chat-transport.ts:41
[  258322ms] [LOG] [ChatTransport] responseHandler called, data: {"type":"delta","content":"我来","error":null,"message_id":"bdf9eee2-8c17-4539-8883-0a6eee617012","conversation_id":null,"itinerary":null,"stage":null} @ webpack-internal:///(app-pages-browser)/./lib/chat-transport.ts:137
[  258718ms] [LOG] [ChatTransport] onmessage triggered, has currentResponseHandler: true @ webpack-internal:///(app-pages-browser)/./lib/chat-transport.ts:41
[  258718ms] [LOG] [ChatTransport] responseHandler called, data: {"type":"delta","content":"帮","error":null,"message_id":"bdf9eee2-8c17-4539-8883-0a6eee617012","conversation_id":null,"itinerary":null,"stage":null} @ webpack-internal:///(app-pages-browser)/./lib/chat-transport.ts:137
[  258854ms] [LOG] [ChatTransport] onmessage triggered, has currentResponseHandler: true @ webpack-internal:///(app-pages-browser)/./lib/chat-transport.ts:41
[  258854ms] [LOG] [ChatTransport] responseHandler called, data: {"type":"delta","content":"您","error":null,"message_id":"bdf9eee2-8c17-4539-8883-0a6eee617012","conversation_id":null,"itinerary":null,"stage":null} @ webpack-internal:///(app-pages-browser)/./lib/chat-transport.ts:137
[  258884ms] [LOG] [ChatTransport] onmessage triggered, has currentResponseHandler: true @ webpack-internal:///(app-pages-browser)/./lib/chat-transport.ts:41
[  258884ms] [LOG] [ChatTransport] responseHandler called, data: {"type":"delta","content":"查询","error":null,"message_id":"bdf9eee2-8c17-4539-8883-0a6eee617012","conversation_id":null,"itinerary":null,"stage":null} @ webpack-internal:///(app-pages-browser)/./lib/chat-transport.ts:137
[  258920ms] [LOG] [ChatTransport] onmessage triggered, has currentResponseHandler: true @ webpack-internal:///(app-pages-browser)/./lib/chat-transport.ts:41
[  258921ms] [LOG] [ChatTransport] responseHandler called, data: {"type":"delta","content":"东京","error":null,"message_id":"bdf9eee2-8c17-4539-8883-0a6eee617012","conversation_id":null,"itinerary":null,"stage":null} @ webpack-internal:///(app-pages-browser)/./lib/chat-transport.ts:137
[  258921ms] [LOG] [ChatTransport] onmessage triggered, has currentResponseHandler: true @ webpack-internal:///(app-pages-browser)/./lib/chat-transport.ts:41
[  258921ms] [LOG] [ChatTransport] responseHandler called, data: {"type":"delta","content":"的美食","error":null,"message_id":"bdf9eee2-8c17-4539-8883-0a6eee617012","conversation_id":null,"itinerary":null,"stage":null} @ webpack-internal:///(app-pages-browser)/./lib/chat-transport.ts:137
[  258954ms] [LOG] [ChatTransport] onmessage triggered, has currentResponseHandler: true @ webpack-internal:///(app-pages-browser)/./lib/chat-transport.ts:41
[  258955ms] [LOG] [ChatTransport] responseHandler called, data: {"type":"delta","content":"信息","error":null,"message_id":"bdf9eee2-8c17-4539-8883-0a6eee617012","conversation_id":null,"itinerary":null,"stage":null} @ webpack-internal:///(app-pages-browser)/./lib/chat-transport.ts:137
[  258997ms] [LOG] [ChatTransport] onmessage triggered, has currentResponseHandler: true @ webpack-internal:///(app-pages-browser)/./lib/chat-transport.ts:41
[  258997ms] [LOG] [ChatTransport] responseHandler called, data: {"type":"delta","content":"。","error":null,"message_id":"bdf9eee2-8c17-4539-8883-0a6eee617012","conversation_id":null,"itinerary":null,"stage":null} @ webpack-internal:///(app-pages-browser)/./lib/chat-transport.ts:137
[  259087ms] [LOG] [ChatTransport] onmessage triggered, has currentResponseHandler: true @ webpack-internal:///(app-pages-browser)/./lib/chat-transport.ts:41
[  259088ms] [LOG] [ChatTransport] responseHandler called, data: {"type":"delta","content":"东京","error":null,"message_id":"bdf9eee2-8c17-4539-8883-0a6eee617012","conversation_id":null,"itinerary":null,"stage":null} @ webpack-internal:///(app-pages-browser)/./lib/chat-transport.ts:137
[  259118ms] [LOG] [ChatTransport] onmessage triggered, has currentResponseHandler: true @ webpack-internal:///(app-pages-browser)/./lib/chat-transport.ts:41
[  259118ms] [LOG] [ChatTransport] responseHandler called, data: {"type":"delta","content":"作为","error":null,"message_id":"bdf9eee2-8c17-4539-8883-0a6eee617012","conversation_id":null,"itinerary":null,"stage":null} @ webpack-internal:///(app-pages-browser)/./lib/chat-transport.ts:137
[  259119ms] [LOG] [ChatTransport] onmessage triggered, has currentResponseHandler: true @ webpack-internal:///(app-pages-browser)/./lib/chat-transport.ts:41
[  259119ms] [LOG] [ChatTransport] responseHandler called, data: {"type":"delta","content":"世界","error":null,"message_id":"bdf9eee2-8c17-4539-8883-0a6eee617012","conversation_id":null,"itinerary":null,"stage":null} @ webpack-internal:///(app-pages-browser)/./lib/chat-transport.ts:137
[  259168ms] [LOG] [ChatTransport] onmessage triggered, has currentResponseHandler: true @ webpack-internal:///(app-pages-browser)/./lib/chat-transport.ts:41
[  259169ms] [LOG] [ChatTransport] responseHandler called, data: {"type":"delta","content":"闻","error":null,"message_id":"bdf9eee2-8c17-4539-8883-0a6eee617012","conversation_id":null,"itinerary":null,"stage":null} @ webpack-internal:///(app-pages-browser)/./lib/chat-transport.ts:137
[  259198ms] [LOG] [ChatTransport] onmessage triggered, has currentResponseHandler: true @ webpack-internal:///(app-pages-browser)/./lib/chat-transport.ts:41
[  259198ms] [LOG] [ChatTransport] responseHandler called, data: {"type":"delta","content":"名的","error":null,"message_id":"bdf9eee2-8c17-4539-8883-0a6eee617012","conversation_id":null,"itinerary":null,"stage":null} @ webpack-internal:///(app-pages-browser)/./lib/chat-transport.ts:137
[  259238ms] [LOG] [ChatTransport] onmessage triggered, has currentResponseHandler: true @ webpack-internal:///(app-pages-browser)/./lib/chat-transport.ts:41
[  259238ms] [LOG] [ChatTransport] responseHandler called, data: {"type":"delta","content":"美食","error":null,"message_id":"bdf9eee2-8c17-4539-8883-0a6eee617012","conversation_id":null,"itinerary":null,"stage":null} @ webpack-internal:///(app-pages-browser)/./lib/chat-transport.ts:137
[  259268ms] [LOG] [ChatTransport] onmessage triggered, has currentResponseHandler: true @ webpack-internal:///(app-pages-browser)/./lib/chat-transport.ts:41
[  259268ms] [LOG] [ChatTransport] responseHandler called, data: {"type":"delta","content":"之","error":null,"message_id":"bdf9eee2-8c17-4539-8883-0a6eee617012","conversation_id":null,"itinerary":null,"stage":null} @ webpack-internal:///(app-pages-browser)/./lib/chat-transport.ts:137
[  259320ms] [LOG] [ChatTransport] onmessage triggered, has currentResponseHandler: true @ webpack-internal:///(app-pages-browser)/./lib/chat-transport.ts:41
[  259321ms] [LOG] [ChatTransport] responseHandler called, data: {"type":"delta","content":"都","error":null,"message_id":"bdf9eee2-8c17-4539-8883-0a6eee617012","conversation_id":null,"itinerary":null,"stage":null} @ webpack-internal:///(app-pages-browser)/./lib/chat-transport.ts:137
[  259356ms] [LOG] [ChatTransport] onmessage triggered, has currentResponseHandler: true @ webpack-internal:///(app-pages-browser)/./lib/chat-transport.ts:41
[  259356ms] [LOG] [ChatTransport] responseHandler called, data: {"type":"delta","content":"，","error":null,"message_id":"bdf9eee2-8c17-4539-8883-0a6eee617012","conversation_id":null,"itinerary":null,"stage":null} @ webpack-internal:///(app-pages-browser)/./lib/chat-transport.ts:137
[  259390ms] [LOG] [ChatTransport] onmessage triggered, has currentResponseHandler: true @ webpack-internal:///(app-pages-browser)/./lib/chat-transport.ts:41
[  259391ms] [LOG] [ChatTransport] responseHandler called, data: {"type":"delta","content":"有","error":null,"message_id":"bdf9eee2-8c17-4539-8883-0a6eee617012","conversation_id":null,"itinerary":null,"stage":null} @ webpack-internal:///(app-pages-browser)/./lib/chat-transport.ts:137
[  259420ms] [LOG] [ChatTransport] onmessage triggered, has currentResponseHandler: true @ webpack-internal:///(app-pages-browser)/./lib/chat-transport.ts:41
[  259421ms] [LOG] [ChatTransport] responseHandler called, data: {"type":"delta","content":"各种各样的","error":null,"message_id":"bdf9eee2-8c17-4539-8883-0a6eee617012","conversation_id":null,"itinerary":null,"stage":null} @ webpack-internal:///(app-pages-browser)/./lib/chat-transport.ts:137
[  259453ms] [LOG] [ChatTransport] onmessage triggered, has currentResponseHandler: true @ webpack-internal:///(app-pages-browser)/./lib/chat-transport.ts:41
[  259453ms] [LOG] [ChatTransport] responseHandler called, data: {"type":"delta","content":"美食","error":null,"message_id":"bdf9eee2-8c17-4539-8883-0a6eee617012","conversation_id":null,"itinerary":null,"stage":null} @ webpack-internal:///(app-pages-browser)/./lib/chat-transport.ts:137
[  259483ms] [LOG] [ChatTransport] onmessage triggered, has currentResponseHandler: true @ webpack-internal:///(app-pages-browser)/./lib/chat-transport.ts:41
[  259483ms] [LOG] [ChatTransport] responseHandler called, data: {"type":"delta","content":"选择","error":null,"message_id":"bdf9eee2-8c17-4539-8883-0a6eee617012","conversation_id":null,"itinerary":null,"stage":null} @ webpack-internal:///(app-pages-browser)/./lib/chat-transport.ts:137
[  259537ms] [LOG] [ChatTransport] onmessage triggered, has currentResponseHandler: true @ webpack-internal:///(app-pages-browser)/./lib/chat-transport.ts:41
[  259537ms] [LOG] [ChatTransport] responseHandler called, data: {"type":"delta","content":"，","error":null,"message_id":"bdf9eee2-8c17-4539-8883-0a6eee617012","conversation_id":null,"itinerary":null,"stage":null} @ webpack-internal:///(app-pages-browser)/./lib/chat-transport.ts:137
[  259567ms] [LOG] [ChatTransport] onmessage triggered, has currentResponseHandler: true @ webpack-internal:///(app-pages-browser)/./lib/chat-transport.ts:41
[  259567ms] [LOG] [ChatTransport] responseHandler called, data: {"type":"delta","content":"从","error":null,"message_id":"bdf9eee2-8c17-4539-8883-0a6eee617012","conversation_id":null,"itinerary":null,"stage":null} @ webpack-internal:///(app-pages-browser)/./lib/chat-transport.ts:137
[  259600ms] [LOG] [ChatTransport] onmessage triggered, has currentResponseHandler: true @ webpack-internal:///(app-pages-browser)/./lib/chat-transport.ts:41
[  259600ms] [LOG] [ChatTransport] responseHandler called, data: {"type":"delta","content":"传统","error":null,"message_id":"bdf9eee2-8c17-4539-8883-0a6eee617012","conversation_id":null,"itinerary":null,"stage":null} @ webpack-internal:///(app-pages-browser)/./lib/chat-transport.ts:137
[  259629ms] [LOG] [ChatTransport] onmessage triggered, has currentResponseHandler: true @ webpack-internal:///(app-pages-browser)/./lib/chat-transport.ts:41
[  259629ms] [LOG] [ChatTransport] responseHandler called, data: {"type":"delta","content":"日","error":null,"message_id":"bdf9eee2-8c17-4539-8883-0a6eee617012","conversation_id":null,"itinerary":null,"stage":null} @ webpack-internal:///(app-pages-browser)/./lib/chat-transport.ts:137
[  259705ms] [LOG] [ChatTransport] onmessage triggered, has currentResponseHandler: true @ webpack-internal:///(app-pages-browser)/./lib/chat-transport.ts:41
[  259705ms] [LOG] [ChatTransport] responseHandler called, data: {"type":"delta","content":"料到","error":null,"message_id":"bdf9eee2-8c17-4539-8883-0a6eee617012","conversation_id":null,"itinerary":null,"stage":null} @ webpack-internal:///(app-pages-browser)/./lib/chat-transport.ts:137
[  259734ms] [LOG] [ChatTransport] onmessage triggered, has currentResponseHandler: true @ webpack-internal:///(app-pages-browser)/./lib/chat-transport.ts:41
[  259735ms] [LOG] [ChatTransport] responseHandler called, data: {"type":"delta","content":"现代","error":null,"message_id":"bdf9eee2-8c17-4539-8883-0a6eee617012","conversation_id":null,"itinerary":null,"stage":null} @ webpack-internal:///(app-pages-browser)/./lib/chat-transport.ts:137
[  259767ms] [LOG] [ChatTransport] onmessage triggered, has currentResponseHandler: true @ webpack-internal:///(app-pages-browser)/./lib/chat-transport.ts:41
[  259767ms] [LOG] [ChatTransport] responseHandler called, data: {"type":"delta","content":"创新","error":null,"message_id":"bdf9eee2-8c17-4539-8883-0a6eee617012","conversation_id":null,"itinerary":null,"stage":null} @ webpack-internal:///(app-pages-browser)/./lib/chat-transport.ts:137
[  259807ms] [LOG] [ChatTransport] onmessage triggered, has currentResponseHandler: true @ webpack-internal:///(app-pages-browser)/./lib/chat-transport.ts:41
[  259807ms] [LOG] [ChatTransport] responseHandler called, data: {"type":"delta","content":"料理","error":null,"message_id":"bdf9eee2-8c17-4539-8883-0a6eee617012","conversation_id":null,"itinerary":null,"stage":null} @ webpack-internal:///(app-pages-browser)/./lib/chat-transport.ts:137
[  259836ms] [LOG] [ChatTransport] onmessage triggered, has currentResponseHandler: true @ webpack-internal:///(app-pages-browser)/./lib/chat-transport.ts:41
[  259836ms] [LOG] [ChatTransport] responseHandler called, data: {"type":"delta","content":"都有","error":null,"message_id":"bdf9eee2-8c17-4539-8883-0a6eee617012","conversation_id":null,"itinerary":null,"stage":null} @ webpack-internal:///(app-pages-browser)/./lib/chat-transport.ts:137
[  259862ms] [LOG] [ChatTransport] onmessage triggered, has currentResponseHandler: true @ webpack-internal:///(app-pages-browser)/./lib/chat-transport.ts:41
[  259862ms] [LOG] [ChatTransport] responseHandler called, data: {"type":"delta","content":"。\n\n","error":null,"message_id":"bdf9eee2-8c17-4539-8883-0a6eee617012","conversation_id":null,"itinerary":null,"stage":null} @ webpack-internal:///(app-pages-browser)/./lib/chat-transport.ts:137
[  259898ms] [LOG] [ChatTransport] onmessage triggered, has currentResponseHandler: true @ webpack-internal:///(app-pages-browser)/./lib/chat-transport.ts:41
[  259898ms] [LOG] [ChatTransport] responseHandler called, data: {"type":"delta","content":"让我","error":null,"message_id":"bdf9eee2-8c17-4539-8883-0a6eee617012","conversation_id":null,"itinerary":null,"stage":null} @ webpack-internal:///(app-pages-browser)/./lib/chat-transport.ts:137
[  259928ms] [LOG] [ChatTransport] onmessage triggered, has currentResponseHandler: true @ webpack-internal:///(app-pages-browser)/./lib/chat-transport.ts:41
[  259928ms] [LOG] [ChatTransport] responseHandler called, data: {"type":"delta","content":"为您","error":null,"message_id":"bdf9eee2-8c17-4539-8883-0a6eee617012","conversation_id":null,"itinerary":null,"stage":null} @ webpack-internal:///(app-pages-browser)/./lib/chat-transport.ts:137
[  259989ms] [LOG] [ChatTransport] onmessage triggered, has currentResponseHandler: true @ webpack-internal:///(app-pages-browser)/./lib/chat-transport.ts:41
[  259989ms] [LOG] [ChatTransport] responseHandler called, data: {"type":"delta","content":"搜索","error":null,"message_id":"bdf9eee2-8c17-4539-8883-0a6eee617012","conversation_id":null,"itinerary":null,"stage":null} @ webpack-internal:///(app-pages-browser)/./lib/chat-transport.ts:137
[  260018ms] [LOG] [ChatTransport] onmessage triggered, has currentResponseHandler: true @ webpack-internal:///(app-pages-browser)/./lib/chat-transport.ts:41
[  260019ms] [LOG] [ChatTransport] responseHandler called, data: {"type":"delta","content":"一下","error":null,"message_id":"bdf9eee2-8c17-4539-8883-0a6eee617012","conversation_id":null,"itinerary":null,"stage":null} @ webpack-internal:///(app-pages-browser)/./lib/chat-transport.ts:137
[  260065ms] [LOG] [ChatTransport] onmessage triggered, has currentResponseHandler: true @ webpack-internal:///(app-pages-browser)/./lib/chat-transport.ts:41
[  260066ms] [LOG] [ChatTransport] responseHandler called, data: {"type":"delta","content":"东京","error":null,"message_id":"bdf9eee2-8c17-4539-8883-0a6eee617012","conversation_id":null,"itinerary":null,"stage":null} @ webpack-internal:///(app-pages-browser)/./lib/chat-transport.ts:137
[  260075ms] [LOG] [ChatTransport] onmessage triggered, has currentResponseHandler: true @ webpack-internal:///(app-pages-browser)/./lib/chat-transport.ts:41
[  260076ms] [LOG] [ChatTransport] responseHandler called, data: {"type":"delta","content":"的","error":null,"message_id":"bdf9eee2-8c17-4539-8883-0a6eee617012","conversation_id":null,"itinerary":null,"stage":null} @ webpack-internal:///(app-pages-browser)/./lib/chat-transport.ts:137
[  260177ms] [LOG] [ChatTransport] onmessage triggered, has currentResponseHandler: true @ webpack-internal:///(app-pages-browser)/./lib/chat-transport.ts:41
[  260177ms] [LOG] [ChatTransport] responseHandler called, data: {"type":"delta","content":"餐厅","error":null,"message_id":"bdf9eee2-8c17-4539-8883-0a6eee617012","conversation_id":null,"itinerary":null,"stage":null} @ webpack-internal:///(app-pages-browser)/./lib/chat-transport.ts:137
[  260185ms] [LOG] [ChatTransport] onmessage triggered, has currentResponseHandler: true @ webpack-internal:///(app-pages-browser)/./lib/chat-transport.ts:41
[  260185ms] [LOG] [ChatTransport] responseHandler called, data: {"type":"delta","content":"和","error":null,"message_id":"bdf9eee2-8c17-4539-8883-0a6eee617012","conversation_id":null,"itinerary":null,"stage":null} @ webpack-internal:///(app-pages-browser)/./lib/chat-transport.ts:137
[  260268ms] [LOG] [ChatTransport] onmessage triggered, has currentResponseHandler: true @ webpack-internal:///(app-pages-browser)/./lib/chat-transport.ts:41
[  260268ms] [LOG] [ChatTransport] responseHandler called, data: {"type":"delta","content":"美食","error":null,"message_id":"bdf9eee2-8c17-4539-8883-0a6eee617012","conversation_id":null,"itinerary":null,"stage":null} @ webpack-internal:///(app-pages-browser)/./lib/chat-transport.ts:137
[  260276ms] [LOG] [ChatTransport] onmessage triggered, has currentResponseHandler: true @ webpack-internal:///(app-pages-browser)/./lib/chat-transport.ts:41
[  260277ms] [LOG] [ChatTransport] responseHandler called, data: {"type":"delta","content":"推荐","error":null,"message_id":"bdf9eee2-8c17-4539-8883-0a6eee617012","conversation_id":null,"itinerary":null,"stage":null} @ webpack-internal:///(app-pages-browser)/./lib/chat-transport.ts:137
[  260300ms] [LOG] [ChatTransport] onmessage triggered, has currentResponseHandler: true @ webpack-internal:///(app-pages-browser)/./lib/chat-transport.ts:41
[  260300ms] [LOG] [ChatTransport] responseHandler called, data: {"type":"delta","content":"：\n\n","error":null,"message_id":"bdf9eee2-8c17-4539-8883-0a6eee617012","conversation_id":null,"itinerary":null,"stage":null} @ webpack-internal:///(app-pages-browser)/./lib/chat-transport.ts:137
[  260313ms] [LOG] [ChatTransport] onmessage triggered, has currentResponseHandler: true @ webpack-internal:///(app-pages-browser)/./lib/chat-transport.ts:41
[  260313ms] [LOG] [ChatTransport] responseHandler called, data: {"type":"delta","content":"```","error":null,"message_id":"bdf9eee2-8c17-4539-8883-0a6eee617012","conversation_id":null,"itinerary":null,"stage":null} @ webpack-internal:///(app-pages-browser)/./lib/chat-transport.ts:137
[  260356ms] [LOG] [ChatTransport] onmessage triggered, has currentResponseHandler: true @ webpack-internal:///(app-pages-browser)/./lib/chat-transport.ts:41
[  260357ms] [LOG] [ChatTransport] responseHandler called, data: {"type":"delta","content":"json","error":null,"message_id":"bdf9eee2-8c17-4539-8883-0a6eee617012","conversation_id":null,"itinerary":null,"stage":null} @ webpack-internal:///(app-pages-browser)/./lib/chat-transport.ts:137
[  260362ms] [LOG] [ChatTransport] onmessage triggered, has currentResponseHandler: true @ webpack-internal:///(app-pages-browser)/./lib/chat-transport.ts:41
[  260362ms] [LOG] [ChatTransport] responseHandler called, data: {"type":"delta","content":"\n","error":null,"message_id":"bdf9eee2-8c17-4539-8883-0a6eee617012","conversation_id":null,"itinerary":null,"stage":null} @ webpack-internal:///(app-pages-browser)/./lib/chat-transport.ts:137
[  260494ms] [LOG] [ChatTransport] onmessage triggered, has currentResponseHandler: true @ webpack-internal:///(app-pages-browser)/./lib/chat-transport.ts:41
[  260494ms] [LOG] [ChatTransport] responseHandler called, data: {"type":"delta","content":"{\n","error":null,"message_id":"bdf9eee2-8c17-4539-8883-0a6eee617012","conversation_id":null,"itinerary":null,"stage":null} @ webpack-internal:///(app-pages-browser)/./lib/chat-transport.ts:137
[  260523ms] [LOG] [ChatTransport] onmessage triggered, has currentResponseHandler: true @ webpack-internal:///(app-pages-browser)/./lib/chat-transport.ts:41
[  260523ms] [LOG] [ChatTransport] responseHandler called, data: {"type":"delta","content":" ","error":null,"message_id":"bdf9eee2-8c17-4539-8883-0a6eee617012","conversation_id":null,"itinerary":null,"stage":null} @ webpack-internal:///(app-pages-browser)/./lib/chat-transport.ts:137
[  260524ms] [LOG] [ChatTransport] onmessage triggered, has currentResponseHandler: true @ webpack-internal:///(app-pages-browser)/./lib/chat-transport.ts:41
[  260524ms] [LOG] [ChatTransport] responseHandler called, data: {"type":"delta","content":" \"","error":null,"message_id":"bdf9eee2-8c17-4539-8883-0a6eee617012","conversation_id":null,"itinerary":null,"stage":null} @ webpack-internal:///(app-pages-browser)/./lib/chat-transport.ts:137
[  260524ms] [LOG] [ChatTransport] onmessage triggered, has currentResponseHandler: true @ webpack-internal:///(app-pages-browser)/./lib/chat-transport.ts:41
[  260525ms] [LOG] [ChatTransport] responseHandler called, data: {"type":"delta","content":"location","error":null,"message_id":"bdf9eee2-8c17-4539-8883-0a6eee617012","conversation_id":null,"itinerary":null,"stage":null} @ webpack-internal:///(app-pages-browser)/./lib/chat-transport.ts:137
[  260578ms] [LOG] [ChatTransport] onmessage triggered, has currentResponseHandler: true @ webpack-internal:///(app-pages-browser)/./lib/chat-transport.ts:41
[  260578ms] [LOG] [ChatTransport] responseHandler called, data: {"type":"delta","content":"\":","error":null,"message_id":"bdf9eee2-8c17-4539-8883-0a6eee617012","conversation_id":null,"itinerary":null,"stage":null} @ webpack-internal:///(app-pages-browser)/./lib/chat-transport.ts:137
[  260610ms] [LOG] [ChatTransport] onmessage triggered, has currentResponseHandler: true @ webpack-internal:///(app-pages-browser)/./lib/chat-transport.ts:41
[  260611ms] [LOG] [ChatTransport] responseHandler called, data: {"type":"delta","content":" \"","error":null,"message_id":"bdf9eee2-8c17-4539-8883-0a6eee617012","conversation_id":null,"itinerary":null,"stage":null} @ webpack-internal:///(app-pages-browser)/./lib/chat-transport.ts:137
[  260658ms] [LOG] [ChatTransport] onmessage triggered, has currentResponseHandler: true @ webpack-internal:///(app-pages-browser)/./lib/chat-transport.ts:41
[  260659ms] [LOG] [ChatTransport] responseHandler called, data: {"type":"delta","content":"东京","error":null,"message_id":"bdf9eee2-8c17-4539-8883-0a6eee617012","conversation_id":null,"itinerary":null,"stage":null} @ webpack-internal:///(app-pages-browser)/./lib/chat-transport.ts:137
[  260692ms] [LOG] [ChatTransport] onmessage triggered, has currentResponseHandler: true @ webpack-internal:///(app-pages-browser)/./lib/chat-transport.ts:41
[  260692ms] [LOG] [ChatTransport] responseHandler called, data: {"type":"delta","content":"\",\n","error":null,"message_id":"bdf9eee2-8c17-4539-8883-0a6eee617012","conversation_id":null,"itinerary":null,"stage":null} @ webpack-internal:///(app-pages-browser)/./lib/chat-transport.ts:137
[  260726ms] [LOG] [ChatTransport] onmessage triggered, has currentResponseHandler: true @ webpack-internal:///(app-pages-browser)/./lib/chat-transport.ts:41
[  260727ms] [LOG] [ChatTransport] responseHandler called, data: {"type":"delta","content":" ","error":null,"message_id":"bdf9eee2-8c17-4539-8883-0a6eee617012","conversation_id":null,"itinerary":null,"stage":null} @ webpack-internal:///(app-pages-browser)/./lib/chat-transport.ts:137
[  260766ms] [LOG] [ChatTransport] onmessage triggered, has currentResponseHandler: true @ webpack-internal:///(app-pages-browser)/./lib/chat-transport.ts:41
[  260767ms] [LOG] [ChatTransport] responseHandler called, data: {"type":"delta","content":" \"","error":null,"message_id":"bdf9eee2-8c17-4539-8883-0a6eee617012","conversation_id":null,"itinerary":null,"stage":null} @ webpack-internal:///(app-pages-browser)/./lib/chat-transport.ts:137
[  260862ms] [LOG] [ChatTransport] onmessage triggered, has currentResponseHandler: true @ webpack-internal:///(app-pages-browser)/./lib/chat-transport.ts:41
[  260862ms] [LOG] [ChatTransport] responseHandler called, data: {"type":"delta","content":"keywords","error":null,"message_id":"bdf9eee2-8c17-4539-8883-0a6eee617012","conversation_id":null,"itinerary":null,"stage":null} @ webpack-internal:///(app-pages-browser)/./lib/chat-transport.ts:137
[  260896ms] [LOG] [ChatTransport] onmessage triggered, has currentResponseHandler: true @ webpack-internal:///(app-pages-browser)/./lib/chat-transport.ts:41
[  260896ms] [LOG] [ChatTransport] responseHandler called, data: {"type":"delta","content":"\":","error":null,"message_id":"bdf9eee2-8c17-4539-8883-0a6eee617012","conversation_id":null,"itinerary":null,"stage":null} @ webpack-internal:///(app-pages-browser)/./lib/chat-transport.ts:137
[  260925ms] [LOG] [ChatTransport] onmessage triggered, has currentResponseHandler: true @ webpack-internal:///(app-pages-browser)/./lib/chat-transport.ts:41
[  260925ms] [LOG] [ChatTransport] responseHandler called, data: {"type":"delta","content":" \"","error":null,"message_id":"bdf9eee2-8c17-4539-8883-0a6eee617012","conversation_id":null,"itinerary":null,"stage":null} @ webpack-internal:///(app-pages-browser)/./lib/chat-transport.ts:137
[  260925ms] [LOG] [ChatTransport] onmessage triggered, has currentResponseHandler: true @ webpack-internal:///(app-pages-browser)/./lib/chat-transport.ts:41
[  260925ms] [LOG] [ChatTransport] responseHandler called, data: {"type":"delta","content":"美食","error":null,"message_id":"bdf9eee2-8c17-4539-8883-0a6eee617012","conversation_id":null,"itinerary":null,"stage":null} @ webpack-internal:///(app-pages-browser)/./lib/chat-transport.ts:137
[  260955ms] [LOG] [ChatTransport] onmessage triggered, has currentResponseHandler: true @ webpack-internal:///(app-pages-browser)/./lib/chat-transport.ts:41
[  260956ms] [LOG] [ChatTransport] responseHandler called, data: {"type":"delta","content":" ","error":null,"message_id":"bdf9eee2-8c17-4539-8883-0a6eee617012","conversation_id":null,"itinerary":null,"stage":null} @ webpack-internal:///(app-pages-browser)/./lib/chat-transport.ts:137
[  260986ms] [LOG] [ChatTransport] onmessage triggered, has currentResponseHandler: true @ webpack-internal:///(app-pages-browser)/./lib/chat-transport.ts:41
[  260986ms] [LOG] [ChatTransport] responseHandler called, data: {"type":"delta","content":"餐厅","error":null,"message_id":"bdf9eee2-8c17-4539-8883-0a6eee617012","conversation_id":null,"itinerary":null,"stage":null} @ webpack-internal:///(app-pages-browser)/./lib/chat-transport.ts:137
[  261033ms] [LOG] [ChatTransport] onmessage triggered, has currentResponseHandler: true @ webpack-internal:///(app-pages-browser)/./lib/chat-transport.ts:41
[  261034ms] [LOG] [ChatTransport] responseHandler called, data: {"type":"delta","content":" ","error":null,"message_id":"bdf9eee2-8c17-4539-8883-0a6eee617012","conversation_id":null,"itinerary":null,"stage":null} @ webpack-internal:///(app-pages-browser)/./lib/chat-transport.ts:137
[  261065ms] [LOG] [ChatTransport] onmessage triggered, has currentResponseHandler: true @ webpack-internal:///(app-pages-browser)/./lib/chat-transport.ts:41
[  261066ms] [LOG] [ChatTransport] responseHandler called, data: {"type":"delta","content":"料理","error":null,"message_id":"bdf9eee2-8c17-4539-8883-0a6eee617012","conversation_id":null,"itinerary":null,"stage":null} @ webpack-internal:///(app-pages-browser)/./lib/chat-transport.ts:137
[  261099ms] [LOG] [ChatTransport] onmessage triggered, has currentResponseHandler: true @ webpack-internal:///(app-pages-browser)/./lib/chat-transport.ts:41
[  261100ms] [LOG] [ChatTransport] responseHandler called, data: {"type":"delta","content":"\",\n","error":null,"message_id":"bdf9eee2-8c17-4539-8883-0a6eee617012","conversation_id":null,"itinerary":null,"stage":null} @ webpack-internal:///(app-pages-browser)/./lib/chat-transport.ts:137
[  261133ms] [LOG] [ChatTransport] onmessage triggered, has currentResponseHandler: true @ webpack-internal:///(app-pages-browser)/./lib/chat-transport.ts:41
[  261133ms] [LOG] [ChatTransport] responseHandler called, data: {"type":"delta","content":" ","error":null,"message_id":"bdf9eee2-8c17-4539-8883-0a6eee617012","conversation_id":null,"itinerary":null,"stage":null} @ webpack-internal:///(app-pages-browser)/./lib/chat-transport.ts:137
[  261169ms] [LOG] [ChatTransport] onmessage triggered, has currentResponseHandler: true @ webpack-internal:///(app-pages-browser)/./lib/chat-transport.ts:41
[  261170ms] [LOG] [ChatTransport] responseHandler called, data: {"type":"delta","content":" \"","error":null,"message_id":"bdf9eee2-8c17-4539-8883-0a6eee617012","conversation_id":null,"itinerary":null,"stage":null} @ webpack-internal:///(app-pages-browser)/./lib/chat-transport.ts:137
[  261174ms] [LOG] [ChatTransport] onmessage triggered, has currentResponseHandler: true @ webpack-internal:///(app-pages-browser)/./lib/chat-transport.ts:41
[  261174ms] [LOG] [ChatTransport] responseHandler called, data: {"type":"delta","content":"types","error":null,"message_id":"bdf9eee2-8c17-4539-8883-0a6eee617012","conversation_id":null,"itinerary":null,"stage":null} @ webpack-internal:///(app-pages-browser)/./lib/chat-transport.ts:137
[  261242ms] [LOG] [ChatTransport] onmessage triggered, has currentResponseHandler: true @ webpack-internal:///(app-pages-browser)/./lib/chat-transport.ts:41
[  261242ms] [LOG] [ChatTransport] responseHandler called, data: {"type":"delta","content":"\":","error":null,"message_id":"bdf9eee2-8c17-4539-8883-0a6eee617012","conversation_id":null,"itinerary":null,"stage":null} @ webpack-internal:///(app-pages-browser)/./lib/chat-transport.ts:137
[  261250ms] [LOG] [ChatTransport] onmessage triggered, has currentResponseHandler: true @ webpack-internal:///(app-pages-browser)/./lib/chat-transport.ts:41
[  261251ms] [LOG] [ChatTransport] responseHandler called, data: {"type":"delta","content":" \"","error":null,"message_id":"bdf9eee2-8c17-4539-8883-0a6eee617012","conversation_id":null,"itinerary":null,"stage":null} @ webpack-internal:///(app-pages-browser)/./lib/chat-transport.ts:137
[  261369ms] [LOG] [ChatTransport] onmessage triggered, has currentResponseHandler: true @ webpack-internal:///(app-pages-browser)/./lib/chat-transport.ts:41
[  261370ms] [LOG] [ChatTransport] responseHandler called, data: {"type":"delta","content":"050","error":null,"message_id":"bdf9eee2-8c17-4539-8883-0a6eee617012","conversation_id":null,"itinerary":null,"stage":null} @ webpack-internal:///(app-pages-browser)/./lib/chat-transport.ts:137
[  261401ms] [LOG] [ChatTransport] onmessage triggered, has currentResponseHandler: true @ webpack-internal:///(app-pages-browser)/./lib/chat-transport.ts:41
[  261402ms] [LOG] [ChatTransport] responseHandler called, data: {"type":"delta","content":"000","error":null,"message_id":"bdf9eee2-8c17-4539-8883-0a6eee617012","conversation_id":null,"itinerary":null,"stage":null} @ webpack-internal:///(app-pages-browser)/./lib/chat-transport.ts:137
[  261436ms] [LOG] [ChatTransport] onmessage triggered, has currentResponseHandler: true @ webpack-internal:///(app-pages-browser)/./lib/chat-transport.ts:41
[  261436ms] [LOG] [ChatTransport] responseHandler called, data: {"type":"delta","content":",","error":null,"message_id":"bdf9eee2-8c17-4539-8883-0a6eee617012","conversation_id":null,"itinerary":null,"stage":null} @ webpack-internal:///(app-pages-browser)/./lib/chat-transport.ts:137
[  261468ms] [LOG] [ChatTransport] onmessage triggered, has currentResponseHandler: true @ webpack-internal:///(app-pages-browser)/./lib/chat-transport.ts:41
[  261468ms] [LOG] [ChatTransport] responseHandler called, data: {"type":"delta","content":"050","error":null,"message_id":"bdf9eee2-8c17-4539-8883-0a6eee617012","conversation_id":null,"itinerary":null,"stage":null} @ webpack-internal:///(app-pages-browser)/./lib/chat-transport.ts:137
[  261501ms] [LOG] [ChatTransport] onmessage triggered, has currentResponseHandler: true @ webpack-internal:///(app-pages-browser)/./lib/chat-transport.ts:41
[  261501ms] [LOG] [ChatTransport] responseHandler called, data: {"type":"delta","content":"100","error":null,"message_id":"bdf9eee2-8c17-4539-8883-0a6eee617012","conversation_id":null,"itinerary":null,"stage":null} @ webpack-internal:///(app-pages-browser)/./lib/chat-transport.ts:137
[  261533ms] [LOG] [ChatTransport] onmessage triggered, has currentResponseHandler: true @ webpack-internal:///(app-pages-browser)/./lib/chat-transport.ts:41
[  261534ms] [LOG] [ChatTransport] responseHandler called, data: {"type":"delta","content":",","error":null,"message_id":"bdf9eee2-8c17-4539-8883-0a6eee617012","conversation_id":null,"itinerary":null,"stage":null} @ webpack-internal:///(app-pages-browser)/./lib/chat-transport.ts:137
[  261573ms] [LOG] [ChatTransport] onmessage triggered, has currentResponseHandler: true @ webpack-internal:///(app-pages-browser)/./lib/chat-transport.ts:41
[  261574ms] [LOG] [ChatTransport] responseHandler called, data: {"type":"delta","content":"050","error":null,"message_id":"bdf9eee2-8c17-4539-8883-0a6eee617012","conversation_id":null,"itinerary":null,"stage":null} @ webpack-internal:///(app-pages-browser)/./lib/chat-transport.ts:137
[  261608ms] [LOG] [ChatTransport] onmessage triggered, has currentResponseHandler: true @ webpack-internal:///(app-pages-browser)/./lib/chat-transport.ts:41
[  261608ms] [LOG] [ChatTransport] responseHandler called, data: {"type":"delta","content":"200","error":null,"message_id":"bdf9eee2-8c17-4539-8883-0a6eee617012","conversation_id":null,"itinerary":null,"stage":null} @ webpack-internal:///(app-pages-browser)/./lib/chat-transport.ts:137
[  261668ms] [LOG] [ChatTransport] onmessage triggered, has currentResponseHandler: true @ webpack-internal:///(app-pages-browser)/./lib/chat-transport.ts:41
[  261668ms] [LOG] [ChatTransport] responseHandler called, data: {"type":"delta","content":",","error":null,"message_id":"bdf9eee2-8c17-4539-8883-0a6eee617012","conversation_id":null,"itinerary":null,"stage":null} @ webpack-internal:///(app-pages-browser)/./lib/chat-transport.ts:137
[  261700ms] [LOG] [ChatTransport] onmessage triggered, has currentResponseHandler: true @ webpack-internal:///(app-pages-browser)/./lib/chat-transport.ts:41
[  261701ms] [LOG] [ChatTransport] responseHandler called, data: {"type":"delta","content":"050","error":null,"message_id":"bdf9eee2-8c17-4539-8883-0a6eee617012","conversation_id":null,"itinerary":null,"stage":null} @ webpack-internal:///(app-pages-browser)/./lib/chat-transport.ts:137
[  261734ms] [LOG] [ChatTransport] onmessage triggered, has currentResponseHandler: true @ webpack-internal:///(app-pages-browser)/./lib/chat-transport.ts:41
[  261735ms] [LOG] [ChatTransport] responseHandler called, data: {"type":"delta","content":"300","error":null,"message_id":"bdf9eee2-8c17-4539-8883-0a6eee617012","conversation_id":null,"itinerary":null,"stage":null} @ webpack-internal:///(app-pages-browser)/./lib/chat-transport.ts:137
[  261736ms] [LOG] [ChatTransport] onmessage triggered, has currentResponseHandler: true @ webpack-internal:///(app-pages-browser)/./lib/chat-transport.ts:41
[  261736ms] [LOG] [ChatTransport] responseHandler called, data: {"type":"delta","content":"\"\n","error":null,"message_id":"bdf9eee2-8c17-4539-8883-0a6eee617012","conversation_id":null,"itinerary":null,"stage":null} @ webpack-internal:///(app-pages-browser)/./lib/chat-transport.ts:137
[  261771ms] [LOG] [ChatTransport] onmessage triggered, has currentResponseHandler: true @ webpack-internal:///(app-pages-browser)/./lib/chat-transport.ts:41
[  261771ms] [LOG] [ChatTransport] responseHandler called, data: {"type":"delta","content":"}\n","error":null,"message_id":"bdf9eee2-8c17-4539-8883-0a6eee617012","conversation_id":null,"itinerary":null,"stage":null} @ webpack-internal:///(app-pages-browser)/./lib/chat-transport.ts:137
[  261806ms] [LOG] [ChatTransport] onmessage triggered, has currentResponseHandler: true @ webpack-internal:///(app-pages-browser)/./lib/chat-transport.ts:41
[  261807ms] [LOG] [ChatTransport] responseHandler called, data: {"type":"delta","content":"```","error":null,"message_id":"bdf9eee2-8c17-4539-8883-0a6eee617012","conversation_id":null,"itinerary":null,"stage":null} @ webpack-internal:///(app-pages-browser)/./lib/chat-transport.ts:137
[  261895ms] [LOG] [ChatTransport] onmessage triggered, has currentResponseHandler: true @ webpack-internal:///(app-pages-browser)/./lib/chat-transport.ts:41
[  261896ms] [LOG] [ChatTransport] responseHandler called, data: {"type":"stage","content":null,"error":null,"message_id":"bdf9eee2-8c17-4539-8883-0a6eee617012","conversation_id":null,"itinerary":null,"stage":{"name":"6_LLM","status":"end","label":"✨ 生成回复","message":"正在生成回复内容..."}} @ webpack-internal:///(app-pages-browser)/./lib/chat-transport.ts:137
[  261896ms] [LOG] [ChatTransport] Stage update: {name: 6_LLM, status: end, label: ✨ 生成回复, message: 正在生成回复内容...} @ webpack-internal:///(app-pages-browser)/./lib/chat-transport.ts:147
[  261931ms] [LOG] [ChatTransport] onmessage triggered, has currentResponseHandler: true @ webpack-internal:///(app-pages-browser)/./lib/chat-transport.ts:41
[  261932ms] [LOG] [ChatTransport] responseHandler called, data: {"type":"stage","content":null,"error":null,"message_id":"bdf9eee2-8c17-4539-8883-0a6eee617012","conversation_id":null,"itinerary":null,"stage":{"name":"7_CTX_MANAGE","status":"start","label":"📊 上下文管理","message":"正在管理上下文窗口..."}} @ webpack-internal:///(app-pages-browser)/./lib/chat-transport.ts:137
[  261933ms] [LOG] [ChatTransport] Stage update: {name: 7_CTX_MANAGE, status: start, label: 📊 上下文管理, message: 正在管理上下文窗口...} @ webpack-internal:///(app-pages-browser)/./lib/chat-transport.ts:147
[  261933ms] [LOG] [ChatTransport] onmessage triggered, has currentResponseHandler: true @ webpack-internal:///(app-pages-browser)/./lib/chat-transport.ts:41
[  261934ms] [LOG] [ChatTransport] responseHandler called, data: {"type":"stage","content":null,"error":null,"message_id":"bdf9eee2-8c17-4539-8883-0a6eee617012","conversation_id":null,"itinerary":null,"stage":{"name":"7_CTX_MANAGE","status":"skip","label":"📊 上下文管理","message":"正在管理上下文窗口..."}} @ webpack-internal:///(app-pages-browser)/./lib/chat-transport.ts:137
[  261934ms] [LOG] [ChatTransport] Stage update: {name: 7_CTX_MANAGE, status: skip, label: 📊 上下文管理, message: 正在管理上下文窗口...} @ webpack-internal:///(app-pages-browser)/./lib/chat-transport.ts:147
[  261935ms] [LOG] [ChatTransport] onmessage triggered, has currentResponseHandler: true @ webpack-internal:///(app-pages-browser)/./lib/chat-transport.ts:41
[  261935ms] [LOG] [ChatTransport] responseHandler called, data: {"type":"stage","content":null,"error":null,"message_id":"bdf9eee2-8c17-4539-8883-0a6eee617012","conversation_id":null,"itinerary":null,"stage":{"name":"8_MEMORY","status":"start","label":"💾 记忆更新","message":"正在更新记忆信息..."}} @ webpack-internal:///(app-pages-browser)/./lib/chat-transport.ts:137
[  261936ms] [LOG] [ChatTransport] Stage update: {name: 8_MEMORY, status: start, label: 💾 记忆更新, message: 正在更新记忆信息...} @ webpack-internal:///(app-pages-browser)/./lib/chat-transport.ts:147
[  261937ms] [LOG] [ChatTransport] onmessage triggered, has currentResponseHandler: true @ webpack-internal:///(app-pages-browser)/./lib/chat-transport.ts:41
[  261937ms] [LOG] [ChatTransport] responseHandler called, data: {"type":"stage","content":null,"error":null,"message_id":"bdf9eee2-8c17-4539-8883-0a6eee617012","conversation_id":null,"itinerary":null,"stage":{"name":"8_MEMORY","status":"end","label":"💾 记忆更新","message":"正在更新记忆信息..."}} @ webpack-internal:///(app-pages-browser)/./lib/chat-transport.ts:137
[  261938ms] [LOG] [ChatTransport] Stage update: {name: 8_MEMORY, status: end, label: 💾 记忆更新, message: 正在更新记忆信息...} @ webpack-internal:///(app-pages-browser)/./lib/chat-transport.ts:147
[  261939ms] [LOG] [ChatTransport] onmessage triggered, has currentResponseHandler: true @ webpack-internal:///(app-pages-browser)/./lib/chat-transport.ts:41
[  261939ms] [LOG] [ChatTransport] responseHandler called, data: {"type":"done","content":"我来帮您查询东京的美食信息。东京作为世界闻名的美食之都，有各种各样的美食选择，从传统日料到现代创新料理都有。\n\n让我为您搜索一下东京的餐厅和美食推荐：\n\n```json\n{\n  \"location\": \"东京\",\n  \"keywords\": \"美食 餐厅 料理\",\n  \"types\": \"050000,050100,050200,050300\"\n}\n```","error":null,"message_id":"bdf9eee2-8c17-4539-8883-0a6eee617012","conversation_id":"c9b60305-5275-4c4a-9f83-1d5b93707c97","itinerary":null,"stage":null} @ webpack-internal:///(app-pages-browser)/./lib/chat-transport.ts:137
[  261940ms] [LOG] [ChatTransport] Updated conversation_id: c9b60305-5275-4c4a-9f83-1d5b93707c97 @ webpack-internal:///(app-pages-browser)/./lib/chat-transport.ts:165
[  416432ms] [LOG] [ChatTransport] sendMessage called, content: 东京有什么好吃的？ @ webpack-internal:///(app-pages-browser)/./lib/chat-transport.ts:109
[  416433ms] [LOG] [ChatTransport] isConnected: true ws.readyState: 1 @ webpack-internal:///(app-pages-browser)/./lib/chat-transport.ts:110
[  416433ms] [LOG] [ChatTransport] has_image: false @ webpack-internal:///(app-pages-browser)/./lib/chat-transport.ts:111
[  416433ms] [LOG] [ChatTransport] Sending WebSocket message: msg_1776428008692_347eqht 东京有什么好吃的？ @ webpack-internal:///(app-pages-browser)/./lib/chat-transport.ts:126
[  416433ms] [LOG] [ChatTransport] Setting currentResponseHandler @ webpack-internal:///(app-pages-browser)/./lib/chat-transport.ts:179
[  416433ms] [LOG] [ChatTransport] send() called, isConnected: true readyState: 1 @ webpack-internal:///(app-pages-browser)/./lib/chat-transport.ts:97
[  416433ms] [LOG] [ChatTransport] Sending WebSocket data: {"type":"message","session_id":"session_1776427593394_wx4xczz","conversation_id":"c9b60305-5275-4c4a-9f83-1d5b93707c97","user_id":"f62f4ec5-1874-4821-97e9-b2c70b35805d","content":"东京有什么好吃的？","has_image":false} @ webpack-internal:///(app-pages-browser)/./lib/chat-transport.ts:99
[  416547ms] [LOG] [ChatTransport] onmessage triggered, has currentResponseHandler: true @ webpack-internal:///(app-pages-browser)/./lib/chat-transport.ts:41
[  416548ms] [LOG] [ChatTransport] responseHandler called, data: {"type":"stage","content":null,"error":null,"message_id":"41e1693b-9ed0-4067-b7d6-f7f8f439214b","conversation_id":null,"itinerary":null,"stage":{"name":"1_INTENT","status":"start","label":"🔍 意图识别","message":"正在分析您的需求..."}} @ webpack-internal:///(app-pages-browser)/./lib/chat-transport.ts:137
[  416548ms] [LOG] [ChatTransport] Stage update: {name: 1_INTENT, status: start, label: 🔍 意图识别, message: 正在分析您的需求...} @ webpack-internal:///(app-pages-browser)/./lib/chat-transport.ts:147
[  416592ms] [LOG] [ChatTransport] onmessage triggered, has currentResponseHandler: true @ webpack-internal:///(app-pages-browser)/./lib/chat-transport.ts:41
[  416592ms] [LOG] [ChatTransport] responseHandler called, data: {"type":"stage","content":null,"error":null,"message_id":"41e1693b-9ed0-4067-b7d6-f7f8f439214b","conversation_id":null,"itinerary":null,"stage":{"name":"1_INTENT","status":"end","label":"🔍 意图识别","message":"正在分析您的需求..."}} @ webpack-internal:///(app-pages-browser)/./lib/chat-transport.ts:137
[  416592ms] [LOG] [ChatTransport] Stage update: {name: 1_INTENT, status: end, label: 🔍 意图识别, message: 正在分析您的需求...} @ webpack-internal:///(app-pages-browser)/./lib/chat-transport.ts:147
[  416592ms] [LOG] [ChatTransport] onmessage triggered, has currentResponseHandler: true @ webpack-internal:///(app-pages-browser)/./lib/chat-transport.ts:41
[  416592ms] [LOG] [ChatTransport] responseHandler called, data: {"type":"stage","content":null,"error":null,"message_id":"41e1693b-9ed0-4067-b7d6-f7f8f439214b","conversation_id":null,"itinerary":null,"stage":{"name":"2_STORAGE","status":"start","label":"📚 加载历史","message":"正在加载对话历史..."}} @ webpack-internal:///(app-pages-browser)/./lib/chat-transport.ts:137
[  416592ms] [LOG] [ChatTransport] Stage update: {name: 2_STORAGE, status: start, label: 📚 加载历史, message: 正在加载对话历史...} @ webpack-internal:///(app-pages-browser)/./lib/chat-transport.ts:147
[  416593ms] [LOG] [ChatTransport] onmessage triggered, has currentResponseHandler: true @ webpack-internal:///(app-pages-browser)/./lib/chat-transport.ts:41
[  416593ms] [LOG] [ChatTransport] responseHandler called, data: {"type":"stage","content":null,"error":null,"message_id":"41e1693b-9ed0-4067-b7d6-f7f8f439214b","conversation_id":null,"itinerary":null,"stage":{"name":"2_STORAGE","status":"end","label":"📚 加载历史","message":"正在加载对话历史..."}} @ webpack-internal:///(app-pages-browser)/./lib/chat-transport.ts:137
[  416593ms] [LOG] [ChatTransport] Stage update: {name: 2_STORAGE, status: end, label: 📚 加载历史, message: 正在加载对话历史...} @ webpack-internal:///(app-pages-browser)/./lib/chat-transport.ts:147
[  416593ms] [LOG] [ChatTransport] onmessage triggered, has currentResponseHandler: true @ webpack-internal:///(app-pages-browser)/./lib/chat-transport.ts:41
[  416593ms] [LOG] [ChatTransport] responseHandler called, data: {"type":"stage","content":null,"error":null,"message_id":"41e1693b-9ed0-4067-b7d6-f7f8f439214b","conversation_id":null,"itinerary":null,"stage":{"name":"3_CTX_CLEAN","status":"start","label":"🧹 上下文清理","message":"正在整理上下文信息..."}} @ webpack-internal:///(app-pages-browser)/./lib/chat-transport.ts:137
[  416594ms] [LOG] [ChatTransport] Stage update: {name: 3_CTX_CLEAN, status: start, label: 🧹 上下文清理, message: 正在整理上下文信息...} @ webpack-internal:///(app-pages-browser)/./lib/chat-transport.ts:147
[  416594ms] [LOG] [ChatTransport] onmessage triggered, has currentResponseHandler: true @ webpack-internal:///(app-pages-browser)/./lib/chat-transport.ts:41
[  416594ms] [LOG] [ChatTransport] responseHandler called, data: {"type":"stage","content":null,"error":null,"message_id":"41e1693b-9ed0-4067-b7d6-f7f8f439214b","conversation_id":null,"itinerary":null,"stage":{"name":"3_CTX_CLEAN","status":"skip","label":"🧹 上下文清理","message":"正在整理上下文信息..."}} @ webpack-internal:///(app-pages-browser)/./lib/chat-transport.ts:137
[  416594ms] [LOG] [ChatTransport] Stage update: {name: 3_CTX_CLEAN, status: skip, label: 🧹 上下文清理, message: 正在整理上下文信息...} @ webpack-internal:///(app-pages-browser)/./lib/chat-transport.ts:147
[  416594ms] [LOG] [ChatTransport] onmessage triggered, has currentResponseHandler: true @ webpack-internal:///(app-pages-browser)/./lib/chat-transport.ts:41
[  416594ms] [LOG] [ChatTransport] responseHandler called, data: {"type":"stage","content":null,"error":null,"message_id":"41e1693b-9ed0-4067-b7d6-f7f8f439214b","conversation_id":null,"itinerary":null,"stage":{"name":"4_TOOLS","status":"start","label":"🔧 工具调用","message":"正在获取实时数据..."}} @ webpack-internal:///(app-pages-browser)/./lib/chat-transport.ts:137
[  416594ms] [LOG] [ChatTransport] Stage update: {name: 4_TOOLS, status: start, label: 🔧 工具调用, message: 正在获取实时数据...} @ webpack-internal:///(app-pages-browser)/./lib/chat-transport.ts:147
[  416595ms] [LOG] [ChatTransport] onmessage triggered, has currentResponseHandler: true @ webpack-internal:///(app-pages-browser)/./lib/chat-transport.ts:41
[  416595ms] [LOG] [ChatTransport] responseHandler called, data: {"type":"stage","content":null,"error":null,"message_id":"41e1693b-9ed0-4067-b7d6-f7f8f439214b","conversation_id":null,"itinerary":null,"stage":{"name":"4_TOOLS","status":"skip","label":"🔧 工具调用","message":"正在获取实时数据..."}} @ webpack-internal:///(app-pages-browser)/./lib/chat-transport.ts:137
[  416595ms] [LOG] [ChatTransport] Stage update: {name: 4_TOOLS, status: skip, label: 🔧 工具调用, message: 正在获取实时数据...} @ webpack-internal:///(app-pages-browser)/./lib/chat-transport.ts:147
[  416595ms] [LOG] [ChatTransport] onmessage triggered, has currentResponseHandler: true @ webpack-internal:///(app-pages-browser)/./lib/chat-transport.ts:41
[  416595ms] [LOG] [ChatTransport] responseHandler called, data: {"type":"stage","content":null,"error":null,"message_id":"41e1693b-9ed0-4067-b7d6-f7f8f439214b","conversation_id":null,"itinerary":null,"stage":{"name":"4_TOOLS","status":"end","label":"🔧 工具调用","message":"正在获取实时数据..."}} @ webpack-internal:///(app-pages-browser)/./lib/chat-transport.ts:137
[  416595ms] [LOG] [ChatTransport] Stage update: {name: 4_TOOLS, status: end, label: 🔧 工具调用, message: 正在获取实时数据...} @ webpack-internal:///(app-pages-browser)/./lib/chat-transport.ts:147
[  416595ms] [LOG] [ChatTransport] onmessage triggered, has currentResponseHandler: true @ webpack-internal:///(app-pages-browser)/./lib/chat-transport.ts:41
[  416596ms] [LOG] [ChatTransport] responseHandler called, data: {"type":"stage","content":null,"error":null,"message_id":"41e1693b-9ed0-4067-b7d6-f7f8f439214b","conversation_id":null,"itinerary":null,"stage":{"name":"5_CONTEXT","status":"start","label":"🔗 整合信息","message":"正在整合相关信息..."}} @ webpack-internal:///(app-pages-browser)/./lib/chat-transport.ts:137
[  416596ms] [LOG] [ChatTransport] Stage update: {name: 5_CONTEXT, status: start, label: 🔗 整合信息, message: 正在整合相关信息...} @ webpack-internal:///(app-pages-browser)/./lib/chat-transport.ts:147
[  416596ms] [LOG] [ChatTransport] onmessage triggered, has currentResponseHandler: true @ webpack-internal:///(app-pages-browser)/./lib/chat-transport.ts:41
[  416596ms] [LOG] [ChatTransport] responseHandler called, data: {"type":"stage","content":null,"error":null,"message_id":"41e1693b-9ed0-4067-b7d6-f7f8f439214b","conversation_id":null,"itinerary":null,"stage":{"name":"5_CONTEXT","status":"end","label":"🔗 整合信息","message":"正在整合相关信息..."}} @ webpack-internal:///(app-pages-browser)/./lib/chat-transport.ts:137
[  416596ms] [LOG] [ChatTransport] Stage update: {name: 5_CONTEXT, status: end, label: 🔗 整合信息, message: 正在整合相关信息...} @ webpack-internal:///(app-pages-browser)/./lib/chat-transport.ts:147
[  416597ms] [LOG] [ChatTransport] onmessage triggered, has currentResponseHandler: true @ webpack-internal:///(app-pages-browser)/./lib/chat-transport.ts:41
[  416597ms] [LOG] [ChatTransport] responseHandler called, data: {"type":"stage","content":null,"error":null,"message_id":"41e1693b-9ed0-4067-b7d6-f7f8f439214b","conversation_id":null,"itinerary":null,"stage":{"name":"6_LLM","status":"start","label":"✨ 生成回复","message":"正在生成回复内容..."}} @ webpack-internal:///(app-pages-browser)/./lib/chat-transport.ts:137
[  416597ms] [LOG] [ChatTransport] Stage update: {name: 6_LLM, status: start, label: ✨ 生成回复, message: 正在生成回复内容...} @ webpack-internal:///(app-pages-browser)/./lib/chat-transport.ts:147
[  417576ms] [LOG] [ChatTransport] onmessage triggered, has currentResponseHandler: true @ webpack-internal:///(app-pages-browser)/./lib/chat-transport.ts:41
[  417576ms] [LOG] [ChatTransport] responseHandler called, data: {"type":"delta","content":"我来","error":null,"message_id":"41e1693b-9ed0-4067-b7d6-f7f8f439214b","conversation_id":null,"itinerary":null,"stage":null} @ webpack-internal:///(app-pages-browser)/./lib/chat-transport.ts:137
[  417800ms] [LOG] [ChatTransport] onmessage triggered, has currentResponseHandler: true @ webpack-internal:///(app-pages-browser)/./lib/chat-transport.ts:41
[  417801ms] [LOG] [ChatTransport] responseHandler called, data: {"type":"delta","content":"帮","error":null,"message_id":"41e1693b-9ed0-4067-b7d6-f7f8f439214b","conversation_id":null,"itinerary":null,"stage":null} @ webpack-internal:///(app-pages-browser)/./lib/chat-transport.ts:137
[  417840ms] [LOG] [ChatTransport] onmessage triggered, has currentResponseHandler: true @ webpack-internal:///(app-pages-browser)/./lib/chat-transport.ts:41
[  417841ms] [LOG] [ChatTransport] responseHandler called, data: {"type":"delta","content":"您","error":null,"message_id":"41e1693b-9ed0-4067-b7d6-f7f8f439214b","conversation_id":null,"itinerary":null,"stage":null} @ webpack-internal:///(app-pages-browser)/./lib/chat-transport.ts:137
[  417842ms] [LOG] [ChatTransport] onmessage triggered, has currentResponseHandler: true @ webpack-internal:///(app-pages-browser)/./lib/chat-transport.ts:41
[  417842ms] [LOG] [ChatTransport] responseHandler called, data: {"type":"delta","content":"查询","error":null,"message_id":"41e1693b-9ed0-4067-b7d6-f7f8f439214b","conversation_id":null,"itinerary":null,"stage":null} @ webpack-internal:///(app-pages-browser)/./lib/chat-transport.ts:137
[  417883ms] [LOG] [ChatTransport] onmessage triggered, has currentResponseHandler: true @ webpack-internal:///(app-pages-browser)/./lib/chat-transport.ts:41
[  417883ms] [LOG] [ChatTransport] responseHandler called, data: {"type":"delta","content":"东京","error":null,"message_id":"41e1693b-9ed0-4067-b7d6-f7f8f439214b","conversation_id":null,"itinerary":null,"stage":null} @ webpack-internal:///(app-pages-browser)/./lib/chat-transport.ts:137
[  417884ms] [LOG] [ChatTransport] onmessage triggered, has currentResponseHandler: true @ webpack-internal:///(app-pages-browser)/./lib/chat-transport.ts:41
[  417885ms] [LOG] [ChatTransport] responseHandler called, data: {"type":"delta","content":"的美食","error":null,"message_id":"41e1693b-9ed0-4067-b7d6-f7f8f439214b","conversation_id":null,"itinerary":null,"stage":null} @ webpack-internal:///(app-pages-browser)/./lib/chat-transport.ts:137
[  418048ms] [LOG] [ChatTransport] onmessage triggered, has currentResponseHandler: true @ webpack-internal:///(app-pages-browser)/./lib/chat-transport.ts:41
[  418048ms] [LOG] [ChatTransport] responseHandler called, data: {"type":"delta","content":"信息","error":null,"message_id":"41e1693b-9ed0-4067-b7d6-f7f8f439214b","conversation_id":null,"itinerary":null,"stage":null} @ webpack-internal:///(app-pages-browser)/./lib/chat-transport.ts:137
[  418085ms] [LOG] [ChatTransport] onmessage triggered, has currentResponseHandler: true @ webpack-internal:///(app-pages-browser)/./lib/chat-transport.ts:41
[  418085ms] [LOG] [ChatTransport] responseHandler called, data: {"type":"delta","content":"。","error":null,"message_id":"41e1693b-9ed0-4067-b7d6-f7f8f439214b","conversation_id":null,"itinerary":null,"stage":null} @ webpack-internal:///(app-pages-browser)/./lib/chat-transport.ts:137
[  418086ms] [LOG] [ChatTransport] onmessage triggered, has currentResponseHandler: true @ webpack-internal:///(app-pages-browser)/./lib/chat-transport.ts:41
[  418086ms] [LOG] [ChatTransport] responseHandler called, data: {"type":"delta","content":"东京","error":null,"message_id":"41e1693b-9ed0-4067-b7d6-f7f8f439214b","conversation_id":null,"itinerary":null,"stage":null} @ webpack-internal:///(app-pages-browser)/./lib/chat-transport.ts:137
[  418087ms] [LOG] [ChatTransport] onmessage triggered, has currentResponseHandler: true @ webpack-internal:///(app-pages-browser)/./lib/chat-transport.ts:41
[  418087ms] [LOG] [ChatTransport] responseHandler called, data: {"type":"delta","content":"作为","error":null,"message_id":"41e1693b-9ed0-4067-b7d6-f7f8f439214b","conversation_id":null,"itinerary":null,"stage":null} @ webpack-internal:///(app-pages-browser)/./lib/chat-transport.ts:137
[  418121ms] [LOG] [ChatTransport] onmessage triggered, has currentResponseHandler: true @ webpack-internal:///(app-pages-browser)/./lib/chat-transport.ts:41
[  418122ms] [LOG] [ChatTransport] responseHandler called, data: {"type":"delta","content":"世界","error":null,"message_id":"41e1693b-9ed0-4067-b7d6-f7f8f439214b","conversation_id":null,"itinerary":null,"stage":null} @ webpack-internal:///(app-pages-browser)/./lib/chat-transport.ts:137
[  418155ms] [LOG] [ChatTransport] onmessage triggered, has currentResponseHandler: true @ webpack-internal:///(app-pages-browser)/./lib/chat-transport.ts:41
[  418155ms] [LOG] [ChatTransport] responseHandler called, data: {"type":"delta","content":"闻","error":null,"message_id":"41e1693b-9ed0-4067-b7d6-f7f8f439214b","conversation_id":null,"itinerary":null,"stage":null} @ webpack-internal:///(app-pages-browser)/./lib/chat-transport.ts:137
[  418187ms] [LOG] [ChatTransport] onmessage triggered, has currentResponseHandler: true @ webpack-internal:///(app-pages-browser)/./lib/chat-transport.ts:41
[  418188ms] [LOG] [ChatTransport] responseHandler called, data: {"type":"delta","content":"名的","error":null,"message_id":"41e1693b-9ed0-4067-b7d6-f7f8f439214b","conversation_id":null,"itinerary":null,"stage":null} @ webpack-internal:///(app-pages-browser)/./lib/chat-transport.ts:137
[  418188ms] [LOG] [ChatTransport] onmessage triggered, has currentResponseHandler: true @ webpack-internal:///(app-pages-browser)/./lib/chat-transport.ts:41
[  418188ms] [LOG] [ChatTransport] responseHandler called, data: {"type":"delta","content":"美食","error":null,"message_id":"41e1693b-9ed0-4067-b7d6-f7f8f439214b","conversation_id":null,"itinerary":null,"stage":null} @ webpack-internal:///(app-pages-browser)/./lib/chat-transport.ts:137
[  418233ms] [LOG] [ChatTransport] onmessage triggered, has currentResponseHandler: true @ webpack-internal:///(app-pages-browser)/./lib/chat-transport.ts:41
[  418234ms] [LOG] [ChatTransport] responseHandler called, data: {"type":"delta","content":"之","error":null,"message_id":"41e1693b-9ed0-4067-b7d6-f7f8f439214b","conversation_id":null,"itinerary":null,"stage":null} @ webpack-internal:///(app-pages-browser)/./lib/chat-transport.ts:137
[  418264ms] [LOG] [ChatTransport] onmessage triggered, has currentResponseHandler: true @ webpack-internal:///(app-pages-browser)/./lib/chat-transport.ts:41
[  418264ms] [LOG] [ChatTransport] responseHandler called, data: {"type":"delta","content":"都","error":null,"message_id":"41e1693b-9ed0-4067-b7d6-f7f8f439214b","conversation_id":null,"itinerary":null,"stage":null} @ webpack-internal:///(app-pages-browser)/./lib/chat-transport.ts:137
[  418325ms] [LOG] [ChatTransport] onmessage triggered, has currentResponseHandler: true @ webpack-internal:///(app-pages-browser)/./lib/chat-transport.ts:41
[  418326ms] [LOG] [ChatTransport] responseHandler called, data: {"type":"delta","content":"，","error":null,"message_id":"41e1693b-9ed0-4067-b7d6-f7f8f439214b","conversation_id":null,"itinerary":null,"stage":null} @ webpack-internal:///(app-pages-browser)/./lib/chat-transport.ts:137
[  418357ms] [LOG] [ChatTransport] onmessage triggered, has currentResponseHandler: true @ webpack-internal:///(app-pages-browser)/./lib/chat-transport.ts:41
[  418357ms] [LOG] [ChatTransport] responseHandler called, data: {"type":"delta","content":"有","error":null,"message_id":"41e1693b-9ed0-4067-b7d6-f7f8f439214b","conversation_id":null,"itinerary":null,"stage":null} @ webpack-internal:///(app-pages-browser)/./lib/chat-transport.ts:137
[  418386ms] [LOG] [ChatTransport] onmessage triggered, has currentResponseHandler: true @ webpack-internal:///(app-pages-browser)/./lib/chat-transport.ts:41
[  418386ms] [LOG] [ChatTransport] responseHandler called, data: {"type":"delta","content":"各种各样的","error":null,"message_id":"41e1693b-9ed0-4067-b7d6-f7f8f439214b","conversation_id":null,"itinerary":null,"stage":null} @ webpack-internal:///(app-pages-browser)/./lib/chat-transport.ts:137
[  418387ms] [LOG] [ChatTransport] onmessage triggered, has currentResponseHandler: true @ webpack-internal:///(app-pages-browser)/./lib/chat-transport.ts:41
[  418387ms] [LOG] [ChatTransport] responseHandler called, data: {"type":"delta","content":"美食","error":null,"message_id":"41e1693b-9ed0-4067-b7d6-f7f8f439214b","conversation_id":null,"itinerary":null,"stage":null} @ webpack-internal:///(app-pages-browser)/./lib/chat-transport.ts:137
[  418471ms] [LOG] [ChatTransport] onmessage triggered, has currentResponseHandler: true @ webpack-internal:///(app-pages-browser)/./lib/chat-transport.ts:41
[  418471ms] [LOG] [ChatTransport] responseHandler called, data: {"type":"delta","content":"选择","error":null,"message_id":"41e1693b-9ed0-4067-b7d6-f7f8f439214b","conversation_id":null,"itinerary":null,"stage":null} @ webpack-internal:///(app-pages-browser)/./lib/chat-transport.ts:137
[  418502ms] [LOG] [ChatTransport] onmessage triggered, has currentResponseHandler: true @ webpack-internal:///(app-pages-browser)/./lib/chat-transport.ts:41
[  418502ms] [LOG] [ChatTransport] responseHandler called, data: {"type":"delta","content":"，","error":null,"message_id":"41e1693b-9ed0-4067-b7d6-f7f8f439214b","conversation_id":null,"itinerary":null,"stage":null} @ webpack-internal:///(app-pages-browser)/./lib/chat-transport.ts:137
[  418534ms] [LOG] [ChatTransport] onmessage triggered, has currentResponseHandler: true @ webpack-internal:///(app-pages-browser)/./lib/chat-transport.ts:41
[  418534ms] [LOG] [ChatTransport] responseHandler called, data: {"type":"delta","content":"从","error":null,"message_id":"41e1693b-9ed0-4067-b7d6-f7f8f439214b","conversation_id":null,"itinerary":null,"stage":null} @ webpack-internal:///(app-pages-browser)/./lib/chat-transport.ts:137
[  418534ms] [LOG] [ChatTransport] onmessage triggered, has currentResponseHandler: true @ webpack-internal:///(app-pages-browser)/./lib/chat-transport.ts:41
[  418534ms] [LOG] [ChatTransport] responseHandler called, data: {"type":"delta","content":"传统","error":null,"message_id":"41e1693b-9ed0-4067-b7d6-f7f8f439214b","conversation_id":null,"itinerary":null,"stage":null} @ webpack-internal:///(app-pages-browser)/./lib/chat-transport.ts:137
[  418587ms] [LOG] [ChatTransport] onmessage triggered, has currentResponseHandler: true @ webpack-internal:///(app-pages-browser)/./lib/chat-transport.ts:41
[  418587ms] [LOG] [ChatTransport] responseHandler called, data: {"type":"delta","content":"日","error":null,"message_id":"41e1693b-9ed0-4067-b7d6-f7f8f439214b","conversation_id":null,"itinerary":null,"stage":null} @ webpack-internal:///(app-pages-browser)/./lib/chat-transport.ts:137
[  418616ms] [LOG] [ChatTransport] onmessage triggered, has currentResponseHandler: true @ webpack-internal:///(app-pages-browser)/./lib/chat-transport.ts:41
[  418617ms] [LOG] [ChatTransport] responseHandler called, data: {"type":"delta","content":"料到","error":null,"message_id":"41e1693b-9ed0-4067-b7d6-f7f8f439214b","conversation_id":null,"itinerary":null,"stage":null} @ webpack-internal:///(app-pages-browser)/./lib/chat-transport.ts:137
[  418659ms] [LOG] [ChatTransport] onmessage triggered, has currentResponseHandler: true @ webpack-internal:///(app-pages-browser)/./lib/chat-transport.ts:41
[  418659ms] [LOG] [ChatTransport] responseHandler called, data: {"type":"delta","content":"现代","error":null,"message_id":"41e1693b-9ed0-4067-b7d6-f7f8f439214b","conversation_id":null,"itinerary":null,"stage":null} @ webpack-internal:///(app-pages-browser)/./lib/chat-transport.ts:137
[  418693ms] [LOG] [ChatTransport] onmessage triggered, has currentResponseHandler: true @ webpack-internal:///(app-pages-browser)/./lib/chat-transport.ts:41
[  418693ms] [LOG] [ChatTransport] responseHandler called, data: {"type":"delta","content":"创新","error":null,"message_id":"41e1693b-9ed0-4067-b7d6-f7f8f439214b","conversation_id":null,"itinerary":null,"stage":null} @ webpack-internal:///(app-pages-browser)/./lib/chat-transport.ts:137
[  418731ms] [LOG] [ChatTransport] onmessage triggered, has currentResponseHandler: true @ webpack-internal:///(app-pages-browser)/./lib/chat-transport.ts:41
[  418731ms] [LOG] [ChatTransport] responseHandler called, data: {"type":"delta","content":"料理","error":null,"message_id":"41e1693b-9ed0-4067-b7d6-f7f8f439214b","conversation_id":null,"itinerary":null,"stage":null} @ webpack-internal:///(app-pages-browser)/./lib/chat-transport.ts:137
[  418763ms] [LOG] [ChatTransport] onmessage triggered, has currentResponseHandler: true @ webpack-internal:///(app-pages-browser)/./lib/chat-transport.ts:41
[  418764ms] [LOG] [ChatTransport] responseHandler called, data: {"type":"delta","content":"都有","error":null,"message_id":"41e1693b-9ed0-4067-b7d6-f7f8f439214b","conversation_id":null,"itinerary":null,"stage":null} @ webpack-internal:///(app-pages-browser)/./lib/chat-transport.ts:137
[  418808ms] [LOG] [ChatTransport] onmessage triggered, has currentResponseHandler: true @ webpack-internal:///(app-pages-browser)/./lib/chat-transport.ts:41
[  418809ms] [LOG] [ChatTransport] responseHandler called, data: {"type":"delta","content":"。\n\n","error":null,"message_id":"41e1693b-9ed0-4067-b7d6-f7f8f439214b","conversation_id":null,"itinerary":null,"stage":null} @ webpack-internal:///(app-pages-browser)/./lib/chat-transport.ts:137
[  418841ms] [LOG] [ChatTransport] onmessage triggered, has currentResponseHandler: true @ webpack-internal:///(app-pages-browser)/./lib/chat-transport.ts:41
[  418842ms] [LOG] [ChatTransport] responseHandler called, data: {"type":"delta","content":"让我","error":null,"message_id":"41e1693b-9ed0-4067-b7d6-f7f8f439214b","conversation_id":null,"itinerary":null,"stage":null} @ webpack-internal:///(app-pages-browser)/./lib/chat-transport.ts:137
[  418879ms] [LOG] [ChatTransport] onmessage triggered, has currentResponseHandler: true @ webpack-internal:///(app-pages-browser)/./lib/chat-transport.ts:41
[  418880ms] [LOG] [ChatTransport] responseHandler called, data: {"type":"delta","content":"为您","error":null,"message_id":"41e1693b-9ed0-4067-b7d6-f7f8f439214b","conversation_id":null,"itinerary":null,"stage":null} @ webpack-internal:///(app-pages-browser)/./lib/chat-transport.ts:137
[  418923ms] [LOG] [ChatTransport] onmessage triggered, has currentResponseHandler: true @ webpack-internal:///(app-pages-browser)/./lib/chat-transport.ts:41
[  418924ms] [LOG] [ChatTransport] responseHandler called, data: {"type":"delta","content":"搜索","error":null,"message_id":"41e1693b-9ed0-4067-b7d6-f7f8f439214b","conversation_id":null,"itinerary":null,"stage":null} @ webpack-internal:///(app-pages-browser)/./lib/chat-transport.ts:137
[  418965ms] [LOG] [ChatTransport] onmessage triggered, has currentResponseHandler: true @ webpack-internal:///(app-pages-browser)/./lib/chat-transport.ts:41
[  418966ms] [LOG] [ChatTransport] responseHandler called, data: {"type":"delta","content":"一下","error":null,"message_id":"41e1693b-9ed0-4067-b7d6-f7f8f439214b","conversation_id":null,"itinerary":null,"stage":null} @ webpack-internal:///(app-pages-browser)/./lib/chat-transport.ts:137
[  419000ms] [LOG] [ChatTransport] onmessage triggered, has currentResponseHandler: true @ webpack-internal:///(app-pages-browser)/./lib/chat-transport.ts:41
[  419000ms] [LOG] [ChatTransport] responseHandler called, data: {"type":"delta","content":"东京","error":null,"message_id":"41e1693b-9ed0-4067-b7d6-f7f8f439214b","conversation_id":null,"itinerary":null,"stage":null} @ webpack-internal:///(app-pages-browser)/./lib/chat-transport.ts:137
[  419049ms] [LOG] [ChatTransport] onmessage triggered, has currentResponseHandler: true @ webpack-internal:///(app-pages-browser)/./lib/chat-transport.ts:41
[  419049ms] [LOG] [ChatTransport] responseHandler called, data: {"type":"delta","content":"的","error":null,"message_id":"41e1693b-9ed0-4067-b7d6-f7f8f439214b","conversation_id":null,"itinerary":null,"stage":null} @ webpack-internal:///(app-pages-browser)/./lib/chat-transport.ts:137
[  419088ms] [LOG] [ChatTransport] onmessage triggered, has currentResponseHandler: true @ webpack-internal:///(app-pages-browser)/./lib/chat-transport.ts:41
[  419088ms] [LOG] [ChatTransport] responseHandler called, data: {"type":"delta","content":"餐厅","error":null,"message_id":"41e1693b-9ed0-4067-b7d6-f7f8f439214b","conversation_id":null,"itinerary":null,"stage":null} @ webpack-internal:///(app-pages-browser)/./lib/chat-transport.ts:137
[  419132ms] [LOG] [ChatTransport] onmessage triggered, has currentResponseHandler: true @ webpack-internal:///(app-pages-browser)/./lib/chat-transport.ts:41
[  419133ms] [LOG] [ChatTransport] responseHandler called, data: {"type":"delta","content":"和","error":null,"message_id":"41e1693b-9ed0-4067-b7d6-f7f8f439214b","conversation_id":null,"itinerary":null,"stage":null} @ webpack-internal:///(app-pages-browser)/./lib/chat-transport.ts:137
[  419166ms] [LOG] [ChatTransport] onmessage triggered, has currentResponseHandler: true @ webpack-internal:///(app-pages-browser)/./lib/chat-transport.ts:41
[  419167ms] [LOG] [ChatTransport] responseHandler called, data: {"type":"delta","content":"美食","error":null,"message_id":"41e1693b-9ed0-4067-b7d6-f7f8f439214b","conversation_id":null,"itinerary":null,"stage":null} @ webpack-internal:///(app-pages-browser)/./lib/chat-transport.ts:137
[  419197ms] [LOG] [ChatTransport] onmessage triggered, has currentResponseHandler: true @ webpack-internal:///(app-pages-browser)/./lib/chat-transport.ts:41
[  419198ms] [LOG] [ChatTransport] responseHandler called, data: {"type":"delta","content":"推荐","error":null,"message_id":"41e1693b-9ed0-4067-b7d6-f7f8f439214b","conversation_id":null,"itinerary":null,"stage":null} @ webpack-internal:///(app-pages-browser)/./lib/chat-transport.ts:137
[  419224ms] [LOG] [ChatTransport] onmessage triggered, has currentResponseHandler: true @ webpack-internal:///(app-pages-browser)/./lib/chat-transport.ts:41
[  419224ms] [LOG] [ChatTransport] responseHandler called, data: {"type":"delta","content":"：\n\n","error":null,"message_id":"41e1693b-9ed0-4067-b7d6-f7f8f439214b","conversation_id":null,"itinerary":null,"stage":null} @ webpack-internal:///(app-pages-browser)/./lib/chat-transport.ts:137
[  419248ms] [LOG] [ChatTransport] onmessage triggered, has currentResponseHandler: true @ webpack-internal:///(app-pages-browser)/./lib/chat-transport.ts:41
[  419248ms] [LOG] [ChatTransport] responseHandler called, data: {"type":"delta","content":"```","error":null,"message_id":"41e1693b-9ed0-4067-b7d6-f7f8f439214b","conversation_id":null,"itinerary":null,"stage":null} @ webpack-internal:///(app-pages-browser)/./lib/chat-transport.ts:137
[  419256ms] [LOG] [ChatTransport] onmessage triggered, has currentResponseHandler: true @ webpack-internal:///(app-pages-browser)/./lib/chat-transport.ts:41
[  419257ms] [LOG] [ChatTransport] responseHandler called, data: {"type":"delta","content":"json","error":null,"message_id":"41e1693b-9ed0-4067-b7d6-f7f8f439214b","conversation_id":null,"itinerary":null,"stage":null} @ webpack-internal:///(app-pages-browser)/./lib/chat-transport.ts:137
[  419332ms] [LOG] [ChatTransport] onmessage triggered, has currentResponseHandler: true @ webpack-internal:///(app-pages-browser)/./lib/chat-transport.ts:41
[  419332ms] [LOG] [ChatTransport] responseHandler called, data: {"type":"delta","content":"\n","error":null,"message_id":"41e1693b-9ed0-4067-b7d6-f7f8f439214b","conversation_id":null,"itinerary":null,"stage":null} @ webpack-internal:///(app-pages-browser)/./lib/chat-transport.ts:137
[  419340ms] [LOG] [ChatTransport] onmessage triggered, has currentResponseHandler: true @ webpack-internal:///(app-pages-browser)/./lib/chat-transport.ts:41
[  419341ms] [LOG] [ChatTransport] responseHandler called, data: {"type":"delta","content":"{\n","error":null,"message_id":"41e1693b-9ed0-4067-b7d6-f7f8f439214b","conversation_id":null,"itinerary":null,"stage":null} @ webpack-internal:///(app-pages-browser)/./lib/chat-transport.ts:137
[  419459ms] [LOG] [ChatTransport] onmessage triggered, has currentResponseHandler: true @ webpack-internal:///(app-pages-browser)/./lib/chat-transport.ts:41
[  419459ms] [LOG] [ChatTransport] responseHandler called, data: {"type":"delta","content":" ","error":null,"message_id":"41e1693b-9ed0-4067-b7d6-f7f8f439214b","conversation_id":null,"itinerary":null,"stage":null} @ webpack-internal:///(app-pages-browser)/./lib/chat-transport.ts:137
[  419466ms] [LOG] [ChatTransport] onmessage triggered, has currentResponseHandler: true @ webpack-internal:///(app-pages-browser)/./lib/chat-transport.ts:41
[  419467ms] [LOG] [ChatTransport] responseHandler called, data: {"type":"delta","content":" \"","error":null,"message_id":"41e1693b-9ed0-4067-b7d6-f7f8f439214b","conversation_id":null,"itinerary":null,"stage":null} @ webpack-internal:///(app-pages-browser)/./lib/chat-transport.ts:137
[  419571ms] [LOG] [ChatTransport] onmessage triggered, has currentResponseHandler: true @ webpack-internal:///(app-pages-browser)/./lib/chat-transport.ts:41
[  419571ms] [LOG] [ChatTransport] responseHandler called, data: {"type":"delta","content":"location","error":null,"message_id":"41e1693b-9ed0-4067-b7d6-f7f8f439214b","conversation_id":null,"itinerary":null,"stage":null} @ webpack-internal:///(app-pages-browser)/./lib/chat-transport.ts:137
[  419580ms] [LOG] [ChatTransport] onmessage triggered, has currentResponseHandler: true @ webpack-internal:///(app-pages-browser)/./lib/chat-transport.ts:41
[  419580ms] [LOG] [ChatTransport] responseHandler called, data: {"type":"delta","content":"\":","error":null,"message_id":"41e1693b-9ed0-4067-b7d6-f7f8f439214b","conversation_id":null,"itinerary":null,"stage":null} @ webpack-internal:///(app-pages-browser)/./lib/chat-transport.ts:137
[  419588ms] [LOG] [ChatTransport] onmessage triggered, has currentResponseHandler: true @ webpack-internal:///(app-pages-browser)/./lib/chat-transport.ts:41
[  419588ms] [LOG] [ChatTransport] responseHandler called, data: {"type":"delta","content":" \"","error":null,"message_id":"41e1693b-9ed0-4067-b7d6-f7f8f439214b","conversation_id":null,"itinerary":null,"stage":null} @ webpack-internal:///(app-pages-browser)/./lib/chat-transport.ts:137
[  419624ms] [LOG] [ChatTransport] onmessage triggered, has currentResponseHandler: true @ webpack-internal:///(app-pages-browser)/./lib/chat-transport.ts:41
[  419624ms] [LOG] [ChatTransport] responseHandler called, data: {"type":"delta","content":"东京","error":null,"message_id":"41e1693b-9ed0-4067-b7d6-f7f8f439214b","conversation_id":null,"itinerary":null,"stage":null} @ webpack-internal:///(app-pages-browser)/./lib/chat-transport.ts:137
[  419659ms] [LOG] [ChatTransport] onmessage triggered, has currentResponseHandler: true @ webpack-internal:///(app-pages-browser)/./lib/chat-transport.ts:41
[  419660ms] [LOG] [ChatTransport] responseHandler called, data: {"type":"delta","content":"\",\n","error":null,"message_id":"41e1693b-9ed0-4067-b7d6-f7f8f439214b","conversation_id":null,"itinerary":null,"stage":null} @ webpack-internal:///(app-pages-browser)/./lib/chat-transport.ts:137
[  419661ms] [LOG] [ChatTransport] onmessage triggered, has currentResponseHandler: true @ webpack-internal:///(app-pages-browser)/./lib/chat-transport.ts:41
[  419662ms] [LOG] [ChatTransport] responseHandler called, data: {"type":"delta","content":" ","error":null,"message_id":"41e1693b-9ed0-4067-b7d6-f7f8f439214b","conversation_id":null,"itinerary":null,"stage":null} @ webpack-internal:///(app-pages-browser)/./lib/chat-transport.ts:137
[  419694ms] [LOG] [ChatTransport] onmessage triggered, has currentResponseHandler: true @ webpack-internal:///(app-pages-browser)/./lib/chat-transport.ts:41
[  419695ms] [LOG] [ChatTransport] responseHandler called, data: {"type":"delta","content":" \"","error":null,"message_id":"41e1693b-9ed0-4067-b7d6-f7f8f439214b","conversation_id":null,"itinerary":null,"stage":null} @ webpack-internal:///(app-pages-browser)/./lib/chat-transport.ts:137
[  419730ms] [LOG] [ChatTransport] onmessage triggered, has currentResponseHandler: true @ webpack-internal:///(app-pages-browser)/./lib/chat-transport.ts:41
[  419731ms] [LOG] [ChatTransport] responseHandler called, data: {"type":"delta","content":"keywords","error":null,"message_id":"41e1693b-9ed0-4067-b7d6-f7f8f439214b","conversation_id":null,"itinerary":null,"stage":null} @ webpack-internal:///(app-pages-browser)/./lib/chat-transport.ts:137
[  419768ms] [LOG] [ChatTransport] onmessage triggered, has currentResponseHandler: true @ webpack-internal:///(app-pages-browser)/./lib/chat-transport.ts:41
[  419769ms] [LOG] [ChatTransport] responseHandler called, data: {"type":"delta","content":"\":","error":null,"message_id":"41e1693b-9ed0-4067-b7d6-f7f8f439214b","conversation_id":null,"itinerary":null,"stage":null} @ webpack-internal:///(app-pages-browser)/./lib/chat-transport.ts:137
[  419803ms] [LOG] [ChatTransport] onmessage triggered, has currentResponseHandler: true @ webpack-internal:///(app-pages-browser)/./lib/chat-transport.ts:41
[  419803ms] [LOG] [ChatTransport] responseHandler called, data: {"type":"delta","content":" \"","error":null,"message_id":"41e1693b-9ed0-4067-b7d6-f7f8f439214b","conversation_id":null,"itinerary":null,"stage":null} @ webpack-internal:///(app-pages-browser)/./lib/chat-transport.ts:137
[  419891ms] [LOG] [ChatTransport] onmessage triggered, has currentResponseHandler: true @ webpack-internal:///(app-pages-browser)/./lib/chat-transport.ts:41
[  419892ms] [LOG] [ChatTransport] responseHandler called, data: {"type":"delta","content":"美食","error":null,"message_id":"41e1693b-9ed0-4067-b7d6-f7f8f439214b","conversation_id":null,"itinerary":null,"stage":null} @ webpack-internal:///(app-pages-browser)/./lib/chat-transport.ts:137
[  419937ms] [LOG] [ChatTransport] onmessage triggered, has currentResponseHandler: true @ webpack-internal:///(app-pages-browser)/./lib/chat-transport.ts:41
[  419938ms] [LOG] [ChatTransport] responseHandler called, data: {"type":"delta","content":" ","error":null,"message_id":"41e1693b-9ed0-4067-b7d6-f7f8f439214b","conversation_id":null,"itinerary":null,"stage":null} @ webpack-internal:///(app-pages-browser)/./lib/chat-transport.ts:137
[  419974ms] [LOG] [ChatTransport] onmessage triggered, has currentResponseHandler: true @ webpack-internal:///(app-pages-browser)/./lib/chat-transport.ts:41
[  419975ms] [LOG] [ChatTransport] responseHandler called, data: {"type":"delta","content":"餐厅","error":null,"message_id":"41e1693b-9ed0-4067-b7d6-f7f8f439214b","conversation_id":null,"itinerary":null,"stage":null} @ webpack-internal:///(app-pages-browser)/./lib/chat-transport.ts:137
[  419975ms] [LOG] [ChatTransport] onmessage triggered, has currentResponseHandler: true @ webpack-internal:///(app-pages-browser)/./lib/chat-transport.ts:41
[  419976ms] [LOG] [ChatTransport] responseHandler called, data: {"type":"delta","content":" ","error":null,"message_id":"41e1693b-9ed0-4067-b7d6-f7f8f439214b","conversation_id":null,"itinerary":null,"stage":null} @ webpack-internal:///(app-pages-browser)/./lib/chat-transport.ts:137
[  420010ms] [LOG] [ChatTransport] onmessage triggered, has currentResponseHandler: true @ webpack-internal:///(app-pages-browser)/./lib/chat-transport.ts:41
[  420011ms] [LOG] [ChatTransport] responseHandler called, data: {"type":"delta","content":"料理","error":null,"message_id":"41e1693b-9ed0-4067-b7d6-f7f8f439214b","conversation_id":null,"itinerary":null,"stage":null} @ webpack-internal:///(app-pages-browser)/./lib/chat-transport.ts:137
[  420045ms] [LOG] [ChatTransport] onmessage triggered, has currentResponseHandler: true @ webpack-internal:///(app-pages-browser)/./lib/chat-transport.ts:41
[  420045ms] [LOG] [ChatTransport] responseHandler called, data: {"type":"delta","content":"\",\n","error":null,"message_id":"41e1693b-9ed0-4067-b7d6-f7f8f439214b","conversation_id":null,"itinerary":null,"stage":null} @ webpack-internal:///(app-pages-browser)/./lib/chat-transport.ts:137
[  420079ms] [LOG] [ChatTransport] onmessage triggered, has currentResponseHandler: true @ webpack-internal:///(app-pages-browser)/./lib/chat-transport.ts:41
[  420080ms] [LOG] [ChatTransport] responseHandler called, data: {"type":"delta","content":" ","error":null,"message_id":"41e1693b-9ed0-4067-b7d6-f7f8f439214b","conversation_id":null,"itinerary":null,"stage":null} @ webpack-internal:///(app-pages-browser)/./lib/chat-transport.ts:137
[  420113ms] [LOG] [ChatTransport] onmessage triggered, has currentResponseHandler: true @ webpack-internal:///(app-pages-browser)/./lib/chat-transport.ts:41
[  420114ms] [LOG] [ChatTransport] responseHandler called, data: {"type":"delta","content":" \"","error":null,"message_id":"41e1693b-9ed0-4067-b7d6-f7f8f439214b","conversation_id":null,"itinerary":null,"stage":null} @ webpack-internal:///(app-pages-browser)/./lib/chat-transport.ts:137
[  420153ms] [LOG] [ChatTransport] onmessage triggered, has currentResponseHandler: true @ webpack-internal:///(app-pages-browser)/./lib/chat-transport.ts:41
[  420153ms] [LOG] [ChatTransport] responseHandler called, data: {"type":"delta","content":"types","error":null,"message_id":"41e1693b-9ed0-4067-b7d6-f7f8f439214b","conversation_id":null,"itinerary":null,"stage":null} @ webpack-internal:///(app-pages-browser)/./lib/chat-transport.ts:137
[  420193ms] [LOG] [ChatTransport] onmessage triggered, has currentResponseHandler: true @ webpack-internal:///(app-pages-browser)/./lib/chat-transport.ts:41
[  420193ms] [LOG] [ChatTransport] responseHandler called, data: {"type":"delta","content":"\":","error":null,"message_id":"41e1693b-9ed0-4067-b7d6-f7f8f439214b","conversation_id":null,"itinerary":null,"stage":null} @ webpack-internal:///(app-pages-browser)/./lib/chat-transport.ts:137
[  420349ms] [LOG] [ChatTransport] onmessage triggered, has currentResponseHandler: true @ webpack-internal:///(app-pages-browser)/./lib/chat-transport.ts:41
[  420349ms] [LOG] [ChatTransport] responseHandler called, data: {"type":"delta","content":" \"","error":null,"message_id":"41e1693b-9ed0-4067-b7d6-f7f8f439214b","conversation_id":null,"itinerary":null,"stage":null} @ webpack-internal:///(app-pages-browser)/./lib/chat-transport.ts:137
[  420376ms] [LOG] [ChatTransport] onmessage triggered, has currentResponseHandler: true @ webpack-internal:///(app-pages-browser)/./lib/chat-transport.ts:41
[  420377ms] [LOG] [ChatTransport] responseHandler called, data: {"type":"delta","content":"050","error":null,"message_id":"41e1693b-9ed0-4067-b7d6-f7f8f439214b","conversation_id":null,"itinerary":null,"stage":null} @ webpack-internal:///(app-pages-browser)/./lib/chat-transport.ts:137
[  420377ms] [LOG] [ChatTransport] onmessage triggered, has currentResponseHandler: true @ webpack-internal:///(app-pages-browser)/./lib/chat-transport.ts:41
[  420378ms] [LOG] [ChatTransport] responseHandler called, data: {"type":"delta","content":"000","error":null,"message_id":"41e1693b-9ed0-4067-b7d6-f7f8f439214b","conversation_id":null,"itinerary":null,"stage":null} @ webpack-internal:///(app-pages-browser)/./lib/chat-transport.ts:137
[  420379ms] [LOG] [ChatTransport] onmessage triggered, has currentResponseHandler: true @ webpack-internal:///(app-pages-browser)/./lib/chat-transport.ts:41
[  420379ms] [LOG] [ChatTransport] responseHandler called, data: {"type":"delta","content":",","error":null,"message_id":"41e1693b-9ed0-4067-b7d6-f7f8f439214b","conversation_id":null,"itinerary":null,"stage":null} @ webpack-internal:///(app-pages-browser)/./lib/chat-transport.ts:137
[  420388ms] [LOG] [ChatTransport] onmessage triggered, has currentResponseHandler: true @ webpack-internal:///(app-pages-browser)/./lib/chat-transport.ts:41
[  420388ms] [LOG] [ChatTransport] responseHandler called, data: {"type":"delta","content":"050","error":null,"message_id":"41e1693b-9ed0-4067-b7d6-f7f8f439214b","conversation_id":null,"itinerary":null,"stage":null} @ webpack-internal:///(app-pages-browser)/./lib/chat-transport.ts:137
[  420396ms] [LOG] [ChatTransport] onmessage triggered, has currentResponseHandler: true @ webpack-internal:///(app-pages-browser)/./lib/chat-transport.ts:41
[  420397ms] [LOG] [ChatTransport] responseHandler called, data: {"type":"delta","content":"100","error":null,"message_id":"41e1693b-9ed0-4067-b7d6-f7f8f439214b","conversation_id":null,"itinerary":null,"stage":null} @ webpack-internal:///(app-pages-browser)/./lib/chat-transport.ts:137
[  420445ms] [LOG] [ChatTransport] onmessage triggered, has currentResponseHandler: true @ webpack-internal:///(app-pages-browser)/./lib/chat-transport.ts:41
[  420445ms] [LOG] [ChatTransport] responseHandler called, data: {"type":"delta","content":",","error":null,"message_id":"41e1693b-9ed0-4067-b7d6-f7f8f439214b","conversation_id":null,"itinerary":null,"stage":null} @ webpack-internal:///(app-pages-browser)/./lib/chat-transport.ts:137
[  420451ms] [LOG] [ChatTransport] onmessage triggered, has currentResponseHandler: true @ webpack-internal:///(app-pages-browser)/./lib/chat-transport.ts:41
[  420452ms] [LOG] [ChatTransport] responseHandler called, data: {"type":"delta","content":"050","error":null,"message_id":"41e1693b-9ed0-4067-b7d6-f7f8f439214b","conversation_id":null,"itinerary":null,"stage":null} @ webpack-internal:///(app-pages-browser)/./lib/chat-transport.ts:137
[  420528ms] [LOG] [ChatTransport] onmessage triggered, has currentResponseHandler: true @ webpack-internal:///(app-pages-browser)/./lib/chat-transport.ts:41
[  420528ms] [LOG] [ChatTransport] responseHandler called, data: {"type":"delta","content":"200","error":null,"message_id":"41e1693b-9ed0-4067-b7d6-f7f8f439214b","conversation_id":null,"itinerary":null,"stage":null} @ webpack-internal:///(app-pages-browser)/./lib/chat-transport.ts:137
[  420537ms] [LOG] [ChatTransport] onmessage triggered, has currentResponseHandler: true @ webpack-internal:///(app-pages-browser)/./lib/chat-transport.ts:41
[  420538ms] [LOG] [ChatTransport] responseHandler called, data: {"type":"delta","content":",","error":null,"message_id":"41e1693b-9ed0-4067-b7d6-f7f8f439214b","conversation_id":null,"itinerary":null,"stage":null} @ webpack-internal:///(app-pages-browser)/./lib/chat-transport.ts:137
[  420665ms] [LOG] [ChatTransport] onmessage triggered, has currentResponseHandler: true @ webpack-internal:///(app-pages-browser)/./lib/chat-transport.ts:41
[  420666ms] [LOG] [ChatTransport] responseHandler called, data: {"type":"delta","content":"050","error":null,"message_id":"41e1693b-9ed0-4067-b7d6-f7f8f439214b","conversation_id":null,"itinerary":null,"stage":null} @ webpack-internal:///(app-pages-browser)/./lib/chat-transport.ts:137
[  420702ms] [LOG] [ChatTransport] onmessage triggered, has currentResponseHandler: true @ webpack-internal:///(app-pages-browser)/./lib/chat-transport.ts:41
[  420702ms] [LOG] [ChatTransport] responseHandler called, data: {"type":"delta","content":"300","error":null,"message_id":"41e1693b-9ed0-4067-b7d6-f7f8f439214b","conversation_id":null,"itinerary":null,"stage":null} @ webpack-internal:///(app-pages-browser)/./lib/chat-transport.ts:137
[  420736ms] [LOG] [ChatTransport] onmessage triggered, has currentResponseHandler: true @ webpack-internal:///(app-pages-browser)/./lib/chat-transport.ts:41
[  420737ms] [LOG] [ChatTransport] responseHandler called, data: {"type":"delta","content":"\"\n","error":null,"message_id":"41e1693b-9ed0-4067-b7d6-f7f8f439214b","conversation_id":null,"itinerary":null,"stage":null} @ webpack-internal:///(app-pages-browser)/./lib/chat-transport.ts:137
[  420738ms] [LOG] [ChatTransport] onmessage triggered, has currentResponseHandler: true @ webpack-internal:///(app-pages-browser)/./lib/chat-transport.ts:41
[  420738ms] [LOG] [ChatTransport] responseHandler called, data: {"type":"delta","content":"}\n","error":null,"message_id":"41e1693b-9ed0-4067-b7d6-f7f8f439214b","conversation_id":null,"itinerary":null,"stage":null} @ webpack-internal:///(app-pages-browser)/./lib/chat-transport.ts:137
[  420774ms] [LOG] [ChatTransport] onmessage triggered, has currentResponseHandler: true @ webpack-internal:///(app-pages-browser)/./lib/chat-transport.ts:41
[  420775ms] [LOG] [ChatTransport] responseHandler called, data: {"type":"delta","content":"```","error":null,"message_id":"41e1693b-9ed0-4067-b7d6-f7f8f439214b","conversation_id":null,"itinerary":null,"stage":null} @ webpack-internal:///(app-pages-browser)/./lib/chat-transport.ts:137
[  420810ms] [LOG] [ChatTransport] onmessage triggered, has currentResponseHandler: true @ webpack-internal:///(app-pages-browser)/./lib/chat-transport.ts:41
[  420811ms] [LOG] [ChatTransport] responseHandler called, data: {"type":"stage","content":null,"error":null,"message_id":"41e1693b-9ed0-4067-b7d6-f7f8f439214b","conversation_id":null,"itinerary":null,"stage":{"name":"6_LLM","status":"end","label":"✨ 生成回复","message":"正在生成回复内容..."}} @ webpack-internal:///(app-pages-browser)/./lib/chat-transport.ts:137
[  420811ms] [LOG] [ChatTransport] Stage update: {name: 6_LLM, status: end, label: ✨ 生成回复, message: 正在生成回复内容...} @ webpack-internal:///(app-pages-browser)/./lib/chat-transport.ts:147
[  420812ms] [LOG] [ChatTransport] onmessage triggered, has currentResponseHandler: true @ webpack-internal:///(app-pages-browser)/./lib/chat-transport.ts:41
[  420812ms] [LOG] [ChatTransport] responseHandler called, data: {"type":"stage","content":null,"error":null,"message_id":"41e1693b-9ed0-4067-b7d6-f7f8f439214b","conversation_id":null,"itinerary":null,"stage":{"name":"7_CTX_MANAGE","status":"start","label":"📊 上下文管理","message":"正在管理上下文窗口..."}} @ webpack-internal:///(app-pages-browser)/./lib/chat-transport.ts:137
[  420812ms] [LOG] [ChatTransport] Stage update: {name: 7_CTX_MANAGE, status: start, label: 📊 上下文管理, message: 正在管理上下文窗口...} @ webpack-internal:///(app-pages-browser)/./lib/chat-transport.ts:147
[  420813ms] [LOG] [ChatTransport] onmessage triggered, has currentResponseHandler: true @ webpack-internal:///(app-pages-browser)/./lib/chat-transport.ts:41
[  420814ms] [LOG] [ChatTransport] responseHandler called, data: {"type":"stage","content":null,"error":null,"message_id":"41e1693b-9ed0-4067-b7d6-f7f8f439214b","conversation_id":null,"itinerary":null,"stage":{"name":"7_CTX_MANAGE","status":"skip","label":"📊 上下文管理","message":"正在管理上下文窗口..."}} @ webpack-internal:///(app-pages-browser)/./lib/chat-transport.ts:137
[  420814ms] [LOG] [ChatTransport] Stage update: {name: 7_CTX_MANAGE, status: skip, label: 📊 上下文管理, message: 正在管理上下文窗口...} @ webpack-internal:///(app-pages-browser)/./lib/chat-transport.ts:147
[  420814ms] [LOG] [ChatTransport] onmessage triggered, has currentResponseHandler: true @ webpack-internal:///(app-pages-browser)/./lib/chat-transport.ts:41
[  420814ms] [LOG] [ChatTransport] responseHandler called, data: {"type":"stage","content":null,"error":null,"message_id":"41e1693b-9ed0-4067-b7d6-f7f8f439214b","conversation_id":null,"itinerary":null,"stage":{"name":"8_MEMORY","status":"start","label":"💾 记忆更新","message":"正在更新记忆信息..."}} @ webpack-internal:///(app-pages-browser)/./lib/chat-transport.ts:137
[  420815ms] [LOG] [ChatTransport] Stage update: {name: 8_MEMORY, status: start, label: 💾 记忆更新, message: 正在更新记忆信息...} @ webpack-internal:///(app-pages-browser)/./lib/chat-transport.ts:147
[  420815ms] [LOG] [ChatTransport] onmessage triggered, has currentResponseHandler: true @ webpack-internal:///(app-pages-browser)/./lib/chat-transport.ts:41
[  420815ms] [LOG] [ChatTransport] responseHandler called, data: {"type":"stage","content":null,"error":null,"message_id":"41e1693b-9ed0-4067-b7d6-f7f8f439214b","conversation_id":null,"itinerary":null,"stage":{"name":"8_MEMORY","status":"end","label":"💾 记忆更新","message":"正在更新记忆信息..."}} @ webpack-internal:///(app-pages-browser)/./lib/chat-transport.ts:137
[  420816ms] [LOG] [ChatTransport] Stage update: {name: 8_MEMORY, status: end, label: 💾 记忆更新, message: 正在更新记忆信息...} @ webpack-internal:///(app-pages-browser)/./lib/chat-transport.ts:147
[  420816ms] [LOG] [ChatTransport] onmessage triggered, has currentResponseHandler: true @ webpack-internal:///(app-pages-browser)/./lib/chat-transport.ts:41
[  420817ms] [LOG] [ChatTransport] responseHandler called, data: {"type":"done","content":"我来帮您查询东京的美食信息。东京作为世界闻名的美食之都，有各种各样的美食选择，从传统日料到现代创新料理都有。\n\n让我为您搜索一下东京的餐厅和美食推荐：\n\n```json\n{\n  \"location\": \"东京\",\n  \"keywords\": \"美食 餐厅 料理\",\n  \"types\": \"050000,050100,050200,050300\"\n}\n```","error":null,"message_id":"41e1693b-9ed0-4067-b7d6-f7f8f439214b","conversation_id":"c9b60305-5275-4c4a-9f83-1d5b93707c97","itinerary":null,"stage":null} @ webpack-internal:///(app-pages-browser)/./lib/chat-transport.ts:137
[  420817ms] [LOG] [ChatTransport] Updated conversation_id: c9b60305-5275-4c4a-9f83-1d5b93707c97 @ webpack-internal:///(app-pages-browser)/./lib/chat-transport.ts:165
[  537445ms] [LOG] [ChatTransport] sendMessage called, content: 东京有什么好吃的？ @ webpack-internal:///(app-pages-browser)/./lib/chat-transport.ts:109
[  537445ms] [LOG] [ChatTransport] isConnected: true ws.readyState: 1 @ webpack-internal:///(app-pages-browser)/./lib/chat-transport.ts:110
[  537445ms] [LOG] [ChatTransport] has_image: false @ webpack-internal:///(app-pages-browser)/./lib/chat-transport.ts:111
[  537445ms] [LOG] [ChatTransport] Sending WebSocket message: msg_1776428129705_pnbvcdd 东京有什么好吃的？ @ webpack-internal:///(app-pages-browser)/./lib/chat-transport.ts:126
[  537445ms] [LOG] [ChatTransport] Setting currentResponseHandler @ webpack-internal:///(app-pages-browser)/./lib/chat-transport.ts:179
[  537445ms] [LOG] [ChatTransport] send() called, isConnected: true readyState: 1 @ webpack-internal:///(app-pages-browser)/./lib/chat-transport.ts:97
[  537445ms] [LOG] [ChatTransport] Sending WebSocket data: {"type":"message","session_id":"session_1776427593394_wx4xczz","conversation_id":"c9b60305-5275-4c4a-9f83-1d5b93707c97","user_id":"f62f4ec5-1874-4821-97e9-b2c70b35805d","content":"东京有什么好吃的？","has_image":false} @ webpack-internal:///(app-pages-browser)/./lib/chat-transport.ts:99
[  537477ms] [LOG] [ChatTransport] onmessage triggered, has currentResponseHandler: true @ webpack-internal:///(app-pages-browser)/./lib/chat-transport.ts:41
[  537477ms] [LOG] [ChatTransport] responseHandler called, data: {"type":"stage","content":null,"error":null,"message_id":"b33492d5-3dc3-4f5f-813c-5b54795f9fd3","conversation_id":null,"itinerary":null,"stage":{"name":"1_INTENT","status":"start","label":"🔍 意图识别","message":"正在分析您的需求..."}} @ webpack-internal:///(app-pages-browser)/./lib/chat-transport.ts:137
[  537477ms] [LOG] [ChatTransport] Stage update: {name: 1_INTENT, status: start, label: 🔍 意图识别, message: 正在分析您的需求...} @ webpack-internal:///(app-pages-browser)/./lib/chat-transport.ts:147
[  537501ms] [LOG] [ChatTransport] onmessage triggered, has currentResponseHandler: true @ webpack-internal:///(app-pages-browser)/./lib/chat-transport.ts:41
[  537501ms] [LOG] [ChatTransport] responseHandler called, data: {"type":"stage","content":null,"error":null,"message_id":"b33492d5-3dc3-4f5f-813c-5b54795f9fd3","conversation_id":null,"itinerary":null,"stage":{"name":"1_INTENT","status":"end","label":"🔍 意图识别","message":"正在分析您的需求..."}} @ webpack-internal:///(app-pages-browser)/./lib/chat-transport.ts:137
[  537501ms] [LOG] [ChatTransport] Stage update: {name: 1_INTENT, status: end, label: 🔍 意图识别, message: 正在分析您的需求...} @ webpack-internal:///(app-pages-browser)/./lib/chat-transport.ts:147
[  537501ms] [LOG] [ChatTransport] onmessage triggered, has currentResponseHandler: true @ webpack-internal:///(app-pages-browser)/./lib/chat-transport.ts:41
[  537502ms] [LOG] [ChatTransport] responseHandler called, data: {"type":"stage","content":null,"error":null,"message_id":"b33492d5-3dc3-4f5f-813c-5b54795f9fd3","conversation_id":null,"itinerary":null,"stage":{"name":"2_STORAGE","status":"start","label":"📚 加载历史","message":"正在加载对话历史..."}} @ webpack-internal:///(app-pages-browser)/./lib/chat-transport.ts:137
[  537502ms] [LOG] [ChatTransport] Stage update: {name: 2_STORAGE, status: start, label: 📚 加载历史, message: 正在加载对话历史...} @ webpack-internal:///(app-pages-browser)/./lib/chat-transport.ts:147
[  537502ms] [LOG] [ChatTransport] onmessage triggered, has currentResponseHandler: true @ webpack-internal:///(app-pages-browser)/./lib/chat-transport.ts:41
[  537502ms] [LOG] [ChatTransport] responseHandler called, data: {"type":"stage","content":null,"error":null,"message_id":"b33492d5-3dc3-4f5f-813c-5b54795f9fd3","conversation_id":null,"itinerary":null,"stage":{"name":"2_STORAGE","status":"end","label":"📚 加载历史","message":"正在加载对话历史..."}} @ webpack-internal:///(app-pages-browser)/./lib/chat-transport.ts:137
[  537502ms] [LOG] [ChatTransport] Stage update: {name: 2_STORAGE, status: end, label: 📚 加载历史, message: 正在加载对话历史...} @ webpack-internal:///(app-pages-browser)/./lib/chat-transport.ts:147
[  537502ms] [LOG] [ChatTransport] onmessage triggered, has currentResponseHandler: true @ webpack-internal:///(app-pages-browser)/./lib/chat-transport.ts:41
[  537503ms] [LOG] [ChatTransport] responseHandler called, data: {"type":"stage","content":null,"error":null,"message_id":"b33492d5-3dc3-4f5f-813c-5b54795f9fd3","conversation_id":null,"itinerary":null,"stage":{"name":"3_CTX_CLEAN","status":"start","label":"🧹 上下文清理","message":"正在整理上下文信息..."}} @ webpack-internal:///(app-pages-browser)/./lib/chat-transport.ts:137
[  537503ms] [LOG] [ChatTransport] Stage update: {name: 3_CTX_CLEAN, status: start, label: 🧹 上下文清理, message: 正在整理上下文信息...} @ webpack-internal:///(app-pages-browser)/./lib/chat-transport.ts:147
[  537503ms] [LOG] [ChatTransport] onmessage triggered, has currentResponseHandler: true @ webpack-internal:///(app-pages-browser)/./lib/chat-transport.ts:41
[  537503ms] [LOG] [ChatTransport] responseHandler called, data: {"type":"stage","content":null,"error":null,"message_id":"b33492d5-3dc3-4f5f-813c-5b54795f9fd3","conversation_id":null,"itinerary":null,"stage":{"name":"3_CTX_CLEAN","status":"skip","label":"🧹 上下文清理","message":"正在整理上下文信息..."}} @ webpack-internal:///(app-pages-browser)/./lib/chat-transport.ts:137
[  537503ms] [LOG] [ChatTransport] Stage update: {name: 3_CTX_CLEAN, status: skip, label: 🧹 上下文清理, message: 正在整理上下文信息...} @ webpack-internal:///(app-pages-browser)/./lib/chat-transport.ts:147
[  537504ms] [LOG] [ChatTransport] onmessage triggered, has currentResponseHandler: true @ webpack-internal:///(app-pages-browser)/./lib/chat-transport.ts:41
[  537504ms] [LOG] [ChatTransport] responseHandler called, data: {"type":"stage","content":null,"error":null,"message_id":"b33492d5-3dc3-4f5f-813c-5b54795f9fd3","conversation_id":null,"itinerary":null,"stage":{"name":"4_TOOLS","status":"start","label":"🔧 工具调用","message":"正在获取实时数据..."}} @ webpack-internal:///(app-pages-browser)/./lib/chat-transport.ts:137
[  537504ms] [LOG] [ChatTransport] Stage update: {name: 4_TOOLS, status: start, label: 🔧 工具调用, message: 正在获取实时数据...} @ webpack-internal:///(app-pages-browser)/./lib/chat-transport.ts:147
[  537504ms] [LOG] [ChatTransport] onmessage triggered, has currentResponseHandler: true @ webpack-internal:///(app-pages-browser)/./lib/chat-transport.ts:41
[  537504ms] [LOG] [ChatTransport] responseHandler called, data: {"type":"stage","content":null,"error":null,"message_id":"b33492d5-3dc3-4f5f-813c-5b54795f9fd3","conversation_id":null,"itinerary":null,"stage":{"name":"4_TOOLS","status":"skip","label":"🔧 工具调用","message":"正在获取实时数据..."}} @ webpack-internal:///(app-pages-browser)/./lib/chat-transport.ts:137
[  537504ms] [LOG] [ChatTransport] Stage update: {name: 4_TOOLS, status: skip, label: 🔧 工具调用, message: 正在获取实时数据...} @ webpack-internal:///(app-pages-browser)/./lib/chat-transport.ts:147
[  537504ms] [LOG] [ChatTransport] onmessage triggered, has currentResponseHandler: true @ webpack-internal:///(app-pages-browser)/./lib/chat-transport.ts:41
[  537505ms] [LOG] [ChatTransport] responseHandler called, data: {"type":"stage","content":null,"error":null,"message_id":"b33492d5-3dc3-4f5f-813c-5b54795f9fd3","conversation_id":null,"itinerary":null,"stage":{"name":"4_TOOLS","status":"end","label":"🔧 工具调用","message":"正在获取实时数据..."}} @ webpack-internal:///(app-pages-browser)/./lib/chat-transport.ts:137
[  537505ms] [LOG] [ChatTransport] Stage update: {name: 4_TOOLS, status: end, label: 🔧 工具调用, message: 正在获取实时数据...} @ webpack-internal:///(app-pages-browser)/./lib/chat-transport.ts:147
[  537505ms] [LOG] [ChatTransport] onmessage triggered, has currentResponseHandler: true @ webpack-internal:///(app-pages-browser)/./lib/chat-transport.ts:41
[  537505ms] [LOG] [ChatTransport] responseHandler called, data: {"type":"stage","content":null,"error":null,"message_id":"b33492d5-3dc3-4f5f-813c-5b54795f9fd3","conversation_id":null,"itinerary":null,"stage":{"name":"5_CONTEXT","status":"start","label":"🔗 整合信息","message":"正在整合相关信息..."}} @ webpack-internal:///(app-pages-browser)/./lib/chat-transport.ts:137
[  537505ms] [LOG] [ChatTransport] Stage update: {name: 5_CONTEXT, status: start, label: 🔗 整合信息, message: 正在整合相关信息...} @ webpack-internal:///(app-pages-browser)/./lib/chat-transport.ts:147
[  537505ms] [LOG] [ChatTransport] onmessage triggered, has currentResponseHandler: true @ webpack-internal:///(app-pages-browser)/./lib/chat-transport.ts:41
[  537506ms] [LOG] [ChatTransport] responseHandler called, data: {"type":"stage","content":null,"error":null,"message_id":"b33492d5-3dc3-4f5f-813c-5b54795f9fd3","conversation_id":null,"itinerary":null,"stage":{"name":"5_CONTEXT","status":"end","label":"🔗 整合信息","message":"正在整合相关信息..."}} @ webpack-internal:///(app-pages-browser)/./lib/chat-transport.ts:137
[  537506ms] [LOG] [ChatTransport] Stage update: {name: 5_CONTEXT, status: end, label: 🔗 整合信息, message: 正在整合相关信息...} @ webpack-internal:///(app-pages-browser)/./lib/chat-transport.ts:147
[  537506ms] [LOG] [ChatTransport] onmessage triggered, has currentResponseHandler: true @ webpack-internal:///(app-pages-browser)/./lib/chat-transport.ts:41
[  537506ms] [LOG] [ChatTransport] responseHandler called, data: {"type":"stage","content":null,"error":null,"message_id":"b33492d5-3dc3-4f5f-813c-5b54795f9fd3","conversation_id":null,"itinerary":null,"stage":{"name":"6_LLM","status":"start","label":"✨ 生成回复","message":"正在生成回复内容..."}} @ webpack-internal:///(app-pages-browser)/./lib/chat-transport.ts:137
[  537506ms] [LOG] [ChatTransport] Stage update: {name: 6_LLM, status: start, label: ✨ 生成回复, message: 正在生成回复内容...} @ webpack-internal:///(app-pages-browser)/./lib/chat-transport.ts:147
[  538426ms] [LOG] [ChatTransport] onmessage triggered, has currentResponseHandler: true @ webpack-internal:///(app-pages-browser)/./lib/chat-transport.ts:41
[  538426ms] [LOG] [ChatTransport] responseHandler called, data: {"type":"delta","content":"我来","error":null,"message_id":"b33492d5-3dc3-4f5f-813c-5b54795f9fd3","conversation_id":null,"itinerary":null,"stage":null} @ webpack-internal:///(app-pages-browser)/./lib/chat-transport.ts:137
[  538572ms] [LOG] [ChatTransport] onmessage triggered, has currentResponseHandler: true @ webpack-internal:///(app-pages-browser)/./lib/chat-transport.ts:41
[  538572ms] [LOG] [ChatTransport] responseHandler called, data: {"type":"delta","content":"帮","error":null,"message_id":"b33492d5-3dc3-4f5f-813c-5b54795f9fd3","conversation_id":null,"itinerary":null,"stage":null} @ webpack-internal:///(app-pages-browser)/./lib/chat-transport.ts:137
[  538755ms] [LOG] [ChatTransport] onmessage triggered, has currentResponseHandler: true @ webpack-internal:///(app-pages-browser)/./lib/chat-transport.ts:41
[  538756ms] [LOG] [ChatTransport] responseHandler called, data: {"type":"delta","content":"您","error":null,"message_id":"b33492d5-3dc3-4f5f-813c-5b54795f9fd3","conversation_id":null,"itinerary":null,"stage":null} @ webpack-internal:///(app-pages-browser)/./lib/chat-transport.ts:137
[  538771ms] [LOG] [ChatTransport] onmessage triggered, has currentResponseHandler: true @ webpack-internal:///(app-pages-browser)/./lib/chat-transport.ts:41
[  538771ms] [LOG] [ChatTransport] responseHandler called, data: {"type":"delta","content":"查询","error":null,"message_id":"b33492d5-3dc3-4f5f-813c-5b54795f9fd3","conversation_id":null,"itinerary":null,"stage":null} @ webpack-internal:///(app-pages-browser)/./lib/chat-transport.ts:137
[  538793ms] [LOG] [ChatTransport] onmessage triggered, has currentResponseHandler: true @ webpack-internal:///(app-pages-browser)/./lib/chat-transport.ts:41
[  538793ms] [LOG] [ChatTransport] responseHandler called, data: {"type":"delta","content":"东京","error":null,"message_id":"b33492d5-3dc3-4f5f-813c-5b54795f9fd3","conversation_id":null,"itinerary":null,"stage":null} @ webpack-internal:///(app-pages-browser)/./lib/chat-transport.ts:137
[  538814ms] [LOG] [ChatTransport] onmessage triggered, has currentResponseHandler: true @ webpack-internal:///(app-pages-browser)/./lib/chat-transport.ts:41
[  538814ms] [LOG] [ChatTransport] responseHandler called, data: {"type":"delta","content":"的美食","error":null,"message_id":"b33492d5-3dc3-4f5f-813c-5b54795f9fd3","conversation_id":null,"itinerary":null,"stage":null} @ webpack-internal:///(app-pages-browser)/./lib/chat-transport.ts:137
[  538844ms] [LOG] [ChatTransport] onmessage triggered, has currentResponseHandler: true @ webpack-internal:///(app-pages-browser)/./lib/chat-transport.ts:41
[  538845ms] [LOG] [ChatTransport] responseHandler called, data: {"type":"delta","content":"信息","error":null,"message_id":"b33492d5-3dc3-4f5f-813c-5b54795f9fd3","conversation_id":null,"itinerary":null,"stage":null} @ webpack-internal:///(app-pages-browser)/./lib/chat-transport.ts:137
[  538845ms] [LOG] [ChatTransport] onmessage triggered, has currentResponseHandler: true @ webpack-internal:///(app-pages-browser)/./lib/chat-transport.ts:41
[  538845ms] [LOG] [ChatTransport] responseHandler called, data: {"type":"delta","content":"。","error":null,"message_id":"b33492d5-3dc3-4f5f-813c-5b54795f9fd3","conversation_id":null,"itinerary":null,"stage":null} @ webpack-internal:///(app-pages-browser)/./lib/chat-transport.ts:137
[  538861ms] [LOG] [ChatTransport] onmessage triggered, has currentResponseHandler: true @ webpack-internal:///(app-pages-browser)/./lib/chat-transport.ts:41
[  538861ms] [LOG] [ChatTransport] responseHandler called, data: {"type":"delta","content":"东京","error":null,"message_id":"b33492d5-3dc3-4f5f-813c-5b54795f9fd3","conversation_id":null,"itinerary":null,"stage":null} @ webpack-internal:///(app-pages-browser)/./lib/chat-transport.ts:137
[  538879ms] [LOG] [ChatTransport] onmessage triggered, has currentResponseHandler: true @ webpack-internal:///(app-pages-browser)/./lib/chat-transport.ts:41
[  538879ms] [LOG] [ChatTransport] responseHandler called, data: {"type":"delta","content":"作为","error":null,"message_id":"b33492d5-3dc3-4f5f-813c-5b54795f9fd3","conversation_id":null,"itinerary":null,"stage":null} @ webpack-internal:///(app-pages-browser)/./lib/chat-transport.ts:137
[  538964ms] [LOG] [ChatTransport] onmessage triggered, has currentResponseHandler: true @ webpack-internal:///(app-pages-browser)/./lib/chat-transport.ts:41
[  538964ms] [LOG] [ChatTransport] responseHandler called, data: {"type":"delta","content":"世界","error":null,"message_id":"b33492d5-3dc3-4f5f-813c-5b54795f9fd3","conversation_id":null,"itinerary":null,"stage":null} @ webpack-internal:///(app-pages-browser)/./lib/chat-transport.ts:137
[  538990ms] [LOG] [ChatTransport] onmessage triggered, has currentResponseHandler: true @ webpack-internal:///(app-pages-browser)/./lib/chat-transport.ts:41
[  538990ms] [LOG] [ChatTransport] responseHandler called, data: {"type":"delta","content":"闻","error":null,"message_id":"b33492d5-3dc3-4f5f-813c-5b54795f9fd3","conversation_id":null,"itinerary":null,"stage":null} @ webpack-internal:///(app-pages-browser)/./lib/chat-transport.ts:137
[  539024ms] [LOG] [ChatTransport] onmessage triggered, has currentResponseHandler: true @ webpack-internal:///(app-pages-browser)/./lib/chat-transport.ts:41
[  539024ms] [LOG] [ChatTransport] responseHandler called, data: {"type":"delta","content":"名的","error":null,"message_id":"b33492d5-3dc3-4f5f-813c-5b54795f9fd3","conversation_id":null,"itinerary":null,"stage":null} @ webpack-internal:///(app-pages-browser)/./lib/chat-transport.ts:137
[  539053ms] [LOG] [ChatTransport] onmessage triggered, has currentResponseHandler: true @ webpack-internal:///(app-pages-browser)/./lib/chat-transport.ts:41
[  539053ms] [LOG] [ChatTransport] responseHandler called, data: {"type":"delta","content":"美食","error":null,"message_id":"b33492d5-3dc3-4f5f-813c-5b54795f9fd3","conversation_id":null,"itinerary":null,"stage":null} @ webpack-internal:///(app-pages-browser)/./lib/chat-transport.ts:137
[  539093ms] [LOG] [ChatTransport] onmessage triggered, has currentResponseHandler: true @ webpack-internal:///(app-pages-browser)/./lib/chat-transport.ts:41
[  539093ms] [LOG] [ChatTransport] responseHandler called, data: {"type":"delta","content":"之","error":null,"message_id":"b33492d5-3dc3-4f5f-813c-5b54795f9fd3","conversation_id":null,"itinerary":null,"stage":null} @ webpack-internal:///(app-pages-browser)/./lib/chat-transport.ts:137
[  539093ms] [LOG] [ChatTransport] onmessage triggered, has currentResponseHandler: true @ webpack-internal:///(app-pages-browser)/./lib/chat-transport.ts:41
[  539093ms] [LOG] [ChatTransport] responseHandler called, data: {"type":"delta","content":"都","error":null,"message_id":"b33492d5-3dc3-4f5f-813c-5b54795f9fd3","conversation_id":null,"itinerary":null,"stage":null} @ webpack-internal:///(app-pages-browser)/./lib/chat-transport.ts:137
[  539165ms] [LOG] [ChatTransport] onmessage triggered, has currentResponseHandler: true @ webpack-internal:///(app-pages-browser)/./lib/chat-transport.ts:41
[  539165ms] [LOG] [ChatTransport] responseHandler called, data: {"type":"delta","content":"，","error":null,"message_id":"b33492d5-3dc3-4f5f-813c-5b54795f9fd3","conversation_id":null,"itinerary":null,"stage":null} @ webpack-internal:///(app-pages-browser)/./lib/chat-transport.ts:137
[  539165ms] [LOG] [ChatTransport] onmessage triggered, has currentResponseHandler: true @ webpack-internal:///(app-pages-browser)/./lib/chat-transport.ts:41
[  539166ms] [LOG] [ChatTransport] responseHandler called, data: {"type":"delta","content":"有","error":null,"message_id":"b33492d5-3dc3-4f5f-813c-5b54795f9fd3","conversation_id":null,"itinerary":null,"stage":null} @ webpack-internal:///(app-pages-browser)/./lib/chat-transport.ts:137
[  539216ms] [LOG] [ChatTransport] onmessage triggered, has currentResponseHandler: true @ webpack-internal:///(app-pages-browser)/./lib/chat-transport.ts:41
[  539216ms] [LOG] [ChatTransport] responseHandler called, data: {"type":"delta","content":"各种各样的","error":null,"message_id":"b33492d5-3dc3-4f5f-813c-5b54795f9fd3","conversation_id":null,"itinerary":null,"stage":null} @ webpack-internal:///(app-pages-browser)/./lib/chat-transport.ts:137
[  539234ms] [LOG] [ChatTransport] onmessage triggered, has currentResponseHandler: true @ webpack-internal:///(app-pages-browser)/./lib/chat-transport.ts:41
[  539234ms] [LOG] [ChatTransport] responseHandler called, data: {"type":"delta","content":"美食","error":null,"message_id":"b33492d5-3dc3-4f5f-813c-5b54795f9fd3","conversation_id":null,"itinerary":null,"stage":null} @ webpack-internal:///(app-pages-browser)/./lib/chat-transport.ts:137
[  539289ms] [LOG] [ChatTransport] onmessage triggered, has currentResponseHandler: true @ webpack-internal:///(app-pages-browser)/./lib/chat-transport.ts:41
[  539289ms] [LOG] [ChatTransport] responseHandler called, data: {"type":"delta","content":"选择","error":null,"message_id":"b33492d5-3dc3-4f5f-813c-5b54795f9fd3","conversation_id":null,"itinerary":null,"stage":null} @ webpack-internal:///(app-pages-browser)/./lib/chat-transport.ts:137
[  539295ms] [LOG] [ChatTransport] onmessage triggered, has currentResponseHandler: true @ webpack-internal:///(app-pages-browser)/./lib/chat-transport.ts:41
[  539296ms] [LOG] [ChatTransport] responseHandler called, data: {"type":"delta","content":"，","error":null,"message_id":"b33492d5-3dc3-4f5f-813c-5b54795f9fd3","conversation_id":null,"itinerary":null,"stage":null} @ webpack-internal:///(app-pages-browser)/./lib/chat-transport.ts:137
[  539417ms] [LOG] [ChatTransport] onmessage triggered, has currentResponseHandler: true @ webpack-internal:///(app-pages-browser)/./lib/chat-transport.ts:41
[  539417ms] [LOG] [ChatTransport] responseHandler called, data: {"type":"delta","content":"从","error":null,"message_id":"b33492d5-3dc3-4f5f-813c-5b54795f9fd3","conversation_id":null,"itinerary":null,"stage":null} @ webpack-internal:///(app-pages-browser)/./lib/chat-transport.ts:137
[  539417ms] [LOG] [ChatTransport] onmessage triggered, has currentResponseHandler: true @ webpack-internal:///(app-pages-browser)/./lib/chat-transport.ts:41
[  539418ms] [LOG] [ChatTransport] responseHandler called, data: {"type":"delta","content":"传统","error":null,"message_id":"b33492d5-3dc3-4f5f-813c-5b54795f9fd3","conversation_id":null,"itinerary":null,"stage":null} @ webpack-internal:///(app-pages-browser)/./lib/chat-transport.ts:137
[  539453ms] [LOG] [ChatTransport] onmessage triggered, has currentResponseHandler: true @ webpack-internal:///(app-pages-browser)/./lib/chat-transport.ts:41
[  539453ms] [LOG] [ChatTransport] responseHandler called, data: {"type":"delta","content":"日","error":null,"message_id":"b33492d5-3dc3-4f5f-813c-5b54795f9fd3","conversation_id":null,"itinerary":null,"stage":null} @ webpack-internal:///(app-pages-browser)/./lib/chat-transport.ts:137
[  539457ms] [LOG] [ChatTransport] onmessage triggered, has currentResponseHandler: true @ webpack-internal:///(app-pages-browser)/./lib/chat-transport.ts:41
[  539458ms] [LOG] [ChatTransport] responseHandler called, data: {"type":"delta","content":"料到","error":null,"message_id":"b33492d5-3dc3-4f5f-813c-5b54795f9fd3","conversation_id":null,"itinerary":null,"stage":null} @ webpack-internal:///(app-pages-browser)/./lib/chat-transport.ts:137
[  539522ms] [LOG] [ChatTransport] onmessage triggered, has currentResponseHandler: true @ webpack-internal:///(app-pages-browser)/./lib/chat-transport.ts:41
[  539523ms] [LOG] [ChatTransport] responseHandler called, data: {"type":"delta","content":"现代","error":null,"message_id":"b33492d5-3dc3-4f5f-813c-5b54795f9fd3","conversation_id":null,"itinerary":null,"stage":null} @ webpack-internal:///(app-pages-browser)/./lib/chat-transport.ts:137
[  539527ms] [LOG] [ChatTransport] onmessage triggered, has currentResponseHandler: true @ webpack-internal:///(app-pages-browser)/./lib/chat-transport.ts:41
[  539527ms] [LOG] [ChatTransport] responseHandler called, data: {"type":"delta","content":"创新","error":null,"message_id":"b33492d5-3dc3-4f5f-813c-5b54795f9fd3","conversation_id":null,"itinerary":null,"stage":null} @ webpack-internal:///(app-pages-browser)/./lib/chat-transport.ts:137
[  539594ms] [LOG] [ChatTransport] onmessage triggered, has currentResponseHandler: true @ webpack-internal:///(app-pages-browser)/./lib/chat-transport.ts:41
[  539594ms] [LOG] [ChatTransport] responseHandler called, data: {"type":"delta","content":"料理","error":null,"message_id":"b33492d5-3dc3-4f5f-813c-5b54795f9fd3","conversation_id":null,"itinerary":null,"stage":null} @ webpack-internal:///(app-pages-browser)/./lib/chat-transport.ts:137
[  539595ms] [LOG] [ChatTransport] onmessage triggered, has currentResponseHandler: true @ webpack-internal:///(app-pages-browser)/./lib/chat-transport.ts:41
[  539595ms] [LOG] [ChatTransport] responseHandler called, data: {"type":"delta","content":"都有","error":null,"message_id":"b33492d5-3dc3-4f5f-813c-5b54795f9fd3","conversation_id":null,"itinerary":null,"stage":null} @ webpack-internal:///(app-pages-browser)/./lib/chat-transport.ts:137
[  539664ms] [LOG] [ChatTransport] onmessage triggered, has currentResponseHandler: true @ webpack-internal:///(app-pages-browser)/./lib/chat-transport.ts:41
[  539664ms] [LOG] [ChatTransport] responseHandler called, data: {"type":"delta","content":"。\n\n","error":null,"message_id":"b33492d5-3dc3-4f5f-813c-5b54795f9fd3","conversation_id":null,"itinerary":null,"stage":null} @ webpack-internal:///(app-pages-browser)/./lib/chat-transport.ts:137
[  539677ms] [LOG] [ChatTransport] onmessage triggered, has currentResponseHandler: true @ webpack-internal:///(app-pages-browser)/./lib/chat-transport.ts:41
[  539677ms] [LOG] [ChatTransport] responseHandler called, data: {"type":"delta","content":"让我","error":null,"message_id":"b33492d5-3dc3-4f5f-813c-5b54795f9fd3","conversation_id":null,"itinerary":null,"stage":null} @ webpack-internal:///(app-pages-browser)/./lib/chat-transport.ts:137
[  539730ms] [LOG] [ChatTransport] onmessage triggered, has currentResponseHandler: true @ webpack-internal:///(app-pages-browser)/./lib/chat-transport.ts:41
[  539730ms] [LOG] [ChatTransport] responseHandler called, data: {"type":"delta","content":"为您","error":null,"message_id":"b33492d5-3dc3-4f5f-813c-5b54795f9fd3","conversation_id":null,"itinerary":null,"stage":null} @ webpack-internal:///(app-pages-browser)/./lib/chat-transport.ts:137
[  539751ms] [LOG] [ChatTransport] onmessage triggered, has currentResponseHandler: true @ webpack-internal:///(app-pages-browser)/./lib/chat-transport.ts:41
[  539751ms] [LOG] [ChatTransport] responseHandler called, data: {"type":"delta","content":"搜索","error":null,"message_id":"b33492d5-3dc3-4f5f-813c-5b54795f9fd3","conversation_id":null,"itinerary":null,"stage":null} @ webpack-internal:///(app-pages-browser)/./lib/chat-transport.ts:137
[  539802ms] [LOG] [ChatTransport] onmessage triggered, has currentResponseHandler: true @ webpack-internal:///(app-pages-browser)/./lib/chat-transport.ts:41
[  539802ms] [LOG] [ChatTransport] responseHandler called, data: {"type":"delta","content":"一下","error":null,"message_id":"b33492d5-3dc3-4f5f-813c-5b54795f9fd3","conversation_id":null,"itinerary":null,"stage":null} @ webpack-internal:///(app-pages-browser)/./lib/chat-transport.ts:137
[  539821ms] [LOG] [ChatTransport] onmessage triggered, has currentResponseHandler: true @ webpack-internal:///(app-pages-browser)/./lib/chat-transport.ts:41
[  539822ms] [LOG] [ChatTransport] responseHandler called, data: {"type":"delta","content":"东京","error":null,"message_id":"b33492d5-3dc3-4f5f-813c-5b54795f9fd3","conversation_id":null,"itinerary":null,"stage":null} @ webpack-internal:///(app-pages-browser)/./lib/chat-transport.ts:137
[  539937ms] [LOG] [ChatTransport] onmessage triggered, has currentResponseHandler: true @ webpack-internal:///(app-pages-browser)/./lib/chat-transport.ts:41
[  539938ms] [LOG] [ChatTransport] responseHandler called, data: {"type":"delta","content":"的","error":null,"message_id":"b33492d5-3dc3-4f5f-813c-5b54795f9fd3","conversation_id":null,"itinerary":null,"stage":null} @ webpack-internal:///(app-pages-browser)/./lib/chat-transport.ts:137
[  539961ms] [LOG] [ChatTransport] onmessage triggered, has currentResponseHandler: true @ webpack-internal:///(app-pages-browser)/./lib/chat-transport.ts:41
[  539961ms] [LOG] [ChatTransport] responseHandler called, data: {"type":"delta","content":"餐厅","error":null,"message_id":"b33492d5-3dc3-4f5f-813c-5b54795f9fd3","conversation_id":null,"itinerary":null,"stage":null} @ webpack-internal:///(app-pages-browser)/./lib/chat-transport.ts:137
[  540004ms] [LOG] [ChatTransport] onmessage triggered, has currentResponseHandler: true @ webpack-internal:///(app-pages-browser)/./lib/chat-transport.ts:41
[  540004ms] [LOG] [ChatTransport] responseHandler called, data: {"type":"delta","content":"和","error":null,"message_id":"b33492d5-3dc3-4f5f-813c-5b54795f9fd3","conversation_id":null,"itinerary":null,"stage":null} @ webpack-internal:///(app-pages-browser)/./lib/chat-transport.ts:137
[  540029ms] [LOG] [ChatTransport] onmessage triggered, has currentResponseHandler: true @ webpack-internal:///(app-pages-browser)/./lib/chat-transport.ts:41
[  540029ms] [LOG] [ChatTransport] responseHandler called, data: {"type":"delta","content":"美食","error":null,"message_id":"b33492d5-3dc3-4f5f-813c-5b54795f9fd3","conversation_id":null,"itinerary":null,"stage":null} @ webpack-internal:///(app-pages-browser)/./lib/chat-transport.ts:137
[  540090ms] [LOG] [ChatTransport] onmessage triggered, has currentResponseHandler: true @ webpack-internal:///(app-pages-browser)/./lib/chat-transport.ts:41
[  540090ms] [LOG] [ChatTransport] responseHandler called, data: {"type":"delta","content":"推荐","error":null,"message_id":"b33492d5-3dc3-4f5f-813c-5b54795f9fd3","conversation_id":null,"itinerary":null,"stage":null} @ webpack-internal:///(app-pages-browser)/./lib/chat-transport.ts:137
[  540118ms] [LOG] [ChatTransport] onmessage triggered, has currentResponseHandler: true @ webpack-internal:///(app-pages-browser)/./lib/chat-transport.ts:41
[  540118ms] [LOG] [ChatTransport] responseHandler called, data: {"type":"delta","content":"：\n\n","error":null,"message_id":"b33492d5-3dc3-4f5f-813c-5b54795f9fd3","conversation_id":null,"itinerary":null,"stage":null} @ webpack-internal:///(app-pages-browser)/./lib/chat-transport.ts:137
[  540146ms] [LOG] [ChatTransport] onmessage triggered, has currentResponseHandler: true @ webpack-internal:///(app-pages-browser)/./lib/chat-transport.ts:41
[  540146ms] [LOG] [ChatTransport] responseHandler called, data: {"type":"delta","content":"```","error":null,"message_id":"b33492d5-3dc3-4f5f-813c-5b54795f9fd3","conversation_id":null,"itinerary":null,"stage":null} @ webpack-internal:///(app-pages-browser)/./lib/chat-transport.ts:137
[  540169ms] [LOG] [ChatTransport] onmessage triggered, has currentResponseHandler: true @ webpack-internal:///(app-pages-browser)/./lib/chat-transport.ts:41
[  540169ms] [LOG] [ChatTransport] responseHandler called, data: {"type":"delta","content":"json","error":null,"message_id":"b33492d5-3dc3-4f5f-813c-5b54795f9fd3","conversation_id":null,"itinerary":null,"stage":null} @ webpack-internal:///(app-pages-browser)/./lib/chat-transport.ts:137
[  540226ms] [LOG] [ChatTransport] onmessage triggered, has currentResponseHandler: true @ webpack-internal:///(app-pages-browser)/./lib/chat-transport.ts:41
[  540226ms] [LOG] [ChatTransport] responseHandler called, data: {"type":"delta","content":"\n","error":null,"message_id":"b33492d5-3dc3-4f5f-813c-5b54795f9fd3","conversation_id":null,"itinerary":null,"stage":null} @ webpack-internal:///(app-pages-browser)/./lib/chat-transport.ts:137
[  540246ms] [LOG] [ChatTransport] onmessage triggered, has currentResponseHandler: true @ webpack-internal:///(app-pages-browser)/./lib/chat-transport.ts:41
[  540246ms] [LOG] [ChatTransport] responseHandler called, data: {"type":"delta","content":"{\n","error":null,"message_id":"b33492d5-3dc3-4f5f-813c-5b54795f9fd3","conversation_id":null,"itinerary":null,"stage":null} @ webpack-internal:///(app-pages-browser)/./lib/chat-transport.ts:137
[  540276ms] [LOG] [ChatTransport] onmessage triggered, has currentResponseHandler: true @ webpack-internal:///(app-pages-browser)/./lib/chat-transport.ts:41
[  540276ms] [LOG] [ChatTransport] responseHandler called, data: {"type":"delta","content":" ","error":null,"message_id":"b33492d5-3dc3-4f5f-813c-5b54795f9fd3","conversation_id":null,"itinerary":null,"stage":null} @ webpack-internal:///(app-pages-browser)/./lib/chat-transport.ts:137
[  540279ms] [LOG] [ChatTransport] onmessage triggered, has currentResponseHandler: true @ webpack-internal:///(app-pages-browser)/./lib/chat-transport.ts:41
[  540279ms] [LOG] [ChatTransport] responseHandler called, data: {"type":"delta","content":" \"","error":null,"message_id":"b33492d5-3dc3-4f5f-813c-5b54795f9fd3","conversation_id":null,"itinerary":null,"stage":null} @ webpack-internal:///(app-pages-browser)/./lib/chat-transport.ts:137
[  540325ms] [LOG] [ChatTransport] onmessage triggered, has currentResponseHandler: true @ webpack-internal:///(app-pages-browser)/./lib/chat-transport.ts:41
[  540326ms] [LOG] [ChatTransport] responseHandler called, data: {"type":"delta","content":"location","error":null,"message_id":"b33492d5-3dc3-4f5f-813c-5b54795f9fd3","conversation_id":null,"itinerary":null,"stage":null} @ webpack-internal:///(app-pages-browser)/./lib/chat-transport.ts:137
[  540331ms] [LOG] [ChatTransport] onmessage triggered, has currentResponseHandler: true @ webpack-internal:///(app-pages-browser)/./lib/chat-transport.ts:41
[  540332ms] [LOG] [ChatTransport] responseHandler called, data: {"type":"delta","content":"\":","error":null,"message_id":"b33492d5-3dc3-4f5f-813c-5b54795f9fd3","conversation_id":null,"itinerary":null,"stage":null} @ webpack-internal:///(app-pages-browser)/./lib/chat-transport.ts:137
[  540391ms] [LOG] [ChatTransport] onmessage triggered, has currentResponseHandler: true @ webpack-internal:///(app-pages-browser)/./lib/chat-transport.ts:41
[  540391ms] [LOG] [ChatTransport] responseHandler called, data: {"type":"delta","content":" \"","error":null,"message_id":"b33492d5-3dc3-4f5f-813c-5b54795f9fd3","conversation_id":null,"itinerary":null,"stage":null} @ webpack-internal:///(app-pages-browser)/./lib/chat-transport.ts:137
[  540392ms] [LOG] [ChatTransport] onmessage triggered, has currentResponseHandler: true @ webpack-internal:///(app-pages-browser)/./lib/chat-transport.ts:41
[  540392ms] [LOG] [ChatTransport] responseHandler called, data: {"type":"delta","content":"东京","error":null,"message_id":"b33492d5-3dc3-4f5f-813c-5b54795f9fd3","conversation_id":null,"itinerary":null,"stage":null} @ webpack-internal:///(app-pages-browser)/./lib/chat-transport.ts:137
[  540534ms] [LOG] [ChatTransport] onmessage triggered, has currentResponseHandler: true @ webpack-internal:///(app-pages-browser)/./lib/chat-transport.ts:41
[  540535ms] [LOG] [ChatTransport] responseHandler called, data: {"type":"delta","content":"\",\n","error":null,"message_id":"b33492d5-3dc3-4f5f-813c-5b54795f9fd3","conversation_id":null,"itinerary":null,"stage":null} @ webpack-internal:///(app-pages-browser)/./lib/chat-transport.ts:137
[  540535ms] [LOG] [ChatTransport] onmessage triggered, has currentResponseHandler: true @ webpack-internal:///(app-pages-browser)/./lib/chat-transport.ts:41
[  540535ms] [LOG] [ChatTransport] responseHandler called, data: {"type":"delta","content":" ","error":null,"message_id":"b33492d5-3dc3-4f5f-813c-5b54795f9fd3","conversation_id":null,"itinerary":null,"stage":null} @ webpack-internal:///(app-pages-browser)/./lib/chat-transport.ts:137
[  540547ms] [LOG] [ChatTransport] onmessage triggered, has currentResponseHandler: true @ webpack-internal:///(app-pages-browser)/./lib/chat-transport.ts:41
[  540547ms] [LOG] [ChatTransport] responseHandler called, data: {"type":"delta","content":" \"","error":null,"message_id":"b33492d5-3dc3-4f5f-813c-5b54795f9fd3","conversation_id":null,"itinerary":null,"stage":null} @ webpack-internal:///(app-pages-browser)/./lib/chat-transport.ts:137
[  540554ms] [LOG] [ChatTransport] onmessage triggered, has currentResponseHandler: true @ webpack-internal:///(app-pages-browser)/./lib/chat-transport.ts:41
[  540554ms] [LOG] [ChatTransport] responseHandler called, data: {"type":"delta","content":"keywords","error":null,"message_id":"b33492d5-3dc3-4f5f-813c-5b54795f9fd3","conversation_id":null,"itinerary":null,"stage":null} @ webpack-internal:///(app-pages-browser)/./lib/chat-transport.ts:137
[  540617ms] [LOG] [ChatTransport] onmessage triggered, has currentResponseHandler: true @ webpack-internal:///(app-pages-browser)/./lib/chat-transport.ts:41
[  540618ms] [LOG] [ChatTransport] responseHandler called, data: {"type":"delta","content":"\":","error":null,"message_id":"b33492d5-3dc3-4f5f-813c-5b54795f9fd3","conversation_id":null,"itinerary":null,"stage":null} @ webpack-internal:///(app-pages-browser)/./lib/chat-transport.ts:137
[  540645ms] [LOG] [ChatTransport] onmessage triggered, has currentResponseHandler: true @ webpack-internal:///(app-pages-browser)/./lib/chat-transport.ts:41
[  540646ms] [LOG] [ChatTransport] responseHandler called, data: {"type":"delta","content":" \"","error":null,"message_id":"b33492d5-3dc3-4f5f-813c-5b54795f9fd3","conversation_id":null,"itinerary":null,"stage":null} @ webpack-internal:///(app-pages-browser)/./lib/chat-transport.ts:137
[  540689ms] [LOG] [ChatTransport] onmessage triggered, has currentResponseHandler: true @ webpack-internal:///(app-pages-browser)/./lib/chat-transport.ts:41
[  540689ms] [LOG] [ChatTransport] responseHandler called, data: {"type":"delta","content":"美食","error":null,"message_id":"b33492d5-3dc3-4f5f-813c-5b54795f9fd3","conversation_id":null,"itinerary":null,"stage":null} @ webpack-internal:///(app-pages-browser)/./lib/chat-transport.ts:137
[  540690ms] [LOG] [ChatTransport] onmessage triggered, has currentResponseHandler: true @ webpack-internal:///(app-pages-browser)/./lib/chat-transport.ts:41
[  540690ms] [LOG] [ChatTransport] responseHandler called, data: {"type":"delta","content":" ","error":null,"message_id":"b33492d5-3dc3-4f5f-813c-5b54795f9fd3","conversation_id":null,"itinerary":null,"stage":null} @ webpack-internal:///(app-pages-browser)/./lib/chat-transport.ts:137
[  540776ms] [LOG] [ChatTransport] onmessage triggered, has currentResponseHandler: true @ webpack-internal:///(app-pages-browser)/./lib/chat-transport.ts:41
[  540776ms] [LOG] [ChatTransport] responseHandler called, data: {"type":"delta","content":"餐厅","error":null,"message_id":"b33492d5-3dc3-4f5f-813c-5b54795f9fd3","conversation_id":null,"itinerary":null,"stage":null} @ webpack-internal:///(app-pages-browser)/./lib/chat-transport.ts:137
[  540798ms] [LOG] [ChatTransport] onmessage triggered, has currentResponseHandler: true @ webpack-internal:///(app-pages-browser)/./lib/chat-transport.ts:41
[  540798ms] [LOG] [ChatTransport] responseHandler called, data: {"type":"delta","content":" ","error":null,"message_id":"b33492d5-3dc3-4f5f-813c-5b54795f9fd3","conversation_id":null,"itinerary":null,"stage":null} @ webpack-internal:///(app-pages-browser)/./lib/chat-transport.ts:137
[  540832ms] [LOG] [ChatTransport] onmessage triggered, has currentResponseHandler: true @ webpack-internal:///(app-pages-browser)/./lib/chat-transport.ts:41
[  540832ms] [LOG] [ChatTransport] responseHandler called, data: {"type":"delta","content":"料理","error":null,"message_id":"b33492d5-3dc3-4f5f-813c-5b54795f9fd3","conversation_id":null,"itinerary":null,"stage":null} @ webpack-internal:///(app-pages-browser)/./lib/chat-transport.ts:137
[  540846ms] [LOG] [ChatTransport] onmessage triggered, has currentResponseHandler: true @ webpack-internal:///(app-pages-browser)/./lib/chat-transport.ts:41
[  540846ms] [LOG] [ChatTransport] responseHandler called, data: {"type":"delta","content":"\",\n","error":null,"message_id":"b33492d5-3dc3-4f5f-813c-5b54795f9fd3","conversation_id":null,"itinerary":null,"stage":null} @ webpack-internal:///(app-pages-browser)/./lib/chat-transport.ts:137
[  540909ms] [LOG] [ChatTransport] onmessage triggered, has currentResponseHandler: true @ webpack-internal:///(app-pages-browser)/./lib/chat-transport.ts:41
[  540910ms] [LOG] [ChatTransport] responseHandler called, data: {"type":"delta","content":" ","error":null,"message_id":"b33492d5-3dc3-4f5f-813c-5b54795f9fd3","conversation_id":null,"itinerary":null,"stage":null} @ webpack-internal:///(app-pages-browser)/./lib/chat-transport.ts:137
[  540929ms] [LOG] [ChatTransport] onmessage triggered, has currentResponseHandler: true @ webpack-internal:///(app-pages-browser)/./lib/chat-transport.ts:41
[  540929ms] [LOG] [ChatTransport] responseHandler called, data: {"type":"delta","content":" \"","error":null,"message_id":"b33492d5-3dc3-4f5f-813c-5b54795f9fd3","conversation_id":null,"itinerary":null,"stage":null} @ webpack-internal:///(app-pages-browser)/./lib/chat-transport.ts:137
[  540985ms] [LOG] [ChatTransport] onmessage triggered, has currentResponseHandler: true @ webpack-internal:///(app-pages-browser)/./lib/chat-transport.ts:41
[  540986ms] [LOG] [ChatTransport] responseHandler called, data: {"type":"delta","content":"types","error":null,"message_id":"b33492d5-3dc3-4f5f-813c-5b54795f9fd3","conversation_id":null,"itinerary":null,"stage":null} @ webpack-internal:///(app-pages-browser)/./lib/chat-transport.ts:137
[  541011ms] [LOG] [ChatTransport] onmessage triggered, has currentResponseHandler: true @ webpack-internal:///(app-pages-browser)/./lib/chat-transport.ts:41
[  541011ms] [LOG] [ChatTransport] responseHandler called, data: {"type":"delta","content":"\":","error":null,"message_id":"b33492d5-3dc3-4f5f-813c-5b54795f9fd3","conversation_id":null,"itinerary":null,"stage":null} @ webpack-internal:///(app-pages-browser)/./lib/chat-transport.ts:137
[  541085ms] [LOG] [ChatTransport] onmessage triggered, has currentResponseHandler: true @ webpack-internal:///(app-pages-browser)/./lib/chat-transport.ts:41
[  541086ms] [LOG] [ChatTransport] responseHandler called, data: {"type":"delta","content":" \"","error":null,"message_id":"b33492d5-3dc3-4f5f-813c-5b54795f9fd3","conversation_id":null,"itinerary":null,"stage":null} @ webpack-internal:///(app-pages-browser)/./lib/chat-transport.ts:137
[  541106ms] [LOG] [ChatTransport] onmessage triggered, has currentResponseHandler: true @ webpack-internal:///(app-pages-browser)/./lib/chat-transport.ts:41
[  541107ms] [LOG] [ChatTransport] responseHandler called, data: {"type":"delta","content":"050","error":null,"message_id":"b33492d5-3dc3-4f5f-813c-5b54795f9fd3","conversation_id":null,"itinerary":null,"stage":null} @ webpack-internal:///(app-pages-browser)/./lib/chat-transport.ts:137
[  541187ms] [LOG] [ChatTransport] onmessage triggered, has currentResponseHandler: true @ webpack-internal:///(app-pages-browser)/./lib/chat-transport.ts:41
[  541187ms] [LOG] [ChatTransport] responseHandler called, data: {"type":"delta","content":"000","error":null,"message_id":"b33492d5-3dc3-4f5f-813c-5b54795f9fd3","conversation_id":null,"itinerary":null,"stage":null} @ webpack-internal:///(app-pages-browser)/./lib/chat-transport.ts:137
[  541210ms] [LOG] [ChatTransport] onmessage triggered, has currentResponseHandler: true @ webpack-internal:///(app-pages-browser)/./lib/chat-transport.ts:41
[  541210ms] [LOG] [ChatTransport] responseHandler called, data: {"type":"delta","content":",","error":null,"message_id":"b33492d5-3dc3-4f5f-813c-5b54795f9fd3","conversation_id":null,"itinerary":null,"stage":null} @ webpack-internal:///(app-pages-browser)/./lib/chat-transport.ts:137
[  541233ms] [LOG] [ChatTransport] onmessage triggered, has currentResponseHandler: true @ webpack-internal:///(app-pages-browser)/./lib/chat-transport.ts:41
[  541233ms] [LOG] [ChatTransport] responseHandler called, data: {"type":"delta","content":"050","error":null,"message_id":"b33492d5-3dc3-4f5f-813c-5b54795f9fd3","conversation_id":null,"itinerary":null,"stage":null} @ webpack-internal:///(app-pages-browser)/./lib/chat-transport.ts:137
[  541247ms] [LOG] [ChatTransport] onmessage triggered, has currentResponseHandler: true @ webpack-internal:///(app-pages-browser)/./lib/chat-transport.ts:41
[  541247ms] [LOG] [ChatTransport] responseHandler called, data: {"type":"delta","content":"100","error":null,"message_id":"b33492d5-3dc3-4f5f-813c-5b54795f9fd3","conversation_id":null,"itinerary":null,"stage":null} @ webpack-internal:///(app-pages-browser)/./lib/chat-transport.ts:137
[  541322ms] [LOG] [ChatTransport] onmessage triggered, has currentResponseHandler: true @ webpack-internal:///(app-pages-browser)/./lib/chat-transport.ts:41
[  541322ms] [LOG] [ChatTransport] responseHandler called, data: {"type":"delta","content":",","error":null,"message_id":"b33492d5-3dc3-4f5f-813c-5b54795f9fd3","conversation_id":null,"itinerary":null,"stage":null} @ webpack-internal:///(app-pages-browser)/./lib/chat-transport.ts:137
[  541328ms] [LOG] [ChatTransport] onmessage triggered, has currentResponseHandler: true @ webpack-internal:///(app-pages-browser)/./lib/chat-transport.ts:41
[  541329ms] [LOG] [ChatTransport] responseHandler called, data: {"type":"delta","content":"050","error":null,"message_id":"b33492d5-3dc3-4f5f-813c-5b54795f9fd3","conversation_id":null,"itinerary":null,"stage":null} @ webpack-internal:///(app-pages-browser)/./lib/chat-transport.ts:137
[  541351ms] [LOG] [ChatTransport] onmessage triggered, has currentResponseHandler: true @ webpack-internal:///(app-pages-browser)/./lib/chat-transport.ts:41
[  541351ms] [LOG] [ChatTransport] responseHandler called, data: {"type":"delta","content":"200","error":null,"message_id":"b33492d5-3dc3-4f5f-813c-5b54795f9fd3","conversation_id":null,"itinerary":null,"stage":null} @ webpack-internal:///(app-pages-browser)/./lib/chat-transport.ts:137
[  541353ms] [LOG] [ChatTransport] onmessage triggered, has currentResponseHandler: true @ webpack-internal:///(app-pages-browser)/./lib/chat-transport.ts:41
[  541353ms] [LOG] [ChatTransport] responseHandler called, data: {"type":"delta","content":",","error":null,"message_id":"b33492d5-3dc3-4f5f-813c-5b54795f9fd3","conversation_id":null,"itinerary":null,"stage":null} @ webpack-internal:///(app-pages-browser)/./lib/chat-transport.ts:137
[  541429ms] [LOG] [ChatTransport] onmessage triggered, has currentResponseHandler: true @ webpack-internal:///(app-pages-browser)/./lib/chat-transport.ts:41
[  541429ms] [LOG] [ChatTransport] responseHandler called, data: {"type":"delta","content":"050","error":null,"message_id":"b33492d5-3dc3-4f5f-813c-5b54795f9fd3","conversation_id":null,"itinerary":null,"stage":null} @ webpack-internal:///(app-pages-browser)/./lib/chat-transport.ts:137
[  541433ms] [LOG] [ChatTransport] onmessage triggered, has currentResponseHandler: true @ webpack-internal:///(app-pages-browser)/./lib/chat-transport.ts:41
[  541434ms] [LOG] [ChatTransport] responseHandler called, data: {"type":"delta","content":"300","error":null,"message_id":"b33492d5-3dc3-4f5f-813c-5b54795f9fd3","conversation_id":null,"itinerary":null,"stage":null} @ webpack-internal:///(app-pages-browser)/./lib/chat-transport.ts:137
[  541516ms] [LOG] [ChatTransport] onmessage triggered, has currentResponseHandler: true @ webpack-internal:///(app-pages-browser)/./lib/chat-transport.ts:41
[  541516ms] [LOG] [ChatTransport] responseHandler called, data: {"type":"delta","content":"\"\n","error":null,"message_id":"b33492d5-3dc3-4f5f-813c-5b54795f9fd3","conversation_id":null,"itinerary":null,"stage":null} @ webpack-internal:///(app-pages-browser)/./lib/chat-transport.ts:137
[  541521ms] [LOG] [ChatTransport] onmessage triggered, has currentResponseHandler: true @ webpack-internal:///(app-pages-browser)/./lib/chat-transport.ts:41
[  541521ms] [LOG] [ChatTransport] responseHandler called, data: {"type":"delta","content":"}\n","error":null,"message_id":"b33492d5-3dc3-4f5f-813c-5b54795f9fd3","conversation_id":null,"itinerary":null,"stage":null} @ webpack-internal:///(app-pages-browser)/./lib/chat-transport.ts:137
[  541582ms] [LOG] [ChatTransport] onmessage triggered, has currentResponseHandler: true @ webpack-internal:///(app-pages-browser)/./lib/chat-transport.ts:41
[  541582ms] [LOG] [ChatTransport] responseHandler called, data: {"type":"delta","content":"```","error":null,"message_id":"b33492d5-3dc3-4f5f-813c-5b54795f9fd3","conversation_id":null,"itinerary":null,"stage":null} @ webpack-internal:///(app-pages-browser)/./lib/chat-transport.ts:137
[  541587ms] [LOG] [ChatTransport] onmessage triggered, has currentResponseHandler: true @ webpack-internal:///(app-pages-browser)/./lib/chat-transport.ts:41
[  541587ms] [LOG] [ChatTransport] responseHandler called, data: {"type":"stage","content":null,"error":null,"message_id":"b33492d5-3dc3-4f5f-813c-5b54795f9fd3","conversation_id":null,"itinerary":null,"stage":{"name":"6_LLM","status":"end","label":"✨ 生成回复","message":"正在生成回复内容..."}} @ webpack-internal:///(app-pages-browser)/./lib/chat-transport.ts:137
[  541587ms] [LOG] [ChatTransport] Stage update: {name: 6_LLM, status: end, label: ✨ 生成回复, message: 正在生成回复内容...} @ webpack-internal:///(app-pages-browser)/./lib/chat-transport.ts:147
[  541594ms] [LOG] [ChatTransport] onmessage triggered, has currentResponseHandler: true @ webpack-internal:///(app-pages-browser)/./lib/chat-transport.ts:41
[  541594ms] [LOG] [ChatTransport] responseHandler called, data: {"type":"stage","content":null,"error":null,"message_id":"b33492d5-3dc3-4f5f-813c-5b54795f9fd3","conversation_id":null,"itinerary":null,"stage":{"name":"7_CTX_MANAGE","status":"start","label":"📊 上下文管理","message":"正在管理上下文窗口..."}} @ webpack-internal:///(app-pages-browser)/./lib/chat-transport.ts:137
[  541595ms] [LOG] [ChatTransport] Stage update: {name: 7_CTX_MANAGE, status: start, label: 📊 上下文管理, message: 正在管理上下文窗口...} @ webpack-internal:///(app-pages-browser)/./lib/chat-transport.ts:147
[  541595ms] [LOG] [ChatTransport] onmessage triggered, has currentResponseHandler: true @ webpack-internal:///(app-pages-browser)/./lib/chat-transport.ts:41
[  541595ms] [LOG] [ChatTransport] responseHandler called, data: {"type":"stage","content":null,"error":null,"message_id":"b33492d5-3dc3-4f5f-813c-5b54795f9fd3","conversation_id":null,"itinerary":null,"stage":{"name":"7_CTX_MANAGE","status":"skip","label":"📊 上下文管理","message":"正在管理上下文窗口..."}} @ webpack-internal:///(app-pages-browser)/./lib/chat-transport.ts:137
[  541595ms] [LOG] [ChatTransport] Stage update: {name: 7_CTX_MANAGE, status: skip, label: 📊 上下文管理, message: 正在管理上下文窗口...} @ webpack-internal:///(app-pages-browser)/./lib/chat-transport.ts:147
[  541596ms] [LOG] [ChatTransport] onmessage triggered, has currentResponseHandler: true @ webpack-internal:///(app-pages-browser)/./lib/chat-transport.ts:41
[  541596ms] [LOG] [ChatTransport] responseHandler called, data: {"type":"stage","content":null,"error":null,"message_id":"b33492d5-3dc3-4f5f-813c-5b54795f9fd3","conversation_id":null,"itinerary":null,"stage":{"name":"8_MEMORY","status":"start","label":"💾 记忆更新","message":"正在更新记忆信息..."}} @ webpack-internal:///(app-pages-browser)/./lib/chat-transport.ts:137
[  541596ms] [LOG] [ChatTransport] Stage update: {name: 8_MEMORY, status: start, label: 💾 记忆更新, message: 正在更新记忆信息...} @ webpack-internal:///(app-pages-browser)/./lib/chat-transport.ts:147
[  541596ms] [LOG] [ChatTransport] onmessage triggered, has currentResponseHandler: true @ webpack-internal:///(app-pages-browser)/./lib/chat-transport.ts:41
[  541596ms] [LOG] [ChatTransport] responseHandler called, data: {"type":"stage","content":null,"error":null,"message_id":"b33492d5-3dc3-4f5f-813c-5b54795f9fd3","conversation_id":null,"itinerary":null,"stage":{"name":"8_MEMORY","status":"end","label":"💾 记忆更新","message":"正在更新记忆信息..."}} @ webpack-internal:///(app-pages-browser)/./lib/chat-transport.ts:137
[  541597ms] [LOG] [ChatTransport] Stage update: {name: 8_MEMORY, status: end, label: 💾 记忆更新, message: 正在更新记忆信息...} @ webpack-internal:///(app-pages-browser)/./lib/chat-transport.ts:147
[  541597ms] [LOG] [ChatTransport] onmessage triggered, has currentResponseHandler: true @ webpack-internal:///(app-pages-browser)/./lib/chat-transport.ts:41
[  541597ms] [LOG] [ChatTransport] responseHandler called, data: {"type":"done","content":"我来帮您查询东京的美食信息。东京作为世界闻名的美食之都，有各种各样的美食选择，从传统日料到现代创新料理都有。\n\n让我为您搜索一下东京的餐厅和美食推荐：\n\n```json\n{\n  \"location\": \"东京\",\n  \"keywords\": \"美食 餐厅 料理\",\n  \"types\": \"050000,050100,050200,050300\"\n}\n```","error":null,"message_id":"b33492d5-3dc3-4f5f-813c-5b54795f9fd3","conversation_id":"c9b60305-5275-4c4a-9f83-1d5b93707c97","itinerary":null,"stage":null} @ webpack-internal:///(app-pages-browser)/./lib/chat-transport.ts:137
[  541597ms] [LOG] [ChatTransport] Updated conversation_id: c9b60305-5275-4c4a-9f83-1d5b93707c97 @ webpack-internal:///(app-pages-browser)/./lib/chat-transport.ts:165
[ 1288824ms] [LOG] [ChatTransport] sendMessage called, content: 东京有什么好吃的？ @ webpack-internal:///(app-pages-browser)/./lib/chat-transport.ts:109
[ 1288824ms] [LOG] [ChatTransport] isConnected: true ws.readyState: 1 @ webpack-internal:///(app-pages-browser)/./lib/chat-transport.ts:110
[ 1288824ms] [LOG] [ChatTransport] has_image: false @ webpack-internal:///(app-pages-browser)/./lib/chat-transport.ts:111
[ 1288824ms] [LOG] [ChatTransport] Sending WebSocket message: msg_1776428881084_uvfo22m 东京有什么好吃的？ @ webpack-internal:///(app-pages-browser)/./lib/chat-transport.ts:126
[ 1288824ms] [LOG] [ChatTransport] Setting currentResponseHandler @ webpack-internal:///(app-pages-browser)/./lib/chat-transport.ts:179
[ 1288825ms] [LOG] [ChatTransport] send() called, isConnected: true readyState: 1 @ webpack-internal:///(app-pages-browser)/./lib/chat-transport.ts:97
[ 1288825ms] [LOG] [ChatTransport] Sending WebSocket data: {"type":"message","session_id":"session_1776427593394_wx4xczz","conversation_id":"c9b60305-5275-4c4a-9f83-1d5b93707c97","user_id":"f62f4ec5-1874-4821-97e9-b2c70b35805d","content":"东京有什么好吃的？","has_image":false} @ webpack-internal:///(app-pages-browser)/./lib/chat-transport.ts:99
[ 1288996ms] [LOG] [ChatTransport] onmessage triggered, has currentResponseHandler: true @ webpack-internal:///(app-pages-browser)/./lib/chat-transport.ts:41
[ 1288996ms] [LOG] [ChatTransport] responseHandler called, data: {"type":"stage","content":null,"error":null,"message_id":"3f3bcf79-74df-4dab-bd6c-e295cb966e02","conversation_id":null,"itinerary":null,"stage":{"name":"1_INTENT","status":"start","label":"🔍 意图识别","message":"正在分析您的需求..."}} @ webpack-internal:///(app-pages-browser)/./lib/chat-transport.ts:137
[ 1288996ms] [LOG] [ChatTransport] Stage update: {name: 1_INTENT, status: start, label: 🔍 意图识别, message: 正在分析您的需求...} @ webpack-internal:///(app-pages-browser)/./lib/chat-transport.ts:147
[ 1289005ms] [LOG] [ChatTransport] onmessage triggered, has currentResponseHandler: true @ webpack-internal:///(app-pages-browser)/./lib/chat-transport.ts:41
[ 1289005ms] [LOG] [ChatTransport] responseHandler called, data: {"type":"stage","content":null,"error":null,"message_id":"3f3bcf79-74df-4dab-bd6c-e295cb966e02","conversation_id":null,"itinerary":null,"stage":{"name":"1_INTENT","status":"end","label":"🔍 意图识别","message":"正在分析您的需求..."}} @ webpack-internal:///(app-pages-browser)/./lib/chat-transport.ts:137
[ 1289005ms] [LOG] [ChatTransport] Stage update: {name: 1_INTENT, status: end, label: 🔍 意图识别, message: 正在分析您的需求...} @ webpack-internal:///(app-pages-browser)/./lib/chat-transport.ts:147
[ 1289015ms] [LOG] [ChatTransport] onmessage triggered, has currentResponseHandler: true @ webpack-internal:///(app-pages-browser)/./lib/chat-transport.ts:41
[ 1289015ms] [LOG] [ChatTransport] responseHandler called, data: {"type":"stage","content":null,"error":null,"message_id":"3f3bcf79-74df-4dab-bd6c-e295cb966e02","conversation_id":null,"itinerary":null,"stage":{"name":"2_STORAGE","status":"start","label":"📚 加载历史","message":"正在加载对话历史..."}} @ webpack-internal:///(app-pages-browser)/./lib/chat-transport.ts:137
[ 1289015ms] [LOG] [ChatTransport] Stage update: {name: 2_STORAGE, status: start, label: 📚 加载历史, message: 正在加载对话历史...} @ webpack-internal:///(app-pages-browser)/./lib/chat-transport.ts:147
[ 1289015ms] [LOG] [ChatTransport] onmessage triggered, has currentResponseHandler: true @ webpack-internal:///(app-pages-browser)/./lib/chat-transport.ts:41
[ 1289015ms] [LOG] [ChatTransport] responseHandler called, data: {"type":"stage","content":null,"error":null,"message_id":"3f3bcf79-74df-4dab-bd6c-e295cb966e02","conversation_id":null,"itinerary":null,"stage":{"name":"2_STORAGE","status":"end","label":"📚 加载历史","message":"正在加载对话历史..."}} @ webpack-internal:///(app-pages-browser)/./lib/chat-transport.ts:137
[ 1289015ms] [LOG] [ChatTransport] Stage update: {name: 2_STORAGE, status: end, label: 📚 加载历史, message: 正在加载对话历史...} @ webpack-internal:///(app-pages-browser)/./lib/chat-transport.ts:147
[ 1289016ms] [LOG] [ChatTransport] onmessage triggered, has currentResponseHandler: true @ webpack-internal:///(app-pages-browser)/./lib/chat-transport.ts:41
[ 1289016ms] [LOG] [ChatTransport] responseHandler called, data: {"type":"stage","content":null,"error":null,"message_id":"3f3bcf79-74df-4dab-bd6c-e295cb966e02","conversation_id":null,"itinerary":null,"stage":{"name":"3_CTX_CLEAN","status":"start","label":"🧹 上下文清理","message":"正在整理上下文信息..."}} @ webpack-internal:///(app-pages-browser)/./lib/chat-transport.ts:137
[ 1289016ms] [LOG] [ChatTransport] Stage update: {name: 3_CTX_CLEAN, status: start, label: 🧹 上下文清理, message: 正在整理上下文信息...} @ webpack-internal:///(app-pages-browser)/./lib/chat-transport.ts:147
[ 1289016ms] [LOG] [ChatTransport] onmessage triggered, has currentResponseHandler: true @ webpack-internal:///(app-pages-browser)/./lib/chat-transport.ts:41
[ 1289016ms] [LOG] [ChatTransport] responseHandler called, data: {"type":"stage","content":null,"error":null,"message_id":"3f3bcf79-74df-4dab-bd6c-e295cb966e02","conversation_id":null,"itinerary":null,"stage":{"name":"3_CTX_CLEAN","status":"skip","label":"🧹 上下文清理","message":"正在整理上下文信息..."}} @ webpack-internal:///(app-pages-browser)/./lib/chat-transport.ts:137
[ 1289016ms] [LOG] [ChatTransport] Stage update: {name: 3_CTX_CLEAN, status: skip, label: 🧹 上下文清理, message: 正在整理上下文信息...} @ webpack-internal:///(app-pages-browser)/./lib/chat-transport.ts:147
[ 1289016ms] [LOG] [ChatTransport] onmessage triggered, has currentResponseHandler: true @ webpack-internal:///(app-pages-browser)/./lib/chat-transport.ts:41
[ 1289016ms] [LOG] [ChatTransport] responseHandler called, data: {"type":"stage","content":null,"error":null,"message_id":"3f3bcf79-74df-4dab-bd6c-e295cb966e02","conversation_id":null,"itinerary":null,"stage":{"name":"4_TOOLS","status":"start","label":"🔧 工具调用","message":"正在获取实时数据..."}} @ webpack-internal:///(app-pages-browser)/./lib/chat-transport.ts:137
[ 1289016ms] [LOG] [ChatTransport] Stage update: {name: 4_TOOLS, status: start, label: 🔧 工具调用, message: 正在获取实时数据...} @ webpack-internal:///(app-pages-browser)/./lib/chat-transport.ts:147
[ 1289016ms] [LOG] [ChatTransport] onmessage triggered, has currentResponseHandler: true @ webpack-internal:///(app-pages-browser)/./lib/chat-transport.ts:41
[ 1289016ms] [LOG] [ChatTransport] responseHandler called, data: {"type":"stage","content":null,"error":null,"message_id":"3f3bcf79-74df-4dab-bd6c-e295cb966e02","conversation_id":null,"itinerary":null,"stage":{"name":"4_TOOLS","status":"skip","label":"🔧 工具调用","message":"正在获取实时数据..."}} @ webpack-internal:///(app-pages-browser)/./lib/chat-transport.ts:137
[ 1289016ms] [LOG] [ChatTransport] Stage update: {name: 4_TOOLS, status: skip, label: 🔧 工具调用, message: 正在获取实时数据...} @ webpack-internal:///(app-pages-browser)/./lib/chat-transport.ts:147
[ 1289016ms] [LOG] [ChatTransport] onmessage triggered, has currentResponseHandler: true @ webpack-internal:///(app-pages-browser)/./lib/chat-transport.ts:41
[ 1289016ms] [LOG] [ChatTransport] responseHandler called, data: {"type":"stage","content":null,"error":null,"message_id":"3f3bcf79-74df-4dab-bd6c-e295cb966e02","conversation_id":null,"itinerary":null,"stage":{"name":"4_TOOLS","status":"end","label":"🔧 工具调用","message":"正在获取实时数据..."}} @ webpack-internal:///(app-pages-browser)/./lib/chat-transport.ts:137
[ 1289016ms] [LOG] [ChatTransport] Stage update: {name: 4_TOOLS, status: end, label: 🔧 工具调用, message: 正在获取实时数据...} @ webpack-internal:///(app-pages-browser)/./lib/chat-transport.ts:147
[ 1289016ms] [LOG] [ChatTransport] onmessage triggered, has currentResponseHandler: true @ webpack-internal:///(app-pages-browser)/./lib/chat-transport.ts:41
[ 1289016ms] [LOG] [ChatTransport] responseHandler called, data: {"type":"stage","content":null,"error":null,"message_id":"3f3bcf79-74df-4dab-bd6c-e295cb966e02","conversation_id":null,"itinerary":null,"stage":{"name":"5_CONTEXT","status":"start","label":"🔗 整合信息","message":"正在整合相关信息..."}} @ webpack-internal:///(app-pages-browser)/./lib/chat-transport.ts:137
[ 1289016ms] [LOG] [ChatTransport] Stage update: {name: 5_CONTEXT, status: start, label: 🔗 整合信息, message: 正在整合相关信息...} @ webpack-internal:///(app-pages-browser)/./lib/chat-transport.ts:147
[ 1289016ms] [LOG] [ChatTransport] onmessage triggered, has currentResponseHandler: true @ webpack-internal:///(app-pages-browser)/./lib/chat-transport.ts:41
[ 1289016ms] [LOG] [ChatTransport] responseHandler called, data: {"type":"stage","content":null,"error":null,"message_id":"3f3bcf79-74df-4dab-bd6c-e295cb966e02","conversation_id":null,"itinerary":null,"stage":{"name":"5_CONTEXT","status":"end","label":"🔗 整合信息","message":"正在整合相关信息..."}} @ webpack-internal:///(app-pages-browser)/./lib/chat-transport.ts:137
[ 1289016ms] [LOG] [ChatTransport] Stage update: {name: 5_CONTEXT, status: end, label: 🔗 整合信息, message: 正在整合相关信息...} @ webpack-internal:///(app-pages-browser)/./lib/chat-transport.ts:147
[ 1289016ms] [LOG] [ChatTransport] onmessage triggered, has currentResponseHandler: true @ webpack-internal:///(app-pages-browser)/./lib/chat-transport.ts:41
[ 1289016ms] [LOG] [ChatTransport] responseHandler called, data: {"type":"stage","content":null,"error":null,"message_id":"3f3bcf79-74df-4dab-bd6c-e295cb966e02","conversation_id":null,"itinerary":null,"stage":{"name":"6_LLM","status":"start","label":"✨ 生成回复","message":"正在生成回复内容..."}} @ webpack-internal:///(app-pages-browser)/./lib/chat-transport.ts:137
[ 1289016ms] [LOG] [ChatTransport] Stage update: {name: 6_LLM, status: start, label: ✨ 生成回复, message: 正在生成回复内容...} @ webpack-internal:///(app-pages-browser)/./lib/chat-transport.ts:147
[ 1290611ms] [LOG] [ChatTransport] onmessage triggered, has currentResponseHandler: true @ webpack-internal:///(app-pages-browser)/./lib/chat-transport.ts:41
[ 1290611ms] [LOG] [ChatTransport] responseHandler called, data: {"type":"delta","content":"我来","error":null,"message_id":"3f3bcf79-74df-4dab-bd6c-e295cb966e02","conversation_id":null,"itinerary":null,"stage":null} @ webpack-internal:///(app-pages-browser)/./lib/chat-transport.ts:137
[ 1290665ms] [LOG] [ChatTransport] onmessage triggered, has currentResponseHandler: true @ webpack-internal:///(app-pages-browser)/./lib/chat-transport.ts:41
[ 1290665ms] [LOG] [ChatTransport] responseHandler called, data: {"type":"delta","content":"帮","error":null,"message_id":"3f3bcf79-74df-4dab-bd6c-e295cb966e02","conversation_id":null,"itinerary":null,"stage":null} @ webpack-internal:///(app-pages-browser)/./lib/chat-transport.ts:137
[ 1290711ms] [LOG] [ChatTransport] onmessage triggered, has currentResponseHandler: true @ webpack-internal:///(app-pages-browser)/./lib/chat-transport.ts:41
[ 1290711ms] [LOG] [ChatTransport] responseHandler called, data: {"type":"delta","content":"您","error":null,"message_id":"3f3bcf79-74df-4dab-bd6c-e295cb966e02","conversation_id":null,"itinerary":null,"stage":null} @ webpack-internal:///(app-pages-browser)/./lib/chat-transport.ts:137
[ 1290725ms] [LOG] [ChatTransport] onmessage triggered, has currentResponseHandler: true @ webpack-internal:///(app-pages-browser)/./lib/chat-transport.ts:41
[ 1290725ms] [LOG] [ChatTransport] responseHandler called, data: {"type":"delta","content":"查询","error":null,"message_id":"3f3bcf79-74df-4dab-bd6c-e295cb966e02","conversation_id":null,"itinerary":null,"stage":null} @ webpack-internal:///(app-pages-browser)/./lib/chat-transport.ts:137
[ 1290735ms] [LOG] [ChatTransport] onmessage triggered, has currentResponseHandler: true @ webpack-internal:///(app-pages-browser)/./lib/chat-transport.ts:41
[ 1290735ms] [LOG] [ChatTransport] responseHandler called, data: {"type":"delta","content":"东京","error":null,"message_id":"3f3bcf79-74df-4dab-bd6c-e295cb966e02","conversation_id":null,"itinerary":null,"stage":null} @ webpack-internal:///(app-pages-browser)/./lib/chat-transport.ts:137
[ 1290744ms] [LOG] [ChatTransport] onmessage triggered, has currentResponseHandler: true @ webpack-internal:///(app-pages-browser)/./lib/chat-transport.ts:41
[ 1290744ms] [LOG] [ChatTransport] responseHandler called, data: {"type":"delta","content":"的美食","error":null,"message_id":"3f3bcf79-74df-4dab-bd6c-e295cb966e02","conversation_id":null,"itinerary":null,"stage":null} @ webpack-internal:///(app-pages-browser)/./lib/chat-transport.ts:137
[ 1290755ms] [LOG] [ChatTransport] onmessage triggered, has currentResponseHandler: true @ webpack-internal:///(app-pages-browser)/./lib/chat-transport.ts:41
[ 1290755ms] [LOG] [ChatTransport] responseHandler called, data: {"type":"delta","content":"信息","error":null,"message_id":"3f3bcf79-74df-4dab-bd6c-e295cb966e02","conversation_id":null,"itinerary":null,"stage":null} @ webpack-internal:///(app-pages-browser)/./lib/chat-transport.ts:137
[ 1290762ms] [LOG] [ChatTransport] onmessage triggered, has currentResponseHandler: true @ webpack-internal:///(app-pages-browser)/./lib/chat-transport.ts:41
[ 1290762ms] [LOG] [ChatTransport] responseHandler called, data: {"type":"delta","content":"。","error":null,"message_id":"3f3bcf79-74df-4dab-bd6c-e295cb966e02","conversation_id":null,"itinerary":null,"stage":null} @ webpack-internal:///(app-pages-browser)/./lib/chat-transport.ts:137
[ 1290770ms] [LOG] [ChatTransport] onmessage triggered, has currentResponseHandler: true @ webpack-internal:///(app-pages-browser)/./lib/chat-transport.ts:41
[ 1290770ms] [LOG] [ChatTransport] responseHandler called, data: {"type":"delta","content":"东京","error":null,"message_id":"3f3bcf79-74df-4dab-bd6c-e295cb966e02","conversation_id":null,"itinerary":null,"stage":null} @ webpack-internal:///(app-pages-browser)/./lib/chat-transport.ts:137
[ 1290770ms] [LOG] [ChatTransport] onmessage triggered, has currentResponseHandler: true @ webpack-internal:///(app-pages-browser)/./lib/chat-transport.ts:41
[ 1290770ms] [LOG] [ChatTransport] responseHandler called, data: {"type":"delta","content":"作为","error":null,"message_id":"3f3bcf79-74df-4dab-bd6c-e295cb966e02","conversation_id":null,"itinerary":null,"stage":null} @ webpack-internal:///(app-pages-browser)/./lib/chat-transport.ts:137
[ 1290770ms] [LOG] [ChatTransport] onmessage triggered, has currentResponseHandler: true @ webpack-internal:///(app-pages-browser)/./lib/chat-transport.ts:41
[ 1290770ms] [LOG] [ChatTransport] responseHandler called, data: {"type":"delta","content":"世界","error":null,"message_id":"3f3bcf79-74df-4dab-bd6c-e295cb966e02","conversation_id":null,"itinerary":null,"stage":null} @ webpack-internal:///(app-pages-browser)/./lib/chat-transport.ts:137
[ 1290770ms] [LOG] [ChatTransport] onmessage triggered, has currentResponseHandler: true @ webpack-internal:///(app-pages-browser)/./lib/chat-transport.ts:41
[ 1290770ms] [LOG] [ChatTransport] responseHandler called, data: {"type":"delta","content":"闻","error":null,"message_id":"3f3bcf79-74df-4dab-bd6c-e295cb966e02","conversation_id":null,"itinerary":null,"stage":null} @ webpack-internal:///(app-pages-browser)/./lib/chat-transport.ts:137
[ 1290771ms] [LOG] [ChatTransport] onmessage triggered, has currentResponseHandler: true @ webpack-internal:///(app-pages-browser)/./lib/chat-transport.ts:41
[ 1290771ms] [LOG] [ChatTransport] responseHandler called, data: {"type":"delta","content":"名的","error":null,"message_id":"3f3bcf79-74df-4dab-bd6c-e295cb966e02","conversation_id":null,"itinerary":null,"stage":null} @ webpack-internal:///(app-pages-browser)/./lib/chat-transport.ts:137
[ 1290771ms] [LOG] [ChatTransport] onmessage triggered, has currentResponseHandler: true @ webpack-internal:///(app-pages-browser)/./lib/chat-transport.ts:41
[ 1290771ms] [LOG] [ChatTransport] responseHandler called, data: {"type":"delta","content":"美食","error":null,"message_id":"3f3bcf79-74df-4dab-bd6c-e295cb966e02","conversation_id":null,"itinerary":null,"stage":null} @ webpack-internal:///(app-pages-browser)/./lib/chat-transport.ts:137
[ 1290771ms] [LOG] [ChatTransport] onmessage triggered, has currentResponseHandler: true @ webpack-internal:///(app-pages-browser)/./lib/chat-transport.ts:41
[ 1290771ms] [LOG] [ChatTransport] responseHandler called, data: {"type":"delta","content":"之","error":null,"message_id":"3f3bcf79-74df-4dab-bd6c-e295cb966e02","conversation_id":null,"itinerary":null,"stage":null} @ webpack-internal:///(app-pages-browser)/./lib/chat-transport.ts:137
[ 1290771ms] [LOG] [ChatTransport] onmessage triggered, has currentResponseHandler: true @ webpack-internal:///(app-pages-browser)/./lib/chat-transport.ts:41
[ 1290771ms] [LOG] [ChatTransport] responseHandler called, data: {"type":"delta","content":"都","error":null,"message_id":"3f3bcf79-74df-4dab-bd6c-e295cb966e02","conversation_id":null,"itinerary":null,"stage":null} @ webpack-internal:///(app-pages-browser)/./lib/chat-transport.ts:137
[ 1290836ms] [LOG] [ChatTransport] onmessage triggered, has currentResponseHandler: true @ webpack-internal:///(app-pages-browser)/./lib/chat-transport.ts:41
[ 1290836ms] [LOG] [ChatTransport] responseHandler called, data: {"type":"delta","content":"，","error":null,"message_id":"3f3bcf79-74df-4dab-bd6c-e295cb966e02","conversation_id":null,"itinerary":null,"stage":null} @ webpack-internal:///(app-pages-browser)/./lib/chat-transport.ts:137
[ 1290853ms] [LOG] [ChatTransport] onmessage triggered, has currentResponseHandler: true @ webpack-internal:///(app-pages-browser)/./lib/chat-transport.ts:41
[ 1290853ms] [LOG] [ChatTransport] responseHandler called, data: {"type":"delta","content":"有","error":null,"message_id":"3f3bcf79-74df-4dab-bd6c-e295cb966e02","conversation_id":null,"itinerary":null,"stage":null} @ webpack-internal:///(app-pages-browser)/./lib/chat-transport.ts:137
[ 1290869ms] [LOG] [ChatTransport] onmessage triggered, has currentResponseHandler: true @ webpack-internal:///(app-pages-browser)/./lib/chat-transport.ts:41
[ 1290869ms] [LOG] [ChatTransport] responseHandler called, data: {"type":"delta","content":"各种各样的","error":null,"message_id":"3f3bcf79-74df-4dab-bd6c-e295cb966e02","conversation_id":null,"itinerary":null,"stage":null} @ webpack-internal:///(app-pages-browser)/./lib/chat-transport.ts:137
[ 1290876ms] [LOG] [ChatTransport] onmessage triggered, has currentResponseHandler: true @ webpack-internal:///(app-pages-browser)/./lib/chat-transport.ts:41
[ 1290876ms] [LOG] [ChatTransport] responseHandler called, data: {"type":"delta","content":"美食","error":null,"message_id":"3f3bcf79-74df-4dab-bd6c-e295cb966e02","conversation_id":null,"itinerary":null,"stage":null} @ webpack-internal:///(app-pages-browser)/./lib/chat-transport.ts:137
[ 1290926ms] [LOG] [ChatTransport] onmessage triggered, has currentResponseHandler: true @ webpack-internal:///(app-pages-browser)/./lib/chat-transport.ts:41
[ 1290926ms] [LOG] [ChatTransport] responseHandler called, data: {"type":"delta","content":"选择","error":null,"message_id":"3f3bcf79-74df-4dab-bd6c-e295cb966e02","conversation_id":null,"itinerary":null,"stage":null} @ webpack-internal:///(app-pages-browser)/./lib/chat-transport.ts:137
[ 1290943ms] [LOG] [ChatTransport] onmessage triggered, has currentResponseHandler: true @ webpack-internal:///(app-pages-browser)/./lib/chat-transport.ts:41
[ 1290944ms] [LOG] [ChatTransport] responseHandler called, data: {"type":"delta","content":"，","error":null,"message_id":"3f3bcf79-74df-4dab-bd6c-e295cb966e02","conversation_id":null,"itinerary":null,"stage":null} @ webpack-internal:///(app-pages-browser)/./lib/chat-transport.ts:137
[ 1290991ms] [LOG] [ChatTransport] onmessage triggered, has currentResponseHandler: true @ webpack-internal:///(app-pages-browser)/./lib/chat-transport.ts:41
[ 1290991ms] [LOG] [ChatTransport] responseHandler called, data: {"type":"delta","content":"从","error":null,"message_id":"3f3bcf79-74df-4dab-bd6c-e295cb966e02","conversation_id":null,"itinerary":null,"stage":null} @ webpack-internal:///(app-pages-browser)/./lib/chat-transport.ts:137
[ 1290996ms] [LOG] [ChatTransport] onmessage triggered, has currentResponseHandler: true @ webpack-internal:///(app-pages-browser)/./lib/chat-transport.ts:41
[ 1290996ms] [LOG] [ChatTransport] responseHandler called, data: {"type":"delta","content":"传统","error":null,"message_id":"3f3bcf79-74df-4dab-bd6c-e295cb966e02","conversation_id":null,"itinerary":null,"stage":null} @ webpack-internal:///(app-pages-browser)/./lib/chat-transport.ts:137
[ 1291149ms] [LOG] [ChatTransport] onmessage triggered, has currentResponseHandler: true @ webpack-internal:///(app-pages-browser)/./lib/chat-transport.ts:41
[ 1291150ms] [LOG] [ChatTransport] responseHandler called, data: {"type":"delta","content":"日","error":null,"message_id":"3f3bcf79-74df-4dab-bd6c-e295cb966e02","conversation_id":null,"itinerary":null,"stage":null} @ webpack-internal:///(app-pages-browser)/./lib/chat-transport.ts:137
[ 1291156ms] [LOG] [ChatTransport] onmessage triggered, has currentResponseHandler: true @ webpack-internal:///(app-pages-browser)/./lib/chat-transport.ts:41
[ 1291156ms] [LOG] [ChatTransport] responseHandler called, data: {"type":"delta","content":"料到","error":null,"message_id":"3f3bcf79-74df-4dab-bd6c-e295cb966e02","conversation_id":null,"itinerary":null,"stage":null} @ webpack-internal:///(app-pages-browser)/./lib/chat-transport.ts:137
[ 1291156ms] [LOG] [ChatTransport] onmessage triggered, has currentResponseHandler: true @ webpack-internal:///(app-pages-browser)/./lib/chat-transport.ts:41
[ 1291156ms] [LOG] [ChatTransport] responseHandler called, data: {"type":"delta","content":"现代","error":null,"message_id":"3f3bcf79-74df-4dab-bd6c-e295cb966e02","conversation_id":null,"itinerary":null,"stage":null} @ webpack-internal:///(app-pages-browser)/./lib/chat-transport.ts:137
[ 1291156ms] [LOG] [ChatTransport] onmessage triggered, has currentResponseHandler: true @ webpack-internal:///(app-pages-browser)/./lib/chat-transport.ts:41
[ 1291157ms] [LOG] [ChatTransport] responseHandler called, data: {"type":"delta","content":"创新","error":null,"message_id":"3f3bcf79-74df-4dab-bd6c-e295cb966e02","conversation_id":null,"itinerary":null,"stage":null} @ webpack-internal:///(app-pages-browser)/./lib/chat-transport.ts:137
[ 1291261ms] [LOG] [ChatTransport] onmessage triggered, has currentResponseHandler: true @ webpack-internal:///(app-pages-browser)/./lib/chat-transport.ts:41
[ 1291261ms] [LOG] [ChatTransport] responseHandler called, data: {"type":"delta","content":"料理","error":null,"message_id":"3f3bcf79-74df-4dab-bd6c-e295cb966e02","conversation_id":null,"itinerary":null,"stage":null} @ webpack-internal:///(app-pages-browser)/./lib/chat-transport.ts:137
[ 1291264ms] [LOG] [ChatTransport] onmessage triggered, has currentResponseHandler: true @ webpack-internal:///(app-pages-browser)/./lib/chat-transport.ts:41
[ 1291264ms] [LOG] [ChatTransport] responseHandler called, data: {"type":"delta","content":"都有","error":null,"message_id":"3f3bcf79-74df-4dab-bd6c-e295cb966e02","conversation_id":null,"itinerary":null,"stage":null} @ webpack-internal:///(app-pages-browser)/./lib/chat-transport.ts:137
[ 1291264ms] [LOG] [ChatTransport] onmessage triggered, has currentResponseHandler: true @ webpack-internal:///(app-pages-browser)/./lib/chat-transport.ts:41
[ 1291264ms] [LOG] [ChatTransport] responseHandler called, data: {"type":"delta","content":"。\n\n","error":null,"message_id":"3f3bcf79-74df-4dab-bd6c-e295cb966e02","conversation_id":null,"itinerary":null,"stage":null} @ webpack-internal:///(app-pages-browser)/./lib/chat-transport.ts:137
[ 1291264ms] [LOG] [ChatTransport] onmessage triggered, has currentResponseHandler: true @ webpack-internal:///(app-pages-browser)/./lib/chat-transport.ts:41
[ 1291264ms] [LOG] [ChatTransport] responseHandler called, data: {"type":"delta","content":"让我","error":null,"message_id":"3f3bcf79-74df-4dab-bd6c-e295cb966e02","conversation_id":null,"itinerary":null,"stage":null} @ webpack-internal:///(app-pages-browser)/./lib/chat-transport.ts:137
[ 1291311ms] [LOG] [ChatTransport] onmessage triggered, has currentResponseHandler: true @ webpack-internal:///(app-pages-browser)/./lib/chat-transport.ts:41
[ 1291311ms] [LOG] [ChatTransport] responseHandler called, data: {"type":"delta","content":"为您","error":null,"message_id":"3f3bcf79-74df-4dab-bd6c-e295cb966e02","conversation_id":null,"itinerary":null,"stage":null} @ webpack-internal:///(app-pages-browser)/./lib/chat-transport.ts:137
[ 1291311ms] [LOG] [ChatTransport] onmessage triggered, has currentResponseHandler: true @ webpack-internal:///(app-pages-browser)/./lib/chat-transport.ts:41
[ 1291311ms] [LOG] [ChatTransport] responseHandler called, data: {"type":"delta","content":"搜索","error":null,"message_id":"3f3bcf79-74df-4dab-bd6c-e295cb966e02","conversation_id":null,"itinerary":null,"stage":null} @ webpack-internal:///(app-pages-browser)/./lib/chat-transport.ts:137
[ 1291350ms] [LOG] [ChatTransport] onmessage triggered, has currentResponseHandler: true @ webpack-internal:///(app-pages-browser)/./lib/chat-transport.ts:41
[ 1291350ms] [LOG] [ChatTransport] responseHandler called, data: {"type":"delta","content":"一下","error":null,"message_id":"3f3bcf79-74df-4dab-bd6c-e295cb966e02","conversation_id":null,"itinerary":null,"stage":null} @ webpack-internal:///(app-pages-browser)/./lib/chat-transport.ts:137
[ 1291352ms] [LOG] [ChatTransport] onmessage triggered, has currentResponseHandler: true @ webpack-internal:///(app-pages-browser)/./lib/chat-transport.ts:41
[ 1291352ms] [LOG] [ChatTransport] responseHandler called, data: {"type":"delta","content":"东京","error":null,"message_id":"3f3bcf79-74df-4dab-bd6c-e295cb966e02","conversation_id":null,"itinerary":null,"stage":null} @ webpack-internal:///(app-pages-browser)/./lib/chat-transport.ts:137
[ 1291450ms] [LOG] [ChatTransport] onmessage triggered, has currentResponseHandler: true @ webpack-internal:///(app-pages-browser)/./lib/chat-transport.ts:41
[ 1291450ms] [LOG] [ChatTransport] responseHandler called, data: {"type":"delta","content":"的","error":null,"message_id":"3f3bcf79-74df-4dab-bd6c-e295cb966e02","conversation_id":null,"itinerary":null,"stage":null} @ webpack-internal:///(app-pages-browser)/./lib/chat-transport.ts:137
[ 1291455ms] [LOG] [ChatTransport] onmessage triggered, has currentResponseHandler: true @ webpack-internal:///(app-pages-browser)/./lib/chat-transport.ts:41
[ 1291455ms] [LOG] [ChatTransport] responseHandler called, data: {"type":"delta","content":"餐厅","error":null,"message_id":"3f3bcf79-74df-4dab-bd6c-e295cb966e02","conversation_id":null,"itinerary":null,"stage":null} @ webpack-internal:///(app-pages-browser)/./lib/chat-transport.ts:137
[ 1291539ms] [LOG] [ChatTransport] onmessage triggered, has currentResponseHandler: true @ webpack-internal:///(app-pages-browser)/./lib/chat-transport.ts:41
[ 1291539ms] [LOG] [ChatTransport] responseHandler called, data: {"type":"delta","content":"和","error":null,"message_id":"3f3bcf79-74df-4dab-bd6c-e295cb966e02","conversation_id":null,"itinerary":null,"stage":null} @ webpack-internal:///(app-pages-browser)/./lib/chat-transport.ts:137
[ 1291542ms] [LOG] [ChatTransport] onmessage triggered, has currentResponseHandler: true @ webpack-internal:///(app-pages-browser)/./lib/chat-transport.ts:41
[ 1291543ms] [LOG] [ChatTransport] responseHandler called, data: {"type":"delta","content":"美食","error":null,"message_id":"3f3bcf79-74df-4dab-bd6c-e295cb966e02","conversation_id":null,"itinerary":null,"stage":null} @ webpack-internal:///(app-pages-browser)/./lib/chat-transport.ts:137
[ 1291546ms] [LOG] [ChatTransport] onmessage triggered, has currentResponseHandler: true @ webpack-internal:///(app-pages-browser)/./lib/chat-transport.ts:41
[ 1291546ms] [LOG] [ChatTransport] responseHandler called, data: {"type":"delta","content":"推荐","error":null,"message_id":"3f3bcf79-74df-4dab-bd6c-e295cb966e02","conversation_id":null,"itinerary":null,"stage":null} @ webpack-internal:///(app-pages-browser)/./lib/chat-transport.ts:137
[ 1291546ms] [LOG] [ChatTransport] onmessage triggered, has currentResponseHandler: true @ webpack-internal:///(app-pages-browser)/./lib/chat-transport.ts:41
[ 1291546ms] [LOG] [ChatTransport] responseHandler called, data: {"type":"delta","content":"：\n\n","error":null,"message_id":"3f3bcf79-74df-4dab-bd6c-e295cb966e02","conversation_id":null,"itinerary":null,"stage":null} @ webpack-internal:///(app-pages-browser)/./lib/chat-transport.ts:137
[ 1291598ms] [LOG] [ChatTransport] onmessage triggered, has currentResponseHandler: true @ webpack-internal:///(app-pages-browser)/./lib/chat-transport.ts:41
[ 1291599ms] [LOG] [ChatTransport] responseHandler called, data: {"type":"delta","content":"```","error":null,"message_id":"3f3bcf79-74df-4dab-bd6c-e295cb966e02","conversation_id":null,"itinerary":null,"stage":null} @ webpack-internal:///(app-pages-browser)/./lib/chat-transport.ts:137
[ 1291600ms] [LOG] [ChatTransport] onmessage triggered, has currentResponseHandler: true @ webpack-internal:///(app-pages-browser)/./lib/chat-transport.ts:41
[ 1291600ms] [LOG] [ChatTransport] responseHandler called, data: {"type":"delta","content":"json","error":null,"message_id":"3f3bcf79-74df-4dab-bd6c-e295cb966e02","conversation_id":null,"itinerary":null,"stage":null} @ webpack-internal:///(app-pages-browser)/./lib/chat-transport.ts:137
[ 1291653ms] [LOG] [ChatTransport] onmessage triggered, has currentResponseHandler: true @ webpack-internal:///(app-pages-browser)/./lib/chat-transport.ts:41
[ 1291653ms] [LOG] [ChatTransport] responseHandler called, data: {"type":"delta","content":"\n","error":null,"message_id":"3f3bcf79-74df-4dab-bd6c-e295cb966e02","conversation_id":null,"itinerary":null,"stage":null} @ webpack-internal:///(app-pages-browser)/./lib/chat-transport.ts:137
[ 1291653ms] [LOG] [ChatTransport] onmessage triggered, has currentResponseHandler: true @ webpack-internal:///(app-pages-browser)/./lib/chat-transport.ts:41
[ 1291653ms] [LOG] [ChatTransport] responseHandler called, data: {"type":"delta","content":"{\n","error":null,"message_id":"3f3bcf79-74df-4dab-bd6c-e295cb966e02","conversation_id":null,"itinerary":null,"stage":null} @ webpack-internal:///(app-pages-browser)/./lib/chat-transport.ts:137
[ 1291728ms] [LOG] [ChatTransport] onmessage triggered, has currentResponseHandler: true @ webpack-internal:///(app-pages-browser)/./lib/chat-transport.ts:41
[ 1291728ms] [LOG] [ChatTransport] responseHandler called, data: {"type":"delta","content":" ","error":null,"message_id":"3f3bcf79-74df-4dab-bd6c-e295cb966e02","conversation_id":null,"itinerary":null,"stage":null} @ webpack-internal:///(app-pages-browser)/./lib/chat-transport.ts:137
[ 1291744ms] [LOG] [ChatTransport] onmessage triggered, has currentResponseHandler: true @ webpack-internal:///(app-pages-browser)/./lib/chat-transport.ts:41
[ 1291744ms] [LOG] [ChatTransport] responseHandler called, data: {"type":"delta","content":" \"","error":null,"message_id":"3f3bcf79-74df-4dab-bd6c-e295cb966e02","conversation_id":null,"itinerary":null,"stage":null} @ webpack-internal:///(app-pages-browser)/./lib/chat-transport.ts:137
[ 1291790ms] [LOG] [ChatTransport] onmessage triggered, has currentResponseHandler: true @ webpack-internal:///(app-pages-browser)/./lib/chat-transport.ts:41
[ 1291790ms] [LOG] [ChatTransport] responseHandler called, data: {"type":"delta","content":"location","error":null,"message_id":"3f3bcf79-74df-4dab-bd6c-e295cb966e02","conversation_id":null,"itinerary":null,"stage":null} @ webpack-internal:///(app-pages-browser)/./lib/chat-transport.ts:137
[ 1291791ms] [LOG] [ChatTransport] onmessage triggered, has currentResponseHandler: true @ webpack-internal:///(app-pages-browser)/./lib/chat-transport.ts:41
[ 1291791ms] [LOG] [ChatTransport] responseHandler called, data: {"type":"delta","content":"\":","error":null,"message_id":"3f3bcf79-74df-4dab-bd6c-e295cb966e02","conversation_id":null,"itinerary":null,"stage":null} @ webpack-internal:///(app-pages-browser)/./lib/chat-transport.ts:137
[ 1291834ms] [LOG] [ChatTransport] onmessage triggered, has currentResponseHandler: true @ webpack-internal:///(app-pages-browser)/./lib/chat-transport.ts:41
[ 1291835ms] [LOG] [ChatTransport] responseHandler called, data: {"type":"delta","content":" \"","error":null,"message_id":"3f3bcf79-74df-4dab-bd6c-e295cb966e02","conversation_id":null,"itinerary":null,"stage":null} @ webpack-internal:///(app-pages-browser)/./lib/chat-transport.ts:137
[ 1291843ms] [LOG] [ChatTransport] onmessage triggered, has currentResponseHandler: true @ webpack-internal:///(app-pages-browser)/./lib/chat-transport.ts:41
[ 1291843ms] [LOG] [ChatTransport] responseHandler called, data: {"type":"delta","content":"东京","error":null,"message_id":"3f3bcf79-74df-4dab-bd6c-e295cb966e02","conversation_id":null,"itinerary":null,"stage":null} @ webpack-internal:///(app-pages-browser)/./lib/chat-transport.ts:137
[ 1291904ms] [LOG] [ChatTransport] onmessage triggered, has currentResponseHandler: true @ webpack-internal:///(app-pages-browser)/./lib/chat-transport.ts:41
[ 1291904ms] [LOG] [ChatTransport] responseHandler called, data: {"type":"delta","content":"\",\n","error":null,"message_id":"3f3bcf79-74df-4dab-bd6c-e295cb966e02","conversation_id":null,"itinerary":null,"stage":null} @ webpack-internal:///(app-pages-browser)/./lib/chat-transport.ts:137
[ 1291914ms] [LOG] [ChatTransport] onmessage triggered, has currentResponseHandler: true @ webpack-internal:///(app-pages-browser)/./lib/chat-transport.ts:41
[ 1291914ms] [LOG] [ChatTransport] responseHandler called, data: {"type":"delta","content":" ","error":null,"message_id":"3f3bcf79-74df-4dab-bd6c-e295cb966e02","conversation_id":null,"itinerary":null,"stage":null} @ webpack-internal:///(app-pages-browser)/./lib/chat-transport.ts:137
[ 1292021ms] [LOG] [ChatTransport] onmessage triggered, has currentResponseHandler: true @ webpack-internal:///(app-pages-browser)/./lib/chat-transport.ts:41
[ 1292022ms] [LOG] [ChatTransport] responseHandler called, data: {"type":"delta","content":" \"","error":null,"message_id":"3f3bcf79-74df-4dab-bd6c-e295cb966e02","conversation_id":null,"itinerary":null,"stage":null} @ webpack-internal:///(app-pages-browser)/./lib/chat-transport.ts:137
[ 1292032ms] [LOG] [ChatTransport] onmessage triggered, has currentResponseHandler: true @ webpack-internal:///(app-pages-browser)/./lib/chat-transport.ts:41
[ 1292032ms] [LOG] [ChatTransport] responseHandler called, data: {"type":"delta","content":"keywords","error":null,"message_id":"3f3bcf79-74df-4dab-bd6c-e295cb966e02","conversation_id":null,"itinerary":null,"stage":null} @ webpack-internal:///(app-pages-browser)/./lib/chat-transport.ts:137
[ 1292040ms] [LOG] [ChatTransport] onmessage triggered, has currentResponseHandler: true @ webpack-internal:///(app-pages-browser)/./lib/chat-transport.ts:41
[ 1292040ms] [LOG] [ChatTransport] responseHandler called, data: {"type":"delta","content":"\":","error":null,"message_id":"3f3bcf79-74df-4dab-bd6c-e295cb966e02","conversation_id":null,"itinerary":null,"stage":null} @ webpack-internal:///(app-pages-browser)/./lib/chat-transport.ts:137
[ 1292040ms] [LOG] [ChatTransport] onmessage triggered, has currentResponseHandler: true @ webpack-internal:///(app-pages-browser)/./lib/chat-transport.ts:41
[ 1292040ms] [LOG] [ChatTransport] responseHandler called, data: {"type":"delta","content":" \"","error":null,"message_id":"3f3bcf79-74df-4dab-bd6c-e295cb966e02","conversation_id":null,"itinerary":null,"stage":null} @ webpack-internal:///(app-pages-browser)/./lib/chat-transport.ts:137
[ 1292086ms] [LOG] [ChatTransport] onmessage triggered, has currentResponseHandler: true @ webpack-internal:///(app-pages-browser)/./lib/chat-transport.ts:41
[ 1292086ms] [LOG] [ChatTransport] responseHandler called, data: {"type":"delta","content":"美食","error":null,"message_id":"3f3bcf79-74df-4dab-bd6c-e295cb966e02","conversation_id":null,"itinerary":null,"stage":null} @ webpack-internal:///(app-pages-browser)/./lib/chat-transport.ts:137
[ 1292095ms] [LOG] [ChatTransport] onmessage triggered, has currentResponseHandler: true @ webpack-internal:///(app-pages-browser)/./lib/chat-transport.ts:41
[ 1292095ms] [LOG] [ChatTransport] responseHandler called, data: {"type":"delta","content":" ","error":null,"message_id":"3f3bcf79-74df-4dab-bd6c-e295cb966e02","conversation_id":null,"itinerary":null,"stage":null} @ webpack-internal:///(app-pages-browser)/./lib/chat-transport.ts:137
[ 1292194ms] [LOG] [ChatTransport] onmessage triggered, has currentResponseHandler: true @ webpack-internal:///(app-pages-browser)/./lib/chat-transport.ts:41
[ 1292194ms] [LOG] [ChatTransport] responseHandler called, data: {"type":"delta","content":"餐厅","error":null,"message_id":"3f3bcf79-74df-4dab-bd6c-e295cb966e02","conversation_id":null,"itinerary":null,"stage":null} @ webpack-internal:///(app-pages-browser)/./lib/chat-transport.ts:137
[ 1292205ms] [LOG] [ChatTransport] onmessage triggered, has currentResponseHandler: true @ webpack-internal:///(app-pages-browser)/./lib/chat-transport.ts:41
[ 1292205ms] [LOG] [ChatTransport] responseHandler called, data: {"type":"delta","content":" ","error":null,"message_id":"3f3bcf79-74df-4dab-bd6c-e295cb966e02","conversation_id":null,"itinerary":null,"stage":null} @ webpack-internal:///(app-pages-browser)/./lib/chat-transport.ts:137
[ 1292293ms] [LOG] [ChatTransport] onmessage triggered, has currentResponseHandler: true @ webpack-internal:///(app-pages-browser)/./lib/chat-transport.ts:41
[ 1292293ms] [LOG] [ChatTransport] responseHandler called, data: {"type":"delta","content":"料理","error":null,"message_id":"3f3bcf79-74df-4dab-bd6c-e295cb966e02","conversation_id":null,"itinerary":null,"stage":null} @ webpack-internal:///(app-pages-browser)/./lib/chat-transport.ts:137
[ 1292297ms] [LOG] [ChatTransport] onmessage triggered, has currentResponseHandler: true @ webpack-internal:///(app-pages-browser)/./lib/chat-transport.ts:41
[ 1292297ms] [LOG] [ChatTransport] responseHandler called, data: {"type":"delta","content":"\",\n","error":null,"message_id":"3f3bcf79-74df-4dab-bd6c-e295cb966e02","conversation_id":null,"itinerary":null,"stage":null} @ webpack-internal:///(app-pages-browser)/./lib/chat-transport.ts:137
[ 1292298ms] [LOG] [ChatTransport] onmessage triggered, has currentResponseHandler: true @ webpack-internal:///(app-pages-browser)/./lib/chat-transport.ts:41
[ 1292299ms] [LOG] [ChatTransport] responseHandler called, data: {"type":"delta","content":" ","error":null,"message_id":"3f3bcf79-74df-4dab-bd6c-e295cb966e02","conversation_id":null,"itinerary":null,"stage":null} @ webpack-internal:///(app-pages-browser)/./lib/chat-transport.ts:137
[ 1292299ms] [LOG] [ChatTransport] onmessage triggered, has currentResponseHandler: true @ webpack-internal:///(app-pages-browser)/./lib/chat-transport.ts:41
[ 1292299ms] [LOG] [ChatTransport] responseHandler called, data: {"type":"delta","content":" \"","error":null,"message_id":"3f3bcf79-74df-4dab-bd6c-e295cb966e02","conversation_id":null,"itinerary":null,"stage":null} @ webpack-internal:///(app-pages-browser)/./lib/chat-transport.ts:137
[ 1292396ms] [LOG] [ChatTransport] onmessage triggered, has currentResponseHandler: true @ webpack-internal:///(app-pages-browser)/./lib/chat-transport.ts:41
[ 1292396ms] [LOG] [ChatTransport] responseHandler called, data: {"type":"delta","content":"types","error":null,"message_id":"3f3bcf79-74df-4dab-bd6c-e295cb966e02","conversation_id":null,"itinerary":null,"stage":null} @ webpack-internal:///(app-pages-browser)/./lib/chat-transport.ts:137
[ 1292396ms] [LOG] [ChatTransport] onmessage triggered, has currentResponseHandler: true @ webpack-internal:///(app-pages-browser)/./lib/chat-transport.ts:41
[ 1292396ms] [LOG] [ChatTransport] responseHandler called, data: {"type":"delta","content":"\":","error":null,"message_id":"3f3bcf79-74df-4dab-bd6c-e295cb966e02","conversation_id":null,"itinerary":null,"stage":null} @ webpack-internal:///(app-pages-browser)/./lib/chat-transport.ts:137
[ 1292398ms] [LOG] [ChatTransport] onmessage triggered, has currentResponseHandler: true @ webpack-internal:///(app-pages-browser)/./lib/chat-transport.ts:41
[ 1292398ms] [LOG] [ChatTransport] responseHandler called, data: {"type":"delta","content":" \"","error":null,"message_id":"3f3bcf79-74df-4dab-bd6c-e295cb966e02","conversation_id":null,"itinerary":null,"stage":null} @ webpack-internal:///(app-pages-browser)/./lib/chat-transport.ts:137
[ 1292398ms] [LOG] [ChatTransport] onmessage triggered, has currentResponseHandler: true @ webpack-internal:///(app-pages-browser)/./lib/chat-transport.ts:41
[ 1292398ms] [LOG] [ChatTransport] responseHandler called, data: {"type":"delta","content":"050","error":null,"message_id":"3f3bcf79-74df-4dab-bd6c-e295cb966e02","conversation_id":null,"itinerary":null,"stage":null} @ webpack-internal:///(app-pages-browser)/./lib/chat-transport.ts:137
[ 1292584ms] [LOG] [ChatTransport] onmessage triggered, has currentResponseHandler: true @ webpack-internal:///(app-pages-browser)/./lib/chat-transport.ts:41
[ 1292584ms] [LOG] [ChatTransport] responseHandler called, data: {"type":"delta","content":"000","error":null,"message_id":"3f3bcf79-74df-4dab-bd6c-e295cb966e02","conversation_id":null,"itinerary":null,"stage":null} @ webpack-internal:///(app-pages-browser)/./lib/chat-transport.ts:137
[ 1292586ms] [LOG] [ChatTransport] onmessage triggered, has currentResponseHandler: true @ webpack-internal:///(app-pages-browser)/./lib/chat-transport.ts:41
[ 1292586ms] [LOG] [ChatTransport] responseHandler called, data: {"type":"delta","content":",","error":null,"message_id":"3f3bcf79-74df-4dab-bd6c-e295cb966e02","conversation_id":null,"itinerary":null,"stage":null} @ webpack-internal:///(app-pages-browser)/./lib/chat-transport.ts:137
[ 1292588ms] [LOG] [ChatTransport] onmessage triggered, has currentResponseHandler: true @ webpack-internal:///(app-pages-browser)/./lib/chat-transport.ts:41
[ 1292588ms] [LOG] [ChatTransport] responseHandler called, data: {"type":"delta","content":"050","error":null,"message_id":"3f3bcf79-74df-4dab-bd6c-e295cb966e02","conversation_id":null,"itinerary":null,"stage":null} @ webpack-internal:///(app-pages-browser)/./lib/chat-transport.ts:137
[ 1292588ms] [LOG] [ChatTransport] onmessage triggered, has currentResponseHandler: true @ webpack-internal:///(app-pages-browser)/./lib/chat-transport.ts:41
[ 1292588ms] [LOG] [ChatTransport] responseHandler called, data: {"type":"delta","content":"100","error":null,"message_id":"3f3bcf79-74df-4dab-bd6c-e295cb966e02","conversation_id":null,"itinerary":null,"stage":null} @ webpack-internal:///(app-pages-browser)/./lib/chat-transport.ts:137
[ 1292588ms] [LOG] [ChatTransport] onmessage triggered, has currentResponseHandler: true @ webpack-internal:///(app-pages-browser)/./lib/chat-transport.ts:41
[ 1292588ms] [LOG] [ChatTransport] responseHandler called, data: {"type":"delta","content":",","error":null,"message_id":"3f3bcf79-74df-4dab-bd6c-e295cb966e02","conversation_id":null,"itinerary":null,"stage":null} @ webpack-internal:///(app-pages-browser)/./lib/chat-transport.ts:137
[ 1292588ms] [LOG] [ChatTransport] onmessage triggered, has currentResponseHandler: true @ webpack-internal:///(app-pages-browser)/./lib/chat-transport.ts:41
[ 1292588ms] [LOG] [ChatTransport] responseHandler called, data: {"type":"delta","content":"050","error":null,"message_id":"3f3bcf79-74df-4dab-bd6c-e295cb966e02","conversation_id":null,"itinerary":null,"stage":null} @ webpack-internal:///(app-pages-browser)/./lib/chat-transport.ts:137
[ 1292631ms] [LOG] [ChatTransport] onmessage triggered, has currentResponseHandler: true @ webpack-internal:///(app-pages-browser)/./lib/chat-transport.ts:41
[ 1292632ms] [LOG] [ChatTransport] responseHandler called, data: {"type":"delta","content":"200","error":null,"message_id":"3f3bcf79-74df-4dab-bd6c-e295cb966e02","conversation_id":null,"itinerary":null,"stage":null} @ webpack-internal:///(app-pages-browser)/./lib/chat-transport.ts:137
[ 1292632ms] [LOG] [ChatTransport] onmessage triggered, has currentResponseHandler: true @ webpack-internal:///(app-pages-browser)/./lib/chat-transport.ts:41
[ 1292632ms] [LOG] [ChatTransport] responseHandler called, data: {"type":"delta","content":",","error":null,"message_id":"3f3bcf79-74df-4dab-bd6c-e295cb966e02","conversation_id":null,"itinerary":null,"stage":null} @ webpack-internal:///(app-pages-browser)/./lib/chat-transport.ts:137
[ 1292688ms] [LOG] [ChatTransport] onmessage triggered, has currentResponseHandler: true @ webpack-internal:///(app-pages-browser)/./lib/chat-transport.ts:41
[ 1292688ms] [LOG] [ChatTransport] responseHandler called, data: {"type":"delta","content":"050","error":null,"message_id":"3f3bcf79-74df-4dab-bd6c-e295cb966e02","conversation_id":null,"itinerary":null,"stage":null} @ webpack-internal:///(app-pages-browser)/./lib/chat-transport.ts:137
[ 1292688ms] [LOG] [ChatTransport] onmessage triggered, has currentResponseHandler: true @ webpack-internal:///(app-pages-browser)/./lib/chat-transport.ts:41
[ 1292688ms] [LOG] [ChatTransport] responseHandler called, data: {"type":"delta","content":"300","error":null,"message_id":"3f3bcf79-74df-4dab-bd6c-e295cb966e02","conversation_id":null,"itinerary":null,"stage":null} @ webpack-internal:///(app-pages-browser)/./lib/chat-transport.ts:137
[ 1292760ms] [LOG] [ChatTransport] onmessage triggered, has currentResponseHandler: true @ webpack-internal:///(app-pages-browser)/./lib/chat-transport.ts:41
[ 1292760ms] [LOG] [ChatTransport] responseHandler called, data: {"type":"delta","content":"\"\n","error":null,"message_id":"3f3bcf79-74df-4dab-bd6c-e295cb966e02","conversation_id":null,"itinerary":null,"stage":null} @ webpack-internal:///(app-pages-browser)/./lib/chat-transport.ts:137
[ 1292768ms] [LOG] [ChatTransport] onmessage triggered, has currentResponseHandler: true @ webpack-internal:///(app-pages-browser)/./lib/chat-transport.ts:41
[ 1292768ms] [LOG] [ChatTransport] responseHandler called, data: {"type":"delta","content":"}\n","error":null,"message_id":"3f3bcf79-74df-4dab-bd6c-e295cb966e02","conversation_id":null,"itinerary":null,"stage":null} @ webpack-internal:///(app-pages-browser)/./lib/chat-transport.ts:137
[ 1292854ms] [LOG] [ChatTransport] onmessage triggered, has currentResponseHandler: true @ webpack-internal:///(app-pages-browser)/./lib/chat-transport.ts:41
[ 1292854ms] [LOG] [ChatTransport] responseHandler called, data: {"type":"delta","content":"```","error":null,"message_id":"3f3bcf79-74df-4dab-bd6c-e295cb966e02","conversation_id":null,"itinerary":null,"stage":null} @ webpack-internal:///(app-pages-browser)/./lib/chat-transport.ts:137
[ 1292980ms] [LOG] [ChatTransport] onmessage triggered, has currentResponseHandler: true @ webpack-internal:///(app-pages-browser)/./lib/chat-transport.ts:41
[ 1292980ms] [LOG] [ChatTransport] responseHandler called, data: {"type":"stage","content":null,"error":null,"message_id":"3f3bcf79-74df-4dab-bd6c-e295cb966e02","conversation_id":null,"itinerary":null,"stage":{"name":"6_LLM","status":"end","label":"✨ 生成回复","message":"正在生成回复内容..."}} @ webpack-internal:///(app-pages-browser)/./lib/chat-transport.ts:137
[ 1292980ms] [LOG] [ChatTransport] Stage update: {name: 6_LLM, status: end, label: ✨ 生成回复, message: 正在生成回复内容...} @ webpack-internal:///(app-pages-browser)/./lib/chat-transport.ts:147
[ 1292989ms] [LOG] [ChatTransport] onmessage triggered, has currentResponseHandler: true @ webpack-internal:///(app-pages-browser)/./lib/chat-transport.ts:41
[ 1292989ms] [LOG] [ChatTransport] responseHandler called, data: {"type":"stage","content":null,"error":null,"message_id":"3f3bcf79-74df-4dab-bd6c-e295cb966e02","conversation_id":null,"itinerary":null,"stage":{"name":"7_CTX_MANAGE","status":"start","label":"📊 上下文管理","message":"正在管理上下文窗口..."}} @ webpack-internal:///(app-pages-browser)/./lib/chat-transport.ts:137
[ 1292989ms] [LOG] [ChatTransport] Stage update: {name: 7_CTX_MANAGE, status: start, label: 📊 上下文管理, message: 正在管理上下文窗口...} @ webpack-internal:///(app-pages-browser)/./lib/chat-transport.ts:147
[ 1293010ms] [LOG] [ChatTransport] onmessage triggered, has currentResponseHandler: true @ webpack-internal:///(app-pages-browser)/./lib/chat-transport.ts:41
[ 1293010ms] [LOG] [ChatTransport] responseHandler called, data: {"type":"stage","content":null,"error":null,"message_id":"3f3bcf79-74df-4dab-bd6c-e295cb966e02","conversation_id":null,"itinerary":null,"stage":{"name":"7_CTX_MANAGE","status":"skip","label":"📊 上下文管理","message":"正在管理上下文窗口..."}} @ webpack-internal:///(app-pages-browser)/./lib/chat-transport.ts:137
[ 1293010ms] [LOG] [ChatTransport] Stage update: {name: 7_CTX_MANAGE, status: skip, label: 📊 上下文管理, message: 正在管理上下文窗口...} @ webpack-internal:///(app-pages-browser)/./lib/chat-transport.ts:147
[ 1293011ms] [LOG] [ChatTransport] onmessage triggered, has currentResponseHandler: true @ webpack-internal:///(app-pages-browser)/./lib/chat-transport.ts:41
[ 1293011ms] [LOG] [ChatTransport] responseHandler called, data: {"type":"stage","content":null,"error":null,"message_id":"3f3bcf79-74df-4dab-bd6c-e295cb966e02","conversation_id":null,"itinerary":null,"stage":{"name":"8_MEMORY","status":"start","label":"💾 记忆更新","message":"正在更新记忆信息..."}} @ webpack-internal:///(app-pages-browser)/./lib/chat-transport.ts:137
[ 1293011ms] [LOG] [ChatTransport] Stage update: {name: 8_MEMORY, status: start, label: 💾 记忆更新, message: 正在更新记忆信息...} @ webpack-internal:///(app-pages-browser)/./lib/chat-transport.ts:147
[ 1293011ms] [LOG] [ChatTransport] onmessage triggered, has currentResponseHandler: true @ webpack-internal:///(app-pages-browser)/./lib/chat-transport.ts:41
[ 1293011ms] [LOG] [ChatTransport] responseHandler called, data: {"type":"stage","content":null,"error":null,"message_id":"3f3bcf79-74df-4dab-bd6c-e295cb966e02","conversation_id":null,"itinerary":null,"stage":{"name":"8_MEMORY","status":"end","label":"💾 记忆更新","message":"正在更新记忆信息..."}} @ webpack-internal:///(app-pages-browser)/./lib/chat-transport.ts:137
[ 1293011ms] [LOG] [ChatTransport] Stage update: {name: 8_MEMORY, status: end, label: 💾 记忆更新, message: 正在更新记忆信息...} @ webpack-internal:///(app-pages-browser)/./lib/chat-transport.ts:147
[ 1293011ms] [LOG] [ChatTransport] onmessage triggered, has currentResponseHandler: true @ webpack-internal:///(app-pages-browser)/./lib/chat-transport.ts:41
[ 1293011ms] [LOG] [ChatTransport] responseHandler called, data: {"type":"done","content":"我来帮您查询东京的美食信息。东京作为世界闻名的美食之都，有各种各样的美食选择，从传统日料到现代创新料理都有。\n\n让我为您搜索一下东京的餐厅和美食推荐：\n\n```json\n{\n  \"location\": \"东京\",\n  \"keywords\": \"美食 餐厅 料理\",\n  \"types\": \"050000,050100,050200,050300\"\n}\n```","error":null,"message_id":"3f3bcf79-74df-4dab-bd6c-e295cb966e02","conversation_id":"c9b60305-5275-4c4a-9f83-1d5b93707c97","itinerary":null,"stage":null} @ webpack-internal:///(app-pages-browser)/./lib/chat-transport.ts:137
[ 1293012ms] [LOG] [ChatTransport] Updated conversation_id: c9b60305-5275-4c4a-9f83-1d5b93707c97 @ webpack-internal:///(app-pages-browser)/./lib/chat-transport.ts:165
[ 1392041ms] [LOG] [ChatTransport] WebSocket disconnected 1006  @ webpack-internal:///(app-pages-browser)/./lib/chat-transport.ts:63
[ 1392043ms] [LOG] [ChatTransport] Reconnecting... (1/5) @ webpack-internal:///(app-pages-browser)/./lib/chat-transport.ts:69
[ 1392045ms] [LOG] [ChatTransport] WebSocket disconnected 1006  @ webpack-internal:///(app-pages-browser)/./lib/chat-transport.ts:63
[ 1392045ms] [LOG] [ChatTransport] Reconnecting... (1/5) @ webpack-internal:///(app-pages-browser)/./lib/chat-transport.ts:69
[ 1393533ms] [LOG] [ChatTransport] WebSocket connected @ webpack-internal:///(app-pages-browser)/./lib/chat-transport.ts:29
[ 1393555ms] [LOG] [ChatTransport] WebSocket connected @ webpack-internal:///(app-pages-browser)/./lib/chat-transport.ts:29
[ 1394084ms] [LOG] [ChatTransport] WebSocket disconnected 1006  @ webpack-internal:///(app-pages-browser)/./lib/chat-transport.ts:63
[ 1394085ms] [LOG] [ChatTransport] Reconnecting... (1/5) @ webpack-internal:///(app-pages-browser)/./lib/chat-transport.ts:69
[ 1394086ms] [LOG] [ChatTransport] WebSocket disconnected 1006  @ webpack-internal:///(app-pages-browser)/./lib/chat-transport.ts:63
[ 1394087ms] [LOG] [ChatTransport] Reconnecting... (1/5) @ webpack-internal:///(app-pages-browser)/./lib/chat-transport.ts:69
[ 1397477ms] [ERROR] WebSocket connection to 'ws://localhost:8000/ws/chat' failed: Error in connection establishment: net::ERR_CONNECTION_REFUSED @ webpack-internal:///(app-pages-browser)/./lib/chat-transport.ts:27
[ 1397478ms] [ERROR] [ChatTransport] WebSocket error: Event @ webpack-internal:///(app-pages-browser)/./node_modules/next/dist/next-devtools/userspace/app/errors/intercept-console-error.js:56
[ 1397479ms] [ERROR] Event @ webpack-internal:///(app-pages-browser)/./node_modules/next/dist/next-devtools/userspace/app/errors/intercept-console-error.js:56
[ 1397479ms] [LOG] [ChatTransport] WebSocket disconnected 1006  @ webpack-internal:///(app-pages-browser)/./lib/chat-transport.ts:63
[ 1397479ms] [LOG] [ChatTransport] Reconnecting... (2/5) @ webpack-internal:///(app-pages-browser)/./lib/chat-transport.ts:69
[ 1399506ms] [ERROR] WebSocket connection to 'ws://localhost:8000/ws/chat' failed: Error in connection establishment: net::ERR_CONNECTION_REFUSED @ webpack-internal:///(app-pages-browser)/./lib/chat-transport.ts:27
[ 1399506ms] [ERROR] [ChatTransport] WebSocket error: Event @ webpack-internal:///(app-pages-browser)/./node_modules/next/dist/next-devtools/userspace/app/errors/intercept-console-error.js:56
[ 1399507ms] [ERROR] Event @ webpack-internal:///(app-pages-browser)/./node_modules/next/dist/next-devtools/userspace/app/errors/intercept-console-error.js:56
[ 1399507ms] [LOG] [ChatTransport] WebSocket disconnected 1006  @ webpack-internal:///(app-pages-browser)/./lib/chat-transport.ts:63
[ 1399507ms] [LOG] [ChatTransport] Reconnecting... (2/5) @ webpack-internal:///(app-pages-browser)/./lib/chat-transport.ts:69
[ 1401857ms] [ERROR] WebSocket connection to 'ws://localhost:8000/ws/chat' failed: Error in connection establishment: net::ERR_CONNECTION_REFUSED @ webpack-internal:///(app-pages-browser)/./lib/chat-transport.ts:27
[ 1401858ms] [ERROR] [ChatTransport] WebSocket error: Event @ webpack-internal:///(app-pages-browser)/./node_modules/next/dist/next-devtools/userspace/app/errors/intercept-console-error.js:56
[ 1401859ms] [ERROR] Event @ webpack-internal:///(app-pages-browser)/./node_modules/next/dist/next-devtools/userspace/app/errors/intercept-console-error.js:56
[ 1401859ms] [LOG] [ChatTransport] WebSocket disconnected 1006  @ webpack-internal:///(app-pages-browser)/./lib/chat-transport.ts:63
[ 1401859ms] [LOG] [ChatTransport] Reconnecting... (3/5) @ webpack-internal:///(app-pages-browser)/./lib/chat-transport.ts:69
[ 1403917ms] [ERROR] WebSocket connection to 'ws://localhost:8000/ws/chat' failed: Error in connection establishment: net::ERR_CONNECTION_REFUSED @ webpack-internal:///(app-pages-browser)/./lib/chat-transport.ts:27
[ 1403918ms] [ERROR] [ChatTransport] WebSocket error: Event @ webpack-internal:///(app-pages-browser)/./node_modules/next/dist/next-devtools/userspace/app/errors/intercept-console-error.js:56
[ 1403919ms] [ERROR] Event @ webpack-internal:///(app-pages-browser)/./node_modules/next/dist/next-devtools/userspace/app/errors/intercept-console-error.js:56
[ 1403919ms] [LOG] [ChatTransport] WebSocket disconnected 1006  @ webpack-internal:///(app-pages-browser)/./lib/chat-transport.ts:63
[ 1403919ms] [LOG] [ChatTransport] Reconnecting... (3/5) @ webpack-internal:///(app-pages-browser)/./lib/chat-transport.ts:69
[ 1407221ms] [ERROR] WebSocket connection to 'ws://localhost:8000/ws/chat' failed: Error in connection establishment: net::ERR_CONNECTION_REFUSED @ webpack-internal:///(app-pages-browser)/./lib/chat-transport.ts:27
[ 1407222ms] [ERROR] [ChatTransport] WebSocket error: Event @ webpack-internal:///(app-pages-browser)/./node_modules/next/dist/next-devtools/userspace/app/errors/intercept-console-error.js:56
[ 1407222ms] [ERROR] Event @ webpack-internal:///(app-pages-browser)/./node_modules/next/dist/next-devtools/userspace/app/errors/intercept-console-error.js:56
[ 1407223ms] [LOG] [ChatTransport] WebSocket disconnected 1006  @ webpack-internal:///(app-pages-browser)/./lib/chat-transport.ts:63
[ 1407224ms] [LOG] [ChatTransport] Reconnecting... (4/5) @ webpack-internal:///(app-pages-browser)/./lib/chat-transport.ts:69
[ 1409281ms] [ERROR] WebSocket connection to 'ws://localhost:8000/ws/chat' failed: Error in connection establishment: net::ERR_CONNECTION_REFUSED @ webpack-internal:///(app-pages-browser)/./lib/chat-transport.ts:27
[ 1409283ms] [ERROR] [ChatTransport] WebSocket error: Event @ webpack-internal:///(app-pages-browser)/./node_modules/next/dist/next-devtools/userspace/app/errors/intercept-console-error.js:56
[ 1409284ms] [ERROR] Event @ webpack-internal:///(app-pages-browser)/./node_modules/next/dist/next-devtools/userspace/app/errors/intercept-console-error.js:56
[ 1409284ms] [LOG] [ChatTransport] WebSocket disconnected 1006  @ webpack-internal:///(app-pages-browser)/./lib/chat-transport.ts:63
[ 1409285ms] [LOG] [ChatTransport] Reconnecting... (4/5) @ webpack-internal:///(app-pages-browser)/./lib/chat-transport.ts:69
[ 1413602ms] [ERROR] WebSocket connection to 'ws://localhost:8000/ws/chat' failed: Error in connection establishment: net::ERR_CONNECTION_REFUSED @ webpack-internal:///(app-pages-browser)/./lib/chat-transport.ts:27
[ 1413603ms] [ERROR] [ChatTransport] WebSocket error: Event @ webpack-internal:///(app-pages-browser)/./node_modules/next/dist/next-devtools/userspace/app/errors/intercept-console-error.js:56
[ 1413604ms] [ERROR] Event @ webpack-internal:///(app-pages-browser)/./node_modules/next/dist/next-devtools/userspace/app/errors/intercept-console-error.js:56
[ 1413605ms] [LOG] [ChatTransport] WebSocket disconnected 1006  @ webpack-internal:///(app-pages-browser)/./lib/chat-transport.ts:63
[ 1413606ms] [LOG] [ChatTransport] Reconnecting... (5/5) @ webpack-internal:///(app-pages-browser)/./lib/chat-transport.ts:69
[ 1415646ms] [ERROR] WebSocket connection to 'ws://localhost:8000/ws/chat' failed: Error in connection establishment: net::ERR_CONNECTION_REFUSED @ webpack-internal:///(app-pages-browser)/./lib/chat-transport.ts:27
[ 1415646ms] [ERROR] [ChatTransport] WebSocket error: Event @ webpack-internal:///(app-pages-browser)/./node_modules/next/dist/next-devtools/userspace/app/errors/intercept-console-error.js:56
[ 1415647ms] [ERROR] Event @ webpack-internal:///(app-pages-browser)/./node_modules/next/dist/next-devtools/userspace/app/errors/intercept-console-error.js:56
[ 1415648ms] [LOG] [ChatTransport] WebSocket disconnected 1006  @ webpack-internal:///(app-pages-browser)/./lib/chat-transport.ts:63
[ 1415648ms] [LOG] [ChatTransport] Reconnecting... (5/5) @ webpack-internal:///(app-pages-browser)/./lib/chat-transport.ts:69
[ 1420981ms] [ERROR] WebSocket connection to 'ws://localhost:8000/ws/chat' failed: Error in connection establishment: net::ERR_CONNECTION_REFUSED @ webpack-internal:///(app-pages-browser)/./lib/chat-transport.ts:27
[ 1420982ms] [ERROR] [ChatTransport] WebSocket error: Event @ webpack-internal:///(app-pages-browser)/./node_modules/next/dist/next-devtools/userspace/app/errors/intercept-console-error.js:56
[ 1420982ms] [ERROR] Event @ webpack-internal:///(app-pages-browser)/./node_modules/next/dist/next-devtools/userspace/app/errors/intercept-console-error.js:56
[ 1420983ms] [LOG] [ChatTransport] WebSocket disconnected 1006  @ webpack-internal:///(app-pages-browser)/./lib/chat-transport.ts:63
[ 1423040ms] [ERROR] WebSocket connection to 'ws://localhost:8000/ws/chat' failed: Error in connection establishment: net::ERR_CONNECTION_REFUSED @ webpack-internal:///(app-pages-browser)/./lib/chat-transport.ts:27
[ 1423041ms] [ERROR] [ChatTransport] WebSocket error: Event @ webpack-internal:///(app-pages-browser)/./node_modules/next/dist/next-devtools/userspace/app/errors/intercept-console-error.js:56
[ 1423041ms] [ERROR] Event @ webpack-internal:///(app-pages-browser)/./node_modules/next/dist/next-devtools/userspace/app/errors/intercept-console-error.js:56
[ 1423042ms] [LOG] [ChatTransport] WebSocket disconnected 1006  @ webpack-internal:///(app-pages-browser)/./lib/chat-transport.ts:63
