[     448ms] [INFO] %cDownload the React DevTools for a better development experience: https://react.dev/link/react-devtools font-weight:bold @ webpack-internal:///(app-pages-browser)/./node_modules/next/dist/compiled/react-dom/cjs/react-dom-client.development.js:25630
[    3722ms] [ERROR] Failed to load resource: net::ERR_CONNECTION_RESET @ http://localhost:8000/api/v1/auth/me:0
[    3749ms] [LOG] [Chat] Store conversation changed: c9b60305-5275-4c4a-9f83-1d5b93707c97 @ webpack-internal:///(app-pages-browser)/./app/chat/page.tsx:162
[    3752ms] [WARNING] WebSocket connection to 'ws://localhost:8000/ws/chat' failed: WebSocket is closed before the connection is established. @ webpack-internal:///(app-pages-browser)/./lib/chat-transport.ts:84
[    3754ms] [LOG] [Chat] Store conversation changed: c9b60305-5275-4c4a-9f83-1d5b93707c97 @ webpack-internal:///(app-pages-browser)/./app/chat/page.tsx:162
[    3776ms] [ERROR] [ChatTransport] WebSocket error: Event @ webpack-internal:///(app-pages-browser)/./node_modules/next/dist/next-devtools/userspace/app/errors/intercept-console-error.js:56
[    3777ms] [ERROR] Event @ webpack-internal:///(app-pages-browser)/./node_modules/next/dist/next-devtools/userspace/app/errors/intercept-console-error.js:56
[    3777ms] [LOG] [ChatTransport] WebSocket disconnected 1006  @ webpack-internal:///(app-pages-browser)/./lib/chat-transport.ts:63
[    3777ms] [LOG] [ChatTransport] Reconnecting... (1/5) @ webpack-internal:///(app-pages-browser)/./lib/chat-transport.ts:69
[    6191ms] [LOG] [ChatTransport] WebSocket connected @ webpack-internal:///(app-pages-browser)/./lib/chat-transport.ts:29
[    6196ms] [LOG] [Chat] User initialized: f62f4ec5-1874-4821-97e9-b2c70b35805d @ webpack-internal:///(app-pages-browser)/./app/chat/page.tsx:55
[    6208ms] [LOG] [Chat] User ID set to transport: f62f4ec5-1874-4821-97e9-b2c70b35805d @ webpack-internal:///(app-pages-browser)/./app/chat/page.tsx:98
[    6209ms] [LOG] [ChatTransport] WebSocket connected @ webpack-internal:///(app-pages-browser)/./lib/chat-transport.ts:29
[    6210ms] [LOG] [Chat] User initialized: f62f4ec5-1874-4821-97e9-b2c70b35805d @ webpack-internal:///(app-pages-browser)/./app/chat/page.tsx:55
[    9497ms] [LOG] [ChatTransport] sendMessage called, content: 北京有哪些著名景点？ @ webpack-internal:///(app-pages-browser)/./lib/chat-transport.ts:109
[    9498ms] [LOG] [ChatTransport] isConnected: true ws.readyState: 1 @ webpack-internal:///(app-pages-browser)/./lib/chat-transport.ts:110
[    9498ms] [LOG] [ChatTransport] has_image: false @ webpack-internal:///(app-pages-browser)/./lib/chat-transport.ts:111
[    9498ms] [LOG] [ChatTransport] Sending WebSocket message: msg_1776430301639_ymcra50 北京有哪些著名景点？ @ webpack-internal:///(app-pages-browser)/./lib/chat-transport.ts:126
[    9498ms] [LOG] [ChatTransport] Setting currentResponseHandler @ webpack-internal:///(app-pages-browser)/./lib/chat-transport.ts:179
[    9498ms] [LOG] [ChatTransport] send() called, isConnected: true readyState: 1 @ webpack-internal:///(app-pages-browser)/./lib/chat-transport.ts:97
[    9498ms] [LOG] [ChatTransport] Sending WebSocket data: {"type":"message","session_id":"session_1776430295895_e49c49w","conversation_id":"c9b60305-5275-4c4a-9f83-1d5b93707c97","user_id":"f62f4ec5-1874-4821-97e9-b2c70b35805d","content":"北京有哪些著名景点？","has_image":false} @ webpack-internal:///(app-pages-browser)/./lib/chat-transport.ts:99
[   23550ms] [LOG] [ChatTransport] onmessage triggered, has currentResponseHandler: true @ webpack-internal:///(app-pages-browser)/./lib/chat-transport.ts:41
[   23550ms] [LOG] [ChatTransport] responseHandler called, data: {"type":"stage","content":null,"error":null,"message_id":"8d338756-dff5-4522-9368-df2aa46d4cb3","conversation_id":null,"itinerary":null,"stage":{"name":"1_INTENT","status":"start","label":"🔍 意图识别","message":"正在分析您的需求..."}} @ webpack-internal:///(app-pages-browser)/./lib/chat-transport.ts:137
[   23550ms] [LOG] [ChatTransport] Stage update: {name: 1_INTENT, status: start, label: 🔍 意图识别, message: 正在分析您的需求...} @ webpack-internal:///(app-pages-browser)/./lib/chat-transport.ts:147
[   28111ms] [LOG] [ChatTransport] onmessage triggered, has currentResponseHandler: true @ webpack-internal:///(app-pages-browser)/./lib/chat-transport.ts:41
[   28111ms] [LOG] [ChatTransport] responseHandler called, data: {"type":"stage","content":null,"error":null,"message_id":"8d338756-dff5-4522-9368-df2aa46d4cb3","conversation_id":null,"itinerary":null,"stage":{"name":"1_INTENT","status":"end","label":"🔍 意图识别","message":"正在分析您的需求..."}} @ webpack-internal:///(app-pages-browser)/./lib/chat-transport.ts:137
[   28111ms] [LOG] [ChatTransport] Stage update: {name: 1_INTENT, status: end, label: 🔍 意图识别, message: 正在分析您的需求...} @ webpack-internal:///(app-pages-browser)/./lib/chat-transport.ts:147
[   28121ms] [LOG] [ChatTransport] onmessage triggered, has currentResponseHandler: true @ webpack-internal:///(app-pages-browser)/./lib/chat-transport.ts:41
[   28122ms] [LOG] [ChatTransport] responseHandler called, data: {"type":"stage","content":null,"error":null,"message_id":"8d338756-dff5-4522-9368-df2aa46d4cb3","conversation_id":null,"itinerary":null,"stage":{"name":"2_STORAGE","status":"start","label":"📚 加载历史","message":"正在加载对话历史..."}} @ webpack-internal:///(app-pages-browser)/./lib/chat-transport.ts:137
[   28122ms] [LOG] [ChatTransport] Stage update: {name: 2_STORAGE, status: start, label: 📚 加载历史, message: 正在加载对话历史...} @ webpack-internal:///(app-pages-browser)/./lib/chat-transport.ts:147
[   28138ms] [LOG] [ChatTransport] onmessage triggered, has currentResponseHandler: true @ webpack-internal:///(app-pages-browser)/./lib/chat-transport.ts:41
[   28139ms] [LOG] [ChatTransport] responseHandler called, data: {"type":"stage","content":null,"error":null,"message_id":"8d338756-dff5-4522-9368-df2aa46d4cb3","conversation_id":null,"itinerary":null,"stage":{"name":"2_STORAGE","status":"end","label":"📚 加载历史","message":"正在加载对话历史..."}} @ webpack-internal:///(app-pages-browser)/./lib/chat-transport.ts:137
[   28139ms] [LOG] [ChatTransport] Stage update: {name: 2_STORAGE, status: end, label: 📚 加载历史, message: 正在加载对话历史...} @ webpack-internal:///(app-pages-browser)/./lib/chat-transport.ts:147
[   28139ms] [LOG] [ChatTransport] onmessage triggered, has currentResponseHandler: true @ webpack-internal:///(app-pages-browser)/./lib/chat-transport.ts:41
[   28139ms] [LOG] [ChatTransport] responseHandler called, data: {"type":"stage","content":null,"error":null,"message_id":"8d338756-dff5-4522-9368-df2aa46d4cb3","conversation_id":null,"itinerary":null,"stage":{"name":"3_CTX_CLEAN","status":"start","label":"🧹 上下文清理","message":"正在整理上下文信息..."}} @ webpack-internal:///(app-pages-browser)/./lib/chat-transport.ts:137
[   28139ms] [LOG] [ChatTransport] Stage update: {name: 3_CTX_CLEAN, status: start, label: 🧹 上下文清理, message: 正在整理上下文信息...} @ webpack-internal:///(app-pages-browser)/./lib/chat-transport.ts:147
[   28140ms] [LOG] [ChatTransport] onmessage triggered, has currentResponseHandler: true @ webpack-internal:///(app-pages-browser)/./lib/chat-transport.ts:41
[   28140ms] [LOG] [ChatTransport] responseHandler called, data: {"type":"stage","content":null,"error":null,"message_id":"8d338756-dff5-4522-9368-df2aa46d4cb3","conversation_id":null,"itinerary":null,"stage":{"name":"3_CTX_CLEAN","status":"skip","label":"🧹 上下文清理","message":"正在整理上下文信息..."}} @ webpack-internal:///(app-pages-browser)/./lib/chat-transport.ts:137
[   28140ms] [LOG] [ChatTransport] Stage update: {name: 3_CTX_CLEAN, status: skip, label: 🧹 上下文清理, message: 正在整理上下文信息...} @ webpack-internal:///(app-pages-browser)/./lib/chat-transport.ts:147
[   28141ms] [LOG] [ChatTransport] onmessage triggered, has currentResponseHandler: true @ webpack-internal:///(app-pages-browser)/./lib/chat-transport.ts:41
[   28141ms] [LOG] [ChatTransport] responseHandler called, data: {"type":"stage","content":null,"error":null,"message_id":"8d338756-dff5-4522-9368-df2aa46d4cb3","conversation_id":null,"itinerary":null,"stage":{"name":"4_TOOLS","status":"start","label":"🔧 工具调用","message":"正在获取实时数据..."}} @ webpack-internal:///(app-pages-browser)/./lib/chat-transport.ts:137
[   28141ms] [LOG] [ChatTransport] Stage update: {name: 4_TOOLS, status: start, label: 🔧 工具调用, message: 正在获取实时数据...} @ webpack-internal:///(app-pages-browser)/./lib/chat-transport.ts:147
[   47674ms] [LOG] [ChatTransport] onmessage triggered, has currentResponseHandler: true @ webpack-internal:///(app-pages-browser)/./lib/chat-transport.ts:41
[   47674ms] [LOG] [ChatTransport] responseHandler called, data: {"type":"stage","content":null,"error":null,"message_id":"8d338756-dff5-4522-9368-df2aa46d4cb3","conversation_id":null,"itinerary":null,"stage":{"name":"4_TOOLS","status":"end","label":"🔧 工具调用","message":"正在获取实时数据..."}} @ webpack-internal:///(app-pages-browser)/./lib/chat-transport.ts:137
[   47674ms] [LOG] [ChatTransport] Stage update: {name: 4_TOOLS, status: end, label: 🔧 工具调用, message: 正在获取实时数据...} @ webpack-internal:///(app-pages-browser)/./lib/chat-transport.ts:147
[   47683ms] [LOG] [ChatTransport] onmessage triggered, has currentResponseHandler: true @ webpack-internal:///(app-pages-browser)/./lib/chat-transport.ts:41
[   47683ms] [LOG] [ChatTransport] responseHandler called, data: {"type":"stage","content":null,"error":null,"message_id":"8d338756-dff5-4522-9368-df2aa46d4cb3","conversation_id":null,"itinerary":null,"stage":{"name":"5_CONTEXT","status":"start","label":"🔗 整合信息","message":"正在整合相关信息..."}} @ webpack-internal:///(app-pages-browser)/./lib/chat-transport.ts:137
[   47683ms] [LOG] [ChatTransport] Stage update: {name: 5_CONTEXT, status: start, label: 🔗 整合信息, message: 正在整合相关信息...} @ webpack-internal:///(app-pages-browser)/./lib/chat-transport.ts:147
[   48468ms] [LOG] [ChatTransport] onmessage triggered, has currentResponseHandler: true @ webpack-internal:///(app-pages-browser)/./lib/chat-transport.ts:41
[   48468ms] [LOG] [ChatTransport] responseHandler called, data: {"type":"stage","content":null,"error":null,"message_id":"8d338756-dff5-4522-9368-df2aa46d4cb3","conversation_id":null,"itinerary":null,"stage":{"name":"5_CONTEXT","status":"end","label":"🔗 整合信息","message":"正在整合相关信息..."}} @ webpack-internal:///(app-pages-browser)/./lib/chat-transport.ts:137
[   48468ms] [LOG] [ChatTransport] Stage update: {name: 5_CONTEXT, status: end, label: 🔗 整合信息, message: 正在整合相关信息...} @ webpack-internal:///(app-pages-browser)/./lib/chat-transport.ts:147
[   48478ms] [LOG] [ChatTransport] onmessage triggered, has currentResponseHandler: true @ webpack-internal:///(app-pages-browser)/./lib/chat-transport.ts:41
[   48478ms] [LOG] [ChatTransport] responseHandler called, data: {"type":"stage","content":null,"error":null,"message_id":"8d338756-dff5-4522-9368-df2aa46d4cb3","conversation_id":null,"itinerary":null,"stage":{"name":"6_LLM","status":"start","label":"✨ 生成回复","message":"正在生成回复内容..."}} @ webpack-internal:///(app-pages-browser)/./lib/chat-transport.ts:137
[   48478ms] [LOG] [ChatTransport] Stage update: {name: 6_LLM, status: start, label: ✨ 生成回复, message: 正在生成回复内容...} @ webpack-internal:///(app-pages-browser)/./lib/chat-transport.ts:147
[   50880ms] [LOG] [ChatTransport] onmessage triggered, has currentResponseHandler: true @ webpack-internal:///(app-pages-browser)/./lib/chat-transport.ts:41
[   50880ms] [LOG] [ChatTransport] responseHandler called, data: {"type":"delta","content":"根据","error":null,"message_id":"8d338756-dff5-4522-9368-df2aa46d4cb3","conversation_id":null,"itinerary":null,"stage":null} @ webpack-internal:///(app-pages-browser)/./lib/chat-transport.ts:137
[   51090ms] [LOG] [ChatTransport] onmessage triggered, has currentResponseHandler: true @ webpack-internal:///(app-pages-browser)/./lib/chat-transport.ts:41
[   51090ms] [LOG] [ChatTransport] responseHandler called, data: {"type":"delta","content":"查询","error":null,"message_id":"8d338756-dff5-4522-9368-df2aa46d4cb3","conversation_id":null,"itinerary":null,"stage":null} @ webpack-internal:///(app-pages-browser)/./lib/chat-transport.ts:137
[   51098ms] [LOG] [ChatTransport] onmessage triggered, has currentResponseHandler: true @ webpack-internal:///(app-pages-browser)/./lib/chat-transport.ts:41
[   51098ms] [LOG] [ChatTransport] responseHandler called, data: {"type":"delta","content":"结果","error":null,"message_id":"8d338756-dff5-4522-9368-df2aa46d4cb3","conversation_id":null,"itinerary":null,"stage":null} @ webpack-internal:///(app-pages-browser)/./lib/chat-transport.ts:137
[   51107ms] [LOG] [ChatTransport] onmessage triggered, has currentResponseHandler: true @ webpack-internal:///(app-pages-browser)/./lib/chat-transport.ts:41
[   51107ms] [LOG] [ChatTransport] responseHandler called, data: {"type":"delta","content":"，","error":null,"message_id":"8d338756-dff5-4522-9368-df2aa46d4cb3","conversation_id":null,"itinerary":null,"stage":null} @ webpack-internal:///(app-pages-browser)/./lib/chat-transport.ts:137
[   51167ms] [LOG] [ChatTransport] onmessage triggered, has currentResponseHandler: true @ webpack-internal:///(app-pages-browser)/./lib/chat-transport.ts:41
[   51167ms] [LOG] [ChatTransport] responseHandler called, data: {"type":"delta","content":"我","error":null,"message_id":"8d338756-dff5-4522-9368-df2aa46d4cb3","conversation_id":null,"itinerary":null,"stage":null} @ webpack-internal:///(app-pages-browser)/./lib/chat-transport.ts:137
[   51173ms] [LOG] [ChatTransport] onmessage triggered, has currentResponseHandler: true @ webpack-internal:///(app-pages-browser)/./lib/chat-transport.ts:41
[   51173ms] [LOG] [ChatTransport] responseHandler called, data: {"type":"delta","content":"为您","error":null,"message_id":"8d338756-dff5-4522-9368-df2aa46d4cb3","conversation_id":null,"itinerary":null,"stage":null} @ webpack-internal:///(app-pages-browser)/./lib/chat-transport.ts:137
[   51250ms] [LOG] [ChatTransport] onmessage triggered, has currentResponseHandler: true @ webpack-internal:///(app-pages-browser)/./lib/chat-transport.ts:41
[   51251ms] [LOG] [ChatTransport] responseHandler called, data: {"type":"delta","content":"整理了","error":null,"message_id":"8d338756-dff5-4522-9368-df2aa46d4cb3","conversation_id":null,"itinerary":null,"stage":null} @ webpack-internal:///(app-pages-browser)/./lib/chat-transport.ts:137
[   51260ms] [LOG] [ChatTransport] onmessage triggered, has currentResponseHandler: true @ webpack-internal:///(app-pages-browser)/./lib/chat-transport.ts:41
[   51260ms] [LOG] [ChatTransport] responseHandler called, data: {"type":"delta","content":"北京","error":null,"message_id":"8d338756-dff5-4522-9368-df2aa46d4cb3","conversation_id":null,"itinerary":null,"stage":null} @ webpack-internal:///(app-pages-browser)/./lib/chat-transport.ts:137
[   51268ms] [LOG] [ChatTransport] onmessage triggered, has currentResponseHandler: true @ webpack-internal:///(app-pages-browser)/./lib/chat-transport.ts:41
[   51269ms] [LOG] [ChatTransport] responseHandler called, data: {"type":"delta","content":"的一些","error":null,"message_id":"8d338756-dff5-4522-9368-df2aa46d4cb3","conversation_id":null,"itinerary":null,"stage":null} @ webpack-internal:///(app-pages-browser)/./lib/chat-transport.ts:137
[   51325ms] [LOG] [ChatTransport] onmessage triggered, has currentResponseHandler: true @ webpack-internal:///(app-pages-browser)/./lib/chat-transport.ts:41
[   51325ms] [LOG] [ChatTransport] responseHandler called, data: {"type":"delta","content":"著名","error":null,"message_id":"8d338756-dff5-4522-9368-df2aa46d4cb3","conversation_id":null,"itinerary":null,"stage":null} @ webpack-internal:///(app-pages-browser)/./lib/chat-transport.ts:137
[   51332ms] [LOG] [ChatTransport] onmessage triggered, has currentResponseHandler: true @ webpack-internal:///(app-pages-browser)/./lib/chat-transport.ts:41
[   51333ms] [LOG] [ChatTransport] responseHandler called, data: {"type":"delta","content":"景点","error":null,"message_id":"8d338756-dff5-4522-9368-df2aa46d4cb3","conversation_id":null,"itinerary":null,"stage":null} @ webpack-internal:///(app-pages-browser)/./lib/chat-transport.ts:137
[   51403ms] [LOG] [ChatTransport] onmessage triggered, has currentResponseHandler: true @ webpack-internal:///(app-pages-browser)/./lib/chat-transport.ts:41
[   51403ms] [LOG] [ChatTransport] responseHandler called, data: {"type":"delta","content":"：\n\n","error":null,"message_id":"8d338756-dff5-4522-9368-df2aa46d4cb3","conversation_id":null,"itinerary":null,"stage":null} @ webpack-internal:///(app-pages-browser)/./lib/chat-transport.ts:137
[   51409ms] [LOG] [ChatTransport] onmessage triggered, has currentResponseHandler: true @ webpack-internal:///(app-pages-browser)/./lib/chat-transport.ts:41
[   51409ms] [LOG] [ChatTransport] responseHandler called, data: {"type":"delta","content":"**","error":null,"message_id":"8d338756-dff5-4522-9368-df2aa46d4cb3","conversation_id":null,"itinerary":null,"stage":null} @ webpack-internal:///(app-pages-browser)/./lib/chat-transport.ts:137
[   51442ms] [LOG] [ChatTransport] onmessage triggered, has currentResponseHandler: true @ webpack-internal:///(app-pages-browser)/./lib/chat-transport.ts:41
[   51442ms] [LOG] [ChatTransport] responseHandler called, data: {"type":"delta","content":"核心","error":null,"message_id":"8d338756-dff5-4522-9368-df2aa46d4cb3","conversation_id":null,"itinerary":null,"stage":null} @ webpack-internal:///(app-pages-browser)/./lib/chat-transport.ts:137
[   51502ms] [LOG] [ChatTransport] onmessage triggered, has currentResponseHandler: true @ webpack-internal:///(app-pages-browser)/./lib/chat-transport.ts:41
[   51502ms] [LOG] [ChatTransport] responseHandler called, data: {"type":"delta","content":"历史","error":null,"message_id":"8d338756-dff5-4522-9368-df2aa46d4cb3","conversation_id":null,"itinerary":null,"stage":null} @ webpack-internal:///(app-pages-browser)/./lib/chat-transport.ts:137
[   51513ms] [LOG] [ChatTransport] onmessage triggered, has currentResponseHandler: true @ webpack-internal:///(app-pages-browser)/./lib/chat-transport.ts:41
[   51513ms] [LOG] [ChatTransport] responseHandler called, data: {"type":"delta","content":"景点","error":null,"message_id":"8d338756-dff5-4522-9368-df2aa46d4cb3","conversation_id":null,"itinerary":null,"stage":null} @ webpack-internal:///(app-pages-browser)/./lib/chat-transport.ts:137
[   51826ms] [LOG] [ChatTransport] onmessage triggered, has currentResponseHandler: true @ webpack-internal:///(app-pages-browser)/./lib/chat-transport.ts:41
[   51827ms] [LOG] [ChatTransport] responseHandler called, data: {"type":"delta","content":"：","error":null,"message_id":"8d338756-dff5-4522-9368-df2aa46d4cb3","conversation_id":null,"itinerary":null,"stage":null} @ webpack-internal:///(app-pages-browser)/./lib/chat-transport.ts:137
[   51834ms] [LOG] [ChatTransport] onmessage triggered, has currentResponseHandler: true @ webpack-internal:///(app-pages-browser)/./lib/chat-transport.ts:41
[   51835ms] [LOG] [ChatTransport] responseHandler called, data: {"type":"delta","content":"**\n","error":null,"message_id":"8d338756-dff5-4522-9368-df2aa46d4cb3","conversation_id":null,"itinerary":null,"stage":null} @ webpack-internal:///(app-pages-browser)/./lib/chat-transport.ts:137
[   51842ms] [LOG] [ChatTransport] onmessage triggered, has currentResponseHandler: true @ webpack-internal:///(app-pages-browser)/./lib/chat-transport.ts:41
[   51842ms] [LOG] [ChatTransport] responseHandler called, data: {"type":"delta","content":"1","error":null,"message_id":"8d338756-dff5-4522-9368-df2aa46d4cb3","conversation_id":null,"itinerary":null,"stage":null} @ webpack-internal:///(app-pages-browser)/./lib/chat-transport.ts:137
[   51842ms] [LOG] [ChatTransport] onmessage triggered, has currentResponseHandler: true @ webpack-internal:///(app-pages-browser)/./lib/chat-transport.ts:41
[   51842ms] [LOG] [ChatTransport] responseHandler called, data: {"type":"delta","content":".","error":null,"message_id":"8d338756-dff5-4522-9368-df2aa46d4cb3","conversation_id":null,"itinerary":null,"stage":null} @ webpack-internal:///(app-pages-browser)/./lib/chat-transport.ts:137
[   51842ms] [LOG] [ChatTransport] onmessage triggered, has currentResponseHandler: true @ webpack-internal:///(app-pages-browser)/./lib/chat-transport.ts:41
[   51842ms] [LOG] [ChatTransport] responseHandler called, data: {"type":"delta","content":" **","error":null,"message_id":"8d338756-dff5-4522-9368-df2aa46d4cb3","conversation_id":null,"itinerary":null,"stage":null} @ webpack-internal:///(app-pages-browser)/./lib/chat-transport.ts:137
[   51842ms] [LOG] [ChatTransport] onmessage triggered, has currentResponseHandler: true @ webpack-internal:///(app-pages-browser)/./lib/chat-transport.ts:41
[   51842ms] [LOG] [ChatTransport] responseHandler called, data: {"type":"delta","content":"天","error":null,"message_id":"8d338756-dff5-4522-9368-df2aa46d4cb3","conversation_id":null,"itinerary":null,"stage":null} @ webpack-internal:///(app-pages-browser)/./lib/chat-transport.ts:137
[   51842ms] [LOG] [ChatTransport] onmessage triggered, has currentResponseHandler: true @ webpack-internal:///(app-pages-browser)/./lib/chat-transport.ts:41
[   51842ms] [LOG] [ChatTransport] responseHandler called, data: {"type":"delta","content":"安门","error":null,"message_id":"8d338756-dff5-4522-9368-df2aa46d4cb3","conversation_id":null,"itinerary":null,"stage":null} @ webpack-internal:///(app-pages-browser)/./lib/chat-transport.ts:137
[   51842ms] [LOG] [ChatTransport] onmessage triggered, has currentResponseHandler: true @ webpack-internal:///(app-pages-browser)/./lib/chat-transport.ts:41
[   51842ms] [LOG] [ChatTransport] responseHandler called, data: {"type":"delta","content":"广场","error":null,"message_id":"8d338756-dff5-4522-9368-df2aa46d4cb3","conversation_id":null,"itinerary":null,"stage":null} @ webpack-internal:///(app-pages-browser)/./lib/chat-transport.ts:137
[   51842ms] [LOG] [ChatTransport] onmessage triggered, has currentResponseHandler: true @ webpack-internal:///(app-pages-browser)/./lib/chat-transport.ts:41
[   51842ms] [LOG] [ChatTransport] responseHandler called, data: {"type":"delta","content":"**","error":null,"message_id":"8d338756-dff5-4522-9368-df2aa46d4cb3","conversation_id":null,"itinerary":null,"stage":null} @ webpack-internal:///(app-pages-browser)/./lib/chat-transport.ts:137
[   51842ms] [LOG] [ChatTransport] onmessage triggered, has currentResponseHandler: true @ webpack-internal:///(app-pages-browser)/./lib/chat-transport.ts:41
[   51842ms] [LOG] [ChatTransport] responseHandler called, data: {"type":"delta","content":" -","error":null,"message_id":"8d338756-dff5-4522-9368-df2aa46d4cb3","conversation_id":null,"itinerary":null,"stage":null} @ webpack-internal:///(app-pages-browser)/./lib/chat-transport.ts:137
[   51873ms] [LOG] [ChatTransport] onmessage triggered, has currentResponseHandler: true @ webpack-internal:///(app-pages-browser)/./lib/chat-transport.ts:41
[   51873ms] [LOG] [ChatTransport] responseHandler called, data: {"type":"delta","content":" ","error":null,"message_id":"8d338756-dff5-4522-9368-df2aa46d4cb3","conversation_id":null,"itinerary":null,"stage":null} @ webpack-internal:///(app-pages-browser)/./lib/chat-transport.ts:137
[   51881ms] [LOG] [ChatTransport] onmessage triggered, has currentResponseHandler: true @ webpack-internal:///(app-pages-browser)/./lib/chat-transport.ts:41
[   51881ms] [LOG] [ChatTransport] responseHandler called, data: {"type":"delta","content":"世界上","error":null,"message_id":"8d338756-dff5-4522-9368-df2aa46d4cb3","conversation_id":null,"itinerary":null,"stage":null} @ webpack-internal:///(app-pages-browser)/./lib/chat-transport.ts:137
[   51934ms] [LOG] [ChatTransport] onmessage triggered, has currentResponseHandler: true @ webpack-internal:///(app-pages-browser)/./lib/chat-transport.ts:41
[   51934ms] [LOG] [ChatTransport] responseHandler called, data: {"type":"delta","content":"最大的","error":null,"message_id":"8d338756-dff5-4522-9368-df2aa46d4cb3","conversation_id":null,"itinerary":null,"stage":null} @ webpack-internal:///(app-pages-browser)/./lib/chat-transport.ts:137
[   51942ms] [LOG] [ChatTransport] onmessage triggered, has currentResponseHandler: true @ webpack-internal:///(app-pages-browser)/./lib/chat-transport.ts:41
[   51942ms] [LOG] [ChatTransport] responseHandler called, data: {"type":"delta","content":"城市","error":null,"message_id":"8d338756-dff5-4522-9368-df2aa46d4cb3","conversation_id":null,"itinerary":null,"stage":null} @ webpack-internal:///(app-pages-browser)/./lib/chat-transport.ts:137
[   51999ms] [LOG] [ChatTransport] onmessage triggered, has currentResponseHandler: true @ webpack-internal:///(app-pages-browser)/./lib/chat-transport.ts:41
[   51999ms] [LOG] [ChatTransport] responseHandler called, data: {"type":"delta","content":"广场","error":null,"message_id":"8d338756-dff5-4522-9368-df2aa46d4cb3","conversation_id":null,"itinerary":null,"stage":null} @ webpack-internal:///(app-pages-browser)/./lib/chat-transport.ts:137
[   52008ms] [LOG] [ChatTransport] onmessage triggered, has currentResponseHandler: true @ webpack-internal:///(app-pages-browser)/./lib/chat-transport.ts:41
[   52008ms] [LOG] [ChatTransport] responseHandler called, data: {"type":"delta","content":"，","error":null,"message_id":"8d338756-dff5-4522-9368-df2aa46d4cb3","conversation_id":null,"itinerary":null,"stage":null} @ webpack-internal:///(app-pages-browser)/./lib/chat-transport.ts:137
[   52076ms] [LOG] [ChatTransport] onmessage triggered, has currentResponseHandler: true @ webpack-internal:///(app-pages-browser)/./lib/chat-transport.ts:41
[   52076ms] [LOG] [ChatTransport] responseHandler called, data: {"type":"delta","content":"中国的","error":null,"message_id":"8d338756-dff5-4522-9368-df2aa46d4cb3","conversation_id":null,"itinerary":null,"stage":null} @ webpack-internal:///(app-pages-browser)/./lib/chat-transport.ts:137
[   52123ms] [LOG] [ChatTransport] onmessage triggered, has currentResponseHandler: true @ webpack-internal:///(app-pages-browser)/./lib/chat-transport.ts:41
[   52123ms] [LOG] [ChatTransport] responseHandler called, data: {"type":"delta","content":"象征","error":null,"message_id":"8d338756-dff5-4522-9368-df2aa46d4cb3","conversation_id":null,"itinerary":null,"stage":null} @ webpack-internal:///(app-pages-browser)/./lib/chat-transport.ts:137
[   52134ms] [LOG] [ChatTransport] onmessage triggered, has currentResponseHandler: true @ webpack-internal:///(app-pages-browser)/./lib/chat-transport.ts:41
[   52134ms] [LOG] [ChatTransport] responseHandler called, data: {"type":"delta","content":"\n","error":null,"message_id":"8d338756-dff5-4522-9368-df2aa46d4cb3","conversation_id":null,"itinerary":null,"stage":null} @ webpack-internal:///(app-pages-browser)/./lib/chat-transport.ts:137
[   52184ms] [LOG] [ChatTransport] onmessage triggered, has currentResponseHandler: true @ webpack-internal:///(app-pages-browser)/./lib/chat-transport.ts:41
[   52184ms] [LOG] [ChatTransport] responseHandler called, data: {"type":"delta","content":"2","error":null,"message_id":"8d338756-dff5-4522-9368-df2aa46d4cb3","conversation_id":null,"itinerary":null,"stage":null} @ webpack-internal:///(app-pages-browser)/./lib/chat-transport.ts:137
[   52195ms] [LOG] [ChatTransport] onmessage triggered, has currentResponseHandler: true @ webpack-internal:///(app-pages-browser)/./lib/chat-transport.ts:41
[   52195ms] [LOG] [ChatTransport] responseHandler called, data: {"type":"delta","content":".","error":null,"message_id":"8d338756-dff5-4522-9368-df2aa46d4cb3","conversation_id":null,"itinerary":null,"stage":null} @ webpack-internal:///(app-pages-browser)/./lib/chat-transport.ts:137
[   52250ms] [LOG] [ChatTransport] onmessage triggered, has currentResponseHandler: true @ webpack-internal:///(app-pages-browser)/./lib/chat-transport.ts:41
[   52250ms] [LOG] [ChatTransport] responseHandler called, data: {"type":"delta","content":" **","error":null,"message_id":"8d338756-dff5-4522-9368-df2aa46d4cb3","conversation_id":null,"itinerary":null,"stage":null} @ webpack-internal:///(app-pages-browser)/./lib/chat-transport.ts:137
[   52263ms] [LOG] [ChatTransport] onmessage triggered, has currentResponseHandler: true @ webpack-internal:///(app-pages-browser)/./lib/chat-transport.ts:41
[   52263ms] [LOG] [ChatTransport] responseHandler called, data: {"type":"delta","content":"天","error":null,"message_id":"8d338756-dff5-4522-9368-df2aa46d4cb3","conversation_id":null,"itinerary":null,"stage":null} @ webpack-internal:///(app-pages-browser)/./lib/chat-transport.ts:137
[   52316ms] [LOG] [ChatTransport] onmessage triggered, has currentResponseHandler: true @ webpack-internal:///(app-pages-browser)/./lib/chat-transport.ts:41
[   52316ms] [LOG] [ChatTransport] responseHandler called, data: {"type":"delta","content":"安门","error":null,"message_id":"8d338756-dff5-4522-9368-df2aa46d4cb3","conversation_id":null,"itinerary":null,"stage":null} @ webpack-internal:///(app-pages-browser)/./lib/chat-transport.ts:137
[   52324ms] [LOG] [ChatTransport] onmessage triggered, has currentResponseHandler: true @ webpack-internal:///(app-pages-browser)/./lib/chat-transport.ts:41
[   52324ms] [LOG] [ChatTransport] responseHandler called, data: {"type":"delta","content":"城","error":null,"message_id":"8d338756-dff5-4522-9368-df2aa46d4cb3","conversation_id":null,"itinerary":null,"stage":null} @ webpack-internal:///(app-pages-browser)/./lib/chat-transport.ts:137
[   52386ms] [LOG] [ChatTransport] onmessage triggered, has currentResponseHandler: true @ webpack-internal:///(app-pages-browser)/./lib/chat-transport.ts:41
[   52387ms] [LOG] [ChatTransport] responseHandler called, data: {"type":"delta","content":"楼","error":null,"message_id":"8d338756-dff5-4522-9368-df2aa46d4cb3","conversation_id":null,"itinerary":null,"stage":null} @ webpack-internal:///(app-pages-browser)/./lib/chat-transport.ts:137
[   52394ms] [LOG] [ChatTransport] onmessage triggered, has currentResponseHandler: true @ webpack-internal:///(app-pages-browser)/./lib/chat-transport.ts:41
[   52394ms] [LOG] [ChatTransport] responseHandler called, data: {"type":"delta","content":"**","error":null,"message_id":"8d338756-dff5-4522-9368-df2aa46d4cb3","conversation_id":null,"itinerary":null,"stage":null} @ webpack-internal:///(app-pages-browser)/./lib/chat-transport.ts:137
[   52443ms] [LOG] [ChatTransport] onmessage triggered, has currentResponseHandler: true @ webpack-internal:///(app-pages-browser)/./lib/chat-transport.ts:41
[   52444ms] [LOG] [ChatTransport] responseHandler called, data: {"type":"delta","content":" -","error":null,"message_id":"8d338756-dff5-4522-9368-df2aa46d4cb3","conversation_id":null,"itinerary":null,"stage":null} @ webpack-internal:///(app-pages-browser)/./lib/chat-transport.ts:137
[   52456ms] [LOG] [ChatTransport] onmessage triggered, has currentResponseHandler: true @ webpack-internal:///(app-pages-browser)/./lib/chat-transport.ts:41
[   52456ms] [LOG] [ChatTransport] responseHandler called, data: {"type":"delta","content":" ","error":null,"message_id":"8d338756-dff5-4522-9368-df2aa46d4cb3","conversation_id":null,"itinerary":null,"stage":null} @ webpack-internal:///(app-pages-browser)/./lib/chat-transport.ts:137
[   52500ms] [LOG] [ChatTransport] onmessage triggered, has currentResponseHandler: true @ webpack-internal:///(app-pages-browser)/./lib/chat-transport.ts:41
[   52500ms] [LOG] [ChatTransport] responseHandler called, data: {"type":"delta","content":"重要的","error":null,"message_id":"8d338756-dff5-4522-9368-df2aa46d4cb3","conversation_id":null,"itinerary":null,"stage":null} @ webpack-internal:///(app-pages-browser)/./lib/chat-transport.ts:137
[   52571ms] [LOG] [ChatTransport] onmessage triggered, has currentResponseHandler: true @ webpack-internal:///(app-pages-browser)/./lib/chat-transport.ts:41
[   52571ms] [LOG] [ChatTransport] responseHandler called, data: {"type":"delta","content":"历史","error":null,"message_id":"8d338756-dff5-4522-9368-df2aa46d4cb3","conversation_id":null,"itinerary":null,"stage":null} @ webpack-internal:///(app-pages-browser)/./lib/chat-transport.ts:137
[   52580ms] [LOG] [ChatTransport] onmessage triggered, has currentResponseHandler: true @ webpack-internal:///(app-pages-browser)/./lib/chat-transport.ts:41
[   52580ms] [LOG] [ChatTransport] responseHandler called, data: {"type":"delta","content":"建筑","error":null,"message_id":"8d338756-dff5-4522-9368-df2aa46d4cb3","conversation_id":null,"itinerary":null,"stage":null} @ webpack-internal:///(app-pages-browser)/./lib/chat-transport.ts:137
[   52631ms] [LOG] [ChatTransport] onmessage triggered, has currentResponseHandler: true @ webpack-internal:///(app-pages-browser)/./lib/chat-transport.ts:41
[   52631ms] [LOG] [ChatTransport] responseHandler called, data: {"type":"delta","content":"，","error":null,"message_id":"8d338756-dff5-4522-9368-df2aa46d4cb3","conversation_id":null,"itinerary":null,"stage":null} @ webpack-internal:///(app-pages-browser)/./lib/chat-transport.ts:137
[   52642ms] [LOG] [ChatTransport] onmessage triggered, has currentResponseHandler: true @ webpack-internal:///(app-pages-browser)/./lib/chat-transport.ts:41
[   52642ms] [LOG] [ChatTransport] responseHandler called, data: {"type":"delta","content":"可","error":null,"message_id":"8d338756-dff5-4522-9368-df2aa46d4cb3","conversation_id":null,"itinerary":null,"stage":null} @ webpack-internal:///(app-pages-browser)/./lib/chat-transport.ts:137
[   52711ms] [LOG] [ChatTransport] onmessage triggered, has currentResponseHandler: true @ webpack-internal:///(app-pages-browser)/./lib/chat-transport.ts:41
[   52711ms] [LOG] [ChatTransport] responseHandler called, data: {"type":"delta","content":"登","error":null,"message_id":"8d338756-dff5-4522-9368-df2aa46d4cb3","conversation_id":null,"itinerary":null,"stage":null} @ webpack-internal:///(app-pages-browser)/./lib/chat-transport.ts:137
[   52741ms] [LOG] [ChatTransport] onmessage triggered, has currentResponseHandler: true @ webpack-internal:///(app-pages-browser)/./lib/chat-transport.ts:41
[   52741ms] [LOG] [ChatTransport] responseHandler called, data: {"type":"delta","content":"楼","error":null,"message_id":"8d338756-dff5-4522-9368-df2aa46d4cb3","conversation_id":null,"itinerary":null,"stage":null} @ webpack-internal:///(app-pages-browser)/./lib/chat-transport.ts:137
[   52749ms] [LOG] [ChatTransport] onmessage triggered, has currentResponseHandler: true @ webpack-internal:///(app-pages-browser)/./lib/chat-transport.ts:41
[   52749ms] [LOG] [ChatTransport] responseHandler called, data: {"type":"delta","content":"俯瞰","error":null,"message_id":"8d338756-dff5-4522-9368-df2aa46d4cb3","conversation_id":null,"itinerary":null,"stage":null} @ webpack-internal:///(app-pages-browser)/./lib/chat-transport.ts:137
[   52825ms] [LOG] [ChatTransport] onmessage triggered, has currentResponseHandler: true @ webpack-internal:///(app-pages-browser)/./lib/chat-transport.ts:41
[   52825ms] [LOG] [ChatTransport] responseHandler called, data: {"type":"delta","content":"广场","error":null,"message_id":"8d338756-dff5-4522-9368-df2aa46d4cb3","conversation_id":null,"itinerary":null,"stage":null} @ webpack-internal:///(app-pages-browser)/./lib/chat-transport.ts:137
[   52869ms] [LOG] [ChatTransport] onmessage triggered, has currentResponseHandler: true @ webpack-internal:///(app-pages-browser)/./lib/chat-transport.ts:41
[   52869ms] [LOG] [ChatTransport] responseHandler called, data: {"type":"delta","content":"\n","error":null,"message_id":"8d338756-dff5-4522-9368-df2aa46d4cb3","conversation_id":null,"itinerary":null,"stage":null} @ webpack-internal:///(app-pages-browser)/./lib/chat-transport.ts:137
[   52872ms] [LOG] [ChatTransport] onmessage triggered, has currentResponseHandler: true @ webpack-internal:///(app-pages-browser)/./lib/chat-transport.ts:41
[   52873ms] [LOG] [ChatTransport] responseHandler called, data: {"type":"delta","content":"3","error":null,"message_id":"8d338756-dff5-4522-9368-df2aa46d4cb3","conversation_id":null,"itinerary":null,"stage":null} @ webpack-internal:///(app-pages-browser)/./lib/chat-transport.ts:137
[   52929ms] [LOG] [ChatTransport] onmessage triggered, has currentResponseHandler: true @ webpack-internal:///(app-pages-browser)/./lib/chat-transport.ts:41
[   52929ms] [LOG] [ChatTransport] responseHandler called, data: {"type":"delta","content":".","error":null,"message_id":"8d338756-dff5-4522-9368-df2aa46d4cb3","conversation_id":null,"itinerary":null,"stage":null} @ webpack-internal:///(app-pages-browser)/./lib/chat-transport.ts:137
[   52940ms] [LOG] [ChatTransport] onmessage triggered, has currentResponseHandler: true @ webpack-internal:///(app-pages-browser)/./lib/chat-transport.ts:41
[   52940ms] [LOG] [ChatTransport] responseHandler called, data: {"type":"delta","content":" **","error":null,"message_id":"8d338756-dff5-4522-9368-df2aa46d4cb3","conversation_id":null,"itinerary":null,"stage":null} @ webpack-internal:///(app-pages-browser)/./lib/chat-transport.ts:137
[   53000ms] [LOG] [ChatTransport] onmessage triggered, has currentResponseHandler: true @ webpack-internal:///(app-pages-browser)/./lib/chat-transport.ts:41
[   53000ms] [LOG] [ChatTransport] responseHandler called, data: {"type":"delta","content":"故宫","error":null,"message_id":"8d338756-dff5-4522-9368-df2aa46d4cb3","conversation_id":null,"itinerary":null,"stage":null} @ webpack-internal:///(app-pages-browser)/./lib/chat-transport.ts:137
[   53008ms] [LOG] [ChatTransport] onmessage triggered, has currentResponseHandler: true @ webpack-internal:///(app-pages-browser)/./lib/chat-transport.ts:41
[   53008ms] [LOG] [ChatTransport] responseHandler called, data: {"type":"delta","content":"博物院","error":null,"message_id":"8d338756-dff5-4522-9368-df2aa46d4cb3","conversation_id":null,"itinerary":null,"stage":null} @ webpack-internal:///(app-pages-browser)/./lib/chat-transport.ts:137
[   53060ms] [LOG] [ChatTransport] onmessage triggered, has currentResponseHandler: true @ webpack-internal:///(app-pages-browser)/./lib/chat-transport.ts:41
[   53060ms] [LOG] [ChatTransport] responseHandler called, data: {"type":"delta","content":"**","error":null,"message_id":"8d338756-dff5-4522-9368-df2aa46d4cb3","conversation_id":null,"itinerary":null,"stage":null} @ webpack-internal:///(app-pages-browser)/./lib/chat-transport.ts:137
[   53068ms] [LOG] [ChatTransport] onmessage triggered, has currentResponseHandler: true @ webpack-internal:///(app-pages-browser)/./lib/chat-transport.ts:41
[   53068ms] [LOG] [ChatTransport] responseHandler called, data: {"type":"delta","content":" -","error":null,"message_id":"8d338756-dff5-4522-9368-df2aa46d4cb3","conversation_id":null,"itinerary":null,"stage":null} @ webpack-internal:///(app-pages-browser)/./lib/chat-transport.ts:137
[   53267ms] [LOG] [ChatTransport] onmessage triggered, has currentResponseHandler: true @ webpack-internal:///(app-pages-browser)/./lib/chat-transport.ts:41
[   53267ms] [LOG] [ChatTransport] responseHandler called, data: {"type":"delta","content":" ","error":null,"message_id":"8d338756-dff5-4522-9368-df2aa46d4cb3","conversation_id":null,"itinerary":null,"stage":null} @ webpack-internal:///(app-pages-browser)/./lib/chat-transport.ts:137
[   53282ms] [LOG] [ChatTransport] onmessage triggered, has currentResponseHandler: true @ webpack-internal:///(app-pages-browser)/./lib/chat-transport.ts:41
[   53282ms] [LOG] [ChatTransport] responseHandler called, data: {"type":"delta","content":"明清","error":null,"message_id":"8d338756-dff5-4522-9368-df2aa46d4cb3","conversation_id":null,"itinerary":null,"stage":null} @ webpack-internal:///(app-pages-browser)/./lib/chat-transport.ts:137
[   53289ms] [LOG] [ChatTransport] onmessage triggered, has currentResponseHandler: true @ webpack-internal:///(app-pages-browser)/./lib/chat-transport.ts:41
[   53289ms] [LOG] [ChatTransport] responseHandler called, data: {"type":"delta","content":"两","error":null,"message_id":"8d338756-dff5-4522-9368-df2aa46d4cb3","conversation_id":null,"itinerary":null,"stage":null} @ webpack-internal:///(app-pages-browser)/./lib/chat-transport.ts:137
[   53289ms] [LOG] [ChatTransport] onmessage triggered, has currentResponseHandler: true @ webpack-internal:///(app-pages-browser)/./lib/chat-transport.ts:41
[   53290ms] [LOG] [ChatTransport] responseHandler called, data: {"type":"delta","content":"代的","error":null,"message_id":"8d338756-dff5-4522-9368-df2aa46d4cb3","conversation_id":null,"itinerary":null,"stage":null} @ webpack-internal:///(app-pages-browser)/./lib/chat-transport.ts:137
[   53290ms] [LOG] [ChatTransport] onmessage triggered, has currentResponseHandler: true @ webpack-internal:///(app-pages-browser)/./lib/chat-transport.ts:41
[   53290ms] [LOG] [ChatTransport] responseHandler called, data: {"type":"delta","content":"皇家","error":null,"message_id":"8d338756-dff5-4522-9368-df2aa46d4cb3","conversation_id":null,"itinerary":null,"stage":null} @ webpack-internal:///(app-pages-browser)/./lib/chat-transport.ts:137
[   53290ms] [LOG] [ChatTransport] onmessage triggered, has currentResponseHandler: true @ webpack-internal:///(app-pages-browser)/./lib/chat-transport.ts:41
[   53290ms] [LOG] [ChatTransport] responseHandler called, data: {"type":"delta","content":"宫殿","error":null,"message_id":"8d338756-dff5-4522-9368-df2aa46d4cb3","conversation_id":null,"itinerary":null,"stage":null} @ webpack-internal:///(app-pages-browser)/./lib/chat-transport.ts:137
[   53297ms] [LOG] [ChatTransport] onmessage triggered, has currentResponseHandler: true @ webpack-internal:///(app-pages-browser)/./lib/chat-transport.ts:41
[   53297ms] [LOG] [ChatTransport] responseHandler called, data: {"type":"delta","content":"，","error":null,"message_id":"8d338756-dff5-4522-9368-df2aa46d4cb3","conversation_id":null,"itinerary":null,"stage":null} @ webpack-internal:///(app-pages-browser)/./lib/chat-transport.ts:137
[   53303ms] [LOG] [ChatTransport] onmessage triggered, has currentResponseHandler: true @ webpack-internal:///(app-pages-browser)/./lib/chat-transport.ts:41
[   53303ms] [LOG] [ChatTransport] responseHandler called, data: {"type":"delta","content":"世界","error":null,"message_id":"8d338756-dff5-4522-9368-df2aa46d4cb3","conversation_id":null,"itinerary":null,"stage":null} @ webpack-internal:///(app-pages-browser)/./lib/chat-transport.ts:137
[   53363ms] [LOG] [ChatTransport] onmessage triggered, has currentResponseHandler: true @ webpack-internal:///(app-pages-browser)/./lib/chat-transport.ts:41
[   53363ms] [LOG] [ChatTransport] responseHandler called, data: {"type":"delta","content":"文化遗产","error":null,"message_id":"8d338756-dff5-4522-9368-df2aa46d4cb3","conversation_id":null,"itinerary":null,"stage":null} @ webpack-internal:///(app-pages-browser)/./lib/chat-transport.ts:137
[   53371ms] [LOG] [ChatTransport] onmessage triggered, has currentResponseHandler: true @ webpack-internal:///(app-pages-browser)/./lib/chat-transport.ts:41
[   53371ms] [LOG] [ChatTransport] responseHandler called, data: {"type":"delta","content":"\n","error":null,"message_id":"8d338756-dff5-4522-9368-df2aa46d4cb3","conversation_id":null,"itinerary":null,"stage":null} @ webpack-internal:///(app-pages-browser)/./lib/chat-transport.ts:137
[   53429ms] [LOG] [ChatTransport] onmessage triggered, has currentResponseHandler: true @ webpack-internal:///(app-pages-browser)/./lib/chat-transport.ts:41
[   53429ms] [LOG] [ChatTransport] responseHandler called, data: {"type":"delta","content":"4","error":null,"message_id":"8d338756-dff5-4522-9368-df2aa46d4cb3","conversation_id":null,"itinerary":null,"stage":null} @ webpack-internal:///(app-pages-browser)/./lib/chat-transport.ts:137
[   53429ms] [LOG] [ChatTransport] onmessage triggered, has currentResponseHandler: true @ webpack-internal:///(app-pages-browser)/./lib/chat-transport.ts:41
[   53429ms] [LOG] [ChatTransport] responseHandler called, data: {"type":"delta","content":".","error":null,"message_id":"8d338756-dff5-4522-9368-df2aa46d4cb3","conversation_id":null,"itinerary":null,"stage":null} @ webpack-internal:///(app-pages-browser)/./lib/chat-transport.ts:137
[   53559ms] [LOG] [ChatTransport] onmessage triggered, has currentResponseHandler: true @ webpack-internal:///(app-pages-browser)/./lib/chat-transport.ts:41
[   53559ms] [LOG] [ChatTransport] responseHandler called, data: {"type":"delta","content":" **","error":null,"message_id":"8d338756-dff5-4522-9368-df2aa46d4cb3","conversation_id":null,"itinerary":null,"stage":null} @ webpack-internal:///(app-pages-browser)/./lib/chat-transport.ts:137
[   53569ms] [LOG] [ChatTransport] onmessage triggered, has currentResponseHandler: true @ webpack-internal:///(app-pages-browser)/./lib/chat-transport.ts:41
[   53569ms] [LOG] [ChatTransport] responseHandler called, data: {"type":"delta","content":"天","error":null,"message_id":"8d338756-dff5-4522-9368-df2aa46d4cb3","conversation_id":null,"itinerary":null,"stage":null} @ webpack-internal:///(app-pages-browser)/./lib/chat-transport.ts:137
[   53576ms] [LOG] [ChatTransport] onmessage triggered, has currentResponseHandler: true @ webpack-internal:///(app-pages-browser)/./lib/chat-transport.ts:41
[   53576ms] [LOG] [ChatTransport] responseHandler called, data: {"type":"delta","content":"坛","error":null,"message_id":"8d338756-dff5-4522-9368-df2aa46d4cb3","conversation_id":null,"itinerary":null,"stage":null} @ webpack-internal:///(app-pages-browser)/./lib/chat-transport.ts:137
[   53576ms] [LOG] [ChatTransport] onmessage triggered, has currentResponseHandler: true @ webpack-internal:///(app-pages-browser)/./lib/chat-transport.ts:41
[   53576ms] [LOG] [ChatTransport] responseHandler called, data: {"type":"delta","content":"公园","error":null,"message_id":"8d338756-dff5-4522-9368-df2aa46d4cb3","conversation_id":null,"itinerary":null,"stage":null} @ webpack-internal:///(app-pages-browser)/./lib/chat-transport.ts:137
[   53625ms] [LOG] [ChatTransport] onmessage triggered, has currentResponseHandler: true @ webpack-internal:///(app-pages-browser)/./lib/chat-transport.ts:41
[   53625ms] [LOG] [ChatTransport] responseHandler called, data: {"type":"delta","content":"**","error":null,"message_id":"8d338756-dff5-4522-9368-df2aa46d4cb3","conversation_id":null,"itinerary":null,"stage":null} @ webpack-internal:///(app-pages-browser)/./lib/chat-transport.ts:137
[   53633ms] [LOG] [ChatTransport] onmessage triggered, has currentResponseHandler: true @ webpack-internal:///(app-pages-browser)/./lib/chat-transport.ts:41
[   53633ms] [LOG] [ChatTransport] responseHandler called, data: {"type":"delta","content":" -","error":null,"message_id":"8d338756-dff5-4522-9368-df2aa46d4cb3","conversation_id":null,"itinerary":null,"stage":null} @ webpack-internal:///(app-pages-browser)/./lib/chat-transport.ts:137
[   53675ms] [LOG] [ChatTransport] onmessage triggered, has currentResponseHandler: true @ webpack-internal:///(app-pages-browser)/./lib/chat-transport.ts:41
[   53675ms] [LOG] [ChatTransport] responseHandler called, data: {"type":"delta","content":" ","error":null,"message_id":"8d338756-dff5-4522-9368-df2aa46d4cb3","conversation_id":null,"itinerary":null,"stage":null} @ webpack-internal:///(app-pages-browser)/./lib/chat-transport.ts:137
[   53683ms] [LOG] [ChatTransport] onmessage triggered, has currentResponseHandler: true @ webpack-internal:///(app-pages-browser)/./lib/chat-transport.ts:41
[   53683ms] [LOG] [ChatTransport] responseHandler called, data: {"type":"delta","content":"明清","error":null,"message_id":"8d338756-dff5-4522-9368-df2aa46d4cb3","conversation_id":null,"itinerary":null,"stage":null} @ webpack-internal:///(app-pages-browser)/./lib/chat-transport.ts:137
[   53742ms] [LOG] [ChatTransport] onmessage triggered, has currentResponseHandler: true @ webpack-internal:///(app-pages-browser)/./lib/chat-transport.ts:41
[   53742ms] [LOG] [ChatTransport] responseHandler called, data: {"type":"delta","content":"皇帝","error":null,"message_id":"8d338756-dff5-4522-9368-df2aa46d4cb3","conversation_id":null,"itinerary":null,"stage":null} @ webpack-internal:///(app-pages-browser)/./lib/chat-transport.ts:137
[   53755ms] [LOG] [ChatTransport] onmessage triggered, has currentResponseHandler: true @ webpack-internal:///(app-pages-browser)/./lib/chat-transport.ts:41
[   53755ms] [LOG] [ChatTransport] responseHandler called, data: {"type":"delta","content":"祭","error":null,"message_id":"8d338756-dff5-4522-9368-df2aa46d4cb3","conversation_id":null,"itinerary":null,"stage":null} @ webpack-internal:///(app-pages-browser)/./lib/chat-transport.ts:137
[   53798ms] [LOG] [ChatTransport] onmessage triggered, has currentResponseHandler: true @ webpack-internal:///(app-pages-browser)/./lib/chat-transport.ts:41
[   53798ms] [LOG] [ChatTransport] responseHandler called, data: {"type":"delta","content":"天","error":null,"message_id":"8d338756-dff5-4522-9368-df2aa46d4cb3","conversation_id":null,"itinerary":null,"stage":null} @ webpack-internal:///(app-pages-browser)/./lib/chat-transport.ts:137
[   53807ms] [LOG] [ChatTransport] onmessage triggered, has currentResponseHandler: true @ webpack-internal:///(app-pages-browser)/./lib/chat-transport.ts:41
[   53807ms] [LOG] [ChatTransport] responseHandler called, data: {"type":"delta","content":"祈","error":null,"message_id":"8d338756-dff5-4522-9368-df2aa46d4cb3","conversation_id":null,"itinerary":null,"stage":null} @ webpack-internal:///(app-pages-browser)/./lib/chat-transport.ts:137
[   53862ms] [LOG] [ChatTransport] onmessage triggered, has currentResponseHandler: true @ webpack-internal:///(app-pages-browser)/./lib/chat-transport.ts:41
[   53862ms] [LOG] [ChatTransport] responseHandler called, data: {"type":"delta","content":"谷","error":null,"message_id":"8d338756-dff5-4522-9368-df2aa46d4cb3","conversation_id":null,"itinerary":null,"stage":null} @ webpack-internal:///(app-pages-browser)/./lib/chat-transport.ts:137
[   53866ms] [LOG] [ChatTransport] onmessage triggered, has currentResponseHandler: true @ webpack-internal:///(app-pages-browser)/./lib/chat-transport.ts:41
[   53866ms] [LOG] [ChatTransport] responseHandler called, data: {"type":"delta","content":"的","error":null,"message_id":"8d338756-dff5-4522-9368-df2aa46d4cb3","conversation_id":null,"itinerary":null,"stage":null} @ webpack-internal:///(app-pages-browser)/./lib/chat-transport.ts:137
[   53927ms] [LOG] [ChatTransport] onmessage triggered, has currentResponseHandler: true @ webpack-internal:///(app-pages-browser)/./lib/chat-transport.ts:41
[   53927ms] [LOG] [ChatTransport] responseHandler called, data: {"type":"delta","content":"场所","error":null,"message_id":"8d338756-dff5-4522-9368-df2aa46d4cb3","conversation_id":null,"itinerary":null,"stage":null} @ webpack-internal:///(app-pages-browser)/./lib/chat-transport.ts:137
[   53931ms] [LOG] [ChatTransport] onmessage triggered, has currentResponseHandler: true @ webpack-internal:///(app-pages-browser)/./lib/chat-transport.ts:41
[   53931ms] [LOG] [ChatTransport] responseHandler called, data: {"type":"delta","content":"，","error":null,"message_id":"8d338756-dff5-4522-9368-df2aa46d4cb3","conversation_id":null,"itinerary":null,"stage":null} @ webpack-internal:///(app-pages-browser)/./lib/chat-transport.ts:137
[   54034ms] [LOG] [ChatTransport] onmessage triggered, has currentResponseHandler: true @ webpack-internal:///(app-pages-browser)/./lib/chat-transport.ts:41
[   54034ms] [LOG] [ChatTransport] responseHandler called, data: {"type":"delta","content":"世界","error":null,"message_id":"8d338756-dff5-4522-9368-df2aa46d4cb3","conversation_id":null,"itinerary":null,"stage":null} @ webpack-internal:///(app-pages-browser)/./lib/chat-transport.ts:137
[   54034ms] [LOG] [ChatTransport] onmessage triggered, has currentResponseHandler: true @ webpack-internal:///(app-pages-browser)/./lib/chat-transport.ts:41
[   54034ms] [LOG] [ChatTransport] responseHandler called, data: {"type":"delta","content":"文化遗产","error":null,"message_id":"8d338756-dff5-4522-9368-df2aa46d4cb3","conversation_id":null,"itinerary":null,"stage":null} @ webpack-internal:///(app-pages-browser)/./lib/chat-transport.ts:137
[   54057ms] [LOG] [ChatTransport] onmessage triggered, has currentResponseHandler: true @ webpack-internal:///(app-pages-browser)/./lib/chat-transport.ts:41
[   54057ms] [LOG] [ChatTransport] responseHandler called, data: {"type":"delta","content":"\n\n","error":null,"message_id":"8d338756-dff5-4522-9368-df2aa46d4cb3","conversation_id":null,"itinerary":null,"stage":null} @ webpack-internal:///(app-pages-browser)/./lib/chat-transport.ts:137
[   54063ms] [LOG] [ChatTransport] onmessage triggered, has currentResponseHandler: true @ webpack-internal:///(app-pages-browser)/./lib/chat-transport.ts:41
[   54063ms] [LOG] [ChatTransport] responseHandler called, data: {"type":"delta","content":"**","error":null,"message_id":"8d338756-dff5-4522-9368-df2aa46d4cb3","conversation_id":null,"itinerary":null,"stage":null} @ webpack-internal:///(app-pages-browser)/./lib/chat-transport.ts:137
[   54121ms] [LOG] [ChatTransport] onmessage triggered, has currentResponseHandler: true @ webpack-internal:///(app-pages-browser)/./lib/chat-transport.ts:41
[   54122ms] [LOG] [ChatTransport] responseHandler called, data: {"type":"delta","content":"皇家","error":null,"message_id":"8d338756-dff5-4522-9368-df2aa46d4cb3","conversation_id":null,"itinerary":null,"stage":null} @ webpack-internal:///(app-pages-browser)/./lib/chat-transport.ts:137
[   54133ms] [LOG] [ChatTransport] onmessage triggered, has currentResponseHandler: true @ webpack-internal:///(app-pages-browser)/./lib/chat-transport.ts:41
[   54133ms] [LOG] [ChatTransport] responseHandler called, data: {"type":"delta","content":"园林","error":null,"message_id":"8d338756-dff5-4522-9368-df2aa46d4cb3","conversation_id":null,"itinerary":null,"stage":null} @ webpack-internal:///(app-pages-browser)/./lib/chat-transport.ts:137
[   54162ms] [LOG] [ChatTransport] onmessage triggered, has currentResponseHandler: true @ webpack-internal:///(app-pages-browser)/./lib/chat-transport.ts:41
[   54162ms] [LOG] [ChatTransport] responseHandler called, data: {"type":"delta","content":"公园","error":null,"message_id":"8d338756-dff5-4522-9368-df2aa46d4cb3","conversation_id":null,"itinerary":null,"stage":null} @ webpack-internal:///(app-pages-browser)/./lib/chat-transport.ts:137
[   54248ms] [LOG] [ChatTransport] onmessage triggered, has currentResponseHandler: true @ webpack-internal:///(app-pages-browser)/./lib/chat-transport.ts:41
[   54248ms] [LOG] [ChatTransport] responseHandler called, data: {"type":"delta","content":"：","error":null,"message_id":"8d338756-dff5-4522-9368-df2aa46d4cb3","conversation_id":null,"itinerary":null,"stage":null} @ webpack-internal:///(app-pages-browser)/./lib/chat-transport.ts:137
[   54248ms] [LOG] [ChatTransport] onmessage triggered, has currentResponseHandler: true @ webpack-internal:///(app-pages-browser)/./lib/chat-transport.ts:41
[   54248ms] [LOG] [ChatTransport] responseHandler called, data: {"type":"delta","content":"**\n","error":null,"message_id":"8d338756-dff5-4522-9368-df2aa46d4cb3","conversation_id":null,"itinerary":null,"stage":null} @ webpack-internal:///(app-pages-browser)/./lib/chat-transport.ts:137
[   54305ms] [LOG] [ChatTransport] onmessage triggered, has currentResponseHandler: true @ webpack-internal:///(app-pages-browser)/./lib/chat-transport.ts:41
[   54305ms] [LOG] [ChatTransport] responseHandler called, data: {"type":"delta","content":"5","error":null,"message_id":"8d338756-dff5-4522-9368-df2aa46d4cb3","conversation_id":null,"itinerary":null,"stage":null} @ webpack-internal:///(app-pages-browser)/./lib/chat-transport.ts:137
[   54316ms] [LOG] [ChatTransport] onmessage triggered, has currentResponseHandler: true @ webpack-internal:///(app-pages-browser)/./lib/chat-transport.ts:41
[   54316ms] [LOG] [ChatTransport] responseHandler called, data: {"type":"delta","content":".","error":null,"message_id":"8d338756-dff5-4522-9368-df2aa46d4cb3","conversation_id":null,"itinerary":null,"stage":null} @ webpack-internal:///(app-pages-browser)/./lib/chat-transport.ts:137
[   54390ms] [LOG] [ChatTransport] onmessage triggered, has currentResponseHandler: true @ webpack-internal:///(app-pages-browser)/./lib/chat-transport.ts:41
[   54390ms] [LOG] [ChatTransport] responseHandler called, data: {"type":"delta","content":" **","error":null,"message_id":"8d338756-dff5-4522-9368-df2aa46d4cb3","conversation_id":null,"itinerary":null,"stage":null} @ webpack-internal:///(app-pages-browser)/./lib/chat-transport.ts:137
[   54390ms] [LOG] [ChatTransport] onmessage triggered, has currentResponseHandler: true @ webpack-internal:///(app-pages-browser)/./lib/chat-transport.ts:41
[   54390ms] [LOG] [ChatTransport] responseHandler called, data: {"type":"delta","content":"景","error":null,"message_id":"8d338756-dff5-4522-9368-df2aa46d4cb3","conversation_id":null,"itinerary":null,"stage":null} @ webpack-internal:///(app-pages-browser)/./lib/chat-transport.ts:137
[   54450ms] [LOG] [ChatTransport] onmessage triggered, has currentResponseHandler: true @ webpack-internal:///(app-pages-browser)/./lib/chat-transport.ts:41
[   54450ms] [LOG] [ChatTransport] responseHandler called, data: {"type":"delta","content":"山","error":null,"message_id":"8d338756-dff5-4522-9368-df2aa46d4cb3","conversation_id":null,"itinerary":null,"stage":null} @ webpack-internal:///(app-pages-browser)/./lib/chat-transport.ts:137
[   54465ms] [LOG] [ChatTransport] onmessage triggered, has currentResponseHandler: true @ webpack-internal:///(app-pages-browser)/./lib/chat-transport.ts:41
[   54465ms] [LOG] [ChatTransport] responseHandler called, data: {"type":"delta","content":"公园","error":null,"message_id":"8d338756-dff5-4522-9368-df2aa46d4cb3","conversation_id":null,"itinerary":null,"stage":null} @ webpack-internal:///(app-pages-browser)/./lib/chat-transport.ts:137
[   54480ms] [LOG] [ChatTransport] onmessage triggered, has currentResponseHandler: true @ webpack-internal:///(app-pages-browser)/./lib/chat-transport.ts:41
[   54480ms] [LOG] [ChatTransport] responseHandler called, data: {"type":"delta","content":"**","error":null,"message_id":"8d338756-dff5-4522-9368-df2aa46d4cb3","conversation_id":null,"itinerary":null,"stage":null} @ webpack-internal:///(app-pages-browser)/./lib/chat-transport.ts:137
[   54485ms] [LOG] [ChatTransport] onmessage triggered, has currentResponseHandler: true @ webpack-internal:///(app-pages-browser)/./lib/chat-transport.ts:41
[   54485ms] [LOG] [ChatTransport] responseHandler called, data: {"type":"delta","content":" -","error":null,"message_id":"8d338756-dff5-4522-9368-df2aa46d4cb3","conversation_id":null,"itinerary":null,"stage":null} @ webpack-internal:///(app-pages-browser)/./lib/chat-transport.ts:137
[   54542ms] [LOG] [ChatTransport] onmessage triggered, has currentResponseHandler: true @ webpack-internal:///(app-pages-browser)/./lib/chat-transport.ts:41
[   54542ms] [LOG] [ChatTransport] responseHandler called, data: {"type":"delta","content":" ","error":null,"message_id":"8d338756-dff5-4522-9368-df2aa46d4cb3","conversation_id":null,"itinerary":null,"stage":null} @ webpack-internal:///(app-pages-browser)/./lib/chat-transport.ts:137
[   54554ms] [LOG] [ChatTransport] onmessage triggered, has currentResponseHandler: true @ webpack-internal:///(app-pages-browser)/./lib/chat-transport.ts:41
[   54554ms] [LOG] [ChatTransport] responseHandler called, data: {"type":"delta","content":"可","error":null,"message_id":"8d338756-dff5-4522-9368-df2aa46d4cb3","conversation_id":null,"itinerary":null,"stage":null} @ webpack-internal:///(app-pages-browser)/./lib/chat-transport.ts:137
[   54606ms] [LOG] [ChatTransport] onmessage triggered, has currentResponseHandler: true @ webpack-internal:///(app-pages-browser)/./lib/chat-transport.ts:41
[   54607ms] [LOG] [ChatTransport] responseHandler called, data: {"type":"delta","content":"俯瞰","error":null,"message_id":"8d338756-dff5-4522-9368-df2aa46d4cb3","conversation_id":null,"itinerary":null,"stage":null} @ webpack-internal:///(app-pages-browser)/./lib/chat-transport.ts:137
[   54619ms] [LOG] [ChatTransport] onmessage triggered, has currentResponseHandler: true @ webpack-internal:///(app-pages-browser)/./lib/chat-transport.ts:41
[   54619ms] [LOG] [ChatTransport] responseHandler called, data: {"type":"delta","content":"故宫","error":null,"message_id":"8d338756-dff5-4522-9368-df2aa46d4cb3","conversation_id":null,"itinerary":null,"stage":null} @ webpack-internal:///(app-pages-browser)/./lib/chat-transport.ts:137
[   54870ms] [LOG] [ChatTransport] onmessage triggered, has currentResponseHandler: true @ webpack-internal:///(app-pages-browser)/./lib/chat-transport.ts:41
[   54870ms] [LOG] [ChatTransport] responseHandler called, data: {"type":"delta","content":"全景","error":null,"message_id":"8d338756-dff5-4522-9368-df2aa46d4cb3","conversation_id":null,"itinerary":null,"stage":null} @ webpack-internal:///(app-pages-browser)/./lib/chat-transport.ts:137
[   54879ms] [LOG] [ChatTransport] onmessage triggered, has currentResponseHandler: true @ webpack-internal:///(app-pages-browser)/./lib/chat-transport.ts:41
[   54880ms] [LOG] [ChatTransport] responseHandler called, data: {"type":"delta","content":"，","error":null,"message_id":"8d338756-dff5-4522-9368-df2aa46d4cb3","conversation_id":null,"itinerary":null,"stage":null} @ webpack-internal:///(app-pages-browser)/./lib/chat-transport.ts:137
[   54880ms] [LOG] [ChatTransport] onmessage triggered, has currentResponseHandler: true @ webpack-internal:///(app-pages-browser)/./lib/chat-transport.ts:41
[   54881ms] [LOG] [ChatTransport] responseHandler called, data: {"type":"delta","content":"崇祯","error":null,"message_id":"8d338756-dff5-4522-9368-df2aa46d4cb3","conversation_id":null,"itinerary":null,"stage":null} @ webpack-internal:///(app-pages-browser)/./lib/chat-transport.ts:137
[   54881ms] [LOG] [ChatTransport] onmessage triggered, has currentResponseHandler: true @ webpack-internal:///(app-pages-browser)/./lib/chat-transport.ts:41
[   54881ms] [LOG] [ChatTransport] responseHandler called, data: {"type":"delta","content":"皇帝","error":null,"message_id":"8d338756-dff5-4522-9368-df2aa46d4cb3","conversation_id":null,"itinerary":null,"stage":null} @ webpack-internal:///(app-pages-browser)/./lib/chat-transport.ts:137
[   54881ms] [LOG] [ChatTransport] onmessage triggered, has currentResponseHandler: true @ webpack-internal:///(app-pages-browser)/./lib/chat-transport.ts:41
[   54881ms] [LOG] [ChatTransport] responseHandler called, data: {"type":"delta","content":"自","error":null,"message_id":"8d338756-dff5-4522-9368-df2aa46d4cb3","conversation_id":null,"itinerary":null,"stage":null} @ webpack-internal:///(app-pages-browser)/./lib/chat-transport.ts:137
[   54896ms] [LOG] [ChatTransport] onmessage triggered, has currentResponseHandler: true @ webpack-internal:///(app-pages-browser)/./lib/chat-transport.ts:41
[   54896ms] [LOG] [ChatTransport] responseHandler called, data: {"type":"delta","content":"缢","error":null,"message_id":"8d338756-dff5-4522-9368-df2aa46d4cb3","conversation_id":null,"itinerary":null,"stage":null} @ webpack-internal:///(app-pages-browser)/./lib/chat-transport.ts:137
[   54930ms] [LOG] [ChatTransport] onmessage triggered, has currentResponseHandler: true @ webpack-internal:///(app-pages-browser)/./lib/chat-transport.ts:41
[   54930ms] [LOG] [ChatTransport] responseHandler called, data: {"type":"delta","content":"处","error":null,"message_id":"8d338756-dff5-4522-9368-df2aa46d4cb3","conversation_id":null,"itinerary":null,"stage":null} @ webpack-internal:///(app-pages-browser)/./lib/chat-transport.ts:137
[   54940ms] [LOG] [ChatTransport] onmessage triggered, has currentResponseHandler: true @ webpack-internal:///(app-pages-browser)/./lib/chat-transport.ts:41
[   54940ms] [LOG] [ChatTransport] responseHandler called, data: {"type":"delta","content":"\n","error":null,"message_id":"8d338756-dff5-4522-9368-df2aa46d4cb3","conversation_id":null,"itinerary":null,"stage":null} @ webpack-internal:///(app-pages-browser)/./lib/chat-transport.ts:137
[   54990ms] [LOG] [ChatTransport] onmessage triggered, has currentResponseHandler: true @ webpack-internal:///(app-pages-browser)/./lib/chat-transport.ts:41
[   54990ms] [LOG] [ChatTransport] responseHandler called, data: {"type":"delta","content":"6","error":null,"message_id":"8d338756-dff5-4522-9368-df2aa46d4cb3","conversation_id":null,"itinerary":null,"stage":null} @ webpack-internal:///(app-pages-browser)/./lib/chat-transport.ts:137
[   55010ms] [LOG] [ChatTransport] onmessage triggered, has currentResponseHandler: true @ webpack-internal:///(app-pages-browser)/./lib/chat-transport.ts:41
[   55010ms] [LOG] [ChatTransport] responseHandler called, data: {"type":"delta","content":".","error":null,"message_id":"8d338756-dff5-4522-9368-df2aa46d4cb3","conversation_id":null,"itinerary":null,"stage":null} @ webpack-internal:///(app-pages-browser)/./lib/chat-transport.ts:137
[   55082ms] [LOG] [ChatTransport] onmessage triggered, has currentResponseHandler: true @ webpack-internal:///(app-pages-browser)/./lib/chat-transport.ts:41
[   55082ms] [LOG] [ChatTransport] responseHandler called, data: {"type":"delta","content":" **","error":null,"message_id":"8d338756-dff5-4522-9368-df2aa46d4cb3","conversation_id":null,"itinerary":null,"stage":null} @ webpack-internal:///(app-pages-browser)/./lib/chat-transport.ts:137
[   55099ms] [LOG] [ChatTransport] onmessage triggered, has currentResponseHandler: true @ webpack-internal:///(app-pages-browser)/./lib/chat-transport.ts:41
[   55099ms] [LOG] [ChatTransport] responseHandler called, data: {"type":"delta","content":"北海","error":null,"message_id":"8d338756-dff5-4522-9368-df2aa46d4cb3","conversation_id":null,"itinerary":null,"stage":null} @ webpack-internal:///(app-pages-browser)/./lib/chat-transport.ts:137
[   55123ms] [LOG] [ChatTransport] onmessage triggered, has currentResponseHandler: true @ webpack-internal:///(app-pages-browser)/./lib/chat-transport.ts:41
[   55123ms] [LOG] [ChatTransport] responseHandler called, data: {"type":"delta","content":"公园","error":null,"message_id":"8d338756-dff5-4522-9368-df2aa46d4cb3","conversation_id":null,"itinerary":null,"stage":null} @ webpack-internal:///(app-pages-browser)/./lib/chat-transport.ts:137
[   55143ms] [LOG] [ChatTransport] onmessage triggered, has currentResponseHandler: true @ webpack-internal:///(app-pages-browser)/./lib/chat-transport.ts:41
[   55143ms] [LOG] [ChatTransport] responseHandler called, data: {"type":"delta","content":"**","error":null,"message_id":"8d338756-dff5-4522-9368-df2aa46d4cb3","conversation_id":null,"itinerary":null,"stage":null} @ webpack-internal:///(app-pages-browser)/./lib/chat-transport.ts:137
[   55181ms] [LOG] [ChatTransport] onmessage triggered, has currentResponseHandler: true @ webpack-internal:///(app-pages-browser)/./lib/chat-transport.ts:41
[   55182ms] [LOG] [ChatTransport] responseHandler called, data: {"type":"delta","content":" -","error":null,"message_id":"8d338756-dff5-4522-9368-df2aa46d4cb3","conversation_id":null,"itinerary":null,"stage":null} @ webpack-internal:///(app-pages-browser)/./lib/chat-transport.ts:137
[   55201ms] [LOG] [ChatTransport] onmessage triggered, has currentResponseHandler: true @ webpack-internal:///(app-pages-browser)/./lib/chat-transport.ts:41
[   55201ms] [LOG] [ChatTransport] responseHandler called, data: {"type":"delta","content":" ","error":null,"message_id":"8d338756-dff5-4522-9368-df2aa46d4cb3","conversation_id":null,"itinerary":null,"stage":null} @ webpack-internal:///(app-pages-browser)/./lib/chat-transport.ts:137
[   55480ms] [LOG] [ChatTransport] onmessage triggered, has currentResponseHandler: true @ webpack-internal:///(app-pages-browser)/./lib/chat-transport.ts:41
[   55480ms] [LOG] [ChatTransport] responseHandler called, data: {"type":"delta","content":"中国","error":null,"message_id":"8d338756-dff5-4522-9368-df2aa46d4cb3","conversation_id":null,"itinerary":null,"stage":null} @ webpack-internal:///(app-pages-browser)/./lib/chat-transport.ts:137
[   55499ms] [LOG] [ChatTransport] onmessage triggered, has currentResponseHandler: true @ webpack-internal:///(app-pages-browser)/./lib/chat-transport.ts:41
[   55499ms] [LOG] [ChatTransport] responseHandler called, data: {"type":"delta","content":"现存","error":null,"message_id":"8d338756-dff5-4522-9368-df2aa46d4cb3","conversation_id":null,"itinerary":null,"stage":null} @ webpack-internal:///(app-pages-browser)/./lib/chat-transport.ts:137
[   55499ms] [LOG] [ChatTransport] onmessage triggered, has currentResponseHandler: true @ webpack-internal:///(app-pages-browser)/./lib/chat-transport.ts:41
[   55499ms] [LOG] [ChatTransport] responseHandler called, data: {"type":"delta","content":"最","error":null,"message_id":"8d338756-dff5-4522-9368-df2aa46d4cb3","conversation_id":null,"itinerary":null,"stage":null} @ webpack-internal:///(app-pages-browser)/./lib/chat-transport.ts:137
[   55500ms] [LOG] [ChatTransport] onmessage triggered, has currentResponseHandler: true @ webpack-internal:///(app-pages-browser)/./lib/chat-transport.ts:41
[   55500ms] [LOG] [ChatTransport] responseHandler called, data: {"type":"delta","content":"古老","error":null,"message_id":"8d338756-dff5-4522-9368-df2aa46d4cb3","conversation_id":null,"itinerary":null,"stage":null} @ webpack-internal:///(app-pages-browser)/./lib/chat-transport.ts:137
[   55500ms] [LOG] [ChatTransport] onmessage triggered, has currentResponseHandler: true @ webpack-internal:///(app-pages-browser)/./lib/chat-transport.ts:41
[   55500ms] [LOG] [ChatTransport] responseHandler called, data: {"type":"delta","content":"、","error":null,"message_id":"8d338756-dff5-4522-9368-df2aa46d4cb3","conversation_id":null,"itinerary":null,"stage":null} @ webpack-internal:///(app-pages-browser)/./lib/chat-transport.ts:137
[   55500ms] [LOG] [ChatTransport] onmessage triggered, has currentResponseHandler: true @ webpack-internal:///(app-pages-browser)/./lib/chat-transport.ts:41
[   55500ms] [LOG] [ChatTransport] responseHandler called, data: {"type":"delta","content":"最","error":null,"message_id":"8d338756-dff5-4522-9368-df2aa46d4cb3","conversation_id":null,"itinerary":null,"stage":null} @ webpack-internal:///(app-pages-browser)/./lib/chat-transport.ts:137
[   55500ms] [LOG] [ChatTransport] onmessage triggered, has currentResponseHandler: true @ webpack-internal:///(app-pages-browser)/./lib/chat-transport.ts:41
[   55500ms] [LOG] [ChatTransport] responseHandler called, data: {"type":"delta","content":"完整的","error":null,"message_id":"8d338756-dff5-4522-9368-df2aa46d4cb3","conversation_id":null,"itinerary":null,"stage":null} @ webpack-internal:///(app-pages-browser)/./lib/chat-transport.ts:137
[   55500ms] [LOG] [ChatTransport] onmessage triggered, has currentResponseHandler: true @ webpack-internal:///(app-pages-browser)/./lib/chat-transport.ts:41
[   55500ms] [LOG] [ChatTransport] responseHandler called, data: {"type":"delta","content":"皇家","error":null,"message_id":"8d338756-dff5-4522-9368-df2aa46d4cb3","conversation_id":null,"itinerary":null,"stage":null} @ webpack-internal:///(app-pages-browser)/./lib/chat-transport.ts:137
[   55515ms] [LOG] [ChatTransport] onmessage triggered, has currentResponseHandler: true @ webpack-internal:///(app-pages-browser)/./lib/chat-transport.ts:41
[   55515ms] [LOG] [ChatTransport] responseHandler called, data: {"type":"delta","content":"园林","error":null,"message_id":"8d338756-dff5-4522-9368-df2aa46d4cb3","conversation_id":null,"itinerary":null,"stage":null} @ webpack-internal:///(app-pages-browser)/./lib/chat-transport.ts:137
[   55515ms] [LOG] [ChatTransport] onmessage triggered, has currentResponseHandler: true @ webpack-internal:///(app-pages-browser)/./lib/chat-transport.ts:41
[   55515ms] [LOG] [ChatTransport] responseHandler called, data: {"type":"delta","content":"\n","error":null,"message_id":"8d338756-dff5-4522-9368-df2aa46d4cb3","conversation_id":null,"itinerary":null,"stage":null} @ webpack-internal:///(app-pages-browser)/./lib/chat-transport.ts:137
[   55546ms] [LOG] [ChatTransport] onmessage triggered, has currentResponseHandler: true @ webpack-internal:///(app-pages-browser)/./lib/chat-transport.ts:41
[   55546ms] [LOG] [ChatTransport] responseHandler called, data: {"type":"delta","content":"7","error":null,"message_id":"8d338756-dff5-4522-9368-df2aa46d4cb3","conversation_id":null,"itinerary":null,"stage":null} @ webpack-internal:///(app-pages-browser)/./lib/chat-transport.ts:137
[   55562ms] [LOG] [ChatTransport] onmessage triggered, has currentResponseHandler: true @ webpack-internal:///(app-pages-browser)/./lib/chat-transport.ts:41
[   55562ms] [LOG] [ChatTransport] responseHandler called, data: {"type":"delta","content":".","error":null,"message_id":"8d338756-dff5-4522-9368-df2aa46d4cb3","conversation_id":null,"itinerary":null,"stage":null} @ webpack-internal:///(app-pages-browser)/./lib/chat-transport.ts:137
[   55617ms] [LOG] [ChatTransport] onmessage triggered, has currentResponseHandler: true @ webpack-internal:///(app-pages-browser)/./lib/chat-transport.ts:41
[   55617ms] [LOG] [ChatTransport] responseHandler called, data: {"type":"delta","content":" **","error":null,"message_id":"8d338756-dff5-4522-9368-df2aa46d4cb3","conversation_id":null,"itinerary":null,"stage":null} @ webpack-internal:///(app-pages-browser)/./lib/chat-transport.ts:137
[   55631ms] [LOG] [ChatTransport] onmessage triggered, has currentResponseHandler: true @ webpack-internal:///(app-pages-browser)/./lib/chat-transport.ts:41
[   55631ms] [LOG] [ChatTransport] responseHandler called, data: {"type":"delta","content":"中山","error":null,"message_id":"8d338756-dff5-4522-9368-df2aa46d4cb3","conversation_id":null,"itinerary":null,"stage":null} @ webpack-internal:///(app-pages-browser)/./lib/chat-transport.ts:137
[   55826ms] [LOG] [ChatTransport] onmessage triggered, has currentResponseHandler: true @ webpack-internal:///(app-pages-browser)/./lib/chat-transport.ts:41
[   55826ms] [LOG] [ChatTransport] responseHandler called, data: {"type":"delta","content":"公园","error":null,"message_id":"8d338756-dff5-4522-9368-df2aa46d4cb3","conversation_id":null,"itinerary":null,"stage":null} @ webpack-internal:///(app-pages-browser)/./lib/chat-transport.ts:137
[   55837ms] [LOG] [ChatTransport] onmessage triggered, has currentResponseHandler: true @ webpack-internal:///(app-pages-browser)/./lib/chat-transport.ts:41
[   55837ms] [LOG] [ChatTransport] responseHandler called, data: {"type":"delta","content":"**","error":null,"message_id":"8d338756-dff5-4522-9368-df2aa46d4cb3","conversation_id":null,"itinerary":null,"stage":null} @ webpack-internal:///(app-pages-browser)/./lib/chat-transport.ts:137
[   55851ms] [LOG] [ChatTransport] onmessage triggered, has currentResponseHandler: true @ webpack-internal:///(app-pages-browser)/./lib/chat-transport.ts:41
[   55851ms] [LOG] [ChatTransport] responseHandler called, data: {"type":"delta","content":" -","error":null,"message_id":"8d338756-dff5-4522-9368-df2aa46d4cb3","conversation_id":null,"itinerary":null,"stage":null} @ webpack-internal:///(app-pages-browser)/./lib/chat-transport.ts:137
[   55851ms] [LOG] [ChatTransport] onmessage triggered, has currentResponseHandler: true @ webpack-internal:///(app-pages-browser)/./lib/chat-transport.ts:41
[   55851ms] [LOG] [ChatTransport] responseHandler called, data: {"type":"delta","content":" ","error":null,"message_id":"8d338756-dff5-4522-9368-df2aa46d4cb3","conversation_id":null,"itinerary":null,"stage":null} @ webpack-internal:///(app-pages-browser)/./lib/chat-transport.ts:137
[   55852ms] [LOG] [ChatTransport] onmessage triggered, has currentResponseHandler: true @ webpack-internal:///(app-pages-browser)/./lib/chat-transport.ts:41
[   55852ms] [LOG] [ChatTransport] responseHandler called, data: {"type":"delta","content":"位于","error":null,"message_id":"8d338756-dff5-4522-9368-df2aa46d4cb3","conversation_id":null,"itinerary":null,"stage":null} @ webpack-internal:///(app-pages-browser)/./lib/chat-transport.ts:137
[   55852ms] [LOG] [ChatTransport] onmessage triggered, has currentResponseHandler: true @ webpack-internal:///(app-pages-browser)/./lib/chat-transport.ts:41
[   55852ms] [LOG] [ChatTransport] responseHandler called, data: {"type":"delta","content":"天","error":null,"message_id":"8d338756-dff5-4522-9368-df2aa46d4cb3","conversation_id":null,"itinerary":null,"stage":null} @ webpack-internal:///(app-pages-browser)/./lib/chat-transport.ts:137
[   55919ms] [LOG] [ChatTransport] onmessage triggered, has currentResponseHandler: true @ webpack-internal:///(app-pages-browser)/./lib/chat-transport.ts:41
[   55919ms] [LOG] [ChatTransport] responseHandler called, data: {"type":"delta","content":"安门","error":null,"message_id":"8d338756-dff5-4522-9368-df2aa46d4cb3","conversation_id":null,"itinerary":null,"stage":null} @ webpack-internal:///(app-pages-browser)/./lib/chat-transport.ts:137
[   55936ms] [LOG] [ChatTransport] onmessage triggered, has currentResponseHandler: true @ webpack-internal:///(app-pages-browser)/./lib/chat-transport.ts:41
[   55937ms] [LOG] [ChatTransport] responseHandler called, data: {"type":"delta","content":"西","error":null,"message_id":"8d338756-dff5-4522-9368-df2aa46d4cb3","conversation_id":null,"itinerary":null,"stage":null} @ webpack-internal:///(app-pages-browser)/./lib/chat-transport.ts:137
[   55967ms] [LOG] [ChatTransport] onmessage triggered, has currentResponseHandler: true @ webpack-internal:///(app-pages-browser)/./lib/chat-transport.ts:41
[   55967ms] [LOG] [ChatTransport] responseHandler called, data: {"type":"delta","content":"侧","error":null,"message_id":"8d338756-dff5-4522-9368-df2aa46d4cb3","conversation_id":null,"itinerary":null,"stage":null} @ webpack-internal:///(app-pages-browser)/./lib/chat-transport.ts:137
[   55983ms] [LOG] [ChatTransport] onmessage triggered, has currentResponseHandler: true @ webpack-internal:///(app-pages-browser)/./lib/chat-transport.ts:41
[   55983ms] [LOG] [ChatTransport] responseHandler called, data: {"type":"delta","content":"，","error":null,"message_id":"8d338756-dff5-4522-9368-df2aa46d4cb3","conversation_id":null,"itinerary":null,"stage":null} @ webpack-internal:///(app-pages-browser)/./lib/chat-transport.ts:137
[   56002ms] [LOG] [ChatTransport] onmessage triggered, has currentResponseHandler: true @ webpack-internal:///(app-pages-browser)/./lib/chat-transport.ts:41
[   56002ms] [LOG] [ChatTransport] responseHandler called, data: {"type":"delta","content":"原","error":null,"message_id":"8d338756-dff5-4522-9368-df2aa46d4cb3","conversation_id":null,"itinerary":null,"stage":null} @ webpack-internal:///(app-pages-browser)/./lib/chat-transport.ts:137
[   56082ms] [LOG] [ChatTransport] onmessage triggered, has currentResponseHandler: true @ webpack-internal:///(app-pages-browser)/./lib/chat-transport.ts:41
[   56082ms] [LOG] [ChatTransport] responseHandler called, data: {"type":"delta","content":"为","error":null,"message_id":"8d338756-dff5-4522-9368-df2aa46d4cb3","conversation_id":null,"itinerary":null,"stage":null} @ webpack-internal:///(app-pages-browser)/./lib/chat-transport.ts:137
[   56082ms] [LOG] [ChatTransport] onmessage triggered, has currentResponseHandler: true @ webpack-internal:///(app-pages-browser)/./lib/chat-transport.ts:41
[   56082ms] [LOG] [ChatTransport] responseHandler called, data: {"type":"delta","content":"社","error":null,"message_id":"8d338756-dff5-4522-9368-df2aa46d4cb3","conversation_id":null,"itinerary":null,"stage":null} @ webpack-internal:///(app-pages-browser)/./lib/chat-transport.ts:137
[   56110ms] [LOG] [ChatTransport] onmessage triggered, has currentResponseHandler: true @ webpack-internal:///(app-pages-browser)/./lib/chat-transport.ts:41
[   56111ms] [LOG] [ChatTransport] responseHandler called, data: {"type":"delta","content":"稷","error":null,"message_id":"8d338756-dff5-4522-9368-df2aa46d4cb3","conversation_id":null,"itinerary":null,"stage":null} @ webpack-internal:///(app-pages-browser)/./lib/chat-transport.ts:137
[   56111ms] [LOG] [ChatTransport] onmessage triggered, has currentResponseHandler: true @ webpack-internal:///(app-pages-browser)/./lib/chat-transport.ts:41
[   56111ms] [LOG] [ChatTransport] responseHandler called, data: {"type":"delta","content":"坛","error":null,"message_id":"8d338756-dff5-4522-9368-df2aa46d4cb3","conversation_id":null,"itinerary":null,"stage":null} @ webpack-internal:///(app-pages-browser)/./lib/chat-transport.ts:137
[   56200ms] [LOG] [ChatTransport] onmessage triggered, has currentResponseHandler: true @ webpack-internal:///(app-pages-browser)/./lib/chat-transport.ts:41
[   56200ms] [LOG] [ChatTransport] responseHandler called, data: {"type":"delta","content":"\n\n","error":null,"message_id":"8d338756-dff5-4522-9368-df2aa46d4cb3","conversation_id":null,"itinerary":null,"stage":null} @ webpack-internal:///(app-pages-browser)/./lib/chat-transport.ts:137
[   56200ms] [LOG] [ChatTransport] onmessage triggered, has currentResponseHandler: true @ webpack-internal:///(app-pages-browser)/./lib/chat-transport.ts:41
[   56201ms] [LOG] [ChatTransport] responseHandler called, data: {"type":"delta","content":"**","error":null,"message_id":"8d338756-dff5-4522-9368-df2aa46d4cb3","conversation_id":null,"itinerary":null,"stage":null} @ webpack-internal:///(app-pages-browser)/./lib/chat-transport.ts:137
[   56273ms] [LOG] [ChatTransport] onmessage triggered, has currentResponseHandler: true @ webpack-internal:///(app-pages-browser)/./lib/chat-transport.ts:41
[   56274ms] [LOG] [ChatTransport] responseHandler called, data: {"type":"delta","content":"文化","error":null,"message_id":"8d338756-dff5-4522-9368-df2aa46d4cb3","conversation_id":null,"itinerary":null,"stage":null} @ webpack-internal:///(app-pages-browser)/./lib/chat-transport.ts:137
[   56288ms] [LOG] [ChatTransport] onmessage triggered, has currentResponseHandler: true @ webpack-internal:///(app-pages-browser)/./lib/chat-transport.ts:41
[   56288ms] [LOG] [ChatTransport] responseHandler called, data: {"type":"delta","content":"体验","error":null,"message_id":"8d338756-dff5-4522-9368-df2aa46d4cb3","conversation_id":null,"itinerary":null,"stage":null} @ webpack-internal:///(app-pages-browser)/./lib/chat-transport.ts:137
[   56307ms] [LOG] [ChatTransport] onmessage triggered, has currentResponseHandler: true @ webpack-internal:///(app-pages-browser)/./lib/chat-transport.ts:41
[   56307ms] [LOG] [ChatTransport] responseHandler called, data: {"type":"delta","content":"区","error":null,"message_id":"8d338756-dff5-4522-9368-df2aa46d4cb3","conversation_id":null,"itinerary":null,"stage":null} @ webpack-internal:///(app-pages-browser)/./lib/chat-transport.ts:137
[   56369ms] [LOG] [ChatTransport] onmessage triggered, has currentResponseHandler: true @ webpack-internal:///(app-pages-browser)/./lib/chat-transport.ts:41
[   56370ms] [LOG] [ChatTransport] responseHandler called, data: {"type":"delta","content":"：","error":null,"message_id":"8d338756-dff5-4522-9368-df2aa46d4cb3","conversation_id":null,"itinerary":null,"stage":null} @ webpack-internal:///(app-pages-browser)/./lib/chat-transport.ts:137
[   56388ms] [LOG] [ChatTransport] onmessage triggered, has currentResponseHandler: true @ webpack-internal:///(app-pages-browser)/./lib/chat-transport.ts:41
[   56388ms] [LOG] [ChatTransport] responseHandler called, data: {"type":"delta","content":"**\n","error":null,"message_id":"8d338756-dff5-4522-9368-df2aa46d4cb3","conversation_id":null,"itinerary":null,"stage":null} @ webpack-internal:///(app-pages-browser)/./lib/chat-transport.ts:137
[   56423ms] [LOG] [ChatTransport] onmessage triggered, has currentResponseHandler: true @ webpack-internal:///(app-pages-browser)/./lib/chat-transport.ts:41
[   56423ms] [LOG] [ChatTransport] responseHandler called, data: {"type":"delta","content":"8","error":null,"message_id":"8d338756-dff5-4522-9368-df2aa46d4cb3","conversation_id":null,"itinerary":null,"stage":null} @ webpack-internal:///(app-pages-browser)/./lib/chat-transport.ts:137
[   56423ms] [LOG] [ChatTransport] onmessage triggered, has currentResponseHandler: true @ webpack-internal:///(app-pages-browser)/./lib/chat-transport.ts:41
[   56423ms] [LOG] [ChatTransport] responseHandler called, data: {"type":"delta","content":".","error":null,"message_id":"8d338756-dff5-4522-9368-df2aa46d4cb3","conversation_id":null,"itinerary":null,"stage":null} @ webpack-internal:///(app-pages-browser)/./lib/chat-transport.ts:137
[   56633ms] [LOG] [ChatTransport] onmessage triggered, has currentResponseHandler: true @ webpack-internal:///(app-pages-browser)/./lib/chat-transport.ts:41
[   56633ms] [LOG] [ChatTransport] responseHandler called, data: {"type":"delta","content":" **","error":null,"message_id":"8d338756-dff5-4522-9368-df2aa46d4cb3","conversation_id":null,"itinerary":null,"stage":null} @ webpack-internal:///(app-pages-browser)/./lib/chat-transport.ts:137
[   56649ms] [LOG] [ChatTransport] onmessage triggered, has currentResponseHandler: true @ webpack-internal:///(app-pages-browser)/./lib/chat-transport.ts:41
[   56649ms] [LOG] [ChatTransport] responseHandler called, data: {"type":"delta","content":"前","error":null,"message_id":"8d338756-dff5-4522-9368-df2aa46d4cb3","conversation_id":null,"itinerary":null,"stage":null} @ webpack-internal:///(app-pages-browser)/./lib/chat-transport.ts:137
[   56663ms] [LOG] [ChatTransport] onmessage triggered, has currentResponseHandler: true @ webpack-internal:///(app-pages-browser)/./lib/chat-transport.ts:41
[   56664ms] [LOG] [ChatTransport] responseHandler called, data: {"type":"delta","content":"门","error":null,"message_id":"8d338756-dff5-4522-9368-df2aa46d4cb3","conversation_id":null,"itinerary":null,"stage":null} @ webpack-internal:///(app-pages-browser)/./lib/chat-transport.ts:137
[   56665ms] [LOG] [ChatTransport] onmessage triggered, has currentResponseHandler: true @ webpack-internal:///(app-pages-browser)/./lib/chat-transport.ts:41
[   56665ms] [LOG] [ChatTransport] responseHandler called, data: {"type":"delta","content":"大街","error":null,"message_id":"8d338756-dff5-4522-9368-df2aa46d4cb3","conversation_id":null,"itinerary":null,"stage":null} @ webpack-internal:///(app-pages-browser)/./lib/chat-transport.ts:137
[   56665ms] [LOG] [ChatTransport] onmessage triggered, has currentResponseHandler: true @ webpack-internal:///(app-pages-browser)/./lib/chat-transport.ts:41
[   56665ms] [LOG] [ChatTransport] responseHandler called, data: {"type":"delta","content":"**","error":null,"message_id":"8d338756-dff5-4522-9368-df2aa46d4cb3","conversation_id":null,"itinerary":null,"stage":null} @ webpack-internal:///(app-pages-browser)/./lib/chat-transport.ts:137
[   56666ms] [LOG] [ChatTransport] onmessage triggered, has currentResponseHandler: true @ webpack-internal:///(app-pages-browser)/./lib/chat-transport.ts:41
[   56666ms] [LOG] [ChatTransport] responseHandler called, data: {"type":"delta","content":" -","error":null,"message_id":"8d338756-dff5-4522-9368-df2aa46d4cb3","conversation_id":null,"itinerary":null,"stage":null} @ webpack-internal:///(app-pages-browser)/./lib/chat-transport.ts:137
[   56675ms] [LOG] [ChatTransport] onmessage triggered, has currentResponseHandler: true @ webpack-internal:///(app-pages-browser)/./lib/chat-transport.ts:41
[   56675ms] [LOG] [ChatTransport] responseHandler called, data: {"type":"delta","content":" ","error":null,"message_id":"8d338756-dff5-4522-9368-df2aa46d4cb3","conversation_id":null,"itinerary":null,"stage":null} @ webpack-internal:///(app-pages-browser)/./lib/chat-transport.ts:137
[   56687ms] [LOG] [ChatTransport] onmessage triggered, has currentResponseHandler: true @ webpack-internal:///(app-pages-browser)/./lib/chat-transport.ts:41
[   56688ms] [LOG] [ChatTransport] responseHandler called, data: {"type":"delta","content":"传统","error":null,"message_id":"8d338756-dff5-4522-9368-df2aa46d4cb3","conversation_id":null,"itinerary":null,"stage":null} @ webpack-internal:///(app-pages-browser)/./lib/chat-transport.ts:137
[   56723ms] [LOG] [ChatTransport] onmessage triggered, has currentResponseHandler: true @ webpack-internal:///(app-pages-browser)/./lib/chat-transport.ts:41
[   56724ms] [LOG] [ChatTransport] responseHandler called, data: {"type":"delta","content":"商业","error":null,"message_id":"8d338756-dff5-4522-9368-df2aa46d4cb3","conversation_id":null,"itinerary":null,"stage":null} @ webpack-internal:///(app-pages-browser)/./lib/chat-transport.ts:137
[   56740ms] [LOG] [ChatTransport] onmessage triggered, has currentResponseHandler: true @ webpack-internal:///(app-pages-browser)/./lib/chat-transport.ts:41
[   56740ms] [LOG] [ChatTransport] responseHandler called, data: {"type":"delta","content":"街","error":null,"message_id":"8d338756-dff5-4522-9368-df2aa46d4cb3","conversation_id":null,"itinerary":null,"stage":null} @ webpack-internal:///(app-pages-browser)/./lib/chat-transport.ts:137
[   56802ms] [LOG] [ChatTransport] onmessage triggered, has currentResponseHandler: true @ webpack-internal:///(app-pages-browser)/./lib/chat-transport.ts:41
[   56802ms] [LOG] [ChatTransport] responseHandler called, data: {"type":"delta","content":"，","error":null,"message_id":"8d338756-dff5-4522-9368-df2aa46d4cb3","conversation_id":null,"itinerary":null,"stage":null} @ webpack-internal:///(app-pages-browser)/./lib/chat-transport.ts:137
[   56812ms] [LOG] [ChatTransport] onmessage triggered, has currentResponseHandler: true @ webpack-internal:///(app-pages-browser)/./lib/chat-transport.ts:41
[   56813ms] [LOG] [ChatTransport] responseHandler called, data: {"type":"delta","content":"老","error":null,"message_id":"8d338756-dff5-4522-9368-df2aa46d4cb3","conversation_id":null,"itinerary":null,"stage":null} @ webpack-internal:///(app-pages-browser)/./lib/chat-transport.ts:137
[   56862ms] [LOG] [ChatTransport] onmessage triggered, has currentResponseHandler: true @ webpack-internal:///(app-pages-browser)/./lib/chat-transport.ts:41
[   56863ms] [LOG] [ChatTransport] responseHandler called, data: {"type":"delta","content":"字号","error":null,"message_id":"8d338756-dff5-4522-9368-df2aa46d4cb3","conversation_id":null,"itinerary":null,"stage":null} @ webpack-internal:///(app-pages-browser)/./lib/chat-transport.ts:137
[   56863ms] [LOG] [ChatTransport] onmessage triggered, has currentResponseHandler: true @ webpack-internal:///(app-pages-browser)/./lib/chat-transport.ts:41
[   56863ms] [LOG] [ChatTransport] responseHandler called, data: {"type":"delta","content":"集中","error":null,"message_id":"8d338756-dff5-4522-9368-df2aa46d4cb3","conversation_id":null,"itinerary":null,"stage":null} @ webpack-internal:///(app-pages-browser)/./lib/chat-transport.ts:137
[   56945ms] [LOG] [ChatTransport] onmessage triggered, has currentResponseHandler: true @ webpack-internal:///(app-pages-browser)/./lib/chat-transport.ts:41
[   56945ms] [LOG] [ChatTransport] responseHandler called, data: {"type":"delta","content":"地","error":null,"message_id":"8d338756-dff5-4522-9368-df2aa46d4cb3","conversation_id":null,"itinerary":null,"stage":null} @ webpack-internal:///(app-pages-browser)/./lib/chat-transport.ts:137
[   56962ms] [LOG] [ChatTransport] onmessage triggered, has currentResponseHandler: true @ webpack-internal:///(app-pages-browser)/./lib/chat-transport.ts:41
[   56962ms] [LOG] [ChatTransport] responseHandler called, data: {"type":"delta","content":"\n","error":null,"message_id":"8d338756-dff5-4522-9368-df2aa46d4cb3","conversation_id":null,"itinerary":null,"stage":null} @ webpack-internal:///(app-pages-browser)/./lib/chat-transport.ts:137
[   56983ms] [LOG] [ChatTransport] onmessage triggered, has currentResponseHandler: true @ webpack-internal:///(app-pages-browser)/./lib/chat-transport.ts:41
[   56983ms] [LOG] [ChatTransport] responseHandler called, data: {"type":"delta","content":"9","error":null,"message_id":"8d338756-dff5-4522-9368-df2aa46d4cb3","conversation_id":null,"itinerary":null,"stage":null} @ webpack-internal:///(app-pages-browser)/./lib/chat-transport.ts:137
[   56984ms] [LOG] [ChatTransport] onmessage triggered, has currentResponseHandler: true @ webpack-internal:///(app-pages-browser)/./lib/chat-transport.ts:41
[   56984ms] [LOG] [ChatTransport] responseHandler called, data: {"type":"delta","content":".","error":null,"message_id":"8d338756-dff5-4522-9368-df2aa46d4cb3","conversation_id":null,"itinerary":null,"stage":null} @ webpack-internal:///(app-pages-browser)/./lib/chat-transport.ts:137
[   57035ms] [LOG] [ChatTransport] onmessage triggered, has currentResponseHandler: true @ webpack-internal:///(app-pages-browser)/./lib/chat-transport.ts:41
[   57035ms] [LOG] [ChatTransport] responseHandler called, data: {"type":"delta","content":" **","error":null,"message_id":"8d338756-dff5-4522-9368-df2aa46d4cb3","conversation_id":null,"itinerary":null,"stage":null} @ webpack-internal:///(app-pages-browser)/./lib/chat-transport.ts:137
[   57046ms] [LOG] [ChatTransport] onmessage triggered, has currentResponseHandler: true @ webpack-internal:///(app-pages-browser)/./lib/chat-transport.ts:41
[   57047ms] [LOG] [ChatTransport] responseHandler called, data: {"type":"delta","content":"王府","error":null,"message_id":"8d338756-dff5-4522-9368-df2aa46d4cb3","conversation_id":null,"itinerary":null,"stage":null} @ webpack-internal:///(app-pages-browser)/./lib/chat-transport.ts:137
[   57094ms] [LOG] [ChatTransport] onmessage triggered, has currentResponseHandler: true @ webpack-internal:///(app-pages-browser)/./lib/chat-transport.ts:41
[   57094ms] [LOG] [ChatTransport] responseHandler called, data: {"type":"delta","content":"井","error":null,"message_id":"8d338756-dff5-4522-9368-df2aa46d4cb3","conversation_id":null,"itinerary":null,"stage":null} @ webpack-internal:///(app-pages-browser)/./lib/chat-transport.ts:137
[   57103ms] [LOG] [ChatTransport] onmessage triggered, has currentResponseHandler: true @ webpack-internal:///(app-pages-browser)/./lib/chat-transport.ts:41
[   57103ms] [LOG] [ChatTransport] responseHandler called, data: {"type":"delta","content":"步行","error":null,"message_id":"8d338756-dff5-4522-9368-df2aa46d4cb3","conversation_id":null,"itinerary":null,"stage":null} @ webpack-internal:///(app-pages-browser)/./lib/chat-transport.ts:137
[   57494ms] [LOG] [ChatTransport] onmessage triggered, has currentResponseHandler: true @ webpack-internal:///(app-pages-browser)/./lib/chat-transport.ts:41
[   57495ms] [LOG] [ChatTransport] responseHandler called, data: {"type":"delta","content":"街","error":null,"message_id":"8d338756-dff5-4522-9368-df2aa46d4cb3","conversation_id":null,"itinerary":null,"stage":null} @ webpack-internal:///(app-pages-browser)/./lib/chat-transport.ts:137
[   57512ms] [LOG] [ChatTransport] onmessage triggered, has currentResponseHandler: true @ webpack-internal:///(app-pages-browser)/./lib/chat-transport.ts:41
[   57513ms] [LOG] [ChatTransport] responseHandler called, data: {"type":"delta","content":"**","error":null,"message_id":"8d338756-dff5-4522-9368-df2aa46d4cb3","conversation_id":null,"itinerary":null,"stage":null} @ webpack-internal:///(app-pages-browser)/./lib/chat-transport.ts:137
[   57531ms] [LOG] [ChatTransport] onmessage triggered, has currentResponseHandler: true @ webpack-internal:///(app-pages-browser)/./lib/chat-transport.ts:41
[   57532ms] [LOG] [ChatTransport] responseHandler called, data: {"type":"delta","content":" -","error":null,"message_id":"8d338756-dff5-4522-9368-df2aa46d4cb3","conversation_id":null,"itinerary":null,"stage":null} @ webpack-internal:///(app-pages-browser)/./lib/chat-transport.ts:137
[   57546ms] [LOG] [ChatTransport] onmessage triggered, has currentResponseHandler: true @ webpack-internal:///(app-pages-browser)/./lib/chat-transport.ts:41
[   57546ms] [LOG] [ChatTransport] responseHandler called, data: {"type":"delta","content":" ","error":null,"message_id":"8d338756-dff5-4522-9368-df2aa46d4cb3","conversation_id":null,"itinerary":null,"stage":null} @ webpack-internal:///(app-pages-browser)/./lib/chat-transport.ts:137
[   57546ms] [LOG] [ChatTransport] onmessage triggered, has currentResponseHandler: true @ webpack-internal:///(app-pages-browser)/./lib/chat-transport.ts:41
[   57546ms] [LOG] [ChatTransport] responseHandler called, data: {"type":"delta","content":"现代化","error":null,"message_id":"8d338756-dff5-4522-9368-df2aa46d4cb3","conversation_id":null,"itinerary":null,"stage":null} @ webpack-internal:///(app-pages-browser)/./lib/chat-transport.ts:137
[   57546ms] [LOG] [ChatTransport] onmessage triggered, has currentResponseHandler: true @ webpack-internal:///(app-pages-browser)/./lib/chat-transport.ts:41
[   57547ms] [LOG] [ChatTransport] responseHandler called, data: {"type":"delta","content":"商业","error":null,"message_id":"8d338756-dff5-4522-9368-df2aa46d4cb3","conversation_id":null,"itinerary":null,"stage":null} @ webpack-internal:///(app-pages-browser)/./lib/chat-transport.ts:137
[   57547ms] [LOG] [ChatTransport] onmessage triggered, has currentResponseHandler: true @ webpack-internal:///(app-pages-browser)/./lib/chat-transport.ts:41
[   57547ms] [LOG] [ChatTransport] responseHandler called, data: {"type":"delta","content":"中心","error":null,"message_id":"8d338756-dff5-4522-9368-df2aa46d4cb3","conversation_id":null,"itinerary":null,"stage":null} @ webpack-internal:///(app-pages-browser)/./lib/chat-transport.ts:137
[   57547ms] [LOG] [ChatTransport] onmessage triggered, has currentResponseHandler: true @ webpack-internal:///(app-pages-browser)/./lib/chat-transport.ts:41
[   57547ms] [LOG] [ChatTransport] responseHandler called, data: {"type":"delta","content":"，","error":null,"message_id":"8d338756-dff5-4522-9368-df2aa46d4cb3","conversation_id":null,"itinerary":null,"stage":null} @ webpack-internal:///(app-pages-browser)/./lib/chat-transport.ts:137
[   57547ms] [LOG] [ChatTransport] onmessage triggered, has currentResponseHandler: true @ webpack-internal:///(app-pages-browser)/./lib/chat-transport.ts:41
[   57547ms] [LOG] [ChatTransport] responseHandler called, data: {"type":"delta","content":"购物","error":null,"message_id":"8d338756-dff5-4522-9368-df2aa46d4cb3","conversation_id":null,"itinerary":null,"stage":null} @ webpack-internal:///(app-pages-browser)/./lib/chat-transport.ts:137
[   57547ms] [LOG] [ChatTransport] onmessage triggered, has currentResponseHandler: true @ webpack-internal:///(app-pages-browser)/./lib/chat-transport.ts:41
[   57548ms] [LOG] [ChatTransport] responseHandler called, data: {"type":"delta","content":"美食","error":null,"message_id":"8d338756-dff5-4522-9368-df2aa46d4cb3","conversation_id":null,"itinerary":null,"stage":null} @ webpack-internal:///(app-pages-browser)/./lib/chat-transport.ts:137
[   57548ms] [LOG] [ChatTransport] onmessage triggered, has currentResponseHandler: true @ webpack-internal:///(app-pages-browser)/./lib/chat-transport.ts:41
[   57548ms] [LOG] [ChatTransport] responseHandler called, data: {"type":"delta","content":"天堂","error":null,"message_id":"8d338756-dff5-4522-9368-df2aa46d4cb3","conversation_id":null,"itinerary":null,"stage":null} @ webpack-internal:///(app-pages-browser)/./lib/chat-transport.ts:137
[   57548ms] [LOG] [ChatTransport] onmessage triggered, has currentResponseHandler: true @ webpack-internal:///(app-pages-browser)/./lib/chat-transport.ts:41
[   57548ms] [LOG] [ChatTransport] responseHandler called, data: {"type":"delta","content":"\n","error":null,"message_id":"8d338756-dff5-4522-9368-df2aa46d4cb3","conversation_id":null,"itinerary":null,"stage":null} @ webpack-internal:///(app-pages-browser)/./lib/chat-transport.ts:137
[   57548ms] [LOG] [ChatTransport] onmessage triggered, has currentResponseHandler: true @ webpack-internal:///(app-pages-browser)/./lib/chat-transport.ts:41
[   57548ms] [LOG] [ChatTransport] responseHandler called, data: {"type":"delta","content":"10","error":null,"message_id":"8d338756-dff5-4522-9368-df2aa46d4cb3","conversation_id":null,"itinerary":null,"stage":null} @ webpack-internal:///(app-pages-browser)/./lib/chat-transport.ts:137
[   57584ms] [LOG] [ChatTransport] onmessage triggered, has currentResponseHandler: true @ webpack-internal:///(app-pages-browser)/./lib/chat-transport.ts:41
[   57584ms] [LOG] [ChatTransport] responseHandler called, data: {"type":"delta","content":".","error":null,"message_id":"8d338756-dff5-4522-9368-df2aa46d4cb3","conversation_id":null,"itinerary":null,"stage":null} @ webpack-internal:///(app-pages-browser)/./lib/chat-transport.ts:137
[   57600ms] [LOG] [ChatTransport] onmessage triggered, has currentResponseHandler: true @ webpack-internal:///(app-pages-browser)/./lib/chat-transport.ts:41
[   57600ms] [LOG] [ChatTransport] responseHandler called, data: {"type":"delta","content":" **","error":null,"message_id":"8d338756-dff5-4522-9368-df2aa46d4cb3","conversation_id":null,"itinerary":null,"stage":null} @ webpack-internal:///(app-pages-browser)/./lib/chat-transport.ts:137
[   57639ms] [LOG] [ChatTransport] onmessage triggered, has currentResponseHandler: true @ webpack-internal:///(app-pages-browser)/./lib/chat-transport.ts:41
[   57639ms] [LOG] [ChatTransport] responseHandler called, data: {"type":"delta","content":"南","error":null,"message_id":"8d338756-dff5-4522-9368-df2aa46d4cb3","conversation_id":null,"itinerary":null,"stage":null} @ webpack-internal:///(app-pages-browser)/./lib/chat-transport.ts:137
[   57649ms] [LOG] [ChatTransport] onmessage triggered, has currentResponseHandler: true @ webpack-internal:///(app-pages-browser)/./lib/chat-transport.ts:41
[   57649ms] [LOG] [ChatTransport] responseHandler called, data: {"type":"delta","content":"锣","error":null,"message_id":"8d338756-dff5-4522-9368-df2aa46d4cb3","conversation_id":null,"itinerary":null,"stage":null} @ webpack-internal:///(app-pages-browser)/./lib/chat-transport.ts:137
[   57700ms] [LOG] [ChatTransport] onmessage triggered, has currentResponseHandler: true @ webpack-internal:///(app-pages-browser)/./lib/chat-transport.ts:41
[   57701ms] [LOG] [ChatTransport] responseHandler called, data: {"type":"delta","content":"鼓","error":null,"message_id":"8d338756-dff5-4522-9368-df2aa46d4cb3","conversation_id":null,"itinerary":null,"stage":null} @ webpack-internal:///(app-pages-browser)/./lib/chat-transport.ts:137
[   57709ms] [LOG] [ChatTransport] onmessage triggered, has currentResponseHandler: true @ webpack-internal:///(app-pages-browser)/./lib/chat-transport.ts:41
[   57709ms] [LOG] [ChatTransport] responseHandler called, data: {"type":"delta","content":"巷","error":null,"message_id":"8d338756-dff5-4522-9368-df2aa46d4cb3","conversation_id":null,"itinerary":null,"stage":null} @ webpack-internal:///(app-pages-browser)/./lib/chat-transport.ts:137
[   57777ms] [LOG] [ChatTransport] onmessage triggered, has currentResponseHandler: true @ webpack-internal:///(app-pages-browser)/./lib/chat-transport.ts:41
[   57778ms] [LOG] [ChatTransport] responseHandler called, data: {"type":"delta","content":"**","error":null,"message_id":"8d338756-dff5-4522-9368-df2aa46d4cb3","conversation_id":null,"itinerary":null,"stage":null} @ webpack-internal:///(app-pages-browser)/./lib/chat-transport.ts:137
[   57793ms] [LOG] [ChatTransport] onmessage triggered, has currentResponseHandler: true @ webpack-internal:///(app-pages-browser)/./lib/chat-transport.ts:41
[   57793ms] [LOG] [ChatTransport] responseHandler called, data: {"type":"delta","content":" -","error":null,"message_id":"8d338756-dff5-4522-9368-df2aa46d4cb3","conversation_id":null,"itinerary":null,"stage":null} @ webpack-internal:///(app-pages-browser)/./lib/chat-transport.ts:137
[   57844ms] [LOG] [ChatTransport] onmessage triggered, has currentResponseHandler: true @ webpack-internal:///(app-pages-browser)/./lib/chat-transport.ts:41
[   57845ms] [LOG] [ChatTransport] responseHandler called, data: {"type":"delta","content":" ","error":null,"message_id":"8d338756-dff5-4522-9368-df2aa46d4cb3","conversation_id":null,"itinerary":null,"stage":null} @ webpack-internal:///(app-pages-browser)/./lib/chat-transport.ts:137
[   57859ms] [LOG] [ChatTransport] onmessage triggered, has currentResponseHandler: true @ webpack-internal:///(app-pages-browser)/./lib/chat-transport.ts:41
[   57859ms] [LOG] [ChatTransport] responseHandler called, data: {"type":"delta","content":"北京","error":null,"message_id":"8d338756-dff5-4522-9368-df2aa46d4cb3","conversation_id":null,"itinerary":null,"stage":null} @ webpack-internal:///(app-pages-browser)/./lib/chat-transport.ts:137
[   57914ms] [LOG] [ChatTransport] onmessage triggered, has currentResponseHandler: true @ webpack-internal:///(app-pages-browser)/./lib/chat-transport.ts:41
[   57914ms] [LOG] [ChatTransport] responseHandler called, data: {"type":"delta","content":"最","error":null,"message_id":"8d338756-dff5-4522-9368-df2aa46d4cb3","conversation_id":null,"itinerary":null,"stage":null} @ webpack-internal:///(app-pages-browser)/./lib/chat-transport.ts:137
[   57973ms] [LOG] [ChatTransport] onmessage triggered, has currentResponseHandler: true @ webpack-internal:///(app-pages-browser)/./lib/chat-transport.ts:41
[   57973ms] [LOG] [ChatTransport] responseHandler called, data: {"type":"delta","content":"古老的","error":null,"message_id":"8d338756-dff5-4522-9368-df2aa46d4cb3","conversation_id":null,"itinerary":null,"stage":null} @ webpack-internal:///(app-pages-browser)/./lib/chat-transport.ts:137
[   57989ms] [LOG] [ChatTransport] onmessage triggered, has currentResponseHandler: true @ webpack-internal:///(app-pages-browser)/./lib/chat-transport.ts:41
[   57990ms] [LOG] [ChatTransport] responseHandler called, data: {"type":"delta","content":"街区","error":null,"message_id":"8d338756-dff5-4522-9368-df2aa46d4cb3","conversation_id":null,"itinerary":null,"stage":null} @ webpack-internal:///(app-pages-browser)/./lib/chat-transport.ts:137
[   58040ms] [LOG] [ChatTransport] onmessage triggered, has currentResponseHandler: true @ webpack-internal:///(app-pages-browser)/./lib/chat-transport.ts:41
[   58040ms] [LOG] [ChatTransport] responseHandler called, data: {"type":"delta","content":"之一","error":null,"message_id":"8d338756-dff5-4522-9368-df2aa46d4cb3","conversation_id":null,"itinerary":null,"stage":null} @ webpack-internal:///(app-pages-browser)/./lib/chat-transport.ts:137
[   58053ms] [LOG] [ChatTransport] onmessage triggered, has currentResponseHandler: true @ webpack-internal:///(app-pages-browser)/./lib/chat-transport.ts:41
[   58053ms] [LOG] [ChatTransport] responseHandler called, data: {"type":"delta","content":"，","error":null,"message_id":"8d338756-dff5-4522-9368-df2aa46d4cb3","conversation_id":null,"itinerary":null,"stage":null} @ webpack-internal:///(app-pages-browser)/./lib/chat-transport.ts:137
[   58151ms] [LOG] [ChatTransport] onmessage triggered, has currentResponseHandler: true @ webpack-internal:///(app-pages-browser)/./lib/chat-transport.ts:41
[   58152ms] [LOG] [ChatTransport] responseHandler called, data: {"type":"delta","content":"胡同","error":null,"message_id":"8d338756-dff5-4522-9368-df2aa46d4cb3","conversation_id":null,"itinerary":null,"stage":null} @ webpack-internal:///(app-pages-browser)/./lib/chat-transport.ts:137
[   58167ms] [LOG] [ChatTransport] onmessage triggered, has currentResponseHandler: true @ webpack-internal:///(app-pages-browser)/./lib/chat-transport.ts:41
[   58167ms] [LOG] [ChatTransport] responseHandler called, data: {"type":"delta","content":"文化","error":null,"message_id":"8d338756-dff5-4522-9368-df2aa46d4cb3","conversation_id":null,"itinerary":null,"stage":null} @ webpack-internal:///(app-pages-browser)/./lib/chat-transport.ts:137
[   58183ms] [LOG] [ChatTransport] onmessage triggered, has currentResponseHandler: true @ webpack-internal:///(app-pages-browser)/./lib/chat-transport.ts:41
[   58183ms] [LOG] [ChatTransport] responseHandler called, data: {"type":"delta","content":"体验","error":null,"message_id":"8d338756-dff5-4522-9368-df2aa46d4cb3","conversation_id":null,"itinerary":null,"stage":null} @ webpack-internal:///(app-pages-browser)/./lib/chat-transport.ts:137
[   58228ms] [LOG] [ChatTransport] onmessage triggered, has currentResponseHandler: true @ webpack-internal:///(app-pages-browser)/./lib/chat-transport.ts:41
[   58228ms] [LOG] [ChatTransport] responseHandler called, data: {"type":"delta","content":"\n","error":null,"message_id":"8d338756-dff5-4522-9368-df2aa46d4cb3","conversation_id":null,"itinerary":null,"stage":null} @ webpack-internal:///(app-pages-browser)/./lib/chat-transport.ts:137
[   58239ms] [LOG] [ChatTransport] onmessage triggered, has currentResponseHandler: true @ webpack-internal:///(app-pages-browser)/./lib/chat-transport.ts:41
[   58240ms] [LOG] [ChatTransport] responseHandler called, data: {"type":"delta","content":"11","error":null,"message_id":"8d338756-dff5-4522-9368-df2aa46d4cb3","conversation_id":null,"itinerary":null,"stage":null} @ webpack-internal:///(app-pages-browser)/./lib/chat-transport.ts:137
[   58287ms] [LOG] [ChatTransport] onmessage triggered, has currentResponseHandler: true @ webpack-internal:///(app-pages-browser)/./lib/chat-transport.ts:41
[   58287ms] [LOG] [ChatTransport] responseHandler called, data: {"type":"delta","content":".","error":null,"message_id":"8d338756-dff5-4522-9368-df2aa46d4cb3","conversation_id":null,"itinerary":null,"stage":null} @ webpack-internal:///(app-pages-browser)/./lib/chat-transport.ts:137
[   58300ms] [LOG] [ChatTransport] onmessage triggered, has currentResponseHandler: true @ webpack-internal:///(app-pages-browser)/./lib/chat-transport.ts:41
[   58300ms] [LOG] [ChatTransport] responseHandler called, data: {"type":"delta","content":" **","error":null,"message_id":"8d338756-dff5-4522-9368-df2aa46d4cb3","conversation_id":null,"itinerary":null,"stage":null} @ webpack-internal:///(app-pages-browser)/./lib/chat-transport.ts:137
[   58326ms] [LOG] [ChatTransport] onmessage triggered, has currentResponseHandler: true @ webpack-internal:///(app-pages-browser)/./lib/chat-transport.ts:41
[   58326ms] [LOG] [ChatTransport] responseHandler called, data: {"type":"delta","content":"南","error":null,"message_id":"8d338756-dff5-4522-9368-df2aa46d4cb3","conversation_id":null,"itinerary":null,"stage":null} @ webpack-internal:///(app-pages-browser)/./lib/chat-transport.ts:137
[   58326ms] [LOG] [ChatTransport] onmessage triggered, has currentResponseHandler: true @ webpack-internal:///(app-pages-browser)/./lib/chat-transport.ts:41
[   58326ms] [LOG] [ChatTransport] responseHandler called, data: {"type":"delta","content":"池","error":null,"message_id":"8d338756-dff5-4522-9368-df2aa46d4cb3","conversation_id":null,"itinerary":null,"stage":null} @ webpack-internal:///(app-pages-browser)/./lib/chat-transport.ts:137
[   58382ms] [LOG] [ChatTransport] onmessage triggered, has currentResponseHandler: true @ webpack-internal:///(app-pages-browser)/./lib/chat-transport.ts:41
[   58382ms] [LOG] [ChatTransport] responseHandler called, data: {"type":"delta","content":"子","error":null,"message_id":"8d338756-dff5-4522-9368-df2aa46d4cb3","conversation_id":null,"itinerary":null,"stage":null} @ webpack-internal:///(app-pages-browser)/./lib/chat-transport.ts:137
[   58397ms] [LOG] [ChatTransport] onmessage triggered, has currentResponseHandler: true @ webpack-internal:///(app-pages-browser)/./lib/chat-transport.ts:41
[   58398ms] [LOG] [ChatTransport] responseHandler called, data: {"type":"delta","content":"大街","error":null,"message_id":"8d338756-dff5-4522-9368-df2aa46d4cb3","conversation_id":null,"itinerary":null,"stage":null} @ webpack-internal:///(app-pages-browser)/./lib/chat-transport.ts:137
[   58446ms] [LOG] [ChatTransport] onmessage triggered, has currentResponseHandler: true @ webpack-internal:///(app-pages-browser)/./lib/chat-transport.ts:41
[   58446ms] [LOG] [ChatTransport] responseHandler called, data: {"type":"delta","content":"**","error":null,"message_id":"8d338756-dff5-4522-9368-df2aa46d4cb3","conversation_id":null,"itinerary":null,"stage":null} @ webpack-internal:///(app-pages-browser)/./lib/chat-transport.ts:137
[   58447ms] [LOG] [ChatTransport] onmessage triggered, has currentResponseHandler: true @ webpack-internal:///(app-pages-browser)/./lib/chat-transport.ts:41
[   58447ms] [LOG] [ChatTransport] responseHandler called, data: {"type":"delta","content":" -","error":null,"message_id":"8d338756-dff5-4522-9368-df2aa46d4cb3","conversation_id":null,"itinerary":null,"stage":null} @ webpack-internal:///(app-pages-browser)/./lib/chat-transport.ts:137
[   58524ms] [LOG] [ChatTransport] onmessage triggered, has currentResponseHandler: true @ webpack-internal:///(app-pages-browser)/./lib/chat-transport.ts:41
[   58525ms] [LOG] [ChatTransport] responseHandler called, data: {"type":"delta","content":" ","error":null,"message_id":"8d338756-dff5-4522-9368-df2aa46d4cb3","conversation_id":null,"itinerary":null,"stage":null} @ webpack-internal:///(app-pages-browser)/./lib/chat-transport.ts:137
[   58525ms] [LOG] [ChatTransport] onmessage triggered, has currentResponseHandler: true @ webpack-internal:///(app-pages-browser)/./lib/chat-transport.ts:41
[   58525ms] [LOG] [ChatTransport] responseHandler called, data: {"type":"delta","content":"靠近","error":null,"message_id":"8d338756-dff5-4522-9368-df2aa46d4cb3","conversation_id":null,"itinerary":null,"stage":null} @ webpack-internal:///(app-pages-browser)/./lib/chat-transport.ts:137
[   58561ms] [LOG] [ChatTransport] onmessage triggered, has currentResponseHandler: true @ webpack-internal:///(app-pages-browser)/./lib/chat-transport.ts:41
[   58561ms] [LOG] [ChatTransport] responseHandler called, data: {"type":"delta","content":"故宫","error":null,"message_id":"8d338756-dff5-4522-9368-df2aa46d4cb3","conversation_id":null,"itinerary":null,"stage":null} @ webpack-internal:///(app-pages-browser)/./lib/chat-transport.ts:137
[   58562ms] [LOG] [ChatTransport] onmessage triggered, has currentResponseHandler: true @ webpack-internal:///(app-pages-browser)/./lib/chat-transport.ts:41
[   58562ms] [LOG] [ChatTransport] responseHandler called, data: {"type":"delta","content":"的传统","error":null,"message_id":"8d338756-dff5-4522-9368-df2aa46d4cb3","conversation_id":null,"itinerary":null,"stage":null} @ webpack-internal:///(app-pages-browser)/./lib/chat-transport.ts:137
[   58626ms] [LOG] [ChatTransport] onmessage triggered, has currentResponseHandler: true @ webpack-internal:///(app-pages-browser)/./lib/chat-transport.ts:41
[   58626ms] [LOG] [ChatTransport] responseHandler called, data: {"type":"delta","content":"街区","error":null,"message_id":"8d338756-dff5-4522-9368-df2aa46d4cb3","conversation_id":null,"itinerary":null,"stage":null} @ webpack-internal:///(app-pages-browser)/./lib/chat-transport.ts:137
[   58681ms] [LOG] [ChatTransport] onmessage triggered, has currentResponseHandler: true @ webpack-internal:///(app-pages-browser)/./lib/chat-transport.ts:41
[   58682ms] [LOG] [ChatTransport] responseHandler called, data: {"type":"delta","content":"\n\n","error":null,"message_id":"8d338756-dff5-4522-9368-df2aa46d4cb3","conversation_id":null,"itinerary":null,"stage":null} @ webpack-internal:///(app-pages-browser)/./lib/chat-transport.ts:137
[   58694ms] [LOG] [ChatTransport] onmessage triggered, has currentResponseHandler: true @ webpack-internal:///(app-pages-browser)/./lib/chat-transport.ts:41
[   58694ms] [LOG] [ChatTransport] responseHandler called, data: {"type":"delta","content":"**","error":null,"message_id":"8d338756-dff5-4522-9368-df2aa46d4cb3","conversation_id":null,"itinerary":null,"stage":null} @ webpack-internal:///(app-pages-browser)/./lib/chat-transport.ts:137
[   58744ms] [LOG] [ChatTransport] onmessage triggered, has currentResponseHandler: true @ webpack-internal:///(app-pages-browser)/./lib/chat-transport.ts:41
[   58745ms] [LOG] [ChatTransport] responseHandler called, data: {"type":"delta","content":"博物馆","error":null,"message_id":"8d338756-dff5-4522-9368-df2aa46d4cb3","conversation_id":null,"itinerary":null,"stage":null} @ webpack-internal:///(app-pages-browser)/./lib/chat-transport.ts:137
[   58753ms] [LOG] [ChatTransport] onmessage triggered, has currentResponseHandler: true @ webpack-internal:///(app-pages-browser)/./lib/chat-transport.ts:41
[   58753ms] [LOG] [ChatTransport] responseHandler called, data: {"type":"delta","content":"：","error":null,"message_id":"8d338756-dff5-4522-9368-df2aa46d4cb3","conversation_id":null,"itinerary":null,"stage":null} @ webpack-internal:///(app-pages-browser)/./lib/chat-transport.ts:137
[   58809ms] [LOG] [ChatTransport] onmessage triggered, has currentResponseHandler: true @ webpack-internal:///(app-pages-browser)/./lib/chat-transport.ts:41
[   58809ms] [LOG] [ChatTransport] responseHandler called, data: {"type":"delta","content":"**\n","error":null,"message_id":"8d338756-dff5-4522-9368-df2aa46d4cb3","conversation_id":null,"itinerary":null,"stage":null} @ webpack-internal:///(app-pages-browser)/./lib/chat-transport.ts:137
[   58823ms] [LOG] [ChatTransport] onmessage triggered, has currentResponseHandler: true @ webpack-internal:///(app-pages-browser)/./lib/chat-transport.ts:41
[   58823ms] [LOG] [ChatTransport] responseHandler called, data: {"type":"delta","content":"12","error":null,"message_id":"8d338756-dff5-4522-9368-df2aa46d4cb3","conversation_id":null,"itinerary":null,"stage":null} @ webpack-internal:///(app-pages-browser)/./lib/chat-transport.ts:137
[   58863ms] [LOG] [ChatTransport] onmessage triggered, has currentResponseHandler: true @ webpack-internal:///(app-pages-browser)/./lib/chat-transport.ts:41
[   58864ms] [LOG] [ChatTransport] responseHandler called, data: {"type":"delta","content":".","error":null,"message_id":"8d338756-dff5-4522-9368-df2aa46d4cb3","conversation_id":null,"itinerary":null,"stage":null} @ webpack-internal:///(app-pages-browser)/./lib/chat-transport.ts:137
[   58864ms] [LOG] [ChatTransport] onmessage triggered, has currentResponseHandler: true @ webpack-internal:///(app-pages-browser)/./lib/chat-transport.ts:41
[   58864ms] [LOG] [ChatTransport] responseHandler called, data: {"type":"delta","content":" **","error":null,"message_id":"8d338756-dff5-4522-9368-df2aa46d4cb3","conversation_id":null,"itinerary":null,"stage":null} @ webpack-internal:///(app-pages-browser)/./lib/chat-transport.ts:137
[   58942ms] [LOG] [ChatTransport] onmessage triggered, has currentResponseHandler: true @ webpack-internal:///(app-pages-browser)/./lib/chat-transport.ts:41
[   58943ms] [LOG] [ChatTransport] responseHandler called, data: {"type":"delta","content":"中国","error":null,"message_id":"8d338756-dff5-4522-9368-df2aa46d4cb3","conversation_id":null,"itinerary":null,"stage":null} @ webpack-internal:///(app-pages-browser)/./lib/chat-transport.ts:137
[   58958ms] [LOG] [ChatTransport] onmessage triggered, has currentResponseHandler: true @ webpack-internal:///(app-pages-browser)/./lib/chat-transport.ts:41
[   58958ms] [LOG] [ChatTransport] responseHandler called, data: {"type":"delta","content":"国家","error":null,"message_id":"8d338756-dff5-4522-9368-df2aa46d4cb3","conversation_id":null,"itinerary":null,"stage":null} @ webpack-internal:///(app-pages-browser)/./lib/chat-transport.ts:137
[   58994ms] [LOG] [ChatTransport] onmessage triggered, has currentResponseHandler: true @ webpack-internal:///(app-pages-browser)/./lib/chat-transport.ts:41
[   58995ms] [LOG] [ChatTransport] responseHandler called, data: {"type":"delta","content":"博物馆","error":null,"message_id":"8d338756-dff5-4522-9368-df2aa46d4cb3","conversation_id":null,"itinerary":null,"stage":null} @ webpack-internal:///(app-pages-browser)/./lib/chat-transport.ts:137
[   58995ms] [LOG] [ChatTransport] onmessage triggered, has currentResponseHandler: true @ webpack-internal:///(app-pages-browser)/./lib/chat-transport.ts:41
[   58995ms] [LOG] [ChatTransport] responseHandler called, data: {"type":"delta","content":"**","error":null,"message_id":"8d338756-dff5-4522-9368-df2aa46d4cb3","conversation_id":null,"itinerary":null,"stage":null} @ webpack-internal:///(app-pages-browser)/./lib/chat-transport.ts:137
[   59067ms] [LOG] [ChatTransport] onmessage triggered, has currentResponseHandler: true @ webpack-internal:///(app-pages-browser)/./lib/chat-transport.ts:41
[   59067ms] [LOG] [ChatTransport] responseHandler called, data: {"type":"delta","content":" -","error":null,"message_id":"8d338756-dff5-4522-9368-df2aa46d4cb3","conversation_id":null,"itinerary":null,"stage":null} @ webpack-internal:///(app-pages-browser)/./lib/chat-transport.ts:137
[   59080ms] [LOG] [ChatTransport] onmessage triggered, has currentResponseHandler: true @ webpack-internal:///(app-pages-browser)/./lib/chat-transport.ts:41
[   59080ms] [LOG] [ChatTransport] responseHandler called, data: {"type":"delta","content":" ","error":null,"message_id":"8d338756-dff5-4522-9368-df2aa46d4cb3","conversation_id":null,"itinerary":null,"stage":null} @ webpack-internal:///(app-pages-browser)/./lib/chat-transport.ts:137
[   59106ms] [LOG] [ChatTransport] onmessage triggered, has currentResponseHandler: true @ webpack-internal:///(app-pages-browser)/./lib/chat-transport.ts:41
[   59106ms] [LOG] [ChatTransport] responseHandler called, data: {"type":"delta","content":"展示","error":null,"message_id":"8d338756-dff5-4522-9368-df2aa46d4cb3","conversation_id":null,"itinerary":null,"stage":null} @ webpack-internal:///(app-pages-browser)/./lib/chat-transport.ts:137
[   59120ms] [LOG] [ChatTransport] onmessage triggered, has currentResponseHandler: true @ webpack-internal:///(app-pages-browser)/./lib/chat-transport.ts:41
[   59120ms] [LOG] [ChatTransport] responseHandler called, data: {"type":"delta","content":"中华","error":null,"message_id":"8d338756-dff5-4522-9368-df2aa46d4cb3","conversation_id":null,"itinerary":null,"stage":null} @ webpack-internal:///(app-pages-browser)/./lib/chat-transport.ts:137
[   59171ms] [LOG] [ChatTransport] onmessage triggered, has currentResponseHandler: true @ webpack-internal:///(app-pages-browser)/./lib/chat-transport.ts:41
[   59172ms] [LOG] [ChatTransport] responseHandler called, data: {"type":"delta","content":"五","error":null,"message_id":"8d338756-dff5-4522-9368-df2aa46d4cb3","conversation_id":null,"itinerary":null,"stage":null} @ webpack-internal:///(app-pages-browser)/./lib/chat-transport.ts:137
[   59185ms] [LOG] [ChatTransport] onmessage triggered, has currentResponseHandler: true @ webpack-internal:///(app-pages-browser)/./lib/chat-transport.ts:41
[   59185ms] [LOG] [ChatTransport] responseHandler called, data: {"type":"delta","content":"千年","error":null,"message_id":"8d338756-dff5-4522-9368-df2aa46d4cb3","conversation_id":null,"itinerary":null,"stage":null} @ webpack-internal:///(app-pages-browser)/./lib/chat-transport.ts:137
[   59224ms] [LOG] [ChatTransport] onmessage triggered, has currentResponseHandler: true @ webpack-internal:///(app-pages-browser)/./lib/chat-transport.ts:41
[   59225ms] [LOG] [ChatTransport] responseHandler called, data: {"type":"delta","content":"文明","error":null,"message_id":"8d338756-dff5-4522-9368-df2aa46d4cb3","conversation_id":null,"itinerary":null,"stage":null} @ webpack-internal:///(app-pages-browser)/./lib/chat-transport.ts:137
[   59237ms] [LOG] [ChatTransport] onmessage triggered, has currentResponseHandler: true @ webpack-internal:///(app-pages-browser)/./lib/chat-transport.ts:41
[   59237ms] [LOG] [ChatTransport] responseHandler called, data: {"type":"delta","content":"史","error":null,"message_id":"8d338756-dff5-4522-9368-df2aa46d4cb3","conversation_id":null,"itinerary":null,"stage":null} @ webpack-internal:///(app-pages-browser)/./lib/chat-transport.ts:137
[   59287ms] [LOG] [ChatTransport] onmessage triggered, has currentResponseHandler: true @ webpack-internal:///(app-pages-browser)/./lib/chat-transport.ts:41
[   59287ms] [LOG] [ChatTransport] responseHandler called, data: {"type":"delta","content":"\n\n","error":null,"message_id":"8d338756-dff5-4522-9368-df2aa46d4cb3","conversation_id":null,"itinerary":null,"stage":null} @ webpack-internal:///(app-pages-browser)/./lib/chat-transport.ts:137
[   59302ms] [LOG] [ChatTransport] onmessage triggered, has currentResponseHandler: true @ webpack-internal:///(app-pages-browser)/./lib/chat-transport.ts:41
[   59302ms] [LOG] [ChatTransport] responseHandler called, data: {"type":"delta","content":"**","error":null,"message_id":"8d338756-dff5-4522-9368-df2aa46d4cb3","conversation_id":null,"itinerary":null,"stage":null} @ webpack-internal:///(app-pages-browser)/./lib/chat-transport.ts:137
[   59514ms] [LOG] [ChatTransport] onmessage triggered, has currentResponseHandler: true @ webpack-internal:///(app-pages-browser)/./lib/chat-transport.ts:41
[   59514ms] [LOG] [ChatTransport] responseHandler called, data: {"type":"delta","content":"建议","error":null,"message_id":"8d338756-dff5-4522-9368-df2aa46d4cb3","conversation_id":null,"itinerary":null,"stage":null} @ webpack-internal:///(app-pages-browser)/./lib/chat-transport.ts:137
[   59521ms] [LOG] [ChatTransport] onmessage triggered, has currentResponseHandler: true @ webpack-internal:///(app-pages-browser)/./lib/chat-transport.ts:41
[   59521ms] [LOG] [ChatTransport] responseHandler called, data: {"type":"delta","content":"游览","error":null,"message_id":"8d338756-dff5-4522-9368-df2aa46d4cb3","conversation_id":null,"itinerary":null,"stage":null} @ webpack-internal:///(app-pages-browser)/./lib/chat-transport.ts:137
[   59522ms] [LOG] [ChatTransport] onmessage triggered, has currentResponseHandler: true @ webpack-internal:///(app-pages-browser)/./lib/chat-transport.ts:41
[   59522ms] [LOG] [ChatTransport] responseHandler called, data: {"type":"delta","content":"路线","error":null,"message_id":"8d338756-dff5-4522-9368-df2aa46d4cb3","conversation_id":null,"itinerary":null,"stage":null} @ webpack-internal:///(app-pages-browser)/./lib/chat-transport.ts:137
[   59522ms] [LOG] [ChatTransport] onmessage triggered, has currentResponseHandler: true @ webpack-internal:///(app-pages-browser)/./lib/chat-transport.ts:41
[   59522ms] [LOG] [ChatTransport] responseHandler called, data: {"type":"delta","content":"：","error":null,"message_id":"8d338756-dff5-4522-9368-df2aa46d4cb3","conversation_id":null,"itinerary":null,"stage":null} @ webpack-internal:///(app-pages-browser)/./lib/chat-transport.ts:137
[   59522ms] [LOG] [ChatTransport] onmessage triggered, has currentResponseHandler: true @ webpack-internal:///(app-pages-browser)/./lib/chat-transport.ts:41
[   59522ms] [LOG] [ChatTransport] responseHandler called, data: {"type":"delta","content":"**\n","error":null,"message_id":"8d338756-dff5-4522-9368-df2aa46d4cb3","conversation_id":null,"itinerary":null,"stage":null} @ webpack-internal:///(app-pages-browser)/./lib/chat-transport.ts:137
[   59533ms] [LOG] [ChatTransport] onmessage triggered, has currentResponseHandler: true @ webpack-internal:///(app-pages-browser)/./lib/chat-transport.ts:41
[   59534ms] [LOG] [ChatTransport] responseHandler called, data: {"type":"delta","content":"-","error":null,"message_id":"8d338756-dff5-4522-9368-df2aa46d4cb3","conversation_id":null,"itinerary":null,"stage":null} @ webpack-internal:///(app-pages-browser)/./lib/chat-transport.ts:137
[   59545ms] [LOG] [ChatTransport] onmessage triggered, has currentResponseHandler: true @ webpack-internal:///(app-pages-browser)/./lib/chat-transport.ts:41
[   59545ms] [LOG] [ChatTransport] responseHandler called, data: {"type":"delta","content":" **","error":null,"message_id":"8d338756-dff5-4522-9368-df2aa46d4cb3","conversation_id":null,"itinerary":null,"stage":null} @ webpack-internal:///(app-pages-browser)/./lib/chat-transport.ts:137
[   59662ms] [LOG] [ChatTransport] onmessage triggered, has currentResponseHandler: true @ webpack-internal:///(app-pages-browser)/./lib/chat-transport.ts:41
[   59662ms] [LOG] [ChatTransport] responseHandler called, data: {"type":"delta","content":"历史文化","error":null,"message_id":"8d338756-dff5-4522-9368-df2aa46d4cb3","conversation_id":null,"itinerary":null,"stage":null} @ webpack-internal:///(app-pages-browser)/./lib/chat-transport.ts:137
[   59679ms] [LOG] [ChatTransport] onmessage triggered, has currentResponseHandler: true @ webpack-internal:///(app-pages-browser)/./lib/chat-transport.ts:41
[   59679ms] [LOG] [ChatTransport] responseHandler called, data: {"type":"delta","content":"线","error":null,"message_id":"8d338756-dff5-4522-9368-df2aa46d4cb3","conversation_id":null,"itinerary":null,"stage":null} @ webpack-internal:///(app-pages-browser)/./lib/chat-transport.ts:137
[   59680ms] [LOG] [ChatTransport] onmessage triggered, has currentResponseHandler: true @ webpack-internal:///(app-pages-browser)/./lib/chat-transport.ts:41
[   59680ms] [LOG] [ChatTransport] responseHandler called, data: {"type":"delta","content":"**","error":null,"message_id":"8d338756-dff5-4522-9368-df2aa46d4cb3","conversation_id":null,"itinerary":null,"stage":null} @ webpack-internal:///(app-pages-browser)/./lib/chat-transport.ts:137
[   59720ms] [LOG] [ChatTransport] onmessage triggered, has currentResponseHandler: true @ webpack-internal:///(app-pages-browser)/./lib/chat-transport.ts:41
[   59720ms] [LOG] [ChatTransport] responseHandler called, data: {"type":"delta","content":"：","error":null,"message_id":"8d338756-dff5-4522-9368-df2aa46d4cb3","conversation_id":null,"itinerary":null,"stage":null} @ webpack-internal:///(app-pages-browser)/./lib/chat-transport.ts:137
[   59737ms] [LOG] [ChatTransport] onmessage triggered, has currentResponseHandler: true @ webpack-internal:///(app-pages-browser)/./lib/chat-transport.ts:41
[   59737ms] [LOG] [ChatTransport] responseHandler called, data: {"type":"delta","content":"天","error":null,"message_id":"8d338756-dff5-4522-9368-df2aa46d4cb3","conversation_id":null,"itinerary":null,"stage":null} @ webpack-internal:///(app-pages-browser)/./lib/chat-transport.ts:137
[   59772ms] [LOG] [ChatTransport] onmessage triggered, has currentResponseHandler: true @ webpack-internal:///(app-pages-browser)/./lib/chat-transport.ts:41
[   59772ms] [LOG] [ChatTransport] responseHandler called, data: {"type":"delta","content":"安门","error":null,"message_id":"8d338756-dff5-4522-9368-df2aa46d4cb3","conversation_id":null,"itinerary":null,"stage":null} @ webpack-internal:///(app-pages-browser)/./lib/chat-transport.ts:137
[   59790ms] [LOG] [ChatTransport] onmessage triggered, has currentResponseHandler: true @ webpack-internal:///(app-pages-browser)/./lib/chat-transport.ts:41
[   59790ms] [LOG] [ChatTransport] responseHandler called, data: {"type":"delta","content":"广场","error":null,"message_id":"8d338756-dff5-4522-9368-df2aa46d4cb3","conversation_id":null,"itinerary":null,"stage":null} @ webpack-internal:///(app-pages-browser)/./lib/chat-transport.ts:137
[   59838ms] [LOG] [ChatTransport] onmessage triggered, has currentResponseHandler: true @ webpack-internal:///(app-pages-browser)/./lib/chat-transport.ts:41
[   59838ms] [LOG] [ChatTransport] responseHandler called, data: {"type":"delta","content":" →","error":null,"message_id":"8d338756-dff5-4522-9368-df2aa46d4cb3","conversation_id":null,"itinerary":null,"stage":null} @ webpack-internal:///(app-pages-browser)/./lib/chat-transport.ts:137
[   59849ms] [LOG] [ChatTransport] onmessage triggered, has currentResponseHandler: true @ webpack-internal:///(app-pages-browser)/./lib/chat-transport.ts:41
[   59849ms] [LOG] [ChatTransport] responseHandler called, data: {"type":"delta","content":" ","error":null,"message_id":"8d338756-dff5-4522-9368-df2aa46d4cb3","conversation_id":null,"itinerary":null,"stage":null} @ webpack-internal:///(app-pages-browser)/./lib/chat-transport.ts:137
[   59901ms] [LOG] [ChatTransport] onmessage triggered, has currentResponseHandler: true @ webpack-internal:///(app-pages-browser)/./lib/chat-transport.ts:41
[   59902ms] [LOG] [ChatTransport] responseHandler called, data: {"type":"delta","content":"故宫","error":null,"message_id":"8d338756-dff5-4522-9368-df2aa46d4cb3","conversation_id":null,"itinerary":null,"stage":null} @ webpack-internal:///(app-pages-browser)/./lib/chat-transport.ts:137
[   59902ms] [LOG] [ChatTransport] onmessage triggered, has currentResponseHandler: true @ webpack-internal:///(app-pages-browser)/./lib/chat-transport.ts:41
[   59902ms] [LOG] [ChatTransport] responseHandler called, data: {"type":"delta","content":" →","error":null,"message_id":"8d338756-dff5-4522-9368-df2aa46d4cb3","conversation_id":null,"itinerary":null,"stage":null} @ webpack-internal:///(app-pages-browser)/./lib/chat-transport.ts:137
[   59963ms] [LOG] [ChatTransport] onmessage triggered, has currentResponseHandler: true @ webpack-internal:///(app-pages-browser)/./lib/chat-transport.ts:41
[   59963ms] [LOG] [ChatTransport] responseHandler called, data: {"type":"delta","content":" ","error":null,"message_id":"8d338756-dff5-4522-9368-df2aa46d4cb3","conversation_id":null,"itinerary":null,"stage":null} @ webpack-internal:///(app-pages-browser)/./lib/chat-transport.ts:137
[   59975ms] [LOG] [ChatTransport] onmessage triggered, has currentResponseHandler: true @ webpack-internal:///(app-pages-browser)/./lib/chat-transport.ts:41
[   59975ms] [LOG] [ChatTransport] responseHandler called, data: {"type":"delta","content":"景","error":null,"message_id":"8d338756-dff5-4522-9368-df2aa46d4cb3","conversation_id":null,"itinerary":null,"stage":null} @ webpack-internal:///(app-pages-browser)/./lib/chat-transport.ts:137
[   60036ms] [LOG] [ChatTransport] onmessage triggered, has currentResponseHandler: true @ webpack-internal:///(app-pages-browser)/./lib/chat-transport.ts:41
[   60036ms] [LOG] [ChatTransport] responseHandler called, data: {"type":"delta","content":"山","error":null,"message_id":"8d338756-dff5-4522-9368-df2aa46d4cb3","conversation_id":null,"itinerary":null,"stage":null} @ webpack-internal:///(app-pages-browser)/./lib/chat-transport.ts:137
[   60052ms] [LOG] [ChatTransport] onmessage triggered, has currentResponseHandler: true @ webpack-internal:///(app-pages-browser)/./lib/chat-transport.ts:41
[   60052ms] [LOG] [ChatTransport] responseHandler called, data: {"type":"delta","content":"公园","error":null,"message_id":"8d338756-dff5-4522-9368-df2aa46d4cb3","conversation_id":null,"itinerary":null,"stage":null} @ webpack-internal:///(app-pages-browser)/./lib/chat-transport.ts:137
[   60079ms] [LOG] [ChatTransport] onmessage triggered, has currentResponseHandler: true @ webpack-internal:///(app-pages-browser)/./lib/chat-transport.ts:41
[   60079ms] [LOG] [ChatTransport] responseHandler called, data: {"type":"delta","content":"\n","error":null,"message_id":"8d338756-dff5-4522-9368-df2aa46d4cb3","conversation_id":null,"itinerary":null,"stage":null} @ webpack-internal:///(app-pages-browser)/./lib/chat-transport.ts:137
[   60079ms] [LOG] [ChatTransport] onmessage triggered, has currentResponseHandler: true @ webpack-internal:///(app-pages-browser)/./lib/chat-transport.ts:41
[   60079ms] [LOG] [ChatTransport] responseHandler called, data: {"type":"delta","content":"-","error":null,"message_id":"8d338756-dff5-4522-9368-df2aa46d4cb3","conversation_id":null,"itinerary":null,"stage":null} @ webpack-internal:///(app-pages-browser)/./lib/chat-transport.ts:137
[   60143ms] [LOG] [ChatTransport] onmessage triggered, has currentResponseHandler: true @ webpack-internal:///(app-pages-browser)/./lib/chat-transport.ts:41
[   60143ms] [LOG] [ChatTransport] responseHandler called, data: {"type":"delta","content":" **","error":null,"message_id":"8d338756-dff5-4522-9368-df2aa46d4cb3","conversation_id":null,"itinerary":null,"stage":null} @ webpack-internal:///(app-pages-browser)/./lib/chat-transport.ts:137
[   60157ms] [LOG] [ChatTransport] onmessage triggered, has currentResponseHandler: true @ webpack-internal:///(app-pages-browser)/./lib/chat-transport.ts:41
[   60158ms] [LOG] [ChatTransport] responseHandler called, data: {"type":"delta","content":"皇家","error":null,"message_id":"8d338756-dff5-4522-9368-df2aa46d4cb3","conversation_id":null,"itinerary":null,"stage":null} @ webpack-internal:///(app-pages-browser)/./lib/chat-transport.ts:137
[   60204ms] [LOG] [ChatTransport] onmessage triggered, has currentResponseHandler: true @ webpack-internal:///(app-pages-browser)/./lib/chat-transport.ts:41
[   60204ms] [LOG] [ChatTransport] responseHandler called, data: {"type":"delta","content":"园林","error":null,"message_id":"8d338756-dff5-4522-9368-df2aa46d4cb3","conversation_id":null,"itinerary":null,"stage":null} @ webpack-internal:///(app-pages-browser)/./lib/chat-transport.ts:137
[   60204ms] [LOG] [ChatTransport] onmessage triggered, has currentResponseHandler: true @ webpack-internal:///(app-pages-browser)/./lib/chat-transport.ts:41
[   60204ms] [LOG] [ChatTransport] responseHandler called, data: {"type":"delta","content":"线","error":null,"message_id":"8d338756-dff5-4522-9368-df2aa46d4cb3","conversation_id":null,"itinerary":null,"stage":null} @ webpack-internal:///(app-pages-browser)/./lib/chat-transport.ts:137
[   60285ms] [LOG] [ChatTransport] onmessage triggered, has currentResponseHandler: true @ webpack-internal:///(app-pages-browser)/./lib/chat-transport.ts:41
[   60285ms] [LOG] [ChatTransport] responseHandler called, data: {"type":"delta","content":"**","error":null,"message_id":"8d338756-dff5-4522-9368-df2aa46d4cb3","conversation_id":null,"itinerary":null,"stage":null} @ webpack-internal:///(app-pages-browser)/./lib/chat-transport.ts:137
[   60295ms] [LOG] [ChatTransport] onmessage triggered, has currentResponseHandler: true @ webpack-internal:///(app-pages-browser)/./lib/chat-transport.ts:41
[   60295ms] [LOG] [ChatTransport] responseHandler called, data: {"type":"delta","content":"：","error":null,"message_id":"8d338756-dff5-4522-9368-df2aa46d4cb3","conversation_id":null,"itinerary":null,"stage":null} @ webpack-internal:///(app-pages-browser)/./lib/chat-transport.ts:137
[   60328ms] [LOG] [ChatTransport] onmessage triggered, has currentResponseHandler: true @ webpack-internal:///(app-pages-browser)/./lib/chat-transport.ts:41
[   60329ms] [LOG] [ChatTransport] responseHandler called, data: {"type":"delta","content":"北海","error":null,"message_id":"8d338756-dff5-4522-9368-df2aa46d4cb3","conversation_id":null,"itinerary":null,"stage":null} @ webpack-internal:///(app-pages-browser)/./lib/chat-transport.ts:137
[   60329ms] [LOG] [ChatTransport] onmessage triggered, has currentResponseHandler: true @ webpack-internal:///(app-pages-browser)/./lib/chat-transport.ts:41
[   60329ms] [LOG] [ChatTransport] responseHandler called, data: {"type":"delta","content":"公园","error":null,"message_id":"8d338756-dff5-4522-9368-df2aa46d4cb3","conversation_id":null,"itinerary":null,"stage":null} @ webpack-internal:///(app-pages-browser)/./lib/chat-transport.ts:137
[   60395ms] [LOG] [ChatTransport] onmessage triggered, has currentResponseHandler: true @ webpack-internal:///(app-pages-browser)/./lib/chat-transport.ts:41
[   60395ms] [LOG] [ChatTransport] responseHandler called, data: {"type":"delta","content":" →","error":null,"message_id":"8d338756-dff5-4522-9368-df2aa46d4cb3","conversation_id":null,"itinerary":null,"stage":null} @ webpack-internal:///(app-pages-browser)/./lib/chat-transport.ts:137
[   60415ms] [LOG] [ChatTransport] onmessage triggered, has currentResponseHandler: true @ webpack-internal:///(app-pages-browser)/./lib/chat-transport.ts:41
[   60415ms] [LOG] [ChatTransport] responseHandler called, data: {"type":"delta","content":" ","error":null,"message_id":"8d338756-dff5-4522-9368-df2aa46d4cb3","conversation_id":null,"itinerary":null,"stage":null} @ webpack-internal:///(app-pages-browser)/./lib/chat-transport.ts:137
[   60625ms] [LOG] [ChatTransport] onmessage triggered, has currentResponseHandler: true @ webpack-internal:///(app-pages-browser)/./lib/chat-transport.ts:41
[   60625ms] [LOG] [ChatTransport] responseHandler called, data: {"type":"delta","content":"景","error":null,"message_id":"8d338756-dff5-4522-9368-df2aa46d4cb3","conversation_id":null,"itinerary":null,"stage":null} @ webpack-internal:///(app-pages-browser)/./lib/chat-transport.ts:137
[   60634ms] [LOG] [ChatTransport] onmessage triggered, has currentResponseHandler: true @ webpack-internal:///(app-pages-browser)/./lib/chat-transport.ts:41
[   60635ms] [LOG] [ChatTransport] responseHandler called, data: {"type":"delta","content":"山","error":null,"message_id":"8d338756-dff5-4522-9368-df2aa46d4cb3","conversation_id":null,"itinerary":null,"stage":null} @ webpack-internal:///(app-pages-browser)/./lib/chat-transport.ts:137
[   60636ms] [LOG] [ChatTransport] onmessage triggered, has currentResponseHandler: true @ webpack-internal:///(app-pages-browser)/./lib/chat-transport.ts:41
[   60636ms] [LOG] [ChatTransport] responseHandler called, data: {"type":"delta","content":"公园","error":null,"message_id":"8d338756-dff5-4522-9368-df2aa46d4cb3","conversation_id":null,"itinerary":null,"stage":null} @ webpack-internal:///(app-pages-browser)/./lib/chat-transport.ts:137
[   60636ms] [LOG] [ChatTransport] onmessage triggered, has currentResponseHandler: true @ webpack-internal:///(app-pages-browser)/./lib/chat-transport.ts:41
[   60636ms] [LOG] [ChatTransport] responseHandler called, data: {"type":"delta","content":" →","error":null,"message_id":"8d338756-dff5-4522-9368-df2aa46d4cb3","conversation_id":null,"itinerary":null,"stage":null} @ webpack-internal:///(app-pages-browser)/./lib/chat-transport.ts:137
[   60636ms] [LOG] [ChatTransport] onmessage triggered, has currentResponseHandler: true @ webpack-internal:///(app-pages-browser)/./lib/chat-transport.ts:41
[   60636ms] [LOG] [ChatTransport] responseHandler called, data: {"type":"delta","content":" ","error":null,"message_id":"8d338756-dff5-4522-9368-df2aa46d4cb3","conversation_id":null,"itinerary":null,"stage":null} @ webpack-internal:///(app-pages-browser)/./lib/chat-transport.ts:137
[   60636ms] [LOG] [ChatTransport] onmessage triggered, has currentResponseHandler: true @ webpack-internal:///(app-pages-browser)/./lib/chat-transport.ts:41
[   60637ms] [LOG] [ChatTransport] responseHandler called, data: {"type":"delta","content":"中山","error":null,"message_id":"8d338756-dff5-4522-9368-df2aa46d4cb3","conversation_id":null,"itinerary":null,"stage":null} @ webpack-internal:///(app-pages-browser)/./lib/chat-transport.ts:137
[   60649ms] [LOG] [ChatTransport] onmessage triggered, has currentResponseHandler: true @ webpack-internal:///(app-pages-browser)/./lib/chat-transport.ts:41
[   60649ms] [LOG] [ChatTransport] responseHandler called, data: {"type":"delta","content":"公园","error":null,"message_id":"8d338756-dff5-4522-9368-df2aa46d4cb3","conversation_id":null,"itinerary":null,"stage":null} @ webpack-internal:///(app-pages-browser)/./lib/chat-transport.ts:137
[   60649ms] [LOG] [ChatTransport] onmessage triggered, has currentResponseHandler: true @ webpack-internal:///(app-pages-browser)/./lib/chat-transport.ts:41
[   60649ms] [LOG] [ChatTransport] responseHandler called, data: {"type":"delta","content":"\n","error":null,"message_id":"8d338756-dff5-4522-9368-df2aa46d4cb3","conversation_id":null,"itinerary":null,"stage":null} @ webpack-internal:///(app-pages-browser)/./lib/chat-transport.ts:137
[   60679ms] [LOG] [ChatTransport] onmessage triggered, has currentResponseHandler: true @ webpack-internal:///(app-pages-browser)/./lib/chat-transport.ts:41
[   60679ms] [LOG] [ChatTransport] responseHandler called, data: {"type":"delta","content":"-","error":null,"message_id":"8d338756-dff5-4522-9368-df2aa46d4cb3","conversation_id":null,"itinerary":null,"stage":null} @ webpack-internal:///(app-pages-browser)/./lib/chat-transport.ts:137
[   60692ms] [LOG] [ChatTransport] onmessage triggered, has currentResponseHandler: true @ webpack-internal:///(app-pages-browser)/./lib/chat-transport.ts:41
[   60692ms] [LOG] [ChatTransport] responseHandler called, data: {"type":"delta","content":" **","error":null,"message_id":"8d338756-dff5-4522-9368-df2aa46d4cb3","conversation_id":null,"itinerary":null,"stage":null} @ webpack-internal:///(app-pages-browser)/./lib/chat-transport.ts:137
[   60844ms] [LOG] [ChatTransport] onmessage triggered, has currentResponseHandler: true @ webpack-internal:///(app-pages-browser)/./lib/chat-transport.ts:41
[   60844ms] [LOG] [ChatTransport] responseHandler called, data: {"type":"delta","content":"胡同","error":null,"message_id":"8d338756-dff5-4522-9368-df2aa46d4cb3","conversation_id":null,"itinerary":null,"stage":null} @ webpack-internal:///(app-pages-browser)/./lib/chat-transport.ts:137
[   60858ms] [LOG] [ChatTransport] onmessage triggered, has currentResponseHandler: true @ webpack-internal:///(app-pages-browser)/./lib/chat-transport.ts:41
[   60858ms] [LOG] [ChatTransport] responseHandler called, data: {"type":"delta","content":"文化","error":null,"message_id":"8d338756-dff5-4522-9368-df2aa46d4cb3","conversation_id":null,"itinerary":null,"stage":null} @ webpack-internal:///(app-pages-browser)/./lib/chat-transport.ts:137
[   60859ms] [LOG] [ChatTransport] onmessage triggered, has currentResponseHandler: true @ webpack-internal:///(app-pages-browser)/./lib/chat-transport.ts:41
[   60859ms] [LOG] [ChatTransport] responseHandler called, data: {"type":"delta","content":"线","error":null,"message_id":"8d338756-dff5-4522-9368-df2aa46d4cb3","conversation_id":null,"itinerary":null,"stage":null} @ webpack-internal:///(app-pages-browser)/./lib/chat-transport.ts:137
[   60871ms] [LOG] [ChatTransport] onmessage triggered, has currentResponseHandler: true @ webpack-internal:///(app-pages-browser)/./lib/chat-transport.ts:41
[   60872ms] [LOG] [ChatTransport] responseHandler called, data: {"type":"delta","content":"**","error":null,"message_id":"8d338756-dff5-4522-9368-df2aa46d4cb3","conversation_id":null,"itinerary":null,"stage":null} @ webpack-internal:///(app-pages-browser)/./lib/chat-transport.ts:137
[   60889ms] [LOG] [ChatTransport] onmessage triggered, has currentResponseHandler: true @ webpack-internal:///(app-pages-browser)/./lib/chat-transport.ts:41
[   60889ms] [LOG] [ChatTransport] responseHandler called, data: {"type":"delta","content":"：","error":null,"message_id":"8d338756-dff5-4522-9368-df2aa46d4cb3","conversation_id":null,"itinerary":null,"stage":null} @ webpack-internal:///(app-pages-browser)/./lib/chat-transport.ts:137
[   61106ms] [LOG] [ChatTransport] onmessage triggered, has currentResponseHandler: true @ webpack-internal:///(app-pages-browser)/./lib/chat-transport.ts:41
[   61106ms] [LOG] [ChatTransport] responseHandler called, data: {"type":"delta","content":"南","error":null,"message_id":"8d338756-dff5-4522-9368-df2aa46d4cb3","conversation_id":null,"itinerary":null,"stage":null} @ webpack-internal:///(app-pages-browser)/./lib/chat-transport.ts:137
[   61118ms] [LOG] [ChatTransport] onmessage triggered, has currentResponseHandler: true @ webpack-internal:///(app-pages-browser)/./lib/chat-transport.ts:41
[   61118ms] [LOG] [ChatTransport] responseHandler called, data: {"type":"delta","content":"锣","error":null,"message_id":"8d338756-dff5-4522-9368-df2aa46d4cb3","conversation_id":null,"itinerary":null,"stage":null} @ webpack-internal:///(app-pages-browser)/./lib/chat-transport.ts:137
[   61130ms] [LOG] [ChatTransport] onmessage triggered, has currentResponseHandler: true @ webpack-internal:///(app-pages-browser)/./lib/chat-transport.ts:41
[   61130ms] [LOG] [ChatTransport] responseHandler called, data: {"type":"delta","content":"鼓","error":null,"message_id":"8d338756-dff5-4522-9368-df2aa46d4cb3","conversation_id":null,"itinerary":null,"stage":null} @ webpack-internal:///(app-pages-browser)/./lib/chat-transport.ts:137
[   61130ms] [LOG] [ChatTransport] onmessage triggered, has currentResponseHandler: true @ webpack-internal:///(app-pages-browser)/./lib/chat-transport.ts:41
[   61130ms] [LOG] [ChatTransport] responseHandler called, data: {"type":"delta","content":"巷","error":null,"message_id":"8d338756-dff5-4522-9368-df2aa46d4cb3","conversation_id":null,"itinerary":null,"stage":null} @ webpack-internal:///(app-pages-browser)/./lib/chat-transport.ts:137
[   61130ms] [LOG] [ChatTransport] onmessage triggered, has currentResponseHandler: true @ webpack-internal:///(app-pages-browser)/./lib/chat-transport.ts:41
[   61130ms] [LOG] [ChatTransport] responseHandler called, data: {"type":"delta","content":" →","error":null,"message_id":"8d338756-dff5-4522-9368-df2aa46d4cb3","conversation_id":null,"itinerary":null,"stage":null} @ webpack-internal:///(app-pages-browser)/./lib/chat-transport.ts:137
[   61130ms] [LOG] [ChatTransport] onmessage triggered, has currentResponseHandler: true @ webpack-internal:///(app-pages-browser)/./lib/chat-transport.ts:41
[   61130ms] [LOG] [ChatTransport] responseHandler called, data: {"type":"delta","content":" ","error":null,"message_id":"8d338756-dff5-4522-9368-df2aa46d4cb3","conversation_id":null,"itinerary":null,"stage":null} @ webpack-internal:///(app-pages-browser)/./lib/chat-transport.ts:137
[   61130ms] [LOG] [ChatTransport] onmessage triggered, has currentResponseHandler: true @ webpack-internal:///(app-pages-browser)/./lib/chat-transport.ts:41
[   61130ms] [LOG] [ChatTransport] responseHandler called, data: {"type":"delta","content":"南","error":null,"message_id":"8d338756-dff5-4522-9368-df2aa46d4cb3","conversation_id":null,"itinerary":null,"stage":null} @ webpack-internal:///(app-pages-browser)/./lib/chat-transport.ts:137
[   61130ms] [LOG] [ChatTransport] onmessage triggered, has currentResponseHandler: true @ webpack-internal:///(app-pages-browser)/./lib/chat-transport.ts:41
[   61130ms] [LOG] [ChatTransport] responseHandler called, data: {"type":"delta","content":"池","error":null,"message_id":"8d338756-dff5-4522-9368-df2aa46d4cb3","conversation_id":null,"itinerary":null,"stage":null} @ webpack-internal:///(app-pages-browser)/./lib/chat-transport.ts:137
[   61170ms] [LOG] [ChatTransport] onmessage triggered, has currentResponseHandler: true @ webpack-internal:///(app-pages-browser)/./lib/chat-transport.ts:41
[   61170ms] [LOG] [ChatTransport] responseHandler called, data: {"type":"delta","content":"子","error":null,"message_id":"8d338756-dff5-4522-9368-df2aa46d4cb3","conversation_id":null,"itinerary":null,"stage":null} @ webpack-internal:///(app-pages-browser)/./lib/chat-transport.ts:137
[   61178ms] [LOG] [ChatTransport] onmessage triggered, has currentResponseHandler: true @ webpack-internal:///(app-pages-browser)/./lib/chat-transport.ts:41
[   61178ms] [LOG] [ChatTransport] responseHandler called, data: {"type":"delta","content":"大街","error":null,"message_id":"8d338756-dff5-4522-9368-df2aa46d4cb3","conversation_id":null,"itinerary":null,"stage":null} @ webpack-internal:///(app-pages-browser)/./lib/chat-transport.ts:137
[   61252ms] [LOG] [ChatTransport] onmessage triggered, has currentResponseHandler: true @ webpack-internal:///(app-pages-browser)/./lib/chat-transport.ts:41
[   61252ms] [LOG] [ChatTransport] responseHandler called, data: {"type":"delta","content":" →","error":null,"message_id":"8d338756-dff5-4522-9368-df2aa46d4cb3","conversation_id":null,"itinerary":null,"stage":null} @ webpack-internal:///(app-pages-browser)/./lib/chat-transport.ts:137
[   61285ms] [LOG] [ChatTransport] onmessage triggered, has currentResponseHandler: true @ webpack-internal:///(app-pages-browser)/./lib/chat-transport.ts:41
[   61285ms] [LOG] [ChatTransport] responseHandler called, data: {"type":"delta","content":" ","error":null,"message_id":"8d338756-dff5-4522-9368-df2aa46d4cb3","conversation_id":null,"itinerary":null,"stage":null} @ webpack-internal:///(app-pages-browser)/./lib/chat-transport.ts:137
[   61290ms] [LOG] [ChatTransport] onmessage triggered, has currentResponseHandler: true @ webpack-internal:///(app-pages-browser)/./lib/chat-transport.ts:41
[   61290ms] [LOG] [ChatTransport] responseHandler called, data: {"type":"delta","content":"前","error":null,"message_id":"8d338756-dff5-4522-9368-df2aa46d4cb3","conversation_id":null,"itinerary":null,"stage":null} @ webpack-internal:///(app-pages-browser)/./lib/chat-transport.ts:137
[   61343ms] [LOG] [ChatTransport] onmessage triggered, has currentResponseHandler: true @ webpack-internal:///(app-pages-browser)/./lib/chat-transport.ts:41
[   61343ms] [LOG] [ChatTransport] responseHandler called, data: {"type":"delta","content":"门","error":null,"message_id":"8d338756-dff5-4522-9368-df2aa46d4cb3","conversation_id":null,"itinerary":null,"stage":null} @ webpack-internal:///(app-pages-browser)/./lib/chat-transport.ts:137
[   61348ms] [LOG] [ChatTransport] onmessage triggered, has currentResponseHandler: true @ webpack-internal:///(app-pages-browser)/./lib/chat-transport.ts:41
[   61348ms] [LOG] [ChatTransport] responseHandler called, data: {"type":"delta","content":"大街","error":null,"message_id":"8d338756-dff5-4522-9368-df2aa46d4cb3","conversation_id":null,"itinerary":null,"stage":null} @ webpack-internal:///(app-pages-browser)/./lib/chat-transport.ts:137
[   61404ms] [LOG] [ChatTransport] onmessage triggered, has currentResponseHandler: true @ webpack-internal:///(app-pages-browser)/./lib/chat-transport.ts:41
[   61404ms] [LOG] [ChatTransport] responseHandler called, data: {"type":"delta","content":"\n\n","error":null,"message_id":"8d338756-dff5-4522-9368-df2aa46d4cb3","conversation_id":null,"itinerary":null,"stage":null} @ webpack-internal:///(app-pages-browser)/./lib/chat-transport.ts:137
[   61411ms] [LOG] [ChatTransport] onmessage triggered, has currentResponseHandler: true @ webpack-internal:///(app-pages-browser)/./lib/chat-transport.ts:41
[   61411ms] [LOG] [ChatTransport] responseHandler called, data: {"type":"delta","content":"**","error":null,"message_id":"8d338756-dff5-4522-9368-df2aa46d4cb3","conversation_id":null,"itinerary":null,"stage":null} @ webpack-internal:///(app-pages-browser)/./lib/chat-transport.ts:137
[   61499ms] [LOG] [ChatTransport] onmessage triggered, has currentResponseHandler: true @ webpack-internal:///(app-pages-browser)/./lib/chat-transport.ts:41
[   61499ms] [LOG] [ChatTransport] responseHandler called, data: {"type":"delta","content":"实用","error":null,"message_id":"8d338756-dff5-4522-9368-df2aa46d4cb3","conversation_id":null,"itinerary":null,"stage":null} @ webpack-internal:///(app-pages-browser)/./lib/chat-transport.ts:137
[   61568ms] [LOG] [ChatTransport] onmessage triggered, has currentResponseHandler: true @ webpack-internal:///(app-pages-browser)/./lib/chat-transport.ts:41
[   61568ms] [LOG] [ChatTransport] responseHandler called, data: {"type":"delta","content":"信息","error":null,"message_id":"8d338756-dff5-4522-9368-df2aa46d4cb3","conversation_id":null,"itinerary":null,"stage":null} @ webpack-internal:///(app-pages-browser)/./lib/chat-transport.ts:137
[   61574ms] [LOG] [ChatTransport] onmessage triggered, has currentResponseHandler: true @ webpack-internal:///(app-pages-browser)/./lib/chat-transport.ts:41
[   61574ms] [LOG] [ChatTransport] responseHandler called, data: {"type":"delta","content":"：","error":null,"message_id":"8d338756-dff5-4522-9368-df2aa46d4cb3","conversation_id":null,"itinerary":null,"stage":null} @ webpack-internal:///(app-pages-browser)/./lib/chat-transport.ts:137
[   61598ms] [LOG] [ChatTransport] onmessage triggered, has currentResponseHandler: true @ webpack-internal:///(app-pages-browser)/./lib/chat-transport.ts:41
[   61598ms] [LOG] [ChatTransport] responseHandler called, data: {"type":"delta","content":"**\n","error":null,"message_id":"8d338756-dff5-4522-9368-df2aa46d4cb3","conversation_id":null,"itinerary":null,"stage":null} @ webpack-internal:///(app-pages-browser)/./lib/chat-transport.ts:137
[   61604ms] [LOG] [ChatTransport] onmessage triggered, has currentResponseHandler: true @ webpack-internal:///(app-pages-browser)/./lib/chat-transport.ts:41
[   61604ms] [LOG] [ChatTransport] responseHandler called, data: {"type":"delta","content":"-","error":null,"message_id":"8d338756-dff5-4522-9368-df2aa46d4cb3","conversation_id":null,"itinerary":null,"stage":null} @ webpack-internal:///(app-pages-browser)/./lib/chat-transport.ts:137
[   61648ms] [LOG] [ChatTransport] onmessage triggered, has currentResponseHandler: true @ webpack-internal:///(app-pages-browser)/./lib/chat-transport.ts:41
[   61648ms] [LOG] [ChatTransport] responseHandler called, data: {"type":"delta","content":" ","error":null,"message_id":"8d338756-dff5-4522-9368-df2aa46d4cb3","conversation_id":null,"itinerary":null,"stage":null} @ webpack-internal:///(app-pages-browser)/./lib/chat-transport.ts:137
[   61653ms] [LOG] [ChatTransport] onmessage triggered, has currentResponseHandler: true @ webpack-internal:///(app-pages-browser)/./lib/chat-transport.ts:41
[   61653ms] [LOG] [ChatTransport] responseHandler called, data: {"type":"delta","content":"故宫","error":null,"message_id":"8d338756-dff5-4522-9368-df2aa46d4cb3","conversation_id":null,"itinerary":null,"stage":null} @ webpack-internal:///(app-pages-browser)/./lib/chat-transport.ts:137
[   61710ms] [LOG] [ChatTransport] onmessage triggered, has currentResponseHandler: true @ webpack-internal:///(app-pages-browser)/./lib/chat-transport.ts:41
[   61711ms] [LOG] [ChatTransport] responseHandler called, data: {"type":"delta","content":"、","error":null,"message_id":"8d338756-dff5-4522-9368-df2aa46d4cb3","conversation_id":null,"itinerary":null,"stage":null} @ webpack-internal:///(app-pages-browser)/./lib/chat-transport.ts:137
[   61774ms] [LOG] [ChatTransport] onmessage triggered, has currentResponseHandler: true @ webpack-internal:///(app-pages-browser)/./lib/chat-transport.ts:41
[   61775ms] [LOG] [ChatTransport] responseHandler called, data: {"type":"delta","content":"天","error":null,"message_id":"8d338756-dff5-4522-9368-df2aa46d4cb3","conversation_id":null,"itinerary":null,"stage":null} @ webpack-internal:///(app-pages-browser)/./lib/chat-transport.ts:137
[   61780ms] [LOG] [ChatTransport] onmessage triggered, has currentResponseHandler: true @ webpack-internal:///(app-pages-browser)/./lib/chat-transport.ts:41
[   61780ms] [LOG] [ChatTransport] responseHandler called, data: {"type":"delta","content":"坛","error":null,"message_id":"8d338756-dff5-4522-9368-df2aa46d4cb3","conversation_id":null,"itinerary":null,"stage":null} @ webpack-internal:///(app-pages-browser)/./lib/chat-transport.ts:137
[   61834ms] [LOG] [ChatTransport] onmessage triggered, has currentResponseHandler: true @ webpack-internal:///(app-pages-browser)/./lib/chat-transport.ts:41
[   61834ms] [LOG] [ChatTransport] responseHandler called, data: {"type":"delta","content":"等","error":null,"message_id":"8d338756-dff5-4522-9368-df2aa46d4cb3","conversation_id":null,"itinerary":null,"stage":null} @ webpack-internal:///(app-pages-browser)/./lib/chat-transport.ts:137
[   61838ms] [LOG] [ChatTransport] onmessage triggered, has currentResponseHandler: true @ webpack-internal:///(app-pages-browser)/./lib/chat-transport.ts:41
[   61838ms] [LOG] [ChatTransport] responseHandler called, data: {"type":"delta","content":"景点","error":null,"message_id":"8d338756-dff5-4522-9368-df2aa46d4cb3","conversation_id":null,"itinerary":null,"stage":null} @ webpack-internal:///(app-pages-browser)/./lib/chat-transport.ts:137
[   61934ms] [LOG] [ChatTransport] onmessage triggered, has currentResponseHandler: true @ webpack-internal:///(app-pages-browser)/./lib/chat-transport.ts:41
[   61935ms] [LOG] [ChatTransport] responseHandler called, data: {"type":"delta","content":"需要","error":null,"message_id":"8d338756-dff5-4522-9368-df2aa46d4cb3","conversation_id":null,"itinerary":null,"stage":null} @ webpack-internal:///(app-pages-browser)/./lib/chat-transport.ts:137
[   61941ms] [LOG] [ChatTransport] onmessage triggered, has currentResponseHandler: true @ webpack-internal:///(app-pages-browser)/./lib/chat-transport.ts:41
[   61941ms] [LOG] [ChatTransport] responseHandler called, data: {"type":"delta","content":"提前","error":null,"message_id":"8d338756-dff5-4522-9368-df2aa46d4cb3","conversation_id":null,"itinerary":null,"stage":null} @ webpack-internal:///(app-pages-browser)/./lib/chat-transport.ts:137
[   61953ms] [LOG] [ChatTransport] onmessage triggered, has currentResponseHandler: true @ webpack-internal:///(app-pages-browser)/./lib/chat-transport.ts:41
[   61953ms] [LOG] [ChatTransport] responseHandler called, data: {"type":"delta","content":"预约","error":null,"message_id":"8d338756-dff5-4522-9368-df2aa46d4cb3","conversation_id":null,"itinerary":null,"stage":null} @ webpack-internal:///(app-pages-browser)/./lib/chat-transport.ts:137
[   61954ms] [LOG] [ChatTransport] onmessage triggered, has currentResponseHandler: true @ webpack-internal:///(app-pages-browser)/./lib/chat-transport.ts:41
[   61954ms] [LOG] [ChatTransport] responseHandler called, data: {"type":"delta","content":"门票","error":null,"message_id":"8d338756-dff5-4522-9368-df2aa46d4cb3","conversation_id":null,"itinerary":null,"stage":null} @ webpack-internal:///(app-pages-browser)/./lib/chat-transport.ts:137
[   62011ms] [LOG] [ChatTransport] onmessage triggered, has currentResponseHandler: true @ webpack-internal:///(app-pages-browser)/./lib/chat-transport.ts:41
[   62012ms] [LOG] [ChatTransport] responseHandler called, data: {"type":"delta","content":"\n","error":null,"message_id":"8d338756-dff5-4522-9368-df2aa46d4cb3","conversation_id":null,"itinerary":null,"stage":null} @ webpack-internal:///(app-pages-browser)/./lib/chat-transport.ts:137
[   62014ms] [LOG] [ChatTransport] onmessage triggered, has currentResponseHandler: true @ webpack-internal:///(app-pages-browser)/./lib/chat-transport.ts:41
[   62014ms] [LOG] [ChatTransport] responseHandler called, data: {"type":"delta","content":"-","error":null,"message_id":"8d338756-dff5-4522-9368-df2aa46d4cb3","conversation_id":null,"itinerary":null,"stage":null} @ webpack-internal:///(app-pages-browser)/./lib/chat-transport.ts:137
[   62072ms] [LOG] [ChatTransport] onmessage triggered, has currentResponseHandler: true @ webpack-internal:///(app-pages-browser)/./lib/chat-transport.ts:41
[   62073ms] [LOG] [ChatTransport] responseHandler called, data: {"type":"delta","content":" ","error":null,"message_id":"8d338756-dff5-4522-9368-df2aa46d4cb3","conversation_id":null,"itinerary":null,"stage":null} @ webpack-internal:///(app-pages-browser)/./lib/chat-transport.ts:137
[   62074ms] [LOG] [ChatTransport] onmessage triggered, has currentResponseHandler: true @ webpack-internal:///(app-pages-browser)/./lib/chat-transport.ts:41
[   62074ms] [LOG] [ChatTransport] responseHandler called, data: {"type":"delta","content":"天","error":null,"message_id":"8d338756-dff5-4522-9368-df2aa46d4cb3","conversation_id":null,"itinerary":null,"stage":null} @ webpack-internal:///(app-pages-browser)/./lib/chat-transport.ts:137
[   62151ms] [LOG] [ChatTransport] onmessage triggered, has currentResponseHandler: true @ webpack-internal:///(app-pages-browser)/./lib/chat-transport.ts:41
[   62151ms] [LOG] [ChatTransport] responseHandler called, data: {"type":"delta","content":"安门","error":null,"message_id":"8d338756-dff5-4522-9368-df2aa46d4cb3","conversation_id":null,"itinerary":null,"stage":null} @ webpack-internal:///(app-pages-browser)/./lib/chat-transport.ts:137
[   62158ms] [LOG] [ChatTransport] onmessage triggered, has currentResponseHandler: true @ webpack-internal:///(app-pages-browser)/./lib/chat-transport.ts:41
[   62158ms] [LOG] [ChatTransport] responseHandler called, data: {"type":"delta","content":"广场","error":null,"message_id":"8d338756-dff5-4522-9368-df2aa46d4cb3","conversation_id":null,"itinerary":null,"stage":null} @ webpack-internal:///(app-pages-browser)/./lib/chat-transport.ts:137
[   62196ms] [LOG] [ChatTransport] onmessage triggered, has currentResponseHandler: true @ webpack-internal:///(app-pages-browser)/./lib/chat-transport.ts:41
[   62196ms] [LOG] [ChatTransport] responseHandler called, data: {"type":"delta","content":"参观","error":null,"message_id":"8d338756-dff5-4522-9368-df2aa46d4cb3","conversation_id":null,"itinerary":null,"stage":null} @ webpack-internal:///(app-pages-browser)/./lib/chat-transport.ts:137
[   62266ms] [LOG] [ChatTransport] onmessage triggered, has currentResponseHandler: true @ webpack-internal:///(app-pages-browser)/./lib/chat-transport.ts:41
[   62267ms] [LOG] [ChatTransport] responseHandler called, data: {"type":"delta","content":"需要","error":null,"message_id":"8d338756-dff5-4522-9368-df2aa46d4cb3","conversation_id":null,"itinerary":null,"stage":null} @ webpack-internal:///(app-pages-browser)/./lib/chat-transport.ts:137
[   62267ms] [LOG] [ChatTransport] onmessage triggered, has currentResponseHandler: true @ webpack-internal:///(app-pages-browser)/./lib/chat-transport.ts:41
[   62267ms] [LOG] [ChatTransport] responseHandler called, data: {"type":"delta","content":"提前","error":null,"message_id":"8d338756-dff5-4522-9368-df2aa46d4cb3","conversation_id":null,"itinerary":null,"stage":null} @ webpack-internal:///(app-pages-browser)/./lib/chat-transport.ts:137
[   62321ms] [LOG] [ChatTransport] onmessage triggered, has currentResponseHandler: true @ webpack-internal:///(app-pages-browser)/./lib/chat-transport.ts:41
[   62321ms] [LOG] [ChatTransport] responseHandler called, data: {"type":"delta","content":"预约","error":null,"message_id":"8d338756-dff5-4522-9368-df2aa46d4cb3","conversation_id":null,"itinerary":null,"stage":null} @ webpack-internal:///(app-pages-browser)/./lib/chat-transport.ts:137
[   62325ms] [LOG] [ChatTransport] onmessage triggered, has currentResponseHandler: true @ webpack-internal:///(app-pages-browser)/./lib/chat-transport.ts:41
[   62326ms] [LOG] [ChatTransport] responseHandler called, data: {"type":"delta","content":"\n","error":null,"message_id":"8d338756-dff5-4522-9368-df2aa46d4cb3","conversation_id":null,"itinerary":null,"stage":null} @ webpack-internal:///(app-pages-browser)/./lib/chat-transport.ts:137
[   62393ms] [LOG] [ChatTransport] onmessage triggered, has currentResponseHandler: true @ webpack-internal:///(app-pages-browser)/./lib/chat-transport.ts:41
[   62393ms] [LOG] [ChatTransport] responseHandler called, data: {"type":"delta","content":"-","error":null,"message_id":"8d338756-dff5-4522-9368-df2aa46d4cb3","conversation_id":null,"itinerary":null,"stage":null} @ webpack-internal:///(app-pages-browser)/./lib/chat-transport.ts:137
[   62399ms] [LOG] [ChatTransport] onmessage triggered, has currentResponseHandler: true @ webpack-internal:///(app-pages-browser)/./lib/chat-transport.ts:41
[   62399ms] [LOG] [ChatTransport] responseHandler called, data: {"type":"delta","content":" ","error":null,"message_id":"8d338756-dff5-4522-9368-df2aa46d4cb3","conversation_id":null,"itinerary":null,"stage":null} @ webpack-internal:///(app-pages-browser)/./lib/chat-transport.ts:137
[   62557ms] [LOG] [ChatTransport] onmessage triggered, has currentResponseHandler: true @ webpack-internal:///(app-pages-browser)/./lib/chat-transport.ts:41
[   62557ms] [LOG] [ChatTransport] responseHandler called, data: {"type":"delta","content":"建议","error":null,"message_id":"8d338756-dff5-4522-9368-df2aa46d4cb3","conversation_id":null,"itinerary":null,"stage":null} @ webpack-internal:///(app-pages-browser)/./lib/chat-transport.ts:137
[   62562ms] [LOG] [ChatTransport] onmessage triggered, has currentResponseHandler: true @ webpack-internal:///(app-pages-browser)/./lib/chat-transport.ts:41
[   62562ms] [LOG] [ChatTransport] responseHandler called, data: {"type":"delta","content":"安排","error":null,"message_id":"8d338756-dff5-4522-9368-df2aa46d4cb3","conversation_id":null,"itinerary":null,"stage":null} @ webpack-internal:///(app-pages-browser)/./lib/chat-transport.ts:137
[   62568ms] [LOG] [ChatTransport] onmessage triggered, has currentResponseHandler: true @ webpack-internal:///(app-pages-browser)/./lib/chat-transport.ts:41
[   62568ms] [LOG] [ChatTransport] responseHandler called, data: {"type":"delta","content":"2","error":null,"message_id":"8d338756-dff5-4522-9368-df2aa46d4cb3","conversation_id":null,"itinerary":null,"stage":null} @ webpack-internal:///(app-pages-browser)/./lib/chat-transport.ts:137
[   62568ms] [LOG] [ChatTransport] onmessage triggered, has currentResponseHandler: true @ webpack-internal:///(app-pages-browser)/./lib/chat-transport.ts:41
[   62568ms] [LOG] [ChatTransport] responseHandler called, data: {"type":"delta","content":"-","error":null,"message_id":"8d338756-dff5-4522-9368-df2aa46d4cb3","conversation_id":null,"itinerary":null,"stage":null} @ webpack-internal:///(app-pages-browser)/./lib/chat-transport.ts:137
[   62576ms] [LOG] [ChatTransport] onmessage triggered, has currentResponseHandler: true @ webpack-internal:///(app-pages-browser)/./lib/chat-transport.ts:41
[   62576ms] [LOG] [ChatTransport] responseHandler called, data: {"type":"delta","content":"3","error":null,"message_id":"8d338756-dff5-4522-9368-df2aa46d4cb3","conversation_id":null,"itinerary":null,"stage":null} @ webpack-internal:///(app-pages-browser)/./lib/chat-transport.ts:137
[   62576ms] [LOG] [ChatTransport] onmessage triggered, has currentResponseHandler: true @ webpack-internal:///(app-pages-browser)/./lib/chat-transport.ts:41
[   62576ms] [LOG] [ChatTransport] responseHandler called, data: {"type":"delta","content":"天","error":null,"message_id":"8d338756-dff5-4522-9368-df2aa46d4cb3","conversation_id":null,"itinerary":null,"stage":null} @ webpack-internal:///(app-pages-browser)/./lib/chat-transport.ts:137
[   62632ms] [LOG] [ChatTransport] onmessage triggered, has currentResponseHandler: true @ webpack-internal:///(app-pages-browser)/./lib/chat-transport.ts:41
[   62632ms] [LOG] [ChatTransport] responseHandler called, data: {"type":"delta","content":"时间","error":null,"message_id":"8d338756-dff5-4522-9368-df2aa46d4cb3","conversation_id":null,"itinerary":null,"stage":null} @ webpack-internal:///(app-pages-browser)/./lib/chat-transport.ts:137
[   62637ms] [LOG] [ChatTransport] onmessage triggered, has currentResponseHandler: true @ webpack-internal:///(app-pages-browser)/./lib/chat-transport.ts:41
[   62637ms] [LOG] [ChatTransport] responseHandler called, data: {"type":"delta","content":"游览","error":null,"message_id":"8d338756-dff5-4522-9368-df2aa46d4cb3","conversation_id":null,"itinerary":null,"stage":null} @ webpack-internal:///(app-pages-browser)/./lib/chat-transport.ts:137
[   62704ms] [LOG] [ChatTransport] onmessage triggered, has currentResponseHandler: true @ webpack-internal:///(app-pages-browser)/./lib/chat-transport.ts:41
[   62704ms] [LOG] [ChatTransport] responseHandler called, data: {"type":"delta","content":"主要","error":null,"message_id":"8d338756-dff5-4522-9368-df2aa46d4cb3","conversation_id":null,"itinerary":null,"stage":null} @ webpack-internal:///(app-pages-browser)/./lib/chat-transport.ts:137
[   62760ms] [LOG] [ChatTransport] onmessage triggered, has currentResponseHandler: true @ webpack-internal:///(app-pages-browser)/./lib/chat-transport.ts:41
[   62760ms] [LOG] [ChatTransport] responseHandler called, data: {"type":"delta","content":"景点","error":null,"message_id":"8d338756-dff5-4522-9368-df2aa46d4cb3","conversation_id":null,"itinerary":null,"stage":null} @ webpack-internal:///(app-pages-browser)/./lib/chat-transport.ts:137
[   62760ms] [LOG] [ChatTransport] onmessage triggered, has currentResponseHandler: true @ webpack-internal:///(app-pages-browser)/./lib/chat-transport.ts:41
[   62760ms] [LOG] [ChatTransport] responseHandler called, data: {"type":"delta","content":"\n\n","error":null,"message_id":"8d338756-dff5-4522-9368-df2aa46d4cb3","conversation_id":null,"itinerary":null,"stage":null} @ webpack-internal:///(app-pages-browser)/./lib/chat-transport.ts:137
[   63197ms] [LOG] [ChatTransport] onmessage triggered, has currentResponseHandler: true @ webpack-internal:///(app-pages-browser)/./lib/chat-transport.ts:41
[   63197ms] [LOG] [ChatTransport] responseHandler called, data: {"type":"delta","content":"您","error":null,"message_id":"8d338756-dff5-4522-9368-df2aa46d4cb3","conversation_id":null,"itinerary":null,"stage":null} @ webpack-internal:///(app-pages-browser)/./lib/chat-transport.ts:137
[   63204ms] [LOG] [ChatTransport] onmessage triggered, has currentResponseHandler: true @ webpack-internal:///(app-pages-browser)/./lib/chat-transport.ts:41
[   63204ms] [LOG] [ChatTransport] responseHandler called, data: {"type":"delta","content":"对","error":null,"message_id":"8d338756-dff5-4522-9368-df2aa46d4cb3","conversation_id":null,"itinerary":null,"stage":null} @ webpack-internal:///(app-pages-browser)/./lib/chat-transport.ts:137
[   63210ms] [LOG] [ChatTransport] onmessage triggered, has currentResponseHandler: true @ webpack-internal:///(app-pages-browser)/./lib/chat-transport.ts:41
[   63210ms] [LOG] [ChatTransport] responseHandler called, data: {"type":"delta","content":"哪些","error":null,"message_id":"8d338756-dff5-4522-9368-df2aa46d4cb3","conversation_id":null,"itinerary":null,"stage":null} @ webpack-internal:///(app-pages-browser)/./lib/chat-transport.ts:137
[   63210ms] [LOG] [ChatTransport] onmessage triggered, has currentResponseHandler: true @ webpack-internal:///(app-pages-browser)/./lib/chat-transport.ts:41
[   63210ms] [LOG] [ChatTransport] responseHandler called, data: {"type":"delta","content":"景点","error":null,"message_id":"8d338756-dff5-4522-9368-df2aa46d4cb3","conversation_id":null,"itinerary":null,"stage":null} @ webpack-internal:///(app-pages-browser)/./lib/chat-transport.ts:137
[   63210ms] [LOG] [ChatTransport] onmessage triggered, has currentResponseHandler: true @ webpack-internal:///(app-pages-browser)/./lib/chat-transport.ts:41
[   63210ms] [LOG] [ChatTransport] responseHandler called, data: {"type":"delta","content":"特别","error":null,"message_id":"8d338756-dff5-4522-9368-df2aa46d4cb3","conversation_id":null,"itinerary":null,"stage":null} @ webpack-internal:///(app-pages-browser)/./lib/chat-transport.ts:137
[   63210ms] [LOG] [ChatTransport] onmessage triggered, has currentResponseHandler: true @ webpack-internal:///(app-pages-browser)/./lib/chat-transport.ts:41
[   63210ms] [LOG] [ChatTransport] responseHandler called, data: {"type":"delta","content":"感兴趣","error":null,"message_id":"8d338756-dff5-4522-9368-df2aa46d4cb3","conversation_id":null,"itinerary":null,"stage":null} @ webpack-internal:///(app-pages-browser)/./lib/chat-transport.ts:137
[   63210ms] [LOG] [ChatTransport] onmessage triggered, has currentResponseHandler: true @ webpack-internal:///(app-pages-browser)/./lib/chat-transport.ts:41
[   63210ms] [LOG] [ChatTransport] responseHandler called, data: {"type":"delta","content":"？","error":null,"message_id":"8d338756-dff5-4522-9368-df2aa46d4cb3","conversation_id":null,"itinerary":null,"stage":null} @ webpack-internal:///(app-pages-browser)/./lib/chat-transport.ts:137
[   63210ms] [LOG] [ChatTransport] onmessage triggered, has currentResponseHandler: true @ webpack-internal:///(app-pages-browser)/./lib/chat-transport.ts:41
[   63210ms] [LOG] [ChatTransport] responseHandler called, data: {"type":"delta","content":"或者","error":null,"message_id":"8d338756-dff5-4522-9368-df2aa46d4cb3","conversation_id":null,"itinerary":null,"stage":null} @ webpack-internal:///(app-pages-browser)/./lib/chat-transport.ts:137
[   63210ms] [LOG] [ChatTransport] onmessage triggered, has currentResponseHandler: true @ webpack-internal:///(app-pages-browser)/./lib/chat-transport.ts:41
[   63210ms] [LOG] [ChatTransport] responseHandler called, data: {"type":"delta","content":"需要","error":null,"message_id":"8d338756-dff5-4522-9368-df2aa46d4cb3","conversation_id":null,"itinerary":null,"stage":null} @ webpack-internal:///(app-pages-browser)/./lib/chat-transport.ts:137
[   63211ms] [LOG] [ChatTransport] onmessage triggered, has currentResponseHandler: true @ webpack-internal:///(app-pages-browser)/./lib/chat-transport.ts:41
[   63211ms] [LOG] [ChatTransport] responseHandler called, data: {"type":"delta","content":"我","error":null,"message_id":"8d338756-dff5-4522-9368-df2aa46d4cb3","conversation_id":null,"itinerary":null,"stage":null} @ webpack-internal:///(app-pages-browser)/./lib/chat-transport.ts:137
[   63211ms] [LOG] [ChatTransport] onmessage triggered, has currentResponseHandler: true @ webpack-internal:///(app-pages-browser)/./lib/chat-transport.ts:41
[   63211ms] [LOG] [ChatTransport] responseHandler called, data: {"type":"delta","content":"帮","error":null,"message_id":"8d338756-dff5-4522-9368-df2aa46d4cb3","conversation_id":null,"itinerary":null,"stage":null} @ webpack-internal:///(app-pages-browser)/./lib/chat-transport.ts:137
[   63211ms] [LOG] [ChatTransport] onmessage triggered, has currentResponseHandler: true @ webpack-internal:///(app-pages-browser)/./lib/chat-transport.ts:41
[   63211ms] [LOG] [ChatTransport] responseHandler called, data: {"type":"delta","content":"您","error":null,"message_id":"8d338756-dff5-4522-9368-df2aa46d4cb3","conversation_id":null,"itinerary":null,"stage":null} @ webpack-internal:///(app-pages-browser)/./lib/chat-transport.ts:137
[   63211ms] [LOG] [ChatTransport] onmessage triggered, has currentResponseHandler: true @ webpack-internal:///(app-pages-browser)/./lib/chat-transport.ts:41
[   63211ms] [LOG] [ChatTransport] responseHandler called, data: {"type":"delta","content":"规划","error":null,"message_id":"8d338756-dff5-4522-9368-df2aa46d4cb3","conversation_id":null,"itinerary":null,"stage":null} @ webpack-internal:///(app-pages-browser)/./lib/chat-transport.ts:137
[   63211ms] [LOG] [ChatTransport] onmessage triggered, has currentResponseHandler: true @ webpack-internal:///(app-pages-browser)/./lib/chat-transport.ts:41
[   63211ms] [LOG] [ChatTransport] responseHandler called, data: {"type":"delta","content":"具体的","error":null,"message_id":"8d338756-dff5-4522-9368-df2aa46d4cb3","conversation_id":null,"itinerary":null,"stage":null} @ webpack-internal:///(app-pages-browser)/./lib/chat-transport.ts:137
[   63263ms] [LOG] [ChatTransport] onmessage triggered, has currentResponseHandler: true @ webpack-internal:///(app-pages-browser)/./lib/chat-transport.ts:41
[   63263ms] [LOG] [ChatTransport] responseHandler called, data: {"type":"delta","content":"行程","error":null,"message_id":"8d338756-dff5-4522-9368-df2aa46d4cb3","conversation_id":null,"itinerary":null,"stage":null} @ webpack-internal:///(app-pages-browser)/./lib/chat-transport.ts:137
[   63268ms] [LOG] [ChatTransport] onmessage triggered, has currentResponseHandler: true @ webpack-internal:///(app-pages-browser)/./lib/chat-transport.ts:41
[   63269ms] [LOG] [ChatTransport] responseHandler called, data: {"type":"delta","content":"路线","error":null,"message_id":"8d338756-dff5-4522-9368-df2aa46d4cb3","conversation_id":null,"itinerary":null,"stage":null} @ webpack-internal:///(app-pages-browser)/./lib/chat-transport.ts:137
[   63310ms] [LOG] [ChatTransport] onmessage triggered, has currentResponseHandler: true @ webpack-internal:///(app-pages-browser)/./lib/chat-transport.ts:41
[   63310ms] [LOG] [ChatTransport] responseHandler called, data: {"type":"delta","content":"吗","error":null,"message_id":"8d338756-dff5-4522-9368-df2aa46d4cb3","conversation_id":null,"itinerary":null,"stage":null} @ webpack-internal:///(app-pages-browser)/./lib/chat-transport.ts:137
[   63310ms] [LOG] [ChatTransport] onmessage triggered, has currentResponseHandler: true @ webpack-internal:///(app-pages-browser)/./lib/chat-transport.ts:41
[   63310ms] [LOG] [ChatTransport] responseHandler called, data: {"type":"delta","content":"？","error":null,"message_id":"8d338756-dff5-4522-9368-df2aa46d4cb3","conversation_id":null,"itinerary":null,"stage":null} @ webpack-internal:///(app-pages-browser)/./lib/chat-transport.ts:137
[   63376ms] [LOG] [ChatTransport] onmessage triggered, has currentResponseHandler: true @ webpack-internal:///(app-pages-browser)/./lib/chat-transport.ts:41
[   63376ms] [LOG] [ChatTransport] responseHandler called, data: {"type":"stage","content":null,"error":null,"message_id":"8d338756-dff5-4522-9368-df2aa46d4cb3","conversation_id":null,"itinerary":null,"stage":{"name":"6_LLM","status":"end","label":"✨ 生成回复","message":"正在生成回复内容..."}} @ webpack-internal:///(app-pages-browser)/./lib/chat-transport.ts:137
[   63376ms] [LOG] [ChatTransport] Stage update: {name: 6_LLM, status: end, label: ✨ 生成回复, message: 正在生成回复内容...} @ webpack-internal:///(app-pages-browser)/./lib/chat-transport.ts:147
[   63381ms] [LOG] [ChatTransport] onmessage triggered, has currentResponseHandler: true @ webpack-internal:///(app-pages-browser)/./lib/chat-transport.ts:41
[   63381ms] [LOG] [ChatTransport] responseHandler called, data: {"type":"stage","content":null,"error":null,"message_id":"8d338756-dff5-4522-9368-df2aa46d4cb3","conversation_id":null,"itinerary":null,"stage":{"name":"7_CTX_MANAGE","status":"start","label":"📊 上下文管理","message":"正在管理上下文窗口..."}} @ webpack-internal:///(app-pages-browser)/./lib/chat-transport.ts:137
[   63381ms] [LOG] [ChatTransport] Stage update: {name: 7_CTX_MANAGE, status: start, label: 📊 上下文管理, message: 正在管理上下文窗口...} @ webpack-internal:///(app-pages-browser)/./lib/chat-transport.ts:147
[   63386ms] [LOG] [ChatTransport] onmessage triggered, has currentResponseHandler: true @ webpack-internal:///(app-pages-browser)/./lib/chat-transport.ts:41
[   63386ms] [LOG] [ChatTransport] responseHandler called, data: {"type":"stage","content":null,"error":null,"message_id":"8d338756-dff5-4522-9368-df2aa46d4cb3","conversation_id":null,"itinerary":null,"stage":{"name":"7_CTX_MANAGE","status":"skip","label":"📊 上下文管理","message":"正在管理上下文窗口..."}} @ webpack-internal:///(app-pages-browser)/./lib/chat-transport.ts:137
[   63386ms] [LOG] [ChatTransport] Stage update: {name: 7_CTX_MANAGE, status: skip, label: 📊 上下文管理, message: 正在管理上下文窗口...} @ webpack-internal:///(app-pages-browser)/./lib/chat-transport.ts:147
[   63387ms] [LOG] [ChatTransport] onmessage triggered, has currentResponseHandler: true @ webpack-internal:///(app-pages-browser)/./lib/chat-transport.ts:41
[   63387ms] [LOG] [ChatTransport] responseHandler called, data: {"type":"stage","content":null,"error":null,"message_id":"8d338756-dff5-4522-9368-df2aa46d4cb3","conversation_id":null,"itinerary":null,"stage":{"name":"8_MEMORY","status":"start","label":"💾 记忆更新","message":"正在更新记忆信息..."}} @ webpack-internal:///(app-pages-browser)/./lib/chat-transport.ts:137
[   63387ms] [LOG] [ChatTransport] Stage update: {name: 8_MEMORY, status: start, label: 💾 记忆更新, message: 正在更新记忆信息...} @ webpack-internal:///(app-pages-browser)/./lib/chat-transport.ts:147
[   63387ms] [LOG] [ChatTransport] onmessage triggered, has currentResponseHandler: true @ webpack-internal:///(app-pages-browser)/./lib/chat-transport.ts:41
[   63387ms] [LOG] [ChatTransport] responseHandler called, data: {"type":"stage","content":null,"error":null,"message_id":"8d338756-dff5-4522-9368-df2aa46d4cb3","conversation_id":null,"itinerary":null,"stage":{"name":"8_MEMORY","status":"end","label":"💾 记忆更新","message":"正在更新记忆信息..."}} @ webpack-internal:///(app-pages-browser)/./lib/chat-transport.ts:137
[   63387ms] [LOG] [ChatTransport] Stage update: {name: 8_MEMORY, status: end, label: 💾 记忆更新, message: 正在更新记忆信息...} @ webpack-internal:///(app-pages-browser)/./lib/chat-transport.ts:147
[   63387ms] [LOG] [ChatTransport] onmessage triggered, has currentResponseHandler: true @ webpack-internal:///(app-pages-browser)/./lib/chat-transport.ts:41
[   63387ms] [LOG] [ChatTransport] responseHandler called, data: {"type":"done","content":"根据查询结果，我为您整理了北京的一些著名景点：\n\n**核心历史景点：**\n1. **天安门广场** - 世界上最大的城市广场，中国的象征\n2. **天安门城楼** - 重要的历史建筑，可登楼俯瞰广场\n3. **故宫博物院** - 明清两代的皇家宫殿，世界文化遗产\n4. **天坛公园** - 明清皇帝祭天祈谷的场所，世界文化遗产\n\n**皇家园林公园：**\n5. **景山公园** - 可俯瞰故宫全景，崇祯皇帝自缢处\n6. **北海公园** - 中国现存最古老、最完整的皇家园林\n7. **中山公园** - 位于天安门西侧，原为社稷坛\n\n**文化体验区：**\n8. **前门大街** - 传统商业街，老字号集中地\n9. **王府井步行街** - 现代化商业中心，购物美食天堂\n10. **南锣鼓巷** - 北京最古老的街区之一，胡同文化体验\n11. **南池子大街** - 靠近故宫的传统街区\n\n**博物馆：**\n12. **中国国家博物馆** - 展示中华五千年文明史\n\n**建议游览路线：**\n- **历史文化线**：天安门广场 → 故宫 → 景山公园\n- **皇家园林线**：北海公园 → 景山公园 → 中山公园\n- **胡同文化线**：南锣鼓巷 → 南池子大街 → 前门大街\n\n**实用信息：**\n- 故宫、天坛等景点需要提前预约门票\n- 天安门广场参观需要提前预约\n- 建议安排2-3天时间游览主要景点\n\n您对哪些景点特别感兴趣？或者需要我帮您规划具体的行程路线吗？","error":null,"message_id":"8d338756-dff5-4522-9368-df2aa46d4cb3","conversation_id":"c9b60305-5275-4c4a-9f83-1d5b93707c97","itinerary":null,"stage":null} @ webpack-internal:///(app-pages-browser)/./lib/chat-transport.ts:137
[   63387ms] [LOG] [ChatTransport] Updated conversation_id: c9b60305-5275-4c4a-9f83-1d5b93707c97 @ webpack-internal:///(app-pages-browser)/./lib/chat-transport.ts:165
[   68922ms] [LOG] [Auth] Synced user ID to userManager: f62f4ec5-1874-4821-97e9-b2c70b35805d @ webpack-internal:///(app-pages-browser)/./lib/store/auth-store.ts:97
[  109113ms] [INFO] %cDownload the React DevTools for a better development experience: https://react.dev/link/react-devtools font-weight:bold @ webpack-internal:///(app-pages-browser)/./node_modules/next/dist/compiled/react-dom/cjs/react-dom-client.development.js:25630
[  109223ms] [LOG] [Auth] Synced user ID to userManager on init: f62f4ec5-1874-4821-97e9-b2c70b35805d @ webpack-internal:///(app-pages-browser)/./lib/store/auth-store.ts:59
[  109242ms] [LOG] [Chat] Store conversation changed: c9b60305-5275-4c4a-9f83-1d5b93707c97 @ webpack-internal:///(app-pages-browser)/./app/chat/page.tsx:162
[  109244ms] [WARNING] WebSocket connection to 'ws://localhost:8000/ws/chat' failed: WebSocket is closed before the connection is established. @ webpack-internal:///(app-pages-browser)/./lib/chat-transport.ts:84
[  109245ms] [LOG] [Chat] Store conversation changed: c9b60305-5275-4c4a-9f83-1d5b93707c97 @ webpack-internal:///(app-pages-browser)/./app/chat/page.tsx:162
[  109256ms] [ERROR] [ChatTransport] WebSocket error: Event @ webpack-internal:///(app-pages-browser)/./node_modules/next/dist/next-devtools/userspace/app/errors/intercept-console-error.js:56
[  109256ms] [ERROR] Event @ webpack-internal:///(app-pages-browser)/./node_modules/next/dist/next-devtools/userspace/app/errors/intercept-console-error.js:56
[  109256ms] [LOG] [ChatTransport] WebSocket disconnected 1006  @ webpack-internal:///(app-pages-browser)/./lib/chat-transport.ts:63
[  109256ms] [LOG] [ChatTransport] Reconnecting... (1/5) @ webpack-internal:///(app-pages-browser)/./lib/chat-transport.ts:69
[  109266ms] [LOG] [Chat] User initialized: f62f4ec5-1874-4821-97e9-b2c70b35805d @ webpack-internal:///(app-pages-browser)/./app/chat/page.tsx:55
[  109279ms] [LOG] [Chat] User ID set to transport: f62f4ec5-1874-4821-97e9-b2c70b35805d @ webpack-internal:///(app-pages-browser)/./app/chat/page.tsx:98
[  109289ms] [LOG] [Chat] User initialized: f62f4ec5-1874-4821-97e9-b2c70b35805d @ webpack-internal:///(app-pages-browser)/./app/chat/page.tsx:55
[  109566ms] [LOG] [ChatTransport] WebSocket connected @ webpack-internal:///(app-pages-browser)/./lib/chat-transport.ts:29
[  110576ms] [LOG] [ChatTransport] WebSocket connected @ webpack-internal:///(app-pages-browser)/./lib/chat-transport.ts:29
[  150443ms] [LOG] [ChatTransport] sendMessage called, content: 广州有哪些著名景点？ @ webpack-internal:///(app-pages-browser)/./lib/chat-transport.ts:109
[  150443ms] [LOG] [ChatTransport] isConnected: true ws.readyState: 1 @ webpack-internal:///(app-pages-browser)/./lib/chat-transport.ts:110
[  150443ms] [LOG] [ChatTransport] has_image: false @ webpack-internal:///(app-pages-browser)/./lib/chat-transport.ts:111
[  150443ms] [LOG] [ChatTransport] Sending WebSocket message: msg_1776430442585_qbhsqr3 广州有哪些著名景点？ @ webpack-internal:///(app-pages-browser)/./lib/chat-transport.ts:126
[  150443ms] [LOG] [ChatTransport] Setting currentResponseHandler @ webpack-internal:///(app-pages-browser)/./lib/chat-transport.ts:179
[  150444ms] [LOG] [ChatTransport] send() called, isConnected: true readyState: 1 @ webpack-internal:///(app-pages-browser)/./lib/chat-transport.ts:97
[  150444ms] [LOG] [ChatTransport] Sending WebSocket data: {"type":"message","session_id":"session_1776430401386_pwzu5ra","conversation_id":"c9b60305-5275-4c4a-9f83-1d5b93707c97","user_id":"f62f4ec5-1874-4821-97e9-b2c70b35805d","content":"广州有哪些著名景点？","has_image":false} @ webpack-internal:///(app-pages-browser)/./lib/chat-transport.ts:99
[  150462ms] [LOG] [ChatTransport] onmessage triggered, has currentResponseHandler: true @ webpack-internal:///(app-pages-browser)/./lib/chat-transport.ts:41
[  150462ms] [LOG] [ChatTransport] responseHandler called, data: {"type":"stage","content":null,"error":null,"message_id":"31a5cbb5-23e0-4c90-9e2f-e37b9b6cfae5","conversation_id":null,"itinerary":null,"stage":{"name":"1_INTENT","status":"start","label":"🔍 意图识别","message":"正在分析您的需求..."}} @ webpack-internal:///(app-pages-browser)/./lib/chat-transport.ts:137
[  150462ms] [LOG] [ChatTransport] Stage update: {name: 1_INTENT, status: start, label: 🔍 意图识别, message: 正在分析您的需求...} @ webpack-internal:///(app-pages-browser)/./lib/chat-transport.ts:147
[  153890ms] [LOG] [ChatTransport] onmessage triggered, has currentResponseHandler: true @ webpack-internal:///(app-pages-browser)/./lib/chat-transport.ts:41
[  153890ms] [LOG] [ChatTransport] responseHandler called, data: {"type":"stage","content":null,"error":null,"message_id":"31a5cbb5-23e0-4c90-9e2f-e37b9b6cfae5","conversation_id":null,"itinerary":null,"stage":{"name":"1_INTENT","status":"end","label":"🔍 意图识别","message":"正在分析您的需求..."}} @ webpack-internal:///(app-pages-browser)/./lib/chat-transport.ts:137
[  153890ms] [LOG] [ChatTransport] Stage update: {name: 1_INTENT, status: end, label: 🔍 意图识别, message: 正在分析您的需求...} @ webpack-internal:///(app-pages-browser)/./lib/chat-transport.ts:147
[  153905ms] [LOG] [ChatTransport] onmessage triggered, has currentResponseHandler: true @ webpack-internal:///(app-pages-browser)/./lib/chat-transport.ts:41
[  153905ms] [LOG] [ChatTransport] responseHandler called, data: {"type":"stage","content":null,"error":null,"message_id":"31a5cbb5-23e0-4c90-9e2f-e37b9b6cfae5","conversation_id":null,"itinerary":null,"stage":{"name":"2_STORAGE","status":"start","label":"📚 加载历史","message":"正在加载对话历史..."}} @ webpack-internal:///(app-pages-browser)/./lib/chat-transport.ts:137
[  153905ms] [LOG] [ChatTransport] Stage update: {name: 2_STORAGE, status: start, label: 📚 加载历史, message: 正在加载对话历史...} @ webpack-internal:///(app-pages-browser)/./lib/chat-transport.ts:147
[  153914ms] [LOG] [ChatTransport] onmessage triggered, has currentResponseHandler: true @ webpack-internal:///(app-pages-browser)/./lib/chat-transport.ts:41
[  153914ms] [LOG] [ChatTransport] responseHandler called, data: {"type":"stage","content":null,"error":null,"message_id":"31a5cbb5-23e0-4c90-9e2f-e37b9b6cfae5","conversation_id":null,"itinerary":null,"stage":{"name":"2_STORAGE","status":"end","label":"📚 加载历史","message":"正在加载对话历史..."}} @ webpack-internal:///(app-pages-browser)/./lib/chat-transport.ts:137
[  153914ms] [LOG] [ChatTransport] Stage update: {name: 2_STORAGE, status: end, label: 📚 加载历史, message: 正在加载对话历史...} @ webpack-internal:///(app-pages-browser)/./lib/chat-transport.ts:147
[  153914ms] [LOG] [ChatTransport] onmessage triggered, has currentResponseHandler: true @ webpack-internal:///(app-pages-browser)/./lib/chat-transport.ts:41
[  153914ms] [LOG] [ChatTransport] responseHandler called, data: {"type":"stage","content":null,"error":null,"message_id":"31a5cbb5-23e0-4c90-9e2f-e37b9b6cfae5","conversation_id":null,"itinerary":null,"stage":{"name":"3_CTX_CLEAN","status":"start","label":"🧹 上下文清理","message":"正在整理上下文信息..."}} @ webpack-internal:///(app-pages-browser)/./lib/chat-transport.ts:137
[  153914ms] [LOG] [ChatTransport] Stage update: {name: 3_CTX_CLEAN, status: start, label: 🧹 上下文清理, message: 正在整理上下文信息...} @ webpack-internal:///(app-pages-browser)/./lib/chat-transport.ts:147
[  153914ms] [LOG] [ChatTransport] onmessage triggered, has currentResponseHandler: true @ webpack-internal:///(app-pages-browser)/./lib/chat-transport.ts:41
[  153914ms] [LOG] [ChatTransport] responseHandler called, data: {"type":"stage","content":null,"error":null,"message_id":"31a5cbb5-23e0-4c90-9e2f-e37b9b6cfae5","conversation_id":null,"itinerary":null,"stage":{"name":"3_CTX_CLEAN","status":"skip","label":"🧹 上下文清理","message":"正在整理上下文信息..."}} @ webpack-internal:///(app-pages-browser)/./lib/chat-transport.ts:137
[  153914ms] [LOG] [ChatTransport] Stage update: {name: 3_CTX_CLEAN, status: skip, label: 🧹 上下文清理, message: 正在整理上下文信息...} @ webpack-internal:///(app-pages-browser)/./lib/chat-transport.ts:147
[  153914ms] [LOG] [ChatTransport] onmessage triggered, has currentResponseHandler: true @ webpack-internal:///(app-pages-browser)/./lib/chat-transport.ts:41
[  153914ms] [LOG] [ChatTransport] responseHandler called, data: {"type":"stage","content":null,"error":null,"message_id":"31a5cbb5-23e0-4c90-9e2f-e37b9b6cfae5","conversation_id":null,"itinerary":null,"stage":{"name":"4_TOOLS","status":"start","label":"🔧 工具调用","message":"正在获取实时数据..."}} @ webpack-internal:///(app-pages-browser)/./lib/chat-transport.ts:137
[  153914ms] [LOG] [ChatTransport] Stage update: {name: 4_TOOLS, status: start, label: 🔧 工具调用, message: 正在获取实时数据...} @ webpack-internal:///(app-pages-browser)/./lib/chat-transport.ts:147
[  173551ms] [LOG] [ChatTransport] onmessage triggered, has currentResponseHandler: true @ webpack-internal:///(app-pages-browser)/./lib/chat-transport.ts:41
[  173551ms] [LOG] [ChatTransport] responseHandler called, data: {"type":"stage","content":null,"error":null,"message_id":"31a5cbb5-23e0-4c90-9e2f-e37b9b6cfae5","conversation_id":null,"itinerary":null,"stage":{"name":"4_TOOLS","status":"end","label":"🔧 工具调用","message":"正在获取实时数据..."}} @ webpack-internal:///(app-pages-browser)/./lib/chat-transport.ts:137
[  173551ms] [LOG] [ChatTransport] Stage update: {name: 4_TOOLS, status: end, label: 🔧 工具调用, message: 正在获取实时数据...} @ webpack-internal:///(app-pages-browser)/./lib/chat-transport.ts:147
[  173577ms] [LOG] [ChatTransport] onmessage triggered, has currentResponseHandler: true @ webpack-internal:///(app-pages-browser)/./lib/chat-transport.ts:41
[  173577ms] [LOG] [ChatTransport] responseHandler called, data: {"type":"stage","content":null,"error":null,"message_id":"31a5cbb5-23e0-4c90-9e2f-e37b9b6cfae5","conversation_id":null,"itinerary":null,"stage":{"name":"5_CONTEXT","status":"start","label":"🔗 整合信息","message":"正在整合相关信息..."}} @ webpack-internal:///(app-pages-browser)/./lib/chat-transport.ts:137
[  173577ms] [LOG] [ChatTransport] Stage update: {name: 5_CONTEXT, status: start, label: 🔗 整合信息, message: 正在整合相关信息...} @ webpack-internal:///(app-pages-browser)/./lib/chat-transport.ts:147
[  173608ms] [LOG] [ChatTransport] onmessage triggered, has currentResponseHandler: true @ webpack-internal:///(app-pages-browser)/./lib/chat-transport.ts:41
[  173608ms] [LOG] [ChatTransport] responseHandler called, data: {"type":"stage","content":null,"error":null,"message_id":"31a5cbb5-23e0-4c90-9e2f-e37b9b6cfae5","conversation_id":null,"itinerary":null,"stage":{"name":"5_CONTEXT","status":"end","label":"🔗 整合信息","message":"正在整合相关信息..."}} @ webpack-internal:///(app-pages-browser)/./lib/chat-transport.ts:137
[  173608ms] [LOG] [ChatTransport] Stage update: {name: 5_CONTEXT, status: end, label: 🔗 整合信息, message: 正在整合相关信息...} @ webpack-internal:///(app-pages-browser)/./lib/chat-transport.ts:147
[  173608ms] [LOG] [ChatTransport] onmessage triggered, has currentResponseHandler: true @ webpack-internal:///(app-pages-browser)/./lib/chat-transport.ts:41
[  173608ms] [LOG] [ChatTransport] responseHandler called, data: {"type":"stage","content":null,"error":null,"message_id":"31a5cbb5-23e0-4c90-9e2f-e37b9b6cfae5","conversation_id":null,"itinerary":null,"stage":{"name":"6_LLM","status":"start","label":"✨ 生成回复","message":"正在生成回复内容..."}} @ webpack-internal:///(app-pages-browser)/./lib/chat-transport.ts:137
[  173608ms] [LOG] [ChatTransport] Stage update: {name: 6_LLM, status: start, label: ✨ 生成回复, message: 正在生成回复内容...} @ webpack-internal:///(app-pages-browser)/./lib/chat-transport.ts:147
[  174549ms] [LOG] [ChatTransport] onmessage triggered, has currentResponseHandler: true @ webpack-internal:///(app-pages-browser)/./lib/chat-transport.ts:41
[  174549ms] [LOG] [ChatTransport] responseHandler called, data: {"type":"delta","content":"根据","error":null,"message_id":"31a5cbb5-23e0-4c90-9e2f-e37b9b6cfae5","conversation_id":null,"itinerary":null,"stage":null} @ webpack-internal:///(app-pages-browser)/./lib/chat-transport.ts:137
[  175030ms] [LOG] [ChatTransport] onmessage triggered, has currentResponseHandler: true @ webpack-internal:///(app-pages-browser)/./lib/chat-transport.ts:41
[  175031ms] [LOG] [ChatTransport] responseHandler called, data: {"type":"delta","content":"查询","error":null,"message_id":"31a5cbb5-23e0-4c90-9e2f-e37b9b6cfae5","conversation_id":null,"itinerary":null,"stage":null} @ webpack-internal:///(app-pages-browser)/./lib/chat-transport.ts:137
[  175044ms] [LOG] [ChatTransport] onmessage triggered, has currentResponseHandler: true @ webpack-internal:///(app-pages-browser)/./lib/chat-transport.ts:41
[  175044ms] [LOG] [ChatTransport] responseHandler called, data: {"type":"delta","content":"结果","error":null,"message_id":"31a5cbb5-23e0-4c90-9e2f-e37b9b6cfae5","conversation_id":null,"itinerary":null,"stage":null} @ webpack-internal:///(app-pages-browser)/./lib/chat-transport.ts:137
[  175055ms] [LOG] [ChatTransport] onmessage triggered, has currentResponseHandler: true @ webpack-internal:///(app-pages-browser)/./lib/chat-transport.ts:41
[  175055ms] [LOG] [ChatTransport] responseHandler called, data: {"type":"delta","content":"，","error":null,"message_id":"31a5cbb5-23e0-4c90-9e2f-e37b9b6cfae5","conversation_id":null,"itinerary":null,"stage":null} @ webpack-internal:///(app-pages-browser)/./lib/chat-transport.ts:137
[  175101ms] [LOG] [ChatTransport] onmessage triggered, has currentResponseHandler: true @ webpack-internal:///(app-pages-browser)/./lib/chat-transport.ts:41
[  175101ms] [LOG] [ChatTransport] responseHandler called, data: {"type":"delta","content":"我","error":null,"message_id":"31a5cbb5-23e0-4c90-9e2f-e37b9b6cfae5","conversation_id":null,"itinerary":null,"stage":null} @ webpack-internal:///(app-pages-browser)/./lib/chat-transport.ts:137
[  175117ms] [LOG] [ChatTransport] onmessage triggered, has currentResponseHandler: true @ webpack-internal:///(app-pages-browser)/./lib/chat-transport.ts:41
[  175117ms] [LOG] [ChatTransport] responseHandler called, data: {"type":"delta","content":"为您","error":null,"message_id":"31a5cbb5-23e0-4c90-9e2f-e37b9b6cfae5","conversation_id":null,"itinerary":null,"stage":null} @ webpack-internal:///(app-pages-browser)/./lib/chat-transport.ts:137
[  175160ms] [LOG] [ChatTransport] onmessage triggered, has currentResponseHandler: true @ webpack-internal:///(app-pages-browser)/./lib/chat-transport.ts:41
[  175161ms] [LOG] [ChatTransport] responseHandler called, data: {"type":"delta","content":"整理了","error":null,"message_id":"31a5cbb5-23e0-4c90-9e2f-e37b9b6cfae5","conversation_id":null,"itinerary":null,"stage":null} @ webpack-internal:///(app-pages-browser)/./lib/chat-transport.ts:137
[  175161ms] [LOG] [ChatTransport] onmessage triggered, has currentResponseHandler: true @ webpack-internal:///(app-pages-browser)/./lib/chat-transport.ts:41
[  175161ms] [LOG] [ChatTransport] responseHandler called, data: {"type":"delta","content":"广州","error":null,"message_id":"31a5cbb5-23e0-4c90-9e2f-e37b9b6cfae5","conversation_id":null,"itinerary":null,"stage":null} @ webpack-internal:///(app-pages-browser)/./lib/chat-transport.ts:137
[  175219ms] [LOG] [ChatTransport] onmessage triggered, has currentResponseHandler: true @ webpack-internal:///(app-pages-browser)/./lib/chat-transport.ts:41
[  175219ms] [LOG] [ChatTransport] responseHandler called, data: {"type":"delta","content":"的一些","error":null,"message_id":"31a5cbb5-23e0-4c90-9e2f-e37b9b6cfae5","conversation_id":null,"itinerary":null,"stage":null} @ webpack-internal:///(app-pages-browser)/./lib/chat-transport.ts:137
[  175228ms] [LOG] [ChatTransport] onmessage triggered, has currentResponseHandler: true @ webpack-internal:///(app-pages-browser)/./lib/chat-transport.ts:41
[  175228ms] [LOG] [ChatTransport] responseHandler called, data: {"type":"delta","content":"著名","error":null,"message_id":"31a5cbb5-23e0-4c90-9e2f-e37b9b6cfae5","conversation_id":null,"itinerary":null,"stage":null} @ webpack-internal:///(app-pages-browser)/./lib/chat-transport.ts:137
[  175356ms] [LOG] [ChatTransport] onmessage triggered, has currentResponseHandler: true @ webpack-internal:///(app-pages-browser)/./lib/chat-transport.ts:41
[  175356ms] [LOG] [ChatTransport] responseHandler called, data: {"type":"delta","content":"景点","error":null,"message_id":"31a5cbb5-23e0-4c90-9e2f-e37b9b6cfae5","conversation_id":null,"itinerary":null,"stage":null} @ webpack-internal:///(app-pages-browser)/./lib/chat-transport.ts:137
[  175369ms] [LOG] [ChatTransport] onmessage triggered, has currentResponseHandler: true @ webpack-internal:///(app-pages-browser)/./lib/chat-transport.ts:41
[  175369ms] [LOG] [ChatTransport] responseHandler called, data: {"type":"delta","content":"：\n\n","error":null,"message_id":"31a5cbb5-23e0-4c90-9e2f-e37b9b6cfae5","conversation_id":null,"itinerary":null,"stage":null} @ webpack-internal:///(app-pages-browser)/./lib/chat-transport.ts:137
[  175379ms] [LOG] [ChatTransport] onmessage triggered, has currentResponseHandler: true @ webpack-internal:///(app-pages-browser)/./lib/chat-transport.ts:41
[  175379ms] [LOG] [ChatTransport] responseHandler called, data: {"type":"delta","content":"**","error":null,"message_id":"31a5cbb5-23e0-4c90-9e2f-e37b9b6cfae5","conversation_id":null,"itinerary":null,"stage":null} @ webpack-internal:///(app-pages-browser)/./lib/chat-transport.ts:137
[  175379ms] [LOG] [ChatTransport] onmessage triggered, has currentResponseHandler: true @ webpack-internal:///(app-pages-browser)/./lib/chat-transport.ts:41
[  175379ms] [LOG] [ChatTransport] responseHandler called, data: {"type":"delta","content":"历史文化","error":null,"message_id":"31a5cbb5-23e0-4c90-9e2f-e37b9b6cfae5","conversation_id":null,"itinerary":null,"stage":null} @ webpack-internal:///(app-pages-browser)/./lib/chat-transport.ts:137
[  175403ms] [LOG] [ChatTransport] onmessage triggered, has currentResponseHandler: true @ webpack-internal:///(app-pages-browser)/./lib/chat-transport.ts:41
[  175403ms] [LOG] [ChatTransport] responseHandler called, data: {"type":"delta","content":"景点","error":null,"message_id":"31a5cbb5-23e0-4c90-9e2f-e37b9b6cfae5","conversation_id":null,"itinerary":null,"stage":null} @ webpack-internal:///(app-pages-browser)/./lib/chat-transport.ts:137
[  175460ms] [LOG] [ChatTransport] onmessage triggered, has currentResponseHandler: true @ webpack-internal:///(app-pages-browser)/./lib/chat-transport.ts:41
[  175460ms] [LOG] [ChatTransport] responseHandler called, data: {"type":"delta","content":"：","error":null,"message_id":"31a5cbb5-23e0-4c90-9e2f-e37b9b6cfae5","conversation_id":null,"itinerary":null,"stage":null} @ webpack-internal:///(app-pages-browser)/./lib/chat-transport.ts:137
[  175475ms] [LOG] [ChatTransport] onmessage triggered, has currentResponseHandler: true @ webpack-internal:///(app-pages-browser)/./lib/chat-transport.ts:41
[  175475ms] [LOG] [ChatTransport] responseHandler called, data: {"type":"delta","content":"**\n","error":null,"message_id":"31a5cbb5-23e0-4c90-9e2f-e37b9b6cfae5","conversation_id":null,"itinerary":null,"stage":null} @ webpack-internal:///(app-pages-browser)/./lib/chat-transport.ts:137
[  175518ms] [LOG] [ChatTransport] onmessage triggered, has currentResponseHandler: true @ webpack-internal:///(app-pages-browser)/./lib/chat-transport.ts:41
[  175518ms] [LOG] [ChatTransport] responseHandler called, data: {"type":"delta","content":"1","error":null,"message_id":"31a5cbb5-23e0-4c90-9e2f-e37b9b6cfae5","conversation_id":null,"itinerary":null,"stage":null} @ webpack-internal:///(app-pages-browser)/./lib/chat-transport.ts:137
[  175529ms] [LOG] [ChatTransport] onmessage triggered, has currentResponseHandler: true @ webpack-internal:///(app-pages-browser)/./lib/chat-transport.ts:41
[  175529ms] [LOG] [ChatTransport] responseHandler called, data: {"type":"delta","content":".","error":null,"message_id":"31a5cbb5-23e0-4c90-9e2f-e37b9b6cfae5","conversation_id":null,"itinerary":null,"stage":null} @ webpack-internal:///(app-pages-browser)/./lib/chat-transport.ts:137
[  175580ms] [LOG] [ChatTransport] onmessage triggered, has currentResponseHandler: true @ webpack-internal:///(app-pages-browser)/./lib/chat-transport.ts:41
[  175580ms] [LOG] [ChatTransport] responseHandler called, data: {"type":"delta","content":" **","error":null,"message_id":"31a5cbb5-23e0-4c90-9e2f-e37b9b6cfae5","conversation_id":null,"itinerary":null,"stage":null} @ webpack-internal:///(app-pages-browser)/./lib/chat-transport.ts:137
[  175580ms] [LOG] [ChatTransport] onmessage triggered, has currentResponseHandler: true @ webpack-internal:///(app-pages-browser)/./lib/chat-transport.ts:41
[  175580ms] [LOG] [ChatTransport] responseHandler called, data: {"type":"delta","content":"北京","error":null,"message_id":"31a5cbb5-23e0-4c90-9e2f-e37b9b6cfae5","conversation_id":null,"itinerary":null,"stage":null} @ webpack-internal:///(app-pages-browser)/./lib/chat-transport.ts:137
[  175670ms] [LOG] [ChatTransport] onmessage triggered, has currentResponseHandler: true @ webpack-internal:///(app-pages-browser)/./lib/chat-transport.ts:41
[  175670ms] [LOG] [ChatTransport] responseHandler called, data: {"type":"delta","content":"路","error":null,"message_id":"31a5cbb5-23e0-4c90-9e2f-e37b9b6cfae5","conversation_id":null,"itinerary":null,"stage":null} @ webpack-internal:///(app-pages-browser)/./lib/chat-transport.ts:137
[  175671ms] [LOG] [ChatTransport] onmessage triggered, has currentResponseHandler: true @ webpack-internal:///(app-pages-browser)/./lib/chat-transport.ts:41
[  175671ms] [LOG] [ChatTransport] responseHandler called, data: {"type":"delta","content":"步行","error":null,"message_id":"31a5cbb5-23e0-4c90-9e2f-e37b9b6cfae5","conversation_id":null,"itinerary":null,"stage":null} @ webpack-internal:///(app-pages-browser)/./lib/chat-transport.ts:137
[  175727ms] [LOG] [ChatTransport] onmessage triggered, has currentResponseHandler: true @ webpack-internal:///(app-pages-browser)/./lib/chat-transport.ts:41
[  175727ms] [LOG] [ChatTransport] responseHandler called, data: {"type":"delta","content":"街","error":null,"message_id":"31a5cbb5-23e0-4c90-9e2f-e37b9b6cfae5","conversation_id":null,"itinerary":null,"stage":null} @ webpack-internal:///(app-pages-browser)/./lib/chat-transport.ts:137
[  175728ms] [LOG] [ChatTransport] onmessage triggered, has currentResponseHandler: true @ webpack-internal:///(app-pages-browser)/./lib/chat-transport.ts:41
[  175728ms] [LOG] [ChatTransport] responseHandler called, data: {"type":"delta","content":"**","error":null,"message_id":"31a5cbb5-23e0-4c90-9e2f-e37b9b6cfae5","conversation_id":null,"itinerary":null,"stage":null} @ webpack-internal:///(app-pages-browser)/./lib/chat-transport.ts:137
[  175776ms] [LOG] [ChatTransport] onmessage triggered, has currentResponseHandler: true @ webpack-internal:///(app-pages-browser)/./lib/chat-transport.ts:41
[  175776ms] [LOG] [ChatTransport] responseHandler called, data: {"type":"delta","content":" -","error":null,"message_id":"31a5cbb5-23e0-4c90-9e2f-e37b9b6cfae5","conversation_id":null,"itinerary":null,"stage":null} @ webpack-internal:///(app-pages-browser)/./lib/chat-transport.ts:137
[  175781ms] [LOG] [ChatTransport] onmessage triggered, has currentResponseHandler: true @ webpack-internal:///(app-pages-browser)/./lib/chat-transport.ts:41
[  175781ms] [LOG] [ChatTransport] responseHandler called, data: {"type":"delta","content":" ","error":null,"message_id":"31a5cbb5-23e0-4c90-9e2f-e37b9b6cfae5","conversation_id":null,"itinerary":null,"stage":null} @ webpack-internal:///(app-pages-browser)/./lib/chat-transport.ts:137
[  175844ms] [LOG] [ChatTransport] onmessage triggered, has currentResponseHandler: true @ webpack-internal:///(app-pages-browser)/./lib/chat-transport.ts:41
[  175845ms] [LOG] [ChatTransport] responseHandler called, data: {"type":"delta","content":"广州","error":null,"message_id":"31a5cbb5-23e0-4c90-9e2f-e37b9b6cfae5","conversation_id":null,"itinerary":null,"stage":null} @ webpack-internal:///(app-pages-browser)/./lib/chat-transport.ts:137
[  175850ms] [LOG] [ChatTransport] onmessage triggered, has currentResponseHandler: true @ webpack-internal:///(app-pages-browser)/./lib/chat-transport.ts:41
[  175850ms] [LOG] [ChatTransport] responseHandler called, data: {"type":"delta","content":"最","error":null,"message_id":"31a5cbb5-23e0-4c90-9e2f-e37b9b6cfae5","conversation_id":null,"itinerary":null,"stage":null} @ webpack-internal:///(app-pages-browser)/./lib/chat-transport.ts:137
[  175880ms] [LOG] [ChatTransport] onmessage triggered, has currentResponseHandler: true @ webpack-internal:///(app-pages-browser)/./lib/chat-transport.ts:41
[  175880ms] [LOG] [ChatTransport] responseHandler called, data: {"type":"delta","content":"繁华","error":null,"message_id":"31a5cbb5-23e0-4c90-9e2f-e37b9b6cfae5","conversation_id":null,"itinerary":null,"stage":null} @ webpack-internal:///(app-pages-browser)/./lib/chat-transport.ts:137
[  175883ms] [LOG] [ChatTransport] onmessage triggered, has currentResponseHandler: true @ webpack-internal:///(app-pages-browser)/./lib/chat-transport.ts:41
[  175883ms] [LOG] [ChatTransport] responseHandler called, data: {"type":"delta","content":"的商业","error":null,"message_id":"31a5cbb5-23e0-4c90-9e2f-e37b9b6cfae5","conversation_id":null,"itinerary":null,"stage":null} @ webpack-internal:///(app-pages-browser)/./lib/chat-transport.ts:137
[  175941ms] [LOG] [ChatTransport] onmessage triggered, has currentResponseHandler: true @ webpack-internal:///(app-pages-browser)/./lib/chat-transport.ts:41
[  175941ms] [LOG] [ChatTransport] responseHandler called, data: {"type":"delta","content":"街","error":null,"message_id":"31a5cbb5-23e0-4c90-9e2f-e37b9b6cfae5","conversation_id":null,"itinerary":null,"stage":null} @ webpack-internal:///(app-pages-browser)/./lib/chat-transport.ts:137
[  176004ms] [LOG] [ChatTransport] onmessage triggered, has currentResponseHandler: true @ webpack-internal:///(app-pages-browser)/./lib/chat-transport.ts:41
[  176004ms] [LOG] [ChatTransport] responseHandler called, data: {"type":"delta","content":"之一","error":null,"message_id":"31a5cbb5-23e0-4c90-9e2f-e37b9b6cfae5","conversation_id":null,"itinerary":null,"stage":null} @ webpack-internal:///(app-pages-browser)/./lib/chat-transport.ts:137
[  176005ms] [LOG] [ChatTransport] onmessage triggered, has currentResponseHandler: true @ webpack-internal:///(app-pages-browser)/./lib/chat-transport.ts:41
[  176005ms] [LOG] [ChatTransport] responseHandler called, data: {"type":"delta","content":"，","error":null,"message_id":"31a5cbb5-23e0-4c90-9e2f-e37b9b6cfae5","conversation_id":null,"itinerary":null,"stage":null} @ webpack-internal:///(app-pages-browser)/./lib/chat-transport.ts:137
[  176081ms] [LOG] [ChatTransport] onmessage triggered, has currentResponseHandler: true @ webpack-internal:///(app-pages-browser)/./lib/chat-transport.ts:41
[  176081ms] [LOG] [ChatTransport] responseHandler called, data: {"type":"delta","content":"历史悠久","error":null,"message_id":"31a5cbb5-23e0-4c90-9e2f-e37b9b6cfae5","conversation_id":null,"itinerary":null,"stage":null} @ webpack-internal:///(app-pages-browser)/./lib/chat-transport.ts:137
[  176097ms] [LOG] [ChatTransport] onmessage triggered, has currentResponseHandler: true @ webpack-internal:///(app-pages-browser)/./lib/chat-transport.ts:41
[  176097ms] [LOG] [ChatTransport] responseHandler called, data: {"type":"delta","content":"\n","error":null,"message_id":"31a5cbb5-23e0-4c90-9e2f-e37b9b6cfae5","conversation_id":null,"itinerary":null,"stage":null} @ webpack-internal:///(app-pages-browser)/./lib/chat-transport.ts:137
[  176142ms] [LOG] [ChatTransport] onmessage triggered, has currentResponseHandler: true @ webpack-internal:///(app-pages-browser)/./lib/chat-transport.ts:41
[  176142ms] [LOG] [ChatTransport] responseHandler called, data: {"type":"delta","content":"2","error":null,"message_id":"31a5cbb5-23e0-4c90-9e2f-e37b9b6cfae5","conversation_id":null,"itinerary":null,"stage":null} @ webpack-internal:///(app-pages-browser)/./lib/chat-transport.ts:137
[  176152ms] [LOG] [ChatTransport] onmessage triggered, has currentResponseHandler: true @ webpack-internal:///(app-pages-browser)/./lib/chat-transport.ts:41
[  176152ms] [LOG] [ChatTransport] responseHandler called, data: {"type":"delta","content":".","error":null,"message_id":"31a5cbb5-23e0-4c90-9e2f-e37b9b6cfae5","conversation_id":null,"itinerary":null,"stage":null} @ webpack-internal:///(app-pages-browser)/./lib/chat-transport.ts:137
[  176206ms] [LOG] [ChatTransport] onmessage triggered, has currentResponseHandler: true @ webpack-internal:///(app-pages-browser)/./lib/chat-transport.ts:41
[  176206ms] [LOG] [ChatTransport] responseHandler called, data: {"type":"delta","content":" **","error":null,"message_id":"31a5cbb5-23e0-4c90-9e2f-e37b9b6cfae5","conversation_id":null,"itinerary":null,"stage":null} @ webpack-internal:///(app-pages-browser)/./lib/chat-transport.ts:137
[  176221ms] [LOG] [ChatTransport] onmessage triggered, has currentResponseHandler: true @ webpack-internal:///(app-pages-browser)/./lib/chat-transport.ts:41
[  176221ms] [LOG] [ChatTransport] responseHandler called, data: {"type":"delta","content":"北京","error":null,"message_id":"31a5cbb5-23e0-4c90-9e2f-e37b9b6cfae5","conversation_id":null,"itinerary":null,"stage":null} @ webpack-internal:///(app-pages-browser)/./lib/chat-transport.ts:137
[  176245ms] [LOG] [ChatTransport] onmessage triggered, has currentResponseHandler: true @ webpack-internal:///(app-pages-browser)/./lib/chat-transport.ts:41
[  176245ms] [LOG] [ChatTransport] responseHandler called, data: {"type":"delta","content":"路","error":null,"message_id":"31a5cbb5-23e0-4c90-9e2f-e37b9b6cfae5","conversation_id":null,"itinerary":null,"stage":null} @ webpack-internal:///(app-pages-browser)/./lib/chat-transport.ts:137
[  176245ms] [LOG] [ChatTransport] onmessage triggered, has currentResponseHandler: true @ webpack-internal:///(app-pages-browser)/./lib/chat-transport.ts:41
[  176245ms] [LOG] [ChatTransport] responseHandler called, data: {"type":"delta","content":"文化旅游","error":null,"message_id":"31a5cbb5-23e0-4c90-9e2f-e37b9b6cfae5","conversation_id":null,"itinerary":null,"stage":null} @ webpack-internal:///(app-pages-browser)/./lib/chat-transport.ts:137
[  176322ms] [LOG] [ChatTransport] onmessage triggered, has currentResponseHandler: true @ webpack-internal:///(app-pages-browser)/./lib/chat-transport.ts:41
[  176322ms] [LOG] [ChatTransport] responseHandler called, data: {"type":"delta","content":"区","error":null,"message_id":"31a5cbb5-23e0-4c90-9e2f-e37b9b6cfae5","conversation_id":null,"itinerary":null,"stage":null} @ webpack-internal:///(app-pages-browser)/./lib/chat-transport.ts:137
[  176323ms] [LOG] [ChatTransport] onmessage triggered, has currentResponseHandler: true @ webpack-internal:///(app-pages-browser)/./lib/chat-transport.ts:41
[  176323ms] [LOG] [ChatTransport] responseHandler called, data: {"type":"delta","content":"**","error":null,"message_id":"31a5cbb5-23e0-4c90-9e2f-e37b9b6cfae5","conversation_id":null,"itinerary":null,"stage":null} @ webpack-internal:///(app-pages-browser)/./lib/chat-transport.ts:137
[  176363ms] [LOG] [ChatTransport] onmessage triggered, has currentResponseHandler: true @ webpack-internal:///(app-pages-browser)/./lib/chat-transport.ts:41
[  176363ms] [LOG] [ChatTransport] responseHandler called, data: {"type":"delta","content":" -","error":null,"message_id":"31a5cbb5-23e0-4c90-9e2f-e37b9b6cfae5","conversation_id":null,"itinerary":null,"stage":null} @ webpack-internal:///(app-pages-browser)/./lib/chat-transport.ts:137
[  176375ms] [LOG] [ChatTransport] onmessage triggered, has currentResponseHandler: true @ webpack-internal:///(app-pages-browser)/./lib/chat-transport.ts:41
[  176375ms] [LOG] [ChatTransport] responseHandler called, data: {"type":"delta","content":" ","error":null,"message_id":"31a5cbb5-23e0-4c90-9e2f-e37b9b6cfae5","conversation_id":null,"itinerary":null,"stage":null} @ webpack-internal:///(app-pages-browser)/./lib/chat-transport.ts:137
[  176440ms] [LOG] [ChatTransport] onmessage triggered, has currentResponseHandler: true @ webpack-internal:///(app-pages-browser)/./lib/chat-transport.ts:41
[  176440ms] [LOG] [ChatTransport] responseHandler called, data: {"type":"delta","content":"包含","error":null,"message_id":"31a5cbb5-23e0-4c90-9e2f-e37b9b6cfae5","conversation_id":null,"itinerary":null,"stage":null} @ webpack-internal:///(app-pages-browser)/./lib/chat-transport.ts:137
[  176452ms] [LOG] [ChatTransport] onmessage triggered, has currentResponseHandler: true @ webpack-internal:///(app-pages-browser)/./lib/chat-transport.ts:41
[  176452ms] [LOG] [ChatTransport] responseHandler called, data: {"type":"delta","content":"多个","error":null,"message_id":"31a5cbb5-23e0-4c90-9e2f-e37b9b6cfae5","conversation_id":null,"itinerary":null,"stage":null} @ webpack-internal:///(app-pages-browser)/./lib/chat-transport.ts:137
[  176493ms] [LOG] [ChatTransport] onmessage triggered, has currentResponseHandler: true @ webpack-internal:///(app-pages-browser)/./lib/chat-transport.ts:41
[  176493ms] [LOG] [ChatTransport] responseHandler called, data: {"type":"delta","content":"历史文化","error":null,"message_id":"31a5cbb5-23e0-4c90-9e2f-e37b9b6cfae5","conversation_id":null,"itinerary":null,"stage":null} @ webpack-internal:///(app-pages-browser)/./lib/chat-transport.ts:137
[  176554ms] [LOG] [ChatTransport] onmessage triggered, has currentResponseHandler: true @ webpack-internal:///(app-pages-browser)/./lib/chat-transport.ts:41
[  176554ms] [LOG] [ChatTransport] responseHandler called, data: {"type":"delta","content":"遗址","error":null,"message_id":"31a5cbb5-23e0-4c90-9e2f-e37b9b6cfae5","conversation_id":null,"itinerary":null,"stage":null} @ webpack-internal:///(app-pages-browser)/./lib/chat-transport.ts:137
[  176638ms] [LOG] [ChatTransport] onmessage triggered, has currentResponseHandler: true @ webpack-internal:///(app-pages-browser)/./lib/chat-transport.ts:41
[  176638ms] [LOG] [ChatTransport] responseHandler called, data: {"type":"delta","content":"\n","error":null,"message_id":"31a5cbb5-23e0-4c90-9e2f-e37b9b6cfae5","conversation_id":null,"itinerary":null,"stage":null} @ webpack-internal:///(app-pages-browser)/./lib/chat-transport.ts:137
[  176650ms] [LOG] [ChatTransport] onmessage triggered, has currentResponseHandler: true @ webpack-internal:///(app-pages-browser)/./lib/chat-transport.ts:41
[  176650ms] [LOG] [ChatTransport] responseHandler called, data: {"type":"delta","content":"3","error":null,"message_id":"31a5cbb5-23e0-4c90-9e2f-e37b9b6cfae5","conversation_id":null,"itinerary":null,"stage":null} @ webpack-internal:///(app-pages-browser)/./lib/chat-transport.ts:137
[  176677ms] [LOG] [ChatTransport] onmessage triggered, has currentResponseHandler: true @ webpack-internal:///(app-pages-browser)/./lib/chat-transport.ts:41
[  176677ms] [LOG] [ChatTransport] responseHandler called, data: {"type":"delta","content":".","error":null,"message_id":"31a5cbb5-23e0-4c90-9e2f-e37b9b6cfae5","conversation_id":null,"itinerary":null,"stage":null} @ webpack-internal:///(app-pages-browser)/./lib/chat-transport.ts:137
[  176679ms] [LOG] [ChatTransport] onmessage triggered, has currentResponseHandler: true @ webpack-internal:///(app-pages-browser)/./lib/chat-transport.ts:41
[  176679ms] [LOG] [ChatTransport] responseHandler called, data: {"type":"delta","content":" **","error":null,"message_id":"31a5cbb5-23e0-4c90-9e2f-e37b9b6cfae5","conversation_id":null,"itinerary":null,"stage":null} @ webpack-internal:///(app-pages-browser)/./lib/chat-transport.ts:137
[  176736ms] [LOG] [ChatTransport] onmessage triggered, has currentResponseHandler: true @ webpack-internal:///(app-pages-browser)/./lib/chat-transport.ts:41
[  176736ms] [LOG] [ChatTransport] responseHandler called, data: {"type":"delta","content":"陈家","error":null,"message_id":"31a5cbb5-23e0-4c90-9e2f-e37b9b6cfae5","conversation_id":null,"itinerary":null,"stage":null} @ webpack-internal:///(app-pages-browser)/./lib/chat-transport.ts:137
[  176739ms] [LOG] [ChatTransport] onmessage triggered, has currentResponseHandler: true @ webpack-internal:///(app-pages-browser)/./lib/chat-transport.ts:41
[  176740ms] [LOG] [ChatTransport] responseHandler called, data: {"type":"delta","content":"祠堂","error":null,"message_id":"31a5cbb5-23e0-4c90-9e2f-e37b9b6cfae5","conversation_id":null,"itinerary":null,"stage":null} @ webpack-internal:///(app-pages-browser)/./lib/chat-transport.ts:137
[  176787ms] [LOG] [ChatTransport] onmessage triggered, has currentResponseHandler: true @ webpack-internal:///(app-pages-browser)/./lib/chat-transport.ts:41
[  176788ms] [LOG] [ChatTransport] responseHandler called, data: {"type":"delta","content":"**","error":null,"message_id":"31a5cbb5-23e0-4c90-9e2f-e37b9b6cfae5","conversation_id":null,"itinerary":null,"stage":null} @ webpack-internal:///(app-pages-browser)/./lib/chat-transport.ts:137
[  176790ms] [LOG] [ChatTransport] onmessage triggered, has currentResponseHandler: true @ webpack-internal:///(app-pages-browser)/./lib/chat-transport.ts:41
[  176790ms] [LOG] [ChatTransport] responseHandler called, data: {"type":"delta","content":" -","error":null,"message_id":"31a5cbb5-23e0-4c90-9e2f-e37b9b6cfae5","conversation_id":null,"itinerary":null,"stage":null} @ webpack-internal:///(app-pages-browser)/./lib/chat-transport.ts:137
[  176952ms] [LOG] [ChatTransport] onmessage triggered, has currentResponseHandler: true @ webpack-internal:///(app-pages-browser)/./lib/chat-transport.ts:41
[  176952ms] [LOG] [ChatTransport] responseHandler called, data: {"type":"delta","content":" ","error":null,"message_id":"31a5cbb5-23e0-4c90-9e2f-e37b9b6cfae5","conversation_id":null,"itinerary":null,"stage":null} @ webpack-internal:///(app-pages-browser)/./lib/chat-transport.ts:137
[  176956ms] [LOG] [ChatTransport] onmessage triggered, has currentResponseHandler: true @ webpack-internal:///(app-pages-browser)/./lib/chat-transport.ts:41
[  176956ms] [LOG] [ChatTransport] responseHandler called, data: {"type":"delta","content":"岭南","error":null,"message_id":"31a5cbb5-23e0-4c90-9e2f-e37b9b6cfae5","conversation_id":null,"itinerary":null,"stage":null} @ webpack-internal:///(app-pages-browser)/./lib/chat-transport.ts:137
[  176961ms] [LOG] [ChatTransport] onmessage triggered, has currentResponseHandler: true @ webpack-internal:///(app-pages-browser)/./lib/chat-transport.ts:41
[  176961ms] [LOG] [ChatTransport] responseHandler called, data: {"type":"delta","content":"建筑","error":null,"message_id":"31a5cbb5-23e0-4c90-9e2f-e37b9b6cfae5","conversation_id":null,"itinerary":null,"stage":null} @ webpack-internal:///(app-pages-browser)/./lib/chat-transport.ts:137
[  176961ms] [LOG] [ChatTransport] onmessage triggered, has currentResponseHandler: true @ webpack-internal:///(app-pages-browser)/./lib/chat-transport.ts:41
[  176961ms] [LOG] [ChatTransport] responseHandler called, data: {"type":"delta","content":"艺术的","error":null,"message_id":"31a5cbb5-23e0-4c90-9e2f-e37b9b6cfae5","conversation_id":null,"itinerary":null,"stage":null} @ webpack-internal:///(app-pages-browser)/./lib/chat-transport.ts:137
[  176968ms] [LOG] [ChatTransport] onmessage triggered, has currentResponseHandler: true @ webpack-internal:///(app-pages-browser)/./lib/chat-transport.ts:41
[  176968ms] [LOG] [ChatTransport] responseHandler called, data: {"type":"delta","content":"杰出","error":null,"message_id":"31a5cbb5-23e0-4c90-9e2f-e37b9b6cfae5","conversation_id":null,"itinerary":null,"stage":null} @ webpack-internal:///(app-pages-browser)/./lib/chat-transport.ts:137
[  177036ms] [LOG] [ChatTransport] onmessage triggered, has currentResponseHandler: true @ webpack-internal:///(app-pages-browser)/./lib/chat-transport.ts:41
[  177036ms] [LOG] [ChatTransport] responseHandler called, data: {"type":"delta","content":"代表","error":null,"message_id":"31a5cbb5-23e0-4c90-9e2f-e37b9b6cfae5","conversation_id":null,"itinerary":null,"stage":null} @ webpack-internal:///(app-pages-browser)/./lib/chat-transport.ts:137
[  177040ms] [LOG] [ChatTransport] onmessage triggered, has currentResponseHandler: true @ webpack-internal:///(app-pages-browser)/./lib/chat-transport.ts:41
[  177040ms] [LOG] [ChatTransport] responseHandler called, data: {"type":"delta","content":"，","error":null,"message_id":"31a5cbb5-23e0-4c90-9e2f-e37b9b6cfae5","conversation_id":null,"itinerary":null,"stage":null} @ webpack-internal:///(app-pages-browser)/./lib/chat-transport.ts:137
[  177155ms] [LOG] [ChatTransport] onmessage triggered, has currentResponseHandler: true @ webpack-internal:///(app-pages-browser)/./lib/chat-transport.ts:41
[  177155ms] [LOG] [ChatTransport] responseHandler called, data: {"type":"delta","content":"国家级","error":null,"message_id":"31a5cbb5-23e0-4c90-9e2f-e37b9b6cfae5","conversation_id":null,"itinerary":null,"stage":null} @ webpack-internal:///(app-pages-browser)/./lib/chat-transport.ts:137
[  177163ms] [LOG] [ChatTransport] onmessage triggered, has currentResponseHandler: true @ webpack-internal:///(app-pages-browser)/./lib/chat-transport.ts:41
[  177163ms] [LOG] [ChatTransport] responseHandler called, data: {"type":"delta","content":"景点","error":null,"message_id":"31a5cbb5-23e0-4c90-9e2f-e37b9b6cfae5","conversation_id":null,"itinerary":null,"stage":null} @ webpack-internal:///(app-pages-browser)/./lib/chat-transport.ts:137
[  177172ms] [LOG] [ChatTransport] onmessage triggered, has currentResponseHandler: true @ webpack-internal:///(app-pages-browser)/./lib/chat-transport.ts:41
[  177172ms] [LOG] [ChatTransport] responseHandler called, data: {"type":"delta","content":"\n","error":null,"message_id":"31a5cbb5-23e0-4c90-9e2f-e37b9b6cfae5","conversation_id":null,"itinerary":null,"stage":null} @ webpack-internal:///(app-pages-browser)/./lib/chat-transport.ts:137
[  177180ms] [LOG] [ChatTransport] onmessage triggered, has currentResponseHandler: true @ webpack-internal:///(app-pages-browser)/./lib/chat-transport.ts:41
[  177180ms] [LOG] [ChatTransport] responseHandler called, data: {"type":"delta","content":"4","error":null,"message_id":"31a5cbb5-23e0-4c90-9e2f-e37b9b6cfae5","conversation_id":null,"itinerary":null,"stage":null} @ webpack-internal:///(app-pages-browser)/./lib/chat-transport.ts:137
[  177210ms] [LOG] [ChatTransport] onmessage triggered, has currentResponseHandler: true @ webpack-internal:///(app-pages-browser)/./lib/chat-transport.ts:41
[  177210ms] [LOG] [ChatTransport] responseHandler called, data: {"type":"delta","content":".","error":null,"message_id":"31a5cbb5-23e0-4c90-9e2f-e37b9b6cfae5","conversation_id":null,"itinerary":null,"stage":null} @ webpack-internal:///(app-pages-browser)/./lib/chat-transport.ts:137
[  177220ms] [LOG] [ChatTransport] onmessage triggered, has currentResponseHandler: true @ webpack-internal:///(app-pages-browser)/./lib/chat-transport.ts:41
[  177221ms] [LOG] [ChatTransport] responseHandler called, data: {"type":"delta","content":" **","error":null,"message_id":"31a5cbb5-23e0-4c90-9e2f-e37b9b6cfae5","conversation_id":null,"itinerary":null,"stage":null} @ webpack-internal:///(app-pages-browser)/./lib/chat-transport.ts:137
[  177280ms] [LOG] [ChatTransport] onmessage triggered, has currentResponseHandler: true @ webpack-internal:///(app-pages-browser)/./lib/chat-transport.ts:41
[  177280ms] [LOG] [ChatTransport] responseHandler called, data: {"type":"delta","content":"南","error":null,"message_id":"31a5cbb5-23e0-4c90-9e2f-e37b9b6cfae5","conversation_id":null,"itinerary":null,"stage":null} @ webpack-internal:///(app-pages-browser)/./lib/chat-transport.ts:137
[  177289ms] [LOG] [ChatTransport] onmessage triggered, has currentResponseHandler: true @ webpack-internal:///(app-pages-browser)/./lib/chat-transport.ts:41
[  177289ms] [LOG] [ChatTransport] responseHandler called, data: {"type":"delta","content":"越","error":null,"message_id":"31a5cbb5-23e0-4c90-9e2f-e37b9b6cfae5","conversation_id":null,"itinerary":null,"stage":null} @ webpack-internal:///(app-pages-browser)/./lib/chat-transport.ts:137
[  177331ms] [LOG] [ChatTransport] onmessage triggered, has currentResponseHandler: true @ webpack-internal:///(app-pages-browser)/./lib/chat-transport.ts:41
[  177331ms] [LOG] [ChatTransport] responseHandler called, data: {"type":"delta","content":"王","error":null,"message_id":"31a5cbb5-23e0-4c90-9e2f-e37b9b6cfae5","conversation_id":null,"itinerary":null,"stage":null} @ webpack-internal:///(app-pages-browser)/./lib/chat-transport.ts:137
[  177341ms] [LOG] [ChatTransport] onmessage triggered, has currentResponseHandler: true @ webpack-internal:///(app-pages-browser)/./lib/chat-transport.ts:41
[  177341ms] [LOG] [ChatTransport] responseHandler called, data: {"type":"delta","content":"博物院","error":null,"message_id":"31a5cbb5-23e0-4c90-9e2f-e37b9b6cfae5","conversation_id":null,"itinerary":null,"stage":null} @ webpack-internal:///(app-pages-browser)/./lib/chat-transport.ts:137
[  177399ms] [LOG] [ChatTransport] onmessage triggered, has currentResponseHandler: true @ webpack-internal:///(app-pages-browser)/./lib/chat-transport.ts:41
[  177399ms] [LOG] [ChatTransport] responseHandler called, data: {"type":"delta","content":"**","error":null,"message_id":"31a5cbb5-23e0-4c90-9e2f-e37b9b6cfae5","conversation_id":null,"itinerary":null,"stage":null} @ webpack-internal:///(app-pages-browser)/./lib/chat-transport.ts:137
[  177451ms] [LOG] [ChatTransport] onmessage triggered, has currentResponseHandler: true @ webpack-internal:///(app-pages-browser)/./lib/chat-transport.ts:41
[  177452ms] [LOG] [ChatTransport] responseHandler called, data: {"type":"delta","content":"（","error":null,"message_id":"31a5cbb5-23e0-4c90-9e2f-e37b9b6cfae5","conversation_id":null,"itinerary":null,"stage":null} @ webpack-internal:///(app-pages-browser)/./lib/chat-transport.ts:137
[  177462ms] [LOG] [ChatTransport] onmessage triggered, has currentResponseHandler: true @ webpack-internal:///(app-pages-browser)/./lib/chat-transport.ts:41
[  177462ms] [LOG] [ChatTransport] responseHandler called, data: {"type":"delta","content":"王","error":null,"message_id":"31a5cbb5-23e0-4c90-9e2f-e37b9b6cfae5","conversation_id":null,"itinerary":null,"stage":null} @ webpack-internal:///(app-pages-browser)/./lib/chat-transport.ts:137
[  177507ms] [LOG] [ChatTransport] onmessage triggered, has currentResponseHandler: true @ webpack-internal:///(app-pages-browser)/./lib/chat-transport.ts:41
[  177507ms] [LOG] [ChatTransport] responseHandler called, data: {"type":"delta","content":"墓","error":null,"message_id":"31a5cbb5-23e0-4c90-9e2f-e37b9b6cfae5","conversation_id":null,"itinerary":null,"stage":null} @ webpack-internal:///(app-pages-browser)/./lib/chat-transport.ts:137
[  177516ms] [LOG] [ChatTransport] onmessage triggered, has currentResponseHandler: true @ webpack-internal:///(app-pages-browser)/./lib/chat-transport.ts:41
[  177516ms] [LOG] [ChatTransport] responseHandler called, data: {"type":"delta","content":"展","error":null,"message_id":"31a5cbb5-23e0-4c90-9e2f-e37b9b6cfae5","conversation_id":null,"itinerary":null,"stage":null} @ webpack-internal:///(app-pages-browser)/./lib/chat-transport.ts:137
[  177566ms] [LOG] [ChatTransport] onmessage triggered, has currentResponseHandler: true @ webpack-internal:///(app-pages-browser)/./lib/chat-transport.ts:41
[  177566ms] [LOG] [ChatTransport] responseHandler called, data: {"type":"delta","content":"区","error":null,"message_id":"31a5cbb5-23e0-4c90-9e2f-e37b9b6cfae5","conversation_id":null,"itinerary":null,"stage":null} @ webpack-internal:///(app-pages-browser)/./lib/chat-transport.ts:137
[  177578ms] [LOG] [ChatTransport] onmessage triggered, has currentResponseHandler: true @ webpack-internal:///(app-pages-browser)/./lib/chat-transport.ts:41
[  177578ms] [LOG] [ChatTransport] responseHandler called, data: {"type":"delta","content":"、","error":null,"message_id":"31a5cbb5-23e0-4c90-9e2f-e37b9b6cfae5","conversation_id":null,"itinerary":null,"stage":null} @ webpack-internal:///(app-pages-browser)/./lib/chat-transport.ts:137
[  177624ms] [LOG] [ChatTransport] onmessage triggered, has currentResponseHandler: true @ webpack-internal:///(app-pages-browser)/./lib/chat-transport.ts:41
[  177624ms] [LOG] [ChatTransport] responseHandler called, data: {"type":"delta","content":"王","error":null,"message_id":"31a5cbb5-23e0-4c90-9e2f-e37b9b6cfae5","conversation_id":null,"itinerary":null,"stage":null} @ webpack-internal:///(app-pages-browser)/./lib/chat-transport.ts:137
[  177627ms] [LOG] [ChatTransport] onmessage triggered, has currentResponseHandler: true @ webpack-internal:///(app-pages-browser)/./lib/chat-transport.ts:41
[  177627ms] [LOG] [ChatTransport] responseHandler called, data: {"type":"delta","content":"宫","error":null,"message_id":"31a5cbb5-23e0-4c90-9e2f-e37b9b6cfae5","conversation_id":null,"itinerary":null,"stage":null} @ webpack-internal:///(app-pages-browser)/./lib/chat-transport.ts:137
[  177713ms] [LOG] [ChatTransport] onmessage triggered, has currentResponseHandler: true @ webpack-internal:///(app-pages-browser)/./lib/chat-transport.ts:41
[  177713ms] [LOG] [ChatTransport] responseHandler called, data: {"type":"delta","content":"展","error":null,"message_id":"31a5cbb5-23e0-4c90-9e2f-e37b9b6cfae5","conversation_id":null,"itinerary":null,"stage":null} @ webpack-internal:///(app-pages-browser)/./lib/chat-transport.ts:137
[  177716ms] [LOG] [ChatTransport] onmessage triggered, has currentResponseHandler: true @ webpack-internal:///(app-pages-browser)/./lib/chat-transport.ts:41
[  177716ms] [LOG] [ChatTransport] responseHandler called, data: {"type":"delta","content":"区","error":null,"message_id":"31a5cbb5-23e0-4c90-9e2f-e37b9b6cfae5","conversation_id":null,"itinerary":null,"stage":null} @ webpack-internal:///(app-pages-browser)/./lib/chat-transport.ts:137
[  177799ms] [LOG] [ChatTransport] onmessage triggered, has currentResponseHandler: true @ webpack-internal:///(app-pages-browser)/./lib/chat-transport.ts:41
[  177799ms] [LOG] [ChatTransport] responseHandler called, data: {"type":"delta","content":"）-","error":null,"message_id":"31a5cbb5-23e0-4c90-9e2f-e37b9b6cfae5","conversation_id":null,"itinerary":null,"stage":null} @ webpack-internal:///(app-pages-browser)/./lib/chat-transport.ts:137
[  177892ms] [LOG] [ChatTransport] onmessage triggered, has currentResponseHandler: true @ webpack-internal:///(app-pages-browser)/./lib/chat-transport.ts:41
[  177892ms] [LOG] [ChatTransport] responseHandler called, data: {"type":"delta","content":" ","error":null,"message_id":"31a5cbb5-23e0-4c90-9e2f-e37b9b6cfae5","conversation_id":null,"itinerary":null,"stage":null} @ webpack-internal:///(app-pages-browser)/./lib/chat-transport.ts:137
[  177896ms] [LOG] [ChatTransport] onmessage triggered, has currentResponseHandler: true @ webpack-internal:///(app-pages-browser)/./lib/chat-transport.ts:41
[  177897ms] [LOG] [ChatTransport] responseHandler called, data: {"type":"delta","content":"展示","error":null,"message_id":"31a5cbb5-23e0-4c90-9e2f-e37b9b6cfae5","conversation_id":null,"itinerary":null,"stage":null} @ webpack-internal:///(app-pages-browser)/./lib/chat-transport.ts:137
[  177915ms] [LOG] [ChatTransport] onmessage triggered, has currentResponseHandler: true @ webpack-internal:///(app-pages-browser)/./lib/chat-transport.ts:41
[  177915ms] [LOG] [ChatTransport] responseHandler called, data: {"type":"delta","content":"南","error":null,"message_id":"31a5cbb5-23e0-4c90-9e2f-e37b9b6cfae5","conversation_id":null,"itinerary":null,"stage":null} @ webpack-internal:///(app-pages-browser)/./lib/chat-transport.ts:137
[  177919ms] [LOG] [ChatTransport] onmessage triggered, has currentResponseHandler: true @ webpack-internal:///(app-pages-browser)/./lib/chat-transport.ts:41
[  177919ms] [LOG] [ChatTransport] responseHandler called, data: {"type":"delta","content":"越","error":null,"message_id":"31a5cbb5-23e0-4c90-9e2f-e37b9b6cfae5","conversation_id":null,"itinerary":null,"stage":null} @ webpack-internal:///(app-pages-browser)/./lib/chat-transport.ts:137
[  177949ms] [LOG] [ChatTransport] onmessage triggered, has currentResponseHandler: true @ webpack-internal:///(app-pages-browser)/./lib/chat-transport.ts:41
[  177950ms] [LOG] [ChatTransport] responseHandler called, data: {"type":"delta","content":"国","error":null,"message_id":"31a5cbb5-23e0-4c90-9e2f-e37b9b6cfae5","conversation_id":null,"itinerary":null,"stage":null} @ webpack-internal:///(app-pages-browser)/./lib/chat-transport.ts:137
[  177955ms] [LOG] [ChatTransport] onmessage triggered, has currentResponseHandler: true @ webpack-internal:///(app-pages-browser)/./lib/chat-transport.ts:41
[  177955ms] [LOG] [ChatTransport] responseHandler called, data: {"type":"delta","content":"历史","error":null,"message_id":"31a5cbb5-23e0-4c90-9e2f-e37b9b6cfae5","conversation_id":null,"itinerary":null,"stage":null} @ webpack-internal:///(app-pages-browser)/./lib/chat-transport.ts:137
[  177987ms] [LOG] [ChatTransport] onmessage triggered, has currentResponseHandler: true @ webpack-internal:///(app-pages-browser)/./lib/chat-transport.ts:41
[  177987ms] [LOG] [ChatTransport] responseHandler called, data: {"type":"delta","content":"文物","error":null,"message_id":"31a5cbb5-23e0-4c90-9e2f-e37b9b6cfae5","conversation_id":null,"itinerary":null,"stage":null} @ webpack-internal:///(app-pages-browser)/./lib/chat-transport.ts:137
[  177992ms] [LOG] [ChatTransport] onmessage triggered, has currentResponseHandler: true @ webpack-internal:///(app-pages-browser)/./lib/chat-transport.ts:41
[  177992ms] [LOG] [ChatTransport] responseHandler called, data: {"type":"delta","content":"\n","error":null,"message_id":"31a5cbb5-23e0-4c90-9e2f-e37b9b6cfae5","conversation_id":null,"itinerary":null,"stage":null} @ webpack-internal:///(app-pages-browser)/./lib/chat-transport.ts:137
[  178056ms] [LOG] [ChatTransport] onmessage triggered, has currentResponseHandler: true @ webpack-internal:///(app-pages-browser)/./lib/chat-transport.ts:41
[  178056ms] [LOG] [ChatTransport] responseHandler called, data: {"type":"delta","content":"5","error":null,"message_id":"31a5cbb5-23e0-4c90-9e2f-e37b9b6cfae5","conversation_id":null,"itinerary":null,"stage":null} @ webpack-internal:///(app-pages-browser)/./lib/chat-transport.ts:137
[  178060ms] [LOG] [ChatTransport] onmessage triggered, has currentResponseHandler: true @ webpack-internal:///(app-pages-browser)/./lib/chat-transport.ts:41
[  178060ms] [LOG] [ChatTransport] responseHandler called, data: {"type":"delta","content":".","error":null,"message_id":"31a5cbb5-23e0-4c90-9e2f-e37b9b6cfae5","conversation_id":null,"itinerary":null,"stage":null} @ webpack-internal:///(app-pages-browser)/./lib/chat-transport.ts:137
[  178109ms] [LOG] [ChatTransport] onmessage triggered, has currentResponseHandler: true @ webpack-internal:///(app-pages-browser)/./lib/chat-transport.ts:41
[  178109ms] [LOG] [ChatTransport] responseHandler called, data: {"type":"delta","content":" **","error":null,"message_id":"31a5cbb5-23e0-4c90-9e2f-e37b9b6cfae5","conversation_id":null,"itinerary":null,"stage":null} @ webpack-internal:///(app-pages-browser)/./lib/chat-transport.ts:137
[  178114ms] [LOG] [ChatTransport] onmessage triggered, has currentResponseHandler: true @ webpack-internal:///(app-pages-browser)/./lib/chat-transport.ts:41
[  178114ms] [LOG] [ChatTransport] responseHandler called, data: {"type":"delta","content":"中山","error":null,"message_id":"31a5cbb5-23e0-4c90-9e2f-e37b9b6cfae5","conversation_id":null,"itinerary":null,"stage":null} @ webpack-internal:///(app-pages-browser)/./lib/chat-transport.ts:137
[  178166ms] [LOG] [ChatTransport] onmessage triggered, has currentResponseHandler: true @ webpack-internal:///(app-pages-browser)/./lib/chat-transport.ts:41
[  178166ms] [LOG] [ChatTransport] responseHandler called, data: {"type":"delta","content":"纪念","error":null,"message_id":"31a5cbb5-23e0-4c90-9e2f-e37b9b6cfae5","conversation_id":null,"itinerary":null,"stage":null} @ webpack-internal:///(app-pages-browser)/./lib/chat-transport.ts:137
[  178181ms] [LOG] [ChatTransport] onmessage triggered, has currentResponseHandler: true @ webpack-internal:///(app-pages-browser)/./lib/chat-transport.ts:41
[  178181ms] [LOG] [ChatTransport] responseHandler called, data: {"type":"delta","content":"堂","error":null,"message_id":"31a5cbb5-23e0-4c90-9e2f-e37b9b6cfae5","conversation_id":null,"itinerary":null,"stage":null} @ webpack-internal:///(app-pages-browser)/./lib/chat-transport.ts:137
[  178231ms] [LOG] [ChatTransport] onmessage triggered, has currentResponseHandler: true @ webpack-internal:///(app-pages-browser)/./lib/chat-transport.ts:41
[  178231ms] [LOG] [ChatTransport] responseHandler called, data: {"type":"delta","content":"**","error":null,"message_id":"31a5cbb5-23e0-4c90-9e2f-e37b9b6cfae5","conversation_id":null,"itinerary":null,"stage":null} @ webpack-internal:///(app-pages-browser)/./lib/chat-transport.ts:137
[  178241ms] [LOG] [ChatTransport] onmessage triggered, has currentResponseHandler: true @ webpack-internal:///(app-pages-browser)/./lib/chat-transport.ts:41
[  178241ms] [LOG] [ChatTransport] responseHandler called, data: {"type":"delta","content":" -","error":null,"message_id":"31a5cbb5-23e0-4c90-9e2f-e37b9b6cfae5","conversation_id":null,"itinerary":null,"stage":null} @ webpack-internal:///(app-pages-browser)/./lib/chat-transport.ts:137
[  178320ms] [LOG] [ChatTransport] onmessage triggered, has currentResponseHandler: true @ webpack-internal:///(app-pages-browser)/./lib/chat-transport.ts:41
[  178321ms] [LOG] [ChatTransport] responseHandler called, data: {"type":"delta","content":" ","error":null,"message_id":"31a5cbb5-23e0-4c90-9e2f-e37b9b6cfae5","conversation_id":null,"itinerary":null,"stage":null} @ webpack-internal:///(app-pages-browser)/./lib/chat-transport.ts:137
[  178330ms] [LOG] [ChatTransport] onmessage triggered, has currentResponseHandler: true @ webpack-internal:///(app-pages-browser)/./lib/chat-transport.ts:41
[  178330ms] [LOG] [ChatTransport] responseHandler called, data: {"type":"delta","content":"为","error":null,"message_id":"31a5cbb5-23e0-4c90-9e2f-e37b9b6cfae5","conversation_id":null,"itinerary":null,"stage":null} @ webpack-internal:///(app-pages-browser)/./lib/chat-transport.ts:137
[  178372ms] [LOG] [ChatTransport] onmessage triggered, has currentResponseHandler: true @ webpack-internal:///(app-pages-browser)/./lib/chat-transport.ts:41
[  178372ms] [LOG] [ChatTransport] responseHandler called, data: {"type":"delta","content":"纪念","error":null,"message_id":"31a5cbb5-23e0-4c90-9e2f-e37b9b6cfae5","conversation_id":null,"itinerary":null,"stage":null} @ webpack-internal:///(app-pages-browser)/./lib/chat-transport.ts:137
[  178381ms] [LOG] [ChatTransport] onmessage triggered, has currentResponseHandler: true @ webpack-internal:///(app-pages-browser)/./lib/chat-transport.ts:41
[  178381ms] [LOG] [ChatTransport] responseHandler called, data: {"type":"delta","content":"孙中山","error":null,"message_id":"31a5cbb5-23e0-4c90-9e2f-e37b9b6cfae5","conversation_id":null,"itinerary":null,"stage":null} @ webpack-internal:///(app-pages-browser)/./lib/chat-transport.ts:137
[  178407ms] [LOG] [ChatTransport] onmessage triggered, has currentResponseHandler: true @ webpack-internal:///(app-pages-browser)/./lib/chat-transport.ts:41
[  178407ms] [LOG] [ChatTransport] responseHandler called, data: {"type":"delta","content":"先生","error":null,"message_id":"31a5cbb5-23e0-4c90-9e2f-e37b9b6cfae5","conversation_id":null,"itinerary":null,"stage":null} @ webpack-internal:///(app-pages-browser)/./lib/chat-transport.ts:137
[  178416ms] [LOG] [ChatTransport] onmessage triggered, has currentResponseHandler: true @ webpack-internal:///(app-pages-browser)/./lib/chat-transport.ts:41
[  178416ms] [LOG] [ChatTransport] responseHandler called, data: {"type":"delta","content":"而","error":null,"message_id":"31a5cbb5-23e0-4c90-9e2f-e37b9b6cfae5","conversation_id":null,"itinerary":null,"stage":null} @ webpack-internal:///(app-pages-browser)/./lib/chat-transport.ts:137
[  178470ms] [LOG] [ChatTransport] onmessage triggered, has currentResponseHandler: true @ webpack-internal:///(app-pages-browser)/./lib/chat-transport.ts:41
[  178470ms] [LOG] [ChatTransport] responseHandler called, data: {"type":"delta","content":"建","error":null,"message_id":"31a5cbb5-23e0-4c90-9e2f-e37b9b6cfae5","conversation_id":null,"itinerary":null,"stage":null} @ webpack-internal:///(app-pages-browser)/./lib/chat-transport.ts:137
[  178480ms] [LOG] [ChatTransport] onmessage triggered, has currentResponseHandler: true @ webpack-internal:///(app-pages-browser)/./lib/chat-transport.ts:41
[  178480ms] [LOG] [ChatTransport] responseHandler called, data: {"type":"delta","content":"，","error":null,"message_id":"31a5cbb5-23e0-4c90-9e2f-e37b9b6cfae5","conversation_id":null,"itinerary":null,"stage":null} @ webpack-internal:///(app-pages-browser)/./lib/chat-transport.ts:137
[  178541ms] [LOG] [ChatTransport] onmessage triggered, has currentResponseHandler: true @ webpack-internal:///(app-pages-browser)/./lib/chat-transport.ts:41
[  178541ms] [LOG] [ChatTransport] responseHandler called, data: {"type":"delta","content":"建筑","error":null,"message_id":"31a5cbb5-23e0-4c90-9e2f-e37b9b6cfae5","conversation_id":null,"itinerary":null,"stage":null} @ webpack-internal:///(app-pages-browser)/./lib/chat-transport.ts:137
[  178589ms] [LOG] [ChatTransport] onmessage triggered, has currentResponseHandler: true @ webpack-internal:///(app-pages-browser)/./lib/chat-transport.ts:41
[  178590ms] [LOG] [ChatTransport] responseHandler called, data: {"type":"delta","content":"宏伟","error":null,"message_id":"31a5cbb5-23e0-4c90-9e2f-e37b9b6cfae5","conversation_id":null,"itinerary":null,"stage":null} @ webpack-internal:///(app-pages-browser)/./lib/chat-transport.ts:137
[  178601ms] [LOG] [ChatTransport] onmessage triggered, has currentResponseHandler: true @ webpack-internal:///(app-pages-browser)/./lib/chat-transport.ts:41
[  178601ms] [LOG] [ChatTransport] responseHandler called, data: {"type":"delta","content":"\n\n","error":null,"message_id":"31a5cbb5-23e0-4c90-9e2f-e37b9b6cfae5","conversation_id":null,"itinerary":null,"stage":null} @ webpack-internal:///(app-pages-browser)/./lib/chat-transport.ts:137
[  178647ms] [LOG] [ChatTransport] onmessage triggered, has currentResponseHandler: true @ webpack-internal:///(app-pages-browser)/./lib/chat-transport.ts:41
[  178648ms] [LOG] [ChatTransport] responseHandler called, data: {"type":"delta","content":"**","error":null,"message_id":"31a5cbb5-23e0-4c90-9e2f-e37b9b6cfae5","conversation_id":null,"itinerary":null,"stage":null} @ webpack-internal:///(app-pages-browser)/./lib/chat-transport.ts:137
[  178660ms] [LOG] [ChatTransport] onmessage triggered, has currentResponseHandler: true @ webpack-internal:///(app-pages-browser)/./lib/chat-transport.ts:41
[  178660ms] [LOG] [ChatTransport] responseHandler called, data: {"type":"delta","content":"宗教","error":null,"message_id":"31a5cbb5-23e0-4c90-9e2f-e37b9b6cfae5","conversation_id":null,"itinerary":null,"stage":null} @ webpack-internal:///(app-pages-browser)/./lib/chat-transport.ts:137
[  178707ms] [LOG] [ChatTransport] onmessage triggered, has currentResponseHandler: true @ webpack-internal:///(app-pages-browser)/./lib/chat-transport.ts:41
[  178707ms] [LOG] [ChatTransport] responseHandler called, data: {"type":"delta","content":"寺庙","error":null,"message_id":"31a5cbb5-23e0-4c90-9e2f-e37b9b6cfae5","conversation_id":null,"itinerary":null,"stage":null} @ webpack-internal:///(app-pages-browser)/./lib/chat-transport.ts:137
[  178709ms] [LOG] [ChatTransport] onmessage triggered, has currentResponseHandler: true @ webpack-internal:///(app-pages-browser)/./lib/chat-transport.ts:41
[  178709ms] [LOG] [ChatTransport] responseHandler called, data: {"type":"delta","content":"：","error":null,"message_id":"31a5cbb5-23e0-4c90-9e2f-e37b9b6cfae5","conversation_id":null,"itinerary":null,"stage":null} @ webpack-internal:///(app-pages-browser)/./lib/chat-transport.ts:137
[  178766ms] [LOG] [ChatTransport] onmessage triggered, has currentResponseHandler: true @ webpack-internal:///(app-pages-browser)/./lib/chat-transport.ts:41
[  178766ms] [LOG] [ChatTransport] responseHandler called, data: {"type":"delta","content":"**\n","error":null,"message_id":"31a5cbb5-23e0-4c90-9e2f-e37b9b6cfae5","conversation_id":null,"itinerary":null,"stage":null} @ webpack-internal:///(app-pages-browser)/./lib/chat-transport.ts:137
[  178770ms] [LOG] [ChatTransport] onmessage triggered, has currentResponseHandler: true @ webpack-internal:///(app-pages-browser)/./lib/chat-transport.ts:41
[  178770ms] [LOG] [ChatTransport] responseHandler called, data: {"type":"delta","content":"6","error":null,"message_id":"31a5cbb5-23e0-4c90-9e2f-e37b9b6cfae5","conversation_id":null,"itinerary":null,"stage":null} @ webpack-internal:///(app-pages-browser)/./lib/chat-transport.ts:137
[  178854ms] [LOG] [ChatTransport] onmessage triggered, has currentResponseHandler: true @ webpack-internal:///(app-pages-browser)/./lib/chat-transport.ts:41
[  178854ms] [LOG] [ChatTransport] responseHandler called, data: {"type":"delta","content":".","error":null,"message_id":"31a5cbb5-23e0-4c90-9e2f-e37b9b6cfae5","conversation_id":null,"itinerary":null,"stage":null} @ webpack-internal:///(app-pages-browser)/./lib/chat-transport.ts:137
[  178859ms] [LOG] [ChatTransport] onmessage triggered, has currentResponseHandler: true @ webpack-internal:///(app-pages-browser)/./lib/chat-transport.ts:41
[  178859ms] [LOG] [ChatTransport] responseHandler called, data: {"type":"delta","content":" **","error":null,"message_id":"31a5cbb5-23e0-4c90-9e2f-e37b9b6cfae5","conversation_id":null,"itinerary":null,"stage":null} @ webpack-internal:///(app-pages-browser)/./lib/chat-transport.ts:137
[  178955ms] [LOG] [ChatTransport] onmessage triggered, has currentResponseHandler: true @ webpack-internal:///(app-pages-browser)/./lib/chat-transport.ts:41
[  178955ms] [LOG] [ChatTransport] responseHandler called, data: {"type":"delta","content":"光","error":null,"message_id":"31a5cbb5-23e0-4c90-9e2f-e37b9b6cfae5","conversation_id":null,"itinerary":null,"stage":null} @ webpack-internal:///(app-pages-browser)/./lib/chat-transport.ts:137
[  178958ms] [LOG] [ChatTransport] onmessage triggered, has currentResponseHandler: true @ webpack-internal:///(app-pages-browser)/./lib/chat-transport.ts:41
[  178958ms] [LOG] [ChatTransport] responseHandler called, data: {"type":"delta","content":"孝","error":null,"message_id":"31a5cbb5-23e0-4c90-9e2f-e37b9b6cfae5","conversation_id":null,"itinerary":null,"stage":null} @ webpack-internal:///(app-pages-browser)/./lib/chat-transport.ts:137
[  178967ms] [LOG] [ChatTransport] onmessage triggered, has currentResponseHandler: true @ webpack-internal:///(app-pages-browser)/./lib/chat-transport.ts:41
[  178967ms] [LOG] [ChatTransport] responseHandler called, data: {"type":"delta","content":"寺","error":null,"message_id":"31a5cbb5-23e0-4c90-9e2f-e37b9b6cfae5","conversation_id":null,"itinerary":null,"stage":null} @ webpack-internal:///(app-pages-browser)/./lib/chat-transport.ts:137
[  178969ms] [LOG] [ChatTransport] onmessage triggered, has currentResponseHandler: true @ webpack-internal:///(app-pages-browser)/./lib/chat-transport.ts:41
[  178970ms] [LOG] [ChatTransport] responseHandler called, data: {"type":"delta","content":"**","error":null,"message_id":"31a5cbb5-23e0-4c90-9e2f-e37b9b6cfae5","conversation_id":null,"itinerary":null,"stage":null} @ webpack-internal:///(app-pages-browser)/./lib/chat-transport.ts:137
[  179026ms] [LOG] [ChatTransport] onmessage triggered, has currentResponseHandler: true @ webpack-internal:///(app-pages-browser)/./lib/chat-transport.ts:41
[  179026ms] [LOG] [ChatTransport] responseHandler called, data: {"type":"delta","content":" -","error":null,"message_id":"31a5cbb5-23e0-4c90-9e2f-e37b9b6cfae5","conversation_id":null,"itinerary":null,"stage":null} @ webpack-internal:///(app-pages-browser)/./lib/chat-transport.ts:137
[  179030ms] [LOG] [ChatTransport] onmessage triggered, has currentResponseHandler: true @ webpack-internal:///(app-pages-browser)/./lib/chat-transport.ts:41
[  179030ms] [LOG] [ChatTransport] responseHandler called, data: {"type":"delta","content":" ","error":null,"message_id":"31a5cbb5-23e0-4c90-9e2f-e37b9b6cfae5","conversation_id":null,"itinerary":null,"stage":null} @ webpack-internal:///(app-pages-browser)/./lib/chat-transport.ts:137
[  179085ms] [LOG] [ChatTransport] onmessage triggered, has currentResponseHandler: true @ webpack-internal:///(app-pages-browser)/./lib/chat-transport.ts:41
[  179085ms] [LOG] [ChatTransport] responseHandler called, data: {"type":"delta","content":"广州","error":null,"message_id":"31a5cbb5-23e0-4c90-9e2f-e37b9b6cfae5","conversation_id":null,"itinerary":null,"stage":null} @ webpack-internal:///(app-pages-browser)/./lib/chat-transport.ts:137
[  179088ms] [LOG] [ChatTransport] onmessage triggered, has currentResponseHandler: true @ webpack-internal:///(app-pages-browser)/./lib/chat-transport.ts:41
[  179088ms] [LOG] [ChatTransport] responseHandler called, data: {"type":"delta","content":"最","error":null,"message_id":"31a5cbb5-23e0-4c90-9e2f-e37b9b6cfae5","conversation_id":null,"itinerary":null,"stage":null} @ webpack-internal:///(app-pages-browser)/./lib/chat-transport.ts:137
[  179148ms] [LOG] [ChatTransport] onmessage triggered, has currentResponseHandler: true @ webpack-internal:///(app-pages-browser)/./lib/chat-transport.ts:41
[  179148ms] [LOG] [ChatTransport] responseHandler called, data: {"type":"delta","content":"古老的","error":null,"message_id":"31a5cbb5-23e0-4c90-9e2f-e37b9b6cfae5","conversation_id":null,"itinerary":null,"stage":null} @ webpack-internal:///(app-pages-browser)/./lib/chat-transport.ts:137
[  179148ms] [LOG] [ChatTransport] onmessage triggered, has currentResponseHandler: true @ webpack-internal:///(app-pages-browser)/./lib/chat-transport.ts:41
[  179148ms] [LOG] [ChatTransport] responseHandler called, data: {"type":"delta","content":"佛教","error":null,"message_id":"31a5cbb5-23e0-4c90-9e2f-e37b9b6cfae5","conversation_id":null,"itinerary":null,"stage":null} @ webpack-internal:///(app-pages-browser)/./lib/chat-transport.ts:137
[  179210ms] [LOG] [ChatTransport] onmessage triggered, has currentResponseHandler: true @ webpack-internal:///(app-pages-browser)/./lib/chat-transport.ts:41
[  179210ms] [LOG] [ChatTransport] responseHandler called, data: {"type":"delta","content":"寺庙","error":null,"message_id":"31a5cbb5-23e0-4c90-9e2f-e37b9b6cfae5","conversation_id":null,"itinerary":null,"stage":null} @ webpack-internal:///(app-pages-browser)/./lib/chat-transport.ts:137
[  179221ms] [LOG] [ChatTransport] onmessage triggered, has currentResponseHandler: true @ webpack-internal:///(app-pages-browser)/./lib/chat-transport.ts:41
[  179221ms] [LOG] [ChatTransport] responseHandler called, data: {"type":"delta","content":"之一","error":null,"message_id":"31a5cbb5-23e0-4c90-9e2f-e37b9b6cfae5","conversation_id":null,"itinerary":null,"stage":null} @ webpack-internal:///(app-pages-browser)/./lib/chat-transport.ts:137
[  179265ms] [LOG] [ChatTransport] onmessage triggered, has currentResponseHandler: true @ webpack-internal:///(app-pages-browser)/./lib/chat-transport.ts:41
[  179265ms] [LOG] [ChatTransport] responseHandler called, data: {"type":"delta","content":"\n","error":null,"message_id":"31a5cbb5-23e0-4c90-9e2f-e37b9b6cfae5","conversation_id":null,"itinerary":null,"stage":null} @ webpack-internal:///(app-pages-browser)/./lib/chat-transport.ts:137
[  179273ms] [LOG] [ChatTransport] onmessage triggered, has currentResponseHandler: true @ webpack-internal:///(app-pages-browser)/./lib/chat-transport.ts:41
[  179273ms] [LOG] [ChatTransport] responseHandler called, data: {"type":"delta","content":"7","error":null,"message_id":"31a5cbb5-23e0-4c90-9e2f-e37b9b6cfae5","conversation_id":null,"itinerary":null,"stage":null} @ webpack-internal:///(app-pages-browser)/./lib/chat-transport.ts:137
[  179330ms] [LOG] [ChatTransport] onmessage triggered, has currentResponseHandler: true @ webpack-internal:///(app-pages-browser)/./lib/chat-transport.ts:41
[  179331ms] [LOG] [ChatTransport] responseHandler called, data: {"type":"delta","content":".","error":null,"message_id":"31a5cbb5-23e0-4c90-9e2f-e37b9b6cfae5","conversation_id":null,"itinerary":null,"stage":null} @ webpack-internal:///(app-pages-browser)/./lib/chat-transport.ts:137
[  179345ms] [LOG] [ChatTransport] onmessage triggered, has currentResponseHandler: true @ webpack-internal:///(app-pages-browser)/./lib/chat-transport.ts:41
[  179345ms] [LOG] [ChatTransport] responseHandler called, data: {"type":"delta","content":" **","error":null,"message_id":"31a5cbb5-23e0-4c90-9e2f-e37b9b6cfae5","conversation_id":null,"itinerary":null,"stage":null} @ webpack-internal:///(app-pages-browser)/./lib/chat-transport.ts:137
[  179385ms] [LOG] [ChatTransport] onmessage triggered, has currentResponseHandler: true @ webpack-internal:///(app-pages-browser)/./lib/chat-transport.ts:41
[  179385ms] [LOG] [ChatTransport] responseHandler called, data: {"type":"delta","content":"六","error":null,"message_id":"31a5cbb5-23e0-4c90-9e2f-e37b9b6cfae5","conversation_id":null,"itinerary":null,"stage":null} @ webpack-internal:///(app-pages-browser)/./lib/chat-transport.ts:137
[  179395ms] [LOG] [ChatTransport] onmessage triggered, has currentResponseHandler: true @ webpack-internal:///(app-pages-browser)/./lib/chat-transport.ts:41
[  179395ms] [LOG] [ChatTransport] responseHandler called, data: {"type":"delta","content":"榕","error":null,"message_id":"31a5cbb5-23e0-4c90-9e2f-e37b9b6cfae5","conversation_id":null,"itinerary":null,"stage":null} @ webpack-internal:///(app-pages-browser)/./lib/chat-transport.ts:137
[  179445ms] [LOG] [ChatTransport] onmessage triggered, has currentResponseHandler: true @ webpack-internal:///(app-pages-browser)/./lib/chat-transport.ts:41
[  179446ms] [LOG] [ChatTransport] responseHandler called, data: {"type":"delta","content":"寺","error":null,"message_id":"31a5cbb5-23e0-4c90-9e2f-e37b9b6cfae5","conversation_id":null,"itinerary":null,"stage":null} @ webpack-internal:///(app-pages-browser)/./lib/chat-transport.ts:137
[  179457ms] [LOG] [ChatTransport] onmessage triggered, has currentResponseHandler: true @ webpack-internal:///(app-pages-browser)/./lib/chat-transport.ts:41
[  179457ms] [LOG] [ChatTransport] responseHandler called, data: {"type":"delta","content":"**","error":null,"message_id":"31a5cbb5-23e0-4c90-9e2f-e37b9b6cfae5","conversation_id":null,"itinerary":null,"stage":null} @ webpack-internal:///(app-pages-browser)/./lib/chat-transport.ts:137
[  179597ms] [LOG] [ChatTransport] onmessage triggered, has currentResponseHandler: true @ webpack-internal:///(app-pages-browser)/./lib/chat-transport.ts:41
[  179597ms] [LOG] [ChatTransport] responseHandler called, data: {"type":"delta","content":" -","error":null,"message_id":"31a5cbb5-23e0-4c90-9e2f-e37b9b6cfae5","conversation_id":null,"itinerary":null,"stage":null} @ webpack-internal:///(app-pages-browser)/./lib/chat-transport.ts:137
[  179597ms] [LOG] [ChatTransport] onmessage triggered, has currentResponseHandler: true @ webpack-internal:///(app-pages-browser)/./lib/chat-transport.ts:41
[  179597ms] [LOG] [ChatTransport] responseHandler called, data: {"type":"delta","content":" ","error":null,"message_id":"31a5cbb5-23e0-4c90-9e2f-e37b9b6cfae5","conversation_id":null,"itinerary":null,"stage":null} @ webpack-internal:///(app-pages-browser)/./lib/chat-transport.ts:137
[  179608ms] [LOG] [ChatTransport] onmessage triggered, has currentResponseHandler: true @ webpack-internal:///(app-pages-browser)/./lib/chat-transport.ts:41
[  179608ms] [LOG] [ChatTransport] responseHandler called, data: {"type":"delta","content":"以","error":null,"message_id":"31a5cbb5-23e0-4c90-9e2f-e37b9b6cfae5","conversation_id":null,"itinerary":null,"stage":null} @ webpack-internal:///(app-pages-browser)/./lib/chat-transport.ts:137
[  179617ms] [LOG] [ChatTransport] onmessage triggered, has currentResponseHandler: true @ webpack-internal:///(app-pages-browser)/./lib/chat-transport.ts:41
[  179617ms] [LOG] [ChatTransport] responseHandler called, data: {"type":"delta","content":"六","error":null,"message_id":"31a5cbb5-23e0-4c90-9e2f-e37b9b6cfae5","conversation_id":null,"itinerary":null,"stage":null} @ webpack-internal:///(app-pages-browser)/./lib/chat-transport.ts:137
[  179631ms] [LOG] [ChatTransport] onmessage triggered, has currentResponseHandler: true @ webpack-internal:///(app-pages-browser)/./lib/chat-transport.ts:41
[  179631ms] [LOG] [ChatTransport] responseHandler called, data: {"type":"delta","content":"榕","error":null,"message_id":"31a5cbb5-23e0-4c90-9e2f-e37b9b6cfae5","conversation_id":null,"itinerary":null,"stage":null} @ webpack-internal:///(app-pages-browser)/./lib/chat-transport.ts:137
[  179640ms] [LOG] [ChatTransport] onmessage triggered, has currentResponseHandler: true @ webpack-internal:///(app-pages-browser)/./lib/chat-transport.ts:41
[  179640ms] [LOG] [ChatTransport] responseHandler called, data: {"type":"delta","content":"塔","error":null,"message_id":"31a5cbb5-23e0-4c90-9e2f-e37b9b6cfae5","conversation_id":null,"itinerary":null,"stage":null} @ webpack-internal:///(app-pages-browser)/./lib/chat-transport.ts:137
[  179754ms] [LOG] [ChatTransport] onmessage triggered, has currentResponseHandler: true @ webpack-internal:///(app-pages-browser)/./lib/chat-transport.ts:41
[  179754ms] [LOG] [ChatTransport] responseHandler called, data: {"type":"delta","content":"闻名","error":null,"message_id":"31a5cbb5-23e0-4c90-9e2f-e37b9b6cfae5","conversation_id":null,"itinerary":null,"stage":null} @ webpack-internal:///(app-pages-browser)/./lib/chat-transport.ts:137
[  179766ms] [LOG] [ChatTransport] onmessage triggered, has currentResponseHandler: true @ webpack-internal:///(app-pages-browser)/./lib/chat-transport.ts:41
[  179766ms] [LOG] [ChatTransport] responseHandler called, data: {"type":"delta","content":"，","error":null,"message_id":"31a5cbb5-23e0-4c90-9e2f-e37b9b6cfae5","conversation_id":null,"itinerary":null,"stage":null} @ webpack-internal:///(app-pages-browser)/./lib/chat-transport.ts:137
[  179767ms] [LOG] [ChatTransport] onmessage triggered, has currentResponseHandler: true @ webpack-internal:///(app-pages-browser)/./lib/chat-transport.ts:41
[  179767ms] [LOG] [ChatTransport] responseHandler called, data: {"type":"delta","content":"历史悠久","error":null,"message_id":"31a5cbb5-23e0-4c90-9e2f-e37b9b6cfae5","conversation_id":null,"itinerary":null,"stage":null} @ webpack-internal:///(app-pages-browser)/./lib/chat-transport.ts:137
[  179963ms] [LOG] [ChatTransport] onmessage triggered, has currentResponseHandler: true @ webpack-internal:///(app-pages-browser)/./lib/chat-transport.ts:41
[  179964ms] [LOG] [ChatTransport] responseHandler called, data: {"type":"delta","content":"\n","error":null,"message_id":"31a5cbb5-23e0-4c90-9e2f-e37b9b6cfae5","conversation_id":null,"itinerary":null,"stage":null} @ webpack-internal:///(app-pages-browser)/./lib/chat-transport.ts:137
[  179966ms] [LOG] [ChatTransport] onmessage triggered, has currentResponseHandler: true @ webpack-internal:///(app-pages-browser)/./lib/chat-transport.ts:41
[  179966ms] [LOG] [ChatTransport] responseHandler called, data: {"type":"delta","content":"8","error":null,"message_id":"31a5cbb5-23e0-4c90-9e2f-e37b9b6cfae5","conversation_id":null,"itinerary":null,"stage":null} @ webpack-internal:///(app-pages-browser)/./lib/chat-transport.ts:137
[  179966ms] [LOG] [ChatTransport] onmessage triggered, has currentResponseHandler: true @ webpack-internal:///(app-pages-browser)/./lib/chat-transport.ts:41
[  179966ms] [LOG] [ChatTransport] responseHandler called, data: {"type":"delta","content":".","error":null,"message_id":"31a5cbb5-23e0-4c90-9e2f-e37b9b6cfae5","conversation_id":null,"itinerary":null,"stage":null} @ webpack-internal:///(app-pages-browser)/./lib/chat-transport.ts:137
[  179966ms] [LOG] [ChatTransport] onmessage triggered, has currentResponseHandler: true @ webpack-internal:///(app-pages-browser)/./lib/chat-transport.ts:41
[  179966ms] [LOG] [ChatTransport] responseHandler called, data: {"type":"delta","content":" **","error":null,"message_id":"31a5cbb5-23e0-4c90-9e2f-e37b9b6cfae5","conversation_id":null,"itinerary":null,"stage":null} @ webpack-internal:///(app-pages-browser)/./lib/chat-transport.ts:137
[  179970ms] [LOG] [ChatTransport] onmessage triggered, has currentResponseHandler: true @ webpack-internal:///(app-pages-browser)/./lib/chat-transport.ts:41
[  179970ms] [LOG] [ChatTransport] responseHandler called, data: {"type":"delta","content":"大","error":null,"message_id":"31a5cbb5-23e0-4c90-9e2f-e37b9b6cfae5","conversation_id":null,"itinerary":null,"stage":null} @ webpack-internal:///(app-pages-browser)/./lib/chat-transport.ts:137
[  179970ms] [LOG] [ChatTransport] onmessage triggered, has currentResponseHandler: true @ webpack-internal:///(app-pages-browser)/./lib/chat-transport.ts:41
[  179970ms] [LOG] [ChatTransport] responseHandler called, data: {"type":"delta","content":"佛","error":null,"message_id":"31a5cbb5-23e0-4c90-9e2f-e37b9b6cfae5","conversation_id":null,"itinerary":null,"stage":null} @ webpack-internal:///(app-pages-browser)/./lib/chat-transport.ts:137
[  179992ms] [LOG] [ChatTransport] onmessage triggered, has currentResponseHandler: true @ webpack-internal:///(app-pages-browser)/./lib/chat-transport.ts:41
[  179993ms] [LOG] [ChatTransport] responseHandler called, data: {"type":"delta","content":"寺","error":null,"message_id":"31a5cbb5-23e0-4c90-9e2f-e37b9b6cfae5","conversation_id":null,"itinerary":null,"stage":null} @ webpack-internal:///(app-pages-browser)/./lib/chat-transport.ts:137
[  179994ms] [LOG] [ChatTransport] onmessage triggered, has currentResponseHandler: true @ webpack-internal:///(app-pages-browser)/./lib/chat-transport.ts:41
[  179994ms] [LOG] [ChatTransport] responseHandler called, data: {"type":"delta","content":"**","error":null,"message_id":"31a5cbb5-23e0-4c90-9e2f-e37b9b6cfae5","conversation_id":null,"itinerary":null,"stage":null} @ webpack-internal:///(app-pages-browser)/./lib/chat-transport.ts:137
[  180079ms] [LOG] [ChatTransport] onmessage triggered, has currentResponseHandler: true @ webpack-internal:///(app-pages-browser)/./lib/chat-transport.ts:41
[  180079ms] [LOG] [ChatTransport] responseHandler called, data: {"type":"delta","content":" -","error":null,"message_id":"31a5cbb5-23e0-4c90-9e2f-e37b9b6cfae5","conversation_id":null,"itinerary":null,"stage":null} @ webpack-internal:///(app-pages-browser)/./lib/chat-transport.ts:137
[  180079ms] [LOG] [ChatTransport] onmessage triggered, has currentResponseHandler: true @ webpack-internal:///(app-pages-browser)/./lib/chat-transport.ts:41
[  180079ms] [LOG] [ChatTransport] responseHandler called, data: {"type":"delta","content":" ","error":null,"message_id":"31a5cbb5-23e0-4c90-9e2f-e37b9b6cfae5","conversation_id":null,"itinerary":null,"stage":null} @ webpack-internal:///(app-pages-browser)/./lib/chat-transport.ts:137
[  180133ms] [LOG] [ChatTransport] onmessage triggered, has currentResponseHandler: true @ webpack-internal:///(app-pages-browser)/./lib/chat-transport.ts:41
[  180133ms] [LOG] [ChatTransport] responseHandler called, data: {"type":"delta","content":"位于","error":null,"message_id":"31a5cbb5-23e0-4c90-9e2f-e37b9b6cfae5","conversation_id":null,"itinerary":null,"stage":null} @ webpack-internal:///(app-pages-browser)/./lib/chat-transport.ts:137
[  180135ms] [LOG] [ChatTransport] onmessage triggered, has currentResponseHandler: true @ webpack-internal:///(app-pages-browser)/./lib/chat-transport.ts:41
[  180135ms] [LOG] [ChatTransport] responseHandler called, data: {"type":"delta","content":"北京","error":null,"message_id":"31a5cbb5-23e0-4c90-9e2f-e37b9b6cfae5","conversation_id":null,"itinerary":null,"stage":null} @ webpack-internal:///(app-pages-browser)/./lib/chat-transport.ts:137
[  180195ms] [LOG] [ChatTransport] onmessage triggered, has currentResponseHandler: true @ webpack-internal:///(app-pages-browser)/./lib/chat-transport.ts:41
[  180195ms] [LOG] [ChatTransport] responseHandler called, data: {"type":"delta","content":"路","error":null,"message_id":"31a5cbb5-23e0-4c90-9e2f-e37b9b6cfae5","conversation_id":null,"itinerary":null,"stage":null} @ webpack-internal:///(app-pages-browser)/./lib/chat-transport.ts:137
[  180197ms] [LOG] [ChatTransport] onmessage triggered, has currentResponseHandler: true @ webpack-internal:///(app-pages-browser)/./lib/chat-transport.ts:41
[  180197ms] [LOG] [ChatTransport] responseHandler called, data: {"type":"delta","content":"附近","error":null,"message_id":"31a5cbb5-23e0-4c90-9e2f-e37b9b6cfae5","conversation_id":null,"itinerary":null,"stage":null} @ webpack-internal:///(app-pages-browser)/./lib/chat-transport.ts:137
[  180255ms] [LOG] [ChatTransport] onmessage triggered, has currentResponseHandler: true @ webpack-internal:///(app-pages-browser)/./lib/chat-transport.ts:41
[  180255ms] [LOG] [ChatTransport] responseHandler called, data: {"type":"delta","content":"，","error":null,"message_id":"31a5cbb5-23e0-4c90-9e2f-e37b9b6cfae5","conversation_id":null,"itinerary":null,"stage":null} @ webpack-internal:///(app-pages-browser)/./lib/chat-transport.ts:137
[  180255ms] [LOG] [ChatTransport] onmessage triggered, has currentResponseHandler: true @ webpack-internal:///(app-pages-browser)/./lib/chat-transport.ts:41
[  180255ms] [LOG] [ChatTransport] responseHandler called, data: {"type":"delta","content":"香","error":null,"message_id":"31a5cbb5-23e0-4c90-9e2f-e37b9b6cfae5","conversation_id":null,"itinerary":null,"stage":null} @ webpack-internal:///(app-pages-browser)/./lib/chat-transport.ts:137
[  180312ms] [LOG] [ChatTransport] onmessage triggered, has currentResponseHandler: true @ webpack-internal:///(app-pages-browser)/./lib/chat-transport.ts:41
[  180312ms] [LOG] [ChatTransport] responseHandler called, data: {"type":"delta","content":"火","error":null,"message_id":"31a5cbb5-23e0-4c90-9e2f-e37b9b6cfae5","conversation_id":null,"itinerary":null,"stage":null} @ webpack-internal:///(app-pages-browser)/./lib/chat-transport.ts:137
[  180312ms] [LOG] [ChatTransport] onmessage triggered, has currentResponseHandler: true @ webpack-internal:///(app-pages-browser)/./lib/chat-transport.ts:41
[  180312ms] [LOG] [ChatTransport] responseHandler called, data: {"type":"delta","content":"旺盛","error":null,"message_id":"31a5cbb5-23e0-4c90-9e2f-e37b9b6cfae5","conversation_id":null,"itinerary":null,"stage":null} @ webpack-internal:///(app-pages-browser)/./lib/chat-transport.ts:137
[  180381ms] [LOG] [ChatTransport] onmessage triggered, has currentResponseHandler: true @ webpack-internal:///(app-pages-browser)/./lib/chat-transport.ts:41
[  180381ms] [LOG] [ChatTransport] responseHandler called, data: {"type":"delta","content":"\n","error":null,"message_id":"31a5cbb5-23e0-4c90-9e2f-e37b9b6cfae5","conversation_id":null,"itinerary":null,"stage":null} @ webpack-internal:///(app-pages-browser)/./lib/chat-transport.ts:137
[  180395ms] [LOG] [ChatTransport] onmessage triggered, has currentResponseHandler: true @ webpack-internal:///(app-pages-browser)/./lib/chat-transport.ts:41
[  180396ms] [LOG] [ChatTransport] responseHandler called, data: {"type":"delta","content":"9","error":null,"message_id":"31a5cbb5-23e0-4c90-9e2f-e37b9b6cfae5","conversation_id":null,"itinerary":null,"stage":null} @ webpack-internal:///(app-pages-browser)/./lib/chat-transport.ts:137
[  180435ms] [LOG] [ChatTransport] onmessage triggered, has currentResponseHandler: true @ webpack-internal:///(app-pages-browser)/./lib/chat-transport.ts:41
[  180435ms] [LOG] [ChatTransport] responseHandler called, data: {"type":"delta","content":".","error":null,"message_id":"31a5cbb5-23e0-4c90-9e2f-e37b9b6cfae5","conversation_id":null,"itinerary":null,"stage":null} @ webpack-internal:///(app-pages-browser)/./lib/chat-transport.ts:137
[  180436ms] [LOG] [ChatTransport] onmessage triggered, has currentResponseHandler: true @ webpack-internal:///(app-pages-browser)/./lib/chat-transport.ts:41
[  180436ms] [LOG] [ChatTransport] responseHandler called, data: {"type":"delta","content":" **","error":null,"message_id":"31a5cbb5-23e0-4c90-9e2f-e37b9b6cfae5","conversation_id":null,"itinerary":null,"stage":null} @ webpack-internal:///(app-pages-browser)/./lib/chat-transport.ts:137
[  180494ms] [LOG] [ChatTransport] onmessage triggered, has currentResponseHandler: true @ webpack-internal:///(app-pages-browser)/./lib/chat-transport.ts:41
[  180495ms] [LOG] [ChatTransport] responseHandler called, data: {"type":"delta","content":"三元","error":null,"message_id":"31a5cbb5-23e0-4c90-9e2f-e37b9b6cfae5","conversation_id":null,"itinerary":null,"stage":null} @ webpack-internal:///(app-pages-browser)/./lib/chat-transport.ts:137
[  180495ms] [LOG] [ChatTransport] onmessage triggered, has currentResponseHandler: true @ webpack-internal:///(app-pages-browser)/./lib/chat-transport.ts:41
[  180495ms] [LOG] [ChatTransport] responseHandler called, data: {"type":"delta","content":"宫","error":null,"message_id":"31a5cbb5-23e0-4c90-9e2f-e37b9b6cfae5","conversation_id":null,"itinerary":null,"stage":null} @ webpack-internal:///(app-pages-browser)/./lib/chat-transport.ts:137
[  180554ms] [LOG] [ChatTransport] onmessage triggered, has currentResponseHandler: true @ webpack-internal:///(app-pages-browser)/./lib/chat-transport.ts:41
[  180554ms] [LOG] [ChatTransport] responseHandler called, data: {"type":"delta","content":"**","error":null,"message_id":"31a5cbb5-23e0-4c90-9e2f-e37b9b6cfae5","conversation_id":null,"itinerary":null,"stage":null} @ webpack-internal:///(app-pages-browser)/./lib/chat-transport.ts:137
[  180554ms] [LOG] [ChatTransport] onmessage triggered, has currentResponseHandler: true @ webpack-internal:///(app-pages-browser)/./lib/chat-transport.ts:41
[  180554ms] [LOG] [ChatTransport] responseHandler called, data: {"type":"delta","content":" -","error":null,"message_id":"31a5cbb5-23e0-4c90-9e2f-e37b9b6cfae5","conversation_id":null,"itinerary":null,"stage":null} @ webpack-internal:///(app-pages-browser)/./lib/chat-transport.ts:137
[  180625ms] [LOG] [ChatTransport] onmessage triggered, has currentResponseHandler: true @ webpack-internal:///(app-pages-browser)/./lib/chat-transport.ts:41
[  180625ms] [LOG] [ChatTransport] responseHandler called, data: {"type":"delta","content":" ","error":null,"message_id":"31a5cbb5-23e0-4c90-9e2f-e37b9b6cfae5","conversation_id":null,"itinerary":null,"stage":null} @ webpack-internal:///(app-pages-browser)/./lib/chat-transport.ts:137
[  180625ms] [LOG] [ChatTransport] onmessage triggered, has currentResponseHandler: true @ webpack-internal:///(app-pages-browser)/./lib/chat-transport.ts:41
[  180625ms] [LOG] [ChatTransport] responseHandler called, data: {"type":"delta","content":"道教","error":null,"message_id":"31a5cbb5-23e0-4c90-9e2f-e37b9b6cfae5","conversation_id":null,"itinerary":null,"stage":null} @ webpack-internal:///(app-pages-browser)/./lib/chat-transport.ts:137
[  180673ms] [LOG] [ChatTransport] onmessage triggered, has currentResponseHandler: true @ webpack-internal:///(app-pages-browser)/./lib/chat-transport.ts:41
[  180674ms] [LOG] [ChatTransport] responseHandler called, data: {"type":"delta","content":"宫","error":null,"message_id":"31a5cbb5-23e0-4c90-9e2f-e37b9b6cfae5","conversation_id":null,"itinerary":null,"stage":null} @ webpack-internal:///(app-pages-browser)/./lib/chat-transport.ts:137
[  180751ms] [LOG] [ChatTransport] onmessage triggered, has currentResponseHandler: true @ webpack-internal:///(app-pages-browser)/./lib/chat-transport.ts:41
[  180752ms] [LOG] [ChatTransport] responseHandler called, data: {"type":"delta","content":"观","error":null,"message_id":"31a5cbb5-23e0-4c90-9e2f-e37b9b6cfae5","conversation_id":null,"itinerary":null,"stage":null} @ webpack-internal:///(app-pages-browser)/./lib/chat-transport.ts:137
[  180766ms] [LOG] [ChatTransport] onmessage triggered, has currentResponseHandler: true @ webpack-internal:///(app-pages-browser)/./lib/chat-transport.ts:41
[  180766ms] [LOG] [ChatTransport] responseHandler called, data: {"type":"delta","content":"，","error":null,"message_id":"31a5cbb5-23e0-4c90-9e2f-e37b9b6cfae5","conversation_id":null,"itinerary":null,"stage":null} @ webpack-internal:///(app-pages-browser)/./lib/chat-transport.ts:137
[  180955ms] [LOG] [ChatTransport] onmessage triggered, has currentResponseHandler: true @ webpack-internal:///(app-pages-browser)/./lib/chat-transport.ts:41
[  180955ms] [LOG] [ChatTransport] responseHandler called, data: {"type":"delta","content":"历史悠久","error":null,"message_id":"31a5cbb5-23e0-4c90-9e2f-e37b9b6cfae5","conversation_id":null,"itinerary":null,"stage":null} @ webpack-internal:///(app-pages-browser)/./lib/chat-transport.ts:137
[  180970ms] [LOG] [ChatTransport] onmessage triggered, has currentResponseHandler: true @ webpack-internal:///(app-pages-browser)/./lib/chat-transport.ts:41
[  180970ms] [LOG] [ChatTransport] responseHandler called, data: {"type":"delta","content":"\n\n","error":null,"message_id":"31a5cbb5-23e0-4c90-9e2f-e37b9b6cfae5","conversation_id":null,"itinerary":null,"stage":null} @ webpack-internal:///(app-pages-browser)/./lib/chat-transport.ts:137
[  180981ms] [LOG] [ChatTransport] onmessage triggered, has currentResponseHandler: true @ webpack-internal:///(app-pages-browser)/./lib/chat-transport.ts:41
[  180981ms] [LOG] [ChatTransport] responseHandler called, data: {"type":"delta","content":"**","error":null,"message_id":"31a5cbb5-23e0-4c90-9e2f-e37b9b6cfae5","conversation_id":null,"itinerary":null,"stage":null} @ webpack-internal:///(app-pages-browser)/./lib/chat-transport.ts:137
[  180981ms] [LOG] [ChatTransport] onmessage triggered, has currentResponseHandler: true @ webpack-internal:///(app-pages-browser)/./lib/chat-transport.ts:41
[  180981ms] [LOG] [ChatTransport] responseHandler called, data: {"type":"delta","content":"公园","error":null,"message_id":"31a5cbb5-23e0-4c90-9e2f-e37b9b6cfae5","conversation_id":null,"itinerary":null,"stage":null} @ webpack-internal:///(app-pages-browser)/./lib/chat-transport.ts:137
[  180981ms] [LOG] [ChatTransport] onmessage triggered, has currentResponseHandler: true @ webpack-internal:///(app-pages-browser)/./lib/chat-transport.ts:41
[  180981ms] [LOG] [ChatTransport] responseHandler called, data: {"type":"delta","content":"与","error":null,"message_id":"31a5cbb5-23e0-4c90-9e2f-e37b9b6cfae5","conversation_id":null,"itinerary":null,"stage":null} @ webpack-internal:///(app-pages-browser)/./lib/chat-transport.ts:137
[  181002ms] [LOG] [ChatTransport] onmessage triggered, has currentResponseHandler: true @ webpack-internal:///(app-pages-browser)/./lib/chat-transport.ts:41
[  181002ms] [LOG] [ChatTransport] responseHandler called, data: {"type":"delta","content":"自然","error":null,"message_id":"31a5cbb5-23e0-4c90-9e2f-e37b9b6cfae5","conversation_id":null,"itinerary":null,"stage":null} @ webpack-internal:///(app-pages-browser)/./lib/chat-transport.ts:137
[  181002ms] [LOG] [ChatTransport] onmessage triggered, has currentResponseHandler: true @ webpack-internal:///(app-pages-browser)/./lib/chat-transport.ts:41
[  181002ms] [LOG] [ChatTransport] responseHandler called, data: {"type":"delta","content":"景观","error":null,"message_id":"31a5cbb5-23e0-4c90-9e2f-e37b9b6cfae5","conversation_id":null,"itinerary":null,"stage":null} @ webpack-internal:///(app-pages-browser)/./lib/chat-transport.ts:137
[  181035ms] [LOG] [ChatTransport] onmessage triggered, has currentResponseHandler: true @ webpack-internal:///(app-pages-browser)/./lib/chat-transport.ts:41
[  181035ms] [LOG] [ChatTransport] responseHandler called, data: {"type":"delta","content":"：","error":null,"message_id":"31a5cbb5-23e0-4c90-9e2f-e37b9b6cfae5","conversation_id":null,"itinerary":null,"stage":null} @ webpack-internal:///(app-pages-browser)/./lib/chat-transport.ts:137
[  181042ms] [LOG] [ChatTransport] onmessage triggered, has currentResponseHandler: true @ webpack-internal:///(app-pages-browser)/./lib/chat-transport.ts:41
[  181042ms] [LOG] [ChatTransport] responseHandler called, data: {"type":"delta","content":"**\n","error":null,"message_id":"31a5cbb5-23e0-4c90-9e2f-e37b9b6cfae5","conversation_id":null,"itinerary":null,"stage":null} @ webpack-internal:///(app-pages-browser)/./lib/chat-transport.ts:137
[  181105ms] [LOG] [ChatTransport] onmessage triggered, has currentResponseHandler: true @ webpack-internal:///(app-pages-browser)/./lib/chat-transport.ts:41
[  181105ms] [LOG] [ChatTransport] responseHandler called, data: {"type":"delta","content":"10","error":null,"message_id":"31a5cbb5-23e0-4c90-9e2f-e37b9b6cfae5","conversation_id":null,"itinerary":null,"stage":null} @ webpack-internal:///(app-pages-browser)/./lib/chat-transport.ts:137
[  181109ms] [LOG] [ChatTransport] onmessage triggered, has currentResponseHandler: true @ webpack-internal:///(app-pages-browser)/./lib/chat-transport.ts:41
[  181109ms] [LOG] [ChatTransport] responseHandler called, data: {"type":"delta","content":".","error":null,"message_id":"31a5cbb5-23e0-4c90-9e2f-e37b9b6cfae5","conversation_id":null,"itinerary":null,"stage":null} @ webpack-internal:///(app-pages-browser)/./lib/chat-transport.ts:137
[  181158ms] [LOG] [ChatTransport] onmessage triggered, has currentResponseHandler: true @ webpack-internal:///(app-pages-browser)/./lib/chat-transport.ts:41
[  181158ms] [LOG] [ChatTransport] responseHandler called, data: {"type":"delta","content":" **","error":null,"message_id":"31a5cbb5-23e0-4c90-9e2f-e37b9b6cfae5","conversation_id":null,"itinerary":null,"stage":null} @ webpack-internal:///(app-pages-browser)/./lib/chat-transport.ts:137
[  181160ms] [LOG] [ChatTransport] onmessage triggered, has currentResponseHandler: true @ webpack-internal:///(app-pages-browser)/./lib/chat-transport.ts:41
[  181160ms] [LOG] [ChatTransport] responseHandler called, data: {"type":"delta","content":"越","error":null,"message_id":"31a5cbb5-23e0-4c90-9e2f-e37b9b6cfae5","conversation_id":null,"itinerary":null,"stage":null} @ webpack-internal:///(app-pages-browser)/./lib/chat-transport.ts:137
[  181216ms] [LOG] [ChatTransport] onmessage triggered, has currentResponseHandler: true @ webpack-internal:///(app-pages-browser)/./lib/chat-transport.ts:41
[  181216ms] [LOG] [ChatTransport] responseHandler called, data: {"type":"delta","content":"秀","error":null,"message_id":"31a5cbb5-23e0-4c90-9e2f-e37b9b6cfae5","conversation_id":null,"itinerary":null,"stage":null} @ webpack-internal:///(app-pages-browser)/./lib/chat-transport.ts:137
[  181218ms] [LOG] [ChatTransport] onmessage triggered, has currentResponseHandler: true @ webpack-internal:///(app-pages-browser)/./lib/chat-transport.ts:41
[  181218ms] [LOG] [ChatTransport] responseHandler called, data: {"type":"delta","content":"公园","error":null,"message_id":"31a5cbb5-23e0-4c90-9e2f-e37b9b6cfae5","conversation_id":null,"itinerary":null,"stage":null} @ webpack-internal:///(app-pages-browser)/./lib/chat-transport.ts:137
[  181277ms] [LOG] [ChatTransport] onmessage triggered, has currentResponseHandler: true @ webpack-internal:///(app-pages-browser)/./lib/chat-transport.ts:41
[  181277ms] [LOG] [ChatTransport] responseHandler called, data: {"type":"delta","content":"**","error":null,"message_id":"31a5cbb5-23e0-4c90-9e2f-e37b9b6cfae5","conversation_id":null,"itinerary":null,"stage":null} @ webpack-internal:///(app-pages-browser)/./lib/chat-transport.ts:137
[  181294ms] [LOG] [ChatTransport] onmessage triggered, has currentResponseHandler: true @ webpack-internal:///(app-pages-browser)/./lib/chat-transport.ts:41
[  181294ms] [LOG] [ChatTransport] responseHandler called, data: {"type":"delta","content":" -","error":null,"message_id":"31a5cbb5-23e0-4c90-9e2f-e37b9b6cfae5","conversation_id":null,"itinerary":null,"stage":null} @ webpack-internal:///(app-pages-browser)/./lib/chat-transport.ts:137
[  181346ms] [LOG] [ChatTransport] onmessage triggered, has currentResponseHandler: true @ webpack-internal:///(app-pages-browser)/./lib/chat-transport.ts:41
[  181346ms] [LOG] [ChatTransport] responseHandler called, data: {"type":"delta","content":" ","error":null,"message_id":"31a5cbb5-23e0-4c90-9e2f-e37b9b6cfae5","conversation_id":null,"itinerary":null,"stage":null} @ webpack-internal:///(app-pages-browser)/./lib/chat-transport.ts:137
[  181354ms] [LOG] [ChatTransport] onmessage triggered, has currentResponseHandler: true @ webpack-internal:///(app-pages-browser)/./lib/chat-transport.ts:41
[  181354ms] [LOG] [ChatTransport] responseHandler called, data: {"type":"delta","content":"广州","error":null,"message_id":"31a5cbb5-23e0-4c90-9e2f-e37b9b6cfae5","conversation_id":null,"itinerary":null,"stage":null} @ webpack-internal:///(app-pages-browser)/./lib/chat-transport.ts:137
[  181501ms] [LOG] [ChatTransport] onmessage triggered, has currentResponseHandler: true @ webpack-internal:///(app-pages-browser)/./lib/chat-transport.ts:41
[  181501ms] [LOG] [ChatTransport] responseHandler called, data: {"type":"delta","content":"最大的","error":null,"message_id":"31a5cbb5-23e0-4c90-9e2f-e37b9b6cfae5","conversation_id":null,"itinerary":null,"stage":null} @ webpack-internal:///(app-pages-browser)/./lib/chat-transport.ts:137
[  181510ms] [LOG] [ChatTransport] onmessage triggered, has currentResponseHandler: true @ webpack-internal:///(app-pages-browser)/./lib/chat-transport.ts:41
[  181510ms] [LOG] [ChatTransport] responseHandler called, data: {"type":"delta","content":"综合性","error":null,"message_id":"31a5cbb5-23e0-4c90-9e2f-e37b9b6cfae5","conversation_id":null,"itinerary":null,"stage":null} @ webpack-internal:///(app-pages-browser)/./lib/chat-transport.ts:137
[  181519ms] [LOG] [ChatTransport] onmessage triggered, has currentResponseHandler: true @ webpack-internal:///(app-pages-browser)/./lib/chat-transport.ts:41
[  181519ms] [LOG] [ChatTransport] responseHandler called, data: {"type":"delta","content":"公园","error":null,"message_id":"31a5cbb5-23e0-4c90-9e2f-e37b9b6cfae5","conversation_id":null,"itinerary":null,"stage":null} @ webpack-internal:///(app-pages-browser)/./lib/chat-transport.ts:137
[  181519ms] [LOG] [ChatTransport] onmessage triggered, has currentResponseHandler: true @ webpack-internal:///(app-pages-browser)/./lib/chat-transport.ts:41
[  181519ms] [LOG] [ChatTransport] responseHandler called, data: {"type":"delta","content":"，","error":null,"message_id":"31a5cbb5-23e0-4c90-9e2f-e37b9b6cfae5","conversation_id":null,"itinerary":null,"stage":null} @ webpack-internal:///(app-pages-browser)/./lib/chat-transport.ts:137
[  181530ms] [LOG] [ChatTransport] onmessage triggered, has currentResponseHandler: true @ webpack-internal:///(app-pages-browser)/./lib/chat-transport.ts:41
[  181530ms] [LOG] [ChatTransport] responseHandler called, data: {"type":"delta","content":"内有","error":null,"message_id":"31a5cbb5-23e0-4c90-9e2f-e37b9b6cfae5","conversation_id":null,"itinerary":null,"stage":null} @ webpack-internal:///(app-pages-browser)/./lib/chat-transport.ts:137
[  181530ms] [LOG] [ChatTransport] onmessage triggered, has currentResponseHandler: true @ webpack-internal:///(app-pages-browser)/./lib/chat-transport.ts:41
[  181530ms] [LOG] [ChatTransport] responseHandler called, data: {"type":"delta","content":"五","error":null,"message_id":"31a5cbb5-23e0-4c90-9e2f-e37b9b6cfae5","conversation_id":null,"itinerary":null,"stage":null} @ webpack-internal:///(app-pages-browser)/./lib/chat-transport.ts:137
[  181601ms] [LOG] [ChatTransport] onmessage triggered, has currentResponseHandler: true @ webpack-internal:///(app-pages-browser)/./lib/chat-transport.ts:41
[  181601ms] [LOG] [ChatTransport] responseHandler called, data: {"type":"delta","content":"羊","error":null,"message_id":"31a5cbb5-23e0-4c90-9e2f-e37b9b6cfae5","conversation_id":null,"itinerary":null,"stage":null} @ webpack-internal:///(app-pages-browser)/./lib/chat-transport.ts:137
[  181611ms] [LOG] [ChatTransport] onmessage triggered, has currentResponseHandler: true @ webpack-internal:///(app-pages-browser)/./lib/chat-transport.ts:41
[  181611ms] [LOG] [ChatTransport] responseHandler called, data: {"type":"delta","content":"石","error":null,"message_id":"31a5cbb5-23e0-4c90-9e2f-e37b9b6cfae5","conversation_id":null,"itinerary":null,"stage":null} @ webpack-internal:///(app-pages-browser)/./lib/chat-transport.ts:137
[  181633ms] [LOG] [ChatTransport] onmessage triggered, has currentResponseHandler: true @ webpack-internal:///(app-pages-browser)/./lib/chat-transport.ts:41
[  181633ms] [LOG] [ChatTransport] responseHandler called, data: {"type":"delta","content":"像","error":null,"message_id":"31a5cbb5-23e0-4c90-9e2f-e37b9b6cfae5","conversation_id":null,"itinerary":null,"stage":null} @ webpack-internal:///(app-pages-browser)/./lib/chat-transport.ts:137
[  181641ms] [LOG] [ChatTransport] onmessage triggered, has currentResponseHandler: true @ webpack-internal:///(app-pages-browser)/./lib/chat-transport.ts:41
[  181641ms] [LOG] [ChatTransport] responseHandler called, data: {"type":"delta","content":"\n","error":null,"message_id":"31a5cbb5-23e0-4c90-9e2f-e37b9b6cfae5","conversation_id":null,"itinerary":null,"stage":null} @ webpack-internal:///(app-pages-browser)/./lib/chat-transport.ts:137
[  181726ms] [LOG] [ChatTransport] onmessage triggered, has currentResponseHandler: true @ webpack-internal:///(app-pages-browser)/./lib/chat-transport.ts:41
[  181726ms] [LOG] [ChatTransport] responseHandler called, data: {"type":"delta","content":"11","error":null,"message_id":"31a5cbb5-23e0-4c90-9e2f-e37b9b6cfae5","conversation_id":null,"itinerary":null,"stage":null} @ webpack-internal:///(app-pages-browser)/./lib/chat-transport.ts:137
[  181736ms] [LOG] [ChatTransport] onmessage triggered, has currentResponseHandler: true @ webpack-internal:///(app-pages-browser)/./lib/chat-transport.ts:41
[  181736ms] [LOG] [ChatTransport] responseHandler called, data: {"type":"delta","content":".","error":null,"message_id":"31a5cbb5-23e0-4c90-9e2f-e37b9b6cfae5","conversation_id":null,"itinerary":null,"stage":null} @ webpack-internal:///(app-pages-browser)/./lib/chat-transport.ts:137
[  181759ms] [LOG] [ChatTransport] onmessage triggered, has currentResponseHandler: true @ webpack-internal:///(app-pages-browser)/./lib/chat-transport.ts:41
[  181759ms] [LOG] [ChatTransport] responseHandler called, data: {"type":"delta","content":" **","error":null,"message_id":"31a5cbb5-23e0-4c90-9e2f-e37b9b6cfae5","conversation_id":null,"itinerary":null,"stage":null} @ webpack-internal:///(app-pages-browser)/./lib/chat-transport.ts:137
[  181767ms] [LOG] [ChatTransport] onmessage triggered, has currentResponseHandler: true @ webpack-internal:///(app-pages-browser)/./lib/chat-transport.ts:41
[  181767ms] [LOG] [ChatTransport] responseHandler called, data: {"type":"delta","content":"广州","error":null,"message_id":"31a5cbb5-23e0-4c90-9e2f-e37b9b6cfae5","conversation_id":null,"itinerary":null,"stage":null} @ webpack-internal:///(app-pages-browser)/./lib/chat-transport.ts:137
[  181837ms] [LOG] [ChatTransport] onmessage triggered, has currentResponseHandler: true @ webpack-internal:///(app-pages-browser)/./lib/chat-transport.ts:41
[  181837ms] [LOG] [ChatTransport] responseHandler called, data: {"type":"delta","content":"兰","error":null,"message_id":"31a5cbb5-23e0-4c90-9e2f-e37b9b6cfae5","conversation_id":null,"itinerary":null,"stage":null} @ webpack-internal:///(app-pages-browser)/./lib/chat-transport.ts:137
[  181841ms] [LOG] [ChatTransport] onmessage triggered, has currentResponseHandler: true @ webpack-internal:///(app-pages-browser)/./lib/chat-transport.ts:41
[  181841ms] [LOG] [ChatTransport] responseHandler called, data: {"type":"delta","content":"圃","error":null,"message_id":"31a5cbb5-23e0-4c90-9e2f-e37b9b6cfae5","conversation_id":null,"itinerary":null,"stage":null} @ webpack-internal:///(app-pages-browser)/./lib/chat-transport.ts:137
[  181901ms] [LOG] [ChatTransport] onmessage triggered, has currentResponseHandler: true @ webpack-internal:///(app-pages-browser)/./lib/chat-transport.ts:41
[  181902ms] [LOG] [ChatTransport] responseHandler called, data: {"type":"delta","content":"**","error":null,"message_id":"31a5cbb5-23e0-4c90-9e2f-e37b9b6cfae5","conversation_id":null,"itinerary":null,"stage":null} @ webpack-internal:///(app-pages-browser)/./lib/chat-transport.ts:137
[  181907ms] [LOG] [ChatTransport] onmessage triggered, has currentResponseHandler: true @ webpack-internal:///(app-pages-browser)/./lib/chat-transport.ts:41
[  181907ms] [LOG] [ChatTransport] responseHandler called, data: {"type":"delta","content":" -","error":null,"message_id":"31a5cbb5-23e0-4c90-9e2f-e37b9b6cfae5","conversation_id":null,"itinerary":null,"stage":null} @ webpack-internal:///(app-pages-browser)/./lib/chat-transport.ts:137
[  181958ms] [LOG] [ChatTransport] onmessage triggered, has currentResponseHandler: true @ webpack-internal:///(app-pages-browser)/./lib/chat-transport.ts:41
[  181959ms] [LOG] [ChatTransport] responseHandler called, data: {"type":"delta","content":" ","error":null,"message_id":"31a5cbb5-23e0-4c90-9e2f-e37b9b6cfae5","conversation_id":null,"itinerary":null,"stage":null} @ webpack-internal:///(app-pages-browser)/./lib/chat-transport.ts:137
[  181963ms] [LOG] [ChatTransport] onmessage triggered, has currentResponseHandler: true @ webpack-internal:///(app-pages-browser)/./lib/chat-transport.ts:41
[  181963ms] [LOG] [ChatTransport] responseHandler called, data: {"type":"delta","content":"以","error":null,"message_id":"31a5cbb5-23e0-4c90-9e2f-e37b9b6cfae5","conversation_id":null,"itinerary":null,"stage":null} @ webpack-internal:///(app-pages-browser)/./lib/chat-transport.ts:137
[  182090ms] [LOG] [ChatTransport] onmessage triggered, has currentResponseHandler: true @ webpack-internal:///(app-pages-browser)/./lib/chat-transport.ts:41
[  182090ms] [LOG] [ChatTransport] responseHandler called, data: {"type":"delta","content":"兰花","error":null,"message_id":"31a5cbb5-23e0-4c90-9e2f-e37b9b6cfae5","conversation_id":null,"itinerary":null,"stage":null} @ webpack-internal:///(app-pages-browser)/./lib/chat-transport.ts:137
[  182090ms] [LOG] [ChatTransport] onmessage triggered, has currentResponseHandler: true @ webpack-internal:///(app-pages-browser)/./lib/chat-transport.ts:41
[  182090ms] [LOG] [ChatTransport] responseHandler called, data: {"type":"delta","content":"为主题的","error":null,"message_id":"31a5cbb5-23e0-4c90-9e2f-e37b9b6cfae5","conversation_id":null,"itinerary":null,"stage":null} @ webpack-internal:///(app-pages-browser)/./lib/chat-transport.ts:137
[  182105ms] [LOG] [ChatTransport] onmessage triggered, has currentResponseHandler: true @ webpack-internal:///(app-pages-browser)/./lib/chat-transport.ts:41
[  182106ms] [LOG] [ChatTransport] responseHandler called, data: {"type":"delta","content":"园林","error":null,"message_id":"31a5cbb5-23e0-4c90-9e2f-e37b9b6cfae5","conversation_id":null,"itinerary":null,"stage":null} @ webpack-internal:///(app-pages-browser)/./lib/chat-transport.ts:137
[  182155ms] [LOG] [ChatTransport] onmessage triggered, has currentResponseHandler: true @ webpack-internal:///(app-pages-browser)/./lib/chat-transport.ts:41
[  182155ms] [LOG] [ChatTransport] responseHandler called, data: {"type":"delta","content":"\n","error":null,"message_id":"31a5cbb5-23e0-4c90-9e2f-e37b9b6cfae5","conversation_id":null,"itinerary":null,"stage":null} @ webpack-internal:///(app-pages-browser)/./lib/chat-transport.ts:137
[  182159ms] [LOG] [ChatTransport] onmessage triggered, has currentResponseHandler: true @ webpack-internal:///(app-pages-browser)/./lib/chat-transport.ts:41
[  182159ms] [LOG] [ChatTransport] responseHandler called, data: {"type":"delta","content":"12","error":null,"message_id":"31a5cbb5-23e0-4c90-9e2f-e37b9b6cfae5","conversation_id":null,"itinerary":null,"stage":null} @ webpack-internal:///(app-pages-browser)/./lib/chat-transport.ts:137
[  182184ms] [LOG] [ChatTransport] onmessage triggered, has currentResponseHandler: true @ webpack-internal:///(app-pages-browser)/./lib/chat-transport.ts:41
[  182184ms] [LOG] [ChatTransport] responseHandler called, data: {"type":"delta","content":".","error":null,"message_id":"31a5cbb5-23e0-4c90-9e2f-e37b9b6cfae5","conversation_id":null,"itinerary":null,"stage":null} @ webpack-internal:///(app-pages-browser)/./lib/chat-transport.ts:137
[  182186ms] [LOG] [ChatTransport] onmessage triggered, has currentResponseHandler: true @ webpack-internal:///(app-pages-browser)/./lib/chat-transport.ts:41
[  182186ms] [LOG] [ChatTransport] responseHandler called, data: {"type":"delta","content":" **","error":null,"message_id":"31a5cbb5-23e0-4c90-9e2f-e37b9b6cfae5","conversation_id":null,"itinerary":null,"stage":null} @ webpack-internal:///(app-pages-browser)/./lib/chat-transport.ts:137
[  182241ms] [LOG] [ChatTransport] onmessage triggered, has currentResponseHandler: true @ webpack-internal:///(app-pages-browser)/./lib/chat-transport.ts:41
[  182241ms] [LOG] [ChatTransport] responseHandler called, data: {"type":"delta","content":"海","error":null,"message_id":"31a5cbb5-23e0-4c90-9e2f-e37b9b6cfae5","conversation_id":null,"itinerary":null,"stage":null} @ webpack-internal:///(app-pages-browser)/./lib/chat-transport.ts:137
[  182245ms] [LOG] [ChatTransport] onmessage triggered, has currentResponseHandler: true @ webpack-internal:///(app-pages-browser)/./lib/chat-transport.ts:41
[  182245ms] [LOG] [ChatTransport] responseHandler called, data: {"type":"delta","content":"珠","error":null,"message_id":"31a5cbb5-23e0-4c90-9e2f-e37b9b6cfae5","conversation_id":null,"itinerary":null,"stage":null} @ webpack-internal:///(app-pages-browser)/./lib/chat-transport.ts:137
[  182302ms] [LOG] [ChatTransport] onmessage triggered, has currentResponseHandler: true @ webpack-internal:///(app-pages-browser)/./lib/chat-transport.ts:41
[  182302ms] [LOG] [ChatTransport] responseHandler called, data: {"type":"delta","content":"广场","error":null,"message_id":"31a5cbb5-23e0-4c90-9e2f-e37b9b6cfae5","conversation_id":null,"itinerary":null,"stage":null} @ webpack-internal:///(app-pages-browser)/./lib/chat-transport.ts:137
[  182303ms] [LOG] [ChatTransport] onmessage triggered, has currentResponseHandler: true @ webpack-internal:///(app-pages-browser)/./lib/chat-transport.ts:41
[  182303ms] [LOG] [ChatTransport] responseHandler called, data: {"type":"delta","content":"**","error":null,"message_id":"31a5cbb5-23e0-4c90-9e2f-e37b9b6cfae5","conversation_id":null,"itinerary":null,"stage":null} @ webpack-internal:///(app-pages-browser)/./lib/chat-transport.ts:137
[  182382ms] [LOG] [ChatTransport] onmessage triggered, has currentResponseHandler: true @ webpack-internal:///(app-pages-browser)/./lib/chat-transport.ts:41
[  182382ms] [LOG] [ChatTransport] responseHandler called, data: {"type":"delta","content":" -","error":null,"message_id":"31a5cbb5-23e0-4c90-9e2f-e37b9b6cfae5","conversation_id":null,"itinerary":null,"stage":null} @ webpack-internal:///(app-pages-browser)/./lib/chat-transport.ts:137
[  182394ms] [LOG] [ChatTransport] onmessage triggered, has currentResponseHandler: true @ webpack-internal:///(app-pages-browser)/./lib/chat-transport.ts:41
[  182395ms] [LOG] [ChatTransport] responseHandler called, data: {"type":"delta","content":" ","error":null,"message_id":"31a5cbb5-23e0-4c90-9e2f-e37b9b6cfae5","conversation_id":null,"itinerary":null,"stage":null} @ webpack-internal:///(app-pages-browser)/./lib/chat-transport.ts:137
[  182421ms] [LOG] [ChatTransport] onmessage triggered, has currentResponseHandler: true @ webpack-internal:///(app-pages-browser)/./lib/chat-transport.ts:41
[  182421ms] [LOG] [ChatTransport] responseHandler called, data: {"type":"delta","content":"位于","error":null,"message_id":"31a5cbb5-23e0-4c90-9e2f-e37b9b6cfae5","conversation_id":null,"itinerary":null,"stage":null} @ webpack-internal:///(app-pages-browser)/./lib/chat-transport.ts:137
[  182429ms] [LOG] [ChatTransport] onmessage triggered, has currentResponseHandler: true @ webpack-internal:///(app-pages-browser)/./lib/chat-transport.ts:41
[  182429ms] [LOG] [ChatTransport] responseHandler called, data: {"type":"delta","content":"珠江","error":null,"message_id":"31a5cbb5-23e0-4c90-9e2f-e37b9b6cfae5","conversation_id":null,"itinerary":null,"stage":null} @ webpack-internal:///(app-pages-browser)/./lib/chat-transport.ts:137
[  182480ms] [LOG] [ChatTransport] onmessage triggered, has currentResponseHandler: true @ webpack-internal:///(app-pages-browser)/./lib/chat-transport.ts:41
[  182480ms] [LOG] [ChatTransport] responseHandler called, data: {"type":"delta","content":"畔","error":null,"message_id":"31a5cbb5-23e0-4c90-9e2f-e37b9b6cfae5","conversation_id":null,"itinerary":null,"stage":null} @ webpack-internal:///(app-pages-browser)/./lib/chat-transport.ts:137
[  182481ms] [LOG] [ChatTransport] onmessage triggered, has currentResponseHandler: true @ webpack-internal:///(app-pages-browser)/./lib/chat-transport.ts:41
[  182481ms] [LOG] [ChatTransport] responseHandler called, data: {"type":"delta","content":"的城市","error":null,"message_id":"31a5cbb5-23e0-4c90-9e2f-e37b9b6cfae5","conversation_id":null,"itinerary":null,"stage":null} @ webpack-internal:///(app-pages-browser)/./lib/chat-transport.ts:137
[  182543ms] [LOG] [ChatTransport] onmessage triggered, has currentResponseHandler: true @ webpack-internal:///(app-pages-browser)/./lib/chat-transport.ts:41
[  182544ms] [LOG] [ChatTransport] responseHandler called, data: {"type":"delta","content":"广场","error":null,"message_id":"31a5cbb5-23e0-4c90-9e2f-e37b9b6cfae5","conversation_id":null,"itinerary":null,"stage":null} @ webpack-internal:///(app-pages-browser)/./lib/chat-transport.ts:137
[  182558ms] [LOG] [ChatTransport] onmessage triggered, has currentResponseHandler: true @ webpack-internal:///(app-pages-browser)/./lib/chat-transport.ts:41
[  182558ms] [LOG] [ChatTransport] responseHandler called, data: {"type":"delta","content":"\n\n","error":null,"message_id":"31a5cbb5-23e0-4c90-9e2f-e37b9b6cfae5","conversation_id":null,"itinerary":null,"stage":null} @ webpack-internal:///(app-pages-browser)/./lib/chat-transport.ts:137
[  182607ms] [LOG] [ChatTransport] onmessage triggered, has currentResponseHandler: true @ webpack-internal:///(app-pages-browser)/./lib/chat-transport.ts:41
[  182608ms] [LOG] [ChatTransport] responseHandler called, data: {"type":"delta","content":"**","error":null,"message_id":"31a5cbb5-23e0-4c90-9e2f-e37b9b6cfae5","conversation_id":null,"itinerary":null,"stage":null} @ webpack-internal:///(app-pages-browser)/./lib/chat-transport.ts:137
[  182617ms] [LOG] [ChatTransport] onmessage triggered, has currentResponseHandler: true @ webpack-internal:///(app-pages-browser)/./lib/chat-transport.ts:41
[  182617ms] [LOG] [ChatTransport] responseHandler called, data: {"type":"delta","content":"特色","error":null,"message_id":"31a5cbb5-23e0-4c90-9e2f-e37b9b6cfae5","conversation_id":null,"itinerary":null,"stage":null} @ webpack-internal:///(app-pages-browser)/./lib/chat-transport.ts:137
[  182676ms] [LOG] [ChatTransport] onmessage triggered, has currentResponseHandler: true @ webpack-internal:///(app-pages-browser)/./lib/chat-transport.ts:41
[  182676ms] [LOG] [ChatTransport] responseHandler called, data: {"type":"delta","content":"街区","error":null,"message_id":"31a5cbb5-23e0-4c90-9e2f-e37b9b6cfae5","conversation_id":null,"itinerary":null,"stage":null} @ webpack-internal:///(app-pages-browser)/./lib/chat-transport.ts:137
[  182685ms] [LOG] [ChatTransport] onmessage triggered, has currentResponseHandler: true @ webpack-internal:///(app-pages-browser)/./lib/chat-transport.ts:41
[  182685ms] [LOG] [ChatTransport] responseHandler called, data: {"type":"delta","content":"：","error":null,"message_id":"31a5cbb5-23e0-4c90-9e2f-e37b9b6cfae5","conversation_id":null,"itinerary":null,"stage":null} @ webpack-internal:///(app-pages-browser)/./lib/chat-transport.ts:137
[  182737ms] [LOG] [ChatTransport] onmessage triggered, has currentResponseHandler: true @ webpack-internal:///(app-pages-browser)/./lib/chat-transport.ts:41
[  182738ms] [LOG] [ChatTransport] responseHandler called, data: {"type":"delta","content":"**\n","error":null,"message_id":"31a5cbb5-23e0-4c90-9e2f-e37b9b6cfae5","conversation_id":null,"itinerary":null,"stage":null} @ webpack-internal:///(app-pages-browser)/./lib/chat-transport.ts:137
[  182738ms] [LOG] [ChatTransport] onmessage triggered, has currentResponseHandler: true @ webpack-internal:///(app-pages-browser)/./lib/chat-transport.ts:41
[  182738ms] [LOG] [ChatTransport] responseHandler called, data: {"type":"delta","content":"13","error":null,"message_id":"31a5cbb5-23e0-4c90-9e2f-e37b9b6cfae5","conversation_id":null,"itinerary":null,"stage":null} @ webpack-internal:///(app-pages-browser)/./lib/chat-transport.ts:137
[  182792ms] [LOG] [ChatTransport] onmessage triggered, has currentResponseHandler: true @ webpack-internal:///(app-pages-browser)/./lib/chat-transport.ts:41
[  182793ms] [LOG] [ChatTransport] responseHandler called, data: {"type":"delta","content":".","error":null,"message_id":"31a5cbb5-23e0-4c90-9e2f-e37b9b6cfae5","conversation_id":null,"itinerary":null,"stage":null} @ webpack-internal:///(app-pages-browser)/./lib/chat-transport.ts:137
[  182802ms] [LOG] [ChatTransport] onmessage triggered, has currentResponseHandler: true @ webpack-internal:///(app-pages-browser)/./lib/chat-transport.ts:41
[  182802ms] [LOG] [ChatTransport] responseHandler called, data: {"type":"delta","content":" **","error":null,"message_id":"31a5cbb5-23e0-4c90-9e2f-e37b9b6cfae5","conversation_id":null,"itinerary":null,"stage":null} @ webpack-internal:///(app-pages-browser)/./lib/chat-transport.ts:137
[  182849ms] [LOG] [ChatTransport] onmessage triggered, has currentResponseHandler: true @ webpack-internal:///(app-pages-browser)/./lib/chat-transport.ts:41
[  182849ms] [LOG] [ChatTransport] responseHandler called, data: {"type":"delta","content":"沙","error":null,"message_id":"31a5cbb5-23e0-4c90-9e2f-e37b9b6cfae5","conversation_id":null,"itinerary":null,"stage":null} @ webpack-internal:///(app-pages-browser)/./lib/chat-transport.ts:137
[  182849ms] [LOG] [ChatTransport] onmessage triggered, has currentResponseHandler: true @ webpack-internal:///(app-pages-browser)/./lib/chat-transport.ts:41
[  182849ms] [LOG] [ChatTransport] responseHandler called, data: {"type":"delta","content":"面","error":null,"message_id":"31a5cbb5-23e0-4c90-9e2f-e37b9b6cfae5","conversation_id":null,"itinerary":null,"stage":null} @ webpack-internal:///(app-pages-browser)/./lib/chat-transport.ts:137
[  182903ms] [LOG] [ChatTransport] onmessage triggered, has currentResponseHandler: true @ webpack-internal:///(app-pages-browser)/./lib/chat-transport.ts:41
[  182903ms] [LOG] [ChatTransport] responseHandler called, data: {"type":"delta","content":"岛","error":null,"message_id":"31a5cbb5-23e0-4c90-9e2f-e37b9b6cfae5","conversation_id":null,"itinerary":null,"stage":null} @ webpack-internal:///(app-pages-browser)/./lib/chat-transport.ts:137
[  182905ms] [LOG] [ChatTransport] onmessage triggered, has currentResponseHandler: true @ webpack-internal:///(app-pages-browser)/./lib/chat-transport.ts:41
[  182905ms] [LOG] [ChatTransport] responseHandler called, data: {"type":"delta","content":"**","error":null,"message_id":"31a5cbb5-23e0-4c90-9e2f-e37b9b6cfae5","conversation_id":null,"itinerary":null,"stage":null} @ webpack-internal:///(app-pages-browser)/./lib/chat-transport.ts:137
[  183026ms] [LOG] [ChatTransport] onmessage triggered, has currentResponseHandler: true @ webpack-internal:///(app-pages-browser)/./lib/chat-transport.ts:41
[  183026ms] [LOG] [ChatTransport] responseHandler called, data: {"type":"delta","content":" -","error":null,"message_id":"31a5cbb5-23e0-4c90-9e2f-e37b9b6cfae5","conversation_id":null,"itinerary":null,"stage":null} @ webpack-internal:///(app-pages-browser)/./lib/chat-transport.ts:137
[  183030ms] [LOG] [ChatTransport] onmessage triggered, has currentResponseHandler: true @ webpack-internal:///(app-pages-browser)/./lib/chat-transport.ts:41
[  183030ms] [LOG] [ChatTransport] responseHandler called, data: {"type":"delta","content":" ","error":null,"message_id":"31a5cbb5-23e0-4c90-9e2f-e37b9b6cfae5","conversation_id":null,"itinerary":null,"stage":null} @ webpack-internal:///(app-pages-browser)/./lib/chat-transport.ts:137
[  183081ms] [LOG] [ChatTransport] onmessage triggered, has currentResponseHandler: true @ webpack-internal:///(app-pages-browser)/./lib/chat-transport.ts:41
[  183081ms] [LOG] [ChatTransport] responseHandler called, data: {"type":"delta","content":"欧","error":null,"message_id":"31a5cbb5-23e0-4c90-9e2f-e37b9b6cfae5","conversation_id":null,"itinerary":null,"stage":null} @ webpack-internal:///(app-pages-browser)/./lib/chat-transport.ts:137
[  183086ms] [LOG] [ChatTransport] onmessage triggered, has currentResponseHandler: true @ webpack-internal:///(app-pages-browser)/./lib/chat-transport.ts:41
[  183087ms] [LOG] [ChatTransport] responseHandler called, data: {"type":"delta","content":"陆","error":null,"message_id":"31a5cbb5-23e0-4c90-9e2f-e37b9b6cfae5","conversation_id":null,"itinerary":null,"stage":null} @ webpack-internal:///(app-pages-browser)/./lib/chat-transport.ts:137
[  183090ms] [LOG] [ChatTransport] onmessage triggered, has currentResponseHandler: true @ webpack-internal:///(app-pages-browser)/./lib/chat-transport.ts:41
[  183091ms] [LOG] [ChatTransport] responseHandler called, data: {"type":"delta","content":"风情","error":null,"message_id":"31a5cbb5-23e0-4c90-9e2f-e37b9b6cfae5","conversation_id":null,"itinerary":null,"stage":null} @ webpack-internal:///(app-pages-browser)/./lib/chat-transport.ts:137
[  183091ms] [LOG] [ChatTransport] onmessage triggered, has currentResponseHandler: true @ webpack-internal:///(app-pages-browser)/./lib/chat-transport.ts:41
[  183091ms] [LOG] [ChatTransport] responseHandler called, data: {"type":"delta","content":"建筑","error":null,"message_id":"31a5cbb5-23e0-4c90-9e2f-e37b9b6cfae5","conversation_id":null,"itinerary":null,"stage":null} @ webpack-internal:///(app-pages-browser)/./lib/chat-transport.ts:137
[  183140ms] [LOG] [ChatTransport] onmessage triggered, has currentResponseHandler: true @ webpack-internal:///(app-pages-browser)/./lib/chat-transport.ts:41
[  183140ms] [LOG] [ChatTransport] responseHandler called, data: {"type":"delta","content":"群","error":null,"message_id":"31a5cbb5-23e0-4c90-9e2f-e37b9b6cfae5","conversation_id":null,"itinerary":null,"stage":null} @ webpack-internal:///(app-pages-browser)/./lib/chat-transport.ts:137
[  183145ms] [LOG] [ChatTransport] onmessage triggered, has currentResponseHandler: true @ webpack-internal:///(app-pages-browser)/./lib/chat-transport.ts:41
[  183145ms] [LOG] [ChatTransport] responseHandler called, data: {"type":"delta","content":"，","error":null,"message_id":"31a5cbb5-23e0-4c90-9e2f-e37b9b6cfae5","conversation_id":null,"itinerary":null,"stage":null} @ webpack-internal:///(app-pages-browser)/./lib/chat-transport.ts:137
[  183197ms] [LOG] [ChatTransport] onmessage triggered, has currentResponseHandler: true @ webpack-internal:///(app-pages-browser)/./lib/chat-transport.ts:41
[  183197ms] [LOG] [ChatTransport] responseHandler called, data: {"type":"delta","content":"曾是","error":null,"message_id":"31a5cbb5-23e0-4c90-9e2f-e37b9b6cfae5","conversation_id":null,"itinerary":null,"stage":null} @ webpack-internal:///(app-pages-browser)/./lib/chat-transport.ts:137
[  183200ms] [LOG] [ChatTransport] onmessage triggered, has currentResponseHandler: true @ webpack-internal:///(app-pages-browser)/./lib/chat-transport.ts:41
[  183200ms] [LOG] [ChatTransport] responseHandler called, data: {"type":"delta","content":"英","error":null,"message_id":"31a5cbb5-23e0-4c90-9e2f-e37b9b6cfae5","conversation_id":null,"itinerary":null,"stage":null} @ webpack-internal:///(app-pages-browser)/./lib/chat-transport.ts:137
[  183263ms] [LOG] [ChatTransport] onmessage triggered, has currentResponseHandler: true @ webpack-internal:///(app-pages-browser)/./lib/chat-transport.ts:41
[  183263ms] [LOG] [ChatTransport] responseHandler called, data: {"type":"delta","content":"法","error":null,"message_id":"31a5cbb5-23e0-4c90-9e2f-e37b9b6cfae5","conversation_id":null,"itinerary":null,"stage":null} @ webpack-internal:///(app-pages-browser)/./lib/chat-transport.ts:137
[  183267ms] [LOG] [ChatTransport] onmessage triggered, has currentResponseHandler: true @ webpack-internal:///(app-pages-browser)/./lib/chat-transport.ts:41
[  183268ms] [LOG] [ChatTransport] responseHandler called, data: {"type":"delta","content":"租","error":null,"message_id":"31a5cbb5-23e0-4c90-9e2f-e37b9b6cfae5","conversation_id":null,"itinerary":null,"stage":null} @ webpack-internal:///(app-pages-browser)/./lib/chat-transport.ts:137
[  183350ms] [LOG] [ChatTransport] onmessage triggered, has currentResponseHandler: true @ webpack-internal:///(app-pages-browser)/./lib/chat-transport.ts:41
[  183351ms] [LOG] [ChatTransport] responseHandler called, data: {"type":"delta","content":"界","error":null,"message_id":"31a5cbb5-23e0-4c90-9e2f-e37b9b6cfae5","conversation_id":null,"itinerary":null,"stage":null} @ webpack-internal:///(app-pages-browser)/./lib/chat-transport.ts:137
[  183363ms] [LOG] [ChatTransport] onmessage triggered, has currentResponseHandler: true @ webpack-internal:///(app-pages-browser)/./lib/chat-transport.ts:41
[  183363ms] [LOG] [ChatTransport] responseHandler called, data: {"type":"delta","content":"\n","error":null,"message_id":"31a5cbb5-23e0-4c90-9e2f-e37b9b6cfae5","conversation_id":null,"itinerary":null,"stage":null} @ webpack-internal:///(app-pages-browser)/./lib/chat-transport.ts:137
[  183410ms] [LOG] [ChatTransport] onmessage triggered, has currentResponseHandler: true @ webpack-internal:///(app-pages-browser)/./lib/chat-transport.ts:41
[  183410ms] [LOG] [ChatTransport] responseHandler called, data: {"type":"delta","content":"14","error":null,"message_id":"31a5cbb5-23e0-4c90-9e2f-e37b9b6cfae5","conversation_id":null,"itinerary":null,"stage":null} @ webpack-internal:///(app-pages-browser)/./lib/chat-transport.ts:137
[  183417ms] [LOG] [ChatTransport] onmessage triggered, has currentResponseHandler: true @ webpack-internal:///(app-pages-browser)/./lib/chat-transport.ts:41
[  183418ms] [LOG] [ChatTransport] responseHandler called, data: {"type":"delta","content":".","error":null,"message_id":"31a5cbb5-23e0-4c90-9e2f-e37b9b6cfae5","conversation_id":null,"itinerary":null,"stage":null} @ webpack-internal:///(app-pages-browser)/./lib/chat-transport.ts:137
[  183438ms] [LOG] [ChatTransport] onmessage triggered, has currentResponseHandler: true @ webpack-internal:///(app-pages-browser)/./lib/chat-transport.ts:41
[  183438ms] [LOG] [ChatTransport] responseHandler called, data: {"type":"delta","content":" **","error":null,"message_id":"31a5cbb5-23e0-4c90-9e2f-e37b9b6cfae5","conversation_id":null,"itinerary":null,"stage":null} @ webpack-internal:///(app-pages-browser)/./lib/chat-transport.ts:137
[  183446ms] [LOG] [ChatTransport] onmessage triggered, has currentResponseHandler: true @ webpack-internal:///(app-pages-browser)/./lib/chat-transport.ts:41
[  183446ms] [LOG] [ChatTransport] responseHandler called, data: {"type":"delta","content":"永","error":null,"message_id":"31a5cbb5-23e0-4c90-9e2f-e37b9b6cfae5","conversation_id":null,"itinerary":null,"stage":null} @ webpack-internal:///(app-pages-browser)/./lib/chat-transport.ts:137
[  183501ms] [LOG] [ChatTransport] onmessage triggered, has currentResponseHandler: true @ webpack-internal:///(app-pages-browser)/./lib/chat-transport.ts:41
[  183501ms] [LOG] [ChatTransport] responseHandler called, data: {"type":"delta","content":"庆","error":null,"message_id":"31a5cbb5-23e0-4c90-9e2f-e37b9b6cfae5","conversation_id":null,"itinerary":null,"stage":null} @ webpack-internal:///(app-pages-browser)/./lib/chat-transport.ts:137
[  183514ms] [LOG] [ChatTransport] onmessage triggered, has currentResponseHandler: true @ webpack-internal:///(app-pages-browser)/./lib/chat-transport.ts:41
[  183514ms] [LOG] [ChatTransport] responseHandler called, data: {"type":"delta","content":"坊","error":null,"message_id":"31a5cbb5-23e0-4c90-9e2f-e37b9b6cfae5","conversation_id":null,"itinerary":null,"stage":null} @ webpack-internal:///(app-pages-browser)/./lib/chat-transport.ts:137
[  183562ms] [LOG] [ChatTransport] onmessage triggered, has currentResponseHandler: true @ webpack-internal:///(app-pages-browser)/./lib/chat-transport.ts:41
[  183562ms] [LOG] [ChatTransport] responseHandler called, data: {"type":"delta","content":"**","error":null,"message_id":"31a5cbb5-23e0-4c90-9e2f-e37b9b6cfae5","conversation_id":null,"itinerary":null,"stage":null} @ webpack-internal:///(app-pages-browser)/./lib/chat-transport.ts:137
[  183571ms] [LOG] [ChatTransport] onmessage triggered, has currentResponseHandler: true @ webpack-internal:///(app-pages-browser)/./lib/chat-transport.ts:41
[  183571ms] [LOG] [ChatTransport] responseHandler called, data: {"type":"delta","content":" -","error":null,"message_id":"31a5cbb5-23e0-4c90-9e2f-e37b9b6cfae5","conversation_id":null,"itinerary":null,"stage":null} @ webpack-internal:///(app-pages-browser)/./lib/chat-transport.ts:137
[  183617ms] [LOG] [ChatTransport] onmessage triggered, has currentResponseHandler: true @ webpack-internal:///(app-pages-browser)/./lib/chat-transport.ts:41
[  183617ms] [LOG] [ChatTransport] responseHandler called, data: {"type":"delta","content":" ","error":null,"message_id":"31a5cbb5-23e0-4c90-9e2f-e37b9b6cfae5","conversation_id":null,"itinerary":null,"stage":null} @ webpack-internal:///(app-pages-browser)/./lib/chat-transport.ts:137
[  183628ms] [LOG] [ChatTransport] onmessage triggered, has currentResponseHandler: true @ webpack-internal:///(app-pages-browser)/./lib/chat-transport.ts:41
[  183628ms] [LOG] [ChatTransport] responseHandler called, data: {"type":"delta","content":"西","error":null,"message_id":"31a5cbb5-23e0-4c90-9e2f-e37b9b6cfae5","conversation_id":null,"itinerary":null,"stage":null} @ webpack-internal:///(app-pages-browser)/./lib/chat-transport.ts:137
[  183681ms] [LOG] [ChatTransport] onmessage triggered, has currentResponseHandler: true @ webpack-internal:///(app-pages-browser)/./lib/chat-transport.ts:41
[  183681ms] [LOG] [ChatTransport] responseHandler called, data: {"type":"delta","content":"关","error":null,"message_id":"31a5cbb5-23e0-4c90-9e2f-e37b9b6cfae5","conversation_id":null,"itinerary":null,"stage":null} @ webpack-internal:///(app-pages-browser)/./lib/chat-transport.ts:137
[  183691ms] [LOG] [ChatTransport] onmessage triggered, has currentResponseHandler: true @ webpack-internal:///(app-pages-browser)/./lib/chat-transport.ts:41
[  183691ms] [LOG] [ChatTransport] responseHandler called, data: {"type":"delta","content":"文化","error":null,"message_id":"31a5cbb5-23e0-4c90-9e2f-e37b9b6cfae5","conversation_id":null,"itinerary":null,"stage":null} @ webpack-internal:///(app-pages-browser)/./lib/chat-transport.ts:137
[  183740ms] [LOG] [ChatTransport] onmessage triggered, has currentResponseHandler: true @ webpack-internal:///(app-pages-browser)/./lib/chat-transport.ts:41
[  183741ms] [LOG] [ChatTransport] responseHandler called, data: {"type":"delta","content":"体验","error":null,"message_id":"31a5cbb5-23e0-4c90-9e2f-e37b9b6cfae5","conversation_id":null,"itinerary":null,"stage":null} @ webpack-internal:///(app-pages-browser)/./lib/chat-transport.ts:137
[  183754ms] [LOG] [ChatTransport] onmessage triggered, has currentResponseHandler: true @ webpack-internal:///(app-pages-browser)/./lib/chat-transport.ts:41
[  183754ms] [LOG] [ChatTransport] responseHandler called, data: {"type":"delta","content":"区","error":null,"message_id":"31a5cbb5-23e0-4c90-9e2f-e37b9b6cfae5","conversation_id":null,"itinerary":null,"stage":null} @ webpack-internal:///(app-pages-browser)/./lib/chat-transport.ts:137
[  183795ms] [LOG] [ChatTransport] onmessage triggered, has currentResponseHandler: true @ webpack-internal:///(app-pages-browser)/./lib/chat-transport.ts:41
[  183796ms] [LOG] [ChatTransport] responseHandler called, data: {"type":"delta","content":"，","error":null,"message_id":"31a5cbb5-23e0-4c90-9e2f-e37b9b6cfae5","conversation_id":null,"itinerary":null,"stage":null} @ webpack-internal:///(app-pages-browser)/./lib/chat-transport.ts:137
[  183798ms] [LOG] [ChatTransport] onmessage triggered, has currentResponseHandler: true @ webpack-internal:///(app-pages-browser)/./lib/chat-transport.ts:41
[  183798ms] [LOG] [ChatTransport] responseHandler called, data: {"type":"delta","content":"传统","error":null,"message_id":"31a5cbb5-23e0-4c90-9e2f-e37b9b6cfae5","conversation_id":null,"itinerary":null,"stage":null} @ webpack-internal:///(app-pages-browser)/./lib/chat-transport.ts:137
[  183856ms] [LOG] [ChatTransport] onmessage triggered, has currentResponseHandler: true @ webpack-internal:///(app-pages-browser)/./lib/chat-transport.ts:41
[  183857ms] [LOG] [ChatTransport] responseHandler called, data: {"type":"delta","content":"与现代","error":null,"message_id":"31a5cbb5-23e0-4c90-9e2f-e37b9b6cfae5","conversation_id":null,"itinerary":null,"stage":null} @ webpack-internal:///(app-pages-browser)/./lib/chat-transport.ts:137
[  183860ms] [LOG] [ChatTransport] onmessage triggered, has currentResponseHandler: true @ webpack-internal:///(app-pages-browser)/./lib/chat-transport.ts:41
[  183860ms] [LOG] [ChatTransport] responseHandler called, data: {"type":"delta","content":"结合","error":null,"message_id":"31a5cbb5-23e0-4c90-9e2f-e37b9b6cfae5","conversation_id":null,"itinerary":null,"stage":null} @ webpack-internal:///(app-pages-browser)/./lib/chat-transport.ts:137
[  183914ms] [LOG] [ChatTransport] onmessage triggered, has currentResponseHandler: true @ webpack-internal:///(app-pages-browser)/./lib/chat-transport.ts:41
[  183914ms] [LOG] [ChatTransport] responseHandler called, data: {"type":"delta","content":"\n\n","error":null,"message_id":"31a5cbb5-23e0-4c90-9e2f-e37b9b6cfae5","conversation_id":null,"itinerary":null,"stage":null} @ webpack-internal:///(app-pages-browser)/./lib/chat-transport.ts:137
[  183915ms] [LOG] [ChatTransport] onmessage triggered, has currentResponseHandler: true @ webpack-internal:///(app-pages-browser)/./lib/chat-transport.ts:41
[  183915ms] [LOG] [ChatTransport] responseHandler called, data: {"type":"delta","content":"**","error":null,"message_id":"31a5cbb5-23e0-4c90-9e2f-e37b9b6cfae5","conversation_id":null,"itinerary":null,"stage":null} @ webpack-internal:///(app-pages-browser)/./lib/chat-transport.ts:137
[  183984ms] [LOG] [ChatTransport] onmessage triggered, has currentResponseHandler: true @ webpack-internal:///(app-pages-browser)/./lib/chat-transport.ts:41
[  183984ms] [LOG] [ChatTransport] responseHandler called, data: {"type":"delta","content":"建议","error":null,"message_id":"31a5cbb5-23e0-4c90-9e2f-e37b9b6cfae5","conversation_id":null,"itinerary":null,"stage":null} @ webpack-internal:///(app-pages-browser)/./lib/chat-transport.ts:137
[  183986ms] [LOG] [ChatTransport] onmessage triggered, has currentResponseHandler: true @ webpack-internal:///(app-pages-browser)/./lib/chat-transport.ts:41
[  183986ms] [LOG] [ChatTransport] responseHandler called, data: {"type":"delta","content":"游览","error":null,"message_id":"31a5cbb5-23e0-4c90-9e2f-e37b9b6cfae5","conversation_id":null,"itinerary":null,"stage":null} @ webpack-internal:///(app-pages-browser)/./lib/chat-transport.ts:137
[  184037ms] [LOG] [ChatTransport] onmessage triggered, has currentResponseHandler: true @ webpack-internal:///(app-pages-browser)/./lib/chat-transport.ts:41
[  184037ms] [LOG] [ChatTransport] responseHandler called, data: {"type":"delta","content":"路线","error":null,"message_id":"31a5cbb5-23e0-4c90-9e2f-e37b9b6cfae5","conversation_id":null,"itinerary":null,"stage":null} @ webpack-internal:///(app-pages-browser)/./lib/chat-transport.ts:137
[  184039ms] [LOG] [ChatTransport] onmessage triggered, has currentResponseHandler: true @ webpack-internal:///(app-pages-browser)/./lib/chat-transport.ts:41
[  184040ms] [LOG] [ChatTransport] responseHandler called, data: {"type":"delta","content":"：","error":null,"message_id":"31a5cbb5-23e0-4c90-9e2f-e37b9b6cfae5","conversation_id":null,"itinerary":null,"stage":null} @ webpack-internal:///(app-pages-browser)/./lib/chat-transport.ts:137
[  184313ms] [LOG] [ChatTransport] onmessage triggered, has currentResponseHandler: true @ webpack-internal:///(app-pages-browser)/./lib/chat-transport.ts:41
[  184313ms] [LOG] [ChatTransport] responseHandler called, data: {"type":"delta","content":"**\n","error":null,"message_id":"31a5cbb5-23e0-4c90-9e2f-e37b9b6cfae5","conversation_id":null,"itinerary":null,"stage":null} @ webpack-internal:///(app-pages-browser)/./lib/chat-transport.ts:137
[  184317ms] [LOG] [ChatTransport] onmessage triggered, has currentResponseHandler: true @ webpack-internal:///(app-pages-browser)/./lib/chat-transport.ts:41
[  184317ms] [LOG] [ChatTransport] responseHandler called, data: {"type":"delta","content":"-","error":null,"message_id":"31a5cbb5-23e0-4c90-9e2f-e37b9b6cfae5","conversation_id":null,"itinerary":null,"stage":null} @ webpack-internal:///(app-pages-browser)/./lib/chat-transport.ts:137
[  184317ms] [LOG] [ChatTransport] onmessage triggered, has currentResponseHandler: true @ webpack-internal:///(app-pages-browser)/./lib/chat-transport.ts:41
[  184317ms] [LOG] [ChatTransport] responseHandler called, data: {"type":"delta","content":" **","error":null,"message_id":"31a5cbb5-23e0-4c90-9e2f-e37b9b6cfae5","conversation_id":null,"itinerary":null,"stage":null} @ webpack-internal:///(app-pages-browser)/./lib/chat-transport.ts:137
[  184321ms] [LOG] [ChatTransport] onmessage triggered, has currentResponseHandler: true @ webpack-internal:///(app-pages-browser)/./lib/chat-transport.ts:41
[  184321ms] [LOG] [ChatTransport] responseHandler called, data: {"type":"delta","content":"历史文化","error":null,"message_id":"31a5cbb5-23e0-4c90-9e2f-e37b9b6cfae5","conversation_id":null,"itinerary":null,"stage":null} @ webpack-internal:///(app-pages-browser)/./lib/chat-transport.ts:137
[  184321ms] [LOG] [ChatTransport] onmessage triggered, has currentResponseHandler: true @ webpack-internal:///(app-pages-browser)/./lib/chat-transport.ts:41
[  184321ms] [LOG] [ChatTransport] responseHandler called, data: {"type":"delta","content":"线","error":null,"message_id":"31a5cbb5-23e0-4c90-9e2f-e37b9b6cfae5","conversation_id":null,"itinerary":null,"stage":null} @ webpack-internal:///(app-pages-browser)/./lib/chat-transport.ts:137
[  184321ms] [LOG] [ChatTransport] onmessage triggered, has currentResponseHandler: true @ webpack-internal:///(app-pages-browser)/./lib/chat-transport.ts:41
[  184321ms] [LOG] [ChatTransport] responseHandler called, data: {"type":"delta","content":"**","error":null,"message_id":"31a5cbb5-23e0-4c90-9e2f-e37b9b6cfae5","conversation_id":null,"itinerary":null,"stage":null} @ webpack-internal:///(app-pages-browser)/./lib/chat-transport.ts:137
[  184321ms] [LOG] [ChatTransport] onmessage triggered, has currentResponseHandler: true @ webpack-internal:///(app-pages-browser)/./lib/chat-transport.ts:41
[  184321ms] [LOG] [ChatTransport] responseHandler called, data: {"type":"delta","content":"：","error":null,"message_id":"31a5cbb5-23e0-4c90-9e2f-e37b9b6cfae5","conversation_id":null,"itinerary":null,"stage":null} @ webpack-internal:///(app-pages-browser)/./lib/chat-transport.ts:137
[  184321ms] [LOG] [ChatTransport] onmessage triggered, has currentResponseHandler: true @ webpack-internal:///(app-pages-browser)/./lib/chat-transport.ts:41
[  184321ms] [LOG] [ChatTransport] responseHandler called, data: {"type":"delta","content":"中山","error":null,"message_id":"31a5cbb5-23e0-4c90-9e2f-e37b9b6cfae5","conversation_id":null,"itinerary":null,"stage":null} @ webpack-internal:///(app-pages-browser)/./lib/chat-transport.ts:137
[  184342ms] [LOG] [ChatTransport] onmessage triggered, has currentResponseHandler: true @ webpack-internal:///(app-pages-browser)/./lib/chat-transport.ts:41
[  184342ms] [LOG] [ChatTransport] responseHandler called, data: {"type":"delta","content":"纪念","error":null,"message_id":"31a5cbb5-23e0-4c90-9e2f-e37b9b6cfae5","conversation_id":null,"itinerary":null,"stage":null} @ webpack-internal:///(app-pages-browser)/./lib/chat-transport.ts:137
[  184344ms] [LOG] [ChatTransport] onmessage triggered, has currentResponseHandler: true @ webpack-internal:///(app-pages-browser)/./lib/chat-transport.ts:41
[  184344ms] [LOG] [ChatTransport] responseHandler called, data: {"type":"delta","content":"堂","error":null,"message_id":"31a5cbb5-23e0-4c90-9e2f-e37b9b6cfae5","conversation_id":null,"itinerary":null,"stage":null} @ webpack-internal:///(app-pages-browser)/./lib/chat-transport.ts:137
[  184398ms] [LOG] [ChatTransport] onmessage triggered, has currentResponseHandler: true @ webpack-internal:///(app-pages-browser)/./lib/chat-transport.ts:41
[  184398ms] [LOG] [ChatTransport] responseHandler called, data: {"type":"delta","content":" →","error":null,"message_id":"31a5cbb5-23e0-4c90-9e2f-e37b9b6cfae5","conversation_id":null,"itinerary":null,"stage":null} @ webpack-internal:///(app-pages-browser)/./lib/chat-transport.ts:137
[  184411ms] [LOG] [ChatTransport] onmessage triggered, has currentResponseHandler: true @ webpack-internal:///(app-pages-browser)/./lib/chat-transport.ts:41
[  184411ms] [LOG] [ChatTransport] responseHandler called, data: {"type":"delta","content":" ","error":null,"message_id":"31a5cbb5-23e0-4c90-9e2f-e37b9b6cfae5","conversation_id":null,"itinerary":null,"stage":null} @ webpack-internal:///(app-pages-browser)/./lib/chat-transport.ts:137
[  184461ms] [LOG] [ChatTransport] onmessage triggered, has currentResponseHandler: true @ webpack-internal:///(app-pages-browser)/./lib/chat-transport.ts:41
[  184461ms] [LOG] [ChatTransport] responseHandler called, data: {"type":"delta","content":"越","error":null,"message_id":"31a5cbb5-23e0-4c90-9e2f-e37b9b6cfae5","conversation_id":null,"itinerary":null,"stage":null} @ webpack-internal:///(app-pages-browser)/./lib/chat-transport.ts:137
[  184478ms] [LOG] [ChatTransport] onmessage triggered, has currentResponseHandler: true @ webpack-internal:///(app-pages-browser)/./lib/chat-transport.ts:41
[  184478ms] [LOG] [ChatTransport] responseHandler called, data: {"type":"delta","content":"秀","error":null,"message_id":"31a5cbb5-23e0-4c90-9e2f-e37b9b6cfae5","conversation_id":null,"itinerary":null,"stage":null} @ webpack-internal:///(app-pages-browser)/./lib/chat-transport.ts:137
[  184526ms] [LOG] [ChatTransport] onmessage triggered, has currentResponseHandler: true @ webpack-internal:///(app-pages-browser)/./lib/chat-transport.ts:41
[  184526ms] [LOG] [ChatTransport] responseHandler called, data: {"type":"delta","content":"公园","error":null,"message_id":"31a5cbb5-23e0-4c90-9e2f-e37b9b6cfae5","conversation_id":null,"itinerary":null,"stage":null} @ webpack-internal:///(app-pages-browser)/./lib/chat-transport.ts:137
[  184526ms] [LOG] [ChatTransport] onmessage triggered, has currentResponseHandler: true @ webpack-internal:///(app-pages-browser)/./lib/chat-transport.ts:41
[  184526ms] [LOG] [ChatTransport] responseHandler called, data: {"type":"delta","content":" →","error":null,"message_id":"31a5cbb5-23e0-4c90-9e2f-e37b9b6cfae5","conversation_id":null,"itinerary":null,"stage":null} @ webpack-internal:///(app-pages-browser)/./lib/chat-transport.ts:137
[  184632ms] [LOG] [ChatTransport] onmessage triggered, has currentResponseHandler: true @ webpack-internal:///(app-pages-browser)/./lib/chat-transport.ts:41
[  184632ms] [LOG] [ChatTransport] responseHandler called, data: {"type":"delta","content":" ","error":null,"message_id":"31a5cbb5-23e0-4c90-9e2f-e37b9b6cfae5","conversation_id":null,"itinerary":null,"stage":null} @ webpack-internal:///(app-pages-browser)/./lib/chat-transport.ts:137
[  184646ms] [LOG] [ChatTransport] onmessage triggered, has currentResponseHandler: true @ webpack-internal:///(app-pages-browser)/./lib/chat-transport.ts:41
[  184646ms] [LOG] [ChatTransport] responseHandler called, data: {"type":"delta","content":"南","error":null,"message_id":"31a5cbb5-23e0-4c90-9e2f-e37b9b6cfae5","conversation_id":null,"itinerary":null,"stage":null} @ webpack-internal:///(app-pages-browser)/./lib/chat-transport.ts:137
[  184653ms] [LOG] [ChatTransport] onmessage triggered, has currentResponseHandler: true @ webpack-internal:///(app-pages-browser)/./lib/chat-transport.ts:41
[  184653ms] [LOG] [ChatTransport] responseHandler called, data: {"type":"delta","content":"越","error":null,"message_id":"31a5cbb5-23e0-4c90-9e2f-e37b9b6cfae5","conversation_id":null,"itinerary":null,"stage":null} @ webpack-internal:///(app-pages-browser)/./lib/chat-transport.ts:137
[  184661ms] [LOG] [ChatTransport] onmessage triggered, has currentResponseHandler: true @ webpack-internal:///(app-pages-browser)/./lib/chat-transport.ts:41
[  184661ms] [LOG] [ChatTransport] responseHandler called, data: {"type":"delta","content":"王","error":null,"message_id":"31a5cbb5-23e0-4c90-9e2f-e37b9b6cfae5","conversation_id":null,"itinerary":null,"stage":null} @ webpack-internal:///(app-pages-browser)/./lib/chat-transport.ts:137
[  184705ms] [LOG] [ChatTransport] onmessage triggered, has currentResponseHandler: true @ webpack-internal:///(app-pages-browser)/./lib/chat-transport.ts:41
[  184705ms] [LOG] [ChatTransport] responseHandler called, data: {"type":"delta","content":"博物院","error":null,"message_id":"31a5cbb5-23e0-4c90-9e2f-e37b9b6cfae5","conversation_id":null,"itinerary":null,"stage":null} @ webpack-internal:///(app-pages-browser)/./lib/chat-transport.ts:137
[  184717ms] [LOG] [ChatTransport] onmessage triggered, has currentResponseHandler: true @ webpack-internal:///(app-pages-browser)/./lib/chat-transport.ts:41
[  184717ms] [LOG] [ChatTransport] responseHandler called, data: {"type":"delta","content":"\n","error":null,"message_id":"31a5cbb5-23e0-4c90-9e2f-e37b9b6cfae5","conversation_id":null,"itinerary":null,"stage":null} @ webpack-internal:///(app-pages-browser)/./lib/chat-transport.ts:137
[  184766ms] [LOG] [ChatTransport] onmessage triggered, has currentResponseHandler: true @ webpack-internal:///(app-pages-browser)/./lib/chat-transport.ts:41
[  184766ms] [LOG] [ChatTransport] responseHandler called, data: {"type":"delta","content":"-","error":null,"message_id":"31a5cbb5-23e0-4c90-9e2f-e37b9b6cfae5","conversation_id":null,"itinerary":null,"stage":null} @ webpack-internal:///(app-pages-browser)/./lib/chat-transport.ts:137
[  184778ms] [LOG] [ChatTransport] onmessage triggered, has currentResponseHandler: true @ webpack-internal:///(app-pages-browser)/./lib/chat-transport.ts:41
[  184778ms] [LOG] [ChatTransport] responseHandler called, data: {"type":"delta","content":" **","error":null,"message_id":"31a5cbb5-23e0-4c90-9e2f-e37b9b6cfae5","conversation_id":null,"itinerary":null,"stage":null} @ webpack-internal:///(app-pages-browser)/./lib/chat-transport.ts:137
[  184827ms] [LOG] [ChatTransport] onmessage triggered, has currentResponseHandler: true @ webpack-internal:///(app-pages-browser)/./lib/chat-transport.ts:41
[  184828ms] [LOG] [ChatTransport] responseHandler called, data: {"type":"delta","content":"宗教","error":null,"message_id":"31a5cbb5-23e0-4c90-9e2f-e37b9b6cfae5","conversation_id":null,"itinerary":null,"stage":null} @ webpack-internal:///(app-pages-browser)/./lib/chat-transport.ts:137
[  184841ms] [LOG] [ChatTransport] onmessage triggered, has currentResponseHandler: true @ webpack-internal:///(app-pages-browser)/./lib/chat-transport.ts:41
[  184841ms] [LOG] [ChatTransport] responseHandler called, data: {"type":"delta","content":"文化","error":null,"message_id":"31a5cbb5-23e0-4c90-9e2f-e37b9b6cfae5","conversation_id":null,"itinerary":null,"stage":null} @ webpack-internal:///(app-pages-browser)/./lib/chat-transport.ts:137
[  184898ms] [LOG] [ChatTransport] onmessage triggered, has currentResponseHandler: true @ webpack-internal:///(app-pages-browser)/./lib/chat-transport.ts:41
[  184899ms] [LOG] [ChatTransport] responseHandler called, data: {"type":"delta","content":"线","error":null,"message_id":"31a5cbb5-23e0-4c90-9e2f-e37b9b6cfae5","conversation_id":null,"itinerary":null,"stage":null} @ webpack-internal:///(app-pages-browser)/./lib/chat-transport.ts:137
[  184911ms] [LOG] [ChatTransport] onmessage triggered, has currentResponseHandler: true @ webpack-internal:///(app-pages-browser)/./lib/chat-transport.ts:41
[  184911ms] [LOG] [ChatTransport] responseHandler called, data: {"type":"delta","content":"**","error":null,"message_id":"31a5cbb5-23e0-4c90-9e2f-e37b9b6cfae5","conversation_id":null,"itinerary":null,"stage":null} @ webpack-internal:///(app-pages-browser)/./lib/chat-transport.ts:137
[  185104ms] [LOG] [ChatTransport] onmessage triggered, has currentResponseHandler: true @ webpack-internal:///(app-pages-browser)/./lib/chat-transport.ts:41
[  185104ms] [LOG] [ChatTransport] responseHandler called, data: {"type":"delta","content":"：","error":null,"message_id":"31a5cbb5-23e0-4c90-9e2f-e37b9b6cfae5","conversation_id":null,"itinerary":null,"stage":null} @ webpack-internal:///(app-pages-browser)/./lib/chat-transport.ts:137
[  185104ms] [LOG] [ChatTransport] onmessage triggered, has currentResponseHandler: true @ webpack-internal:///(app-pages-browser)/./lib/chat-transport.ts:41
[  185104ms] [LOG] [ChatTransport] responseHandler called, data: {"type":"delta","content":"光","error":null,"message_id":"31a5cbb5-23e0-4c90-9e2f-e37b9b6cfae5","conversation_id":null,"itinerary":null,"stage":null} @ webpack-internal:///(app-pages-browser)/./lib/chat-transport.ts:137
[  185108ms] [LOG] [ChatTransport] onmessage triggered, has currentResponseHandler: true @ webpack-internal:///(app-pages-browser)/./lib/chat-transport.ts:41
[  185108ms] [LOG] [ChatTransport] responseHandler called, data: {"type":"delta","content":"孝","error":null,"message_id":"31a5cbb5-23e0-4c90-9e2f-e37b9b6cfae5","conversation_id":null,"itinerary":null,"stage":null} @ webpack-internal:///(app-pages-browser)/./lib/chat-transport.ts:137
[  185111ms] [LOG] [ChatTransport] onmessage triggered, has currentResponseHandler: true @ webpack-internal:///(app-pages-browser)/./lib/chat-transport.ts:41
[  185111ms] [LOG] [ChatTransport] responseHandler called, data: {"type":"delta","content":"寺","error":null,"message_id":"31a5cbb5-23e0-4c90-9e2f-e37b9b6cfae5","conversation_id":null,"itinerary":null,"stage":null} @ webpack-internal:///(app-pages-browser)/./lib/chat-transport.ts:137
[  185203ms] [LOG] [ChatTransport] onmessage triggered, has currentResponseHandler: true @ webpack-internal:///(app-pages-browser)/./lib/chat-transport.ts:41
[  185203ms] [LOG] [ChatTransport] responseHandler called, data: {"type":"delta","content":" →","error":null,"message_id":"31a5cbb5-23e0-4c90-9e2f-e37b9b6cfae5","conversation_id":null,"itinerary":null,"stage":null} @ webpack-internal:///(app-pages-browser)/./lib/chat-transport.ts:137
[  185204ms] [LOG] [ChatTransport] onmessage triggered, has currentResponseHandler: true @ webpack-internal:///(app-pages-browser)/./lib/chat-transport.ts:41
[  185204ms] [LOG] [ChatTransport] responseHandler called, data: {"type":"delta","content":" ","error":null,"message_id":"31a5cbb5-23e0-4c90-9e2f-e37b9b6cfae5","conversation_id":null,"itinerary":null,"stage":null} @ webpack-internal:///(app-pages-browser)/./lib/chat-transport.ts:137
[  185209ms] [LOG] [ChatTransport] onmessage triggered, has currentResponseHandler: true @ webpack-internal:///(app-pages-browser)/./lib/chat-transport.ts:41
[  185209ms] [LOG] [ChatTransport] responseHandler called, data: {"type":"delta","content":"六","error":null,"message_id":"31a5cbb5-23e0-4c90-9e2f-e37b9b6cfae5","conversation_id":null,"itinerary":null,"stage":null} @ webpack-internal:///(app-pages-browser)/./lib/chat-transport.ts:137
[  185213ms] [LOG] [ChatTransport] onmessage triggered, has currentResponseHandler: true @ webpack-internal:///(app-pages-browser)/./lib/chat-transport.ts:41
[  185213ms] [LOG] [ChatTransport] responseHandler called, data: {"type":"delta","content":"榕","error":null,"message_id":"31a5cbb5-23e0-4c90-9e2f-e37b9b6cfae5","conversation_id":null,"itinerary":null,"stage":null} @ webpack-internal:///(app-pages-browser)/./lib/chat-transport.ts:137
[  185216ms] [LOG] [ChatTransport] onmessage triggered, has currentResponseHandler: true @ webpack-internal:///(app-pages-browser)/./lib/chat-transport.ts:41
[  185216ms] [LOG] [ChatTransport] responseHandler called, data: {"type":"delta","content":"寺","error":null,"message_id":"31a5cbb5-23e0-4c90-9e2f-e37b9b6cfae5","conversation_id":null,"itinerary":null,"stage":null} @ webpack-internal:///(app-pages-browser)/./lib/chat-transport.ts:137
[  185216ms] [LOG] [ChatTransport] onmessage triggered, has currentResponseHandler: true @ webpack-internal:///(app-pages-browser)/./lib/chat-transport.ts:41
[  185216ms] [LOG] [ChatTransport] responseHandler called, data: {"type":"delta","content":" →","error":null,"message_id":"31a5cbb5-23e0-4c90-9e2f-e37b9b6cfae5","conversation_id":null,"itinerary":null,"stage":null} @ webpack-internal:///(app-pages-browser)/./lib/chat-transport.ts:137
[  185259ms] [LOG] [ChatTransport] onmessage triggered, has currentResponseHandler: true @ webpack-internal:///(app-pages-browser)/./lib/chat-transport.ts:41
[  185259ms] [LOG] [ChatTransport] responseHandler called, data: {"type":"delta","content":" ","error":null,"message_id":"31a5cbb5-23e0-4c90-9e2f-e37b9b6cfae5","conversation_id":null,"itinerary":null,"stage":null} @ webpack-internal:///(app-pages-browser)/./lib/chat-transport.ts:137
[  185262ms] [LOG] [ChatTransport] onmessage triggered, has currentResponseHandler: true @ webpack-internal:///(app-pages-browser)/./lib/chat-transport.ts:41
[  185262ms] [LOG] [ChatTransport] responseHandler called, data: {"type":"delta","content":"大","error":null,"message_id":"31a5cbb5-23e0-4c90-9e2f-e37b9b6cfae5","conversation_id":null,"itinerary":null,"stage":null} @ webpack-internal:///(app-pages-browser)/./lib/chat-transport.ts:137
[  185320ms] [LOG] [ChatTransport] onmessage triggered, has currentResponseHandler: true @ webpack-internal:///(app-pages-browser)/./lib/chat-transport.ts:41
[  185320ms] [LOG] [ChatTransport] responseHandler called, data: {"type":"delta","content":"佛","error":null,"message_id":"31a5cbb5-23e0-4c90-9e2f-e37b9b6cfae5","conversation_id":null,"itinerary":null,"stage":null} @ webpack-internal:///(app-pages-browser)/./lib/chat-transport.ts:137
[  185321ms] [LOG] [ChatTransport] onmessage triggered, has currentResponseHandler: true @ webpack-internal:///(app-pages-browser)/./lib/chat-transport.ts:41
[  185321ms] [LOG] [ChatTransport] responseHandler called, data: {"type":"delta","content":"寺","error":null,"message_id":"31a5cbb5-23e0-4c90-9e2f-e37b9b6cfae5","conversation_id":null,"itinerary":null,"stage":null} @ webpack-internal:///(app-pages-browser)/./lib/chat-transport.ts:137
[  185376ms] [LOG] [ChatTransport] onmessage triggered, has currentResponseHandler: true @ webpack-internal:///(app-pages-browser)/./lib/chat-transport.ts:41
[  185377ms] [LOG] [ChatTransport] responseHandler called, data: {"type":"delta","content":"\n","error":null,"message_id":"31a5cbb5-23e0-4c90-9e2f-e37b9b6cfae5","conversation_id":null,"itinerary":null,"stage":null} @ webpack-internal:///(app-pages-browser)/./lib/chat-transport.ts:137
[  185381ms] [LOG] [ChatTransport] onmessage triggered, has currentResponseHandler: true @ webpack-internal:///(app-pages-browser)/./lib/chat-transport.ts:41
[  185381ms] [LOG] [ChatTransport] responseHandler called, data: {"type":"delta","content":"-","error":null,"message_id":"31a5cbb5-23e0-4c90-9e2f-e37b9b6cfae5","conversation_id":null,"itinerary":null,"stage":null} @ webpack-internal:///(app-pages-browser)/./lib/chat-transport.ts:137
[  185430ms] [LOG] [ChatTransport] onmessage triggered, has currentResponseHandler: true @ webpack-internal:///(app-pages-browser)/./lib/chat-transport.ts:41
[  185430ms] [LOG] [ChatTransport] responseHandler called, data: {"type":"delta","content":" **","error":null,"message_id":"31a5cbb5-23e0-4c90-9e2f-e37b9b6cfae5","conversation_id":null,"itinerary":null,"stage":null} @ webpack-internal:///(app-pages-browser)/./lib/chat-transport.ts:137
[  185431ms] [LOG] [ChatTransport] onmessage triggered, has currentResponseHandler: true @ webpack-internal:///(app-pages-browser)/./lib/chat-transport.ts:41
[  185431ms] [LOG] [ChatTransport] responseHandler called, data: {"type":"delta","content":"特色","error":null,"message_id":"31a5cbb5-23e0-4c90-9e2f-e37b9b6cfae5","conversation_id":null,"itinerary":null,"stage":null} @ webpack-internal:///(app-pages-browser)/./lib/chat-transport.ts:137
[  185494ms] [LOG] [ChatTransport] onmessage triggered, has currentResponseHandler: true @ webpack-internal:///(app-pages-browser)/./lib/chat-transport.ts:41
[  185494ms] [LOG] [ChatTransport] responseHandler called, data: {"type":"delta","content":"街区","error":null,"message_id":"31a5cbb5-23e0-4c90-9e2f-e37b9b6cfae5","conversation_id":null,"itinerary":null,"stage":null} @ webpack-internal:///(app-pages-browser)/./lib/chat-transport.ts:137
[  185509ms] [LOG] [ChatTransport] onmessage triggered, has currentResponseHandler: true @ webpack-internal:///(app-pages-browser)/./lib/chat-transport.ts:41
[  185509ms] [LOG] [ChatTransport] responseHandler called, data: {"type":"delta","content":"线","error":null,"message_id":"31a5cbb5-23e0-4c90-9e2f-e37b9b6cfae5","conversation_id":null,"itinerary":null,"stage":null} @ webpack-internal:///(app-pages-browser)/./lib/chat-transport.ts:137
[  185562ms] [LOG] [ChatTransport] onmessage triggered, has currentResponseHandler: true @ webpack-internal:///(app-pages-browser)/./lib/chat-transport.ts:41
[  185562ms] [LOG] [ChatTransport] responseHandler called, data: {"type":"delta","content":"**","error":null,"message_id":"31a5cbb5-23e0-4c90-9e2f-e37b9b6cfae5","conversation_id":null,"itinerary":null,"stage":null} @ webpack-internal:///(app-pages-browser)/./lib/chat-transport.ts:137
[  185573ms] [LOG] [ChatTransport] onmessage triggered, has currentResponseHandler: true @ webpack-internal:///(app-pages-browser)/./lib/chat-transport.ts:41
[  185573ms] [LOG] [ChatTransport] responseHandler called, data: {"type":"delta","content":"：","error":null,"message_id":"31a5cbb5-23e0-4c90-9e2f-e37b9b6cfae5","conversation_id":null,"itinerary":null,"stage":null} @ webpack-internal:///(app-pages-browser)/./lib/chat-transport.ts:137
[  185617ms] [LOG] [ChatTransport] onmessage triggered, has currentResponseHandler: true @ webpack-internal:///(app-pages-browser)/./lib/chat-transport.ts:41
[  185618ms] [LOG] [ChatTransport] responseHandler called, data: {"type":"delta","content":"陈家","error":null,"message_id":"31a5cbb5-23e0-4c90-9e2f-e37b9b6cfae5","conversation_id":null,"itinerary":null,"stage":null} @ webpack-internal:///(app-pages-browser)/./lib/chat-transport.ts:137
[  185631ms] [LOG] [ChatTransport] onmessage triggered, has currentResponseHandler: true @ webpack-internal:///(app-pages-browser)/./lib/chat-transport.ts:41
[  185631ms] [LOG] [ChatTransport] responseHandler called, data: {"type":"delta","content":"祠堂","error":null,"message_id":"31a5cbb5-23e0-4c90-9e2f-e37b9b6cfae5","conversation_id":null,"itinerary":null,"stage":null} @ webpack-internal:///(app-pages-browser)/./lib/chat-transport.ts:137
[  185675ms] [LOG] [ChatTransport] onmessage triggered, has currentResponseHandler: true @ webpack-internal:///(app-pages-browser)/./lib/chat-transport.ts:41
[  185675ms] [LOG] [ChatTransport] responseHandler called, data: {"type":"delta","content":" →","error":null,"message_id":"31a5cbb5-23e0-4c90-9e2f-e37b9b6cfae5","conversation_id":null,"itinerary":null,"stage":null} @ webpack-internal:///(app-pages-browser)/./lib/chat-transport.ts:137
[  185675ms] [LOG] [ChatTransport] onmessage triggered, has currentResponseHandler: true @ webpack-internal:///(app-pages-browser)/./lib/chat-transport.ts:41
[  185676ms] [LOG] [ChatTransport] responseHandler called, data: {"type":"delta","content":" ","error":null,"message_id":"31a5cbb5-23e0-4c90-9e2f-e37b9b6cfae5","conversation_id":null,"itinerary":null,"stage":null} @ webpack-internal:///(app-pages-browser)/./lib/chat-transport.ts:137
[  185919ms] [LOG] [ChatTransport] onmessage triggered, has currentResponseHandler: true @ webpack-internal:///(app-pages-browser)/./lib/chat-transport.ts:41
[  185919ms] [LOG] [ChatTransport] responseHandler called, data: {"type":"delta","content":"永","error":null,"message_id":"31a5cbb5-23e0-4c90-9e2f-e37b9b6cfae5","conversation_id":null,"itinerary":null,"stage":null} @ webpack-internal:///(app-pages-browser)/./lib/chat-transport.ts:137
[  185929ms] [LOG] [ChatTransport] onmessage triggered, has currentResponseHandler: true @ webpack-internal:///(app-pages-browser)/./lib/chat-transport.ts:41
[  185929ms] [LOG] [ChatTransport] responseHandler called, data: {"type":"delta","content":"庆","error":null,"message_id":"31a5cbb5-23e0-4c90-9e2f-e37b9b6cfae5","conversation_id":null,"itinerary":null,"stage":null} @ webpack-internal:///(app-pages-browser)/./lib/chat-transport.ts:137
[  185938ms] [LOG] [ChatTransport] onmessage triggered, has currentResponseHandler: true @ webpack-internal:///(app-pages-browser)/./lib/chat-transport.ts:41
[  185938ms] [LOG] [ChatTransport] responseHandler called, data: {"type":"delta","content":"坊","error":null,"message_id":"31a5cbb5-23e0-4c90-9e2f-e37b9b6cfae5","conversation_id":null,"itinerary":null,"stage":null} @ webpack-internal:///(app-pages-browser)/./lib/chat-transport.ts:137
[  185947ms] [LOG] [ChatTransport] onmessage triggered, has currentResponseHandler: true @ webpack-internal:///(app-pages-browser)/./lib/chat-transport.ts:41
[  185947ms] [LOG] [ChatTransport] responseHandler called, data: {"type":"delta","content":" →","error":null,"message_id":"31a5cbb5-23e0-4c90-9e2f-e37b9b6cfae5","conversation_id":null,"itinerary":null,"stage":null} @ webpack-internal:///(app-pages-browser)/./lib/chat-transport.ts:137
[  185947ms] [LOG] [ChatTransport] onmessage triggered, has currentResponseHandler: true @ webpack-internal:///(app-pages-browser)/./lib/chat-transport.ts:41
[  185947ms] [LOG] [ChatTransport] responseHandler called, data: {"type":"delta","content":" ","error":null,"message_id":"31a5cbb5-23e0-4c90-9e2f-e37b9b6cfae5","conversation_id":null,"itinerary":null,"stage":null} @ webpack-internal:///(app-pages-browser)/./lib/chat-transport.ts:137
[  185947ms] [LOG] [ChatTransport] onmessage triggered, has currentResponseHandler: true @ webpack-internal:///(app-pages-browser)/./lib/chat-transport.ts:41
[  185947ms] [LOG] [ChatTransport] responseHandler called, data: {"type":"delta","content":"沙","error":null,"message_id":"31a5cbb5-23e0-4c90-9e2f-e37b9b6cfae5","conversation_id":null,"itinerary":null,"stage":null} @ webpack-internal:///(app-pages-browser)/./lib/chat-transport.ts:137
[  185966ms] [LOG] [ChatTransport] onmessage triggered, has currentResponseHandler: true @ webpack-internal:///(app-pages-browser)/./lib/chat-transport.ts:41
[  185966ms] [LOG] [ChatTransport] responseHandler called, data: {"type":"delta","content":"面","error":null,"message_id":"31a5cbb5-23e0-4c90-9e2f-e37b9b6cfae5","conversation_id":null,"itinerary":null,"stage":null} @ webpack-internal:///(app-pages-browser)/./lib/chat-transport.ts:137
[  185973ms] [LOG] [ChatTransport] onmessage triggered, has currentResponseHandler: true @ webpack-internal:///(app-pages-browser)/./lib/chat-transport.ts:41
[  185973ms] [LOG] [ChatTransport] responseHandler called, data: {"type":"delta","content":"岛","error":null,"message_id":"31a5cbb5-23e0-4c90-9e2f-e37b9b6cfae5","conversation_id":null,"itinerary":null,"stage":null} @ webpack-internal:///(app-pages-browser)/./lib/chat-transport.ts:137
[  185981ms] [LOG] [ChatTransport] onmessage triggered, has currentResponseHandler: true @ webpack-internal:///(app-pages-browser)/./lib/chat-transport.ts:41
[  185981ms] [LOG] [ChatTransport] responseHandler called, data: {"type":"delta","content":"\n","error":null,"message_id":"31a5cbb5-23e0-4c90-9e2f-e37b9b6cfae5","conversation_id":null,"itinerary":null,"stage":null} @ webpack-internal:///(app-pages-browser)/./lib/chat-transport.ts:137
[  186049ms] [LOG] [ChatTransport] onmessage triggered, has currentResponseHandler: true @ webpack-internal:///(app-pages-browser)/./lib/chat-transport.ts:41
[  186049ms] [LOG] [ChatTransport] responseHandler called, data: {"type":"delta","content":"-","error":null,"message_id":"31a5cbb5-23e0-4c90-9e2f-e37b9b6cfae5","conversation_id":null,"itinerary":null,"stage":null} @ webpack-internal:///(app-pages-browser)/./lib/chat-transport.ts:137
[  186057ms] [LOG] [ChatTransport] onmessage triggered, has currentResponseHandler: true @ webpack-internal:///(app-pages-browser)/./lib/chat-transport.ts:41
[  186057ms] [LOG] [ChatTransport] responseHandler called, data: {"type":"delta","content":" **","error":null,"message_id":"31a5cbb5-23e0-4c90-9e2f-e37b9b6cfae5","conversation_id":null,"itinerary":null,"stage":null} @ webpack-internal:///(app-pages-browser)/./lib/chat-transport.ts:137
[  186121ms] [LOG] [ChatTransport] onmessage triggered, has currentResponseHandler: true @ webpack-internal:///(app-pages-browser)/./lib/chat-transport.ts:41
[  186121ms] [LOG] [ChatTransport] responseHandler called, data: {"type":"delta","content":"商业","error":null,"message_id":"31a5cbb5-23e0-4c90-9e2f-e37b9b6cfae5","conversation_id":null,"itinerary":null,"stage":null} @ webpack-internal:///(app-pages-browser)/./lib/chat-transport.ts:137
[  186126ms] [LOG] [ChatTransport] onmessage triggered, has currentResponseHandler: true @ webpack-internal:///(app-pages-browser)/./lib/chat-transport.ts:41
[  186126ms] [LOG] [ChatTransport] responseHandler called, data: {"type":"delta","content":"文化","error":null,"message_id":"31a5cbb5-23e0-4c90-9e2f-e37b9b6cfae5","conversation_id":null,"itinerary":null,"stage":null} @ webpack-internal:///(app-pages-browser)/./lib/chat-transport.ts:137
[  186150ms] [LOG] [ChatTransport] onmessage triggered, has currentResponseHandler: true @ webpack-internal:///(app-pages-browser)/./lib/chat-transport.ts:41
[  186150ms] [LOG] [ChatTransport] responseHandler called, data: {"type":"delta","content":"线","error":null,"message_id":"31a5cbb5-23e0-4c90-9e2f-e37b9b6cfae5","conversation_id":null,"itinerary":null,"stage":null} @ webpack-internal:///(app-pages-browser)/./lib/chat-transport.ts:137
[  186152ms] [LOG] [ChatTransport] onmessage triggered, has currentResponseHandler: true @ webpack-internal:///(app-pages-browser)/./lib/chat-transport.ts:41
[  186152ms] [LOG] [ChatTransport] responseHandler called, data: {"type":"delta","content":"**","error":null,"message_id":"31a5cbb5-23e0-4c90-9e2f-e37b9b6cfae5","conversation_id":null,"itinerary":null,"stage":null} @ webpack-internal:///(app-pages-browser)/./lib/chat-transport.ts:137
[  186209ms] [LOG] [ChatTransport] onmessage triggered, has currentResponseHandler: true @ webpack-internal:///(app-pages-browser)/./lib/chat-transport.ts:41
[  186210ms] [LOG] [ChatTransport] responseHandler called, data: {"type":"delta","content":"：","error":null,"message_id":"31a5cbb5-23e0-4c90-9e2f-e37b9b6cfae5","conversation_id":null,"itinerary":null,"stage":null} @ webpack-internal:///(app-pages-browser)/./lib/chat-transport.ts:137
[  186210ms] [LOG] [ChatTransport] onmessage triggered, has currentResponseHandler: true @ webpack-internal:///(app-pages-browser)/./lib/chat-transport.ts:41
[  186210ms] [LOG] [ChatTransport] responseHandler called, data: {"type":"delta","content":"北京","error":null,"message_id":"31a5cbb5-23e0-4c90-9e2f-e37b9b6cfae5","conversation_id":null,"itinerary":null,"stage":null} @ webpack-internal:///(app-pages-browser)/./lib/chat-transport.ts:137
[  186405ms] [LOG] [ChatTransport] onmessage triggered, has currentResponseHandler: true @ webpack-internal:///(app-pages-browser)/./lib/chat-transport.ts:41
[  186405ms] [LOG] [ChatTransport] responseHandler called, data: {"type":"delta","content":"路","error":null,"message_id":"31a5cbb5-23e0-4c90-9e2f-e37b9b6cfae5","conversation_id":null,"itinerary":null,"stage":null} @ webpack-internal:///(app-pages-browser)/./lib/chat-transport.ts:137
[  186410ms] [LOG] [ChatTransport] onmessage triggered, has currentResponseHandler: true @ webpack-internal:///(app-pages-browser)/./lib/chat-transport.ts:41
[  186410ms] [LOG] [ChatTransport] responseHandler called, data: {"type":"delta","content":"步行","error":null,"message_id":"31a5cbb5-23e0-4c90-9e2f-e37b9b6cfae5","conversation_id":null,"itinerary":null,"stage":null} @ webpack-internal:///(app-pages-browser)/./lib/chat-transport.ts:137
[  186414ms] [LOG] [ChatTransport] onmessage triggered, has currentResponseHandler: true @ webpack-internal:///(app-pages-browser)/./lib/chat-transport.ts:41
[  186415ms] [LOG] [ChatTransport] responseHandler called, data: {"type":"delta","content":"街","error":null,"message_id":"31a5cbb5-23e0-4c90-9e2f-e37b9b6cfae5","conversation_id":null,"itinerary":null,"stage":null} @ webpack-internal:///(app-pages-browser)/./lib/chat-transport.ts:137
[  186415ms] [LOG] [ChatTransport] onmessage triggered, has currentResponseHandler: true @ webpack-internal:///(app-pages-browser)/./lib/chat-transport.ts:41
[  186415ms] [LOG] [ChatTransport] responseHandler called, data: {"type":"delta","content":" →","error":null,"message_id":"31a5cbb5-23e0-4c90-9e2f-e37b9b6cfae5","conversation_id":null,"itinerary":null,"stage":null} @ webpack-internal:///(app-pages-browser)/./lib/chat-transport.ts:137
[  186415ms] [LOG] [ChatTransport] onmessage triggered, has currentResponseHandler: true @ webpack-internal:///(app-pages-browser)/./lib/chat-transport.ts:41
[  186415ms] [LOG] [ChatTransport] responseHandler called, data: {"type":"delta","content":" ","error":null,"message_id":"31a5cbb5-23e0-4c90-9e2f-e37b9b6cfae5","conversation_id":null,"itinerary":null,"stage":null} @ webpack-internal:///(app-pages-browser)/./lib/chat-transport.ts:137
[  186415ms] [LOG] [ChatTransport] onmessage triggered, has currentResponseHandler: true @ webpack-internal:///(app-pages-browser)/./lib/chat-transport.ts:41
[  186415ms] [LOG] [ChatTransport] responseHandler called, data: {"type":"delta","content":"北京","error":null,"message_id":"31a5cbb5-23e0-4c90-9e2f-e37b9b6cfae5","conversation_id":null,"itinerary":null,"stage":null} @ webpack-internal:///(app-pages-browser)/./lib/chat-transport.ts:137
[  186460ms] [LOG] [ChatTransport] onmessage triggered, has currentResponseHandler: true @ webpack-internal:///(app-pages-browser)/./lib/chat-transport.ts:41
[  186461ms] [LOG] [ChatTransport] responseHandler called, data: {"type":"delta","content":"路","error":null,"message_id":"31a5cbb5-23e0-4c90-9e2f-e37b9b6cfae5","conversation_id":null,"itinerary":null,"stage":null} @ webpack-internal:///(app-pages-browser)/./lib/chat-transport.ts:137
[  186475ms] [LOG] [ChatTransport] onmessage triggered, has currentResponseHandler: true @ webpack-internal:///(app-pages-browser)/./lib/chat-transport.ts:41
[  186475ms] [LOG] [ChatTransport] responseHandler called, data: {"type":"delta","content":"文化旅游","error":null,"message_id":"31a5cbb5-23e0-4c90-9e2f-e37b9b6cfae5","conversation_id":null,"itinerary":null,"stage":null} @ webpack-internal:///(app-pages-browser)/./lib/chat-transport.ts:137
[  186522ms] [LOG] [ChatTransport] onmessage triggered, has currentResponseHandler: true @ webpack-internal:///(app-pages-browser)/./lib/chat-transport.ts:41
[  186522ms] [LOG] [ChatTransport] responseHandler called, data: {"type":"delta","content":"区","error":null,"message_id":"31a5cbb5-23e0-4c90-9e2f-e37b9b6cfae5","conversation_id":null,"itinerary":null,"stage":null} @ webpack-internal:///(app-pages-browser)/./lib/chat-transport.ts:137
[  186535ms] [LOG] [ChatTransport] onmessage triggered, has currentResponseHandler: true @ webpack-internal:///(app-pages-browser)/./lib/chat-transport.ts:41
[  186535ms] [LOG] [ChatTransport] responseHandler called, data: {"type":"delta","content":"\n\n","error":null,"message_id":"31a5cbb5-23e0-4c90-9e2f-e37b9b6cfae5","conversation_id":null,"itinerary":null,"stage":null} @ webpack-internal:///(app-pages-browser)/./lib/chat-transport.ts:137
[  186579ms] [LOG] [ChatTransport] onmessage triggered, has currentResponseHandler: true @ webpack-internal:///(app-pages-browser)/./lib/chat-transport.ts:41
[  186579ms] [LOG] [ChatTransport] responseHandler called, data: {"type":"delta","content":"**","error":null,"message_id":"31a5cbb5-23e0-4c90-9e2f-e37b9b6cfae5","conversation_id":null,"itinerary":null,"stage":null} @ webpack-internal:///(app-pages-browser)/./lib/chat-transport.ts:137
[  186595ms] [LOG] [ChatTransport] onmessage triggered, has currentResponseHandler: true @ webpack-internal:///(app-pages-browser)/./lib/chat-transport.ts:41
[  186595ms] [LOG] [ChatTransport] responseHandler called, data: {"type":"delta","content":"实用","error":null,"message_id":"31a5cbb5-23e0-4c90-9e2f-e37b9b6cfae5","conversation_id":null,"itinerary":null,"stage":null} @ webpack-internal:///(app-pages-browser)/./lib/chat-transport.ts:137
[  186645ms] [LOG] [ChatTransport] onmessage triggered, has currentResponseHandler: true @ webpack-internal:///(app-pages-browser)/./lib/chat-transport.ts:41
[  186645ms] [LOG] [ChatTransport] responseHandler called, data: {"type":"delta","content":"信息","error":null,"message_id":"31a5cbb5-23e0-4c90-9e2f-e37b9b6cfae5","conversation_id":null,"itinerary":null,"stage":null} @ webpack-internal:///(app-pages-browser)/./lib/chat-transport.ts:137
[  186659ms] [LOG] [ChatTransport] onmessage triggered, has currentResponseHandler: true @ webpack-internal:///(app-pages-browser)/./lib/chat-transport.ts:41
[  186660ms] [LOG] [ChatTransport] responseHandler called, data: {"type":"delta","content":"：","error":null,"message_id":"31a5cbb5-23e0-4c90-9e2f-e37b9b6cfae5","conversation_id":null,"itinerary":null,"stage":null} @ webpack-internal:///(app-pages-browser)/./lib/chat-transport.ts:137
[  186705ms] [LOG] [ChatTransport] onmessage triggered, has currentResponseHandler: true @ webpack-internal:///(app-pages-browser)/./lib/chat-transport.ts:41
[  186705ms] [LOG] [ChatTransport] responseHandler called, data: {"type":"delta","content":"**\n","error":null,"message_id":"31a5cbb5-23e0-4c90-9e2f-e37b9b6cfae5","conversation_id":null,"itinerary":null,"stage":null} @ webpack-internal:///(app-pages-browser)/./lib/chat-transport.ts:137
[  186719ms] [LOG] [ChatTransport] onmessage triggered, has currentResponseHandler: true @ webpack-internal:///(app-pages-browser)/./lib/chat-transport.ts:41
[  186720ms] [LOG] [ChatTransport] responseHandler called, data: {"type":"delta","content":"-","error":null,"message_id":"31a5cbb5-23e0-4c90-9e2f-e37b9b6cfae5","conversation_id":null,"itinerary":null,"stage":null} @ webpack-internal:///(app-pages-browser)/./lib/chat-transport.ts:137
[  186766ms] [LOG] [ChatTransport] onmessage triggered, has currentResponseHandler: true @ webpack-internal:///(app-pages-browser)/./lib/chat-transport.ts:41
[  186766ms] [LOG] [ChatTransport] responseHandler called, data: {"type":"delta","content":" ","error":null,"message_id":"31a5cbb5-23e0-4c90-9e2f-e37b9b6cfae5","conversation_id":null,"itinerary":null,"stage":null} @ webpack-internal:///(app-pages-browser)/./lib/chat-transport.ts:137
[  186778ms] [LOG] [ChatTransport] onmessage triggered, has currentResponseHandler: true @ webpack-internal:///(app-pages-browser)/./lib/chat-transport.ts:41
[  186778ms] [LOG] [ChatTransport] responseHandler called, data: {"type":"delta","content":"大部分","error":null,"message_id":"31a5cbb5-23e0-4c90-9e2f-e37b9b6cfae5","conversation_id":null,"itinerary":null,"stage":null} @ webpack-internal:///(app-pages-browser)/./lib/chat-transport.ts:137
[  186837ms] [LOG] [ChatTransport] onmessage triggered, has currentResponseHandler: true @ webpack-internal:///(app-pages-browser)/./lib/chat-transport.ts:41
[  186837ms] [LOG] [ChatTransport] responseHandler called, data: {"type":"delta","content":"景点","error":null,"message_id":"31a5cbb5-23e0-4c90-9e2f-e37b9b6cfae5","conversation_id":null,"itinerary":null,"stage":null} @ webpack-internal:///(app-pages-browser)/./lib/chat-transport.ts:137
[  186852ms] [LOG] [ChatTransport] onmessage triggered, has currentResponseHandler: true @ webpack-internal:///(app-pages-browser)/./lib/chat-transport.ts:41
[  186852ms] [LOG] [ChatTransport] responseHandler called, data: {"type":"delta","content":"集中在","error":null,"message_id":"31a5cbb5-23e0-4c90-9e2f-e37b9b6cfae5","conversation_id":null,"itinerary":null,"stage":null} @ webpack-internal:///(app-pages-browser)/./lib/chat-transport.ts:137
[  186871ms] [LOG] [ChatTransport] onmessage triggered, has currentResponseHandler: true @ webpack-internal:///(app-pages-browser)/./lib/chat-transport.ts:41
[  186871ms] [LOG] [ChatTransport] responseHandler called, data: {"type":"delta","content":"越","error":null,"message_id":"31a5cbb5-23e0-4c90-9e2f-e37b9b6cfae5","conversation_id":null,"itinerary":null,"stage":null} @ webpack-internal:///(app-pages-browser)/./lib/chat-transport.ts:137
[  186950ms] [LOG] [ChatTransport] onmessage triggered, has currentResponseHandler: true @ webpack-internal:///(app-pages-browser)/./lib/chat-transport.ts:41
[  186951ms] [LOG] [ChatTransport] responseHandler called, data: {"type":"delta","content":"秀","error":null,"message_id":"31a5cbb5-23e0-4c90-9e2f-e37b9b6cfae5","conversation_id":null,"itinerary":null,"stage":null} @ webpack-internal:///(app-pages-browser)/./lib/chat-transport.ts:137
[  186964ms] [LOG] [ChatTransport] onmessage triggered, has currentResponseHandler: true @ webpack-internal:///(app-pages-browser)/./lib/chat-transport.ts:41
[  186964ms] [LOG] [ChatTransport] responseHandler called, data: {"type":"delta","content":"区和","error":null,"message_id":"31a5cbb5-23e0-4c90-9e2f-e37b9b6cfae5","conversation_id":null,"itinerary":null,"stage":null} @ webpack-internal:///(app-pages-browser)/./lib/chat-transport.ts:137
[  187004ms] [LOG] [ChatTransport] onmessage triggered, has currentResponseHandler: true @ webpack-internal:///(app-pages-browser)/./lib/chat-transport.ts:41
[  187004ms] [LOG] [ChatTransport] responseHandler called, data: {"type":"delta","content":"荔","error":null,"message_id":"31a5cbb5-23e0-4c90-9e2f-e37b9b6cfae5","conversation_id":null,"itinerary":null,"stage":null} @ webpack-internal:///(app-pages-browser)/./lib/chat-transport.ts:137
[  187004ms] [LOG] [ChatTransport] onmessage triggered, has currentResponseHandler: true @ webpack-internal:///(app-pages-browser)/./lib/chat-transport.ts:41
[  187004ms] [LOG] [ChatTransport] responseHandler called, data: {"type":"delta","content":"湾区","error":null,"message_id":"31a5cbb5-23e0-4c90-9e2f-e37b9b6cfae5","conversation_id":null,"itinerary":null,"stage":null} @ webpack-internal:///(app-pages-browser)/./lib/chat-transport.ts:137
[  187059ms] [LOG] [ChatTransport] onmessage triggered, has currentResponseHandler: true @ webpack-internal:///(app-pages-browser)/./lib/chat-transport.ts:41
[  187059ms] [LOG] [ChatTransport] responseHandler called, data: {"type":"delta","content":"，","error":null,"message_id":"31a5cbb5-23e0-4c90-9e2f-e37b9b6cfae5","conversation_id":null,"itinerary":null,"stage":null} @ webpack-internal:///(app-pages-browser)/./lib/chat-transport.ts:137
[  187114ms] [LOG] [ChatTransport] onmessage triggered, has currentResponseHandler: true @ webpack-internal:///(app-pages-browser)/./lib/chat-transport.ts:41
[  187114ms] [LOG] [ChatTransport] responseHandler called, data: {"type":"delta","content":"交通","error":null,"message_id":"31a5cbb5-23e0-4c90-9e2f-e37b9b6cfae5","conversation_id":null,"itinerary":null,"stage":null} @ webpack-internal:///(app-pages-browser)/./lib/chat-transport.ts:137
[  187117ms] [LOG] [ChatTransport] onmessage triggered, has currentResponseHandler: true @ webpack-internal:///(app-pages-browser)/./lib/chat-transport.ts:41
[  187117ms] [LOG] [ChatTransport] responseHandler called, data: {"type":"delta","content":"便利","error":null,"message_id":"31a5cbb5-23e0-4c90-9e2f-e37b9b6cfae5","conversation_id":null,"itinerary":null,"stage":null} @ webpack-internal:///(app-pages-browser)/./lib/chat-transport.ts:137
[  187186ms] [LOG] [ChatTransport] onmessage triggered, has currentResponseHandler: true @ webpack-internal:///(app-pages-browser)/./lib/chat-transport.ts:41
[  187186ms] [LOG] [ChatTransport] responseHandler called, data: {"type":"delta","content":"\n","error":null,"message_id":"31a5cbb5-23e0-4c90-9e2f-e37b9b6cfae5","conversation_id":null,"itinerary":null,"stage":null} @ webpack-internal:///(app-pages-browser)/./lib/chat-transport.ts:137
[  187189ms] [LOG] [ChatTransport] onmessage triggered, has currentResponseHandler: true @ webpack-internal:///(app-pages-browser)/./lib/chat-transport.ts:41
[  187190ms] [LOG] [ChatTransport] responseHandler called, data: {"type":"delta","content":"-","error":null,"message_id":"31a5cbb5-23e0-4c90-9e2f-e37b9b6cfae5","conversation_id":null,"itinerary":null,"stage":null} @ webpack-internal:///(app-pages-browser)/./lib/chat-transport.ts:137
[  187284ms] [LOG] [ChatTransport] onmessage triggered, has currentResponseHandler: true @ webpack-internal:///(app-pages-browser)/./lib/chat-transport.ts:41
[  187285ms] [LOG] [ChatTransport] responseHandler called, data: {"type":"delta","content":" ","error":null,"message_id":"31a5cbb5-23e0-4c90-9e2f-e37b9b6cfae5","conversation_id":null,"itinerary":null,"stage":null} @ webpack-internal:///(app-pages-browser)/./lib/chat-transport.ts:137
[  187289ms] [LOG] [ChatTransport] onmessage triggered, has currentResponseHandler: true @ webpack-internal:///(app-pages-browser)/./lib/chat-transport.ts:41
[  187289ms] [LOG] [ChatTransport] responseHandler called, data: {"type":"delta","content":"建议","error":null,"message_id":"31a5cbb5-23e0-4c90-9e2f-e37b9b6cfae5","conversation_id":null,"itinerary":null,"stage":null} @ webpack-internal:///(app-pages-browser)/./lib/chat-transport.ts:137
[  187375ms] [LOG] [ChatTransport] onmessage triggered, has currentResponseHandler: true @ webpack-internal:///(app-pages-browser)/./lib/chat-transport.ts:41
[  187375ms] [LOG] [ChatTransport] responseHandler called, data: {"type":"delta","content":"安排","error":null,"message_id":"31a5cbb5-23e0-4c90-9e2f-e37b9b6cfae5","conversation_id":null,"itinerary":null,"stage":null} @ webpack-internal:///(app-pages-browser)/./lib/chat-transport.ts:137
[  187379ms] [LOG] [ChatTransport] onmessage triggered, has currentResponseHandler: true @ webpack-internal:///(app-pages-browser)/./lib/chat-transport.ts:41
[  187379ms] [LOG] [ChatTransport] responseHandler called, data: {"type":"delta","content":"2","error":null,"message_id":"31a5cbb5-23e0-4c90-9e2f-e37b9b6cfae5","conversation_id":null,"itinerary":null,"stage":null} @ webpack-internal:///(app-pages-browser)/./lib/chat-transport.ts:137
[  187497ms] [LOG] [ChatTransport] onmessage triggered, has currentResponseHandler: true @ webpack-internal:///(app-pages-browser)/./lib/chat-transport.ts:41
[  187497ms] [LOG] [ChatTransport] responseHandler called, data: {"type":"delta","content":"-","error":null,"message_id":"31a5cbb5-23e0-4c90-9e2f-e37b9b6cfae5","conversation_id":null,"itinerary":null,"stage":null} @ webpack-internal:///(app-pages-browser)/./lib/chat-transport.ts:137
[  187519ms] [LOG] [ChatTransport] onmessage triggered, has currentResponseHandler: true @ webpack-internal:///(app-pages-browser)/./lib/chat-transport.ts:41
[  187520ms] [LOG] [ChatTransport] responseHandler called, data: {"type":"delta","content":"3","error":null,"message_id":"31a5cbb5-23e0-4c90-9e2f-e37b9b6cfae5","conversation_id":null,"itinerary":null,"stage":null} @ webpack-internal:///(app-pages-browser)/./lib/chat-transport.ts:137
[  187520ms] [LOG] [ChatTransport] onmessage triggered, has currentResponseHandler: true @ webpack-internal:///(app-pages-browser)/./lib/chat-transport.ts:41
[  187520ms] [LOG] [ChatTransport] responseHandler called, data: {"type":"delta","content":"天","error":null,"message_id":"31a5cbb5-23e0-4c90-9e2f-e37b9b6cfae5","conversation_id":null,"itinerary":null,"stage":null} @ webpack-internal:///(app-pages-browser)/./lib/chat-transport.ts:137
[  187520ms] [LOG] [ChatTransport] onmessage triggered, has currentResponseHandler: true @ webpack-internal:///(app-pages-browser)/./lib/chat-transport.ts:41
[  187520ms] [LOG] [ChatTransport] responseHandler called, data: {"type":"delta","content":"时间","error":null,"message_id":"31a5cbb5-23e0-4c90-9e2f-e37b9b6cfae5","conversation_id":null,"itinerary":null,"stage":null} @ webpack-internal:///(app-pages-browser)/./lib/chat-transport.ts:137
[  187520ms] [LOG] [ChatTransport] onmessage triggered, has currentResponseHandler: true @ webpack-internal:///(app-pages-browser)/./lib/chat-transport.ts:41
[  187521ms] [LOG] [ChatTransport] responseHandler called, data: {"type":"delta","content":"游览","error":null,"message_id":"31a5cbb5-23e0-4c90-9e2f-e37b9b6cfae5","conversation_id":null,"itinerary":null,"stage":null} @ webpack-internal:///(app-pages-browser)/./lib/chat-transport.ts:137
[  187540ms] [LOG] [ChatTransport] onmessage triggered, has currentResponseHandler: true @ webpack-internal:///(app-pages-browser)/./lib/chat-transport.ts:41
[  187540ms] [LOG] [ChatTransport] responseHandler called, data: {"type":"delta","content":"主要","error":null,"message_id":"31a5cbb5-23e0-4c90-9e2f-e37b9b6cfae5","conversation_id":null,"itinerary":null,"stage":null} @ webpack-internal:///(app-pages-browser)/./lib/chat-transport.ts:137
[  187561ms] [LOG] [ChatTransport] onmessage triggered, has currentResponseHandler: true @ webpack-internal:///(app-pages-browser)/./lib/chat-transport.ts:41
[  187561ms] [LOG] [ChatTransport] responseHandler called, data: {"type":"delta","content":"景点","error":null,"message_id":"31a5cbb5-23e0-4c90-9e2f-e37b9b6cfae5","conversation_id":null,"itinerary":null,"stage":null} @ webpack-internal:///(app-pages-browser)/./lib/chat-transport.ts:137
[  187561ms] [LOG] [ChatTransport] onmessage triggered, has currentResponseHandler: true @ webpack-internal:///(app-pages-browser)/./lib/chat-transport.ts:41
[  187561ms] [LOG] [ChatTransport] responseHandler called, data: {"type":"delta","content":"\n","error":null,"message_id":"31a5cbb5-23e0-4c90-9e2f-e37b9b6cfae5","conversation_id":null,"itinerary":null,"stage":null} @ webpack-internal:///(app-pages-browser)/./lib/chat-transport.ts:137
[  187600ms] [LOG] [ChatTransport] onmessage triggered, has currentResponseHandler: true @ webpack-internal:///(app-pages-browser)/./lib/chat-transport.ts:41
[  187600ms] [LOG] [ChatTransport] responseHandler called, data: {"type":"delta","content":"-","error":null,"message_id":"31a5cbb5-23e0-4c90-9e2f-e37b9b6cfae5","conversation_id":null,"itinerary":null,"stage":null} @ webpack-internal:///(app-pages-browser)/./lib/chat-transport.ts:137
[  187621ms] [LOG] [ChatTransport] onmessage triggered, has currentResponseHandler: true @ webpack-internal:///(app-pages-browser)/./lib/chat-transport.ts:41
[  187621ms] [LOG] [ChatTransport] responseHandler called, data: {"type":"delta","content":" ","error":null,"message_id":"31a5cbb5-23e0-4c90-9e2f-e37b9b6cfae5","conversation_id":null,"itinerary":null,"stage":null} @ webpack-internal:///(app-pages-browser)/./lib/chat-transport.ts:137
[  187660ms] [LOG] [ChatTransport] onmessage triggered, has currentResponseHandler: true @ webpack-internal:///(app-pages-browser)/./lib/chat-transport.ts:41
[  187660ms] [LOG] [ChatTransport] responseHandler called, data: {"type":"delta","content":"广州","error":null,"message_id":"31a5cbb5-23e0-4c90-9e2f-e37b9b6cfae5","conversation_id":null,"itinerary":null,"stage":null} @ webpack-internal:///(app-pages-browser)/./lib/chat-transport.ts:137
[  187685ms] [LOG] [ChatTransport] onmessage triggered, has currentResponseHandler: true @ webpack-internal:///(app-pages-browser)/./lib/chat-transport.ts:41
[  187685ms] [LOG] [ChatTransport] responseHandler called, data: {"type":"delta","content":"地铁","error":null,"message_id":"31a5cbb5-23e0-4c90-9e2f-e37b9b6cfae5","conversation_id":null,"itinerary":null,"stage":null} @ webpack-internal:///(app-pages-browser)/./lib/chat-transport.ts:137
[  187740ms] [LOG] [ChatTransport] onmessage triggered, has currentResponseHandler: true @ webpack-internal:///(app-pages-browser)/./lib/chat-transport.ts:41
[  187740ms] [LOG] [ChatTransport] responseHandler called, data: {"type":"delta","content":"网络","error":null,"message_id":"31a5cbb5-23e0-4c90-9e2f-e37b9b6cfae5","conversation_id":null,"itinerary":null,"stage":null} @ webpack-internal:///(app-pages-browser)/./lib/chat-transport.ts:137
[  187777ms] [LOG] [ChatTransport] onmessage triggered, has currentResponseHandler: true @ webpack-internal:///(app-pages-browser)/./lib/chat-transport.ts:41
[  187777ms] [LOG] [ChatTransport] responseHandler called, data: {"type":"delta","content":"发达","error":null,"message_id":"31a5cbb5-23e0-4c90-9e2f-e37b9b6cfae5","conversation_id":null,"itinerary":null,"stage":null} @ webpack-internal:///(app-pages-browser)/./lib/chat-transport.ts:137
[  187804ms] [LOG] [ChatTransport] onmessage triggered, has currentResponseHandler: true @ webpack-internal:///(app-pages-browser)/./lib/chat-transport.ts:41
[  187804ms] [LOG] [ChatTransport] responseHandler called, data: {"type":"delta","content":"，","error":null,"message_id":"31a5cbb5-23e0-4c90-9e2f-e37b9b6cfae5","conversation_id":null,"itinerary":null,"stage":null} @ webpack-internal:///(app-pages-browser)/./lib/chat-transport.ts:137
[  187833ms] [LOG] [ChatTransport] onmessage triggered, has currentResponseHandler: true @ webpack-internal:///(app-pages-browser)/./lib/chat-transport.ts:41
[  187833ms] [LOG] [ChatTransport] responseHandler called, data: {"type":"delta","content":"可","error":null,"message_id":"31a5cbb5-23e0-4c90-9e2f-e37b9b6cfae5","conversation_id":null,"itinerary":null,"stage":null} @ webpack-internal:///(app-pages-browser)/./lib/chat-transport.ts:137
[  187853ms] [LOG] [ChatTransport] onmessage triggered, has currentResponseHandler: true @ webpack-internal:///(app-pages-browser)/./lib/chat-transport.ts:41
[  187853ms] [LOG] [ChatTransport] responseHandler called, data: {"type":"delta","content":"方便","error":null,"message_id":"31a5cbb5-23e0-4c90-9e2f-e37b9b6cfae5","conversation_id":null,"itinerary":null,"stage":null} @ webpack-internal:///(app-pages-browser)/./lib/chat-transport.ts:137
[  187985ms] [LOG] [ChatTransport] onmessage triggered, has currentResponseHandler: true @ webpack-internal:///(app-pages-browser)/./lib/chat-transport.ts:41
[  187986ms] [LOG] [ChatTransport] responseHandler called, data: {"type":"delta","content":"到达","error":null,"message_id":"31a5cbb5-23e0-4c90-9e2f-e37b9b6cfae5","conversation_id":null,"itinerary":null,"stage":null} @ webpack-internal:///(app-pages-browser)/./lib/chat-transport.ts:137
[  188014ms] [LOG] [ChatTransport] onmessage triggered, has currentResponseHandler: true @ webpack-internal:///(app-pages-browser)/./lib/chat-transport.ts:41
[  188015ms] [LOG] [ChatTransport] responseHandler called, data: {"type":"delta","content":"各","error":null,"message_id":"31a5cbb5-23e0-4c90-9e2f-e37b9b6cfae5","conversation_id":null,"itinerary":null,"stage":null} @ webpack-internal:///(app-pages-browser)/./lib/chat-transport.ts:137
[  188017ms] [LOG] [ChatTransport] onmessage triggered, has currentResponseHandler: true @ webpack-internal:///(app-pages-browser)/./lib/chat-transport.ts:41
[  188017ms] [LOG] [ChatTransport] responseHandler called, data: {"type":"delta","content":"景点","error":null,"message_id":"31a5cbb5-23e0-4c90-9e2f-e37b9b6cfae5","conversation_id":null,"itinerary":null,"stage":null} @ webpack-internal:///(app-pages-browser)/./lib/chat-transport.ts:137
[  188049ms] [LOG] [ChatTransport] onmessage triggered, has currentResponseHandler: true @ webpack-internal:///(app-pages-browser)/./lib/chat-transport.ts:41
[  188049ms] [LOG] [ChatTransport] responseHandler called, data: {"type":"delta","content":"\n\n","error":null,"message_id":"31a5cbb5-23e0-4c90-9e2f-e37b9b6cfae5","conversation_id":null,"itinerary":null,"stage":null} @ webpack-internal:///(app-pages-browser)/./lib/chat-transport.ts:137
[  188050ms] [LOG] [ChatTransport] onmessage triggered, has currentResponseHandler: true @ webpack-internal:///(app-pages-browser)/./lib/chat-transport.ts:41
[  188050ms] [LOG] [ChatTransport] responseHandler called, data: {"type":"delta","content":"您","error":null,"message_id":"31a5cbb5-23e0-4c90-9e2f-e37b9b6cfae5","conversation_id":null,"itinerary":null,"stage":null} @ webpack-internal:///(app-pages-browser)/./lib/chat-transport.ts:137
[  188050ms] [LOG] [ChatTransport] onmessage triggered, has currentResponseHandler: true @ webpack-internal:///(app-pages-browser)/./lib/chat-transport.ts:41
[  188051ms] [LOG] [ChatTransport] responseHandler called, data: {"type":"delta","content":"对","error":null,"message_id":"31a5cbb5-23e0-4c90-9e2f-e37b9b6cfae5","conversation_id":null,"itinerary":null,"stage":null} @ webpack-internal:///(app-pages-browser)/./lib/chat-transport.ts:137
[  188085ms] [LOG] [ChatTransport] onmessage triggered, has currentResponseHandler: true @ webpack-internal:///(app-pages-browser)/./lib/chat-transport.ts:41
[  188085ms] [LOG] [ChatTransport] responseHandler called, data: {"type":"delta","content":"哪些","error":null,"message_id":"31a5cbb5-23e0-4c90-9e2f-e37b9b6cfae5","conversation_id":null,"itinerary":null,"stage":null} @ webpack-internal:///(app-pages-browser)/./lib/chat-transport.ts:137
[  188092ms] [LOG] [ChatTransport] onmessage triggered, has currentResponseHandler: true @ webpack-internal:///(app-pages-browser)/./lib/chat-transport.ts:41
[  188093ms] [LOG] [ChatTransport] responseHandler called, data: {"type":"delta","content":"类型的","error":null,"message_id":"31a5cbb5-23e0-4c90-9e2f-e37b9b6cfae5","conversation_id":null,"itinerary":null,"stage":null} @ webpack-internal:///(app-pages-browser)/./lib/chat-transport.ts:137
[  188140ms] [LOG] [ChatTransport] onmessage triggered, has currentResponseHandler: true @ webpack-internal:///(app-pages-browser)/./lib/chat-transport.ts:41
[  188140ms] [LOG] [ChatTransport] responseHandler called, data: {"type":"delta","content":"景点","error":null,"message_id":"31a5cbb5-23e0-4c90-9e2f-e37b9b6cfae5","conversation_id":null,"itinerary":null,"stage":null} @ webpack-internal:///(app-pages-browser)/./lib/chat-transport.ts:137
[  188145ms] [LOG] [ChatTransport] onmessage triggered, has currentResponseHandler: true @ webpack-internal:///(app-pages-browser)/./lib/chat-transport.ts:41
[  188145ms] [LOG] [ChatTransport] responseHandler called, data: {"type":"delta","content":"特别","error":null,"message_id":"31a5cbb5-23e0-4c90-9e2f-e37b9b6cfae5","conversation_id":null,"itinerary":null,"stage":null} @ webpack-internal:///(app-pages-browser)/./lib/chat-transport.ts:137
[  188201ms] [LOG] [ChatTransport] onmessage triggered, has currentResponseHandler: true @ webpack-internal:///(app-pages-browser)/./lib/chat-transport.ts:41
[  188201ms] [LOG] [ChatTransport] responseHandler called, data: {"type":"delta","content":"感兴趣","error":null,"message_id":"31a5cbb5-23e0-4c90-9e2f-e37b9b6cfae5","conversation_id":null,"itinerary":null,"stage":null} @ webpack-internal:///(app-pages-browser)/./lib/chat-transport.ts:137
[  188206ms] [LOG] [ChatTransport] onmessage triggered, has currentResponseHandler: true @ webpack-internal:///(app-pages-browser)/./lib/chat-transport.ts:41
[  188206ms] [LOG] [ChatTransport] responseHandler called, data: {"type":"delta","content":"？","error":null,"message_id":"31a5cbb5-23e0-4c90-9e2f-e37b9b6cfae5","conversation_id":null,"itinerary":null,"stage":null} @ webpack-internal:///(app-pages-browser)/./lib/chat-transport.ts:137
[  188261ms] [LOG] [ChatTransport] onmessage triggered, has currentResponseHandler: true @ webpack-internal:///(app-pages-browser)/./lib/chat-transport.ts:41
[  188261ms] [LOG] [ChatTransport] responseHandler called, data: {"type":"delta","content":"或者","error":null,"message_id":"31a5cbb5-23e0-4c90-9e2f-e37b9b6cfae5","conversation_id":null,"itinerary":null,"stage":null} @ webpack-internal:///(app-pages-browser)/./lib/chat-transport.ts:137
[  188264ms] [LOG] [ChatTransport] onmessage triggered, has currentResponseHandler: true @ webpack-internal:///(app-pages-browser)/./lib/chat-transport.ts:41
[  188264ms] [LOG] [ChatTransport] responseHandler called, data: {"type":"delta","content":"需要","error":null,"message_id":"31a5cbb5-23e0-4c90-9e2f-e37b9b6cfae5","conversation_id":null,"itinerary":null,"stage":null} @ webpack-internal:///(app-pages-browser)/./lib/chat-transport.ts:137
[  188627ms] [LOG] [ChatTransport] onmessage triggered, has currentResponseHandler: true @ webpack-internal:///(app-pages-browser)/./lib/chat-transport.ts:41
[  188627ms] [LOG] [ChatTransport] responseHandler called, data: {"type":"delta","content":"我","error":null,"message_id":"31a5cbb5-23e0-4c90-9e2f-e37b9b6cfae5","conversation_id":null,"itinerary":null,"stage":null} @ webpack-internal:///(app-pages-browser)/./lib/chat-transport.ts:137
[  188646ms] [LOG] [ChatTransport] onmessage triggered, has currentResponseHandler: true @ webpack-internal:///(app-pages-browser)/./lib/chat-transport.ts:41
[  188646ms] [LOG] [ChatTransport] responseHandler called, data: {"type":"delta","content":"为您","error":null,"message_id":"31a5cbb5-23e0-4c90-9e2f-e37b9b6cfae5","conversation_id":null,"itinerary":null,"stage":null} @ webpack-internal:///(app-pages-browser)/./lib/chat-transport.ts:137
[  188663ms] [LOG] [ChatTransport] onmessage triggered, has currentResponseHandler: true @ webpack-internal:///(app-pages-browser)/./lib/chat-transport.ts:41
[  188663ms] [LOG] [ChatTransport] responseHandler called, data: {"type":"delta","content":"规划","error":null,"message_id":"31a5cbb5-23e0-4c90-9e2f-e37b9b6cfae5","conversation_id":null,"itinerary":null,"stage":null} @ webpack-internal:///(app-pages-browser)/./lib/chat-transport.ts:137
[  188663ms] [LOG] [ChatTransport] onmessage triggered, has currentResponseHandler: true @ webpack-internal:///(app-pages-browser)/./lib/chat-transport.ts:41
[  188664ms] [LOG] [ChatTransport] responseHandler called, data: {"type":"delta","content":"具体的","error":null,"message_id":"31a5cbb5-23e0-4c90-9e2f-e37b9b6cfae5","conversation_id":null,"itinerary":null,"stage":null} @ webpack-internal:///(app-pages-browser)/./lib/chat-transport.ts:137
[  188664ms] [LOG] [ChatTransport] onmessage triggered, has currentResponseHandler: true @ webpack-internal:///(app-pages-browser)/./lib/chat-transport.ts:41
[  188664ms] [LOG] [ChatTransport] responseHandler called, data: {"type":"delta","content":"行程","error":null,"message_id":"31a5cbb5-23e0-4c90-9e2f-e37b9b6cfae5","conversation_id":null,"itinerary":null,"stage":null} @ webpack-internal:///(app-pages-browser)/./lib/chat-transport.ts:137
[  188665ms] [LOG] [ChatTransport] onmessage triggered, has currentResponseHandler: true @ webpack-internal:///(app-pages-browser)/./lib/chat-transport.ts:41
[  188665ms] [LOG] [ChatTransport] responseHandler called, data: {"type":"delta","content":"路线","error":null,"message_id":"31a5cbb5-23e0-4c90-9e2f-e37b9b6cfae5","conversation_id":null,"itinerary":null,"stage":null} @ webpack-internal:///(app-pages-browser)/./lib/chat-transport.ts:137
[  188665ms] [LOG] [ChatTransport] onmessage triggered, has currentResponseHandler: true @ webpack-internal:///(app-pages-browser)/./lib/chat-transport.ts:41
[  188665ms] [LOG] [ChatTransport] responseHandler called, data: {"type":"delta","content":"吗","error":null,"message_id":"31a5cbb5-23e0-4c90-9e2f-e37b9b6cfae5","conversation_id":null,"itinerary":null,"stage":null} @ webpack-internal:///(app-pages-browser)/./lib/chat-transport.ts:137
[  188665ms] [LOG] [ChatTransport] onmessage triggered, has currentResponseHandler: true @ webpack-internal:///(app-pages-browser)/./lib/chat-transport.ts:41
[  188666ms] [LOG] [ChatTransport] responseHandler called, data: {"type":"delta","content":"？","error":null,"message_id":"31a5cbb5-23e0-4c90-9e2f-e37b9b6cfae5","conversation_id":null,"itinerary":null,"stage":null} @ webpack-internal:///(app-pages-browser)/./lib/chat-transport.ts:137
[  188666ms] [LOG] [ChatTransport] onmessage triggered, has currentResponseHandler: true @ webpack-internal:///(app-pages-browser)/./lib/chat-transport.ts:41
[  188666ms] [LOG] [ChatTransport] responseHandler called, data: {"type":"stage","content":null,"error":null,"message_id":"31a5cbb5-23e0-4c90-9e2f-e37b9b6cfae5","conversation_id":null,"itinerary":null,"stage":{"name":"6_LLM","status":"end","label":"✨ 生成回复","message":"正在生成回复内容..."}} @ webpack-internal:///(app-pages-browser)/./lib/chat-transport.ts:137
[  188666ms] [LOG] [ChatTransport] Stage update: {name: 6_LLM, status: end, label: ✨ 生成回复, message: 正在生成回复内容...} @ webpack-internal:///(app-pages-browser)/./lib/chat-transport.ts:147
[  188666ms] [LOG] [ChatTransport] onmessage triggered, has currentResponseHandler: true @ webpack-internal:///(app-pages-browser)/./lib/chat-transport.ts:41
[  188667ms] [LOG] [ChatTransport] responseHandler called, data: {"type":"stage","content":null,"error":null,"message_id":"31a5cbb5-23e0-4c90-9e2f-e37b9b6cfae5","conversation_id":null,"itinerary":null,"stage":{"name":"7_CTX_MANAGE","status":"start","label":"📊 上下文管理","message":"正在管理上下文窗口..."}} @ webpack-internal:///(app-pages-browser)/./lib/chat-transport.ts:137
[  188667ms] [LOG] [ChatTransport] Stage update: {name: 7_CTX_MANAGE, status: start, label: 📊 上下文管理, message: 正在管理上下文窗口...} @ webpack-internal:///(app-pages-browser)/./lib/chat-transport.ts:147
[  188667ms] [LOG] [ChatTransport] onmessage triggered, has currentResponseHandler: true @ webpack-internal:///(app-pages-browser)/./lib/chat-transport.ts:41
[  188667ms] [LOG] [ChatTransport] responseHandler called, data: {"type":"stage","content":null,"error":null,"message_id":"31a5cbb5-23e0-4c90-9e2f-e37b9b6cfae5","conversation_id":null,"itinerary":null,"stage":{"name":"7_CTX_MANAGE","status":"skip","label":"📊 上下文管理","message":"正在管理上下文窗口..."}} @ webpack-internal:///(app-pages-browser)/./lib/chat-transport.ts:137
[  188668ms] [LOG] [ChatTransport] Stage update: {name: 7_CTX_MANAGE, status: skip, label: 📊 上下文管理, message: 正在管理上下文窗口...} @ webpack-internal:///(app-pages-browser)/./lib/chat-transport.ts:147
[  188668ms] [LOG] [ChatTransport] onmessage triggered, has currentResponseHandler: true @ webpack-internal:///(app-pages-browser)/./lib/chat-transport.ts:41
[  188668ms] [LOG] [ChatTransport] responseHandler called, data: {"type":"stage","content":null,"error":null,"message_id":"31a5cbb5-23e0-4c90-9e2f-e37b9b6cfae5","conversation_id":null,"itinerary":null,"stage":{"name":"8_MEMORY","status":"start","label":"💾 记忆更新","message":"正在更新记忆信息..."}} @ webpack-internal:///(app-pages-browser)/./lib/chat-transport.ts:137
[  188668ms] [LOG] [ChatTransport] Stage update: {name: 8_MEMORY, status: start, label: 💾 记忆更新, message: 正在更新记忆信息...} @ webpack-internal:///(app-pages-browser)/./lib/chat-transport.ts:147
[  188668ms] [LOG] [ChatTransport] onmessage triggered, has currentResponseHandler: true @ webpack-internal:///(app-pages-browser)/./lib/chat-transport.ts:41
[  188668ms] [LOG] [ChatTransport] responseHandler called, data: {"type":"stage","content":null,"error":null,"message_id":"31a5cbb5-23e0-4c90-9e2f-e37b9b6cfae5","conversation_id":null,"itinerary":null,"stage":{"name":"8_MEMORY","status":"end","label":"💾 记忆更新","message":"正在更新记忆信息..."}} @ webpack-internal:///(app-pages-browser)/./lib/chat-transport.ts:137
[  188668ms] [LOG] [ChatTransport] Stage update: {name: 8_MEMORY, status: end, label: 💾 记忆更新, message: 正在更新记忆信息...} @ webpack-internal:///(app-pages-browser)/./lib/chat-transport.ts:147
[  188669ms] [LOG] [ChatTransport] onmessage triggered, has currentResponseHandler: true @ webpack-internal:///(app-pages-browser)/./lib/chat-transport.ts:41
[  188669ms] [LOG] [ChatTransport] responseHandler called, data: {"type":"done","content":"根据查询结果，我为您整理了广州的一些著名景点：\n\n**历史文化景点：**\n1. **北京路步行街** - 广州最繁华的商业街之一，历史悠久\n2. **北京路文化旅游区** - 包含多个历史文化遗址\n3. **陈家祠堂** - 岭南建筑艺术的杰出代表，国家级景点\n4. **南越王博物院**（王墓展区、王宫展区）- 展示南越国历史文物\n5. **中山纪念堂** - 为纪念孙中山先生而建，建筑宏伟\n\n**宗教寺庙：**\n6. **光孝寺** - 广州最古老的佛教寺庙之一\n7. **六榕寺** - 以六榕塔闻名，历史悠久\n8. **大佛寺** - 位于北京路附近，香火旺盛\n9. **三元宫** - 道教宫观，历史悠久\n\n**公园与自然景观：**\n10. **越秀公园** - 广州最大的综合性公园，内有五羊石像\n11. **广州兰圃** - 以兰花为主题的园林\n12. **海珠广场** - 位于珠江畔的城市广场\n\n**特色街区：**\n13. **沙面岛** - 欧陆风情建筑群，曾是英法租界\n14. **永庆坊** - 西关文化体验区，传统与现代结合\n\n**建议游览路线：**\n- **历史文化线**：中山纪念堂 → 越秀公园 → 南越王博物院\n- **宗教文化线**：光孝寺 → 六榕寺 → 大佛寺\n- **特色街区线**：陈家祠堂 → 永庆坊 → 沙面岛\n- **商业文化线**：北京路步行街 → 北京路文化旅游区\n\n**实用信息：**\n- 大部分景点集中在越秀区和荔湾区，交通便利\n- 建议安排2-3天时间游览主要景点\n- 广州地铁网络发达，可方便到达各景点\n\n您对哪些类型的景点特别感兴趣？或者需要我为您规划具体的行程路线吗？","error":null,"message_id":"31a5cbb5-23e0-4c90-9e2f-e37b9b6cfae5","conversation_id":"c9b60305-5275-4c4a-9f83-1d5b93707c97","itinerary":null,"stage":null} @ webpack-internal:///(app-pages-browser)/./lib/chat-transport.ts:137
[  188670ms] [LOG] [ChatTransport] Updated conversation_id: c9b60305-5275-4c4a-9f83-1d5b93707c97 @ webpack-internal:///(app-pages-browser)/./lib/chat-transport.ts:165
[  353918ms] [LOG] [ChatTransport] sendMessage called, content: 还记得我们刚才聊到的北京景点吗？我比较喜欢历史古迹 @ webpack-internal:///(app-pages-browser)/./lib/chat-transport.ts:109
[  353919ms] [LOG] [ChatTransport] isConnected: true ws.readyState: 1 @ webpack-internal:///(app-pages-browser)/./lib/chat-transport.ts:110
[  353919ms] [LOG] [ChatTransport] has_image: false @ webpack-internal:///(app-pages-browser)/./lib/chat-transport.ts:111
[  353919ms] [LOG] [ChatTransport] Sending WebSocket message: msg_1776430646061_02777o9 还记得我们刚才聊到的北京景点吗？我比较喜欢历史古迹 @ webpack-internal:///(app-pages-browser)/./lib/chat-transport.ts:126
[  353920ms] [LOG] [ChatTransport] Setting currentResponseHandler @ webpack-internal:///(app-pages-browser)/./lib/chat-transport.ts:179
[  353920ms] [LOG] [ChatTransport] send() called, isConnected: true readyState: 1 @ webpack-internal:///(app-pages-browser)/./lib/chat-transport.ts:97
[  353920ms] [LOG] [ChatTransport] Sending WebSocket data: {"type":"message","session_id":"session_1776430401386_pwzu5ra","conversation_id":"c9b60305-5275-4c4a-9f83-1d5b93707c97","user_id":"f62f4ec5-1874-4821-97e9-b2c70b35805d","content":"还记得我们刚才聊到的北京景点吗？我比较喜欢历史古迹","has_image":false} @ webpack-internal:///(app-pages-browser)/./lib/chat-transport.ts:99
[  353947ms] [LOG] [ChatTransport] onmessage triggered, has currentResponseHandler: true @ webpack-internal:///(app-pages-browser)/./lib/chat-transport.ts:41
[  353947ms] [LOG] [ChatTransport] responseHandler called, data: {"type":"stage","content":null,"error":null,"message_id":"e5652bc0-af34-427c-9c47-d7f526f6c6b3","conversation_id":null,"itinerary":null,"stage":{"name":"1_INTENT","status":"start","label":"🔍 意图识别","message":"正在分析您的需求..."}} @ webpack-internal:///(app-pages-browser)/./lib/chat-transport.ts:137
[  353947ms] [LOG] [ChatTransport] Stage update: {name: 1_INTENT, status: start, label: 🔍 意图识别, message: 正在分析您的需求...} @ webpack-internal:///(app-pages-browser)/./lib/chat-transport.ts:147
[  357904ms] [LOG] [ChatTransport] onmessage triggered, has currentResponseHandler: true @ webpack-internal:///(app-pages-browser)/./lib/chat-transport.ts:41
[  357904ms] [LOG] [ChatTransport] responseHandler called, data: {"type":"stage","content":null,"error":null,"message_id":"e5652bc0-af34-427c-9c47-d7f526f6c6b3","conversation_id":null,"itinerary":null,"stage":{"name":"1_INTENT","status":"end","label":"🔍 意图识别","message":"正在分析您的需求..."}} @ webpack-internal:///(app-pages-browser)/./lib/chat-transport.ts:137
[  357904ms] [LOG] [ChatTransport] Stage update: {name: 1_INTENT, status: end, label: 🔍 意图识别, message: 正在分析您的需求...} @ webpack-internal:///(app-pages-browser)/./lib/chat-transport.ts:147
[  357924ms] [LOG] [ChatTransport] onmessage triggered, has currentResponseHandler: true @ webpack-internal:///(app-pages-browser)/./lib/chat-transport.ts:41
[  357925ms] [LOG] [ChatTransport] responseHandler called, data: {"type":"stage","content":null,"error":null,"message_id":"e5652bc0-af34-427c-9c47-d7f526f6c6b3","conversation_id":null,"itinerary":null,"stage":{"name":"2_STORAGE","status":"start","label":"📚 加载历史","message":"正在加载对话历史..."}} @ webpack-internal:///(app-pages-browser)/./lib/chat-transport.ts:137
[  357925ms] [LOG] [ChatTransport] Stage update: {name: 2_STORAGE, status: start, label: 📚 加载历史, message: 正在加载对话历史...} @ webpack-internal:///(app-pages-browser)/./lib/chat-transport.ts:147
[  357942ms] [LOG] [ChatTransport] onmessage triggered, has currentResponseHandler: true @ webpack-internal:///(app-pages-browser)/./lib/chat-transport.ts:41
[  357942ms] [LOG] [ChatTransport] responseHandler called, data: {"type":"stage","content":null,"error":null,"message_id":"e5652bc0-af34-427c-9c47-d7f526f6c6b3","conversation_id":null,"itinerary":null,"stage":{"name":"2_STORAGE","status":"end","label":"📚 加载历史","message":"正在加载对话历史..."}} @ webpack-internal:///(app-pages-browser)/./lib/chat-transport.ts:137
[  357942ms] [LOG] [ChatTransport] Stage update: {name: 2_STORAGE, status: end, label: 📚 加载历史, message: 正在加载对话历史...} @ webpack-internal:///(app-pages-browser)/./lib/chat-transport.ts:147
[  357943ms] [LOG] [ChatTransport] onmessage triggered, has currentResponseHandler: true @ webpack-internal:///(app-pages-browser)/./lib/chat-transport.ts:41
[  357943ms] [LOG] [ChatTransport] responseHandler called, data: {"type":"stage","content":null,"error":null,"message_id":"e5652bc0-af34-427c-9c47-d7f526f6c6b3","conversation_id":null,"itinerary":null,"stage":{"name":"3_CTX_CLEAN","status":"start","label":"🧹 上下文清理","message":"正在整理上下文信息..."}} @ webpack-internal:///(app-pages-browser)/./lib/chat-transport.ts:137
[  357943ms] [LOG] [ChatTransport] Stage update: {name: 3_CTX_CLEAN, status: start, label: 🧹 上下文清理, message: 正在整理上下文信息...} @ webpack-internal:///(app-pages-browser)/./lib/chat-transport.ts:147
[  357943ms] [LOG] [ChatTransport] onmessage triggered, has currentResponseHandler: true @ webpack-internal:///(app-pages-browser)/./lib/chat-transport.ts:41
[  357943ms] [LOG] [ChatTransport] responseHandler called, data: {"type":"stage","content":null,"error":null,"message_id":"e5652bc0-af34-427c-9c47-d7f526f6c6b3","conversation_id":null,"itinerary":null,"stage":{"name":"3_CTX_CLEAN","status":"skip","label":"🧹 上下文清理","message":"正在整理上下文信息..."}} @ webpack-internal:///(app-pages-browser)/./lib/chat-transport.ts:137
[  357943ms] [LOG] [ChatTransport] Stage update: {name: 3_CTX_CLEAN, status: skip, label: 🧹 上下文清理, message: 正在整理上下文信息...} @ webpack-internal:///(app-pages-browser)/./lib/chat-transport.ts:147
[  357943ms] [LOG] [ChatTransport] onmessage triggered, has currentResponseHandler: true @ webpack-internal:///(app-pages-browser)/./lib/chat-transport.ts:41
[  357943ms] [LOG] [ChatTransport] responseHandler called, data: {"type":"stage","content":null,"error":null,"message_id":"e5652bc0-af34-427c-9c47-d7f526f6c6b3","conversation_id":null,"itinerary":null,"stage":{"name":"4_TOOLS","status":"start","label":"🔧 工具调用","message":"正在获取实时数据..."}} @ webpack-internal:///(app-pages-browser)/./lib/chat-transport.ts:137
[  357943ms] [LOG] [ChatTransport] Stage update: {name: 4_TOOLS, status: start, label: 🔧 工具调用, message: 正在获取实时数据...} @ webpack-internal:///(app-pages-browser)/./lib/chat-transport.ts:147
[  387920ms] [LOG] [ChatTransport] onmessage triggered, has currentResponseHandler: true @ webpack-internal:///(app-pages-browser)/./lib/chat-transport.ts:41
[  387920ms] [LOG] [ChatTransport] responseHandler called, data: {"type":"stage","content":null,"error":null,"message_id":"e5652bc0-af34-427c-9c47-d7f526f6c6b3","conversation_id":null,"itinerary":null,"stage":{"name":"4_TOOLS","status":"end","label":"🔧 工具调用","message":"正在获取实时数据..."}} @ webpack-internal:///(app-pages-browser)/./lib/chat-transport.ts:137
[  387920ms] [LOG] [ChatTransport] Stage update: {name: 4_TOOLS, status: end, label: 🔧 工具调用, message: 正在获取实时数据...} @ webpack-internal:///(app-pages-browser)/./lib/chat-transport.ts:147
[  387937ms] [LOG] [ChatTransport] onmessage triggered, has currentResponseHandler: true @ webpack-internal:///(app-pages-browser)/./lib/chat-transport.ts:41
[  387937ms] [LOG] [ChatTransport] responseHandler called, data: {"type":"stage","content":null,"error":null,"message_id":"e5652bc0-af34-427c-9c47-d7f526f6c6b3","conversation_id":null,"itinerary":null,"stage":{"name":"5_CONTEXT","status":"start","label":"🔗 整合信息","message":"正在整合相关信息..."}} @ webpack-internal:///(app-pages-browser)/./lib/chat-transport.ts:137
[  387937ms] [LOG] [ChatTransport] Stage update: {name: 5_CONTEXT, status: start, label: 🔗 整合信息, message: 正在整合相关信息...} @ webpack-internal:///(app-pages-browser)/./lib/chat-transport.ts:147
[  387952ms] [LOG] [ChatTransport] onmessage triggered, has currentResponseHandler: true @ webpack-internal:///(app-pages-browser)/./lib/chat-transport.ts:41
[  387953ms] [LOG] [ChatTransport] responseHandler called, data: {"type":"stage","content":null,"error":null,"message_id":"e5652bc0-af34-427c-9c47-d7f526f6c6b3","conversation_id":null,"itinerary":null,"stage":{"name":"5_CONTEXT","status":"end","label":"🔗 整合信息","message":"正在整合相关信息..."}} @ webpack-internal:///(app-pages-browser)/./lib/chat-transport.ts:137
[  387953ms] [LOG] [ChatTransport] Stage update: {name: 5_CONTEXT, status: end, label: 🔗 整合信息, message: 正在整合相关信息...} @ webpack-internal:///(app-pages-browser)/./lib/chat-transport.ts:147
[  387955ms] [LOG] [ChatTransport] onmessage triggered, has currentResponseHandler: true @ webpack-internal:///(app-pages-browser)/./lib/chat-transport.ts:41
[  387956ms] [LOG] [ChatTransport] responseHandler called, data: {"type":"stage","content":null,"error":null,"message_id":"e5652bc0-af34-427c-9c47-d7f526f6c6b3","conversation_id":null,"itinerary":null,"stage":{"name":"6_LLM","status":"start","label":"✨ 生成回复","message":"正在生成回复内容..."}} @ webpack-internal:///(app-pages-browser)/./lib/chat-transport.ts:137
[  387956ms] [LOG] [ChatTransport] Stage update: {name: 6_LLM, status: start, label: ✨ 生成回复, message: 正在生成回复内容...} @ webpack-internal:///(app-pages-browser)/./lib/chat-transport.ts:147
[  388883ms] [LOG] [ChatTransport] onmessage triggered, has currentResponseHandler: true @ webpack-internal:///(app-pages-browser)/./lib/chat-transport.ts:41
[  388883ms] [LOG] [ChatTransport] responseHandler called, data: {"type":"delta","content":"根据","error":null,"message_id":"e5652bc0-af34-427c-9c47-d7f526f6c6b3","conversation_id":null,"itinerary":null,"stage":null} @ webpack-internal:///(app-pages-browser)/./lib/chat-transport.ts:137
[  389103ms] [LOG] [ChatTransport] onmessage triggered, has currentResponseHandler: true @ webpack-internal:///(app-pages-browser)/./lib/chat-transport.ts:41
[  389103ms] [LOG] [ChatTransport] responseHandler called, data: {"type":"delta","content":"我们","error":null,"message_id":"e5652bc0-af34-427c-9c47-d7f526f6c6b3","conversation_id":null,"itinerary":null,"stage":null} @ webpack-internal:///(app-pages-browser)/./lib/chat-transport.ts:137
[  389177ms] [LOG] [ChatTransport] onmessage triggered, has currentResponseHandler: true @ webpack-internal:///(app-pages-browser)/./lib/chat-transport.ts:41
[  389177ms] [LOG] [ChatTransport] responseHandler called, data: {"type":"delta","content":"刚才","error":null,"message_id":"e5652bc0-af34-427c-9c47-d7f526f6c6b3","conversation_id":null,"itinerary":null,"stage":null} @ webpack-internal:///(app-pages-browser)/./lib/chat-transport.ts:137
[  389196ms] [LOG] [ChatTransport] onmessage triggered, has currentResponseHandler: true @ webpack-internal:///(app-pages-browser)/./lib/chat-transport.ts:41
[  389196ms] [LOG] [ChatTransport] responseHandler called, data: {"type":"delta","content":"的","error":null,"message_id":"e5652bc0-af34-427c-9c47-d7f526f6c6b3","conversation_id":null,"itinerary":null,"stage":null} @ webpack-internal:///(app-pages-browser)/./lib/chat-transport.ts:137
[  389259ms] [LOG] [ChatTransport] onmessage triggered, has currentResponseHandler: true @ webpack-internal:///(app-pages-browser)/./lib/chat-transport.ts:41
[  389260ms] [LOG] [ChatTransport] responseHandler called, data: {"type":"delta","content":"对话","error":null,"message_id":"e5652bc0-af34-427c-9c47-d7f526f6c6b3","conversation_id":null,"itinerary":null,"stage":null} @ webpack-internal:///(app-pages-browser)/./lib/chat-transport.ts:137
[  389288ms] [LOG] [ChatTransport] onmessage triggered, has currentResponseHandler: true @ webpack-internal:///(app-pages-browser)/./lib/chat-transport.ts:41
[  389288ms] [LOG] [ChatTransport] responseHandler called, data: {"type":"delta","content":"和","error":null,"message_id":"e5652bc0-af34-427c-9c47-d7f526f6c6b3","conversation_id":null,"itinerary":null,"stage":null} @ webpack-internal:///(app-pages-browser)/./lib/chat-transport.ts:137
[  389324ms] [LOG] [ChatTransport] onmessage triggered, has currentResponseHandler: true @ webpack-internal:///(app-pages-browser)/./lib/chat-transport.ts:41
[  389325ms] [LOG] [ChatTransport] responseHandler called, data: {"type":"delta","content":"最新的","error":null,"message_id":"e5652bc0-af34-427c-9c47-d7f526f6c6b3","conversation_id":null,"itinerary":null,"stage":null} @ webpack-internal:///(app-pages-browser)/./lib/chat-transport.ts:137
[  389506ms] [LOG] [ChatTransport] onmessage triggered, has currentResponseHandler: true @ webpack-internal:///(app-pages-browser)/./lib/chat-transport.ts:41
[  389506ms] [LOG] [ChatTransport] responseHandler called, data: {"type":"delta","content":"查询","error":null,"message_id":"e5652bc0-af34-427c-9c47-d7f526f6c6b3","conversation_id":null,"itinerary":null,"stage":null} @ webpack-internal:///(app-pages-browser)/./lib/chat-transport.ts:137
[  389534ms] [LOG] [ChatTransport] onmessage triggered, has currentResponseHandler: true @ webpack-internal:///(app-pages-browser)/./lib/chat-transport.ts:41
[  389535ms] [LOG] [ChatTransport] responseHandler called, data: {"type":"delta","content":"结果","error":null,"message_id":"e5652bc0-af34-427c-9c47-d7f526f6c6b3","conversation_id":null,"itinerary":null,"stage":null} @ webpack-internal:///(app-pages-browser)/./lib/chat-transport.ts:137
[  389563ms] [LOG] [ChatTransport] onmessage triggered, has currentResponseHandler: true @ webpack-internal:///(app-pages-browser)/./lib/chat-transport.ts:41
[  389564ms] [LOG] [ChatTransport] responseHandler called, data: {"type":"delta","content":"，","error":null,"message_id":"e5652bc0-af34-427c-9c47-d7f526f6c6b3","conversation_id":null,"itinerary":null,"stage":null} @ webpack-internal:///(app-pages-browser)/./lib/chat-transport.ts:137
[  389564ms] [LOG] [ChatTransport] onmessage triggered, has currentResponseHandler: true @ webpack-internal:///(app-pages-browser)/./lib/chat-transport.ts:41
[  389564ms] [LOG] [ChatTransport] responseHandler called, data: {"type":"delta","content":"我","error":null,"message_id":"e5652bc0-af34-427c-9c47-d7f526f6c6b3","conversation_id":null,"itinerary":null,"stage":null} @ webpack-internal:///(app-pages-browser)/./lib/chat-transport.ts:137
[  389595ms] [LOG] [ChatTransport] onmessage triggered, has currentResponseHandler: true @ webpack-internal:///(app-pages-browser)/./lib/chat-transport.ts:41
[  389595ms] [LOG] [ChatTransport] responseHandler called, data: {"type":"delta","content":"为您","error":null,"message_id":"e5652bc0-af34-427c-9c47-d7f526f6c6b3","conversation_id":null,"itinerary":null,"stage":null} @ webpack-internal:///(app-pages-browser)/./lib/chat-transport.ts:137
[  389621ms] [LOG] [ChatTransport] onmessage triggered, has currentResponseHandler: true @ webpack-internal:///(app-pages-browser)/./lib/chat-transport.ts:41
[  389622ms] [LOG] [ChatTransport] responseHandler called, data: {"type":"delta","content":"整理了","error":null,"message_id":"e5652bc0-af34-427c-9c47-d7f526f6c6b3","conversation_id":null,"itinerary":null,"stage":null} @ webpack-internal:///(app-pages-browser)/./lib/chat-transport.ts:137
[  389654ms] [LOG] [ChatTransport] onmessage triggered, has currentResponseHandler: true @ webpack-internal:///(app-pages-browser)/./lib/chat-transport.ts:41
[  389654ms] [LOG] [ChatTransport] responseHandler called, data: {"type":"delta","content":"北京","error":null,"message_id":"e5652bc0-af34-427c-9c47-d7f526f6c6b3","conversation_id":null,"itinerary":null,"stage":null} @ webpack-internal:///(app-pages-browser)/./lib/chat-transport.ts:137
[  389680ms] [LOG] [ChatTransport] onmessage triggered, has currentResponseHandler: true @ webpack-internal:///(app-pages-browser)/./lib/chat-transport.ts:41
[  389680ms] [LOG] [ChatTransport] responseHandler called, data: {"type":"delta","content":"最","error":null,"message_id":"e5652bc0-af34-427c-9c47-d7f526f6c6b3","conversation_id":null,"itinerary":null,"stage":null} @ webpack-internal:///(app-pages-browser)/./lib/chat-transport.ts:137
[  389742ms] [LOG] [ChatTransport] onmessage triggered, has currentResponseHandler: true @ webpack-internal:///(app-pages-browser)/./lib/chat-transport.ts:41
[  389742ms] [LOG] [ChatTransport] responseHandler called, data: {"type":"delta","content":"值得","error":null,"message_id":"e5652bc0-af34-427c-9c47-d7f526f6c6b3","conversation_id":null,"itinerary":null,"stage":null} @ webpack-internal:///(app-pages-browser)/./lib/chat-transport.ts:137
[  389762ms] [LOG] [ChatTransport] onmessage triggered, has currentResponseHandler: true @ webpack-internal:///(app-pages-browser)/./lib/chat-transport.ts:41
[  389762ms] [LOG] [ChatTransport] responseHandler called, data: {"type":"delta","content":"参观","error":null,"message_id":"e5652bc0-af34-427c-9c47-d7f526f6c6b3","conversation_id":null,"itinerary":null,"stage":null} @ webpack-internal:///(app-pages-browser)/./lib/chat-transport.ts:137
[  389807ms] [LOG] [ChatTransport] onmessage triggered, has currentResponseHandler: true @ webpack-internal:///(app-pages-browser)/./lib/chat-transport.ts:41
[  389807ms] [LOG] [ChatTransport] responseHandler called, data: {"type":"delta","content":"的历史","error":null,"message_id":"e5652bc0-af34-427c-9c47-d7f526f6c6b3","conversation_id":null,"itinerary":null,"stage":null} @ webpack-internal:///(app-pages-browser)/./lib/chat-transport.ts:137
[  389807ms] [LOG] [ChatTransport] onmessage triggered, has currentResponseHandler: true @ webpack-internal:///(app-pages-browser)/./lib/chat-transport.ts:41
[  389807ms] [LOG] [ChatTransport] responseHandler called, data: {"type":"delta","content":"古迹","error":null,"message_id":"e5652bc0-af34-427c-9c47-d7f526f6c6b3","conversation_id":null,"itinerary":null,"stage":null} @ webpack-internal:///(app-pages-browser)/./lib/chat-transport.ts:137
[  389886ms] [LOG] [ChatTransport] onmessage triggered, has currentResponseHandler: true @ webpack-internal:///(app-pages-browser)/./lib/chat-transport.ts:41
[  389886ms] [LOG] [ChatTransport] responseHandler called, data: {"type":"delta","content":"景点","error":null,"message_id":"e5652bc0-af34-427c-9c47-d7f526f6c6b3","conversation_id":null,"itinerary":null,"stage":null} @ webpack-internal:///(app-pages-browser)/./lib/chat-transport.ts:137
[  389948ms] [LOG] [ChatTransport] onmessage triggered, has currentResponseHandler: true @ webpack-internal:///(app-pages-browser)/./lib/chat-transport.ts:41
[  389948ms] [LOG] [ChatTransport] responseHandler called, data: {"type":"delta","content":"：\n\n","error":null,"message_id":"e5652bc0-af34-427c-9c47-d7f526f6c6b3","conversation_id":null,"itinerary":null,"stage":null} @ webpack-internal:///(app-pages-browser)/./lib/chat-transport.ts:137
[  389954ms] [LOG] [ChatTransport] onmessage triggered, has currentResponseHandler: true @ webpack-internal:///(app-pages-browser)/./lib/chat-transport.ts:41
[  389954ms] [LOG] [ChatTransport] responseHandler called, data: {"type":"delta","content":"##","error":null,"message_id":"e5652bc0-af34-427c-9c47-d7f526f6c6b3","conversation_id":null,"itinerary":null,"stage":null} @ webpack-internal:///(app-pages-browser)/./lib/chat-transport.ts:137
[  390132ms] [LOG] [ChatTransport] onmessage triggered, has currentResponseHandler: true @ webpack-internal:///(app-pages-browser)/./lib/chat-transport.ts:41
[  390132ms] [LOG] [ChatTransport] responseHandler called, data: {"type":"delta","content":" **","error":null,"message_id":"e5652bc0-af34-427c-9c47-d7f526f6c6b3","conversation_id":null,"itinerary":null,"stage":null} @ webpack-internal:///(app-pages-browser)/./lib/chat-transport.ts:137
[  390163ms] [LOG] [ChatTransport] onmessage triggered, has currentResponseHandler: true @ webpack-internal:///(app-pages-browser)/./lib/chat-transport.ts:41
[  390164ms] [LOG] [ChatTransport] responseHandler called, data: {"type":"delta","content":"世界","error":null,"message_id":"e5652bc0-af34-427c-9c47-d7f526f6c6b3","conversation_id":null,"itinerary":null,"stage":null} @ webpack-internal:///(app-pages-browser)/./lib/chat-transport.ts:137
[  390202ms] [LOG] [ChatTransport] onmessage triggered, has currentResponseHandler: true @ webpack-internal:///(app-pages-browser)/./lib/chat-transport.ts:41
[  390202ms] [LOG] [ChatTransport] responseHandler called, data: {"type":"delta","content":"文化遗产","error":null,"message_id":"e5652bc0-af34-427c-9c47-d7f526f6c6b3","conversation_id":null,"itinerary":null,"stage":null} @ webpack-internal:///(app-pages-browser)/./lib/chat-transport.ts:137
[  390235ms] [LOG] [ChatTransport] onmessage triggered, has currentResponseHandler: true @ webpack-internal:///(app-pages-browser)/./lib/chat-transport.ts:41
[  390235ms] [LOG] [ChatTransport] responseHandler called, data: {"type":"delta","content":"（","error":null,"message_id":"e5652bc0-af34-427c-9c47-d7f526f6c6b3","conversation_id":null,"itinerary":null,"stage":null} @ webpack-internal:///(app-pages-browser)/./lib/chat-transport.ts:137
[  390236ms] [LOG] [ChatTransport] onmessage triggered, has currentResponseHandler: true @ webpack-internal:///(app-pages-browser)/./lib/chat-transport.ts:41
[  390236ms] [LOG] [ChatTransport] responseHandler called, data: {"type":"delta","content":"必","error":null,"message_id":"e5652bc0-af34-427c-9c47-d7f526f6c6b3","conversation_id":null,"itinerary":null,"stage":null} @ webpack-internal:///(app-pages-browser)/./lib/chat-transport.ts:137
[  390268ms] [LOG] [ChatTransport] onmessage triggered, has currentResponseHandler: true @ webpack-internal:///(app-pages-browser)/./lib/chat-transport.ts:41
[  390268ms] [LOG] [ChatTransport] responseHandler called, data: {"type":"delta","content":"游","error":null,"message_id":"e5652bc0-af34-427c-9c47-d7f526f6c6b3","conversation_id":null,"itinerary":null,"stage":null} @ webpack-internal:///(app-pages-browser)/./lib/chat-transport.ts:137
[  390299ms] [LOG] [ChatTransport] onmessage triggered, has currentResponseHandler: true @ webpack-internal:///(app-pages-browser)/./lib/chat-transport.ts:41
[  390299ms] [LOG] [ChatTransport] responseHandler called, data: {"type":"delta","content":"）","error":null,"message_id":"e5652bc0-af34-427c-9c47-d7f526f6c6b3","conversation_id":null,"itinerary":null,"stage":null} @ webpack-internal:///(app-pages-browser)/./lib/chat-transport.ts:137
[  390336ms] [LOG] [ChatTransport] onmessage triggered, has currentResponseHandler: true @ webpack-internal:///(app-pages-browser)/./lib/chat-transport.ts:41
[  390336ms] [LOG] [ChatTransport] responseHandler called, data: {"type":"delta","content":"**\n","error":null,"message_id":"e5652bc0-af34-427c-9c47-d7f526f6c6b3","conversation_id":null,"itinerary":null,"stage":null} @ webpack-internal:///(app-pages-browser)/./lib/chat-transport.ts:137
[  390362ms] [LOG] [ChatTransport] onmessage triggered, has currentResponseHandler: true @ webpack-internal:///(app-pages-browser)/./lib/chat-transport.ts:41
[  390362ms] [LOG] [ChatTransport] responseHandler called, data: {"type":"delta","content":"1","error":null,"message_id":"e5652bc0-af34-427c-9c47-d7f526f6c6b3","conversation_id":null,"itinerary":null,"stage":null} @ webpack-internal:///(app-pages-browser)/./lib/chat-transport.ts:137
[  390406ms] [LOG] [ChatTransport] onmessage triggered, has currentResponseHandler: true @ webpack-internal:///(app-pages-browser)/./lib/chat-transport.ts:41
[  390406ms] [LOG] [ChatTransport] responseHandler called, data: {"type":"delta","content":".","error":null,"message_id":"e5652bc0-af34-427c-9c47-d7f526f6c6b3","conversation_id":null,"itinerary":null,"stage":null} @ webpack-internal:///(app-pages-browser)/./lib/chat-transport.ts:137
[  390427ms] [LOG] [ChatTransport] onmessage triggered, has currentResponseHandler: true @ webpack-internal:///(app-pages-browser)/./lib/chat-transport.ts:41
[  390427ms] [LOG] [ChatTransport] responseHandler called, data: {"type":"delta","content":" **","error":null,"message_id":"e5652bc0-af34-427c-9c47-d7f526f6c6b3","conversation_id":null,"itinerary":null,"stage":null} @ webpack-internal:///(app-pages-browser)/./lib/chat-transport.ts:137
[  390495ms] [LOG] [ChatTransport] onmessage triggered, has currentResponseHandler: true @ webpack-internal:///(app-pages-browser)/./lib/chat-transport.ts:41
[  390495ms] [LOG] [ChatTransport] responseHandler called, data: {"type":"delta","content":"故宫","error":null,"message_id":"e5652bc0-af34-427c-9c47-d7f526f6c6b3","conversation_id":null,"itinerary":null,"stage":null} @ webpack-internal:///(app-pages-browser)/./lib/chat-transport.ts:137
[  390511ms] [LOG] [ChatTransport] onmessage triggered, has currentResponseHandler: true @ webpack-internal:///(app-pages-browser)/./lib/chat-transport.ts:41
[  390511ms] [LOG] [ChatTransport] responseHandler called, data: {"type":"delta","content":"博物院","error":null,"message_id":"e5652bc0-af34-427c-9c47-d7f526f6c6b3","conversation_id":null,"itinerary":null,"stage":null} @ webpack-internal:///(app-pages-browser)/./lib/chat-transport.ts:137
[  390557ms] [LOG] [ChatTransport] onmessage triggered, has currentResponseHandler: true @ webpack-internal:///(app-pages-browser)/./lib/chat-transport.ts:41
[  390558ms] [LOG] [ChatTransport] responseHandler called, data: {"type":"delta","content":"**","error":null,"message_id":"e5652bc0-af34-427c-9c47-d7f526f6c6b3","conversation_id":null,"itinerary":null,"stage":null} @ webpack-internal:///(app-pages-browser)/./lib/chat-transport.ts:137
[  390574ms] [LOG] [ChatTransport] onmessage triggered, has currentResponseHandler: true @ webpack-internal:///(app-pages-browser)/./lib/chat-transport.ts:41
[  390574ms] [LOG] [ChatTransport] responseHandler called, data: {"type":"delta","content":" -","error":null,"message_id":"e5652bc0-af34-427c-9c47-d7f526f6c6b3","conversation_id":null,"itinerary":null,"stage":null} @ webpack-internal:///(app-pages-browser)/./lib/chat-transport.ts:137
[  390709ms] [LOG] [ChatTransport] onmessage triggered, has currentResponseHandler: true @ webpack-internal:///(app-pages-browser)/./lib/chat-transport.ts:41
[  390709ms] [LOG] [ChatTransport] responseHandler called, data: {"type":"delta","content":" ","error":null,"message_id":"e5652bc0-af34-427c-9c47-d7f526f6c6b3","conversation_id":null,"itinerary":null,"stage":null} @ webpack-internal:///(app-pages-browser)/./lib/chat-transport.ts:137
[  390730ms] [LOG] [ChatTransport] onmessage triggered, has currentResponseHandler: true @ webpack-internal:///(app-pages-browser)/./lib/chat-transport.ts:41
[  390730ms] [LOG] [ChatTransport] responseHandler called, data: {"type":"delta","content":"明清","error":null,"message_id":"e5652bc0-af34-427c-9c47-d7f526f6c6b3","conversation_id":null,"itinerary":null,"stage":null} @ webpack-internal:///(app-pages-browser)/./lib/chat-transport.ts:137
[  390734ms] [LOG] [ChatTransport] onmessage triggered, has currentResponseHandler: true @ webpack-internal:///(app-pages-browser)/./lib/chat-transport.ts:41
[  390734ms] [LOG] [ChatTransport] responseHandler called, data: {"type":"delta","content":"两","error":null,"message_id":"e5652bc0-af34-427c-9c47-d7f526f6c6b3","conversation_id":null,"itinerary":null,"stage":null} @ webpack-internal:///(app-pages-browser)/./lib/chat-transport.ts:137
[  390734ms] [LOG] [ChatTransport] onmessage triggered, has currentResponseHandler: true @ webpack-internal:///(app-pages-browser)/./lib/chat-transport.ts:41
[  390735ms] [LOG] [ChatTransport] responseHandler called, data: {"type":"delta","content":"代","error":null,"message_id":"e5652bc0-af34-427c-9c47-d7f526f6c6b3","conversation_id":null,"itinerary":null,"stage":null} @ webpack-internal:///(app-pages-browser)/./lib/chat-transport.ts:137
[  390782ms] [LOG] [ChatTransport] onmessage triggered, has currentResponseHandler: true @ webpack-internal:///(app-pages-browser)/./lib/chat-transport.ts:41
[  390782ms] [LOG] [ChatTransport] responseHandler called, data: {"type":"delta","content":"皇家","error":null,"message_id":"e5652bc0-af34-427c-9c47-d7f526f6c6b3","conversation_id":null,"itinerary":null,"stage":null} @ webpack-internal:///(app-pages-browser)/./lib/chat-transport.ts:137
[  390862ms] [LOG] [ChatTransport] onmessage triggered, has currentResponseHandler: true @ webpack-internal:///(app-pages-browser)/./lib/chat-transport.ts:41
[  390862ms] [LOG] [ChatTransport] responseHandler called, data: {"type":"delta","content":"宫殿","error":null,"message_id":"e5652bc0-af34-427c-9c47-d7f526f6c6b3","conversation_id":null,"itinerary":null,"stage":null} @ webpack-internal:///(app-pages-browser)/./lib/chat-transport.ts:137
[  390863ms] [LOG] [ChatTransport] onmessage triggered, has currentResponseHandler: true @ webpack-internal:///(app-pages-browser)/./lib/chat-transport.ts:41
[  390863ms] [LOG] [ChatTransport] responseHandler called, data: {"type":"delta","content":"，","error":null,"message_id":"e5652bc0-af34-427c-9c47-d7f526f6c6b3","conversation_id":null,"itinerary":null,"stage":null} @ webpack-internal:///(app-pages-browser)/./lib/chat-transport.ts:137
[  390932ms] [LOG] [ChatTransport] onmessage triggered, has currentResponseHandler: true @ webpack-internal:///(app-pages-browser)/./lib/chat-transport.ts:41
[  390932ms] [LOG] [ChatTransport] responseHandler called, data: {"type":"delta","content":"世界","error":null,"message_id":"e5652bc0-af34-427c-9c47-d7f526f6c6b3","conversation_id":null,"itinerary":null,"stage":null} @ webpack-internal:///(app-pages-browser)/./lib/chat-transport.ts:137
[  390936ms] [LOG] [ChatTransport] onmessage triggered, has currentResponseHandler: true @ webpack-internal:///(app-pages-browser)/./lib/chat-transport.ts:41
[  390936ms] [LOG] [ChatTransport] responseHandler called, data: {"type":"delta","content":"最大","error":null,"message_id":"e5652bc0-af34-427c-9c47-d7f526f6c6b3","conversation_id":null,"itinerary":null,"stage":null} @ webpack-internal:///(app-pages-browser)/./lib/chat-transport.ts:137
[  391023ms] [LOG] [ChatTransport] onmessage triggered, has currentResponseHandler: true @ webpack-internal:///(app-pages-browser)/./lib/chat-transport.ts:41
[  391023ms] [LOG] [ChatTransport] responseHandler called, data: {"type":"delta","content":"古代","error":null,"message_id":"e5652bc0-af34-427c-9c47-d7f526f6c6b3","conversation_id":null,"itinerary":null,"stage":null} @ webpack-internal:///(app-pages-browser)/./lib/chat-transport.ts:137
[  391090ms] [LOG] [ChatTransport] onmessage triggered, has currentResponseHandler: true @ webpack-internal:///(app-pages-browser)/./lib/chat-transport.ts:41
[  391090ms] [LOG] [ChatTransport] responseHandler called, data: {"type":"delta","content":"宫殿","error":null,"message_id":"e5652bc0-af34-427c-9c47-d7f526f6c6b3","conversation_id":null,"itinerary":null,"stage":null} @ webpack-internal:///(app-pages-browser)/./lib/chat-transport.ts:137
[  391090ms] [LOG] [ChatTransport] onmessage triggered, has currentResponseHandler: true @ webpack-internal:///(app-pages-browser)/./lib/chat-transport.ts:41
[  391090ms] [LOG] [ChatTransport] responseHandler called, data: {"type":"delta","content":"建筑","error":null,"message_id":"e5652bc0-af34-427c-9c47-d7f526f6c6b3","conversation_id":null,"itinerary":null,"stage":null} @ webpack-internal:///(app-pages-browser)/./lib/chat-transport.ts:137
[  391176ms] [LOG] [ChatTransport] onmessage triggered, has currentResponseHandler: true @ webpack-internal:///(app-pages-browser)/./lib/chat-transport.ts:41
[  391176ms] [LOG] [ChatTransport] responseHandler called, data: {"type":"delta","content":"群","error":null,"message_id":"e5652bc0-af34-427c-9c47-d7f526f6c6b3","conversation_id":null,"itinerary":null,"stage":null} @ webpack-internal:///(app-pages-browser)/./lib/chat-transport.ts:137
[  391192ms] [LOG] [ChatTransport] onmessage triggered, has currentResponseHandler: true @ webpack-internal:///(app-pages-browser)/./lib/chat-transport.ts:41
[  391193ms] [LOG] [ChatTransport] responseHandler called, data: {"type":"delta","content":"\n","error":null,"message_id":"e5652bc0-af34-427c-9c47-d7f526f6c6b3","conversation_id":null,"itinerary":null,"stage":null} @ webpack-internal:///(app-pages-browser)/./lib/chat-transport.ts:137
[  391243ms] [LOG] [ChatTransport] onmessage triggered, has currentResponseHandler: true @ webpack-internal:///(app-pages-browser)/./lib/chat-transport.ts:41
[  391243ms] [LOG] [ChatTransport] responseHandler called, data: {"type":"delta","content":"  ","error":null,"message_id":"e5652bc0-af34-427c-9c47-d7f526f6c6b3","conversation_id":null,"itinerary":null,"stage":null} @ webpack-internal:///(app-pages-browser)/./lib/chat-transport.ts:137
[  391261ms] [LOG] [ChatTransport] onmessage triggered, has currentResponseHandler: true @ webpack-internal:///(app-pages-browser)/./lib/chat-transport.ts:41
[  391262ms] [LOG] [ChatTransport] responseHandler called, data: {"type":"delta","content":" -","error":null,"message_id":"e5652bc0-af34-427c-9c47-d7f526f6c6b3","conversation_id":null,"itinerary":null,"stage":null} @ webpack-internal:///(app-pages-browser)/./lib/chat-transport.ts:137
[  391361ms] [LOG] [ChatTransport] onmessage triggered, has currentResponseHandler: true @ webpack-internal:///(app-pages-browser)/./lib/chat-transport.ts:41
[  391361ms] [LOG] [ChatTransport] responseHandler called, data: {"type":"delta","content":" ","error":null,"message_id":"e5652bc0-af34-427c-9c47-d7f526f6c6b3","conversation_id":null,"itinerary":null,"stage":null} @ webpack-internal:///(app-pages-browser)/./lib/chat-transport.ts:137
[  391387ms] [LOG] [ChatTransport] onmessage triggered, has currentResponseHandler: true @ webpack-internal:///(app-pages-browser)/./lib/chat-transport.ts:41
[  391387ms] [LOG] [ChatTransport] responseHandler called, data: {"type":"delta","content":"包含","error":null,"message_id":"e5652bc0-af34-427c-9c47-d7f526f6c6b3","conversation_id":null,"itinerary":null,"stage":null} @ webpack-internal:///(app-pages-browser)/./lib/chat-transport.ts:137
[  391406ms] [LOG] [ChatTransport] onmessage triggered, has currentResponseHandler: true @ webpack-internal:///(app-pages-browser)/./lib/chat-transport.ts:41
[  391406ms] [LOG] [ChatTransport] responseHandler called, data: {"type":"delta","content":"：","error":null,"message_id":"e5652bc0-af34-427c-9c47-d7f526f6c6b3","conversation_id":null,"itinerary":null,"stage":null} @ webpack-internal:///(app-pages-browser)/./lib/chat-transport.ts:137
[  391432ms] [LOG] [ChatTransport] onmessage triggered, has currentResponseHandler: true @ webpack-internal:///(app-pages-browser)/./lib/chat-transport.ts:41
[  391432ms] [LOG] [ChatTransport] responseHandler called, data: {"type":"delta","content":"西北","error":null,"message_id":"e5652bc0-af34-427c-9c47-d7f526f6c6b3","conversation_id":null,"itinerary":null,"stage":null} @ webpack-internal:///(app-pages-browser)/./lib/chat-transport.ts:137
[  391487ms] [LOG] [ChatTransport] onmessage triggered, has currentResponseHandler: true @ webpack-internal:///(app-pages-browser)/./lib/chat-transport.ts:41
[  391487ms] [LOG] [ChatTransport] responseHandler called, data: {"type":"delta","content":"角","error":null,"message_id":"e5652bc0-af34-427c-9c47-d7f526f6c6b3","conversation_id":null,"itinerary":null,"stage":null} @ webpack-internal:///(app-pages-browser)/./lib/chat-transport.ts:137
[  391502ms] [LOG] [ChatTransport] onmessage triggered, has currentResponseHandler: true @ webpack-internal:///(app-pages-browser)/./lib/chat-transport.ts:41
[  391502ms] [LOG] [ChatTransport] responseHandler called, data: {"type":"delta","content":"楼","error":null,"message_id":"e5652bc0-af34-427c-9c47-d7f526f6c6b3","conversation_id":null,"itinerary":null,"stage":null} @ webpack-internal:///(app-pages-browser)/./lib/chat-transport.ts:137
[  391570ms] [LOG] [ChatTransport] onmessage triggered, has currentResponseHandler: true @ webpack-internal:///(app-pages-browser)/./lib/chat-transport.ts:41
[  391570ms] [LOG] [ChatTransport] responseHandler called, data: {"type":"delta","content":"、","error":null,"message_id":"e5652bc0-af34-427c-9c47-d7f526f6c6b3","conversation_id":null,"itinerary":null,"stage":null} @ webpack-internal:///(app-pages-browser)/./lib/chat-transport.ts:137
[  391597ms] [LOG] [ChatTransport] onmessage triggered, has currentResponseHandler: true @ webpack-internal:///(app-pages-browser)/./lib/chat-transport.ts:41
[  391597ms] [LOG] [ChatTransport] responseHandler called, data: {"type":"delta","content":"东北","error":null,"message_id":"e5652bc0-af34-427c-9c47-d7f526f6c6b3","conversation_id":null,"itinerary":null,"stage":null} @ webpack-internal:///(app-pages-browser)/./lib/chat-transport.ts:137
[  391628ms] [LOG] [ChatTransport] onmessage triggered, has currentResponseHandler: true @ webpack-internal:///(app-pages-browser)/./lib/chat-transport.ts:41
[  391628ms] [LOG] [ChatTransport] responseHandler called, data: {"type":"delta","content":"角","error":null,"message_id":"e5652bc0-af34-427c-9c47-d7f526f6c6b3","conversation_id":null,"itinerary":null,"stage":null} @ webpack-internal:///(app-pages-browser)/./lib/chat-transport.ts:137
[  391654ms] [LOG] [ChatTransport] onmessage triggered, has currentResponseHandler: true @ webpack-internal:///(app-pages-browser)/./lib/chat-transport.ts:41
[  391654ms] [LOG] [ChatTransport] responseHandler called, data: {"type":"delta","content":"楼","error":null,"message_id":"e5652bc0-af34-427c-9c47-d7f526f6c6b3","conversation_id":null,"itinerary":null,"stage":null} @ webpack-internal:///(app-pages-browser)/./lib/chat-transport.ts:137
[  391691ms] [LOG] [ChatTransport] onmessage triggered, has currentResponseHandler: true @ webpack-internal:///(app-pages-browser)/./lib/chat-transport.ts:41
[  391692ms] [LOG] [ChatTransport] responseHandler called, data: {"type":"delta","content":"等","error":null,"message_id":"e5652bc0-af34-427c-9c47-d7f526f6c6b3","conversation_id":null,"itinerary":null,"stage":null} @ webpack-internal:///(app-pages-browser)/./lib/chat-transport.ts:137
[  391711ms] [LOG] [ChatTransport] onmessage triggered, has currentResponseHandler: true @ webpack-internal:///(app-pages-browser)/./lib/chat-transport.ts:41
[  391711ms] [LOG] [ChatTransport] responseHandler called, data: {"type":"delta","content":"特色","error":null,"message_id":"e5652bc0-af34-427c-9c47-d7f526f6c6b3","conversation_id":null,"itinerary":null,"stage":null} @ webpack-internal:///(app-pages-browser)/./lib/chat-transport.ts:137
[  391862ms] [LOG] [ChatTransport] onmessage triggered, has currentResponseHandler: true @ webpack-internal:///(app-pages-browser)/./lib/chat-transport.ts:41
[  391862ms] [LOG] [ChatTransport] responseHandler called, data: {"type":"delta","content":"建筑","error":null,"message_id":"e5652bc0-af34-427c-9c47-d7f526f6c6b3","conversation_id":null,"itinerary":null,"stage":null} @ webpack-internal:///(app-pages-browser)/./lib/chat-transport.ts:137
[  391866ms] [LOG] [ChatTransport] onmessage triggered, has currentResponseHandler: true @ webpack-internal:///(app-pages-browser)/./lib/chat-transport.ts:41
[  391866ms] [LOG] [ChatTransport] responseHandler called, data: {"type":"delta","content":"\n","error":null,"message_id":"e5652bc0-af34-427c-9c47-d7f526f6c6b3","conversation_id":null,"itinerary":null,"stage":null} @ webpack-internal:///(app-pages-browser)/./lib/chat-transport.ts:137
[  391866ms] [LOG] [ChatTransport] onmessage triggered, has currentResponseHandler: true @ webpack-internal:///(app-pages-browser)/./lib/chat-transport.ts:41
[  391866ms] [LOG] [ChatTransport] responseHandler called, data: {"type":"delta","content":"  ","error":null,"message_id":"e5652bc0-af34-427c-9c47-d7f526f6c6b3","conversation_id":null,"itinerary":null,"stage":null} @ webpack-internal:///(app-pages-browser)/./lib/chat-transport.ts:137
[  391866ms] [LOG] [ChatTransport] onmessage triggered, has currentResponseHandler: true @ webpack-internal:///(app-pages-browser)/./lib/chat-transport.ts:41
[  391866ms] [LOG] [ChatTransport] responseHandler called, data: {"type":"delta","content":" -","error":null,"message_id":"e5652bc0-af34-427c-9c47-d7f526f6c6b3","conversation_id":null,"itinerary":null,"stage":null} @ webpack-internal:///(app-pages-browser)/./lib/chat-transport.ts:137
[  391932ms] [LOG] [ChatTransport] onmessage triggered, has currentResponseHandler: true @ webpack-internal:///(app-pages-browser)/./lib/chat-transport.ts:41
[  391932ms] [LOG] [ChatTransport] responseHandler called, data: {"type":"delta","content":" ","error":null,"message_id":"e5652bc0-af34-427c-9c47-d7f526f6c6b3","conversation_id":null,"itinerary":null,"stage":null} @ webpack-internal:///(app-pages-browser)/./lib/chat-transport.ts:137
[  391937ms] [LOG] [ChatTransport] onmessage triggered, has currentResponseHandler: true @ webpack-internal:///(app-pages-browser)/./lib/chat-transport.ts:41
[  391937ms] [LOG] [ChatTransport] responseHandler called, data: {"type":"delta","content":"建议","error":null,"message_id":"e5652bc0-af34-427c-9c47-d7f526f6c6b3","conversation_id":null,"itinerary":null,"stage":null} @ webpack-internal:///(app-pages-browser)/./lib/chat-transport.ts:137
[  391999ms] [LOG] [ChatTransport] onmessage triggered, has currentResponseHandler: true @ webpack-internal:///(app-pages-browser)/./lib/chat-transport.ts:41
[  391999ms] [LOG] [ChatTransport] responseHandler called, data: {"type":"delta","content":"游览","error":null,"message_id":"e5652bc0-af34-427c-9c47-d7f526f6c6b3","conversation_id":null,"itinerary":null,"stage":null} @ webpack-internal:///(app-pages-browser)/./lib/chat-transport.ts:137
[  391999ms] [LOG] [ChatTransport] onmessage triggered, has currentResponseHandler: true @ webpack-internal:///(app-pages-browser)/./lib/chat-transport.ts:41
[  391999ms] [LOG] [ChatTransport] responseHandler called, data: {"type":"delta","content":"时间","error":null,"message_id":"e5652bc0-af34-427c-9c47-d7f526f6c6b3","conversation_id":null,"itinerary":null,"stage":null} @ webpack-internal:///(app-pages-browser)/./lib/chat-transport.ts:137
[  392083ms] [LOG] [ChatTransport] onmessage triggered, has currentResponseHandler: true @ webpack-internal:///(app-pages-browser)/./lib/chat-transport.ts:41
[  392083ms] [LOG] [ChatTransport] responseHandler called, data: {"type":"delta","content":"：","error":null,"message_id":"e5652bc0-af34-427c-9c47-d7f526f6c6b3","conversation_id":null,"itinerary":null,"stage":null} @ webpack-internal:///(app-pages-browser)/./lib/chat-transport.ts:137
[  392084ms] [LOG] [ChatTransport] onmessage triggered, has currentResponseHandler: true @ webpack-internal:///(app-pages-browser)/./lib/chat-transport.ts:41
[  392084ms] [LOG] [ChatTransport] responseHandler called, data: {"type":"delta","content":"半天","error":null,"message_id":"e5652bc0-af34-427c-9c47-d7f526f6c6b3","conversation_id":null,"itinerary":null,"stage":null} @ webpack-internal:///(app-pages-browser)/./lib/chat-transport.ts:137
[  392342ms] [LOG] [ChatTransport] onmessage triggered, has currentResponseHandler: true @ webpack-internal:///(app-pages-browser)/./lib/chat-transport.ts:41
[  392342ms] [LOG] [ChatTransport] responseHandler called, data: {"type":"delta","content":"至","error":null,"message_id":"e5652bc0-af34-427c-9c47-d7f526f6c6b3","conversation_id":null,"itinerary":null,"stage":null} @ webpack-internal:///(app-pages-browser)/./lib/chat-transport.ts:137
[  392361ms] [LOG] [ChatTransport] onmessage triggered, has currentResponseHandler: true @ webpack-internal:///(app-pages-browser)/./lib/chat-transport.ts:41
[  392362ms] [LOG] [ChatTransport] responseHandler called, data: {"type":"delta","content":"一天","error":null,"message_id":"e5652bc0-af34-427c-9c47-d7f526f6c6b3","conversation_id":null,"itinerary":null,"stage":null} @ webpack-internal:///(app-pages-browser)/./lib/chat-transport.ts:137
[  392392ms] [LOG] [ChatTransport] onmessage triggered, has currentResponseHandler: true @ webpack-internal:///(app-pages-browser)/./lib/chat-transport.ts:41
[  392392ms] [LOG] [ChatTransport] responseHandler called, data: {"type":"delta","content":"\n\n","error":null,"message_id":"e5652bc0-af34-427c-9c47-d7f526f6c6b3","conversation_id":null,"itinerary":null,"stage":null} @ webpack-internal:///(app-pages-browser)/./lib/chat-transport.ts:137
[  392393ms] [LOG] [ChatTransport] onmessage triggered, has currentResponseHandler: true @ webpack-internal:///(app-pages-browser)/./lib/chat-transport.ts:41
[  392393ms] [LOG] [ChatTransport] responseHandler called, data: {"type":"delta","content":"2","error":null,"message_id":"e5652bc0-af34-427c-9c47-d7f526f6c6b3","conversation_id":null,"itinerary":null,"stage":null} @ webpack-internal:///(app-pages-browser)/./lib/chat-transport.ts:137
[  392394ms] [LOG] [ChatTransport] onmessage triggered, has currentResponseHandler: true @ webpack-internal:///(app-pages-browser)/./lib/chat-transport.ts:41
[  392394ms] [LOG] [ChatTransport] responseHandler called, data: {"type":"delta","content":".","error":null,"message_id":"e5652bc0-af34-427c-9c47-d7f526f6c6b3","conversation_id":null,"itinerary":null,"stage":null} @ webpack-internal:///(app-pages-browser)/./lib/chat-transport.ts:137
[  392394ms] [LOG] [ChatTransport] onmessage triggered, has currentResponseHandler: true @ webpack-internal:///(app-pages-browser)/./lib/chat-transport.ts:41
[  392395ms] [LOG] [ChatTransport] responseHandler called, data: {"type":"delta","content":" **","error":null,"message_id":"e5652bc0-af34-427c-9c47-d7f526f6c6b3","conversation_id":null,"itinerary":null,"stage":null} @ webpack-internal:///(app-pages-browser)/./lib/chat-transport.ts:137
[  392424ms] [LOG] [ChatTransport] onmessage triggered, has currentResponseHandler: true @ webpack-internal:///(app-pages-browser)/./lib/chat-transport.ts:41
[  392424ms] [LOG] [ChatTransport] responseHandler called, data: {"type":"delta","content":"颐","error":null,"message_id":"e5652bc0-af34-427c-9c47-d7f526f6c6b3","conversation_id":null,"itinerary":null,"stage":null} @ webpack-internal:///(app-pages-browser)/./lib/chat-transport.ts:137
[  392424ms] [LOG] [ChatTransport] onmessage triggered, has currentResponseHandler: true @ webpack-internal:///(app-pages-browser)/./lib/chat-transport.ts:41
[  392424ms] [LOG] [ChatTransport] responseHandler called, data: {"type":"delta","content":"和","error":null,"message_id":"e5652bc0-af34-427c-9c47-d7f526f6c6b3","conversation_id":null,"itinerary":null,"stage":null} @ webpack-internal:///(app-pages-browser)/./lib/chat-transport.ts:137
[  392456ms] [LOG] [ChatTransport] onmessage triggered, has currentResponseHandler: true @ webpack-internal:///(app-pages-browser)/./lib/chat-transport.ts:41
[  392456ms] [LOG] [ChatTransport] responseHandler called, data: {"type":"delta","content":"园","error":null,"message_id":"e5652bc0-af34-427c-9c47-d7f526f6c6b3","conversation_id":null,"itinerary":null,"stage":null} @ webpack-internal:///(app-pages-browser)/./lib/chat-transport.ts:137
[  392473ms] [LOG] [ChatTransport] onmessage triggered, has currentResponseHandler: true @ webpack-internal:///(app-pages-browser)/./lib/chat-transport.ts:41
[  392473ms] [LOG] [ChatTransport] responseHandler called, data: {"type":"delta","content":"**","error":null,"message_id":"e5652bc0-af34-427c-9c47-d7f526f6c6b3","conversation_id":null,"itinerary":null,"stage":null} @ webpack-internal:///(app-pages-browser)/./lib/chat-transport.ts:137
[  392532ms] [LOG] [ChatTransport] onmessage triggered, has currentResponseHandler: true @ webpack-internal:///(app-pages-browser)/./lib/chat-transport.ts:41
[  392532ms] [LOG] [ChatTransport] responseHandler called, data: {"type":"delta","content":" -","error":null,"message_id":"e5652bc0-af34-427c-9c47-d7f526f6c6b3","conversation_id":null,"itinerary":null,"stage":null} @ webpack-internal:///(app-pages-browser)/./lib/chat-transport.ts:137
[  392556ms] [LOG] [ChatTransport] onmessage triggered, has currentResponseHandler: true @ webpack-internal:///(app-pages-browser)/./lib/chat-transport.ts:41
[  392556ms] [LOG] [ChatTransport] responseHandler called, data: {"type":"delta","content":" ","error":null,"message_id":"e5652bc0-af34-427c-9c47-d7f526f6c6b3","conversation_id":null,"itinerary":null,"stage":null} @ webpack-internal:///(app-pages-browser)/./lib/chat-transport.ts:137
[  392808ms] [LOG] [ChatTransport] onmessage triggered, has currentResponseHandler: true @ webpack-internal:///(app-pages-browser)/./lib/chat-transport.ts:41
[  392808ms] [LOG] [ChatTransport] responseHandler called, data: {"type":"delta","content":"中国","error":null,"message_id":"e5652bc0-af34-427c-9c47-d7f526f6c6b3","conversation_id":null,"itinerary":null,"stage":null} @ webpack-internal:///(app-pages-browser)/./lib/chat-transport.ts:137
[  392831ms] [LOG] [ChatTransport] onmessage triggered, has currentResponseHandler: true @ webpack-internal:///(app-pages-browser)/./lib/chat-transport.ts:41
[  392831ms] [LOG] [ChatTransport] responseHandler called, data: {"type":"delta","content":"现存","error":null,"message_id":"e5652bc0-af34-427c-9c47-d7f526f6c6b3","conversation_id":null,"itinerary":null,"stage":null} @ webpack-internal:///(app-pages-browser)/./lib/chat-transport.ts:137
[  392832ms] [LOG] [ChatTransport] onmessage triggered, has currentResponseHandler: true @ webpack-internal:///(app-pages-browser)/./lib/chat-transport.ts:41
[  392832ms] [LOG] [ChatTransport] responseHandler called, data: {"type":"delta","content":"最","error":null,"message_id":"e5652bc0-af34-427c-9c47-d7f526f6c6b3","conversation_id":null,"itinerary":null,"stage":null} @ webpack-internal:///(app-pages-browser)/./lib/chat-transport.ts:137
[  392864ms] [LOG] [ChatTransport] onmessage triggered, has currentResponseHandler: true @ webpack-internal:///(app-pages-browser)/./lib/chat-transport.ts:41
[  392865ms] [LOG] [ChatTransport] responseHandler called, data: {"type":"delta","content":"完整的","error":null,"message_id":"e5652bc0-af34-427c-9c47-d7f526f6c6b3","conversation_id":null,"itinerary":null,"stage":null} @ webpack-internal:///(app-pages-browser)/./lib/chat-transport.ts:137
[  392865ms] [LOG] [ChatTransport] onmessage triggered, has currentResponseHandler: true @ webpack-internal:///(app-pages-browser)/./lib/chat-transport.ts:41
[  392865ms] [LOG] [ChatTransport] responseHandler called, data: {"type":"delta","content":"皇家","error":null,"message_id":"e5652bc0-af34-427c-9c47-d7f526f6c6b3","conversation_id":null,"itinerary":null,"stage":null} @ webpack-internal:///(app-pages-browser)/./lib/chat-transport.ts:137
[  392866ms] [LOG] [ChatTransport] onmessage triggered, has currentResponseHandler: true @ webpack-internal:///(app-pages-browser)/./lib/chat-transport.ts:41
[  392866ms] [LOG] [ChatTransport] responseHandler called, data: {"type":"delta","content":"园林","error":null,"message_id":"e5652bc0-af34-427c-9c47-d7f526f6c6b3","conversation_id":null,"itinerary":null,"stage":null} @ webpack-internal:///(app-pages-browser)/./lib/chat-transport.ts:137
[  392896ms] [LOG] [ChatTransport] onmessage triggered, has currentResponseHandler: true @ webpack-internal:///(app-pages-browser)/./lib/chat-transport.ts:41
[  392896ms] [LOG] [ChatTransport] responseHandler called, data: {"type":"delta","content":"\n","error":null,"message_id":"e5652bc0-af34-427c-9c47-d7f526f6c6b3","conversation_id":null,"itinerary":null,"stage":null} @ webpack-internal:///(app-pages-browser)/./lib/chat-transport.ts:137
[  392897ms] [LOG] [ChatTransport] onmessage triggered, has currentResponseHandler: true @ webpack-internal:///(app-pages-browser)/./lib/chat-transport.ts:41
[  392897ms] [LOG] [ChatTransport] responseHandler called, data: {"type":"delta","content":"  ","error":null,"message_id":"e5652bc0-af34-427c-9c47-d7f526f6c6b3","conversation_id":null,"itinerary":null,"stage":null} @ webpack-internal:///(app-pages-browser)/./lib/chat-transport.ts:137
[  392925ms] [LOG] [ChatTransport] onmessage triggered, has currentResponseHandler: true @ webpack-internal:///(app-pages-browser)/./lib/chat-transport.ts:41
[  392925ms] [LOG] [ChatTransport] responseHandler called, data: {"type":"delta","content":" -","error":null,"message_id":"e5652bc0-af34-427c-9c47-d7f526f6c6b3","conversation_id":null,"itinerary":null,"stage":null} @ webpack-internal:///(app-pages-browser)/./lib/chat-transport.ts:137
[  392960ms] [LOG] [ChatTransport] onmessage triggered, has currentResponseHandler: true @ webpack-internal:///(app-pages-browser)/./lib/chat-transport.ts:41
[  392960ms] [LOG] [ChatTransport] responseHandler called, data: {"type":"delta","content":" ","error":null,"message_id":"e5652bc0-af34-427c-9c47-d7f526f6c6b3","conversation_id":null,"itinerary":null,"stage":null} @ webpack-internal:///(app-pages-browser)/./lib/chat-transport.ts:137
[  392990ms] [LOG] [ChatTransport] onmessage triggered, has currentResponseHandler: true @ webpack-internal:///(app-pages-browser)/./lib/chat-transport.ts:41
[  392990ms] [LOG] [ChatTransport] responseHandler called, data: {"type":"delta","content":"主要","error":null,"message_id":"e5652bc0-af34-427c-9c47-d7f526f6c6b3","conversation_id":null,"itinerary":null,"stage":null} @ webpack-internal:///(app-pages-browser)/./lib/chat-transport.ts:137
[  393048ms] [LOG] [ChatTransport] onmessage triggered, has currentResponseHandler: true @ webpack-internal:///(app-pages-browser)/./lib/chat-transport.ts:41
[  393048ms] [LOG] [ChatTransport] responseHandler called, data: {"type":"delta","content":"看点","error":null,"message_id":"e5652bc0-af34-427c-9c47-d7f526f6c6b3","conversation_id":null,"itinerary":null,"stage":null} @ webpack-internal:///(app-pages-browser)/./lib/chat-transport.ts:137
[  393308ms] [LOG] [ChatTransport] onmessage triggered, has currentResponseHandler: true @ webpack-internal:///(app-pages-browser)/./lib/chat-transport.ts:41
[  393309ms] [LOG] [ChatTransport] responseHandler called, data: {"type":"delta","content":"：","error":null,"message_id":"e5652bc0-af34-427c-9c47-d7f526f6c6b3","conversation_id":null,"itinerary":null,"stage":null} @ webpack-internal:///(app-pages-browser)/./lib/chat-transport.ts:137
[  393318ms] [LOG] [ChatTransport] onmessage triggered, has currentResponseHandler: true @ webpack-internal:///(app-pages-browser)/./lib/chat-transport.ts:41
[  393318ms] [LOG] [ChatTransport] responseHandler called, data: {"type":"delta","content":"佛","error":null,"message_id":"e5652bc0-af34-427c-9c47-d7f526f6c6b3","conversation_id":null,"itinerary":null,"stage":null} @ webpack-internal:///(app-pages-browser)/./lib/chat-transport.ts:137
[  393318ms] [LOG] [ChatTransport] onmessage triggered, has currentResponseHandler: true @ webpack-internal:///(app-pages-browser)/./lib/chat-transport.ts:41
[  393318ms] [LOG] [ChatTransport] responseHandler called, data: {"type":"delta","content":"香","error":null,"message_id":"e5652bc0-af34-427c-9c47-d7f526f6c6b3","conversation_id":null,"itinerary":null,"stage":null} @ webpack-internal:///(app-pages-browser)/./lib/chat-transport.ts:137
[  393324ms] [LOG] [ChatTransport] onmessage triggered, has currentResponseHandler: true @ webpack-internal:///(app-pages-browser)/./lib/chat-transport.ts:41
[  393324ms] [LOG] [ChatTransport] responseHandler called, data: {"type":"delta","content":"阁","error":null,"message_id":"e5652bc0-af34-427c-9c47-d7f526f6c6b3","conversation_id":null,"itinerary":null,"stage":null} @ webpack-internal:///(app-pages-browser)/./lib/chat-transport.ts:137
[  393324ms] [LOG] [ChatTransport] onmessage triggered, has currentResponseHandler: true @ webpack-internal:///(app-pages-browser)/./lib/chat-transport.ts:41
[  393324ms] [LOG] [ChatTransport] responseHandler called, data: {"type":"delta","content":"、","error":null,"message_id":"e5652bc0-af34-427c-9c47-d7f526f6c6b3","conversation_id":null,"itinerary":null,"stage":null} @ webpack-internal:///(app-pages-browser)/./lib/chat-transport.ts:137
[  393325ms] [LOG] [ChatTransport] onmessage triggered, has currentResponseHandler: true @ webpack-internal:///(app-pages-browser)/./lib/chat-transport.ts:41
[  393325ms] [LOG] [ChatTransport] responseHandler called, data: {"type":"delta","content":"十七","error":null,"message_id":"e5652bc0-af34-427c-9c47-d7f526f6c6b3","conversation_id":null,"itinerary":null,"stage":null} @ webpack-internal:///(app-pages-browser)/./lib/chat-transport.ts:137
[  393369ms] [LOG] [ChatTransport] onmessage triggered, has currentResponseHandler: true @ webpack-internal:///(app-pages-browser)/./lib/chat-transport.ts:41
[  393370ms] [LOG] [ChatTransport] responseHandler called, data: {"type":"delta","content":"孔","error":null,"message_id":"e5652bc0-af34-427c-9c47-d7f526f6c6b3","conversation_id":null,"itinerary":null,"stage":null} @ webpack-internal:///(app-pages-browser)/./lib/chat-transport.ts:137
[  393370ms] [LOG] [ChatTransport] onmessage triggered, has currentResponseHandler: true @ webpack-internal:///(app-pages-browser)/./lib/chat-transport.ts:41
[  393370ms] [LOG] [ChatTransport] responseHandler called, data: {"type":"delta","content":"桥","error":null,"message_id":"e5652bc0-af34-427c-9c47-d7f526f6c6b3","conversation_id":null,"itinerary":null,"stage":null} @ webpack-internal:///(app-pages-browser)/./lib/chat-transport.ts:137
[  393429ms] [LOG] [ChatTransport] onmessage triggered, has currentResponseHandler: true @ webpack-internal:///(app-pages-browser)/./lib/chat-transport.ts:41
[  393429ms] [LOG] [ChatTransport] responseHandler called, data: {"type":"delta","content":"、","error":null,"message_id":"e5652bc0-af34-427c-9c47-d7f526f6c6b3","conversation_id":null,"itinerary":null,"stage":null} @ webpack-internal:///(app-pages-browser)/./lib/chat-transport.ts:137
[  393457ms] [LOG] [ChatTransport] onmessage triggered, has currentResponseHandler: true @ webpack-internal:///(app-pages-browser)/./lib/chat-transport.ts:41
[  393457ms] [LOG] [ChatTransport] responseHandler called, data: {"type":"delta","content":"乐","error":null,"message_id":"e5652bc0-af34-427c-9c47-d7f526f6c6b3","conversation_id":null,"itinerary":null,"stage":null} @ webpack-internal:///(app-pages-browser)/./lib/chat-transport.ts:137
[  393515ms] [LOG] [ChatTransport] onmessage triggered, has currentResponseHandler: true @ webpack-internal:///(app-pages-browser)/./lib/chat-transport.ts:41
[  393516ms] [LOG] [ChatTransport] responseHandler called, data: {"type":"delta","content":"寿","error":null,"message_id":"e5652bc0-af34-427c-9c47-d7f526f6c6b3","conversation_id":null,"itinerary":null,"stage":null} @ webpack-internal:///(app-pages-browser)/./lib/chat-transport.ts:137
[  393543ms] [LOG] [ChatTransport] onmessage triggered, has currentResponseHandler: true @ webpack-internal:///(app-pages-browser)/./lib/chat-transport.ts:41
[  393544ms] [LOG] [ChatTransport] responseHandler called, data: {"type":"delta","content":"堂","error":null,"message_id":"e5652bc0-af34-427c-9c47-d7f526f6c6b3","conversation_id":null,"itinerary":null,"stage":null} @ webpack-internal:///(app-pages-browser)/./lib/chat-transport.ts:137
[  393597ms] [LOG] [ChatTransport] onmessage triggered, has currentResponseHandler: true @ webpack-internal:///(app-pages-browser)/./lib/chat-transport.ts:41
[  393597ms] [LOG] [ChatTransport] responseHandler called, data: {"type":"delta","content":"\n","error":null,"message_id":"e5652bc0-af34-427c-9c47-d7f526f6c6b3","conversation_id":null,"itinerary":null,"stage":null} @ webpack-internal:///(app-pages-browser)/./lib/chat-transport.ts:137
[  393615ms] [LOG] [ChatTransport] onmessage triggered, has currentResponseHandler: true @ webpack-internal:///(app-pages-browser)/./lib/chat-transport.ts:41
[  393615ms] [LOG] [ChatTransport] responseHandler called, data: {"type":"delta","content":"  ","error":null,"message_id":"e5652bc0-af34-427c-9c47-d7f526f6c6b3","conversation_id":null,"itinerary":null,"stage":null} @ webpack-internal:///(app-pages-browser)/./lib/chat-transport.ts:137
[  393657ms] [LOG] [ChatTransport] onmessage triggered, has currentResponseHandler: true @ webpack-internal:///(app-pages-browser)/./lib/chat-transport.ts:41
[  393658ms] [LOG] [ChatTransport] responseHandler called, data: {"type":"delta","content":" -","error":null,"message_id":"e5652bc0-af34-427c-9c47-d7f526f6c6b3","conversation_id":null,"itinerary":null,"stage":null} @ webpack-internal:///(app-pages-browser)/./lib/chat-transport.ts:137
[  393688ms] [LOG] [ChatTransport] onmessage triggered, has currentResponseHandler: true @ webpack-internal:///(app-pages-browser)/./lib/chat-transport.ts:41
[  393688ms] [LOG] [ChatTransport] responseHandler called, data: {"type":"delta","content":" ","error":null,"message_id":"e5652bc0-af34-427c-9c47-d7f526f6c6b3","conversation_id":null,"itinerary":null,"stage":null} @ webpack-internal:///(app-pages-browser)/./lib/chat-transport.ts:137
[  393923ms] [LOG] [ChatTransport] onmessage triggered, has currentResponseHandler: true @ webpack-internal:///(app-pages-browser)/./lib/chat-transport.ts:41
[  393923ms] [LOG] [ChatTransport] responseHandler called, data: {"type":"delta","content":"建议","error":null,"message_id":"e5652bc0-af34-427c-9c47-d7f526f6c6b3","conversation_id":null,"itinerary":null,"stage":null} @ webpack-internal:///(app-pages-browser)/./lib/chat-transport.ts:137
[  393941ms] [LOG] [ChatTransport] onmessage triggered, has currentResponseHandler: true @ webpack-internal:///(app-pages-browser)/./lib/chat-transport.ts:41
[  393942ms] [LOG] [ChatTransport] responseHandler called, data: {"type":"delta","content":"游览","error":null,"message_id":"e5652bc0-af34-427c-9c47-d7f526f6c6b3","conversation_id":null,"itinerary":null,"stage":null} @ webpack-internal:///(app-pages-browser)/./lib/chat-transport.ts:137
[  393942ms] [LOG] [ChatTransport] onmessage triggered, has currentResponseHandler: true @ webpack-internal:///(app-pages-browser)/./lib/chat-transport.ts:41
[  393942ms] [LOG] [ChatTransport] responseHandler called, data: {"type":"delta","content":"时间","error":null,"message_id":"e5652bc0-af34-427c-9c47-d7f526f6c6b3","conversation_id":null,"itinerary":null,"stage":null} @ webpack-internal:///(app-pages-browser)/./lib/chat-transport.ts:137
[  393969ms] [LOG] [ChatTransport] onmessage triggered, has currentResponseHandler: true @ webpack-internal:///(app-pages-browser)/./lib/chat-transport.ts:41
[  393970ms] [LOG] [ChatTransport] responseHandler called, data: {"type":"delta","content":"：","error":null,"message_id":"e5652bc0-af34-427c-9c47-d7f526f6c6b3","conversation_id":null,"itinerary":null,"stage":null} @ webpack-internal:///(app-pages-browser)/./lib/chat-transport.ts:137
[  393970ms] [LOG] [ChatTransport] onmessage triggered, has currentResponseHandler: true @ webpack-internal:///(app-pages-browser)/./lib/chat-transport.ts:41
[  393970ms] [LOG] [ChatTransport] responseHandler called, data: {"type":"delta","content":"半天","error":null,"message_id":"e5652bc0-af34-427c-9c47-d7f526f6c6b3","conversation_id":null,"itinerary":null,"stage":null} @ webpack-internal:///(app-pages-browser)/./lib/chat-transport.ts:137
[  393970ms] [LOG] [ChatTransport] onmessage triggered, has currentResponseHandler: true @ webpack-internal:///(app-pages-browser)/./lib/chat-transport.ts:41
[  393970ms] [LOG] [ChatTransport] responseHandler called, data: {"type":"delta","content":"\n\n","error":null,"message_id":"e5652bc0-af34-427c-9c47-d7f526f6c6b3","conversation_id":null,"itinerary":null,"stage":null} @ webpack-internal:///(app-pages-browser)/./lib/chat-transport.ts:137
[  393999ms] [LOG] [ChatTransport] onmessage triggered, has currentResponseHandler: true @ webpack-internal:///(app-pages-browser)/./lib/chat-transport.ts:41
[  393999ms] [LOG] [ChatTransport] responseHandler called, data: {"type":"delta","content":"3","error":null,"message_id":"e5652bc0-af34-427c-9c47-d7f526f6c6b3","conversation_id":null,"itinerary":null,"stage":null} @ webpack-internal:///(app-pages-browser)/./lib/chat-transport.ts:137
[  394000ms] [LOG] [ChatTransport] onmessage triggered, has currentResponseHandler: true @ webpack-internal:///(app-pages-browser)/./lib/chat-transport.ts:41
[  394000ms] [LOG] [ChatTransport] responseHandler called, data: {"type":"delta","content":".","error":null,"message_id":"e5652bc0-af34-427c-9c47-d7f526f6c6b3","conversation_id":null,"itinerary":null,"stage":null} @ webpack-internal:///(app-pages-browser)/./lib/chat-transport.ts:137
[  394048ms] [LOG] [ChatTransport] onmessage triggered, has currentResponseHandler: true @ webpack-internal:///(app-pages-browser)/./lib/chat-transport.ts:41
[  394048ms] [LOG] [ChatTransport] responseHandler called, data: {"type":"delta","content":" **","error":null,"message_id":"e5652bc0-af34-427c-9c47-d7f526f6c6b3","conversation_id":null,"itinerary":null,"stage":null} @ webpack-internal:///(app-pages-browser)/./lib/chat-transport.ts:137
[  394048ms] [LOG] [ChatTransport] onmessage triggered, has currentResponseHandler: true @ webpack-internal:///(app-pages-browser)/./lib/chat-transport.ts:41
[  394048ms] [LOG] [ChatTransport] responseHandler called, data: {"type":"delta","content":"天","error":null,"message_id":"e5652bc0-af34-427c-9c47-d7f526f6c6b3","conversation_id":null,"itinerary":null,"stage":null} @ webpack-internal:///(app-pages-browser)/./lib/chat-transport.ts:137
[  394123ms] [LOG] [ChatTransport] onmessage triggered, has currentResponseHandler: true @ webpack-internal:///(app-pages-browser)/./lib/chat-transport.ts:41
[  394123ms] [LOG] [ChatTransport] responseHandler called, data: {"type":"delta","content":"坛","error":null,"message_id":"e5652bc0-af34-427c-9c47-d7f526f6c6b3","conversation_id":null,"itinerary":null,"stage":null} @ webpack-internal:///(app-pages-browser)/./lib/chat-transport.ts:137
[  394143ms] [LOG] [ChatTransport] onmessage triggered, has currentResponseHandler: true @ webpack-internal:///(app-pages-browser)/./lib/chat-transport.ts:41
[  394143ms] [LOG] [ChatTransport] responseHandler called, data: {"type":"delta","content":"公园","error":null,"message_id":"e5652bc0-af34-427c-9c47-d7f526f6c6b3","conversation_id":null,"itinerary":null,"stage":null} @ webpack-internal:///(app-pages-browser)/./lib/chat-transport.ts:137
[  394200ms] [LOG] [ChatTransport] onmessage triggered, has currentResponseHandler: true @ webpack-internal:///(app-pages-browser)/./lib/chat-transport.ts:41
[  394200ms] [LOG] [ChatTransport] responseHandler called, data: {"type":"delta","content":"**","error":null,"message_id":"e5652bc0-af34-427c-9c47-d7f526f6c6b3","conversation_id":null,"itinerary":null,"stage":null} @ webpack-internal:///(app-pages-browser)/./lib/chat-transport.ts:137
[  394203ms] [LOG] [ChatTransport] onmessage triggered, has currentResponseHandler: true @ webpack-internal:///(app-pages-browser)/./lib/chat-transport.ts:41
[  394203ms] [LOG] [ChatTransport] responseHandler called, data: {"type":"delta","content":" -","error":null,"message_id":"e5652bc0-af34-427c-9c47-d7f526f6c6b3","conversation_id":null,"itinerary":null,"stage":null} @ webpack-internal:///(app-pages-browser)/./lib/chat-transport.ts:137
[  394412ms] [LOG] [ChatTransport] onmessage triggered, has currentResponseHandler: true @ webpack-internal:///(app-pages-browser)/./lib/chat-transport.ts:41
[  394412ms] [LOG] [ChatTransport] responseHandler called, data: {"type":"delta","content":" ","error":null,"message_id":"e5652bc0-af34-427c-9c47-d7f526f6c6b3","conversation_id":null,"itinerary":null,"stage":null} @ webpack-internal:///(app-pages-browser)/./lib/chat-transport.ts:137
[  394442ms] [LOG] [ChatTransport] onmessage triggered, has currentResponseHandler: true @ webpack-internal:///(app-pages-browser)/./lib/chat-transport.ts:41
[  394443ms] [LOG] [ChatTransport] responseHandler called, data: {"type":"delta","content":"明清","error":null,"message_id":"e5652bc0-af34-427c-9c47-d7f526f6c6b3","conversation_id":null,"itinerary":null,"stage":null} @ webpack-internal:///(app-pages-browser)/./lib/chat-transport.ts:137
[  394443ms] [LOG] [ChatTransport] onmessage triggered, has currentResponseHandler: true @ webpack-internal:///(app-pages-browser)/./lib/chat-transport.ts:41
[  394443ms] [LOG] [ChatTransport] responseHandler called, data: {"type":"delta","content":"皇帝","error":null,"message_id":"e5652bc0-af34-427c-9c47-d7f526f6c6b3","conversation_id":null,"itinerary":null,"stage":null} @ webpack-internal:///(app-pages-browser)/./lib/chat-transport.ts:137
[  394443ms] [LOG] [ChatTransport] onmessage triggered, has currentResponseHandler: true @ webpack-internal:///(app-pages-browser)/./lib/chat-transport.ts:41
[  394443ms] [LOG] [ChatTransport] responseHandler called, data: {"type":"delta","content":"祭","error":null,"message_id":"e5652bc0-af34-427c-9c47-d7f526f6c6b3","conversation_id":null,"itinerary":null,"stage":null} @ webpack-internal:///(app-pages-browser)/./lib/chat-transport.ts:137
[  394474ms] [LOG] [ChatTransport] onmessage triggered, has currentResponseHandler: true @ webpack-internal:///(app-pages-browser)/./lib/chat-transport.ts:41
[  394474ms] [LOG] [ChatTransport] responseHandler called, data: {"type":"delta","content":"天","error":null,"message_id":"e5652bc0-af34-427c-9c47-d7f526f6c6b3","conversation_id":null,"itinerary":null,"stage":null} @ webpack-internal:///(app-pages-browser)/./lib/chat-transport.ts:137
[  394475ms] [LOG] [ChatTransport] onmessage triggered, has currentResponseHandler: true @ webpack-internal:///(app-pages-browser)/./lib/chat-transport.ts:41
[  394475ms] [LOG] [ChatTransport] responseHandler called, data: {"type":"delta","content":"祈","error":null,"message_id":"e5652bc0-af34-427c-9c47-d7f526f6c6b3","conversation_id":null,"itinerary":null,"stage":null} @ webpack-internal:///(app-pages-browser)/./lib/chat-transport.ts:137
[  394508ms] [LOG] [ChatTransport] onmessage triggered, has currentResponseHandler: true @ webpack-internal:///(app-pages-browser)/./lib/chat-transport.ts:41
[  394508ms] [LOG] [ChatTransport] responseHandler called, data: {"type":"delta","content":"谷","error":null,"message_id":"e5652bc0-af34-427c-9c47-d7f526f6c6b3","conversation_id":null,"itinerary":null,"stage":null} @ webpack-internal:///(app-pages-browser)/./lib/chat-transport.ts:137
[  394537ms] [LOG] [ChatTransport] onmessage triggered, has currentResponseHandler: true @ webpack-internal:///(app-pages-browser)/./lib/chat-transport.ts:41
[  394537ms] [LOG] [ChatTransport] responseHandler called, data: {"type":"delta","content":"的","error":null,"message_id":"e5652bc0-af34-427c-9c47-d7f526f6c6b3","conversation_id":null,"itinerary":null,"stage":null} @ webpack-internal:///(app-pages-browser)/./lib/chat-transport.ts:137
[  394730ms] [LOG] [ChatTransport] onmessage triggered, has currentResponseHandler: true @ webpack-internal:///(app-pages-browser)/./lib/chat-transport.ts:41
[  394730ms] [LOG] [ChatTransport] responseHandler called, data: {"type":"delta","content":"场所","error":null,"message_id":"e5652bc0-af34-427c-9c47-d7f526f6c6b3","conversation_id":null,"itinerary":null,"stage":null} @ webpack-internal:///(app-pages-browser)/./lib/chat-transport.ts:137
[  394757ms] [LOG] [ChatTransport] onmessage triggered, has currentResponseHandler: true @ webpack-internal:///(app-pages-browser)/./lib/chat-transport.ts:41
[  394757ms] [LOG] [ChatTransport] responseHandler called, data: {"type":"delta","content":"\n","error":null,"message_id":"e5652bc0-af34-427c-9c47-d7f526f6c6b3","conversation_id":null,"itinerary":null,"stage":null} @ webpack-internal:///(app-pages-browser)/./lib/chat-transport.ts:137
[  394759ms] [LOG] [ChatTransport] onmessage triggered, has currentResponseHandler: true @ webpack-internal:///(app-pages-browser)/./lib/chat-transport.ts:41
[  394760ms] [LOG] [ChatTransport] responseHandler called, data: {"type":"delta","content":"  ","error":null,"message_id":"e5652bc0-af34-427c-9c47-d7f526f6c6b3","conversation_id":null,"itinerary":null,"stage":null} @ webpack-internal:///(app-pages-browser)/./lib/chat-transport.ts:137
[  394760ms] [LOG] [ChatTransport] onmessage triggered, has currentResponseHandler: true @ webpack-internal:///(app-pages-browser)/./lib/chat-transport.ts:41
[  394760ms] [LOG] [ChatTransport] responseHandler called, data: {"type":"delta","content":" -","error":null,"message_id":"e5652bc0-af34-427c-9c47-d7f526f6c6b3","conversation_id":null,"itinerary":null,"stage":null} @ webpack-internal:///(app-pages-browser)/./lib/chat-transport.ts:137
[  394788ms] [LOG] [ChatTransport] onmessage triggered, has currentResponseHandler: true @ webpack-internal:///(app-pages-browser)/./lib/chat-transport.ts:41
[  394788ms] [LOG] [ChatTransport] responseHandler called, data: {"type":"delta","content":" ","error":null,"message_id":"e5652bc0-af34-427c-9c47-d7f526f6c6b3","conversation_id":null,"itinerary":null,"stage":null} @ webpack-internal:///(app-pages-browser)/./lib/chat-transport.ts:137
[  394789ms] [LOG] [ChatTransport] onmessage triggered, has currentResponseHandler: true @ webpack-internal:///(app-pages-browser)/./lib/chat-transport.ts:41
[  394789ms] [LOG] [ChatTransport] responseHandler called, data: {"type":"delta","content":"主要","error":null,"message_id":"e5652bc0-af34-427c-9c47-d7f526f6c6b3","conversation_id":null,"itinerary":null,"stage":null} @ webpack-internal:///(app-pages-browser)/./lib/chat-transport.ts:137
[  394857ms] [LOG] [ChatTransport] onmessage triggered, has currentResponseHandler: true @ webpack-internal:///(app-pages-browser)/./lib/chat-transport.ts:41
[  394857ms] [LOG] [ChatTransport] responseHandler called, data: {"type":"delta","content":"看点","error":null,"message_id":"e5652bc0-af34-427c-9c47-d7f526f6c6b3","conversation_id":null,"itinerary":null,"stage":null} @ webpack-internal:///(app-pages-browser)/./lib/chat-transport.ts:137
[  394857ms] [LOG] [ChatTransport] onmessage triggered, has currentResponseHandler: true @ webpack-internal:///(app-pages-browser)/./lib/chat-transport.ts:41
[  394857ms] [LOG] [ChatTransport] responseHandler called, data: {"type":"delta","content":"：","error":null,"message_id":"e5652bc0-af34-427c-9c47-d7f526f6c6b3","conversation_id":null,"itinerary":null,"stage":null} @ webpack-internal:///(app-pages-browser)/./lib/chat-transport.ts:137
[  394889ms] [LOG] [ChatTransport] onmessage triggered, has currentResponseHandler: true @ webpack-internal:///(app-pages-browser)/./lib/chat-transport.ts:41
[  394889ms] [LOG] [ChatTransport] responseHandler called, data: {"type":"delta","content":"回","error":null,"message_id":"e5652bc0-af34-427c-9c47-d7f526f6c6b3","conversation_id":null,"itinerary":null,"stage":null} @ webpack-internal:///(app-pages-browser)/./lib/chat-transport.ts:137
[  394919ms] [LOG] [ChatTransport] onmessage triggered, has currentResponseHandler: true @ webpack-internal:///(app-pages-browser)/./lib/chat-transport.ts:41
[  394919ms] [LOG] [ChatTransport] responseHandler called, data: {"type":"delta","content":"音","error":null,"message_id":"e5652bc0-af34-427c-9c47-d7f526f6c6b3","conversation_id":null,"itinerary":null,"stage":null} @ webpack-internal:///(app-pages-browser)/./lib/chat-transport.ts:137
[  394957ms] [LOG] [ChatTransport] onmessage triggered, has currentResponseHandler: true @ webpack-internal:///(app-pages-browser)/./lib/chat-transport.ts:41
[  394958ms] [LOG] [ChatTransport] responseHandler called, data: {"type":"delta","content":"壁","error":null,"message_id":"e5652bc0-af34-427c-9c47-d7f526f6c6b3","conversation_id":null,"itinerary":null,"stage":null} @ webpack-internal:///(app-pages-browser)/./lib/chat-transport.ts:137
[  394986ms] [LOG] [ChatTransport] onmessage triggered, has currentResponseHandler: true @ webpack-internal:///(app-pages-browser)/./lib/chat-transport.ts:41
[  394987ms] [LOG] [ChatTransport] responseHandler called, data: {"type":"delta","content":"、","error":null,"message_id":"e5652bc0-af34-427c-9c47-d7f526f6c6b3","conversation_id":null,"itinerary":null,"stage":null} @ webpack-internal:///(app-pages-browser)/./lib/chat-transport.ts:137
[  395028ms] [LOG] [ChatTransport] onmessage triggered, has currentResponseHandler: true @ webpack-internal:///(app-pages-browser)/./lib/chat-transport.ts:41
[  395028ms] [LOG] [ChatTransport] responseHandler called, data: {"type":"delta","content":"斋","error":null,"message_id":"e5652bc0-af34-427c-9c47-d7f526f6c6b3","conversation_id":null,"itinerary":null,"stage":null} @ webpack-internal:///(app-pages-browser)/./lib/chat-transport.ts:137
[  395039ms] [LOG] [ChatTransport] onmessage triggered, has currentResponseHandler: true @ webpack-internal:///(app-pages-browser)/./lib/chat-transport.ts:41
[  395039ms] [LOG] [ChatTransport] responseHandler called, data: {"type":"delta","content":"宫","error":null,"message_id":"e5652bc0-af34-427c-9c47-d7f526f6c6b3","conversation_id":null,"itinerary":null,"stage":null} @ webpack-internal:///(app-pages-browser)/./lib/chat-transport.ts:137
[  395108ms] [LOG] [ChatTransport] onmessage triggered, has currentResponseHandler: true @ webpack-internal:///(app-pages-browser)/./lib/chat-transport.ts:41
[  395109ms] [LOG] [ChatTransport] responseHandler called, data: {"type":"delta","content":"、","error":null,"message_id":"e5652bc0-af34-427c-9c47-d7f526f6c6b3","conversation_id":null,"itinerary":null,"stage":null} @ webpack-internal:///(app-pages-browser)/./lib/chat-transport.ts:137
[  395196ms] [LOG] [ChatTransport] onmessage triggered, has currentResponseHandler: true @ webpack-internal:///(app-pages-browser)/./lib/chat-transport.ts:41
[  395196ms] [LOG] [ChatTransport] responseHandler called, data: {"type":"delta","content":"圜","error":null,"message_id":"e5652bc0-af34-427c-9c47-d7f526f6c6b3","conversation_id":null,"itinerary":null,"stage":null} @ webpack-internal:///(app-pages-browser)/./lib/chat-transport.ts:137
[  395203ms] [LOG] [ChatTransport] onmessage triggered, has currentResponseHandler: true @ webpack-internal:///(app-pages-browser)/./lib/chat-transport.ts:41
[  395204ms] [LOG] [ChatTransport] responseHandler called, data: {"type":"delta","content":"丘","error":null,"message_id":"e5652bc0-af34-427c-9c47-d7f526f6c6b3","conversation_id":null,"itinerary":null,"stage":null} @ webpack-internal:///(app-pages-browser)/./lib/chat-transport.ts:137
[  395262ms] [LOG] [ChatTransport] onmessage triggered, has currentResponseHandler: true @ webpack-internal:///(app-pages-browser)/./lib/chat-transport.ts:41
[  395262ms] [LOG] [ChatTransport] responseHandler called, data: {"type":"delta","content":"、","error":null,"message_id":"e5652bc0-af34-427c-9c47-d7f526f6c6b3","conversation_id":null,"itinerary":null,"stage":null} @ webpack-internal:///(app-pages-browser)/./lib/chat-transport.ts:137
[  395262ms] [LOG] [ChatTransport] onmessage triggered, has currentResponseHandler: true @ webpack-internal:///(app-pages-browser)/./lib/chat-transport.ts:41
[  395262ms] [LOG] [ChatTransport] responseHandler called, data: {"type":"delta","content":"双","error":null,"message_id":"e5652bc0-af34-427c-9c47-d7f526f6c6b3","conversation_id":null,"itinerary":null,"stage":null} @ webpack-internal:///(app-pages-browser)/./lib/chat-transport.ts:137
[  395333ms] [LOG] [ChatTransport] onmessage triggered, has currentResponseHandler: true @ webpack-internal:///(app-pages-browser)/./lib/chat-transport.ts:41
[  395334ms] [LOG] [ChatTransport] responseHandler called, data: {"type":"delta","content":"环","error":null,"message_id":"e5652bc0-af34-427c-9c47-d7f526f6c6b3","conversation_id":null,"itinerary":null,"stage":null} @ webpack-internal:///(app-pages-browser)/./lib/chat-transport.ts:137
[  395339ms] [LOG] [ChatTransport] onmessage triggered, has currentResponseHandler: true @ webpack-internal:///(app-pages-browser)/./lib/chat-transport.ts:41
[  395339ms] [LOG] [ChatTransport] responseHandler called, data: {"type":"delta","content":"万","error":null,"message_id":"e5652bc0-af34-427c-9c47-d7f526f6c6b3","conversation_id":null,"itinerary":null,"stage":null} @ webpack-internal:///(app-pages-browser)/./lib/chat-transport.ts:137
[  395411ms] [LOG] [ChatTransport] onmessage triggered, has currentResponseHandler: true @ webpack-internal:///(app-pages-browser)/./lib/chat-transport.ts:41
[  395412ms] [LOG] [ChatTransport] responseHandler called, data: {"type":"delta","content":"寿","error":null,"message_id":"e5652bc0-af34-427c-9c47-d7f526f6c6b3","conversation_id":null,"itinerary":null,"stage":null} @ webpack-internal:///(app-pages-browser)/./lib/chat-transport.ts:137
[  395417ms] [LOG] [ChatTransport] onmessage triggered, has currentResponseHandler: true @ webpack-internal:///(app-pages-browser)/./lib/chat-transport.ts:41
[  395418ms] [LOG] [ChatTransport] responseHandler called, data: {"type":"delta","content":"亭","error":null,"message_id":"e5652bc0-af34-427c-9c47-d7f526f6c6b3","conversation_id":null,"itinerary":null,"stage":null} @ webpack-internal:///(app-pages-browser)/./lib/chat-transport.ts:137
[  395495ms] [LOG] [ChatTransport] onmessage triggered, has currentResponseHandler: true @ webpack-internal:///(app-pages-browser)/./lib/chat-transport.ts:41
[  395495ms] [LOG] [ChatTransport] responseHandler called, data: {"type":"delta","content":"\n","error":null,"message_id":"e5652bc0-af34-427c-9c47-d7f526f6c6b3","conversation_id":null,"itinerary":null,"stage":null} @ webpack-internal:///(app-pages-browser)/./lib/chat-transport.ts:137
[  395514ms] [LOG] [ChatTransport] onmessage triggered, has currentResponseHandler: true @ webpack-internal:///(app-pages-browser)/./lib/chat-transport.ts:41
[  395514ms] [LOG] [ChatTransport] responseHandler called, data: {"type":"delta","content":"  ","error":null,"message_id":"e5652bc0-af34-427c-9c47-d7f526f6c6b3","conversation_id":null,"itinerary":null,"stage":null} @ webpack-internal:///(app-pages-browser)/./lib/chat-transport.ts:137
[  395563ms] [LOG] [ChatTransport] onmessage triggered, has currentResponseHandler: true @ webpack-internal:///(app-pages-browser)/./lib/chat-transport.ts:41
[  395563ms] [LOG] [ChatTransport] responseHandler called, data: {"type":"delta","content":" -","error":null,"message_id":"e5652bc0-af34-427c-9c47-d7f526f6c6b3","conversation_id":null,"itinerary":null,"stage":null} @ webpack-internal:///(app-pages-browser)/./lib/chat-transport.ts:137
[  395591ms] [LOG] [ChatTransport] onmessage triggered, has currentResponseHandler: true @ webpack-internal:///(app-pages-browser)/./lib/chat-transport.ts:41
[  395592ms] [LOG] [ChatTransport] responseHandler called, data: {"type":"delta","content":" ","error":null,"message_id":"e5652bc0-af34-427c-9c47-d7f526f6c6b3","conversation_id":null,"itinerary":null,"stage":null} @ webpack-internal:///(app-pages-browser)/./lib/chat-transport.ts:137
[  395674ms] [LOG] [ChatTransport] onmessage triggered, has currentResponseHandler: true @ webpack-internal:///(app-pages-browser)/./lib/chat-transport.ts:41
[  395674ms] [LOG] [ChatTransport] responseHandler called, data: {"type":"delta","content":"建议","error":null,"message_id":"e5652bc0-af34-427c-9c47-d7f526f6c6b3","conversation_id":null,"itinerary":null,"stage":null} @ webpack-internal:///(app-pages-browser)/./lib/chat-transport.ts:137
[  395701ms] [LOG] [ChatTransport] onmessage triggered, has currentResponseHandler: true @ webpack-internal:///(app-pages-browser)/./lib/chat-transport.ts:41
[  395701ms] [LOG] [ChatTransport] responseHandler called, data: {"type":"delta","content":"游览","error":null,"message_id":"e5652bc0-af34-427c-9c47-d7f526f6c6b3","conversation_id":null,"itinerary":null,"stage":null} @ webpack-internal:///(app-pages-browser)/./lib/chat-transport.ts:137
[  395731ms] [LOG] [ChatTransport] onmessage triggered, has currentResponseHandler: true @ webpack-internal:///(app-pages-browser)/./lib/chat-transport.ts:41
[  395731ms] [LOG] [ChatTransport] responseHandler called, data: {"type":"delta","content":"时间","error":null,"message_id":"e5652bc0-af34-427c-9c47-d7f526f6c6b3","conversation_id":null,"itinerary":null,"stage":null} @ webpack-internal:///(app-pages-browser)/./lib/chat-transport.ts:137
[  395759ms] [LOG] [ChatTransport] onmessage triggered, has currentResponseHandler: true @ webpack-internal:///(app-pages-browser)/./lib/chat-transport.ts:41
[  395759ms] [LOG] [ChatTransport] responseHandler called, data: {"type":"delta","content":"：","error":null,"message_id":"e5652bc0-af34-427c-9c47-d7f526f6c6b3","conversation_id":null,"itinerary":null,"stage":null} @ webpack-internal:///(app-pages-browser)/./lib/chat-transport.ts:137
[  395792ms] [LOG] [ChatTransport] onmessage triggered, has currentResponseHandler: true @ webpack-internal:///(app-pages-browser)/./lib/chat-transport.ts:41
[  395792ms] [LOG] [ChatTransport] responseHandler called, data: {"type":"delta","content":"3","error":null,"message_id":"e5652bc0-af34-427c-9c47-d7f526f6c6b3","conversation_id":null,"itinerary":null,"stage":null} @ webpack-internal:///(app-pages-browser)/./lib/chat-transport.ts:137
[  395805ms] [LOG] [ChatTransport] onmessage triggered, has currentResponseHandler: true @ webpack-internal:///(app-pages-browser)/./lib/chat-transport.ts:41
[  395805ms] [LOG] [ChatTransport] responseHandler called, data: {"type":"delta","content":"-","error":null,"message_id":"e5652bc0-af34-427c-9c47-d7f526f6c6b3","conversation_id":null,"itinerary":null,"stage":null} @ webpack-internal:///(app-pages-browser)/./lib/chat-transport.ts:137
[  395891ms] [LOG] [ChatTransport] onmessage triggered, has currentResponseHandler: true @ webpack-internal:///(app-pages-browser)/./lib/chat-transport.ts:41
[  395891ms] [LOG] [ChatTransport] responseHandler called, data: {"type":"delta","content":"4","error":null,"message_id":"e5652bc0-af34-427c-9c47-d7f526f6c6b3","conversation_id":null,"itinerary":null,"stage":null} @ webpack-internal:///(app-pages-browser)/./lib/chat-transport.ts:137
[  395891ms] [LOG] [ChatTransport] onmessage triggered, has currentResponseHandler: true @ webpack-internal:///(app-pages-browser)/./lib/chat-transport.ts:41
[  395891ms] [LOG] [ChatTransport] responseHandler called, data: {"type":"delta","content":"小时","error":null,"message_id":"e5652bc0-af34-427c-9c47-d7f526f6c6b3","conversation_id":null,"itinerary":null,"stage":null} @ webpack-internal:///(app-pages-browser)/./lib/chat-transport.ts:137
[  395961ms] [LOG] [ChatTransport] onmessage triggered, has currentResponseHandler: true @ webpack-internal:///(app-pages-browser)/./lib/chat-transport.ts:41
[  395961ms] [LOG] [ChatTransport] responseHandler called, data: {"type":"delta","content":"\n\n","error":null,"message_id":"e5652bc0-af34-427c-9c47-d7f526f6c6b3","conversation_id":null,"itinerary":null,"stage":null} @ webpack-internal:///(app-pages-browser)/./lib/chat-transport.ts:137
[  395962ms] [LOG] [ChatTransport] onmessage triggered, has currentResponseHandler: true @ webpack-internal:///(app-pages-browser)/./lib/chat-transport.ts:41
[  395962ms] [LOG] [ChatTransport] responseHandler called, data: {"type":"delta","content":"##","error":null,"message_id":"e5652bc0-af34-427c-9c47-d7f526f6c6b3","conversation_id":null,"itinerary":null,"stage":null} @ webpack-internal:///(app-pages-browser)/./lib/chat-transport.ts:137
[  396020ms] [LOG] [ChatTransport] onmessage triggered, has currentResponseHandler: true @ webpack-internal:///(app-pages-browser)/./lib/chat-transport.ts:41
[  396020ms] [LOG] [ChatTransport] responseHandler called, data: {"type":"delta","content":" **","error":null,"message_id":"e5652bc0-af34-427c-9c47-d7f526f6c6b3","conversation_id":null,"itinerary":null,"stage":null} @ webpack-internal:///(app-pages-browser)/./lib/chat-transport.ts:137
[  396042ms] [LOG] [ChatTransport] onmessage triggered, has currentResponseHandler: true @ webpack-internal:///(app-pages-browser)/./lib/chat-transport.ts:41
[  396042ms] [LOG] [ChatTransport] responseHandler called, data: {"type":"delta","content":"国家级","error":null,"message_id":"e5652bc0-af34-427c-9c47-d7f526f6c6b3","conversation_id":null,"itinerary":null,"stage":null} @ webpack-internal:///(app-pages-browser)/./lib/chat-transport.ts:137
[  396180ms] [LOG] [ChatTransport] onmessage triggered, has currentResponseHandler: true @ webpack-internal:///(app-pages-browser)/./lib/chat-transport.ts:41
[  396180ms] [LOG] [ChatTransport] responseHandler called, data: {"type":"delta","content":"历史","error":null,"message_id":"e5652bc0-af34-427c-9c47-d7f526f6c6b3","conversation_id":null,"itinerary":null,"stage":null} @ webpack-internal:///(app-pages-browser)/./lib/chat-transport.ts:137
[  396187ms] [LOG] [ChatTransport] onmessage triggered, has currentResponseHandler: true @ webpack-internal:///(app-pages-browser)/./lib/chat-transport.ts:41
[  396187ms] [LOG] [ChatTransport] responseHandler called, data: {"type":"delta","content":"景点","error":null,"message_id":"e5652bc0-af34-427c-9c47-d7f526f6c6b3","conversation_id":null,"itinerary":null,"stage":null} @ webpack-internal:///(app-pages-browser)/./lib/chat-transport.ts:137
[  396187ms] [LOG] [ChatTransport] onmessage triggered, has currentResponseHandler: true @ webpack-internal:///(app-pages-browser)/./lib/chat-transport.ts:41
[  396187ms] [LOG] [ChatTransport] responseHandler called, data: {"type":"delta","content":"**\n","error":null,"message_id":"e5652bc0-af34-427c-9c47-d7f526f6c6b3","conversation_id":null,"itinerary":null,"stage":null} @ webpack-internal:///(app-pages-browser)/./lib/chat-transport.ts:137
[  396187ms] [LOG] [ChatTransport] onmessage triggered, has currentResponseHandler: true @ webpack-internal:///(app-pages-browser)/./lib/chat-transport.ts:41
[  396187ms] [LOG] [ChatTransport] responseHandler called, data: {"type":"delta","content":"4","error":null,"message_id":"e5652bc0-af34-427c-9c47-d7f526f6c6b3","conversation_id":null,"itinerary":null,"stage":null} @ webpack-internal:///(app-pages-browser)/./lib/chat-transport.ts:137
[  396238ms] [LOG] [ChatTransport] onmessage triggered, has currentResponseHandler: true @ webpack-internal:///(app-pages-browser)/./lib/chat-transport.ts:41
[  396238ms] [LOG] [ChatTransport] responseHandler called, data: {"type":"delta","content":".","error":null,"message_id":"e5652bc0-af34-427c-9c47-d7f526f6c6b3","conversation_id":null,"itinerary":null,"stage":null} @ webpack-internal:///(app-pages-browser)/./lib/chat-transport.ts:137
[  396245ms] [LOG] [ChatTransport] onmessage triggered, has currentResponseHandler: true @ webpack-internal:///(app-pages-browser)/./lib/chat-transport.ts:41
[  396245ms] [LOG] [ChatTransport] responseHandler called, data: {"type":"delta","content":" **","error":null,"message_id":"e5652bc0-af34-427c-9c47-d7f526f6c6b3","conversation_id":null,"itinerary":null,"stage":null} @ webpack-internal:///(app-pages-browser)/./lib/chat-transport.ts:137
[  396311ms] [LOG] [ChatTransport] onmessage triggered, has currentResponseHandler: true @ webpack-internal:///(app-pages-browser)/./lib/chat-transport.ts:41
[  396311ms] [LOG] [ChatTransport] responseHandler called, data: {"type":"delta","content":"八","error":null,"message_id":"e5652bc0-af34-427c-9c47-d7f526f6c6b3","conversation_id":null,"itinerary":null,"stage":null} @ webpack-internal:///(app-pages-browser)/./lib/chat-transport.ts:137
[  396318ms] [LOG] [ChatTransport] onmessage triggered, has currentResponseHandler: true @ webpack-internal:///(app-pages-browser)/./lib/chat-transport.ts:41
[  396318ms] [LOG] [ChatTransport] responseHandler called, data: {"type":"delta","content":"达","error":null,"message_id":"e5652bc0-af34-427c-9c47-d7f526f6c6b3","conversation_id":null,"itinerary":null,"stage":null} @ webpack-internal:///(app-pages-browser)/./lib/chat-transport.ts:137
[  396398ms] [LOG] [ChatTransport] onmessage triggered, has currentResponseHandler: true @ webpack-internal:///(app-pages-browser)/./lib/chat-transport.ts:41
[  396398ms] [LOG] [ChatTransport] responseHandler called, data: {"type":"delta","content":"岭","error":null,"message_id":"e5652bc0-af34-427c-9c47-d7f526f6c6b3","conversation_id":null,"itinerary":null,"stage":null} @ webpack-internal:///(app-pages-browser)/./lib/chat-transport.ts:137
[  396404ms] [LOG] [ChatTransport] onmessage triggered, has currentResponseHandler: true @ webpack-internal:///(app-pages-browser)/./lib/chat-transport.ts:41
[  396404ms] [LOG] [ChatTransport] responseHandler called, data: {"type":"delta","content":"长城","error":null,"message_id":"e5652bc0-af34-427c-9c47-d7f526f6c6b3","conversation_id":null,"itinerary":null,"stage":null} @ webpack-internal:///(app-pages-browser)/./lib/chat-transport.ts:137
[  396467ms] [LOG] [ChatTransport] onmessage triggered, has currentResponseHandler: true @ webpack-internal:///(app-pages-browser)/./lib/chat-transport.ts:41
[  396468ms] [LOG] [ChatTransport] responseHandler called, data: {"type":"delta","content":"**","error":null,"message_id":"e5652bc0-af34-427c-9c47-d7f526f6c6b3","conversation_id":null,"itinerary":null,"stage":null} @ webpack-internal:///(app-pages-browser)/./lib/chat-transport.ts:137
[  396484ms] [LOG] [ChatTransport] onmessage triggered, has currentResponseHandler: true @ webpack-internal:///(app-pages-browser)/./lib/chat-transport.ts:41
[  396484ms] [LOG] [ChatTransport] responseHandler called, data: {"type":"delta","content":" -","error":null,"message_id":"e5652bc0-af34-427c-9c47-d7f526f6c6b3","conversation_id":null,"itinerary":null,"stage":null} @ webpack-internal:///(app-pages-browser)/./lib/chat-transport.ts:137
[  396536ms] [LOG] [ChatTransport] onmessage triggered, has currentResponseHandler: true @ webpack-internal:///(app-pages-browser)/./lib/chat-transport.ts:41
[  396536ms] [LOG] [ChatTransport] responseHandler called, data: {"type":"delta","content":" ","error":null,"message_id":"e5652bc0-af34-427c-9c47-d7f526f6c6b3","conversation_id":null,"itinerary":null,"stage":null} @ webpack-internal:///(app-pages-browser)/./lib/chat-transport.ts:137
[  396554ms] [LOG] [ChatTransport] onmessage triggered, has currentResponseHandler: true @ webpack-internal:///(app-pages-browser)/./lib/chat-transport.ts:41
[  396554ms] [LOG] [ChatTransport] responseHandler called, data: {"type":"delta","content":"万里","error":null,"message_id":"e5652bc0-af34-427c-9c47-d7f526f6c6b3","conversation_id":null,"itinerary":null,"stage":null} @ webpack-internal:///(app-pages-browser)/./lib/chat-transport.ts:137
[  396613ms] [LOG] [ChatTransport] onmessage triggered, has currentResponseHandler: true @ webpack-internal:///(app-pages-browser)/./lib/chat-transport.ts:41
[  396613ms] [LOG] [ChatTransport] responseHandler called, data: {"type":"delta","content":"长","error":null,"message_id":"e5652bc0-af34-427c-9c47-d7f526f6c6b3","conversation_id":null,"itinerary":null,"stage":null} @ webpack-internal:///(app-pages-browser)/./lib/chat-transport.ts:137
[  396698ms] [LOG] [ChatTransport] onmessage triggered, has currentResponseHandler: true @ webpack-internal:///(app-pages-browser)/./lib/chat-transport.ts:41
[  396699ms] [LOG] [ChatTransport] responseHandler called, data: {"type":"delta","content":"城的","error":null,"message_id":"e5652bc0-af34-427c-9c47-d7f526f6c6b3","conversation_id":null,"itinerary":null,"stage":null} @ webpack-internal:///(app-pages-browser)/./lib/chat-transport.ts:137
[  396719ms] [LOG] [ChatTransport] onmessage triggered, has currentResponseHandler: true @ webpack-internal:///(app-pages-browser)/./lib/chat-transport.ts:41
[  396719ms] [LOG] [ChatTransport] responseHandler called, data: {"type":"delta","content":"精华","error":null,"message_id":"e5652bc0-af34-427c-9c47-d7f526f6c6b3","conversation_id":null,"itinerary":null,"stage":null} @ webpack-internal:///(app-pages-browser)/./lib/chat-transport.ts:137
[  396762ms] [LOG] [ChatTransport] onmessage triggered, has currentResponseHandler: true @ webpack-internal:///(app-pages-browser)/./lib/chat-transport.ts:41
[  396762ms] [LOG] [ChatTransport] responseHandler called, data: {"type":"delta","content":"段","error":null,"message_id":"e5652bc0-af34-427c-9c47-d7f526f6c6b3","conversation_id":null,"itinerary":null,"stage":null} @ webpack-internal:///(app-pages-browser)/./lib/chat-transport.ts:137
[  396784ms] [LOG] [ChatTransport] onmessage triggered, has currentResponseHandler: true @ webpack-internal:///(app-pages-browser)/./lib/chat-transport.ts:41
[  396784ms] [LOG] [ChatTransport] responseHandler called, data: {"type":"delta","content":"\n","error":null,"message_id":"e5652bc0-af34-427c-9c47-d7f526f6c6b3","conversation_id":null,"itinerary":null,"stage":null} @ webpack-internal:///(app-pages-browser)/./lib/chat-transport.ts:137
[  396845ms] [LOG] [ChatTransport] onmessage triggered, has currentResponseHandler: true @ webpack-internal:///(app-pages-browser)/./lib/chat-transport.ts:41
[  396846ms] [LOG] [ChatTransport] responseHandler called, data: {"type":"delta","content":"  ","error":null,"message_id":"e5652bc0-af34-427c-9c47-d7f526f6c6b3","conversation_id":null,"itinerary":null,"stage":null} @ webpack-internal:///(app-pages-browser)/./lib/chat-transport.ts:137
[  396866ms] [LOG] [ChatTransport] onmessage triggered, has currentResponseHandler: true @ webpack-internal:///(app-pages-browser)/./lib/chat-transport.ts:41
[  396867ms] [LOG] [ChatTransport] responseHandler called, data: {"type":"delta","content":" -","error":null,"message_id":"e5652bc0-af34-427c-9c47-d7f526f6c6b3","conversation_id":null,"itinerary":null,"stage":null} @ webpack-internal:///(app-pages-browser)/./lib/chat-transport.ts:137
[  396934ms] [LOG] [ChatTransport] onmessage triggered, has currentResponseHandler: true @ webpack-internal:///(app-pages-browser)/./lib/chat-transport.ts:41
[  396934ms] [LOG] [ChatTransport] responseHandler called, data: {"type":"delta","content":" ","error":null,"message_id":"e5652bc0-af34-427c-9c47-d7f526f6c6b3","conversation_id":null,"itinerary":null,"stage":null} @ webpack-internal:///(app-pages-browser)/./lib/chat-transport.ts:137
[  396953ms] [LOG] [ChatTransport] onmessage triggered, has currentResponseHandler: true @ webpack-internal:///(app-pages-browser)/./lib/chat-transport.ts:41
[  396954ms] [LOG] [ChatTransport] responseHandler called, data: {"type":"delta","content":"距离","error":null,"message_id":"e5652bc0-af34-427c-9c47-d7f526f6c6b3","conversation_id":null,"itinerary":null,"stage":null} @ webpack-internal:///(app-pages-browser)/./lib/chat-transport.ts:137
[  397123ms] [LOG] [ChatTransport] onmessage triggered, has currentResponseHandler: true @ webpack-internal:///(app-pages-browser)/./lib/chat-transport.ts:41
[  397123ms] [LOG] [ChatTransport] responseHandler called, data: {"type":"delta","content":"市区","error":null,"message_id":"e5652bc0-af34-427c-9c47-d7f526f6c6b3","conversation_id":null,"itinerary":null,"stage":null} @ webpack-internal:///(app-pages-browser)/./lib/chat-transport.ts:137
[  397147ms] [LOG] [ChatTransport] onmessage triggered, has currentResponseHandler: true @ webpack-internal:///(app-pages-browser)/./lib/chat-transport.ts:41
[  397147ms] [LOG] [ChatTransport] responseHandler called, data: {"type":"delta","content":"较","error":null,"message_id":"e5652bc0-af34-427c-9c47-d7f526f6c6b3","conversation_id":null,"itinerary":null,"stage":null} @ webpack-internal:///(app-pages-browser)/./lib/chat-transport.ts:137
[  397147ms] [LOG] [ChatTransport] onmessage triggered, has currentResponseHandler: true @ webpack-internal:///(app-pages-browser)/./lib/chat-transport.ts:41
[  397147ms] [LOG] [ChatTransport] responseHandler called, data: {"type":"delta","content":"远","error":null,"message_id":"e5652bc0-af34-427c-9c47-d7f526f6c6b3","conversation_id":null,"itinerary":null,"stage":null} @ webpack-internal:///(app-pages-browser)/./lib/chat-transport.ts:137
[  397147ms] [LOG] [ChatTransport] onmessage triggered, has currentResponseHandler: true @ webpack-internal:///(app-pages-browser)/./lib/chat-transport.ts:41
[  397148ms] [LOG] [ChatTransport] responseHandler called, data: {"type":"delta","content":"，","error":null,"message_id":"e5652bc0-af34-427c-9c47-d7f526f6c6b3","conversation_id":null,"itinerary":null,"stage":null} @ webpack-internal:///(app-pages-browser)/./lib/chat-transport.ts:137
[  397170ms] [LOG] [ChatTransport] onmessage triggered, has currentResponseHandler: true @ webpack-internal:///(app-pages-browser)/./lib/chat-transport.ts:41
[  397170ms] [LOG] [ChatTransport] responseHandler called, data: {"type":"delta","content":"建议","error":null,"message_id":"e5652bc0-af34-427c-9c47-d7f526f6c6b3","conversation_id":null,"itinerary":null,"stage":null} @ webpack-internal:///(app-pages-browser)/./lib/chat-transport.ts:137
[  397175ms] [LOG] [ChatTransport] onmessage triggered, has currentResponseHandler: true @ webpack-internal:///(app-pages-browser)/./lib/chat-transport.ts:41
[  397175ms] [LOG] [ChatTransport] responseHandler called, data: {"type":"delta","content":"安排","error":null,"message_id":"e5652bc0-af34-427c-9c47-d7f526f6c6b3","conversation_id":null,"itinerary":null,"stage":null} @ webpack-internal:///(app-pages-browser)/./lib/chat-transport.ts:137
[  397215ms] [LOG] [ChatTransport] onmessage triggered, has currentResponseHandler: true @ webpack-internal:///(app-pages-browser)/./lib/chat-transport.ts:41
[  397215ms] [LOG] [ChatTransport] responseHandler called, data: {"type":"delta","content":"一天","error":null,"message_id":"e5652bc0-af34-427c-9c47-d7f526f6c6b3","conversation_id":null,"itinerary":null,"stage":null} @ webpack-internal:///(app-pages-browser)/./lib/chat-transport.ts:137
[  397219ms] [LOG] [ChatTransport] onmessage triggered, has currentResponseHandler: true @ webpack-internal:///(app-pages-browser)/./lib/chat-transport.ts:41
[  397219ms] [LOG] [ChatTransport] responseHandler called, data: {"type":"delta","content":"时间","error":null,"message_id":"e5652bc0-af34-427c-9c47-d7f526f6c6b3","conversation_id":null,"itinerary":null,"stage":null} @ webpack-internal:///(app-pages-browser)/./lib/chat-transport.ts:137
[  397301ms] [LOG] [ChatTransport] onmessage triggered, has currentResponseHandler: true @ webpack-internal:///(app-pages-browser)/./lib/chat-transport.ts:41
[  397301ms] [LOG] [ChatTransport] responseHandler called, data: {"type":"delta","content":"\n","error":null,"message_id":"e5652bc0-af34-427c-9c47-d7f526f6c6b3","conversation_id":null,"itinerary":null,"stage":null} @ webpack-internal:///(app-pages-browser)/./lib/chat-transport.ts:137
[  397305ms] [LOG] [ChatTransport] onmessage triggered, has currentResponseHandler: true @ webpack-internal:///(app-pages-browser)/./lib/chat-transport.ts:41
[  397305ms] [LOG] [ChatTransport] responseHandler called, data: {"type":"delta","content":"  ","error":null,"message_id":"e5652bc0-af34-427c-9c47-d7f526f6c6b3","conversation_id":null,"itinerary":null,"stage":null} @ webpack-internal:///(app-pages-browser)/./lib/chat-transport.ts:137
[  397370ms] [LOG] [ChatTransport] onmessage triggered, has currentResponseHandler: true @ webpack-internal:///(app-pages-browser)/./lib/chat-transport.ts:41
[  397370ms] [LOG] [ChatTransport] responseHandler called, data: {"type":"delta","content":" -","error":null,"message_id":"e5652bc0-af34-427c-9c47-d7f526f6c6b3","conversation_id":null,"itinerary":null,"stage":null} @ webpack-internal:///(app-pages-browser)/./lib/chat-transport.ts:137
[  397373ms] [LOG] [ChatTransport] onmessage triggered, has currentResponseHandler: true @ webpack-internal:///(app-pages-browser)/./lib/chat-transport.ts:41
[  397374ms] [LOG] [ChatTransport] responseHandler called, data: {"type":"delta","content":" ","error":null,"message_id":"e5652bc0-af34-427c-9c47-d7f526f6c6b3","conversation_id":null,"itinerary":null,"stage":null} @ webpack-internal:///(app-pages-browser)/./lib/chat-transport.ts:137
[  397442ms] [LOG] [ChatTransport] onmessage triggered, has currentResponseHandler: true @ webpack-internal:///(app-pages-browser)/./lib/chat-transport.ts:41
[  397442ms] [LOG] [ChatTransport] responseHandler called, data: {"type":"delta","content":"可","error":null,"message_id":"e5652bc0-af34-427c-9c47-d7f526f6c6b3","conversation_id":null,"itinerary":null,"stage":null} @ webpack-internal:///(app-pages-browser)/./lib/chat-transport.ts:137
[  397445ms] [LOG] [ChatTransport] onmessage triggered, has currentResponseHandler: true @ webpack-internal:///(app-pages-browser)/./lib/chat-transport.ts:41
[  397445ms] [LOG] [ChatTransport] responseHandler called, data: {"type":"delta","content":"体验","error":null,"message_id":"e5652bc0-af34-427c-9c47-d7f526f6c6b3","conversation_id":null,"itinerary":null,"stage":null} @ webpack-internal:///(app-pages-browser)/./lib/chat-transport.ts:137
[  397523ms] [LOG] [ChatTransport] onmessage triggered, has currentResponseHandler: true @ webpack-internal:///(app-pages-browser)/./lib/chat-transport.ts:41
[  397524ms] [LOG] [ChatTransport] responseHandler called, data: {"type":"delta","content":"\"","error":null,"message_id":"e5652bc0-af34-427c-9c47-d7f526f6c6b3","conversation_id":null,"itinerary":null,"stage":null} @ webpack-internal:///(app-pages-browser)/./lib/chat-transport.ts:137
[  397540ms] [LOG] [ChatTransport] onmessage triggered, has currentResponseHandler: true @ webpack-internal:///(app-pages-browser)/./lib/chat-transport.ts:41
[  397540ms] [LOG] [ChatTransport] responseHandler called, data: {"type":"delta","content":"不到","error":null,"message_id":"e5652bc0-af34-427c-9c47-d7f526f6c6b3","conversation_id":null,"itinerary":null,"stage":null} @ webpack-internal:///(app-pages-browser)/./lib/chat-transport.ts:137
[  397598ms] [LOG] [ChatTransport] onmessage triggered, has currentResponseHandler: true @ webpack-internal:///(app-pages-browser)/./lib/chat-transport.ts:41
[  397598ms] [LOG] [ChatTransport] responseHandler called, data: {"type":"delta","content":"长城","error":null,"message_id":"e5652bc0-af34-427c-9c47-d7f526f6c6b3","conversation_id":null,"itinerary":null,"stage":null} @ webpack-internal:///(app-pages-browser)/./lib/chat-transport.ts:137
[  397620ms] [LOG] [ChatTransport] onmessage triggered, has currentResponseHandler: true @ webpack-internal:///(app-pages-browser)/./lib/chat-transport.ts:41
[  397620ms] [LOG] [ChatTransport] responseHandler called, data: {"type":"delta","content":"非","error":null,"message_id":"e5652bc0-af34-427c-9c47-d7f526f6c6b3","conversation_id":null,"itinerary":null,"stage":null} @ webpack-internal:///(app-pages-browser)/./lib/chat-transport.ts:137
[  397725ms] [LOG] [ChatTransport] onmessage triggered, has currentResponseHandler: true @ webpack-internal:///(app-pages-browser)/./lib/chat-transport.ts:41
[  397725ms] [LOG] [ChatTransport] responseHandler called, data: {"type":"delta","content":"好","error":null,"message_id":"e5652bc0-af34-427c-9c47-d7f526f6c6b3","conversation_id":null,"itinerary":null,"stage":null} @ webpack-internal:///(app-pages-browser)/./lib/chat-transport.ts:137
[  397748ms] [LOG] [ChatTransport] onmessage triggered, has currentResponseHandler: true @ webpack-internal:///(app-pages-browser)/./lib/chat-transport.ts:41
[  397748ms] [LOG] [ChatTransport] responseHandler called, data: {"type":"delta","content":"汉","error":null,"message_id":"e5652bc0-af34-427c-9c47-d7f526f6c6b3","conversation_id":null,"itinerary":null,"stage":null} @ webpack-internal:///(app-pages-browser)/./lib/chat-transport.ts:137
[  397775ms] [LOG] [ChatTransport] onmessage triggered, has currentResponseHandler: true @ webpack-internal:///(app-pages-browser)/./lib/chat-transport.ts:41
[  397776ms] [LOG] [ChatTransport] responseHandler called, data: {"type":"delta","content":"\"","error":null,"message_id":"e5652bc0-af34-427c-9c47-d7f526f6c6b3","conversation_id":null,"itinerary":null,"stage":null} @ webpack-internal:///(app-pages-browser)/./lib/chat-transport.ts:137
[  397776ms] [LOG] [ChatTransport] onmessage triggered, has currentResponseHandler: true @ webpack-internal:///(app-pages-browser)/./lib/chat-transport.ts:41
[  397776ms] [LOG] [ChatTransport] responseHandler called, data: {"type":"delta","content":"的","error":null,"message_id":"e5652bc0-af34-427c-9c47-d7f526f6c6b3","conversation_id":null,"itinerary":null,"stage":null} @ webpack-internal:///(app-pages-browser)/./lib/chat-transport.ts:137
[  397838ms] [LOG] [ChatTransport] onmessage triggered, has currentResponseHandler: true @ webpack-internal:///(app-pages-browser)/./lib/chat-transport.ts:41
[  397839ms] [LOG] [ChatTransport] responseHandler called, data: {"type":"delta","content":"豪","error":null,"message_id":"e5652bc0-af34-427c-9c47-d7f526f6c6b3","conversation_id":null,"itinerary":null,"stage":null} @ webpack-internal:///(app-pages-browser)/./lib/chat-transport.ts:137
[  398083ms] [LOG] [ChatTransport] onmessage triggered, has currentResponseHandler: true @ webpack-internal:///(app-pages-browser)/./lib/chat-transport.ts:41
[  398083ms] [LOG] [ChatTransport] responseHandler called, data: {"type":"delta","content":"情","error":null,"message_id":"e5652bc0-af34-427c-9c47-d7f526f6c6b3","conversation_id":null,"itinerary":null,"stage":null} @ webpack-internal:///(app-pages-browser)/./lib/chat-transport.ts:137
[  398108ms] [LOG] [ChatTransport] onmessage triggered, has currentResponseHandler: true @ webpack-internal:///(app-pages-browser)/./lib/chat-transport.ts:41
[  398108ms] [LOG] [ChatTransport] responseHandler called, data: {"type":"delta","content":"\n\n","error":null,"message_id":"e5652bc0-af34-427c-9c47-d7f526f6c6b3","conversation_id":null,"itinerary":null,"stage":null} @ webpack-internal:///(app-pages-browser)/./lib/chat-transport.ts:137
[  398108ms] [LOG] [ChatTransport] onmessage triggered, has currentResponseHandler: true @ webpack-internal:///(app-pages-browser)/./lib/chat-transport.ts:41
[  398108ms] [LOG] [ChatTransport] responseHandler called, data: {"type":"delta","content":"5","error":null,"message_id":"e5652bc0-af34-427c-9c47-d7f526f6c6b3","conversation_id":null,"itinerary":null,"stage":null} @ webpack-internal:///(app-pages-browser)/./lib/chat-transport.ts:137
[  398109ms] [LOG] [ChatTransport] onmessage triggered, has currentResponseHandler: true @ webpack-internal:///(app-pages-browser)/./lib/chat-transport.ts:41
[  398109ms] [LOG] [ChatTransport] responseHandler called, data: {"type":"delta","content":".","error":null,"message_id":"e5652bc0-af34-427c-9c47-d7f526f6c6b3","conversation_id":null,"itinerary":null,"stage":null} @ webpack-internal:///(app-pages-browser)/./lib/chat-transport.ts:137
[  398109ms] [LOG] [ChatTransport] onmessage triggered, has currentResponseHandler: true @ webpack-internal:///(app-pages-browser)/./lib/chat-transport.ts:41
[  398109ms] [LOG] [ChatTransport] responseHandler called, data: {"type":"delta","content":" **","error":null,"message_id":"e5652bc0-af34-427c-9c47-d7f526f6c6b3","conversation_id":null,"itinerary":null,"stage":null} @ webpack-internal:///(app-pages-browser)/./lib/chat-transport.ts:137
[  398109ms] [LOG] [ChatTransport] onmessage triggered, has currentResponseHandler: true @ webpack-internal:///(app-pages-browser)/./lib/chat-transport.ts:41
[  398109ms] [LOG] [ChatTransport] responseHandler called, data: {"type":"delta","content":"什","error":null,"message_id":"e5652bc0-af34-427c-9c47-d7f526f6c6b3","conversation_id":null,"itinerary":null,"stage":null} @ webpack-internal:///(app-pages-browser)/./lib/chat-transport.ts:137
[  398133ms] [LOG] [ChatTransport] onmessage triggered, has currentResponseHandler: true @ webpack-internal:///(app-pages-browser)/./lib/chat-transport.ts:41
[  398133ms] [LOG] [ChatTransport] responseHandler called, data: {"type":"delta","content":"刹","error":null,"message_id":"e5652bc0-af34-427c-9c47-d7f526f6c6b3","conversation_id":null,"itinerary":null,"stage":null} @ webpack-internal:///(app-pages-browser)/./lib/chat-transport.ts:137
[  398156ms] [LOG] [ChatTransport] onmessage triggered, has currentResponseHandler: true @ webpack-internal:///(app-pages-browser)/./lib/chat-transport.ts:41
[  398156ms] [LOG] [ChatTransport] responseHandler called, data: {"type":"delta","content":"海","error":null,"message_id":"e5652bc0-af34-427c-9c47-d7f526f6c6b3","conversation_id":null,"itinerary":null,"stage":null} @ webpack-internal:///(app-pages-browser)/./lib/chat-transport.ts:137
[  398205ms] [LOG] [ChatTransport] onmessage triggered, has currentResponseHandler: true @ webpack-internal:///(app-pages-browser)/./lib/chat-transport.ts:41
[  398205ms] [LOG] [ChatTransport] responseHandler called, data: {"type":"delta","content":"**","error":null,"message_id":"e5652bc0-af34-427c-9c47-d7f526f6c6b3","conversation_id":null,"itinerary":null,"stage":null} @ webpack-internal:///(app-pages-browser)/./lib/chat-transport.ts:137
[  398229ms] [LOG] [ChatTransport] onmessage triggered, has currentResponseHandler: true @ webpack-internal:///(app-pages-browser)/./lib/chat-transport.ts:41
[  398230ms] [LOG] [ChatTransport] responseHandler called, data: {"type":"delta","content":" -","error":null,"message_id":"e5652bc0-af34-427c-9c47-d7f526f6c6b3","conversation_id":null,"itinerary":null,"stage":null} @ webpack-internal:///(app-pages-browser)/./lib/chat-transport.ts:137
[  398303ms] [LOG] [ChatTransport] onmessage triggered, has currentResponseHandler: true @ webpack-internal:///(app-pages-browser)/./lib/chat-transport.ts:41
[  398303ms] [LOG] [ChatTransport] responseHandler called, data: {"type":"delta","content":" ","error":null,"message_id":"e5652bc0-af34-427c-9c47-d7f526f6c6b3","conversation_id":null,"itinerary":null,"stage":null} @ webpack-internal:///(app-pages-browser)/./lib/chat-transport.ts:137
[  398332ms] [LOG] [ChatTransport] onmessage triggered, has currentResponseHandler: true @ webpack-internal:///(app-pages-browser)/./lib/chat-transport.ts:41
[  398332ms] [LOG] [ChatTransport] responseHandler called, data: {"type":"delta","content":"北京","error":null,"message_id":"e5652bc0-af34-427c-9c47-d7f526f6c6b3","conversation_id":null,"itinerary":null,"stage":null} @ webpack-internal:///(app-pages-browser)/./lib/chat-transport.ts:137
[  398371ms] [LOG] [ChatTransport] onmessage triggered, has currentResponseHandler: true @ webpack-internal:///(app-pages-browser)/./lib/chat-transport.ts:41
[  398371ms] [LOG] [ChatTransport] responseHandler called, data: {"type":"delta","content":"历史文化","error":null,"message_id":"e5652bc0-af34-427c-9c47-d7f526f6c6b3","conversation_id":null,"itinerary":null,"stage":null} @ webpack-internal:///(app-pages-browser)/./lib/chat-transport.ts:137
[  398375ms] [LOG] [ChatTransport] onmessage triggered, has currentResponseHandler: true @ webpack-internal:///(app-pages-browser)/./lib/chat-transport.ts:41
[  398375ms] [LOG] [ChatTransport] responseHandler called, data: {"type":"delta","content":"保护区","error":null,"message_id":"e5652bc0-af34-427c-9c47-d7f526f6c6b3","conversation_id":null,"itinerary":null,"stage":null} @ webpack-internal:///(app-pages-browser)/./lib/chat-transport.ts:137
[  398447ms] [LOG] [ChatTransport] onmessage triggered, has currentResponseHandler: true @ webpack-internal:///(app-pages-browser)/./lib/chat-transport.ts:41
[  398447ms] [LOG] [ChatTransport] responseHandler called, data: {"type":"delta","content":"\n","error":null,"message_id":"e5652bc0-af34-427c-9c47-d7f526f6c6b3","conversation_id":null,"itinerary":null,"stage":null} @ webpack-internal:///(app-pages-browser)/./lib/chat-transport.ts:137
[  398453ms] [LOG] [ChatTransport] onmessage triggered, has currentResponseHandler: true @ webpack-internal:///(app-pages-browser)/./lib/chat-transport.ts:41
[  398453ms] [LOG] [ChatTransport] responseHandler called, data: {"type":"delta","content":"  ","error":null,"message_id":"e5652bc0-af34-427c-9c47-d7f526f6c6b3","conversation_id":null,"itinerary":null,"stage":null} @ webpack-internal:///(app-pages-browser)/./lib/chat-transport.ts:137
[  398509ms] [LOG] [ChatTransport] onmessage triggered, has currentResponseHandler: true @ webpack-internal:///(app-pages-browser)/./lib/chat-transport.ts:41
[  398509ms] [LOG] [ChatTransport] responseHandler called, data: {"type":"delta","content":" -","error":null,"message_id":"e5652bc0-af34-427c-9c47-d7f526f6c6b3","conversation_id":null,"itinerary":null,"stage":null} @ webpack-internal:///(app-pages-browser)/./lib/chat-transport.ts:137
[  398514ms] [LOG] [ChatTransport] onmessage triggered, has currentResponseHandler: true @ webpack-internal:///(app-pages-browser)/./lib/chat-transport.ts:41
[  398514ms] [LOG] [ChatTransport] responseHandler called, data: {"type":"delta","content":" ","error":null,"message_id":"e5652bc0-af34-427c-9c47-d7f526f6c6b3","conversation_id":null,"itinerary":null,"stage":null} @ webpack-internal:///(app-pages-browser)/./lib/chat-transport.ts:137
[  398585ms] [LOG] [ChatTransport] onmessage triggered, has currentResponseHandler: true @ webpack-internal:///(app-pages-browser)/./lib/chat-transport.ts:41
[  398585ms] [LOG] [ChatTransport] responseHandler called, data: {"type":"delta","content":"包含","error":null,"message_id":"e5652bc0-af34-427c-9c47-d7f526f6c6b3","conversation_id":null,"itinerary":null,"stage":null} @ webpack-internal:///(app-pages-browser)/./lib/chat-transport.ts:137
[  398602ms] [LOG] [ChatTransport] onmessage triggered, has currentResponseHandler: true @ webpack-internal:///(app-pages-browser)/./lib/chat-transport.ts:41
[  398602ms] [LOG] [ChatTransport] responseHandler called, data: {"type":"delta","content":"前","error":null,"message_id":"e5652bc0-af34-427c-9c47-d7f526f6c6b3","conversation_id":null,"itinerary":null,"stage":null} @ webpack-internal:///(app-pages-browser)/./lib/chat-transport.ts:137
[  398723ms] [LOG] [ChatTransport] onmessage triggered, has currentResponseHandler: true @ webpack-internal:///(app-pages-browser)/./lib/chat-transport.ts:41
[  398724ms] [LOG] [ChatTransport] responseHandler called, data: {"type":"delta","content":"海","error":null,"message_id":"e5652bc0-af34-427c-9c47-d7f526f6c6b3","conversation_id":null,"itinerary":null,"stage":null} @ webpack-internal:///(app-pages-browser)/./lib/chat-transport.ts:137
[  398744ms] [LOG] [ChatTransport] onmessage triggered, has currentResponseHandler: true @ webpack-internal:///(app-pages-browser)/./lib/chat-transport.ts:41
[  398745ms] [LOG] [ChatTransport] responseHandler called, data: {"type":"delta","content":"、","error":null,"message_id":"e5652bc0-af34-427c-9c47-d7f526f6c6b3","conversation_id":null,"itinerary":null,"stage":null} @ webpack-internal:///(app-pages-browser)/./lib/chat-transport.ts:137
[  398762ms] [LOG] [ChatTransport] onmessage triggered, has currentResponseHandler: true @ webpack-internal:///(app-pages-browser)/./lib/chat-transport.ts:41
[  398763ms] [LOG] [ChatTransport] responseHandler called, data: {"type":"delta","content":"后","error":null,"message_id":"e5652bc0-af34-427c-9c47-d7f526f6c6b3","conversation_id":null,"itinerary":null,"stage":null} @ webpack-internal:///(app-pages-browser)/./lib/chat-transport.ts:137
[  398781ms] [LOG] [ChatTransport] onmessage triggered, has currentResponseHandler: true @ webpack-internal:///(app-pages-browser)/./lib/chat-transport.ts:41
[  398781ms] [LOG] [ChatTransport] responseHandler called, data: {"type":"delta","content":"海","error":null,"message_id":"e5652bc0-af34-427c-9c47-d7f526f6c6b3","conversation_id":null,"itinerary":null,"stage":null} @ webpack-internal:///(app-pages-browser)/./lib/chat-transport.ts:137
[  398816ms] [LOG] [ChatTransport] onmessage triggered, has currentResponseHandler: true @ webpack-internal:///(app-pages-browser)/./lib/chat-transport.ts:41
[  398816ms] [LOG] [ChatTransport] responseHandler called, data: {"type":"delta","content":"、","error":null,"message_id":"e5652bc0-af34-427c-9c47-d7f526f6c6b3","conversation_id":null,"itinerary":null,"stage":null} @ webpack-internal:///(app-pages-browser)/./lib/chat-transport.ts:137
[  398835ms] [LOG] [ChatTransport] onmessage triggered, has currentResponseHandler: true @ webpack-internal:///(app-pages-browser)/./lib/chat-transport.ts:41
[  398835ms] [LOG] [ChatTransport] responseHandler called, data: {"type":"delta","content":"西","error":null,"message_id":"e5652bc0-af34-427c-9c47-d7f526f6c6b3","conversation_id":null,"itinerary":null,"stage":null} @ webpack-internal:///(app-pages-browser)/./lib/chat-transport.ts:137
[  398890ms] [LOG] [ChatTransport] onmessage triggered, has currentResponseHandler: true @ webpack-internal:///(app-pages-browser)/./lib/chat-transport.ts:41
[  398890ms] [LOG] [ChatTransport] responseHandler called, data: {"type":"delta","content":"海","error":null,"message_id":"e5652bc0-af34-427c-9c47-d7f526f6c6b3","conversation_id":null,"itinerary":null,"stage":null} @ webpack-internal:///(app-pages-browser)/./lib/chat-transport.ts:137
[  398909ms] [LOG] [ChatTransport] onmessage triggered, has currentResponseHandler: true @ webpack-internal:///(app-pages-browser)/./lib/chat-transport.ts:41
[  398909ms] [LOG] [ChatTransport] responseHandler called, data: {"type":"delta","content":"三个","error":null,"message_id":"e5652bc0-af34-427c-9c47-d7f526f6c6b3","conversation_id":null,"itinerary":null,"stage":null} @ webpack-internal:///(app-pages-browser)/./lib/chat-transport.ts:137
[  399002ms] [LOG] [ChatTransport] onmessage triggered, has currentResponseHandler: true @ webpack-internal:///(app-pages-browser)/./lib/chat-transport.ts:41
[  399003ms] [LOG] [ChatTransport] responseHandler called, data: {"type":"delta","content":"水域","error":null,"message_id":"e5652bc0-af34-427c-9c47-d7f526f6c6b3","conversation_id":null,"itinerary":null,"stage":null} @ webpack-internal:///(app-pages-browser)/./lib/chat-transport.ts:137
[  399039ms] [LOG] [ChatTransport] onmessage triggered, has currentResponseHandler: true @ webpack-internal:///(app-pages-browser)/./lib/chat-transport.ts:41
[  399039ms] [LOG] [ChatTransport] responseHandler called, data: {"type":"delta","content":"及","error":null,"message_id":"e5652bc0-af34-427c-9c47-d7f526f6c6b3","conversation_id":null,"itinerary":null,"stage":null} @ webpack-internal:///(app-pages-browser)/./lib/chat-transport.ts:137
[  399118ms] [LOG] [ChatTransport] onmessage triggered, has currentResponseHandler: true @ webpack-internal:///(app-pages-browser)/./lib/chat-transport.ts:41
[  399119ms] [LOG] [ChatTransport] responseHandler called, data: {"type":"delta","content":"周边","error":null,"message_id":"e5652bc0-af34-427c-9c47-d7f526f6c6b3","conversation_id":null,"itinerary":null,"stage":null} @ webpack-internal:///(app-pages-browser)/./lib/chat-transport.ts:137
[  399146ms] [LOG] [ChatTransport] onmessage triggered, has currentResponseHandler: true @ webpack-internal:///(app-pages-browser)/./lib/chat-transport.ts:41
[  399146ms] [LOG] [ChatTransport] responseHandler called, data: {"type":"delta","content":"地区","error":null,"message_id":"e5652bc0-af34-427c-9c47-d7f526f6c6b3","conversation_id":null,"itinerary":null,"stage":null} @ webpack-internal:///(app-pages-browser)/./lib/chat-transport.ts:137
[  399202ms] [LOG] [ChatTransport] onmessage triggered, has currentResponseHandler: true @ webpack-internal:///(app-pages-browser)/./lib/chat-transport.ts:41
[  399202ms] [LOG] [ChatTransport] responseHandler called, data: {"type":"delta","content":"\n","error":null,"message_id":"e5652bc0-af34-427c-9c47-d7f526f6c6b3","conversation_id":null,"itinerary":null,"stage":null} @ webpack-internal:///(app-pages-browser)/./lib/chat-transport.ts:137
[  399216ms] [LOG] [ChatTransport] onmessage triggered, has currentResponseHandler: true @ webpack-internal:///(app-pages-browser)/./lib/chat-transport.ts:41
[  399216ms] [LOG] [ChatTransport] responseHandler called, data: {"type":"delta","content":"  ","error":null,"message_id":"e5652bc0-af34-427c-9c47-d7f526f6c6b3","conversation_id":null,"itinerary":null,"stage":null} @ webpack-internal:///(app-pages-browser)/./lib/chat-transport.ts:137
[  399270ms] [LOG] [ChatTransport] onmessage triggered, has currentResponseHandler: true @ webpack-internal:///(app-pages-browser)/./lib/chat-transport.ts:41
[  399270ms] [LOG] [ChatTransport] responseHandler called, data: {"type":"delta","content":" -","error":null,"message_id":"e5652bc0-af34-427c-9c47-d7f526f6c6b3","conversation_id":null,"itinerary":null,"stage":null} @ webpack-internal:///(app-pages-browser)/./lib/chat-transport.ts:137
[  399273ms] [LOG] [ChatTransport] onmessage triggered, has currentResponseHandler: true @ webpack-internal:///(app-pages-browser)/./lib/chat-transport.ts:41
[  399273ms] [LOG] [ChatTransport] responseHandler called, data: {"type":"delta","content":" ","error":null,"message_id":"e5652bc0-af34-427c-9c47-d7f526f6c6b3","conversation_id":null,"itinerary":null,"stage":null} @ webpack-internal:///(app-pages-browser)/./lib/chat-transport.ts:137
[  399522ms] [LOG] [ChatTransport] onmessage triggered, has currentResponseHandler: true @ webpack-internal:///(app-pages-browser)/./lib/chat-transport.ts:41
[  399522ms] [LOG] [ChatTransport] responseHandler called, data: {"type":"delta","content":"周边","error":null,"message_id":"e5652bc0-af34-427c-9c47-d7f526f6c6b3","conversation_id":null,"itinerary":null,"stage":null} @ webpack-internal:///(app-pages-browser)/./lib/chat-transport.ts:137
[  399527ms] [LOG] [ChatTransport] onmessage triggered, has currentResponseHandler: true @ webpack-internal:///(app-pages-browser)/./lib/chat-transport.ts:41
[  399528ms] [LOG] [ChatTransport] responseHandler called, data: {"type":"delta","content":"有","error":null,"message_id":"e5652bc0-af34-427c-9c47-d7f526f6c6b3","conversation_id":null,"itinerary":null,"stage":null} @ webpack-internal:///(app-pages-browser)/./lib/chat-transport.ts:137
[  399528ms] [LOG] [ChatTransport] onmessage triggered, has currentResponseHandler: true @ webpack-internal:///(app-pages-browser)/./lib/chat-transport.ts:41
[  399528ms] [LOG] [ChatTransport] responseHandler called, data: {"type":"delta","content":"众多","error":null,"message_id":"e5652bc0-af34-427c-9c47-d7f526f6c6b3","conversation_id":null,"itinerary":null,"stage":null} @ webpack-internal:///(app-pages-browser)/./lib/chat-transport.ts:137
[  399528ms] [LOG] [ChatTransport] onmessage triggered, has currentResponseHandler: true @ webpack-internal:///(app-pages-browser)/./lib/chat-transport.ts:41
[  399528ms] [LOG] [ChatTransport] responseHandler called, data: {"type":"delta","content":"王府","error":null,"message_id":"e5652bc0-af34-427c-9c47-d7f526f6c6b3","conversation_id":null,"itinerary":null,"stage":null} @ webpack-internal:///(app-pages-browser)/./lib/chat-transport.ts:137
[  399528ms] [LOG] [ChatTransport] onmessage triggered, has currentResponseHandler: true @ webpack-internal:///(app-pages-browser)/./lib/chat-transport.ts:41
[  399528ms] [LOG] [ChatTransport] responseHandler called, data: {"type":"delta","content":"、","error":null,"message_id":"e5652bc0-af34-427c-9c47-d7f526f6c6b3","conversation_id":null,"itinerary":null,"stage":null} @ webpack-internal:///(app-pages-browser)/./lib/chat-transport.ts:137
[  399529ms] [LOG] [ChatTransport] onmessage triggered, has currentResponseHandler: true @ webpack-internal:///(app-pages-browser)/./lib/chat-transport.ts:41
[  399529ms] [LOG] [ChatTransport] responseHandler called, data: {"type":"delta","content":"寺庙","error":null,"message_id":"e5652bc0-af34-427c-9c47-d7f526f6c6b3","conversation_id":null,"itinerary":null,"stage":null} @ webpack-internal:///(app-pages-browser)/./lib/chat-transport.ts:137
[  399580ms] [LOG] [ChatTransport] onmessage triggered, has currentResponseHandler: true @ webpack-internal:///(app-pages-browser)/./lib/chat-transport.ts:41
[  399580ms] [LOG] [ChatTransport] responseHandler called, data: {"type":"delta","content":"和","error":null,"message_id":"e5652bc0-af34-427c-9c47-d7f526f6c6b3","conversation_id":null,"itinerary":null,"stage":null} @ webpack-internal:///(app-pages-browser)/./lib/chat-transport.ts:137
[  399581ms] [LOG] [ChatTransport] onmessage triggered, has currentResponseHandler: true @ webpack-internal:///(app-pages-browser)/./lib/chat-transport.ts:41
[  399581ms] [LOG] [ChatTransport] responseHandler called, data: {"type":"delta","content":"胡同","error":null,"message_id":"e5652bc0-af34-427c-9c47-d7f526f6c6b3","conversation_id":null,"itinerary":null,"stage":null} @ webpack-internal:///(app-pages-browser)/./lib/chat-transport.ts:137
[  399646ms] [LOG] [ChatTransport] onmessage triggered, has currentResponseHandler: true @ webpack-internal:///(app-pages-browser)/./lib/chat-transport.ts:41
[  399646ms] [LOG] [ChatTransport] responseHandler called, data: {"type":"delta","content":"\n\n","error":null,"message_id":"e5652bc0-af34-427c-9c47-d7f526f6c6b3","conversation_id":null,"itinerary":null,"stage":null} @ webpack-internal:///(app-pages-browser)/./lib/chat-transport.ts:137
[  399670ms] [LOG] [ChatTransport] onmessage triggered, has currentResponseHandler: true @ webpack-internal:///(app-pages-browser)/./lib/chat-transport.ts:41
[  399670ms] [LOG] [ChatTransport] responseHandler called, data: {"type":"delta","content":"##","error":null,"message_id":"e5652bc0-af34-427c-9c47-d7f526f6c6b3","conversation_id":null,"itinerary":null,"stage":null} @ webpack-internal:///(app-pages-browser)/./lib/chat-transport.ts:137
[  399740ms] [LOG] [ChatTransport] onmessage triggered, has currentResponseHandler: true @ webpack-internal:///(app-pages-browser)/./lib/chat-transport.ts:41
[  399740ms] [LOG] [ChatTransport] responseHandler called, data: {"type":"delta","content":" **","error":null,"message_id":"e5652bc0-af34-427c-9c47-d7f526f6c6b3","conversation_id":null,"itinerary":null,"stage":null} @ webpack-internal:///(app-pages-browser)/./lib/chat-transport.ts:137
[  399758ms] [LOG] [ChatTransport] onmessage triggered, has currentResponseHandler: true @ webpack-internal:///(app-pages-browser)/./lib/chat-transport.ts:41
[  399759ms] [LOG] [ChatTransport] responseHandler called, data: {"type":"delta","content":"历史文化","error":null,"message_id":"e5652bc0-af34-427c-9c47-d7f526f6c6b3","conversation_id":null,"itinerary":null,"stage":null} @ webpack-internal:///(app-pages-browser)/./lib/chat-transport.ts:137
[  399802ms] [LOG] [ChatTransport] onmessage triggered, has currentResponseHandler: true @ webpack-internal:///(app-pages-browser)/./lib/chat-transport.ts:41
[  399802ms] [LOG] [ChatTransport] responseHandler called, data: {"type":"delta","content":"街区","error":null,"message_id":"e5652bc0-af34-427c-9c47-d7f526f6c6b3","conversation_id":null,"itinerary":null,"stage":null} @ webpack-internal:///(app-pages-browser)/./lib/chat-transport.ts:137
[  399802ms] [LOG] [ChatTransport] onmessage triggered, has currentResponseHandler: true @ webpack-internal:///(app-pages-browser)/./lib/chat-transport.ts:41
[  399802ms] [LOG] [ChatTransport] responseHandler called, data: {"type":"delta","content":"**\n","error":null,"message_id":"e5652bc0-af34-427c-9c47-d7f526f6c6b3","conversation_id":null,"itinerary":null,"stage":null} @ webpack-internal:///(app-pages-browser)/./lib/chat-transport.ts:137
[  399888ms] [LOG] [ChatTransport] onmessage triggered, has currentResponseHandler: true @ webpack-internal:///(app-pages-browser)/./lib/chat-transport.ts:41
[  399888ms] [LOG] [ChatTransport] responseHandler called, data: {"type":"delta","content":"6","error":null,"message_id":"e5652bc0-af34-427c-9c47-d7f526f6c6b3","conversation_id":null,"itinerary":null,"stage":null} @ webpack-internal:///(app-pages-browser)/./lib/chat-transport.ts:137
[  399903ms] [LOG] [ChatTransport] onmessage triggered, has currentResponseHandler: true @ webpack-internal:///(app-pages-browser)/./lib/chat-transport.ts:41
[  399903ms] [LOG] [ChatTransport] responseHandler called, data: {"type":"delta","content":".","error":null,"message_id":"e5652bc0-af34-427c-9c47-d7f526f6c6b3","conversation_id":null,"itinerary":null,"stage":null} @ webpack-internal:///(app-pages-browser)/./lib/chat-transport.ts:137
[  399961ms] [LOG] [ChatTransport] onmessage triggered, has currentResponseHandler: true @ webpack-internal:///(app-pages-browser)/./lib/chat-transport.ts:41
[  399961ms] [LOG] [ChatTransport] responseHandler called, data: {"type":"delta","content":" **","error":null,"message_id":"e5652bc0-af34-427c-9c47-d7f526f6c6b3","conversation_id":null,"itinerary":null,"stage":null} @ webpack-internal:///(app-pages-browser)/./lib/chat-transport.ts:137
[  399978ms] [LOG] [ChatTransport] onmessage triggered, has currentResponseHandler: true @ webpack-internal:///(app-pages-browser)/./lib/chat-transport.ts:41
[  399978ms] [LOG] [ChatTransport] responseHandler called, data: {"type":"delta","content":"南","error":null,"message_id":"e5652bc0-af34-427c-9c47-d7f526f6c6b3","conversation_id":null,"itinerary":null,"stage":null} @ webpack-internal:///(app-pages-browser)/./lib/chat-transport.ts:137
[  400028ms] [LOG] [ChatTransport] onmessage triggered, has currentResponseHandler: true @ webpack-internal:///(app-pages-browser)/./lib/chat-transport.ts:41
[  400028ms] [LOG] [ChatTransport] responseHandler called, data: {"type":"delta","content":"锣","error":null,"message_id":"e5652bc0-af34-427c-9c47-d7f526f6c6b3","conversation_id":null,"itinerary":null,"stage":null} @ webpack-internal:///(app-pages-browser)/./lib/chat-transport.ts:137
[  400049ms] [LOG] [ChatTransport] onmessage triggered, has currentResponseHandler: true @ webpack-internal:///(app-pages-browser)/./lib/chat-transport.ts:41
[  400049ms] [LOG] [ChatTransport] responseHandler called, data: {"type":"delta","content":"鼓","error":null,"message_id":"e5652bc0-af34-427c-9c47-d7f526f6c6b3","conversation_id":null,"itinerary":null,"stage":null} @ webpack-internal:///(app-pages-browser)/./lib/chat-transport.ts:137
[  400104ms] [LOG] [ChatTransport] onmessage triggered, has currentResponseHandler: true @ webpack-internal:///(app-pages-browser)/./lib/chat-transport.ts:41
[  400105ms] [LOG] [ChatTransport] responseHandler called, data: {"type":"delta","content":"巷","error":null,"message_id":"e5652bc0-af34-427c-9c47-d7f526f6c6b3","conversation_id":null,"itinerary":null,"stage":null} @ webpack-internal:///(app-pages-browser)/./lib/chat-transport.ts:137
[  400121ms] [LOG] [ChatTransport] onmessage triggered, has currentResponseHandler: true @ webpack-internal:///(app-pages-browser)/./lib/chat-transport.ts:41
[  400121ms] [LOG] [ChatTransport] responseHandler called, data: {"type":"delta","content":"**","error":null,"message_id":"e5652bc0-af34-427c-9c47-d7f526f6c6b3","conversation_id":null,"itinerary":null,"stage":null} @ webpack-internal:///(app-pages-browser)/./lib/chat-transport.ts:137
[  400213ms] [LOG] [ChatTransport] onmessage triggered, has currentResponseHandler: true @ webpack-internal:///(app-pages-browser)/./lib/chat-transport.ts:41
[  400213ms] [LOG] [ChatTransport] responseHandler called, data: {"type":"delta","content":" -","error":null,"message_id":"e5652bc0-af34-427c-9c47-d7f526f6c6b3","conversation_id":null,"itinerary":null,"stage":null} @ webpack-internal:///(app-pages-browser)/./lib/chat-transport.ts:137
[  400232ms] [LOG] [ChatTransport] onmessage triggered, has currentResponseHandler: true @ webpack-internal:///(app-pages-browser)/./lib/chat-transport.ts:41
[  400232ms] [LOG] [ChatTransport] responseHandler called, data: {"type":"delta","content":" ","error":null,"message_id":"e5652bc0-af34-427c-9c47-d7f526f6c6b3","conversation_id":null,"itinerary":null,"stage":null} @ webpack-internal:///(app-pages-browser)/./lib/chat-transport.ts:137
[  400313ms] [LOG] [ChatTransport] onmessage triggered, has currentResponseHandler: true @ webpack-internal:///(app-pages-browser)/./lib/chat-transport.ts:41
[  400313ms] [LOG] [ChatTransport] responseHandler called, data: {"type":"delta","content":"北京","error":null,"message_id":"e5652bc0-af34-427c-9c47-d7f526f6c6b3","conversation_id":null,"itinerary":null,"stage":null} @ webpack-internal:///(app-pages-browser)/./lib/chat-transport.ts:137
[  400313ms] [LOG] [ChatTransport] onmessage triggered, has currentResponseHandler: true @ webpack-internal:///(app-pages-browser)/./lib/chat-transport.ts:41
[  400313ms] [LOG] [ChatTransport] responseHandler called, data: {"type":"delta","content":"最","error":null,"message_id":"e5652bc0-af34-427c-9c47-d7f526f6c6b3","conversation_id":null,"itinerary":null,"stage":null} @ webpack-internal:///(app-pages-browser)/./lib/chat-transport.ts:137
[  400330ms] [LOG] [ChatTransport] onmessage triggered, has currentResponseHandler: true @ webpack-internal:///(app-pages-browser)/./lib/chat-transport.ts:41
[  400330ms] [LOG] [ChatTransport] responseHandler called, data: {"type":"delta","content":"古老的","error":null,"message_id":"e5652bc0-af34-427c-9c47-d7f526f6c6b3","conversation_id":null,"itinerary":null,"stage":null} @ webpack-internal:///(app-pages-browser)/./lib/chat-transport.ts:137
[  400331ms] [LOG] [ChatTransport] onmessage triggered, has currentResponseHandler: true @ webpack-internal:///(app-pages-browser)/./lib/chat-transport.ts:41
[  400331ms] [LOG] [ChatTransport] responseHandler called, data: {"type":"delta","content":"街区","error":null,"message_id":"e5652bc0-af34-427c-9c47-d7f526f6c6b3","conversation_id":null,"itinerary":null,"stage":null} @ webpack-internal:///(app-pages-browser)/./lib/chat-transport.ts:137
[  400421ms] [LOG] [ChatTransport] onmessage triggered, has currentResponseHandler: true @ webpack-internal:///(app-pages-browser)/./lib/chat-transport.ts:41
[  400421ms] [LOG] [ChatTransport] responseHandler called, data: {"type":"delta","content":"之一","error":null,"message_id":"e5652bc0-af34-427c-9c47-d7f526f6c6b3","conversation_id":null,"itinerary":null,"stage":null} @ webpack-internal:///(app-pages-browser)/./lib/chat-transport.ts:137
[  400426ms] [LOG] [ChatTransport] onmessage triggered, has currentResponseHandler: true @ webpack-internal:///(app-pages-browser)/./lib/chat-transport.ts:41
[  400426ms] [LOG] [ChatTransport] responseHandler called, data: {"type":"delta","content":"\n","error":null,"message_id":"e5652bc0-af34-427c-9c47-d7f526f6c6b3","conversation_id":null,"itinerary":null,"stage":null} @ webpack-internal:///(app-pages-browser)/./lib/chat-transport.ts:137
[  400491ms] [LOG] [ChatTransport] onmessage triggered, has currentResponseHandler: true @ webpack-internal:///(app-pages-browser)/./lib/chat-transport.ts:41
[  400491ms] [LOG] [ChatTransport] responseHandler called, data: {"type":"delta","content":"  ","error":null,"message_id":"e5652bc0-af34-427c-9c47-d7f526f6c6b3","conversation_id":null,"itinerary":null,"stage":null} @ webpack-internal:///(app-pages-browser)/./lib/chat-transport.ts:137
[  400494ms] [LOG] [ChatTransport] onmessage triggered, has currentResponseHandler: true @ webpack-internal:///(app-pages-browser)/./lib/chat-transport.ts:41
[  400494ms] [LOG] [ChatTransport] responseHandler called, data: {"type":"delta","content":" -","error":null,"message_id":"e5652bc0-af34-427c-9c47-d7f526f6c6b3","conversation_id":null,"itinerary":null,"stage":null} @ webpack-internal:///(app-pages-browser)/./lib/chat-transport.ts:137
[  400657ms] [LOG] [ChatTransport] onmessage triggered, has currentResponseHandler: true @ webpack-internal:///(app-pages-browser)/./lib/chat-transport.ts:41
[  400658ms] [LOG] [ChatTransport] responseHandler called, data: {"type":"delta","content":" ","error":null,"message_id":"e5652bc0-af34-427c-9c47-d7f526f6c6b3","conversation_id":null,"itinerary":null,"stage":null} @ webpack-internal:///(app-pages-browser)/./lib/chat-transport.ts:137
[  400674ms] [LOG] [ChatTransport] onmessage triggered, has currentResponseHandler: true @ webpack-internal:///(app-pages-browser)/./lib/chat-transport.ts:41
[  400674ms] [LOG] [ChatTransport] responseHandler called, data: {"type":"delta","content":"保存","error":null,"message_id":"e5652bc0-af34-427c-9c47-d7f526f6c6b3","conversation_id":null,"itinerary":null,"stage":null} @ webpack-internal:///(app-pages-browser)/./lib/chat-transport.ts:137
[  400674ms] [LOG] [ChatTransport] onmessage triggered, has currentResponseHandler: true @ webpack-internal:///(app-pages-browser)/./lib/chat-transport.ts:41
[  400674ms] [LOG] [ChatTransport] responseHandler called, data: {"type":"delta","content":"完","error":null,"message_id":"e5652bc0-af34-427c-9c47-d7f526f6c6b3","conversation_id":null,"itinerary":null,"stage":null} @ webpack-internal:///(app-pages-browser)/./lib/chat-transport.ts:137
[  400674ms] [LOG] [ChatTransport] onmessage triggered, has currentResponseHandler: true @ webpack-internal:///(app-pages-browser)/./lib/chat-transport.ts:41
[  400674ms] [LOG] [ChatTransport] responseHandler called, data: {"type":"delta","content":"好的","error":null,"message_id":"e5652bc0-af34-427c-9c47-d7f526f6c6b3","conversation_id":null,"itinerary":null,"stage":null} @ webpack-internal:///(app-pages-browser)/./lib/chat-transport.ts:137
[  400721ms] [LOG] [ChatTransport] onmessage triggered, has currentResponseHandler: true @ webpack-internal:///(app-pages-browser)/./lib/chat-transport.ts:41
[  400721ms] [LOG] [ChatTransport] responseHandler called, data: {"type":"delta","content":"元代","error":null,"message_id":"e5652bc0-af34-427c-9c47-d7f526f6c6b3","conversation_id":null,"itinerary":null,"stage":null} @ webpack-internal:///(app-pages-browser)/./lib/chat-transport.ts:137
[  400722ms] [LOG] [ChatTransport] onmessage triggered, has currentResponseHandler: true @ webpack-internal:///(app-pages-browser)/./lib/chat-transport.ts:41
[  400722ms] [LOG] [ChatTransport] responseHandler called, data: {"type":"delta","content":"胡同","error":null,"message_id":"e5652bc0-af34-427c-9c47-d7f526f6c6b3","conversation_id":null,"itinerary":null,"stage":null} @ webpack-internal:///(app-pages-browser)/./lib/chat-transport.ts:137
[  400954ms] [LOG] [ChatTransport] onmessage triggered, has currentResponseHandler: true @ webpack-internal:///(app-pages-browser)/./lib/chat-transport.ts:41
[  400954ms] [LOG] [ChatTransport] responseHandler called, data: {"type":"delta","content":"院落","error":null,"message_id":"e5652bc0-af34-427c-9c47-d7f526f6c6b3","conversation_id":null,"itinerary":null,"stage":null} @ webpack-internal:///(app-pages-browser)/./lib/chat-transport.ts:137
[  400972ms] [LOG] [ChatTransport] onmessage triggered, has currentResponseHandler: true @ webpack-internal:///(app-pages-browser)/./lib/chat-transport.ts:41
[  400972ms] [LOG] [ChatTransport] responseHandler called, data: {"type":"delta","content":"格局","error":null,"message_id":"e5652bc0-af34-427c-9c47-d7f526f6c6b3","conversation_id":null,"itinerary":null,"stage":null} @ webpack-internal:///(app-pages-browser)/./lib/chat-transport.ts:137
[  400972ms] [LOG] [ChatTransport] onmessage triggered, has currentResponseHandler: true @ webpack-internal:///(app-pages-browser)/./lib/chat-transport.ts:41
[  400972ms] [LOG] [ChatTransport] responseHandler called, data: {"type":"delta","content":"\n","error":null,"message_id":"e5652bc0-af34-427c-9c47-d7f526f6c6b3","conversation_id":null,"itinerary":null,"stage":null} @ webpack-internal:///(app-pages-browser)/./lib/chat-transport.ts:137
[  400972ms] [LOG] [ChatTransport] onmessage triggered, has currentResponseHandler: true @ webpack-internal:///(app-pages-browser)/./lib/chat-transport.ts:41
[  400973ms] [LOG] [ChatTransport] responseHandler called, data: {"type":"delta","content":"  ","error":null,"message_id":"e5652bc0-af34-427c-9c47-d7f526f6c6b3","conversation_id":null,"itinerary":null,"stage":null} @ webpack-internal:///(app-pages-browser)/./lib/chat-transport.ts:137
[  400973ms] [LOG] [ChatTransport] onmessage triggered, has currentResponseHandler: true @ webpack-internal:///(app-pages-browser)/./lib/chat-transport.ts:41
[  400973ms] [LOG] [ChatTransport] responseHandler called, data: {"type":"delta","content":" -","error":null,"message_id":"e5652bc0-af34-427c-9c47-d7f526f6c6b3","conversation_id":null,"itinerary":null,"stage":null} @ webpack-internal:///(app-pages-browser)/./lib/chat-transport.ts:137
[  401034ms] [LOG] [ChatTransport] onmessage triggered, has currentResponseHandler: true @ webpack-internal:///(app-pages-browser)/./lib/chat-transport.ts:41
[  401034ms] [LOG] [ChatTransport] responseHandler called, data: {"type":"delta","content":" ","error":null,"message_id":"e5652bc0-af34-427c-9c47-d7f526f6c6b3","conversation_id":null,"itinerary":null,"stage":null} @ webpack-internal:///(app-pages-browser)/./lib/chat-transport.ts:137
[  401053ms] [LOG] [ChatTransport] onmessage triggered, has currentResponseHandler: true @ webpack-internal:///(app-pages-browser)/./lib/chat-transport.ts:41
[  401053ms] [LOG] [ChatTransport] responseHandler called, data: {"type":"delta","content":"体验","error":null,"message_id":"e5652bc0-af34-427c-9c47-d7f526f6c6b3","conversation_id":null,"itinerary":null,"stage":null} @ webpack-internal:///(app-pages-browser)/./lib/chat-transport.ts:137
[  401102ms] [LOG] [ChatTransport] onmessage triggered, has currentResponseHandler: true @ webpack-internal:///(app-pages-browser)/./lib/chat-transport.ts:41
[  401103ms] [LOG] [ChatTransport] responseHandler called, data: {"type":"delta","content":"老","error":null,"message_id":"e5652bc0-af34-427c-9c47-d7f526f6c6b3","conversation_id":null,"itinerary":null,"stage":null} @ webpack-internal:///(app-pages-browser)/./lib/chat-transport.ts:137
[  401118ms] [LOG] [ChatTransport] onmessage triggered, has currentResponseHandler: true @ webpack-internal:///(app-pages-browser)/./lib/chat-transport.ts:41
[  401118ms] [LOG] [ChatTransport] responseHandler called, data: {"type":"delta","content":"北京","error":null,"message_id":"e5652bc0-af34-427c-9c47-d7f526f6c6b3","conversation_id":null,"itinerary":null,"stage":null} @ webpack-internal:///(app-pages-browser)/./lib/chat-transport.ts:137
[  401178ms] [LOG] [ChatTransport] onmessage triggered, has currentResponseHandler: true @ webpack-internal:///(app-pages-browser)/./lib/chat-transport.ts:41
[  401178ms] [LOG] [ChatTransport] responseHandler called, data: {"type":"delta","content":"胡同","error":null,"message_id":"e5652bc0-af34-427c-9c47-d7f526f6c6b3","conversation_id":null,"itinerary":null,"stage":null} @ webpack-internal:///(app-pages-browser)/./lib/chat-transport.ts:137
[  401193ms] [LOG] [ChatTransport] onmessage triggered, has currentResponseHandler: true @ webpack-internal:///(app-pages-browser)/./lib/chat-transport.ts:41
[  401193ms] [LOG] [ChatTransport] responseHandler called, data: {"type":"delta","content":"文化","error":null,"message_id":"e5652bc0-af34-427c-9c47-d7f526f6c6b3","conversation_id":null,"itinerary":null,"stage":null} @ webpack-internal:///(app-pages-browser)/./lib/chat-transport.ts:137
[  401273ms] [LOG] [ChatTransport] onmessage triggered, has currentResponseHandler: true @ webpack-internal:///(app-pages-browser)/./lib/chat-transport.ts:41
[  401273ms] [LOG] [ChatTransport] responseHandler called, data: {"type":"delta","content":"\n\n","error":null,"message_id":"e5652bc0-af34-427c-9c47-d7f526f6c6b3","conversation_id":null,"itinerary":null,"stage":null} @ webpack-internal:///(app-pages-browser)/./lib/chat-transport.ts:137
[  401282ms] [LOG] [ChatTransport] onmessage triggered, has currentResponseHandler: true @ webpack-internal:///(app-pages-browser)/./lib/chat-transport.ts:41
[  401282ms] [LOG] [ChatTransport] responseHandler called, data: {"type":"delta","content":"##","error":null,"message_id":"e5652bc0-af34-427c-9c47-d7f526f6c6b3","conversation_id":null,"itinerary":null,"stage":null} @ webpack-internal:///(app-pages-browser)/./lib/chat-transport.ts:137
[  401323ms] [LOG] [ChatTransport] onmessage triggered, has currentResponseHandler: true @ webpack-internal:///(app-pages-browser)/./lib/chat-transport.ts:41
[  401323ms] [LOG] [ChatTransport] responseHandler called, data: {"type":"delta","content":" **","error":null,"message_id":"e5652bc0-af34-427c-9c47-d7f526f6c6b3","conversation_id":null,"itinerary":null,"stage":null} @ webpack-internal:///(app-pages-browser)/./lib/chat-transport.ts:137
[  401346ms] [LOG] [ChatTransport] onmessage triggered, has currentResponseHandler: true @ webpack-internal:///(app-pages-browser)/./lib/chat-transport.ts:41
[  401347ms] [LOG] [ChatTransport] responseHandler called, data: {"type":"delta","content":"推荐","error":null,"message_id":"e5652bc0-af34-427c-9c47-d7f526f6c6b3","conversation_id":null,"itinerary":null,"stage":null} @ webpack-internal:///(app-pages-browser)/./lib/chat-transport.ts:137
[  401405ms] [LOG] [ChatTransport] onmessage triggered, has currentResponseHandler: true @ webpack-internal:///(app-pages-browser)/./lib/chat-transport.ts:41
[  401405ms] [LOG] [ChatTransport] responseHandler called, data: {"type":"delta","content":"游览","error":null,"message_id":"e5652bc0-af34-427c-9c47-d7f526f6c6b3","conversation_id":null,"itinerary":null,"stage":null} @ webpack-internal:///(app-pages-browser)/./lib/chat-transport.ts:137
[  401411ms] [LOG] [ChatTransport] onmessage triggered, has currentResponseHandler: true @ webpack-internal:///(app-pages-browser)/./lib/chat-transport.ts:41
[  401411ms] [LOG] [ChatTransport] responseHandler called, data: {"type":"delta","content":"路线","error":null,"message_id":"e5652bc0-af34-427c-9c47-d7f526f6c6b3","conversation_id":null,"itinerary":null,"stage":null} @ webpack-internal:///(app-pages-browser)/./lib/chat-transport.ts:137
[  401516ms] [LOG] [ChatTransport] onmessage triggered, has currentResponseHandler: true @ webpack-internal:///(app-pages-browser)/./lib/chat-transport.ts:41
[  401516ms] [LOG] [ChatTransport] responseHandler called, data: {"type":"delta","content":"**\n\n","error":null,"message_id":"e5652bc0-af34-427c-9c47-d7f526f6c6b3","conversation_id":null,"itinerary":null,"stage":null} @ webpack-internal:///(app-pages-browser)/./lib/chat-transport.ts:137
[  401568ms] [LOG] [ChatTransport] onmessage triggered, has currentResponseHandler: true @ webpack-internal:///(app-pages-browser)/./lib/chat-transport.ts:41
[  401568ms] [LOG] [ChatTransport] responseHandler called, data: {"type":"delta","content":"**","error":null,"message_id":"e5652bc0-af34-427c-9c47-d7f526f6c6b3","conversation_id":null,"itinerary":null,"stage":null} @ webpack-internal:///(app-pages-browser)/./lib/chat-transport.ts:137
[  401574ms] [LOG] [ChatTransport] onmessage triggered, has currentResponseHandler: true @ webpack-internal:///(app-pages-browser)/./lib/chat-transport.ts:41
[  401574ms] [LOG] [ChatTransport] responseHandler called, data: {"type":"delta","content":"一日","error":null,"message_id":"e5652bc0-af34-427c-9c47-d7f526f6c6b3","conversation_id":null,"itinerary":null,"stage":null} @ webpack-internal:///(app-pages-browser)/./lib/chat-transport.ts:137
[  401629ms] [LOG] [ChatTransport] onmessage triggered, has currentResponseHandler: true @ webpack-internal:///(app-pages-browser)/./lib/chat-transport.ts:41
[  401629ms] [LOG] [ChatTransport] responseHandler called, data: {"type":"delta","content":"游","error":null,"message_id":"e5652bc0-af34-427c-9c47-d7f526f6c6b3","conversation_id":null,"itinerary":null,"stage":null} @ webpack-internal:///(app-pages-browser)/./lib/chat-transport.ts:137
[  401774ms] [LOG] [ChatTransport] onmessage triggered, has currentResponseHandler: true @ webpack-internal:///(app-pages-browser)/./lib/chat-transport.ts:41
[  401775ms] [LOG] [ChatTransport] responseHandler called, data: {"type":"delta","content":"经典","error":null,"message_id":"e5652bc0-af34-427c-9c47-d7f526f6c6b3","conversation_id":null,"itinerary":null,"stage":null} @ webpack-internal:///(app-pages-browser)/./lib/chat-transport.ts:137
[  401775ms] [LOG] [ChatTransport] onmessage triggered, has currentResponseHandler: true @ webpack-internal:///(app-pages-browser)/./lib/chat-transport.ts:41
[  401775ms] [LOG] [ChatTransport] responseHandler called, data: {"type":"delta","content":"路线","error":null,"message_id":"e5652bc0-af34-427c-9c47-d7f526f6c6b3","conversation_id":null,"itinerary":null,"stage":null} @ webpack-internal:///(app-pages-browser)/./lib/chat-transport.ts:137
[  401794ms] [LOG] [ChatTransport] onmessage triggered, has currentResponseHandler: true @ webpack-internal:///(app-pages-browser)/./lib/chat-transport.ts:41
[  401794ms] [LOG] [ChatTransport] responseHandler called, data: {"type":"delta","content":"：","error":null,"message_id":"e5652bc0-af34-427c-9c47-d7f526f6c6b3","conversation_id":null,"itinerary":null,"stage":null} @ webpack-internal:///(app-pages-browser)/./lib/chat-transport.ts:137
[  401811ms] [LOG] [ChatTransport] onmessage triggered, has currentResponseHandler: true @ webpack-internal:///(app-pages-browser)/./lib/chat-transport.ts:41
[  401811ms] [LOG] [ChatTransport] responseHandler called, data: {"type":"delta","content":"**\n","error":null,"message_id":"e5652bc0-af34-427c-9c47-d7f526f6c6b3","conversation_id":null,"itinerary":null,"stage":null} @ webpack-internal:///(app-pages-browser)/./lib/chat-transport.ts:137
[  401859ms] [LOG] [ChatTransport] onmessage triggered, has currentResponseHandler: true @ webpack-internal:///(app-pages-browser)/./lib/chat-transport.ts:41
[  401859ms] [LOG] [ChatTransport] responseHandler called, data: {"type":"delta","content":"-","error":null,"message_id":"e5652bc0-af34-427c-9c47-d7f526f6c6b3","conversation_id":null,"itinerary":null,"stage":null} @ webpack-internal:///(app-pages-browser)/./lib/chat-transport.ts:137
[  401878ms] [LOG] [ChatTransport] onmessage triggered, has currentResponseHandler: true @ webpack-internal:///(app-pages-browser)/./lib/chat-transport.ts:41
[  401879ms] [LOG] [ChatTransport] responseHandler called, data: {"type":"delta","content":" ","error":null,"message_id":"e5652bc0-af34-427c-9c47-d7f526f6c6b3","conversation_id":null,"itinerary":null,"stage":null} @ webpack-internal:///(app-pages-browser)/./lib/chat-transport.ts:137
[  401935ms] [LOG] [ChatTransport] onmessage triggered, has currentResponseHandler: true @ webpack-internal:///(app-pages-browser)/./lib/chat-transport.ts:41
[  401935ms] [LOG] [ChatTransport] responseHandler called, data: {"type":"delta","content":"上午","error":null,"message_id":"e5652bc0-af34-427c-9c47-d7f526f6c6b3","conversation_id":null,"itinerary":null,"stage":null} @ webpack-internal:///(app-pages-browser)/./lib/chat-transport.ts:137
[  401936ms] [LOG] [ChatTransport] onmessage triggered, has currentResponseHandler: true @ webpack-internal:///(app-pages-browser)/./lib/chat-transport.ts:41
[  401936ms] [LOG] [ChatTransport] responseHandler called, data: {"type":"delta","content":"：","error":null,"message_id":"e5652bc0-af34-427c-9c47-d7f526f6c6b3","conversation_id":null,"itinerary":null,"stage":null} @ webpack-internal:///(app-pages-browser)/./lib/chat-transport.ts:137
[  402046ms] [LOG] [ChatTransport] onmessage triggered, has currentResponseHandler: true @ webpack-internal:///(app-pages-browser)/./lib/chat-transport.ts:41
[  402046ms] [LOG] [ChatTransport] responseHandler called, data: {"type":"delta","content":"天","error":null,"message_id":"e5652bc0-af34-427c-9c47-d7f526f6c6b3","conversation_id":null,"itinerary":null,"stage":null} @ webpack-internal:///(app-pages-browser)/./lib/chat-transport.ts:137
[  402084ms] [LOG] [ChatTransport] onmessage triggered, has currentResponseHandler: true @ webpack-internal:///(app-pages-browser)/./lib/chat-transport.ts:41
[  402084ms] [LOG] [ChatTransport] responseHandler called, data: {"type":"delta","content":"安门","error":null,"message_id":"e5652bc0-af34-427c-9c47-d7f526f6c6b3","conversation_id":null,"itinerary":null,"stage":null} @ webpack-internal:///(app-pages-browser)/./lib/chat-transport.ts:137
[  402110ms] [LOG] [ChatTransport] onmessage triggered, has currentResponseHandler: true @ webpack-internal:///(app-pages-browser)/./lib/chat-transport.ts:41
[  402110ms] [LOG] [ChatTransport] responseHandler called, data: {"type":"delta","content":"广场","error":null,"message_id":"e5652bc0-af34-427c-9c47-d7f526f6c6b3","conversation_id":null,"itinerary":null,"stage":null} @ webpack-internal:///(app-pages-browser)/./lib/chat-transport.ts:137
[  402159ms] [LOG] [ChatTransport] onmessage triggered, has currentResponseHandler: true @ webpack-internal:///(app-pages-browser)/./lib/chat-transport.ts:41
[  402159ms] [LOG] [ChatTransport] responseHandler called, data: {"type":"delta","content":" →","error":null,"message_id":"e5652bc0-af34-427c-9c47-d7f526f6c6b3","conversation_id":null,"itinerary":null,"stage":null} @ webpack-internal:///(app-pages-browser)/./lib/chat-transport.ts:137
[  402177ms] [LOG] [ChatTransport] onmessage triggered, has currentResponseHandler: true @ webpack-internal:///(app-pages-browser)/./lib/chat-transport.ts:41
[  402177ms] [LOG] [ChatTransport] responseHandler called, data: {"type":"delta","content":" ","error":null,"message_id":"e5652bc0-af34-427c-9c47-d7f526f6c6b3","conversation_id":null,"itinerary":null,"stage":null} @ webpack-internal:///(app-pages-browser)/./lib/chat-transport.ts:137
[  402236ms] [LOG] [ChatTransport] onmessage triggered, has currentResponseHandler: true @ webpack-internal:///(app-pages-browser)/./lib/chat-transport.ts:41
[  402236ms] [LOG] [ChatTransport] responseHandler called, data: {"type":"delta","content":"故宫","error":null,"message_id":"e5652bc0-af34-427c-9c47-d7f526f6c6b3","conversation_id":null,"itinerary":null,"stage":null} @ webpack-internal:///(app-pages-browser)/./lib/chat-transport.ts:137
[  402253ms] [LOG] [ChatTransport] onmessage triggered, has currentResponseHandler: true @ webpack-internal:///(app-pages-browser)/./lib/chat-transport.ts:41
[  402253ms] [LOG] [ChatTransport] responseHandler called, data: {"type":"delta","content":"博物院","error":null,"message_id":"e5652bc0-af34-427c-9c47-d7f526f6c6b3","conversation_id":null,"itinerary":null,"stage":null} @ webpack-internal:///(app-pages-browser)/./lib/chat-transport.ts:137
[  402315ms] [LOG] [ChatTransport] onmessage triggered, has currentResponseHandler: true @ webpack-internal:///(app-pages-browser)/./lib/chat-transport.ts:41
[  402315ms] [LOG] [ChatTransport] responseHandler called, data: {"type":"delta","content":"\n","error":null,"message_id":"e5652bc0-af34-427c-9c47-d7f526f6c6b3","conversation_id":null,"itinerary":null,"stage":null} @ webpack-internal:///(app-pages-browser)/./lib/chat-transport.ts:137
[  402339ms] [LOG] [ChatTransport] onmessage triggered, has currentResponseHandler: true @ webpack-internal:///(app-pages-browser)/./lib/chat-transport.ts:41
[  402340ms] [LOG] [ChatTransport] responseHandler called, data: {"type":"delta","content":"-","error":null,"message_id":"e5652bc0-af34-427c-9c47-d7f526f6c6b3","conversation_id":null,"itinerary":null,"stage":null} @ webpack-internal:///(app-pages-browser)/./lib/chat-transport.ts:137
[  402392ms] [LOG] [ChatTransport] onmessage triggered, has currentResponseHandler: true @ webpack-internal:///(app-pages-browser)/./lib/chat-transport.ts:41
[  402392ms] [LOG] [ChatTransport] responseHandler called, data: {"type":"delta","content":" ","error":null,"message_id":"e5652bc0-af34-427c-9c47-d7f526f6c6b3","conversation_id":null,"itinerary":null,"stage":null} @ webpack-internal:///(app-pages-browser)/./lib/chat-transport.ts:137
[  402393ms] [LOG] [ChatTransport] onmessage triggered, has currentResponseHandler: true @ webpack-internal:///(app-pages-browser)/./lib/chat-transport.ts:41
[  402393ms] [LOG] [ChatTransport] responseHandler called, data: {"type":"delta","content":"下午","error":null,"message_id":"e5652bc0-af34-427c-9c47-d7f526f6c6b3","conversation_id":null,"itinerary":null,"stage":null} @ webpack-internal:///(app-pages-browser)/./lib/chat-transport.ts:137
[  402468ms] [LOG] [ChatTransport] onmessage triggered, has currentResponseHandler: true @ webpack-internal:///(app-pages-browser)/./lib/chat-transport.ts:41
[  402469ms] [LOG] [ChatTransport] responseHandler called, data: {"type":"delta","content":"：","error":null,"message_id":"e5652bc0-af34-427c-9c47-d7f526f6c6b3","conversation_id":null,"itinerary":null,"stage":null} @ webpack-internal:///(app-pages-browser)/./lib/chat-transport.ts:137
[  402470ms] [LOG] [ChatTransport] onmessage triggered, has currentResponseHandler: true @ webpack-internal:///(app-pages-browser)/./lib/chat-transport.ts:41
[  402471ms] [LOG] [ChatTransport] responseHandler called, data: {"type":"delta","content":"景","error":null,"message_id":"e5652bc0-af34-427c-9c47-d7f526f6c6b3","conversation_id":null,"itinerary":null,"stage":null} @ webpack-internal:///(app-pages-browser)/./lib/chat-transport.ts:137
[  402553ms] [LOG] [ChatTransport] onmessage triggered, has currentResponseHandler: true @ webpack-internal:///(app-pages-browser)/./lib/chat-transport.ts:41
[  402553ms] [LOG] [ChatTransport] responseHandler called, data: {"type":"delta","content":"山","error":null,"message_id":"e5652bc0-af34-427c-9c47-d7f526f6c6b3","conversation_id":null,"itinerary":null,"stage":null} @ webpack-internal:///(app-pages-browser)/./lib/chat-transport.ts:137
[  402553ms] [LOG] [ChatTransport] onmessage triggered, has currentResponseHandler: true @ webpack-internal:///(app-pages-browser)/./lib/chat-transport.ts:41
[  402553ms] [LOG] [ChatTransport] responseHandler called, data: {"type":"delta","content":"公园","error":null,"message_id":"e5652bc0-af34-427c-9c47-d7f526f6c6b3","conversation_id":null,"itinerary":null,"stage":null} @ webpack-internal:///(app-pages-browser)/./lib/chat-transport.ts:137
[  402616ms] [LOG] [ChatTransport] onmessage triggered, has currentResponseHandler: true @ webpack-internal:///(app-pages-browser)/./lib/chat-transport.ts:41
[  402616ms] [LOG] [ChatTransport] responseHandler called, data: {"type":"delta","content":"（","error":null,"message_id":"e5652bc0-af34-427c-9c47-d7f526f6c6b3","conversation_id":null,"itinerary":null,"stage":null} @ webpack-internal:///(app-pages-browser)/./lib/chat-transport.ts:137
[  402620ms] [LOG] [ChatTransport] onmessage triggered, has currentResponseHandler: true @ webpack-internal:///(app-pages-browser)/./lib/chat-transport.ts:41
[  402620ms] [LOG] [ChatTransport] responseHandler called, data: {"type":"delta","content":"俯瞰","error":null,"message_id":"e5652bc0-af34-427c-9c47-d7f526f6c6b3","conversation_id":null,"itinerary":null,"stage":null} @ webpack-internal:///(app-pages-browser)/./lib/chat-transport.ts:137
[  402705ms] [LOG] [ChatTransport] onmessage triggered, has currentResponseHandler: true @ webpack-internal:///(app-pages-browser)/./lib/chat-transport.ts:41
[  402705ms] [LOG] [ChatTransport] responseHandler called, data: {"type":"delta","content":"故宫","error":null,"message_id":"e5652bc0-af34-427c-9c47-d7f526f6c6b3","conversation_id":null,"itinerary":null,"stage":null} @ webpack-internal:///(app-pages-browser)/./lib/chat-transport.ts:137
[  402708ms] [LOG] [ChatTransport] onmessage triggered, has currentResponseHandler: true @ webpack-internal:///(app-pages-browser)/./lib/chat-transport.ts:41
[  402708ms] [LOG] [ChatTransport] responseHandler called, data: {"type":"delta","content":"全景","error":null,"message_id":"e5652bc0-af34-427c-9c47-d7f526f6c6b3","conversation_id":null,"itinerary":null,"stage":null} @ webpack-internal:///(app-pages-browser)/./lib/chat-transport.ts:137
[  402768ms] [LOG] [ChatTransport] onmessage triggered, has currentResponseHandler: true @ webpack-internal:///(app-pages-browser)/./lib/chat-transport.ts:41
[  402769ms] [LOG] [ChatTransport] responseHandler called, data: {"type":"delta","content":"）","error":null,"message_id":"e5652bc0-af34-427c-9c47-d7f526f6c6b3","conversation_id":null,"itinerary":null,"stage":null} @ webpack-internal:///(app-pages-browser)/./lib/chat-transport.ts:137
[  402773ms] [LOG] [ChatTransport] onmessage triggered, has currentResponseHandler: true @ webpack-internal:///(app-pages-browser)/./lib/chat-transport.ts:41
[  402773ms] [LOG] [ChatTransport] responseHandler called, data: {"type":"delta","content":"→","error":null,"message_id":"e5652bc0-af34-427c-9c47-d7f526f6c6b3","conversation_id":null,"itinerary":null,"stage":null} @ webpack-internal:///(app-pages-browser)/./lib/chat-transport.ts:137
[  402859ms] [LOG] [ChatTransport] onmessage triggered, has currentResponseHandler: true @ webpack-internal:///(app-pages-browser)/./lib/chat-transport.ts:41
[  402859ms] [LOG] [ChatTransport] responseHandler called, data: {"type":"delta","content":" ","error":null,"message_id":"e5652bc0-af34-427c-9c47-d7f526f6c6b3","conversation_id":null,"itinerary":null,"stage":null} @ webpack-internal:///(app-pages-browser)/./lib/chat-transport.ts:137
[  402860ms] [LOG] [ChatTransport] onmessage triggered, has currentResponseHandler: true @ webpack-internal:///(app-pages-browser)/./lib/chat-transport.ts:41
[  402860ms] [LOG] [ChatTransport] responseHandler called, data: {"type":"delta","content":"什","error":null,"message_id":"e5652bc0-af34-427c-9c47-d7f526f6c6b3","conversation_id":null,"itinerary":null,"stage":null} @ webpack-internal:///(app-pages-browser)/./lib/chat-transport.ts:137
[  402921ms] [LOG] [ChatTransport] onmessage triggered, has currentResponseHandler: true @ webpack-internal:///(app-pages-browser)/./lib/chat-transport.ts:41
[  402921ms] [LOG] [ChatTransport] responseHandler called, data: {"type":"delta","content":"刹","error":null,"message_id":"e5652bc0-af34-427c-9c47-d7f526f6c6b3","conversation_id":null,"itinerary":null,"stage":null} @ webpack-internal:///(app-pages-browser)/./lib/chat-transport.ts:137
[  402945ms] [LOG] [ChatTransport] onmessage triggered, has currentResponseHandler: true @ webpack-internal:///(app-pages-browser)/./lib/chat-transport.ts:41
[  402945ms] [LOG] [ChatTransport] responseHandler called, data: {"type":"delta","content":"海","error":null,"message_id":"e5652bc0-af34-427c-9c47-d7f526f6c6b3","conversation_id":null,"itinerary":null,"stage":null} @ webpack-internal:///(app-pages-browser)/./lib/chat-transport.ts:137
[  403015ms] [LOG] [ChatTransport] onmessage triggered, has currentResponseHandler: true @ webpack-internal:///(app-pages-browser)/./lib/chat-transport.ts:41
[  403015ms] [LOG] [ChatTransport] responseHandler called, data: {"type":"delta","content":"\n","error":null,"message_id":"e5652bc0-af34-427c-9c47-d7f526f6c6b3","conversation_id":null,"itinerary":null,"stage":null} @ webpack-internal:///(app-pages-browser)/./lib/chat-transport.ts:137
[  403087ms] [LOG] [ChatTransport] onmessage triggered, has currentResponseHandler: true @ webpack-internal:///(app-pages-browser)/./lib/chat-transport.ts:41
[  403088ms] [LOG] [ChatTransport] responseHandler called, data: {"type":"delta","content":"-","error":null,"message_id":"e5652bc0-af34-427c-9c47-d7f526f6c6b3","conversation_id":null,"itinerary":null,"stage":null} @ webpack-internal:///(app-pages-browser)/./lib/chat-transport.ts:137
[  403102ms] [LOG] [ChatTransport] onmessage triggered, has currentResponseHandler: true @ webpack-internal:///(app-pages-browser)/./lib/chat-transport.ts:41
[  403103ms] [LOG] [ChatTransport] responseHandler called, data: {"type":"delta","content":" ","error":null,"message_id":"e5652bc0-af34-427c-9c47-d7f526f6c6b3","conversation_id":null,"itinerary":null,"stage":null} @ webpack-internal:///(app-pages-browser)/./lib/chat-transport.ts:137
[  403145ms] [LOG] [ChatTransport] onmessage triggered, has currentResponseHandler: true @ webpack-internal:///(app-pages-browser)/./lib/chat-transport.ts:41
[  403145ms] [LOG] [ChatTransport] responseHandler called, data: {"type":"delta","content":"晚上","error":null,"message_id":"e5652bc0-af34-427c-9c47-d7f526f6c6b3","conversation_id":null,"itinerary":null,"stage":null} @ webpack-internal:///(app-pages-browser)/./lib/chat-transport.ts:137
[  403162ms] [LOG] [ChatTransport] onmessage triggered, has currentResponseHandler: true @ webpack-internal:///(app-pages-browser)/./lib/chat-transport.ts:41
[  403162ms] [LOG] [ChatTransport] responseHandler called, data: {"type":"delta","content":"：","error":null,"message_id":"e5652bc0-af34-427c-9c47-d7f526f6c6b3","conversation_id":null,"itinerary":null,"stage":null} @ webpack-internal:///(app-pages-browser)/./lib/chat-transport.ts:137
[  403375ms] [LOG] [ChatTransport] onmessage triggered, has currentResponseHandler: true @ webpack-internal:///(app-pages-browser)/./lib/chat-transport.ts:41
[  403376ms] [LOG] [ChatTransport] responseHandler called, data: {"type":"delta","content":"南","error":null,"message_id":"e5652bc0-af34-427c-9c47-d7f526f6c6b3","conversation_id":null,"itinerary":null,"stage":null} @ webpack-internal:///(app-pages-browser)/./lib/chat-transport.ts:137
[  403406ms] [LOG] [ChatTransport] onmessage triggered, has currentResponseHandler: true @ webpack-internal:///(app-pages-browser)/./lib/chat-transport.ts:41
[  403406ms] [LOG] [ChatTransport] responseHandler called, data: {"type":"delta","content":"锣","error":null,"message_id":"e5652bc0-af34-427c-9c47-d7f526f6c6b3","conversation_id":null,"itinerary":null,"stage":null} @ webpack-internal:///(app-pages-browser)/./lib/chat-transport.ts:137
[  403436ms] [LOG] [ChatTransport] onmessage triggered, has currentResponseHandler: true @ webpack-internal:///(app-pages-browser)/./lib/chat-transport.ts:41
[  403436ms] [LOG] [ChatTransport] responseHandler called, data: {"type":"delta","content":"鼓","error":null,"message_id":"e5652bc0-af34-427c-9c47-d7f526f6c6b3","conversation_id":null,"itinerary":null,"stage":null} @ webpack-internal:///(app-pages-browser)/./lib/chat-transport.ts:137
[  403436ms] [LOG] [ChatTransport] onmessage triggered, has currentResponseHandler: true @ webpack-internal:///(app-pages-browser)/./lib/chat-transport.ts:41
[  403436ms] [LOG] [ChatTransport] responseHandler called, data: {"type":"delta","content":"巷","error":null,"message_id":"e5652bc0-af34-427c-9c47-d7f526f6c6b3","conversation_id":null,"itinerary":null,"stage":null} @ webpack-internal:///(app-pages-browser)/./lib/chat-transport.ts:137
[  403436ms] [LOG] [ChatTransport] onmessage triggered, has currentResponseHandler: true @ webpack-internal:///(app-pages-browser)/./lib/chat-transport.ts:41
[  403436ms] [LOG] [ChatTransport] responseHandler called, data: {"type":"delta","content":"（","error":null,"message_id":"e5652bc0-af34-427c-9c47-d7f526f6c6b3","conversation_id":null,"itinerary":null,"stage":null} @ webpack-internal:///(app-pages-browser)/./lib/chat-transport.ts:137
[  403436ms] [LOG] [ChatTransport] onmessage triggered, has currentResponseHandler: true @ webpack-internal:///(app-pages-browser)/./lib/chat-transport.ts:41
[  403436ms] [LOG] [ChatTransport] responseHandler called, data: {"type":"delta","content":"胡同","error":null,"message_id":"e5652bc0-af34-427c-9c47-d7f526f6c6b3","conversation_id":null,"itinerary":null,"stage":null} @ webpack-internal:///(app-pages-browser)/./lib/chat-transport.ts:137
[  403457ms] [LOG] [ChatTransport] onmessage triggered, has currentResponseHandler: true @ webpack-internal:///(app-pages-browser)/./lib/chat-transport.ts:41
[  403457ms] [LOG] [ChatTransport] responseHandler called, data: {"type":"delta","content":"夜景","error":null,"message_id":"e5652bc0-af34-427c-9c47-d7f526f6c6b3","conversation_id":null,"itinerary":null,"stage":null} @ webpack-internal:///(app-pages-browser)/./lib/chat-transport.ts:137
[  403476ms] [LOG] [ChatTransport] onmessage triggered, has currentResponseHandler: true @ webpack-internal:///(app-pages-browser)/./lib/chat-transport.ts:41
[  403476ms] [LOG] [ChatTransport] responseHandler called, data: {"type":"delta","content":"）\n\n","error":null,"message_id":"e5652bc0-af34-427c-9c47-d7f526f6c6b3","conversation_id":null,"itinerary":null,"stage":null} @ webpack-internal:///(app-pages-browser)/./lib/chat-transport.ts:137
[  403526ms] [LOG] [ChatTransport] onmessage triggered, has currentResponseHandler: true @ webpack-internal:///(app-pages-browser)/./lib/chat-transport.ts:41
[  403526ms] [LOG] [ChatTransport] responseHandler called, data: {"type":"delta","content":"**","error":null,"message_id":"e5652bc0-af34-427c-9c47-d7f526f6c6b3","conversation_id":null,"itinerary":null,"stage":null} @ webpack-internal:///(app-pages-browser)/./lib/chat-transport.ts:137
[  403540ms] [LOG] [ChatTransport] onmessage triggered, has currentResponseHandler: true @ webpack-internal:///(app-pages-browser)/./lib/chat-transport.ts:41
[  403541ms] [LOG] [ChatTransport] responseHandler called, data: {"type":"delta","content":"两","error":null,"message_id":"e5652bc0-af34-427c-9c47-d7f526f6c6b3","conversation_id":null,"itinerary":null,"stage":null} @ webpack-internal:///(app-pages-browser)/./lib/chat-transport.ts:137
[  403641ms] [LOG] [ChatTransport] onmessage triggered, has currentResponseHandler: true @ webpack-internal:///(app-pages-browser)/./lib/chat-transport.ts:41
[  403641ms] [LOG] [ChatTransport] responseHandler called, data: {"type":"delta","content":"日","error":null,"message_id":"e5652bc0-af34-427c-9c47-d7f526f6c6b3","conversation_id":null,"itinerary":null,"stage":null} @ webpack-internal:///(app-pages-browser)/./lib/chat-transport.ts:137
[  403644ms] [LOG] [ChatTransport] onmessage triggered, has currentResponseHandler: true @ webpack-internal:///(app-pages-browser)/./lib/chat-transport.ts:41
[  403645ms] [LOG] [ChatTransport] responseHandler called, data: {"type":"delta","content":"游","error":null,"message_id":"e5652bc0-af34-427c-9c47-d7f526f6c6b3","conversation_id":null,"itinerary":null,"stage":null} @ webpack-internal:///(app-pages-browser)/./lib/chat-transport.ts:137
[  403674ms] [LOG] [ChatTransport] onmessage triggered, has currentResponseHandler: true @ webpack-internal:///(app-pages-browser)/./lib/chat-transport.ts:41
[  403674ms] [LOG] [ChatTransport] responseHandler called, data: {"type":"delta","content":"深度","error":null,"message_id":"e5652bc0-af34-427c-9c47-d7f526f6c6b3","conversation_id":null,"itinerary":null,"stage":null} @ webpack-internal:///(app-pages-browser)/./lib/chat-transport.ts:137
[  403681ms] [LOG] [ChatTransport] onmessage triggered, has currentResponseHandler: true @ webpack-internal:///(app-pages-browser)/./lib/chat-transport.ts:41
[  403681ms] [LOG] [ChatTransport] responseHandler called, data: {"type":"delta","content":"路线","error":null,"message_id":"e5652bc0-af34-427c-9c47-d7f526f6c6b3","conversation_id":null,"itinerary":null,"stage":null} @ webpack-internal:///(app-pages-browser)/./lib/chat-transport.ts:137
[  403764ms] [LOG] [ChatTransport] onmessage triggered, has currentResponseHandler: true @ webpack-internal:///(app-pages-browser)/./lib/chat-transport.ts:41
[  403764ms] [LOG] [ChatTransport] responseHandler called, data: {"type":"delta","content":"：","error":null,"message_id":"e5652bc0-af34-427c-9c47-d7f526f6c6b3","conversation_id":null,"itinerary":null,"stage":null} @ webpack-internal:///(app-pages-browser)/./lib/chat-transport.ts:137
[  403767ms] [LOG] [ChatTransport] onmessage triggered, has currentResponseHandler: true @ webpack-internal:///(app-pages-browser)/./lib/chat-transport.ts:41
[  403767ms] [LOG] [ChatTransport] responseHandler called, data: {"type":"delta","content":"**\n","error":null,"message_id":"e5652bc0-af34-427c-9c47-d7f526f6c6b3","conversation_id":null,"itinerary":null,"stage":null} @ webpack-internal:///(app-pages-browser)/./lib/chat-transport.ts:137
[  403831ms] [LOG] [ChatTransport] onmessage triggered, has currentResponseHandler: true @ webpack-internal:///(app-pages-browser)/./lib/chat-transport.ts:41
[  403831ms] [LOG] [ChatTransport] responseHandler called, data: {"type":"delta","content":"-","error":null,"message_id":"e5652bc0-af34-427c-9c47-d7f526f6c6b3","conversation_id":null,"itinerary":null,"stage":null} @ webpack-internal:///(app-pages-browser)/./lib/chat-transport.ts:137
[  403858ms] [LOG] [ChatTransport] onmessage triggered, has currentResponseHandler: true @ webpack-internal:///(app-pages-browser)/./lib/chat-transport.ts:41
[  403858ms] [LOG] [ChatTransport] responseHandler called, data: {"type":"delta","content":" **","error":null,"message_id":"e5652bc0-af34-427c-9c47-d7f526f6c6b3","conversation_id":null,"itinerary":null,"stage":null} @ webpack-internal:///(app-pages-browser)/./lib/chat-transport.ts:137
[  403911ms] [LOG] [ChatTransport] onmessage triggered, has currentResponseHandler: true @ webpack-internal:///(app-pages-browser)/./lib/chat-transport.ts:41
[  403911ms] [LOG] [ChatTransport] responseHandler called, data: {"type":"delta","content":"第一天","error":null,"message_id":"e5652bc0-af34-427c-9c47-d7f526f6c6b3","conversation_id":null,"itinerary":null,"stage":null} @ webpack-internal:///(app-pages-browser)/./lib/chat-transport.ts:137
[  403936ms] [LOG] [ChatTransport] onmessage triggered, has currentResponseHandler: true @ webpack-internal:///(app-pages-browser)/./lib/chat-transport.ts:41
[  403936ms] [LOG] [ChatTransport] responseHandler called, data: {"type":"delta","content":"**","error":null,"message_id":"e5652bc0-af34-427c-9c47-d7f526f6c6b3","conversation_id":null,"itinerary":null,"stage":null} @ webpack-internal:///(app-pages-browser)/./lib/chat-transport.ts:137
[  403985ms] [LOG] [ChatTransport] onmessage triggered, has currentResponseHandler: true @ webpack-internal:///(app-pages-browser)/./lib/chat-transport.ts:41
[  403985ms] [LOG] [ChatTransport] responseHandler called, data: {"type":"delta","content":"：","error":null,"message_id":"e5652bc0-af34-427c-9c47-d7f526f6c6b3","conversation_id":null,"itinerary":null,"stage":null} @ webpack-internal:///(app-pages-browser)/./lib/chat-transport.ts:137
[  404008ms] [LOG] [ChatTransport] onmessage triggered, has currentResponseHandler: true @ webpack-internal:///(app-pages-browser)/./lib/chat-transport.ts:41
[  404008ms] [LOG] [ChatTransport] responseHandler called, data: {"type":"delta","content":"故宫","error":null,"message_id":"e5652bc0-af34-427c-9c47-d7f526f6c6b3","conversation_id":null,"itinerary":null,"stage":null} @ webpack-internal:///(app-pages-browser)/./lib/chat-transport.ts:137
[  404163ms] [LOG] [ChatTransport] onmessage triggered, has currentResponseHandler: true @ webpack-internal:///(app-pages-browser)/./lib/chat-transport.ts:41
[  404163ms] [LOG] [ChatTransport] responseHandler called, data: {"type":"delta","content":"博物院","error":null,"message_id":"e5652bc0-af34-427c-9c47-d7f526f6c6b3","conversation_id":null,"itinerary":null,"stage":null} @ webpack-internal:///(app-pages-browser)/./lib/chat-transport.ts:137
[  404186ms] [LOG] [ChatTransport] onmessage triggered, has currentResponseHandler: true @ webpack-internal:///(app-pages-browser)/./lib/chat-transport.ts:41
[  404186ms] [LOG] [ChatTransport] responseHandler called, data: {"type":"delta","content":" →","error":null,"message_id":"e5652bc0-af34-427c-9c47-d7f526f6c6b3","conversation_id":null,"itinerary":null,"stage":null} @ webpack-internal:///(app-pages-browser)/./lib/chat-transport.ts:137
[  404186ms] [LOG] [ChatTransport] onmessage triggered, has currentResponseHandler: true @ webpack-internal:///(app-pages-browser)/./lib/chat-transport.ts:41
[  404186ms] [LOG] [ChatTransport] responseHandler called, data: {"type":"delta","content":" ","error":null,"message_id":"e5652bc0-af34-427c-9c47-d7f526f6c6b3","conversation_id":null,"itinerary":null,"stage":null} @ webpack-internal:///(app-pages-browser)/./lib/chat-transport.ts:137
[  404223ms] [LOG] [ChatTransport] onmessage triggered, has currentResponseHandler: true @ webpack-internal:///(app-pages-browser)/./lib/chat-transport.ts:41
[  404223ms] [LOG] [ChatTransport] responseHandler called, data: {"type":"delta","content":"景","error":null,"message_id":"e5652bc0-af34-427c-9c47-d7f526f6c6b3","conversation_id":null,"itinerary":null,"stage":null} @ webpack-internal:///(app-pages-browser)/./lib/chat-transport.ts:137
[  404245ms] [LOG] [ChatTransport] onmessage triggered, has currentResponseHandler: true @ webpack-internal:///(app-pages-browser)/./lib/chat-transport.ts:41
[  404245ms] [LOG] [ChatTransport] responseHandler called, data: {"type":"delta","content":"山","error":null,"message_id":"e5652bc0-af34-427c-9c47-d7f526f6c6b3","conversation_id":null,"itinerary":null,"stage":null} @ webpack-internal:///(app-pages-browser)/./lib/chat-transport.ts:137
[  404287ms] [LOG] [ChatTransport] onmessage triggered, has currentResponseHandler: true @ webpack-internal:///(app-pages-browser)/./lib/chat-transport.ts:41
[  404287ms] [LOG] [ChatTransport] responseHandler called, data: {"type":"delta","content":"公园","error":null,"message_id":"e5652bc0-af34-427c-9c47-d7f526f6c6b3","conversation_id":null,"itinerary":null,"stage":null} @ webpack-internal:///(app-pages-browser)/./lib/chat-transport.ts:137
[  404305ms] [LOG] [ChatTransport] onmessage triggered, has currentResponseHandler: true @ webpack-internal:///(app-pages-browser)/./lib/chat-transport.ts:41
[  404305ms] [LOG] [ChatTransport] responseHandler called, data: {"type":"delta","content":" →","error":null,"message_id":"e5652bc0-af34-427c-9c47-d7f526f6c6b3","conversation_id":null,"itinerary":null,"stage":null} @ webpack-internal:///(app-pages-browser)/./lib/chat-transport.ts:137
[  404360ms] [LOG] [ChatTransport] onmessage triggered, has currentResponseHandler: true @ webpack-internal:///(app-pages-browser)/./lib/chat-transport.ts:41
[  404360ms] [LOG] [ChatTransport] responseHandler called, data: {"type":"delta","content":" ","error":null,"message_id":"e5652bc0-af34-427c-9c47-d7f526f6c6b3","conversation_id":null,"itinerary":null,"stage":null} @ webpack-internal:///(app-pages-browser)/./lib/chat-transport.ts:137
[  404378ms] [LOG] [ChatTransport] onmessage triggered, has currentResponseHandler: true @ webpack-internal:///(app-pages-browser)/./lib/chat-transport.ts:41
[  404378ms] [LOG] [ChatTransport] responseHandler called, data: {"type":"delta","content":"南","error":null,"message_id":"e5652bc0-af34-427c-9c47-d7f526f6c6b3","conversation_id":null,"itinerary":null,"stage":null} @ webpack-internal:///(app-pages-browser)/./lib/chat-transport.ts:137
[  404675ms] [LOG] [ChatTransport] onmessage triggered, has currentResponseHandler: true @ webpack-internal:///(app-pages-browser)/./lib/chat-transport.ts:41
[  404675ms] [LOG] [ChatTransport] responseHandler called, data: {"type":"delta","content":"锣","error":null,"message_id":"e5652bc0-af34-427c-9c47-d7f526f6c6b3","conversation_id":null,"itinerary":null,"stage":null} @ webpack-internal:///(app-pages-browser)/./lib/chat-transport.ts:137
[  404676ms] [LOG] [ChatTransport] onmessage triggered, has currentResponseHandler: true @ webpack-internal:///(app-pages-browser)/./lib/chat-transport.ts:41
[  404676ms] [LOG] [ChatTransport] responseHandler called, data: {"type":"delta","content":"鼓","error":null,"message_id":"e5652bc0-af34-427c-9c47-d7f526f6c6b3","conversation_id":null,"itinerary":null,"stage":null} @ webpack-internal:///(app-pages-browser)/./lib/chat-transport.ts:137
[  404701ms] [LOG] [ChatTransport] onmessage triggered, has currentResponseHandler: true @ webpack-internal:///(app-pages-browser)/./lib/chat-transport.ts:41
[  404701ms] [LOG] [ChatTransport] responseHandler called, data: {"type":"delta","content":"巷","error":null,"message_id":"e5652bc0-af34-427c-9c47-d7f526f6c6b3","conversation_id":null,"itinerary":null,"stage":null} @ webpack-internal:///(app-pages-browser)/./lib/chat-transport.ts:137
[  404703ms] [LOG] [ChatTransport] onmessage triggered, has currentResponseHandler: true @ webpack-internal:///(app-pages-browser)/./lib/chat-transport.ts:41
[  404703ms] [LOG] [ChatTransport] responseHandler called, data: {"type":"delta","content":"\n","error":null,"message_id":"e5652bc0-af34-427c-9c47-d7f526f6c6b3","conversation_id":null,"itinerary":null,"stage":null} @ webpack-internal:///(app-pages-browser)/./lib/chat-transport.ts:137
[  404707ms] [LOG] [ChatTransport] onmessage triggered, has currentResponseHandler: true @ webpack-internal:///(app-pages-browser)/./lib/chat-transport.ts:41
[  404707ms] [LOG] [ChatTransport] responseHandler called, data: {"type":"delta","content":"-","error":null,"message_id":"e5652bc0-af34-427c-9c47-d7f526f6c6b3","conversation_id":null,"itinerary":null,"stage":null} @ webpack-internal:///(app-pages-browser)/./lib/chat-transport.ts:137
[  404713ms] [LOG] [ChatTransport] onmessage triggered, has currentResponseHandler: true @ webpack-internal:///(app-pages-browser)/./lib/chat-transport.ts:41
[  404713ms] [LOG] [ChatTransport] responseHandler called, data: {"type":"delta","content":" **","error":null,"message_id":"e5652bc0-af34-427c-9c47-d7f526f6c6b3","conversation_id":null,"itinerary":null,"stage":null} @ webpack-internal:///(app-pages-browser)/./lib/chat-transport.ts:137
[  404718ms] [LOG] [ChatTransport] onmessage triggered, has currentResponseHandler: true @ webpack-internal:///(app-pages-browser)/./lib/chat-transport.ts:41
[  404718ms] [LOG] [ChatTransport] responseHandler called, data: {"type":"delta","content":"第二天","error":null,"message_id":"e5652bc0-af34-427c-9c47-d7f526f6c6b3","conversation_id":null,"itinerary":null,"stage":null} @ webpack-internal:///(app-pages-browser)/./lib/chat-transport.ts:137
[  404722ms] [LOG] [ChatTransport] onmessage triggered, has currentResponseHandler: true @ webpack-internal:///(app-pages-browser)/./lib/chat-transport.ts:41
[  404722ms] [LOG] [ChatTransport] responseHandler called, data: {"type":"delta","content":"**","error":null,"message_id":"e5652bc0-af34-427c-9c47-d7f526f6c6b3","conversation_id":null,"itinerary":null,"stage":null} @ webpack-internal:///(app-pages-browser)/./lib/chat-transport.ts:137
[  404737ms] [LOG] [ChatTransport] onmessage triggered, has currentResponseHandler: true @ webpack-internal:///(app-pages-browser)/./lib/chat-transport.ts:41
[  404737ms] [LOG] [ChatTransport] responseHandler called, data: {"type":"delta","content":"：","error":null,"message_id":"e5652bc0-af34-427c-9c47-d7f526f6c6b3","conversation_id":null,"itinerary":null,"stage":null} @ webpack-internal:///(app-pages-browser)/./lib/chat-transport.ts:137
[  404738ms] [LOG] [ChatTransport] onmessage triggered, has currentResponseHandler: true @ webpack-internal:///(app-pages-browser)/./lib/chat-transport.ts:41
[  404738ms] [LOG] [ChatTransport] responseHandler called, data: {"type":"delta","content":"颐","error":null,"message_id":"e5652bc0-af34-427c-9c47-d7f526f6c6b3","conversation_id":null,"itinerary":null,"stage":null} @ webpack-internal:///(app-pages-browser)/./lib/chat-transport.ts:137
[  404818ms] [LOG] [ChatTransport] onmessage triggered, has currentResponseHandler: true @ webpack-internal:///(app-pages-browser)/./lib/chat-transport.ts:41
[  404818ms] [LOG] [ChatTransport] responseHandler called, data: {"type":"delta","content":"和","error":null,"message_id":"e5652bc0-af34-427c-9c47-d7f526f6c6b3","conversation_id":null,"itinerary":null,"stage":null} @ webpack-internal:///(app-pages-browser)/./lib/chat-transport.ts:137
[  404825ms] [LOG] [ChatTransport] onmessage triggered, has currentResponseHandler: true @ webpack-internal:///(app-pages-browser)/./lib/chat-transport.ts:41
[  404825ms] [LOG] [ChatTransport] responseHandler called, data: {"type":"delta","content":"园","error":null,"message_id":"e5652bc0-af34-427c-9c47-d7f526f6c6b3","conversation_id":null,"itinerary":null,"stage":null} @ webpack-internal:///(app-pages-browser)/./lib/chat-transport.ts:137
[  404891ms] [LOG] [ChatTransport] onmessage triggered, has currentResponseHandler: true @ webpack-internal:///(app-pages-browser)/./lib/chat-transport.ts:41
[  404891ms] [LOG] [ChatTransport] responseHandler called, data: {"type":"delta","content":" →","error":null,"message_id":"e5652bc0-af34-427c-9c47-d7f526f6c6b3","conversation_id":null,"itinerary":null,"stage":null} @ webpack-internal:///(app-pages-browser)/./lib/chat-transport.ts:137
[  404892ms] [LOG] [ChatTransport] onmessage triggered, has currentResponseHandler: true @ webpack-internal:///(app-pages-browser)/./lib/chat-transport.ts:41
[  404892ms] [LOG] [ChatTransport] responseHandler called, data: {"type":"delta","content":" ","error":null,"message_id":"e5652bc0-af34-427c-9c47-d7f526f6c6b3","conversation_id":null,"itinerary":null,"stage":null} @ webpack-internal:///(app-pages-browser)/./lib/chat-transport.ts:137
[  405009ms] [LOG] [ChatTransport] onmessage triggered, has currentResponseHandler: true @ webpack-internal:///(app-pages-browser)/./lib/chat-transport.ts:41
[  405009ms] [LOG] [ChatTransport] responseHandler called, data: {"type":"delta","content":"圆","error":null,"message_id":"e5652bc0-af34-427c-9c47-d7f526f6c6b3","conversation_id":null,"itinerary":null,"stage":null} @ webpack-internal:///(app-pages-browser)/./lib/chat-transport.ts:137
[  405032ms] [LOG] [ChatTransport] onmessage triggered, has currentResponseHandler: true @ webpack-internal:///(app-pages-browser)/./lib/chat-transport.ts:41
[  405032ms] [LOG] [ChatTransport] responseHandler called, data: {"type":"delta","content":"明","error":null,"message_id":"e5652bc0-af34-427c-9c47-d7f526f6c6b3","conversation_id":null,"itinerary":null,"stage":null} @ webpack-internal:///(app-pages-browser)/./lib/chat-transport.ts:137
[  405087ms] [LOG] [ChatTransport] onmessage triggered, has currentResponseHandler: true @ webpack-internal:///(app-pages-browser)/./lib/chat-transport.ts:41
[  405087ms] [LOG] [ChatTransport] responseHandler called, data: {"type":"delta","content":"园","error":null,"message_id":"e5652bc0-af34-427c-9c47-d7f526f6c6b3","conversation_id":null,"itinerary":null,"stage":null} @ webpack-internal:///(app-pages-browser)/./lib/chat-transport.ts:137
[  405108ms] [LOG] [ChatTransport] onmessage triggered, has currentResponseHandler: true @ webpack-internal:///(app-pages-browser)/./lib/chat-transport.ts:41
[  405108ms] [LOG] [ChatTransport] responseHandler called, data: {"type":"delta","content":"（","error":null,"message_id":"e5652bc0-af34-427c-9c47-d7f526f6c6b3","conversation_id":null,"itinerary":null,"stage":null} @ webpack-internal:///(app-pages-browser)/./lib/chat-transport.ts:137
[  405128ms] [LOG] [ChatTransport] onmessage triggered, has currentResponseHandler: true @ webpack-internal:///(app-pages-browser)/./lib/chat-transport.ts:41
[  405129ms] [LOG] [ChatTransport] responseHandler called, data: {"type":"delta","content":"未","error":null,"message_id":"e5652bc0-af34-427c-9c47-d7f526f6c6b3","conversation_id":null,"itinerary":null,"stage":null} @ webpack-internal:///(app-pages-browser)/./lib/chat-transport.ts:137
[  405191ms] [LOG] [ChatTransport] onmessage triggered, has currentResponseHandler: true @ webpack-internal:///(app-pages-browser)/./lib/chat-transport.ts:41
[  405191ms] [LOG] [ChatTransport] responseHandler called, data: {"type":"delta","content":"在","error":null,"message_id":"e5652bc0-af34-427c-9c47-d7f526f6c6b3","conversation_id":null,"itinerary":null,"stage":null} @ webpack-internal:///(app-pages-browser)/./lib/chat-transport.ts:137
[  405210ms] [LOG] [ChatTransport] onmessage triggered, has currentResponseHandler: true @ webpack-internal:///(app-pages-browser)/./lib/chat-transport.ts:41
[  405210ms] [LOG] [ChatTransport] responseHandler called, data: {"type":"delta","content":"查询","error":null,"message_id":"e5652bc0-af34-427c-9c47-d7f526f6c6b3","conversation_id":null,"itinerary":null,"stage":null} @ webpack-internal:///(app-pages-browser)/./lib/chat-transport.ts:137
[  405272ms] [LOG] [ChatTransport] onmessage triggered, has currentResponseHandler: true @ webpack-internal:///(app-pages-browser)/./lib/chat-transport.ts:41
[  405272ms] [LOG] [ChatTransport] responseHandler called, data: {"type":"delta","content":"结果","error":null,"message_id":"e5652bc0-af34-427c-9c47-d7f526f6c6b3","conversation_id":null,"itinerary":null,"stage":null} @ webpack-internal:///(app-pages-browser)/./lib/chat-transport.ts:137
[  405289ms] [LOG] [ChatTransport] onmessage triggered, has currentResponseHandler: true @ webpack-internal:///(app-pages-browser)/./lib/chat-transport.ts:41
[  405289ms] [LOG] [ChatTransport] responseHandler called, data: {"type":"delta","content":"中","error":null,"message_id":"e5652bc0-af34-427c-9c47-d7f526f6c6b3","conversation_id":null,"itinerary":null,"stage":null} @ webpack-internal:///(app-pages-browser)/./lib/chat-transport.ts:137
[  405353ms] [LOG] [ChatTransport] onmessage triggered, has currentResponseHandler: true @ webpack-internal:///(app-pages-browser)/./lib/chat-transport.ts:41
[  405353ms] [LOG] [ChatTransport] responseHandler called, data: {"type":"delta","content":"但","error":null,"message_id":"e5652bc0-af34-427c-9c47-d7f526f6c6b3","conversation_id":null,"itinerary":null,"stage":null} @ webpack-internal:///(app-pages-browser)/./lib/chat-transport.ts:137
[  405368ms] [LOG] [ChatTransport] onmessage triggered, has currentResponseHandler: true @ webpack-internal:///(app-pages-browser)/./lib/chat-transport.ts:41
[  405369ms] [LOG] [ChatTransport] responseHandler called, data: {"type":"delta","content":"很","error":null,"message_id":"e5652bc0-af34-427c-9c47-d7f526f6c6b3","conversation_id":null,"itinerary":null,"stage":null} @ webpack-internal:///(app-pages-browser)/./lib/chat-transport.ts:137
[  405420ms] [LOG] [ChatTransport] onmessage triggered, has currentResponseHandler: true @ webpack-internal:///(app-pages-browser)/./lib/chat-transport.ts:41
[  405420ms] [LOG] [ChatTransport] responseHandler called, data: {"type":"delta","content":"值得","error":null,"message_id":"e5652bc0-af34-427c-9c47-d7f526f6c6b3","conversation_id":null,"itinerary":null,"stage":null} @ webpack-internal:///(app-pages-browser)/./lib/chat-transport.ts:137
[  405494ms] [LOG] [ChatTransport] onmessage triggered, has currentResponseHandler: true @ webpack-internal:///(app-pages-browser)/./lib/chat-transport.ts:41
[  405494ms] [LOG] [ChatTransport] responseHandler called, data: {"type":"delta","content":"去","error":null,"message_id":"e5652bc0-af34-427c-9c47-d7f526f6c6b3","conversation_id":null,"itinerary":null,"stage":null} @ webpack-internal:///(app-pages-browser)/./lib/chat-transport.ts:137
[  405590ms] [LOG] [ChatTransport] onmessage triggered, has currentResponseHandler: true @ webpack-internal:///(app-pages-browser)/./lib/chat-transport.ts:41
[  405590ms] [LOG] [ChatTransport] responseHandler called, data: {"type":"delta","content":"）\n\n","error":null,"message_id":"e5652bc0-af34-427c-9c47-d7f526f6c6b3","conversation_id":null,"itinerary":null,"stage":null} @ webpack-internal:///(app-pages-browser)/./lib/chat-transport.ts:137
[  405653ms] [LOG] [ChatTransport] onmessage triggered, has currentResponseHandler: true @ webpack-internal:///(app-pages-browser)/./lib/chat-transport.ts:41
[  405653ms] [LOG] [ChatTransport] responseHandler called, data: {"type":"delta","content":"**","error":null,"message_id":"e5652bc0-af34-427c-9c47-d7f526f6c6b3","conversation_id":null,"itinerary":null,"stage":null} @ webpack-internal:///(app-pages-browser)/./lib/chat-transport.ts:137
[  405653ms] [LOG] [ChatTransport] onmessage triggered, has currentResponseHandler: true @ webpack-internal:///(app-pages-browser)/./lib/chat-transport.ts:41
[  405653ms] [LOG] [ChatTransport] responseHandler called, data: {"type":"delta","content":"长城","error":null,"message_id":"e5652bc0-af34-427c-9c47-d7f526f6c6b3","conversation_id":null,"itinerary":null,"stage":null} @ webpack-internal:///(app-pages-browser)/./lib/chat-transport.ts:137
[  405722ms] [LOG] [ChatTransport] onmessage triggered, has currentResponseHandler: true @ webpack-internal:///(app-pages-browser)/./lib/chat-transport.ts:41
[  405722ms] [LOG] [ChatTransport] responseHandler called, data: {"type":"delta","content":"专","error":null,"message_id":"e5652bc0-af34-427c-9c47-d7f526f6c6b3","conversation_id":null,"itinerary":null,"stage":null} @ webpack-internal:///(app-pages-browser)/./lib/chat-transport.ts:137
[  405803ms] [LOG] [ChatTransport] onmessage triggered, has currentResponseHandler: true @ webpack-internal:///(app-pages-browser)/./lib/chat-transport.ts:41
[  405803ms] [LOG] [ChatTransport] responseHandler called, data: {"type":"delta","content":"线","error":null,"message_id":"e5652bc0-af34-427c-9c47-d7f526f6c6b3","conversation_id":null,"itinerary":null,"stage":null} @ webpack-internal:///(app-pages-browser)/./lib/chat-transport.ts:137
[  405807ms] [LOG] [ChatTransport] onmessage triggered, has currentResponseHandler: true @ webpack-internal:///(app-pages-browser)/./lib/chat-transport.ts:41
[  405807ms] [LOG] [ChatTransport] responseHandler called, data: {"type":"delta","content":"：","error":null,"message_id":"e5652bc0-af34-427c-9c47-d7f526f6c6b3","conversation_id":null,"itinerary":null,"stage":null} @ webpack-internal:///(app-pages-browser)/./lib/chat-transport.ts:137
[  405893ms] [LOG] [ChatTransport] onmessage triggered, has currentResponseHandler: true @ webpack-internal:///(app-pages-browser)/./lib/chat-transport.ts:41
[  405893ms] [LOG] [ChatTransport] responseHandler called, data: {"type":"delta","content":"**\n","error":null,"message_id":"e5652bc0-af34-427c-9c47-d7f526f6c6b3","conversation_id":null,"itinerary":null,"stage":null} @ webpack-internal:///(app-pages-browser)/./lib/chat-transport.ts:137
[  405919ms] [LOG] [ChatTransport] onmessage triggered, has currentResponseHandler: true @ webpack-internal:///(app-pages-browser)/./lib/chat-transport.ts:41
[  405920ms] [LOG] [ChatTransport] responseHandler called, data: {"type":"delta","content":"-","error":null,"message_id":"e5652bc0-af34-427c-9c47-d7f526f6c6b3","conversation_id":null,"itinerary":null,"stage":null} @ webpack-internal:///(app-pages-browser)/./lib/chat-transport.ts:137
[  405970ms] [LOG] [ChatTransport] onmessage triggered, has currentResponseHandler: true @ webpack-internal:///(app-pages-browser)/./lib/chat-transport.ts:41
[  405971ms] [LOG] [ChatTransport] responseHandler called, data: {"type":"delta","content":" ","error":null,"message_id":"e5652bc0-af34-427c-9c47-d7f526f6c6b3","conversation_id":null,"itinerary":null,"stage":null} @ webpack-internal:///(app-pages-browser)/./lib/chat-transport.ts:137
[  405990ms] [LOG] [ChatTransport] onmessage triggered, has currentResponseHandler: true @ webpack-internal:///(app-pages-browser)/./lib/chat-transport.ts:41
[  405990ms] [LOG] [ChatTransport] responseHandler called, data: {"type":"delta","content":"全天","error":null,"message_id":"e5652bc0-af34-427c-9c47-d7f526f6c6b3","conversation_id":null,"itinerary":null,"stage":null} @ webpack-internal:///(app-pages-browser)/./lib/chat-transport.ts:137
[  406027ms] [LOG] [ChatTransport] onmessage triggered, has currentResponseHandler: true @ webpack-internal:///(app-pages-browser)/./lib/chat-transport.ts:41
[  406027ms] [LOG] [ChatTransport] responseHandler called, data: {"type":"delta","content":"：","error":null,"message_id":"e5652bc0-af34-427c-9c47-d7f526f6c6b3","conversation_id":null,"itinerary":null,"stage":null} @ webpack-internal:///(app-pages-browser)/./lib/chat-transport.ts:137
[  406049ms] [LOG] [ChatTransport] onmessage triggered, has currentResponseHandler: true @ webpack-internal:///(app-pages-browser)/./lib/chat-transport.ts:41
[  406049ms] [LOG] [ChatTransport] responseHandler called, data: {"type":"delta","content":"八","error":null,"message_id":"e5652bc0-af34-427c-9c47-d7f526f6c6b3","conversation_id":null,"itinerary":null,"stage":null} @ webpack-internal:///(app-pages-browser)/./lib/chat-transport.ts:137
[  406141ms] [LOG] [ChatTransport] onmessage triggered, has currentResponseHandler: true @ webpack-internal:///(app-pages-browser)/./lib/chat-transport.ts:41
[  406141ms] [LOG] [ChatTransport] responseHandler called, data: {"type":"delta","content":"达","error":null,"message_id":"e5652bc0-af34-427c-9c47-d7f526f6c6b3","conversation_id":null,"itinerary":null,"stage":null} @ webpack-internal:///(app-pages-browser)/./lib/chat-transport.ts:137
[  406160ms] [LOG] [ChatTransport] onmessage triggered, has currentResponseHandler: true @ webpack-internal:///(app-pages-browser)/./lib/chat-transport.ts:41
[  406160ms] [LOG] [ChatTransport] responseHandler called, data: {"type":"delta","content":"岭","error":null,"message_id":"e5652bc0-af34-427c-9c47-d7f526f6c6b3","conversation_id":null,"itinerary":null,"stage":null} @ webpack-internal:///(app-pages-browser)/./lib/chat-transport.ts:137
[  406184ms] [LOG] [ChatTransport] onmessage triggered, has currentResponseHandler: true @ webpack-internal:///(app-pages-browser)/./lib/chat-transport.ts:41
[  406184ms] [LOG] [ChatTransport] responseHandler called, data: {"type":"delta","content":"长城","error":null,"message_id":"e5652bc0-af34-427c-9c47-d7f526f6c6b3","conversation_id":null,"itinerary":null,"stage":null} @ webpack-internal:///(app-pages-browser)/./lib/chat-transport.ts:137
[  406202ms] [LOG] [ChatTransport] onmessage triggered, has currentResponseHandler: true @ webpack-internal:///(app-pages-browser)/./lib/chat-transport.ts:41
[  406202ms] [LOG] [ChatTransport] responseHandler called, data: {"type":"delta","content":"（","error":null,"message_id":"e5652bc0-af34-427c-9c47-d7f526f6c6b3","conversation_id":null,"itinerary":null,"stage":null} @ webpack-internal:///(app-pages-browser)/./lib/chat-transport.ts:137
[  406282ms] [LOG] [ChatTransport] onmessage triggered, has currentResponseHandler: true @ webpack-internal:///(app-pages-browser)/./lib/chat-transport.ts:41
[  406282ms] [LOG] [ChatTransport] responseHandler called, data: {"type":"delta","content":"需","error":null,"message_id":"e5652bc0-af34-427c-9c47-d7f526f6c6b3","conversation_id":null,"itinerary":null,"stage":null} @ webpack-internal:///(app-pages-browser)/./lib/chat-transport.ts:137
[  406359ms] [LOG] [ChatTransport] onmessage triggered, has currentResponseHandler: true @ webpack-internal:///(app-pages-browser)/./lib/chat-transport.ts:41
[  406359ms] [LOG] [ChatTransport] responseHandler called, data: {"type":"delta","content":"单独","error":null,"message_id":"e5652bc0-af34-427c-9c47-d7f526f6c6b3","conversation_id":null,"itinerary":null,"stage":null} @ webpack-internal:///(app-pages-browser)/./lib/chat-transport.ts:137
[  406375ms] [LOG] [ChatTransport] onmessage triggered, has currentResponseHandler: true @ webpack-internal:///(app-pages-browser)/./lib/chat-transport.ts:41
[  406376ms] [LOG] [ChatTransport] responseHandler called, data: {"type":"delta","content":"安排","error":null,"message_id":"e5652bc0-af34-427c-9c47-d7f526f6c6b3","conversation_id":null,"itinerary":null,"stage":null} @ webpack-internal:///(app-pages-browser)/./lib/chat-transport.ts:137
[  406442ms] [LOG] [ChatTransport] onmessage triggered, has currentResponseHandler: true @ webpack-internal:///(app-pages-browser)/./lib/chat-transport.ts:41
[  406442ms] [LOG] [ChatTransport] responseHandler called, data: {"type":"delta","content":"一天","error":null,"message_id":"e5652bc0-af34-427c-9c47-d7f526f6c6b3","conversation_id":null,"itinerary":null,"stage":null} @ webpack-internal:///(app-pages-browser)/./lib/chat-transport.ts:137
[  406458ms] [LOG] [ChatTransport] onmessage triggered, has currentResponseHandler: true @ webpack-internal:///(app-pages-browser)/./lib/chat-transport.ts:41
[  406458ms] [LOG] [ChatTransport] responseHandler called, data: {"type":"delta","content":"）\n\n","error":null,"message_id":"e5652bc0-af34-427c-9c47-d7f526f6c6b3","conversation_id":null,"itinerary":null,"stage":null} @ webpack-internal:///(app-pages-browser)/./lib/chat-transport.ts:137
[  406492ms] [LOG] [ChatTransport] onmessage triggered, has currentResponseHandler: true @ webpack-internal:///(app-pages-browser)/./lib/chat-transport.ts:41
[  406492ms] [LOG] [ChatTransport] responseHandler called, data: {"type":"delta","content":"##","error":null,"message_id":"e5652bc0-af34-427c-9c47-d7f526f6c6b3","conversation_id":null,"itinerary":null,"stage":null} @ webpack-internal:///(app-pages-browser)/./lib/chat-transport.ts:137
[  406498ms] [LOG] [ChatTransport] onmessage triggered, has currentResponseHandler: true @ webpack-internal:///(app-pages-browser)/./lib/chat-transport.ts:41
[  406498ms] [LOG] [ChatTransport] responseHandler called, data: {"type":"delta","content":" **","error":null,"message_id":"e5652bc0-af34-427c-9c47-d7f526f6c6b3","conversation_id":null,"itinerary":null,"stage":null} @ webpack-internal:///(app-pages-browser)/./lib/chat-transport.ts:137
[  406557ms] [LOG] [ChatTransport] onmessage triggered, has currentResponseHandler: true @ webpack-internal:///(app-pages-browser)/./lib/chat-transport.ts:41
[  406557ms] [LOG] [ChatTransport] responseHandler called, data: {"type":"delta","content":"实用","error":null,"message_id":"e5652bc0-af34-427c-9c47-d7f526f6c6b3","conversation_id":null,"itinerary":null,"stage":null} @ webpack-internal:///(app-pages-browser)/./lib/chat-transport.ts:137
[  406561ms] [LOG] [ChatTransport] onmessage triggered, has currentResponseHandler: true @ webpack-internal:///(app-pages-browser)/./lib/chat-transport.ts:41
[  406561ms] [LOG] [ChatTransport] responseHandler called, data: {"type":"delta","content":"建议","error":null,"message_id":"e5652bc0-af34-427c-9c47-d7f526f6c6b3","conversation_id":null,"itinerary":null,"stage":null} @ webpack-internal:///(app-pages-browser)/./lib/chat-transport.ts:137
[  406724ms] [LOG] [ChatTransport] onmessage triggered, has currentResponseHandler: true @ webpack-internal:///(app-pages-browser)/./lib/chat-transport.ts:41
[  406724ms] [LOG] [ChatTransport] responseHandler called, data: {"type":"delta","content":"**\n","error":null,"message_id":"e5652bc0-af34-427c-9c47-d7f526f6c6b3","conversation_id":null,"itinerary":null,"stage":null} @ webpack-internal:///(app-pages-browser)/./lib/chat-transport.ts:137
[  406729ms] [LOG] [ChatTransport] onmessage triggered, has currentResponseHandler: true @ webpack-internal:///(app-pages-browser)/./lib/chat-transport.ts:41
[  406730ms] [LOG] [ChatTransport] responseHandler called, data: {"type":"delta","content":"1","error":null,"message_id":"e5652bc0-af34-427c-9c47-d7f526f6c6b3","conversation_id":null,"itinerary":null,"stage":null} @ webpack-internal:///(app-pages-browser)/./lib/chat-transport.ts:137
[  406730ms] [LOG] [ChatTransport] onmessage triggered, has currentResponseHandler: true @ webpack-internal:///(app-pages-browser)/./lib/chat-transport.ts:41
[  406730ms] [LOG] [ChatTransport] responseHandler called, data: {"type":"delta","content":".","error":null,"message_id":"e5652bc0-af34-427c-9c47-d7f526f6c6b3","conversation_id":null,"itinerary":null,"stage":null} @ webpack-internal:///(app-pages-browser)/./lib/chat-transport.ts:137
[  406730ms] [LOG] [ChatTransport] onmessage triggered, has currentResponseHandler: true @ webpack-internal:///(app-pages-browser)/./lib/chat-transport.ts:41
[  406730ms] [LOG] [ChatTransport] responseHandler called, data: {"type":"delta","content":" **","error":null,"message_id":"e5652bc0-af34-427c-9c47-d7f526f6c6b3","conversation_id":null,"itinerary":null,"stage":null} @ webpack-internal:///(app-pages-browser)/./lib/chat-transport.ts:137
[  406783ms] [LOG] [ChatTransport] onmessage triggered, has currentResponseHandler: true @ webpack-internal:///(app-pages-browser)/./lib/chat-transport.ts:41
[  406783ms] [LOG] [ChatTransport] responseHandler called, data: {"type":"delta","content":"门票","error":null,"message_id":"e5652bc0-af34-427c-9c47-d7f526f6c6b3","conversation_id":null,"itinerary":null,"stage":null} @ webpack-internal:///(app-pages-browser)/./lib/chat-transport.ts:137
[  406861ms] [LOG] [ChatTransport] onmessage triggered, has currentResponseHandler: true @ webpack-internal:///(app-pages-browser)/./lib/chat-transport.ts:41
[  406861ms] [LOG] [ChatTransport] responseHandler called, data: {"type":"delta","content":"预约","error":null,"message_id":"e5652bc0-af34-427c-9c47-d7f526f6c6b3","conversation_id":null,"itinerary":null,"stage":null} @ webpack-internal:///(app-pages-browser)/./lib/chat-transport.ts:137
[  406861ms] [LOG] [ChatTransport] onmessage triggered, has currentResponseHandler: true @ webpack-internal:///(app-pages-browser)/./lib/chat-transport.ts:41
[  406861ms] [LOG] [ChatTransport] responseHandler called, data: {"type":"delta","content":"**","error":null,"message_id":"e5652bc0-af34-427c-9c47-d7f526f6c6b3","conversation_id":null,"itinerary":null,"stage":null} @ webpack-internal:///(app-pages-browser)/./lib/chat-transport.ts:137
[  406947ms] [LOG] [ChatTransport] onmessage triggered, has currentResponseHandler: true @ webpack-internal:///(app-pages-browser)/./lib/chat-transport.ts:41
[  406947ms] [LOG] [ChatTransport] responseHandler called, data: {"type":"delta","content":"：","error":null,"message_id":"e5652bc0-af34-427c-9c47-d7f526f6c6b3","conversation_id":null,"itinerary":null,"stage":null} @ webpack-internal:///(app-pages-browser)/./lib/chat-transport.ts:137
[  406964ms] [LOG] [ChatTransport] onmessage triggered, has currentResponseHandler: true @ webpack-internal:///(app-pages-browser)/./lib/chat-transport.ts:41
[  406965ms] [LOG] [ChatTransport] responseHandler called, data: {"type":"delta","content":"故宫","error":null,"message_id":"e5652bc0-af34-427c-9c47-d7f526f6c6b3","conversation_id":null,"itinerary":null,"stage":null} @ webpack-internal:///(app-pages-browser)/./lib/chat-transport.ts:137
[  407040ms] [LOG] [ChatTransport] onmessage triggered, has currentResponseHandler: true @ webpack-internal:///(app-pages-browser)/./lib/chat-transport.ts:41
[  407040ms] [LOG] [ChatTransport] responseHandler called, data: {"type":"delta","content":"、","error":null,"message_id":"e5652bc0-af34-427c-9c47-d7f526f6c6b3","conversation_id":null,"itinerary":null,"stage":null} @ webpack-internal:///(app-pages-browser)/./lib/chat-transport.ts:137
[  407057ms] [LOG] [ChatTransport] onmessage triggered, has currentResponseHandler: true @ webpack-internal:///(app-pages-browser)/./lib/chat-transport.ts:41
[  407057ms] [LOG] [ChatTransport] responseHandler called, data: {"type":"delta","content":"天","error":null,"message_id":"e5652bc0-af34-427c-9c47-d7f526f6c6b3","conversation_id":null,"itinerary":null,"stage":null} @ webpack-internal:///(app-pages-browser)/./lib/chat-transport.ts:137
[  407228ms] [LOG] [ChatTransport] onmessage triggered, has currentResponseHandler: true @ webpack-internal:///(app-pages-browser)/./lib/chat-transport.ts:41
[  407228ms] [LOG] [ChatTransport] responseHandler called, data: {"type":"delta","content":"坛","error":null,"message_id":"e5652bc0-af34-427c-9c47-d7f526f6c6b3","conversation_id":null,"itinerary":null,"stage":null} @ webpack-internal:///(app-pages-browser)/./lib/chat-transport.ts:137
[  407228ms] [LOG] [ChatTransport] onmessage triggered, has currentResponseHandler: true @ webpack-internal:///(app-pages-browser)/./lib/chat-transport.ts:41
[  407228ms] [LOG] [ChatTransport] responseHandler called, data: {"type":"delta","content":"等","error":null,"message_id":"e5652bc0-af34-427c-9c47-d7f526f6c6b3","conversation_id":null,"itinerary":null,"stage":null} @ webpack-internal:///(app-pages-browser)/./lib/chat-transport.ts:137
[  407255ms] [LOG] [ChatTransport] onmessage triggered, has currentResponseHandler: true @ webpack-internal:///(app-pages-browser)/./lib/chat-transport.ts:41
[  407255ms] [LOG] [ChatTransport] responseHandler called, data: {"type":"delta","content":"热门","error":null,"message_id":"e5652bc0-af34-427c-9c47-d7f526f6c6b3","conversation_id":null,"itinerary":null,"stage":null} @ webpack-internal:///(app-pages-browser)/./lib/chat-transport.ts:137
[  407272ms] [LOG] [ChatTransport] onmessage triggered, has currentResponseHandler: true @ webpack-internal:///(app-pages-browser)/./lib/chat-transport.ts:41
[  407272ms] [LOG] [ChatTransport] responseHandler called, data: {"type":"delta","content":"景点","error":null,"message_id":"e5652bc0-af34-427c-9c47-d7f526f6c6b3","conversation_id":null,"itinerary":null,"stage":null} @ webpack-internal:///(app-pages-browser)/./lib/chat-transport.ts:137
[  407272ms] [LOG] [ChatTransport] onmessage triggered, has currentResponseHandler: true @ webpack-internal:///(app-pages-browser)/./lib/chat-transport.ts:41
[  407272ms] [LOG] [ChatTransport] responseHandler called, data: {"type":"delta","content":"需","error":null,"message_id":"e5652bc0-af34-427c-9c47-d7f526f6c6b3","conversation_id":null,"itinerary":null,"stage":null} @ webpack-internal:///(app-pages-browser)/./lib/chat-transport.ts:137
[  407358ms] [LOG] [ChatTransport] onmessage triggered, has currentResponseHandler: true @ webpack-internal:///(app-pages-browser)/./lib/chat-transport.ts:41
[  407358ms] [LOG] [ChatTransport] responseHandler called, data: {"type":"delta","content":"提前","error":null,"message_id":"e5652bc0-af34-427c-9c47-d7f526f6c6b3","conversation_id":null,"itinerary":null,"stage":null} @ webpack-internal:///(app-pages-browser)/./lib/chat-transport.ts:137
[  407358ms] [LOG] [ChatTransport] onmessage triggered, has currentResponseHandler: true @ webpack-internal:///(app-pages-browser)/./lib/chat-transport.ts:41
[  407358ms] [LOG] [ChatTransport] responseHandler called, data: {"type":"delta","content":"在","error":null,"message_id":"e5652bc0-af34-427c-9c47-d7f526f6c6b3","conversation_id":null,"itinerary":null,"stage":null} @ webpack-internal:///(app-pages-browser)/./lib/chat-transport.ts:137
[  407408ms] [LOG] [ChatTransport] onmessage triggered, has currentResponseHandler: true @ webpack-internal:///(app-pages-browser)/./lib/chat-transport.ts:41
[  407408ms] [LOG] [ChatTransport] responseHandler called, data: {"type":"delta","content":"官网","error":null,"message_id":"e5652bc0-af34-427c-9c47-d7f526f6c6b3","conversation_id":null,"itinerary":null,"stage":null} @ webpack-internal:///(app-pages-browser)/./lib/chat-transport.ts:137
[  407429ms] [LOG] [ChatTransport] onmessage triggered, has currentResponseHandler: true @ webpack-internal:///(app-pages-browser)/./lib/chat-transport.ts:41
[  407429ms] [LOG] [ChatTransport] responseHandler called, data: {"type":"delta","content":"或","error":null,"message_id":"e5652bc0-af34-427c-9c47-d7f526f6c6b3","conversation_id":null,"itinerary":null,"stage":null} @ webpack-internal:///(app-pages-browser)/./lib/chat-transport.ts:137
[  407502ms] [LOG] [ChatTransport] onmessage triggered, has currentResponseHandler: true @ webpack-internal:///(app-pages-browser)/./lib/chat-transport.ts:41
[  407503ms] [LOG] [ChatTransport] responseHandler called, data: {"type":"delta","content":"小程序","error":null,"message_id":"e5652bc0-af34-427c-9c47-d7f526f6c6b3","conversation_id":null,"itinerary":null,"stage":null} @ webpack-internal:///(app-pages-browser)/./lib/chat-transport.ts:137
[  407521ms] [LOG] [ChatTransport] onmessage triggered, has currentResponseHandler: true @ webpack-internal:///(app-pages-browser)/./lib/chat-transport.ts:41
[  407521ms] [LOG] [ChatTransport] responseHandler called, data: {"type":"delta","content":"预约","error":null,"message_id":"e5652bc0-af34-427c-9c47-d7f526f6c6b3","conversation_id":null,"itinerary":null,"stage":null} @ webpack-internal:///(app-pages-browser)/./lib/chat-transport.ts:137
[  407543ms] [LOG] [ChatTransport] onmessage triggered, has currentResponseHandler: true @ webpack-internal:///(app-pages-browser)/./lib/chat-transport.ts:41
[  407543ms] [LOG] [ChatTransport] responseHandler called, data: {"type":"delta","content":"\n","error":null,"message_id":"e5652bc0-af34-427c-9c47-d7f526f6c6b3","conversation_id":null,"itinerary":null,"stage":null} @ webpack-internal:///(app-pages-browser)/./lib/chat-transport.ts:137
[  407563ms] [LOG] [ChatTransport] onmessage triggered, has currentResponseHandler: true @ webpack-internal:///(app-pages-browser)/./lib/chat-transport.ts:41
[  407563ms] [LOG] [ChatTransport] responseHandler called, data: {"type":"delta","content":"2","error":null,"message_id":"e5652bc0-af34-427c-9c47-d7f526f6c6b3","conversation_id":null,"itinerary":null,"stage":null} @ webpack-internal:///(app-pages-browser)/./lib/chat-transport.ts:137
[  407861ms] [LOG] [ChatTransport] onmessage triggered, has currentResponseHandler: true @ webpack-internal:///(app-pages-browser)/./lib/chat-transport.ts:41
[  407861ms] [LOG] [ChatTransport] responseHandler called, data: {"type":"delta","content":".","error":null,"message_id":"e5652bc0-af34-427c-9c47-d7f526f6c6b3","conversation_id":null,"itinerary":null,"stage":null} @ webpack-internal:///(app-pages-browser)/./lib/chat-transport.ts:137
[  407861ms] [LOG] [ChatTransport] onmessage triggered, has currentResponseHandler: true @ webpack-internal:///(app-pages-browser)/./lib/chat-transport.ts:41
[  407861ms] [LOG] [ChatTransport] responseHandler called, data: {"type":"delta","content":" **","error":null,"message_id":"e5652bc0-af34-427c-9c47-d7f526f6c6b3","conversation_id":null,"itinerary":null,"stage":null} @ webpack-internal:///(app-pages-browser)/./lib/chat-transport.ts:137
[  407882ms] [LOG] [ChatTransport] onmessage triggered, has currentResponseHandler: true @ webpack-internal:///(app-pages-browser)/./lib/chat-transport.ts:41
[  407882ms] [LOG] [ChatTransport] responseHandler called, data: {"type":"delta","content":"最佳","error":null,"message_id":"e5652bc0-af34-427c-9c47-d7f526f6c6b3","conversation_id":null,"itinerary":null,"stage":null} @ webpack-internal:///(app-pages-browser)/./lib/chat-transport.ts:137
[  407882ms] [LOG] [ChatTransport] onmessage triggered, has currentResponseHandler: true @ webpack-internal:///(app-pages-browser)/./lib/chat-transport.ts:41
[  407883ms] [LOG] [ChatTransport] responseHandler called, data: {"type":"delta","content":"时间","error":null,"message_id":"e5652bc0-af34-427c-9c47-d7f526f6c6b3","conversation_id":null,"itinerary":null,"stage":null} @ webpack-internal:///(app-pages-browser)/./lib/chat-transport.ts:137
[  407883ms] [LOG] [ChatTransport] onmessage triggered, has currentResponseHandler: true @ webpack-internal:///(app-pages-browser)/./lib/chat-transport.ts:41
[  407883ms] [LOG] [ChatTransport] responseHandler called, data: {"type":"delta","content":"**","error":null,"message_id":"e5652bc0-af34-427c-9c47-d7f526f6c6b3","conversation_id":null,"itinerary":null,"stage":null} @ webpack-internal:///(app-pages-browser)/./lib/chat-transport.ts:137
[  407883ms] [LOG] [ChatTransport] onmessage triggered, has currentResponseHandler: true @ webpack-internal:///(app-pages-browser)/./lib/chat-transport.ts:41
[  407883ms] [LOG] [ChatTransport] responseHandler called, data: {"type":"delta","content":"：","error":null,"message_id":"e5652bc0-af34-427c-9c47-d7f526f6c6b3","conversation_id":null,"itinerary":null,"stage":null} @ webpack-internal:///(app-pages-browser)/./lib/chat-transport.ts:137
[  407883ms] [LOG] [ChatTransport] onmessage triggered, has currentResponseHandler: true @ webpack-internal:///(app-pages-browser)/./lib/chat-transport.ts:41
[  407883ms] [LOG] [ChatTransport] responseHandler called, data: {"type":"delta","content":"春秋","error":null,"message_id":"e5652bc0-af34-427c-9c47-d7f526f6c6b3","conversation_id":null,"itinerary":null,"stage":null} @ webpack-internal:///(app-pages-browser)/./lib/chat-transport.ts:137
[  407883ms] [LOG] [ChatTransport] onmessage triggered, has currentResponseHandler: true @ webpack-internal:///(app-pages-browser)/./lib/chat-transport.ts:41
[  407884ms] [LOG] [ChatTransport] responseHandler called, data: {"type":"delta","content":"季节","error":null,"message_id":"e5652bc0-af34-427c-9c47-d7f526f6c6b3","conversation_id":null,"itinerary":null,"stage":null} @ webpack-internal:///(app-pages-browser)/./lib/chat-transport.ts:137
[  407925ms] [LOG] [ChatTransport] onmessage triggered, has currentResponseHandler: true @ webpack-internal:///(app-pages-browser)/./lib/chat-transport.ts:41
[  407925ms] [LOG] [ChatTransport] responseHandler called, data: {"type":"delta","content":"（","error":null,"message_id":"e5652bc0-af34-427c-9c47-d7f526f6c6b3","conversation_id":null,"itinerary":null,"stage":null} @ webpack-internal:///(app-pages-browser)/./lib/chat-transport.ts:137
[  407925ms] [LOG] [ChatTransport] onmessage triggered, has currentResponseHandler: true @ webpack-internal:///(app-pages-browser)/./lib/chat-transport.ts:41
[  407926ms] [LOG] [ChatTransport] responseHandler called, data: {"type":"delta","content":"4","error":null,"message_id":"e5652bc0-af34-427c-9c47-d7f526f6c6b3","conversation_id":null,"itinerary":null,"stage":null} @ webpack-internal:///(app-pages-browser)/./lib/chat-transport.ts:137
[  407996ms] [LOG] [ChatTransport] onmessage triggered, has currentResponseHandler: true @ webpack-internal:///(app-pages-browser)/./lib/chat-transport.ts:41
[  407996ms] [LOG] [ChatTransport] responseHandler called, data: {"type":"delta","content":"-","error":null,"message_id":"e5652bc0-af34-427c-9c47-d7f526f6c6b3","conversation_id":null,"itinerary":null,"stage":null} @ webpack-internal:///(app-pages-browser)/./lib/chat-transport.ts:137
[  408014ms] [LOG] [ChatTransport] onmessage triggered, has currentResponseHandler: true @ webpack-internal:///(app-pages-browser)/./lib/chat-transport.ts:41
[  408014ms] [LOG] [ChatTransport] responseHandler called, data: {"type":"delta","content":"5","error":null,"message_id":"e5652bc0-af34-427c-9c47-d7f526f6c6b3","conversation_id":null,"itinerary":null,"stage":null} @ webpack-internal:///(app-pages-browser)/./lib/chat-transport.ts:137
[  408102ms] [LOG] [ChatTransport] onmessage triggered, has currentResponseHandler: true @ webpack-internal:///(app-pages-browser)/./lib/chat-transport.ts:41
[  408102ms] [LOG] [ChatTransport] responseHandler called, data: {"type":"delta","content":"月","error":null,"message_id":"e5652bc0-af34-427c-9c47-d7f526f6c6b3","conversation_id":null,"itinerary":null,"stage":null} @ webpack-internal:///(app-pages-browser)/./lib/chat-transport.ts:137
[  408126ms] [LOG] [ChatTransport] onmessage triggered, has currentResponseHandler: true @ webpack-internal:///(app-pages-browser)/./lib/chat-transport.ts:41
[  408127ms] [LOG] [ChatTransport] responseHandler called, data: {"type":"delta","content":"，","error":null,"message_id":"e5652bc0-af34-427c-9c47-d7f526f6c6b3","conversation_id":null,"itinerary":null,"stage":null} @ webpack-internal:///(app-pages-browser)/./lib/chat-transport.ts:137
[  408172ms] [LOG] [ChatTransport] onmessage triggered, has currentResponseHandler: true @ webpack-internal:///(app-pages-browser)/./lib/chat-transport.ts:41
[  408172ms] [LOG] [ChatTransport] responseHandler called, data: {"type":"delta","content":"9","error":null,"message_id":"e5652bc0-af34-427c-9c47-d7f526f6c6b3","conversation_id":null,"itinerary":null,"stage":null} @ webpack-internal:///(app-pages-browser)/./lib/chat-transport.ts:137
[  408183ms] [LOG] [ChatTransport] onmessage triggered, has currentResponseHandler: true @ webpack-internal:///(app-pages-browser)/./lib/chat-transport.ts:41
[  408183ms] [LOG] [ChatTransport] responseHandler called, data: {"type":"delta","content":"-","error":null,"message_id":"e5652bc0-af34-427c-9c47-d7f526f6c6b3","conversation_id":null,"itinerary":null,"stage":null} @ webpack-internal:///(app-pages-browser)/./lib/chat-transport.ts:137
[  408302ms] [LOG] [ChatTransport] onmessage triggered, has currentResponseHandler: true @ webpack-internal:///(app-pages-browser)/./lib/chat-transport.ts:41
[  408302ms] [LOG] [ChatTransport] responseHandler called, data: {"type":"delta","content":"10","error":null,"message_id":"e5652bc0-af34-427c-9c47-d7f526f6c6b3","conversation_id":null,"itinerary":null,"stage":null} @ webpack-internal:///(app-pages-browser)/./lib/chat-transport.ts:137
[  408320ms] [LOG] [ChatTransport] onmessage triggered, has currentResponseHandler: true @ webpack-internal:///(app-pages-browser)/./lib/chat-transport.ts:41
[  408320ms] [LOG] [ChatTransport] responseHandler called, data: {"type":"delta","content":"月","error":null,"message_id":"e5652bc0-af34-427c-9c47-d7f526f6c6b3","conversation_id":null,"itinerary":null,"stage":null} @ webpack-internal:///(app-pages-browser)/./lib/chat-transport.ts:137
[  408344ms] [LOG] [ChatTransport] onmessage triggered, has currentResponseHandler: true @ webpack-internal:///(app-pages-browser)/./lib/chat-transport.ts:41
[  408345ms] [LOG] [ChatTransport] responseHandler called, data: {"type":"delta","content":"）","error":null,"message_id":"e5652bc0-af34-427c-9c47-d7f526f6c6b3","conversation_id":null,"itinerary":null,"stage":null} @ webpack-internal:///(app-pages-browser)/./lib/chat-transport.ts:137
[  408345ms] [LOG] [ChatTransport] onmessage triggered, has currentResponseHandler: true @ webpack-internal:///(app-pages-browser)/./lib/chat-transport.ts:41
[  408345ms] [LOG] [ChatTransport] responseHandler called, data: {"type":"delta","content":"气候","error":null,"message_id":"e5652bc0-af34-427c-9c47-d7f526f6c6b3","conversation_id":null,"itinerary":null,"stage":null} @ webpack-internal:///(app-pages-browser)/./lib/chat-transport.ts:137
[  408388ms] [LOG] [ChatTransport] onmessage triggered, has currentResponseHandler: true @ webpack-internal:///(app-pages-browser)/./lib/chat-transport.ts:41
[  408388ms] [LOG] [ChatTransport] responseHandler called, data: {"type":"delta","content":"宜","error":null,"message_id":"e5652bc0-af34-427c-9c47-d7f526f6c6b3","conversation_id":null,"itinerary":null,"stage":null} @ webpack-internal:///(app-pages-browser)/./lib/chat-transport.ts:137
[  408493ms] [LOG] [ChatTransport] onmessage triggered, has currentResponseHandler: true @ webpack-internal:///(app-pages-browser)/./lib/chat-transport.ts:41
[  408493ms] [LOG] [ChatTransport] responseHandler called, data: {"type":"delta","content":"人","error":null,"message_id":"e5652bc0-af34-427c-9c47-d7f526f6c6b3","conversation_id":null,"itinerary":null,"stage":null} @ webpack-internal:///(app-pages-browser)/./lib/chat-transport.ts:137
[  408515ms] [LOG] [ChatTransport] onmessage triggered, has currentResponseHandler: true @ webpack-internal:///(app-pages-browser)/./lib/chat-transport.ts:41
[  408516ms] [LOG] [ChatTransport] responseHandler called, data: {"type":"delta","content":"\n","error":null,"message_id":"e5652bc0-af34-427c-9c47-d7f526f6c6b3","conversation_id":null,"itinerary":null,"stage":null} @ webpack-internal:///(app-pages-browser)/./lib/chat-transport.ts:137
[  408545ms] [LOG] [ChatTransport] onmessage triggered, has currentResponseHandler: true @ webpack-internal:///(app-pages-browser)/./lib/chat-transport.ts:41
[  408545ms] [LOG] [ChatTransport] responseHandler called, data: {"type":"delta","content":"3","error":null,"message_id":"e5652bc0-af34-427c-9c47-d7f526f6c6b3","conversation_id":null,"itinerary":null,"stage":null} @ webpack-internal:///(app-pages-browser)/./lib/chat-transport.ts:137
[  408575ms] [LOG] [ChatTransport] onmessage triggered, has currentResponseHandler: true @ webpack-internal:///(app-pages-browser)/./lib/chat-transport.ts:41
[  408575ms] [LOG] [ChatTransport] responseHandler called, data: {"type":"delta","content":".","error":null,"message_id":"e5652bc0-af34-427c-9c47-d7f526f6c6b3","conversation_id":null,"itinerary":null,"stage":null} @ webpack-internal:///(app-pages-browser)/./lib/chat-transport.ts:137
[  408629ms] [LOG] [ChatTransport] onmessage triggered, has currentResponseHandler: true @ webpack-internal:///(app-pages-browser)/./lib/chat-transport.ts:41
[  408629ms] [LOG] [ChatTransport] responseHandler called, data: {"type":"delta","content":" **","error":null,"message_id":"e5652bc0-af34-427c-9c47-d7f526f6c6b3","conversation_id":null,"itinerary":null,"stage":null} @ webpack-internal:///(app-pages-browser)/./lib/chat-transport.ts:137
[  408654ms] [LOG] [ChatTransport] onmessage triggered, has currentResponseHandler: true @ webpack-internal:///(app-pages-browser)/./lib/chat-transport.ts:41
[  408654ms] [LOG] [ChatTransport] responseHandler called, data: {"type":"delta","content":"交通","error":null,"message_id":"e5652bc0-af34-427c-9c47-d7f526f6c6b3","conversation_id":null,"itinerary":null,"stage":null} @ webpack-internal:///(app-pages-browser)/./lib/chat-transport.ts:137
[  408692ms] [LOG] [ChatTransport] onmessage triggered, has currentResponseHandler: true @ webpack-internal:///(app-pages-browser)/./lib/chat-transport.ts:41
[  408692ms] [LOG] [ChatTransport] responseHandler called, data: {"type":"delta","content":"**","error":null,"message_id":"e5652bc0-af34-427c-9c47-d7f526f6c6b3","conversation_id":null,"itinerary":null,"stage":null} @ webpack-internal:///(app-pages-browser)/./lib/chat-transport.ts:137
[  408696ms] [LOG] [ChatTransport] onmessage triggered, has currentResponseHandler: true @ webpack-internal:///(app-pages-browser)/./lib/chat-transport.ts:41
[  408696ms] [LOG] [ChatTransport] responseHandler called, data: {"type":"delta","content":"：","error":null,"message_id":"e5652bc0-af34-427c-9c47-d7f526f6c6b3","conversation_id":null,"itinerary":null,"stage":null} @ webpack-internal:///(app-pages-browser)/./lib/chat-transport.ts:137
[  408795ms] [LOG] [ChatTransport] onmessage triggered, has currentResponseHandler: true @ webpack-internal:///(app-pages-browser)/./lib/chat-transport.ts:41
[  408795ms] [LOG] [ChatTransport] responseHandler called, data: {"type":"delta","content":"北京市","error":null,"message_id":"e5652bc0-af34-427c-9c47-d7f526f6c6b3","conversation_id":null,"itinerary":null,"stage":null} @ webpack-internal:///(app-pages-browser)/./lib/chat-transport.ts:137
[  408845ms] [LOG] [ChatTransport] onmessage triggered, has currentResponseHandler: true @ webpack-internal:///(app-pages-browser)/./lib/chat-transport.ts:41
[  408845ms] [LOG] [ChatTransport] responseHandler called, data: {"type":"delta","content":"内","error":null,"message_id":"e5652bc0-af34-427c-9c47-d7f526f6c6b3","conversation_id":null,"itinerary":null,"stage":null} @ webpack-internal:///(app-pages-browser)/./lib/chat-transport.ts:137
[  408848ms] [LOG] [ChatTransport] onmessage triggered, has currentResponseHandler: true @ webpack-internal:///(app-pages-browser)/./lib/chat-transport.ts:41
[  408848ms] [LOG] [ChatTransport] responseHandler called, data: {"type":"delta","content":"景点","error":null,"message_id":"e5652bc0-af34-427c-9c47-d7f526f6c6b3","conversation_id":null,"itinerary":null,"stage":null} @ webpack-internal:///(app-pages-browser)/./lib/chat-transport.ts:137
[  408939ms] [LOG] [ChatTransport] onmessage triggered, has currentResponseHandler: true @ webpack-internal:///(app-pages-browser)/./lib/chat-transport.ts:41
[  408939ms] [LOG] [ChatTransport] responseHandler called, data: {"type":"delta","content":"地铁","error":null,"message_id":"e5652bc0-af34-427c-9c47-d7f526f6c6b3","conversation_id":null,"itinerary":null,"stage":null} @ webpack-internal:///(app-pages-browser)/./lib/chat-transport.ts:137
[  408946ms] [LOG] [ChatTransport] onmessage triggered, has currentResponseHandler: true @ webpack-internal:///(app-pages-browser)/./lib/chat-transport.ts:41
[  408946ms] [LOG] [ChatTransport] responseHandler called, data: {"type":"delta","content":"可达","error":null,"message_id":"e5652bc0-af34-427c-9c47-d7f526f6c6b3","conversation_id":null,"itinerary":null,"stage":null} @ webpack-internal:///(app-pages-browser)/./lib/chat-transport.ts:137
[  409006ms] [LOG] [ChatTransport] onmessage triggered, has currentResponseHandler: true @ webpack-internal:///(app-pages-browser)/./lib/chat-transport.ts:41
[  409006ms] [LOG] [ChatTransport] responseHandler called, data: {"type":"delta","content":"，","error":null,"message_id":"e5652bc0-af34-427c-9c47-d7f526f6c6b3","conversation_id":null,"itinerary":null,"stage":null} @ webpack-internal:///(app-pages-browser)/./lib/chat-transport.ts:137
[  409007ms] [LOG] [ChatTransport] onmessage triggered, has currentResponseHandler: true @ webpack-internal:///(app-pages-browser)/./lib/chat-transport.ts:41
[  409007ms] [LOG] [ChatTransport] responseHandler called, data: {"type":"delta","content":"长城","error":null,"message_id":"e5652bc0-af34-427c-9c47-d7f526f6c6b3","conversation_id":null,"itinerary":null,"stage":null} @ webpack-internal:///(app-pages-browser)/./lib/chat-transport.ts:137
[  409085ms] [LOG] [ChatTransport] onmessage triggered, has currentResponseHandler: true @ webpack-internal:///(app-pages-browser)/./lib/chat-transport.ts:41
[  409085ms] [LOG] [ChatTransport] responseHandler called, data: {"type":"delta","content":"建议","error":null,"message_id":"e5652bc0-af34-427c-9c47-d7f526f6c6b3","conversation_id":null,"itinerary":null,"stage":null} @ webpack-internal:///(app-pages-browser)/./lib/chat-transport.ts:137
[  409103ms] [LOG] [ChatTransport] onmessage triggered, has currentResponseHandler: true @ webpack-internal:///(app-pages-browser)/./lib/chat-transport.ts:41
[  409103ms] [LOG] [ChatTransport] responseHandler called, data: {"type":"delta","content":"乘坐","error":null,"message_id":"e5652bc0-af34-427c-9c47-d7f526f6c6b3","conversation_id":null,"itinerary":null,"stage":null} @ webpack-internal:///(app-pages-browser)/./lib/chat-transport.ts:137
[  409155ms] [LOG] [ChatTransport] onmessage triggered, has currentResponseHandler: true @ webpack-internal:///(app-pages-browser)/./lib/chat-transport.ts:41
[  409155ms] [LOG] [ChatTransport] responseHandler called, data: {"type":"delta","content":"旅游","error":null,"message_id":"e5652bc0-af34-427c-9c47-d7f526f6c6b3","conversation_id":null,"itinerary":null,"stage":null} @ webpack-internal:///(app-pages-browser)/./lib/chat-transport.ts:137
[  409178ms] [LOG] [ChatTransport] onmessage triggered, has currentResponseHandler: true @ webpack-internal:///(app-pages-browser)/./lib/chat-transport.ts:41
[  409178ms] [LOG] [ChatTransport] responseHandler called, data: {"type":"delta","content":"专","error":null,"message_id":"e5652bc0-af34-427c-9c47-d7f526f6c6b3","conversation_id":null,"itinerary":null,"stage":null} @ webpack-internal:///(app-pages-browser)/./lib/chat-transport.ts:137
[  409276ms] [LOG] [ChatTransport] onmessage triggered, has currentResponseHandler: true @ webpack-internal:///(app-pages-browser)/./lib/chat-transport.ts:41
[  409276ms] [LOG] [ChatTransport] responseHandler called, data: {"type":"delta","content":"线","error":null,"message_id":"e5652bc0-af34-427c-9c47-d7f526f6c6b3","conversation_id":null,"itinerary":null,"stage":null} @ webpack-internal:///(app-pages-browser)/./lib/chat-transport.ts:137
[  409288ms] [LOG] [ChatTransport] onmessage triggered, has currentResponseHandler: true @ webpack-internal:///(app-pages-browser)/./lib/chat-transport.ts:41
[  409288ms] [LOG] [ChatTransport] responseHandler called, data: {"type":"delta","content":"或","error":null,"message_id":"e5652bc0-af34-427c-9c47-d7f526f6c6b3","conversation_id":null,"itinerary":null,"stage":null} @ webpack-internal:///(app-pages-browser)/./lib/chat-transport.ts:137
[  409306ms] [LOG] [ChatTransport] onmessage triggered, has currentResponseHandler: true @ webpack-internal:///(app-pages-browser)/./lib/chat-transport.ts:41
[  409306ms] [LOG] [ChatTransport] responseHandler called, data: {"type":"delta","content":"包","error":null,"message_id":"e5652bc0-af34-427c-9c47-d7f526f6c6b3","conversation_id":null,"itinerary":null,"stage":null} @ webpack-internal:///(app-pages-browser)/./lib/chat-transport.ts:137
[  409333ms] [LOG] [ChatTransport] onmessage triggered, has currentResponseHandler: true @ webpack-internal:///(app-pages-browser)/./lib/chat-transport.ts:41
[  409333ms] [LOG] [ChatTransport] responseHandler called, data: {"type":"delta","content":"车","error":null,"message_id":"e5652bc0-af34-427c-9c47-d7f526f6c6b3","conversation_id":null,"itinerary":null,"stage":null} @ webpack-internal:///(app-pages-browser)/./lib/chat-transport.ts:137
[  409368ms] [LOG] [ChatTransport] onmessage triggered, has currentResponseHandler: true @ webpack-internal:///(app-pages-browser)/./lib/chat-transport.ts:41
[  409368ms] [LOG] [ChatTransport] responseHandler called, data: {"type":"delta","content":"\n","error":null,"message_id":"e5652bc0-af34-427c-9c47-d7f526f6c6b3","conversation_id":null,"itinerary":null,"stage":null} @ webpack-internal:///(app-pages-browser)/./lib/chat-transport.ts:137
[  409378ms] [LOG] [ChatTransport] onmessage triggered, has currentResponseHandler: true @ webpack-internal:///(app-pages-browser)/./lib/chat-transport.ts:41
[  409378ms] [LOG] [ChatTransport] responseHandler called, data: {"type":"delta","content":"4","error":null,"message_id":"e5652bc0-af34-427c-9c47-d7f526f6c6b3","conversation_id":null,"itinerary":null,"stage":null} @ webpack-internal:///(app-pages-browser)/./lib/chat-transport.ts:137
[  409463ms] [LOG] [ChatTransport] onmessage triggered, has currentResponseHandler: true @ webpack-internal:///(app-pages-browser)/./lib/chat-transport.ts:41
[  409463ms] [LOG] [ChatTransport] responseHandler called, data: {"type":"delta","content":".","error":null,"message_id":"e5652bc0-af34-427c-9c47-d7f526f6c6b3","conversation_id":null,"itinerary":null,"stage":null} @ webpack-internal:///(app-pages-browser)/./lib/chat-transport.ts:137
[  409477ms] [LOG] [ChatTransport] onmessage triggered, has currentResponseHandler: true @ webpack-internal:///(app-pages-browser)/./lib/chat-transport.ts:41
[  409477ms] [LOG] [ChatTransport] responseHandler called, data: {"type":"delta","content":" **","error":null,"message_id":"e5652bc0-af34-427c-9c47-d7f526f6c6b3","conversation_id":null,"itinerary":null,"stage":null} @ webpack-internal:///(app-pages-browser)/./lib/chat-transport.ts:137
[  409537ms] [LOG] [ChatTransport] onmessage triggered, has currentResponseHandler: true @ webpack-internal:///(app-pages-browser)/./lib/chat-transport.ts:41
[  409537ms] [LOG] [ChatTransport] responseHandler called, data: {"type":"delta","content":"导游","error":null,"message_id":"e5652bc0-af34-427c-9c47-d7f526f6c6b3","conversation_id":null,"itinerary":null,"stage":null} @ webpack-internal:///(app-pages-browser)/./lib/chat-transport.ts:137
[  409602ms] [LOG] [ChatTransport] onmessage triggered, has currentResponseHandler: true @ webpack-internal:///(app-pages-browser)/./lib/chat-transport.ts:41
[  409602ms] [LOG] [ChatTransport] responseHandler called, data: {"type":"delta","content":"服务","error":null,"message_id":"e5652bc0-af34-427c-9c47-d7f526f6c6b3","conversation_id":null,"itinerary":null,"stage":null} @ webpack-internal:///(app-pages-browser)/./lib/chat-transport.ts:137
[  409670ms] [LOG] [ChatTransport] onmessage triggered, has currentResponseHandler: true @ webpack-internal:///(app-pages-browser)/./lib/chat-transport.ts:41
[  409671ms] [LOG] [ChatTransport] responseHandler called, data: {"type":"delta","content":"**","error":null,"message_id":"e5652bc0-af34-427c-9c47-d7f526f6c6b3","conversation_id":null,"itinerary":null,"stage":null} @ webpack-internal:///(app-pages-browser)/./lib/chat-transport.ts:137
[  409674ms] [LOG] [ChatTransport] onmessage triggered, has currentResponseHandler: true @ webpack-internal:///(app-pages-browser)/./lib/chat-transport.ts:41
[  409674ms] [LOG] [ChatTransport] responseHandler called, data: {"type":"delta","content":"：","error":null,"message_id":"e5652bc0-af34-427c-9c47-d7f526f6c6b3","conversation_id":null,"itinerary":null,"stage":null} @ webpack-internal:///(app-pages-browser)/./lib/chat-transport.ts:137
[  409758ms] [LOG] [ChatTransport] onmessage triggered, has currentResponseHandler: true @ webpack-internal:///(app-pages-browser)/./lib/chat-transport.ts:41
[  409758ms] [LOG] [ChatTransport] responseHandler called, data: {"type":"delta","content":"历史","error":null,"message_id":"e5652bc0-af34-427c-9c47-d7f526f6c6b3","conversation_id":null,"itinerary":null,"stage":null} @ webpack-internal:///(app-pages-browser)/./lib/chat-transport.ts:137
[  409763ms] [LOG] [ChatTransport] onmessage triggered, has currentResponseHandler: true @ webpack-internal:///(app-pages-browser)/./lib/chat-transport.ts:41
[  409763ms] [LOG] [ChatTransport] responseHandler called, data: {"type":"delta","content":"古迹","error":null,"message_id":"e5652bc0-af34-427c-9c47-d7f526f6c6b3","conversation_id":null,"itinerary":null,"stage":null} @ webpack-internal:///(app-pages-browser)/./lib/chat-transport.ts:137
[  409827ms] [LOG] [ChatTransport] onmessage triggered, has currentResponseHandler: true @ webpack-internal:///(app-pages-browser)/./lib/chat-transport.ts:41
[  409827ms] [LOG] [ChatTransport] responseHandler called, data: {"type":"delta","content":"建议","error":null,"message_id":"e5652bc0-af34-427c-9c47-d7f526f6c6b3","conversation_id":null,"itinerary":null,"stage":null} @ webpack-internal:///(app-pages-browser)/./lib/chat-transport.ts:137
[  409829ms] [LOG] [ChatTransport] onmessage triggered, has currentResponseHandler: true @ webpack-internal:///(app-pages-browser)/./lib/chat-transport.ts:41
[  409829ms] [LOG] [ChatTransport] responseHandler called, data: {"type":"delta","content":"租","error":null,"message_id":"e5652bc0-af34-427c-9c47-d7f526f6c6b3","conversation_id":null,"itinerary":null,"stage":null} @ webpack-internal:///(app-pages-browser)/./lib/chat-transport.ts:137
[  409925ms] [LOG] [ChatTransport] onmessage triggered, has currentResponseHandler: true @ webpack-internal:///(app-pages-browser)/./lib/chat-transport.ts:41
[  409925ms] [LOG] [ChatTransport] responseHandler called, data: {"type":"delta","content":"用","error":null,"message_id":"e5652bc0-af34-427c-9c47-d7f526f6c6b3","conversation_id":null,"itinerary":null,"stage":null} @ webpack-internal:///(app-pages-browser)/./lib/chat-transport.ts:137
[  409987ms] [LOG] [ChatTransport] onmessage triggered, has currentResponseHandler: true @ webpack-internal:///(app-pages-browser)/./lib/chat-transport.ts:41
[  409988ms] [LOG] [ChatTransport] responseHandler called, data: {"type":"delta","content":"讲解","error":null,"message_id":"e5652bc0-af34-427c-9c47-d7f526f6c6b3","conversation_id":null,"itinerary":null,"stage":null} @ webpack-internal:///(app-pages-browser)/./lib/chat-transport.ts:137
[  410106ms] [LOG] [ChatTransport] onmessage triggered, has currentResponseHandler: true @ webpack-internal:///(app-pages-browser)/./lib/chat-transport.ts:41
[  410106ms] [LOG] [ChatTransport] responseHandler called, data: {"type":"delta","content":"器","error":null,"message_id":"e5652bc0-af34-427c-9c47-d7f526f6c6b3","conversation_id":null,"itinerary":null,"stage":null} @ webpack-internal:///(app-pages-browser)/./lib/chat-transport.ts:137
[  410135ms] [LOG] [ChatTransport] onmessage triggered, has currentResponseHandler: true @ webpack-internal:///(app-pages-browser)/./lib/chat-transport.ts:41
[  410135ms] [LOG] [ChatTransport] responseHandler called, data: {"type":"delta","content":"或","error":null,"message_id":"e5652bc0-af34-427c-9c47-d7f526f6c6b3","conversation_id":null,"itinerary":null,"stage":null} @ webpack-internal:///(app-pages-browser)/./lib/chat-transport.ts:137
[  410161ms] [LOG] [ChatTransport] onmessage triggered, has currentResponseHandler: true @ webpack-internal:///(app-pages-browser)/./lib/chat-transport.ts:41
[  410161ms] [LOG] [ChatTransport] responseHandler called, data: {"type":"delta","content":"请","error":null,"message_id":"e5652bc0-af34-427c-9c47-d7f526f6c6b3","conversation_id":null,"itinerary":null,"stage":null} @ webpack-internal:///(app-pages-browser)/./lib/chat-transport.ts:137
[  410161ms] [LOG] [ChatTransport] onmessage triggered, has currentResponseHandler: true @ webpack-internal:///(app-pages-browser)/./lib/chat-transport.ts:41
[  410161ms] [LOG] [ChatTransport] responseHandler called, data: {"type":"delta","content":"导游","error":null,"message_id":"e5652bc0-af34-427c-9c47-d7f526f6c6b3","conversation_id":null,"itinerary":null,"stage":null} @ webpack-internal:///(app-pages-browser)/./lib/chat-transport.ts:137
[  410228ms] [LOG] [ChatTransport] onmessage triggered, has currentResponseHandler: true @ webpack-internal:///(app-pages-browser)/./lib/chat-transport.ts:41
[  410228ms] [LOG] [ChatTransport] responseHandler called, data: {"type":"delta","content":"，","error":null,"message_id":"e5652bc0-af34-427c-9c47-d7f526f6c6b3","conversation_id":null,"itinerary":null,"stage":null} @ webpack-internal:///(app-pages-browser)/./lib/chat-transport.ts:137
[  410302ms] [LOG] [ChatTransport] onmessage triggered, has currentResponseHandler: true @ webpack-internal:///(app-pages-browser)/./lib/chat-transport.ts:41
[  410302ms] [LOG] [ChatTransport] responseHandler called, data: {"type":"delta","content":"更能","error":null,"message_id":"e5652bc0-af34-427c-9c47-d7f526f6c6b3","conversation_id":null,"itinerary":null,"stage":null} @ webpack-internal:///(app-pages-browser)/./lib/chat-transport.ts:137
[  410324ms] [LOG] [ChatTransport] onmessage triggered, has currentResponseHandler: true @ webpack-internal:///(app-pages-browser)/./lib/chat-transport.ts:41
[  410324ms] [LOG] [ChatTransport] responseHandler called, data: {"type":"delta","content":"了解","error":null,"message_id":"e5652bc0-af34-427c-9c47-d7f526f6c6b3","conversation_id":null,"itinerary":null,"stage":null} @ webpack-internal:///(app-pages-browser)/./lib/chat-transport.ts:137
[  410364ms] [LOG] [ChatTransport] onmessage triggered, has currentResponseHandler: true @ webpack-internal:///(app-pages-browser)/./lib/chat-transport.ts:41
[  410364ms] [LOG] [ChatTransport] responseHandler called, data: {"type":"delta","content":"文化","error":null,"message_id":"e5652bc0-af34-427c-9c47-d7f526f6c6b3","conversation_id":null,"itinerary":null,"stage":null} @ webpack-internal:///(app-pages-browser)/./lib/chat-transport.ts:137
[  410445ms] [LOG] [ChatTransport] onmessage triggered, has currentResponseHandler: true @ webpack-internal:///(app-pages-browser)/./lib/chat-transport.ts:41
[  410445ms] [LOG] [ChatTransport] responseHandler called, data: {"type":"delta","content":"内涵","error":null,"message_id":"e5652bc0-af34-427c-9c47-d7f526f6c6b3","conversation_id":null,"itinerary":null,"stage":null} @ webpack-internal:///(app-pages-browser)/./lib/chat-transport.ts:137
[  410445ms] [LOG] [ChatTransport] onmessage triggered, has currentResponseHandler: true @ webpack-internal:///(app-pages-browser)/./lib/chat-transport.ts:41
[  410445ms] [LOG] [ChatTransport] responseHandler called, data: {"type":"delta","content":"\n\n","error":null,"message_id":"e5652bc0-af34-427c-9c47-d7f526f6c6b3","conversation_id":null,"itinerary":null,"stage":null} @ webpack-internal:///(app-pages-browser)/./lib/chat-transport.ts:137
[  410527ms] [LOG] [ChatTransport] onmessage triggered, has currentResponseHandler: true @ webpack-internal:///(app-pages-browser)/./lib/chat-transport.ts:41
[  410527ms] [LOG] [ChatTransport] responseHandler called, data: {"type":"delta","content":"您","error":null,"message_id":"e5652bc0-af34-427c-9c47-d7f526f6c6b3","conversation_id":null,"itinerary":null,"stage":null} @ webpack-internal:///(app-pages-browser)/./lib/chat-transport.ts:137
[  410544ms] [LOG] [ChatTransport] onmessage triggered, has currentResponseHandler: true @ webpack-internal:///(app-pages-browser)/./lib/chat-transport.ts:41
[  410544ms] [LOG] [ChatTransport] responseHandler called, data: {"type":"delta","content":"对这些","error":null,"message_id":"e5652bc0-af34-427c-9c47-d7f526f6c6b3","conversation_id":null,"itinerary":null,"stage":null} @ webpack-internal:///(app-pages-browser)/./lib/chat-transport.ts:137
[  410600ms] [LOG] [ChatTransport] onmessage triggered, has currentResponseHandler: true @ webpack-internal:///(app-pages-browser)/./lib/chat-transport.ts:41
[  410601ms] [LOG] [ChatTransport] responseHandler called, data: {"type":"delta","content":"历史","error":null,"message_id":"e5652bc0-af34-427c-9c47-d7f526f6c6b3","conversation_id":null,"itinerary":null,"stage":null} @ webpack-internal:///(app-pages-browser)/./lib/chat-transport.ts:137
[  410630ms] [LOG] [ChatTransport] onmessage triggered, has currentResponseHandler: true @ webpack-internal:///(app-pages-browser)/./lib/chat-transport.ts:41
[  410631ms] [LOG] [ChatTransport] responseHandler called, data: {"type":"delta","content":"古迹","error":null,"message_id":"e5652bc0-af34-427c-9c47-d7f526f6c6b3","conversation_id":null,"itinerary":null,"stage":null} @ webpack-internal:///(app-pages-browser)/./lib/chat-transport.ts:137
[  410737ms] [LOG] [ChatTransport] onmessage triggered, has currentResponseHandler: true @ webpack-internal:///(app-pages-browser)/./lib/chat-transport.ts:41
[  410738ms] [LOG] [ChatTransport] responseHandler called, data: {"type":"delta","content":"中的","error":null,"message_id":"e5652bc0-af34-427c-9c47-d7f526f6c6b3","conversation_id":null,"itinerary":null,"stage":null} @ webpack-internal:///(app-pages-browser)/./lib/chat-transport.ts:137
[  410738ms] [LOG] [ChatTransport] onmessage triggered, has currentResponseHandler: true @ webpack-internal:///(app-pages-browser)/./lib/chat-transport.ts:41
[  410739ms] [LOG] [ChatTransport] responseHandler called, data: {"type":"delta","content":"哪些","error":null,"message_id":"e5652bc0-af34-427c-9c47-d7f526f6c6b3","conversation_id":null,"itinerary":null,"stage":null} @ webpack-internal:///(app-pages-browser)/./lib/chat-transport.ts:137
[  410768ms] [LOG] [ChatTransport] onmessage triggered, has currentResponseHandler: true @ webpack-internal:///(app-pages-browser)/./lib/chat-transport.ts:41
[  410768ms] [LOG] [ChatTransport] responseHandler called, data: {"type":"delta","content":"特别","error":null,"message_id":"e5652bc0-af34-427c-9c47-d7f526f6c6b3","conversation_id":null,"itinerary":null,"stage":null} @ webpack-internal:///(app-pages-browser)/./lib/chat-transport.ts:137
[  410793ms] [LOG] [ChatTransport] onmessage triggered, has currentResponseHandler: true @ webpack-internal:///(app-pages-browser)/./lib/chat-transport.ts:41
[  410793ms] [LOG] [ChatTransport] responseHandler called, data: {"type":"delta","content":"感兴趣","error":null,"message_id":"e5652bc0-af34-427c-9c47-d7f526f6c6b3","conversation_id":null,"itinerary":null,"stage":null} @ webpack-internal:///(app-pages-browser)/./lib/chat-transport.ts:137
[  410821ms] [LOG] [ChatTransport] onmessage triggered, has currentResponseHandler: true @ webpack-internal:///(app-pages-browser)/./lib/chat-transport.ts:41
[  410822ms] [LOG] [ChatTransport] responseHandler called, data: {"type":"delta","content":"？","error":null,"message_id":"e5652bc0-af34-427c-9c47-d7f526f6c6b3","conversation_id":null,"itinerary":null,"stage":null} @ webpack-internal:///(app-pages-browser)/./lib/chat-transport.ts:137
[  410829ms] [LOG] [ChatTransport] onmessage triggered, has currentResponseHandler: true @ webpack-internal:///(app-pages-browser)/./lib/chat-transport.ts:41
[  410830ms] [LOG] [ChatTransport] responseHandler called, data: {"type":"delta","content":"或者","error":null,"message_id":"e5652bc0-af34-427c-9c47-d7f526f6c6b3","conversation_id":null,"itinerary":null,"stage":null} @ webpack-internal:///(app-pages-browser)/./lib/chat-transport.ts:137
[  410882ms] [LOG] [ChatTransport] onmessage triggered, has currentResponseHandler: true @ webpack-internal:///(app-pages-browser)/./lib/chat-transport.ts:41
[  410883ms] [LOG] [ChatTransport] responseHandler called, data: {"type":"delta","content":"需要","error":null,"message_id":"e5652bc0-af34-427c-9c47-d7f526f6c6b3","conversation_id":null,"itinerary":null,"stage":null} @ webpack-internal:///(app-pages-browser)/./lib/chat-transport.ts:137
[  410886ms] [LOG] [ChatTransport] onmessage triggered, has currentResponseHandler: true @ webpack-internal:///(app-pages-browser)/./lib/chat-transport.ts:41
[  410887ms] [LOG] [ChatTransport] responseHandler called, data: {"type":"delta","content":"我","error":null,"message_id":"e5652bc0-af34-427c-9c47-d7f526f6c6b3","conversation_id":null,"itinerary":null,"stage":null} @ webpack-internal:///(app-pages-browser)/./lib/chat-transport.ts:137
[  410957ms] [LOG] [ChatTransport] onmessage triggered, has currentResponseHandler: true @ webpack-internal:///(app-pages-browser)/./lib/chat-transport.ts:41
[  410957ms] [LOG] [ChatTransport] responseHandler called, data: {"type":"delta","content":"为您","error":null,"message_id":"e5652bc0-af34-427c-9c47-d7f526f6c6b3","conversation_id":null,"itinerary":null,"stage":null} @ webpack-internal:///(app-pages-browser)/./lib/chat-transport.ts:137
[  410962ms] [LOG] [ChatTransport] onmessage triggered, has currentResponseHandler: true @ webpack-internal:///(app-pages-browser)/./lib/chat-transport.ts:41
[  410962ms] [LOG] [ChatTransport] responseHandler called, data: {"type":"delta","content":"规划","error":null,"message_id":"e5652bc0-af34-427c-9c47-d7f526f6c6b3","conversation_id":null,"itinerary":null,"stage":null} @ webpack-internal:///(app-pages-browser)/./lib/chat-transport.ts:137
[  411035ms] [LOG] [ChatTransport] onmessage triggered, has currentResponseHandler: true @ webpack-internal:///(app-pages-browser)/./lib/chat-transport.ts:41
[  411036ms] [LOG] [ChatTransport] responseHandler called, data: {"type":"delta","content":"更","error":null,"message_id":"e5652bc0-af34-427c-9c47-d7f526f6c6b3","conversation_id":null,"itinerary":null,"stage":null} @ webpack-internal:///(app-pages-browser)/./lib/chat-transport.ts:137
[  411036ms] [LOG] [ChatTransport] onmessage triggered, has currentResponseHandler: true @ webpack-internal:///(app-pages-browser)/./lib/chat-transport.ts:41
[  411036ms] [LOG] [ChatTransport] responseHandler called, data: {"type":"delta","content":"详细的","error":null,"message_id":"e5652bc0-af34-427c-9c47-d7f526f6c6b3","conversation_id":null,"itinerary":null,"stage":null} @ webpack-internal:///(app-pages-browser)/./lib/chat-transport.ts:137
[  411102ms] [LOG] [ChatTransport] onmessage triggered, has currentResponseHandler: true @ webpack-internal:///(app-pages-browser)/./lib/chat-transport.ts:41
[  411102ms] [LOG] [ChatTransport] responseHandler called, data: {"type":"delta","content":"行程","error":null,"message_id":"e5652bc0-af34-427c-9c47-d7f526f6c6b3","conversation_id":null,"itinerary":null,"stage":null} @ webpack-internal:///(app-pages-browser)/./lib/chat-transport.ts:137
[  411106ms] [LOG] [ChatTransport] onmessage triggered, has currentResponseHandler: true @ webpack-internal:///(app-pages-browser)/./lib/chat-transport.ts:41
[  411106ms] [LOG] [ChatTransport] responseHandler called, data: {"type":"delta","content":"安排","error":null,"message_id":"e5652bc0-af34-427c-9c47-d7f526f6c6b3","conversation_id":null,"itinerary":null,"stage":null} @ webpack-internal:///(app-pages-browser)/./lib/chat-transport.ts:137
[  411195ms] [LOG] [ChatTransport] onmessage triggered, has currentResponseHandler: true @ webpack-internal:///(app-pages-browser)/./lib/chat-transport.ts:41
[  411195ms] [LOG] [ChatTransport] responseHandler called, data: {"type":"delta","content":"吗","error":null,"message_id":"e5652bc0-af34-427c-9c47-d7f526f6c6b3","conversation_id":null,"itinerary":null,"stage":null} @ webpack-internal:///(app-pages-browser)/./lib/chat-transport.ts:137
[  411212ms] [LOG] [ChatTransport] onmessage triggered, has currentResponseHandler: true @ webpack-internal:///(app-pages-browser)/./lib/chat-transport.ts:41
[  411212ms] [LOG] [ChatTransport] responseHandler called, data: {"type":"delta","content":"？","error":null,"message_id":"e5652bc0-af34-427c-9c47-d7f526f6c6b3","conversation_id":null,"itinerary":null,"stage":null} @ webpack-internal:///(app-pages-browser)/./lib/chat-transport.ts:137
[  411259ms] [LOG] [ChatTransport] onmessage triggered, has currentResponseHandler: true @ webpack-internal:///(app-pages-browser)/./lib/chat-transport.ts:41
[  411259ms] [LOG] [ChatTransport] responseHandler called, data: {"type":"stage","content":null,"error":null,"message_id":"e5652bc0-af34-427c-9c47-d7f526f6c6b3","conversation_id":null,"itinerary":null,"stage":{"name":"6_LLM","status":"end","label":"✨ 生成回复","message":"正在生成回复内容..."}} @ webpack-internal:///(app-pages-browser)/./lib/chat-transport.ts:137
[  411259ms] [LOG] [ChatTransport] Stage update: {name: 6_LLM, status: end, label: ✨ 生成回复, message: 正在生成回复内容...} @ webpack-internal:///(app-pages-browser)/./lib/chat-transport.ts:147
[  411274ms] [LOG] [ChatTransport] onmessage triggered, has currentResponseHandler: true @ webpack-internal:///(app-pages-browser)/./lib/chat-transport.ts:41
[  411275ms] [LOG] [ChatTransport] responseHandler called, data: {"type":"stage","content":null,"error":null,"message_id":"e5652bc0-af34-427c-9c47-d7f526f6c6b3","conversation_id":null,"itinerary":null,"stage":{"name":"7_CTX_MANAGE","status":"start","label":"📊 上下文管理","message":"正在管理上下文窗口..."}} @ webpack-internal:///(app-pages-browser)/./lib/chat-transport.ts:137
[  411275ms] [LOG] [ChatTransport] Stage update: {name: 7_CTX_MANAGE, status: start, label: 📊 上下文管理, message: 正在管理上下文窗口...} @ webpack-internal:///(app-pages-browser)/./lib/chat-transport.ts:147
[  411292ms] [LOG] [ChatTransport] onmessage triggered, has currentResponseHandler: true @ webpack-internal:///(app-pages-browser)/./lib/chat-transport.ts:41
[  411292ms] [LOG] [ChatTransport] responseHandler called, data: {"type":"stage","content":null,"error":null,"message_id":"e5652bc0-af34-427c-9c47-d7f526f6c6b3","conversation_id":null,"itinerary":null,"stage":{"name":"7_CTX_MANAGE","status":"skip","label":"📊 上下文管理","message":"正在管理上下文窗口..."}} @ webpack-internal:///(app-pages-browser)/./lib/chat-transport.ts:137
[  411293ms] [LOG] [ChatTransport] Stage update: {name: 7_CTX_MANAGE, status: skip, label: 📊 上下文管理, message: 正在管理上下文窗口...} @ webpack-internal:///(app-pages-browser)/./lib/chat-transport.ts:147
[  411293ms] [LOG] [ChatTransport] onmessage triggered, has currentResponseHandler: true @ webpack-internal:///(app-pages-browser)/./lib/chat-transport.ts:41
[  411293ms] [LOG] [ChatTransport] responseHandler called, data: {"type":"stage","content":null,"error":null,"message_id":"e5652bc0-af34-427c-9c47-d7f526f6c6b3","conversation_id":null,"itinerary":null,"stage":{"name":"8_MEMORY","status":"start","label":"💾 记忆更新","message":"正在更新记忆信息..."}} @ webpack-internal:///(app-pages-browser)/./lib/chat-transport.ts:137
[  411293ms] [LOG] [ChatTransport] Stage update: {name: 8_MEMORY, status: start, label: 💾 记忆更新, message: 正在更新记忆信息...} @ webpack-internal:///(app-pages-browser)/./lib/chat-transport.ts:147
[  411293ms] [LOG] [ChatTransport] onmessage triggered, has currentResponseHandler: true @ webpack-internal:///(app-pages-browser)/./lib/chat-transport.ts:41
[  411293ms] [LOG] [ChatTransport] responseHandler called, data: {"type":"stage","content":null,"error":null,"message_id":"e5652bc0-af34-427c-9c47-d7f526f6c6b3","conversation_id":null,"itinerary":null,"stage":{"name":"8_MEMORY","status":"end","label":"💾 记忆更新","message":"正在更新记忆信息..."}} @ webpack-internal:///(app-pages-browser)/./lib/chat-transport.ts:137
[  411293ms] [LOG] [ChatTransport] Stage update: {name: 8_MEMORY, status: end, label: 💾 记忆更新, message: 正在更新记忆信息...} @ webpack-internal:///(app-pages-browser)/./lib/chat-transport.ts:147
[  411293ms] [LOG] [ChatTransport] onmessage triggered, has currentResponseHandler: true @ webpack-internal:///(app-pages-browser)/./lib/chat-transport.ts:41
[  411293ms] [LOG] [ChatTransport] responseHandler called, data: {"type":"done","content":"根据我们刚才的对话和最新的查询结果，我为您整理了北京最值得参观的历史古迹景点：\n\n## **世界文化遗产（必游）**\n1. **故宫博物院** - 明清两代皇家宫殿，世界最大古代宫殿建筑群\n   - 包含：西北角楼、东北角楼等特色建筑\n   - 建议游览时间：半天至一天\n\n2. **颐和园** - 中国现存最完整的皇家园林\n   - 主要看点：佛香阁、十七孔桥、乐寿堂\n   - 建议游览时间：半天\n\n3. **天坛公园** - 明清皇帝祭天祈谷的场所\n   - 主要看点：回音壁、斋宫、圜丘、双环万寿亭\n   - 建议游览时间：3-4小时\n\n## **国家级历史景点**\n4. **八达岭长城** - 万里长城的精华段\n   - 距离市区较远，建议安排一天时间\n   - 可体验\"不到长城非好汉\"的豪情\n\n5. **什刹海** - 北京历史文化保护区\n   - 包含前海、后海、西海三个水域及周边地区\n   - 周边有众多王府、寺庙和胡同\n\n## **历史文化街区**\n6. **南锣鼓巷** - 北京最古老的街区之一\n   - 保存完好的元代胡同院落格局\n   - 体验老北京胡同文化\n\n## **推荐游览路线**\n\n**一日游经典路线：**\n- 上午：天安门广场 → 故宫博物院\n- 下午：景山公园（俯瞰故宫全景）→ 什刹海\n- 晚上：南锣鼓巷（胡同夜景）\n\n**两日游深度路线：**\n- **第一天**：故宫博物院 → 景山公园 → 南锣鼓巷\n- **第二天**：颐和园 → 圆明园（未在查询结果中但很值得去）\n\n**长城专线：**\n- 全天：八达岭长城（需单独安排一天）\n\n## **实用建议**\n1. **门票预约**：故宫、天坛等热门景点需提前在官网或小程序预约\n2. **最佳时间**：春秋季节（4-5月，9-10月）气候宜人\n3. **交通**：北京市内景点地铁可达，长城建议乘坐旅游专线或包车\n4. **导游服务**：历史古迹建议租用讲解器或请导游，更能了解文化内涵\n\n您对这些历史古迹中的哪些特别感兴趣？或者需要我为您规划更详细的行程安排吗？","error":null,"message_id":"e5652bc0-af34-427c-9c47-d7f526f6c6b3","conversation_id":"c9b60305-5275-4c4a-9f83-1d5b93707c97","itinerary":null,"stage":null} @ webpack-internal:///(app-pages-browser)/./lib/chat-transport.ts:137
[  411294ms] [LOG] [ChatTransport] Updated conversation_id: c9b60305-5275-4c4a-9f83-1d5b93707c97 @ webpack-internal:///(app-pages-browser)/./lib/chat-transport.ts:165
[ 2308848ms] [LOG] [ChatTransport] sendMessage called, content: 我更喜欢自然风光，比如公园和湖泊，能推荐一些这样的景点吗？ @ webpack-internal:///(app-pages-browser)/./lib/chat-transport.ts:109
[ 2308848ms] [LOG] [ChatTransport] isConnected: true ws.readyState: 1 @ webpack-internal:///(app-pages-browser)/./lib/chat-transport.ts:110
[ 2308848ms] [LOG] [ChatTransport] has_image: false @ webpack-internal:///(app-pages-browser)/./lib/chat-transport.ts:111
[ 2308848ms] [LOG] [ChatTransport] Sending WebSocket message: msg_1776432600990_jicdzcn 我更喜欢自然风光，比如公园和湖泊，能推荐一些这样的景点吗？ @ webpack-internal:///(app-pages-browser)/./lib/chat-transport.ts:126
[ 2308849ms] [LOG] [ChatTransport] Setting currentResponseHandler @ webpack-internal:///(app-pages-browser)/./lib/chat-transport.ts:179
[ 2308849ms] [LOG] [ChatTransport] send() called, isConnected: true readyState: 1 @ webpack-internal:///(app-pages-browser)/./lib/chat-transport.ts:97
[ 2308849ms] [LOG] [ChatTransport] Sending WebSocket data: {"type":"message","session_id":"session_1776430401386_pwzu5ra","conversation_id":"c9b60305-5275-4c4a-9f83-1d5b93707c97","user_id":"f62f4ec5-1874-4821-97e9-b2c70b35805d","content":"我更喜欢自然风光，比如公园和湖泊，能推荐一些这样的景点吗？","has_image":false} @ webpack-internal:///(app-pages-browser)/./lib/chat-transport.ts:99
[ 2308957ms] [LOG] [ChatTransport] WebSocket disconnected 1012  @ webpack-internal:///(app-pages-browser)/./lib/chat-transport.ts:63
[ 2308957ms] [LOG] [ChatTransport] Reconnecting... (1/5) @ webpack-internal:///(app-pages-browser)/./lib/chat-transport.ts:69
[ 2308957ms] [LOG] [ChatTransport] WebSocket disconnected 1012  @ webpack-internal:///(app-pages-browser)/./lib/chat-transport.ts:63
[ 2308957ms] [LOG] [ChatTransport] Reconnecting... (1/5) @ webpack-internal:///(app-pages-browser)/./lib/chat-transport.ts:69
[ 2368863ms] [WARNING] [Chat] Safety timeout triggered, resetting isLoading @ webpack-internal:///(app-pages-browser)/./app/chat/page.tsx:230
[ 2549986ms] [ERROR] WebSocket connection to 'ws://localhost:8000/ws/chat' failed: WebSocket opening handshake timed out @ webpack-internal:///(app-pages-browser)/./lib/chat-transport.ts:27
[ 2549989ms] [ERROR] WebSocket connection to 'ws://localhost:8000/ws/chat' failed: WebSocket opening handshake timed out @ webpack-internal:///(app-pages-browser)/./lib/chat-transport.ts:27
[ 2549991ms] [ERROR] [ChatTransport] WebSocket error: Event @ webpack-internal:///(app-pages-browser)/./node_modules/next/dist/next-devtools/userspace/app/errors/intercept-console-error.js:56
[ 2549992ms] [ERROR] Event @ webpack-internal:///(app-pages-browser)/./node_modules/next/dist/next-devtools/userspace/app/errors/intercept-console-error.js:56
[ 2549998ms] [LOG] [ChatTransport] WebSocket disconnected 1006  @ webpack-internal:///(app-pages-browser)/./lib/chat-transport.ts:63
[ 2550001ms] [LOG] [ChatTransport] Reconnecting... (2/5) @ webpack-internal:///(app-pages-browser)/./lib/chat-transport.ts:69
[ 2550003ms] [ERROR] [ChatTransport] WebSocket error: Event @ webpack-internal:///(app-pages-browser)/./node_modules/next/dist/next-devtools/userspace/app/errors/intercept-console-error.js:56
[ 2550005ms] [ERROR] Event @ webpack-internal:///(app-pages-browser)/./node_modules/next/dist/next-devtools/userspace/app/errors/intercept-console-error.js:56
[ 2550006ms] [LOG] [ChatTransport] WebSocket disconnected 1006  @ webpack-internal:///(app-pages-browser)/./lib/chat-transport.ts:63
[ 2550008ms] [LOG] [ChatTransport] Reconnecting... (2/5) @ webpack-internal:///(app-pages-browser)/./lib/chat-transport.ts:69
[ 2792013ms] [ERROR] WebSocket connection to 'ws://localhost:8000/ws/chat' failed: WebSocket opening handshake timed out @ webpack-internal:///(app-pages-browser)/./lib/chat-transport.ts:27
[ 2792013ms] [ERROR] WebSocket connection to 'ws://localhost:8000/ws/chat' failed: WebSocket opening handshake timed out @ webpack-internal:///(app-pages-browser)/./lib/chat-transport.ts:27
[ 2792014ms] [ERROR] [ChatTransport] WebSocket error: Event @ webpack-internal:///(app-pages-browser)/./node_modules/next/dist/next-devtools/userspace/app/errors/intercept-console-error.js:56
[ 2792014ms] [ERROR] Event @ webpack-internal:///(app-pages-browser)/./node_modules/next/dist/next-devtools/userspace/app/errors/intercept-console-error.js:56
[ 2792015ms] [LOG] [ChatTransport] WebSocket disconnected 1006  @ webpack-internal:///(app-pages-browser)/./lib/chat-transport.ts:63
[ 2792015ms] [LOG] [ChatTransport] Reconnecting... (3/5) @ webpack-internal:///(app-pages-browser)/./lib/chat-transport.ts:69
[ 2792015ms] [ERROR] [ChatTransport] WebSocket error: Event @ webpack-internal:///(app-pages-browser)/./node_modules/next/dist/next-devtools/userspace/app/errors/intercept-console-error.js:56
[ 2792015ms] [ERROR] Event @ webpack-internal:///(app-pages-browser)/./node_modules/next/dist/next-devtools/userspace/app/errors/intercept-console-error.js:56
[ 2792016ms] [LOG] [ChatTransport] WebSocket disconnected 1006  @ webpack-internal:///(app-pages-browser)/./lib/chat-transport.ts:63
[ 2792016ms] [LOG] [ChatTransport] Reconnecting... (3/5) @ webpack-internal:///(app-pages-browser)/./lib/chat-transport.ts:69
[ 3035038ms] [ERROR] WebSocket connection to 'ws://localhost:8000/ws/chat' failed: WebSocket opening handshake timed out @ webpack-internal:///(app-pages-browser)/./lib/chat-transport.ts:27
[ 3035040ms] [ERROR] WebSocket connection to 'ws://localhost:8000/ws/chat' failed: WebSocket opening handshake timed out @ webpack-internal:///(app-pages-browser)/./lib/chat-transport.ts:27
[ 3035042ms] [ERROR] [ChatTransport] WebSocket error: Event @ webpack-internal:///(app-pages-browser)/./node_modules/next/dist/next-devtools/userspace/app/errors/intercept-console-error.js:56
[ 3035045ms] [ERROR] Event @ webpack-internal:///(app-pages-browser)/./node_modules/next/dist/next-devtools/userspace/app/errors/intercept-console-error.js:56
[ 3035046ms] [LOG] [ChatTransport] WebSocket disconnected 1006  @ webpack-internal:///(app-pages-browser)/./lib/chat-transport.ts:63
[ 3035048ms] [LOG] [ChatTransport] Reconnecting... (4/5) @ webpack-internal:///(app-pages-browser)/./lib/chat-transport.ts:69
[ 3035050ms] [ERROR] [ChatTransport] WebSocket error: Event @ webpack-internal:///(app-pages-browser)/./node_modules/next/dist/next-devtools/userspace/app/errors/intercept-console-error.js:56
[ 3035050ms] [ERROR] Event @ webpack-internal:///(app-pages-browser)/./node_modules/next/dist/next-devtools/userspace/app/errors/intercept-console-error.js:56
[ 3035051ms] [LOG] [ChatTransport] WebSocket disconnected 1006  @ webpack-internal:///(app-pages-browser)/./lib/chat-transport.ts:63
[ 3035052ms] [LOG] [ChatTransport] Reconnecting... (4/5) @ webpack-internal:///(app-pages-browser)/./lib/chat-transport.ts:69
[ 3279077ms] [ERROR] WebSocket connection to 'ws://localhost:8000/ws/chat' failed: WebSocket opening handshake timed out @ webpack-internal:///(app-pages-browser)/./lib/chat-transport.ts:27
[ 3279079ms] [ERROR] WebSocket connection to 'ws://localhost:8000/ws/chat' failed: WebSocket opening handshake timed out @ webpack-internal:///(app-pages-browser)/./lib/chat-transport.ts:27
[ 3279080ms] [ERROR] [ChatTransport] WebSocket error: Event @ webpack-internal:///(app-pages-browser)/./node_modules/next/dist/next-devtools/userspace/app/errors/intercept-console-error.js:56
[ 3279081ms] [ERROR] Event @ webpack-internal:///(app-pages-browser)/./node_modules/next/dist/next-devtools/userspace/app/errors/intercept-console-error.js:56
[ 3279082ms] [LOG] [ChatTransport] WebSocket disconnected 1006  @ webpack-internal:///(app-pages-browser)/./lib/chat-transport.ts:63
[ 3279085ms] [LOG] [ChatTransport] Reconnecting... (5/5) @ webpack-internal:///(app-pages-browser)/./lib/chat-transport.ts:69
[ 3279086ms] [ERROR] [ChatTransport] WebSocket error: Event @ webpack-internal:///(app-pages-browser)/./node_modules/next/dist/next-devtools/userspace/app/errors/intercept-console-error.js:56
[ 3279087ms] [ERROR] Event @ webpack-internal:///(app-pages-browser)/./node_modules/next/dist/next-devtools/userspace/app/errors/intercept-console-error.js:56
[ 3279088ms] [LOG] [ChatTransport] WebSocket disconnected 1006  @ webpack-internal:///(app-pages-browser)/./lib/chat-transport.ts:63
[ 3279089ms] [LOG] [ChatTransport] Reconnecting... (5/5) @ webpack-internal:///(app-pages-browser)/./lib/chat-transport.ts:69
[ 3524114ms] [ERROR] WebSocket connection to 'ws://localhost:8000/ws/chat' failed: WebSocket opening handshake timed out @ webpack-internal:///(app-pages-browser)/./lib/chat-transport.ts:27
[ 3524115ms] [ERROR] WebSocket connection to 'ws://localhost:8000/ws/chat' failed: WebSocket opening handshake timed out @ webpack-internal:///(app-pages-browser)/./lib/chat-transport.ts:27
[ 3524116ms] [ERROR] [ChatTransport] WebSocket error: Event @ webpack-internal:///(app-pages-browser)/./node_modules/next/dist/next-devtools/userspace/app/errors/intercept-console-error.js:56
[ 3524118ms] [ERROR] Event @ webpack-internal:///(app-pages-browser)/./node_modules/next/dist/next-devtools/userspace/app/errors/intercept-console-error.js:56
[ 3524120ms] [LOG] [ChatTransport] WebSocket disconnected 1006  @ webpack-internal:///(app-pages-browser)/./lib/chat-transport.ts:63
[ 3524122ms] [ERROR] [ChatTransport] WebSocket error: Event @ webpack-internal:///(app-pages-browser)/./node_modules/next/dist/next-devtools/userspace/app/errors/intercept-console-error.js:56
[ 3524124ms] [ERROR] Event @ webpack-internal:///(app-pages-browser)/./node_modules/next/dist/next-devtools/userspace/app/errors/intercept-console-error.js:56
[ 3524125ms] [LOG] [ChatTransport] WebSocket disconnected 1006  @ webpack-internal:///(app-pages-browser)/./lib/chat-transport.ts:63
