[     958ms] [INFO] %cDownload the React DevTools for a better development experience: https://react.dev/link/react-devtools font-weight:bold @ webpack-internal:///(app-pages-browser)/./node_modules/next/dist/compiled/react-dom/cjs/react-dom-client.development.js:25630
[    1805ms] [LOG] [Auth] Synced user ID to userManager on init: f62f4ec5-1874-4821-97e9-b2c70b35805d @ webpack-internal:///(app-pages-browser)/./lib/store/auth-store.ts:59
[    1851ms] [LOG] [Chat] Store conversation changed: 1d71be56-4bd0-43a3-b45d-19f5f6eb8b4f @ webpack-internal:///(app-pages-browser)/./app/chat/page.tsx:158
[    1859ms] [WARNING] WebSocket connection to 'ws://localhost:8000/ws/chat' failed: WebSocket is closed before the connection is established. @ webpack-internal:///(app-pages-browser)/./lib/chat-transport.ts:56
[    1865ms] [LOG] [Chat] Store conversation changed: 1d71be56-4bd0-43a3-b45d-19f5f6eb8b4f @ webpack-internal:///(app-pages-browser)/./app/chat/page.tsx:158
[    1885ms] [ERROR] [ChatTransport] WebSocket error: Event @ webpack-internal:///(app-pages-browser)/./node_modules/next/dist/next-devtools/userspace/app/errors/intercept-console-error.js:56
[    1885ms] [ERROR] Event @ webpack-internal:///(app-pages-browser)/./node_modules/next/dist/next-devtools/userspace/app/errors/intercept-console-error.js:56
[    1886ms] [LOG] [ChatTransport] WebSocket disconnected 1006  @ webpack-internal:///(app-pages-browser)/./lib/chat-transport.ts:36
[    1886ms] [LOG] [ChatTransport] Reconnecting... (1/5) @ webpack-internal:///(app-pages-browser)/./lib/chat-transport.ts:41
[    1930ms] [LOG] [Chat] User initialized: f62f4ec5-1874-4821-97e9-b2c70b35805d @ webpack-internal:///(app-pages-browser)/./app/chat/page.tsx:51
[    1930ms] [LOG] [Chat] User initialized: f62f4ec5-1874-4821-97e9-b2c70b35805d @ webpack-internal:///(app-pages-browser)/./app/chat/page.tsx:51
[    1953ms] [LOG] [Chat] User ID set to transport: f62f4ec5-1874-4821-97e9-b2c70b35805d @ webpack-internal:///(app-pages-browser)/./app/chat/page.tsx:94
[    2518ms] [LOG] [ChatTransport] WebSocket connected @ webpack-internal:///(app-pages-browser)/./lib/chat-transport.ts:25
[    3216ms] [LOG] [ChatTransport] WebSocket connected @ webpack-internal:///(app-pages-browser)/./lib/chat-transport.ts:25
[   14097ms] [LOG] [ChatTransport] sendMessage called, content: 我的预算是5000元 @ webpack-internal:///(app-pages-browser)/./lib/chat-transport.ts:81
[   14097ms] [LOG] [ChatTransport] isConnected: true ws.readyState: 1 @ webpack-internal:///(app-pages-browser)/./lib/chat-transport.ts:82
[   14097ms] [LOG] [ChatTransport] has_image: false @ webpack-internal:///(app-pages-browser)/./lib/chat-transport.ts:83
[   14098ms] [LOG] [ChatTransport] Sending WebSocket message: msg_1776336513905_8mt0l0d 我的预算是5000元 @ webpack-internal:///(app-pages-browser)/./lib/chat-transport.ts:100
[   14098ms] [LOG] [ChatTransport] send() called, isConnected: true readyState: 1 @ webpack-internal:///(app-pages-browser)/./lib/chat-transport.ts:69
[   14099ms] [LOG] [ChatTransport] Sending WebSocket data: {"type":"message","session_id":"session_1776336501670_ben25m0","conversation_id":"1d71be56-4bd0-43a3-b45d-19f5f6eb8b4f","user_id":"f62f4ec5-1874-4821-97e9-b2c70b35805d","content":"我的预算是5000元","has_image":false} @ webpack-internal:///(app-pages-browser)/./lib/chat-transport.ts:71
[   15492ms] [LOG] [ChatTransport] Received WebSocket response: {"type":"delta","content":"根据","error":null,"message_id":"f0d65498-24f7-4283-8601-76ff99ea0f39","conversation_id":null,"itinerary":null} @ webpack-internal:///(app-pages-browser)/./lib/chat-transport.ts:103
[   15703ms] [LOG] [ChatTransport] Received WebSocket response: {"type":"delta","content":"您的","error":null,"message_id":"f0d65498-24f7-4283-8601-76ff99ea0f39","conversation_id":null,"itinerary":null} @ webpack-internal:///(app-pages-browser)/./lib/chat-transport.ts:103
[   15728ms] [LOG] [ChatTransport] Received WebSocket response: {"type":"delta","content":"需求","error":null,"message_id":"f0d65498-24f7-4283-8601-76ff99ea0f39","conversation_id":null,"itinerary":null} @ webpack-internal:///(app-pages-browser)/./lib/chat-transport.ts:103
[   15813ms] [LOG] [ChatTransport] Received WebSocket response: {"type":"delta","content":"：","error":null,"message_id":"f0d65498-24f7-4283-8601-76ff99ea0f39","conversation_id":null,"itinerary":null} @ webpack-internal:///(app-pages-browser)/./lib/chat-transport.ts:103
[   15864ms] [LOG] [ChatTransport] Received WebSocket response: {"type":"delta","content":"**","error":null,"message_id":"f0d65498-24f7-4283-8601-76ff99ea0f39","conversation_id":null,"itinerary":null} @ webpack-internal:///(app-pages-browser)/./lib/chat-transport.ts:103
[   16017ms] [LOG] [ChatTransport] Received WebSocket response: {"type":"delta","content":"3","error":null,"message_id":"f0d65498-24f7-4283-8601-76ff99ea0f39","conversation_id":null,"itinerary":null} @ webpack-internal:///(app-pages-browser)/./lib/chat-transport.ts:103
[   16039ms] [LOG] [ChatTransport] Received WebSocket response: {"type":"delta","content":"天","error":null,"message_id":"f0d65498-24f7-4283-8601-76ff99ea0f39","conversation_id":null,"itinerary":null} @ webpack-internal:///(app-pages-browser)/./lib/chat-transport.ts:103
[   16040ms] [LOG] [ChatTransport] Received WebSocket response: {"type":"delta","content":"北京","error":null,"message_id":"f0d65498-24f7-4283-8601-76ff99ea0f39","conversation_id":null,"itinerary":null} @ webpack-internal:///(app-pages-browser)/./lib/chat-transport.ts:103
[   16059ms] [LOG] [ChatTransport] Received WebSocket response: {"type":"delta","content":"历史文化","error":null,"message_id":"f0d65498-24f7-4283-8601-76ff99ea0f39","conversation_id":null,"itinerary":null} @ webpack-internal:///(app-pages-browser)/./lib/chat-transport.ts:103
[   16060ms] [LOG] [ChatTransport] Received WebSocket response: {"type":"delta","content":"之旅","error":null,"message_id":"f0d65498-24f7-4283-8601-76ff99ea0f39","conversation_id":null,"itinerary":null} @ webpack-internal:///(app-pages-browser)/./lib/chat-transport.ts:103
[   16119ms] [LOG] [ChatTransport] Received WebSocket response: {"type":"delta","content":"，","error":null,"message_id":"f0d65498-24f7-4283-8601-76ff99ea0f39","conversation_id":null,"itinerary":null} @ webpack-internal:///(app-pages-browser)/./lib/chat-transport.ts:103
[   16153ms] [LOG] [ChatTransport] Received WebSocket response: {"type":"delta","content":"预算","error":null,"message_id":"f0d65498-24f7-4283-8601-76ff99ea0f39","conversation_id":null,"itinerary":null} @ webpack-internal:///(app-pages-browser)/./lib/chat-transport.ts:103
[   16189ms] [LOG] [ChatTransport] Received WebSocket response: {"type":"delta","content":"500","error":null,"message_id":"f0d65498-24f7-4283-8601-76ff99ea0f39","conversation_id":null,"itinerary":null} @ webpack-internal:///(app-pages-browser)/./lib/chat-transport.ts:103
[   16212ms] [LOG] [ChatTransport] Received WebSocket response: {"type":"delta","content":"0","error":null,"message_id":"f0d65498-24f7-4283-8601-76ff99ea0f39","conversation_id":null,"itinerary":null} @ webpack-internal:///(app-pages-browser)/./lib/chat-transport.ts:103
[   16229ms] [LOG] [ChatTransport] Received WebSocket response: {"type":"delta","content":"元","error":null,"message_id":"f0d65498-24f7-4283-8601-76ff99ea0f39","conversation_id":null,"itinerary":null} @ webpack-internal:///(app-pages-browser)/./lib/chat-transport.ts:103
[   16251ms] [LOG] [ChatTransport] Received WebSocket response: {"type":"delta","content":"**","error":null,"message_id":"f0d65498-24f7-4283-8601-76ff99ea0f39","conversation_id":null,"itinerary":null} @ webpack-internal:///(app-pages-browser)/./lib/chat-transport.ts:103
[   16317ms] [LOG] [ChatTransport] Received WebSocket response: {"type":"delta","content":"，","error":null,"message_id":"f0d65498-24f7-4283-8601-76ff99ea0f39","conversation_id":null,"itinerary":null} @ webpack-internal:///(app-pages-browser)/./lib/chat-transport.ts:103
[   16342ms] [LOG] [ChatTransport] Received WebSocket response: {"type":"delta","content":"我","error":null,"message_id":"f0d65498-24f7-4283-8601-76ff99ea0f39","conversation_id":null,"itinerary":null} @ webpack-internal:///(app-pages-browser)/./lib/chat-transport.ts:103
[   16378ms] [LOG] [ChatTransport] Received WebSocket response: {"type":"delta","content":"为您","error":null,"message_id":"f0d65498-24f7-4283-8601-76ff99ea0f39","conversation_id":null,"itinerary":null} @ webpack-internal:///(app-pages-browser)/./lib/chat-transport.ts:103
[   16402ms] [LOG] [ChatTransport] Received WebSocket response: {"type":"delta","content":"规划","error":null,"message_id":"f0d65498-24f7-4283-8601-76ff99ea0f39","conversation_id":null,"itinerary":null} @ webpack-internal:///(app-pages-browser)/./lib/chat-transport.ts:103
[   16426ms] [LOG] [ChatTransport] Received WebSocket response: {"type":"delta","content":"了一个","error":null,"message_id":"f0d65498-24f7-4283-8601-76ff99ea0f39","conversation_id":null,"itinerary":null} @ webpack-internal:///(app-pages-browser)/./lib/chat-transport.ts:103
[   16497ms] [LOG] [ChatTransport] Received WebSocket response: {"type":"delta","content":"合理的","error":null,"message_id":"f0d65498-24f7-4283-8601-76ff99ea0f39","conversation_id":null,"itinerary":null} @ webpack-internal:///(app-pages-browser)/./lib/chat-transport.ts:103
[   16640ms] [LOG] [ChatTransport] Received WebSocket response: {"type":"delta","content":"行程","error":null,"message_id":"f0d65498-24f7-4283-8601-76ff99ea0f39","conversation_id":null,"itinerary":null} @ webpack-internal:///(app-pages-browser)/./lib/chat-transport.ts:103
[   16661ms] [LOG] [ChatTransport] Received WebSocket response: {"type":"delta","content":"方案","error":null,"message_id":"f0d65498-24f7-4283-8601-76ff99ea0f39","conversation_id":null,"itinerary":null} @ webpack-internal:///(app-pages-browser)/./lib/chat-transport.ts:103
[   16661ms] [LOG] [ChatTransport] Received WebSocket response: {"type":"delta","content":"。\n\n","error":null,"message_id":"f0d65498-24f7-4283-8601-76ff99ea0f39","conversation_id":null,"itinerary":null} @ webpack-internal:///(app-pages-browser)/./lib/chat-transport.ts:103
[   16661ms] [LOG] [ChatTransport] Received WebSocket response: {"type":"delta","content":"首先","error":null,"message_id":"f0d65498-24f7-4283-8601-76ff99ea0f39","conversation_id":null,"itinerary":null} @ webpack-internal:///(app-pages-browser)/./lib/chat-transport.ts:103
[   16685ms] [LOG] [ChatTransport] Received WebSocket response: {"type":"delta","content":"，","error":null,"message_id":"f0d65498-24f7-4283-8601-76ff99ea0f39","conversation_id":null,"itinerary":null} @ webpack-internal:///(app-pages-browser)/./lib/chat-transport.ts:103
[   16699ms] [LOG] [ChatTransport] Received WebSocket response: {"type":"delta","content":"这是","error":null,"message_id":"f0d65498-24f7-4283-8601-76ff99ea0f39","conversation_id":null,"itinerary":null} @ webpack-internal:///(app-pages-browser)/./lib/chat-transport.ts:103
[   16745ms] [LOG] [ChatTransport] Received WebSocket response: {"type":"delta","content":"北京","error":null,"message_id":"f0d65498-24f7-4283-8601-76ff99ea0f39","conversation_id":null,"itinerary":null} @ webpack-internal:///(app-pages-browser)/./lib/chat-transport.ts:103
[   16815ms] [LOG] [ChatTransport] Received WebSocket response: {"type":"delta","content":"近","error":null,"message_id":"f0d65498-24f7-4283-8601-76ff99ea0f39","conversation_id":null,"itinerary":null} @ webpack-internal:///(app-pages-browser)/./lib/chat-transport.ts:103
[   16837ms] [LOG] [ChatTransport] Received WebSocket response: {"type":"delta","content":"4","error":null,"message_id":"f0d65498-24f7-4283-8601-76ff99ea0f39","conversation_id":null,"itinerary":null} @ webpack-internal:///(app-pages-browser)/./lib/chat-transport.ts:103
[   16881ms] [LOG] [ChatTransport] Received WebSocket response: {"type":"delta","content":"天的","error":null,"message_id":"f0d65498-24f7-4283-8601-76ff99ea0f39","conversation_id":null,"itinerary":null} @ webpack-internal:///(app-pages-browser)/./lib/chat-transport.ts:103
[   16901ms] [LOG] [ChatTransport] Received WebSocket response: {"type":"delta","content":"天气预报","error":null,"message_id":"f0d65498-24f7-4283-8601-76ff99ea0f39","conversation_id":null,"itinerary":null} @ webpack-internal:///(app-pages-browser)/./lib/chat-transport.ts:103
[   16943ms] [LOG] [ChatTransport] Received WebSocket response: {"type":"delta","content":"：\n\n","error":null,"message_id":"f0d65498-24f7-4283-8601-76ff99ea0f39","conversation_id":null,"itinerary":null} @ webpack-internal:///(app-pages-browser)/./lib/chat-transport.ts:103
[   17060ms] [LOG] [ChatTransport] Received WebSocket response: {"type":"delta","content":"```","error":null,"message_id":"f0d65498-24f7-4283-8601-76ff99ea0f39","conversation_id":null,"itinerary":null} @ webpack-internal:///(app-pages-browser)/./lib/chat-transport.ts:103
[   17061ms] [LOG] [ChatTransport] Received WebSocket response: {"type":"delta","content":"json","error":null,"message_id":"f0d65498-24f7-4283-8601-76ff99ea0f39","conversation_id":null,"itinerary":null} @ webpack-internal:///(app-pages-browser)/./lib/chat-transport.ts:103
[   17111ms] [LOG] [ChatTransport] Received WebSocket response: {"type":"delta","content":"\n","error":null,"message_id":"f0d65498-24f7-4283-8601-76ff99ea0f39","conversation_id":null,"itinerary":null} @ webpack-internal:///(app-pages-browser)/./lib/chat-transport.ts:103
[   17140ms] [LOG] [ChatTransport] Received WebSocket response: {"type":"delta","content":"{\n","error":null,"message_id":"f0d65498-24f7-4283-8601-76ff99ea0f39","conversation_id":null,"itinerary":null} @ webpack-internal:///(app-pages-browser)/./lib/chat-transport.ts:103
[   17158ms] [LOG] [ChatTransport] Received WebSocket response: {"type":"delta","content":" ","error":null,"message_id":"f0d65498-24f7-4283-8601-76ff99ea0f39","conversation_id":null,"itinerary":null} @ webpack-internal:///(app-pages-browser)/./lib/chat-transport.ts:103
[   17178ms] [LOG] [ChatTransport] Received WebSocket response: {"type":"delta","content":" \"","error":null,"message_id":"f0d65498-24f7-4283-8601-76ff99ea0f39","conversation_id":null,"itinerary":null} @ webpack-internal:///(app-pages-browser)/./lib/chat-transport.ts:103
[   17208ms] [LOG] [ChatTransport] Received WebSocket response: {"type":"delta","content":"status","error":null,"message_id":"f0d65498-24f7-4283-8601-76ff99ea0f39","conversation_id":null,"itinerary":null} @ webpack-internal:///(app-pages-browser)/./lib/chat-transport.ts:103
[   17230ms] [LOG] [ChatTransport] Received WebSocket response: {"type":"delta","content":"\":","error":null,"message_id":"f0d65498-24f7-4283-8601-76ff99ea0f39","conversation_id":null,"itinerary":null} @ webpack-internal:///(app-pages-browser)/./lib/chat-transport.ts:103
[   17264ms] [LOG] [ChatTransport] Received WebSocket response: {"type":"delta","content":" \"","error":null,"message_id":"f0d65498-24f7-4283-8601-76ff99ea0f39","conversation_id":null,"itinerary":null} @ webpack-internal:///(app-pages-browser)/./lib/chat-transport.ts:103
[   17288ms] [LOG] [ChatTransport] Received WebSocket response: {"type":"delta","content":"1","error":null,"message_id":"f0d65498-24f7-4283-8601-76ff99ea0f39","conversation_id":null,"itinerary":null} @ webpack-internal:///(app-pages-browser)/./lib/chat-transport.ts:103
[   17339ms] [LOG] [ChatTransport] Received WebSocket response: {"type":"delta","content":"\",\n","error":null,"message_id":"f0d65498-24f7-4283-8601-76ff99ea0f39","conversation_id":null,"itinerary":null} @ webpack-internal:///(app-pages-browser)/./lib/chat-transport.ts:103
[   17421ms] [LOG] [ChatTransport] Received WebSocket response: {"type":"delta","content":" ","error":null,"message_id":"f0d65498-24f7-4283-8601-76ff99ea0f39","conversation_id":null,"itinerary":null} @ webpack-internal:///(app-pages-browser)/./lib/chat-transport.ts:103
[   17556ms] [LOG] [ChatTransport] Received WebSocket response: {"type":"delta","content":" \"","error":null,"message_id":"f0d65498-24f7-4283-8601-76ff99ea0f39","conversation_id":null,"itinerary":null} @ webpack-internal:///(app-pages-browser)/./lib/chat-transport.ts:103
[   17557ms] [LOG] [ChatTransport] Received WebSocket response: {"type":"delta","content":"count","error":null,"message_id":"f0d65498-24f7-4283-8601-76ff99ea0f39","conversation_id":null,"itinerary":null} @ webpack-internal:///(app-pages-browser)/./lib/chat-transport.ts:103
[   17585ms] [LOG] [ChatTransport] Received WebSocket response: {"type":"delta","content":"\":","error":null,"message_id":"f0d65498-24f7-4283-8601-76ff99ea0f39","conversation_id":null,"itinerary":null} @ webpack-internal:///(app-pages-browser)/./lib/chat-transport.ts:103
[   17586ms] [LOG] [ChatTransport] Received WebSocket response: {"type":"delta","content":" \"","error":null,"message_id":"f0d65498-24f7-4283-8601-76ff99ea0f39","conversation_id":null,"itinerary":null} @ webpack-internal:///(app-pages-browser)/./lib/chat-transport.ts:103
[   17588ms] [LOG] [ChatTransport] Received WebSocket response: {"type":"delta","content":"1","error":null,"message_id":"f0d65498-24f7-4283-8601-76ff99ea0f39","conversation_id":null,"itinerary":null} @ webpack-internal:///(app-pages-browser)/./lib/chat-transport.ts:103
[   17588ms] [LOG] [ChatTransport] Received WebSocket response: {"type":"delta","content":"\",\n","error":null,"message_id":"f0d65498-24f7-4283-8601-76ff99ea0f39","conversation_id":null,"itinerary":null} @ webpack-internal:///(app-pages-browser)/./lib/chat-transport.ts:103
[   17618ms] [LOG] [ChatTransport] Received WebSocket response: {"type":"delta","content":" ","error":null,"message_id":"f0d65498-24f7-4283-8601-76ff99ea0f39","conversation_id":null,"itinerary":null} @ webpack-internal:///(app-pages-browser)/./lib/chat-transport.ts:103
[   17618ms] [LOG] [ChatTransport] Received WebSocket response: {"type":"delta","content":" \"","error":null,"message_id":"f0d65498-24f7-4283-8601-76ff99ea0f39","conversation_id":null,"itinerary":null} @ webpack-internal:///(app-pages-browser)/./lib/chat-transport.ts:103
[   17702ms] [LOG] [ChatTransport] Received WebSocket response: {"type":"delta","content":"info","error":null,"message_id":"f0d65498-24f7-4283-8601-76ff99ea0f39","conversation_id":null,"itinerary":null} @ webpack-internal:///(app-pages-browser)/./lib/chat-transport.ts:103
[   17723ms] [LOG] [ChatTransport] Received WebSocket response: {"type":"delta","content":"\":","error":null,"message_id":"f0d65498-24f7-4283-8601-76ff99ea0f39","conversation_id":null,"itinerary":null} @ webpack-internal:///(app-pages-browser)/./lib/chat-transport.ts:103
[   17744ms] [LOG] [ChatTransport] Received WebSocket response: {"type":"delta","content":" \"","error":null,"message_id":"f0d65498-24f7-4283-8601-76ff99ea0f39","conversation_id":null,"itinerary":null} @ webpack-internal:///(app-pages-browser)/./lib/chat-transport.ts:103
[   17745ms] [LOG] [ChatTransport] Received WebSocket response: {"type":"delta","content":"OK","error":null,"message_id":"f0d65498-24f7-4283-8601-76ff99ea0f39","conversation_id":null,"itinerary":null} @ webpack-internal:///(app-pages-browser)/./lib/chat-transport.ts:103
[   17783ms] [LOG] [ChatTransport] Received WebSocket response: {"type":"delta","content":"\",\n","error":null,"message_id":"f0d65498-24f7-4283-8601-76ff99ea0f39","conversation_id":null,"itinerary":null} @ webpack-internal:///(app-pages-browser)/./lib/chat-transport.ts:103
[   17802ms] [LOG] [ChatTransport] Received WebSocket response: {"type":"delta","content":" ","error":null,"message_id":"f0d65498-24f7-4283-8601-76ff99ea0f39","conversation_id":null,"itinerary":null} @ webpack-internal:///(app-pages-browser)/./lib/chat-transport.ts:103
[   17866ms] [LOG] [ChatTransport] Received WebSocket response: {"type":"delta","content":" \"","error":null,"message_id":"f0d65498-24f7-4283-8601-76ff99ea0f39","conversation_id":null,"itinerary":null} @ webpack-internal:///(app-pages-browser)/./lib/chat-transport.ts:103
[   17890ms] [LOG] [ChatTransport] Received WebSocket response: {"type":"delta","content":"inf","error":null,"message_id":"f0d65498-24f7-4283-8601-76ff99ea0f39","conversation_id":null,"itinerary":null} @ webpack-internal:///(app-pages-browser)/./lib/chat-transport.ts:103
[   17909ms] [LOG] [ChatTransport] Received WebSocket response: {"type":"delta","content":"ocode","error":null,"message_id":"f0d65498-24f7-4283-8601-76ff99ea0f39","conversation_id":null,"itinerary":null} @ webpack-internal:///(app-pages-browser)/./lib/chat-transport.ts:103
[   17927ms] [LOG] [ChatTransport] Received WebSocket response: {"type":"delta","content":"\":","error":null,"message_id":"f0d65498-24f7-4283-8601-76ff99ea0f39","conversation_id":null,"itinerary":null} @ webpack-internal:///(app-pages-browser)/./lib/chat-transport.ts:103
[   17963ms] [LOG] [ChatTransport] Received WebSocket response: {"type":"delta","content":" \"","error":null,"message_id":"f0d65498-24f7-4283-8601-76ff99ea0f39","conversation_id":null,"itinerary":null} @ webpack-internal:///(app-pages-browser)/./lib/chat-transport.ts:103
[   17984ms] [LOG] [ChatTransport] Received WebSocket response: {"type":"delta","content":"100","error":null,"message_id":"f0d65498-24f7-4283-8601-76ff99ea0f39","conversation_id":null,"itinerary":null} @ webpack-internal:///(app-pages-browser)/./lib/chat-transport.ts:103
[   18018ms] [LOG] [ChatTransport] Received WebSocket response: {"type":"delta","content":"00","error":null,"message_id":"f0d65498-24f7-4283-8601-76ff99ea0f39","conversation_id":null,"itinerary":null} @ webpack-internal:///(app-pages-browser)/./lib/chat-transport.ts:103
[   18036ms] [LOG] [ChatTransport] Received WebSocket response: {"type":"delta","content":"\",\n","error":null,"message_id":"f0d65498-24f7-4283-8601-76ff99ea0f39","conversation_id":null,"itinerary":null} @ webpack-internal:///(app-pages-browser)/./lib/chat-transport.ts:103
[   18089ms] [LOG] [ChatTransport] Received WebSocket response: {"type":"delta","content":" ","error":null,"message_id":"f0d65498-24f7-4283-8601-76ff99ea0f39","conversation_id":null,"itinerary":null} @ webpack-internal:///(app-pages-browser)/./lib/chat-transport.ts:103
[   18109ms] [LOG] [ChatTransport] Received WebSocket response: {"type":"delta","content":" \"","error":null,"message_id":"f0d65498-24f7-4283-8601-76ff99ea0f39","conversation_id":null,"itinerary":null} @ webpack-internal:///(app-pages-browser)/./lib/chat-transport.ts:103
[   18160ms] [LOG] [ChatTransport] Received WebSocket response: {"type":"delta","content":"fore","error":null,"message_id":"f0d65498-24f7-4283-8601-76ff99ea0f39","conversation_id":null,"itinerary":null} @ webpack-internal:///(app-pages-browser)/./lib/chat-transport.ts:103
[   18183ms] [LOG] [ChatTransport] Received WebSocket response: {"type":"delta","content":"casts","error":null,"message_id":"f0d65498-24f7-4283-8601-76ff99ea0f39","conversation_id":null,"itinerary":null} @ webpack-internal:///(app-pages-browser)/./lib/chat-transport.ts:103
[   18215ms] [LOG] [ChatTransport] Received WebSocket response: {"type":"delta","content":"\":","error":null,"message_id":"f0d65498-24f7-4283-8601-76ff99ea0f39","conversation_id":null,"itinerary":null} @ webpack-internal:///(app-pages-browser)/./lib/chat-transport.ts:103
[   18236ms] [LOG] [ChatTransport] Received WebSocket response: {"type":"delta","content":" [\n","error":null,"message_id":"f0d65498-24f7-4283-8601-76ff99ea0f39","conversation_id":null,"itinerary":null} @ webpack-internal:///(app-pages-browser)/./lib/chat-transport.ts:103
[   18298ms] [LOG] [ChatTransport] Received WebSocket response: {"type":"delta","content":"   ","error":null,"message_id":"f0d65498-24f7-4283-8601-76ff99ea0f39","conversation_id":null,"itinerary":null} @ webpack-internal:///(app-pages-browser)/./lib/chat-transport.ts:103
[   18320ms] [LOG] [ChatTransport] Received WebSocket response: {"type":"delta","content":" {\n","error":null,"message_id":"f0d65498-24f7-4283-8601-76ff99ea0f39","conversation_id":null,"itinerary":null} @ webpack-internal:///(app-pages-browser)/./lib/chat-transport.ts:103
[   18515ms] [LOG] [ChatTransport] Received WebSocket response: {"type":"delta","content":"     ","error":null,"message_id":"f0d65498-24f7-4283-8601-76ff99ea0f39","conversation_id":null,"itinerary":null} @ webpack-internal:///(app-pages-browser)/./lib/chat-transport.ts:103
[   18539ms] [LOG] [ChatTransport] Received WebSocket response: {"type":"delta","content":" \"","error":null,"message_id":"f0d65498-24f7-4283-8601-76ff99ea0f39","conversation_id":null,"itinerary":null} @ webpack-internal:///(app-pages-browser)/./lib/chat-transport.ts:103
[   18539ms] [LOG] [ChatTransport] Received WebSocket response: {"type":"delta","content":"city","error":null,"message_id":"f0d65498-24f7-4283-8601-76ff99ea0f39","conversation_id":null,"itinerary":null} @ webpack-internal:///(app-pages-browser)/./lib/chat-transport.ts:103
[   18539ms] [LOG] [ChatTransport] Received WebSocket response: {"type":"delta","content":"\":","error":null,"message_id":"f0d65498-24f7-4283-8601-76ff99ea0f39","conversation_id":null,"itinerary":null} @ webpack-internal:///(app-pages-browser)/./lib/chat-transport.ts:103
[   18540ms] [LOG] [ChatTransport] Received WebSocket response: {"type":"delta","content":" \"","error":null,"message_id":"f0d65498-24f7-4283-8601-76ff99ea0f39","conversation_id":null,"itinerary":null} @ webpack-internal:///(app-pages-browser)/./lib/chat-transport.ts:103
[   18540ms] [LOG] [ChatTransport] Received WebSocket response: {"type":"delta","content":"北京市","error":null,"message_id":"f0d65498-24f7-4283-8601-76ff99ea0f39","conversation_id":null,"itinerary":null} @ webpack-internal:///(app-pages-browser)/./lib/chat-transport.ts:103
[   18559ms] [LOG] [ChatTransport] Received WebSocket response: {"type":"delta","content":"\",\n","error":null,"message_id":"f0d65498-24f7-4283-8601-76ff99ea0f39","conversation_id":null,"itinerary":null} @ webpack-internal:///(app-pages-browser)/./lib/chat-transport.ts:103
[   18559ms] [LOG] [ChatTransport] Received WebSocket response: {"type":"delta","content":"     ","error":null,"message_id":"f0d65498-24f7-4283-8601-76ff99ea0f39","conversation_id":null,"itinerary":null} @ webpack-internal:///(app-pages-browser)/./lib/chat-transport.ts:103
[   18603ms] [LOG] [ChatTransport] Received WebSocket response: {"type":"delta","content":" \"","error":null,"message_id":"f0d65498-24f7-4283-8601-76ff99ea0f39","conversation_id":null,"itinerary":null} @ webpack-internal:///(app-pages-browser)/./lib/chat-transport.ts:103
[   18626ms] [LOG] [ChatTransport] Received WebSocket response: {"type":"delta","content":"ad","error":null,"message_id":"f0d65498-24f7-4283-8601-76ff99ea0f39","conversation_id":null,"itinerary":null} @ webpack-internal:///(app-pages-browser)/./lib/chat-transport.ts:103
[   18680ms] [LOG] [ChatTransport] Received WebSocket response: {"type":"delta","content":"code","error":null,"message_id":"f0d65498-24f7-4283-8601-76ff99ea0f39","conversation_id":null,"itinerary":null} @ webpack-internal:///(app-pages-browser)/./lib/chat-transport.ts:103
[   18707ms] [LOG] [ChatTransport] Received WebSocket response: {"type":"delta","content":"\":","error":null,"message_id":"f0d65498-24f7-4283-8601-76ff99ea0f39","conversation_id":null,"itinerary":null} @ webpack-internal:///(app-pages-browser)/./lib/chat-transport.ts:103
[   18768ms] [LOG] [ChatTransport] Received WebSocket response: {"type":"delta","content":" \"","error":null,"message_id":"f0d65498-24f7-4283-8601-76ff99ea0f39","conversation_id":null,"itinerary":null} @ webpack-internal:///(app-pages-browser)/./lib/chat-transport.ts:103
[   18791ms] [LOG] [ChatTransport] Received WebSocket response: {"type":"delta","content":"110","error":null,"message_id":"f0d65498-24f7-4283-8601-76ff99ea0f39","conversation_id":null,"itinerary":null} @ webpack-internal:///(app-pages-browser)/./lib/chat-transport.ts:103
[   18816ms] [LOG] [ChatTransport] Received WebSocket response: {"type":"delta","content":"000","error":null,"message_id":"f0d65498-24f7-4283-8601-76ff99ea0f39","conversation_id":null,"itinerary":null} @ webpack-internal:///(app-pages-browser)/./lib/chat-transport.ts:103
[   18817ms] [LOG] [ChatTransport] Received WebSocket response: {"type":"delta","content":"\",\n","error":null,"message_id":"f0d65498-24f7-4283-8601-76ff99ea0f39","conversation_id":null,"itinerary":null} @ webpack-internal:///(app-pages-browser)/./lib/chat-transport.ts:103
[   18873ms] [LOG] [ChatTransport] Received WebSocket response: {"type":"delta","content":"     ","error":null,"message_id":"f0d65498-24f7-4283-8601-76ff99ea0f39","conversation_id":null,"itinerary":null} @ webpack-internal:///(app-pages-browser)/./lib/chat-transport.ts:103
[   18893ms] [LOG] [ChatTransport] Received WebSocket response: {"type":"delta","content":" \"","error":null,"message_id":"f0d65498-24f7-4283-8601-76ff99ea0f39","conversation_id":null,"itinerary":null} @ webpack-internal:///(app-pages-browser)/./lib/chat-transport.ts:103
[   18923ms] [LOG] [ChatTransport] Received WebSocket response: {"type":"delta","content":"prov","error":null,"message_id":"f0d65498-24f7-4283-8601-76ff99ea0f39","conversation_id":null,"itinerary":null} @ webpack-internal:///(app-pages-browser)/./lib/chat-transport.ts:103
[   18944ms] [LOG] [ChatTransport] Received WebSocket response: {"type":"delta","content":"ince","error":null,"message_id":"f0d65498-24f7-4283-8601-76ff99ea0f39","conversation_id":null,"itinerary":null} @ webpack-internal:///(app-pages-browser)/./lib/chat-transport.ts:103
[   19139ms] [LOG] [ChatTransport] Received WebSocket response: {"type":"delta","content":"\":","error":null,"message_id":"f0d65498-24f7-4283-8601-76ff99ea0f39","conversation_id":null,"itinerary":null} @ webpack-internal:///(app-pages-browser)/./lib/chat-transport.ts:103
[   19158ms] [LOG] [ChatTransport] Received WebSocket response: {"type":"delta","content":" \"","error":null,"message_id":"f0d65498-24f7-4283-8601-76ff99ea0f39","conversation_id":null,"itinerary":null} @ webpack-internal:///(app-pages-browser)/./lib/chat-transport.ts:103
[   19160ms] [LOG] [ChatTransport] Received WebSocket response: {"type":"delta","content":"北京","error":null,"message_id":"f0d65498-24f7-4283-8601-76ff99ea0f39","conversation_id":null,"itinerary":null} @ webpack-internal:///(app-pages-browser)/./lib/chat-transport.ts:103
[   19160ms] [LOG] [ChatTransport] Received WebSocket response: {"type":"delta","content":"\",\n","error":null,"message_id":"f0d65498-24f7-4283-8601-76ff99ea0f39","conversation_id":null,"itinerary":null} @ webpack-internal:///(app-pages-browser)/./lib/chat-transport.ts:103
[   19161ms] [LOG] [ChatTransport] Received WebSocket response: {"type":"delta","content":"     ","error":null,"message_id":"f0d65498-24f7-4283-8601-76ff99ea0f39","conversation_id":null,"itinerary":null} @ webpack-internal:///(app-pages-browser)/./lib/chat-transport.ts:103
[   19161ms] [LOG] [ChatTransport] Received WebSocket response: {"type":"delta","content":" \"","error":null,"message_id":"f0d65498-24f7-4283-8601-76ff99ea0f39","conversation_id":null,"itinerary":null} @ webpack-internal:///(app-pages-browser)/./lib/chat-transport.ts:103
[   19197ms] [LOG] [ChatTransport] Received WebSocket response: {"type":"delta","content":"report","error":null,"message_id":"f0d65498-24f7-4283-8601-76ff99ea0f39","conversation_id":null,"itinerary":null} @ webpack-internal:///(app-pages-browser)/./lib/chat-transport.ts:103
[   19222ms] [LOG] [ChatTransport] Received WebSocket response: {"type":"delta","content":"time","error":null,"message_id":"f0d65498-24f7-4283-8601-76ff99ea0f39","conversation_id":null,"itinerary":null} @ webpack-internal:///(app-pages-browser)/./lib/chat-transport.ts:103
[   19245ms] [LOG] [ChatTransport] Received WebSocket response: {"type":"delta","content":"\":","error":null,"message_id":"f0d65498-24f7-4283-8601-76ff99ea0f39","conversation_id":null,"itinerary":null} @ webpack-internal:///(app-pages-browser)/./lib/chat-transport.ts:103
[   19265ms] [LOG] [ChatTransport] Received WebSocket response: {"type":"delta","content":" \"","error":null,"message_id":"f0d65498-24f7-4283-8601-76ff99ea0f39","conversation_id":null,"itinerary":null} @ webpack-internal:///(app-pages-browser)/./lib/chat-transport.ts:103
[   19319ms] [LOG] [ChatTransport] Received WebSocket response: {"type":"delta","content":"202","error":null,"message_id":"f0d65498-24f7-4283-8601-76ff99ea0f39","conversation_id":null,"itinerary":null} @ webpack-internal:///(app-pages-browser)/./lib/chat-transport.ts:103
[   19339ms] [LOG] [ChatTransport] Received WebSocket response: {"type":"delta","content":"4","error":null,"message_id":"f0d65498-24f7-4283-8601-76ff99ea0f39","conversation_id":null,"itinerary":null} @ webpack-internal:///(app-pages-browser)/./lib/chat-transport.ts:103
[   19397ms] [LOG] [ChatTransport] Received WebSocket response: {"type":"delta","content":"-","error":null,"message_id":"f0d65498-24f7-4283-8601-76ff99ea0f39","conversation_id":null,"itinerary":null} @ webpack-internal:///(app-pages-browser)/./lib/chat-transport.ts:103
[   19418ms] [LOG] [ChatTransport] Received WebSocket response: {"type":"delta","content":"12","error":null,"message_id":"f0d65498-24f7-4283-8601-76ff99ea0f39","conversation_id":null,"itinerary":null} @ webpack-internal:///(app-pages-browser)/./lib/chat-transport.ts:103
[   19440ms] [LOG] [ChatTransport] Received WebSocket response: {"type":"delta","content":"-","error":null,"message_id":"f0d65498-24f7-4283-8601-76ff99ea0f39","conversation_id":null,"itinerary":null} @ webpack-internal:///(app-pages-browser)/./lib/chat-transport.ts:103
[   19464ms] [LOG] [ChatTransport] Received WebSocket response: {"type":"delta","content":"04","error":null,"message_id":"f0d65498-24f7-4283-8601-76ff99ea0f39","conversation_id":null,"itinerary":null} @ webpack-internal:///(app-pages-browser)/./lib/chat-transport.ts:103
[   19529ms] [LOG] [ChatTransport] Received WebSocket response: {"type":"delta","content":" ","error":null,"message_id":"f0d65498-24f7-4283-8601-76ff99ea0f39","conversation_id":null,"itinerary":null} @ webpack-internal:///(app-pages-browser)/./lib/chat-transport.ts:103
[   19550ms] [LOG] [ChatTransport] Received WebSocket response: {"type":"delta","content":"16","error":null,"message_id":"f0d65498-24f7-4283-8601-76ff99ea0f39","conversation_id":null,"itinerary":null} @ webpack-internal:///(app-pages-browser)/./lib/chat-transport.ts:103
[   19578ms] [LOG] [ChatTransport] Received WebSocket response: {"type":"delta","content":":","error":null,"message_id":"f0d65498-24f7-4283-8601-76ff99ea0f39","conversation_id":null,"itinerary":null} @ webpack-internal:///(app-pages-browser)/./lib/chat-transport.ts:103
[   19600ms] [LOG] [ChatTransport] Received WebSocket response: {"type":"delta","content":"00","error":null,"message_id":"f0d65498-24f7-4283-8601-76ff99ea0f39","conversation_id":null,"itinerary":null} @ webpack-internal:///(app-pages-browser)/./lib/chat-transport.ts:103
[   19644ms] [LOG] [ChatTransport] Received WebSocket response: {"type":"delta","content":":","error":null,"message_id":"f0d65498-24f7-4283-8601-76ff99ea0f39","conversation_id":null,"itinerary":null} @ webpack-internal:///(app-pages-browser)/./lib/chat-transport.ts:103
[   19666ms] [LOG] [ChatTransport] Received WebSocket response: {"type":"delta","content":"00","error":null,"message_id":"f0d65498-24f7-4283-8601-76ff99ea0f39","conversation_id":null,"itinerary":null} @ webpack-internal:///(app-pages-browser)/./lib/chat-transport.ts:103
[   19698ms] [LOG] [ChatTransport] Received WebSocket response: {"type":"delta","content":"\",\n","error":null,"message_id":"f0d65498-24f7-4283-8601-76ff99ea0f39","conversation_id":null,"itinerary":null} @ webpack-internal:///(app-pages-browser)/./lib/chat-transport.ts:103
[   19720ms] [LOG] [ChatTransport] Received WebSocket response: {"type":"delta","content":"     ","error":null,"message_id":"f0d65498-24f7-4283-8601-76ff99ea0f39","conversation_id":null,"itinerary":null} @ webpack-internal:///(app-pages-browser)/./lib/chat-transport.ts:103
[   19916ms] [LOG] [ChatTransport] Received WebSocket response: {"type":"delta","content":" \"","error":null,"message_id":"f0d65498-24f7-4283-8601-76ff99ea0f39","conversation_id":null,"itinerary":null} @ webpack-internal:///(app-pages-browser)/./lib/chat-transport.ts:103
[   19941ms] [LOG] [ChatTransport] Received WebSocket response: {"type":"delta","content":"casts","error":null,"message_id":"f0d65498-24f7-4283-8601-76ff99ea0f39","conversation_id":null,"itinerary":null} @ webpack-internal:///(app-pages-browser)/./lib/chat-transport.ts:103
[   19941ms] [LOG] [ChatTransport] Received WebSocket response: {"type":"delta","content":"\":","error":null,"message_id":"f0d65498-24f7-4283-8601-76ff99ea0f39","conversation_id":null,"itinerary":null} @ webpack-internal:///(app-pages-browser)/./lib/chat-transport.ts:103
[   19942ms] [LOG] [ChatTransport] Received WebSocket response: {"type":"delta","content":" [\n","error":null,"message_id":"f0d65498-24f7-4283-8601-76ff99ea0f39","conversation_id":null,"itinerary":null} @ webpack-internal:///(app-pages-browser)/./lib/chat-transport.ts:103
[   19959ms] [LOG] [ChatTransport] Received WebSocket response: {"type":"delta","content":"       ","error":null,"message_id":"f0d65498-24f7-4283-8601-76ff99ea0f39","conversation_id":null,"itinerary":null} @ webpack-internal:///(app-pages-browser)/./lib/chat-transport.ts:103
[   19960ms] [LOG] [ChatTransport] Received WebSocket response: {"type":"delta","content":" {\n","error":null,"message_id":"f0d65498-24f7-4283-8601-76ff99ea0f39","conversation_id":null,"itinerary":null} @ webpack-internal:///(app-pages-browser)/./lib/chat-transport.ts:103
[   19977ms] [LOG] [ChatTransport] Received WebSocket response: {"type":"delta","content":"         ","error":null,"message_id":"f0d65498-24f7-4283-8601-76ff99ea0f39","conversation_id":null,"itinerary":null} @ webpack-internal:///(app-pages-browser)/./lib/chat-transport.ts:103
[   19978ms] [LOG] [ChatTransport] Received WebSocket response: {"type":"delta","content":" \"","error":null,"message_id":"f0d65498-24f7-4283-8601-76ff99ea0f39","conversation_id":null,"itinerary":null} @ webpack-internal:///(app-pages-browser)/./lib/chat-transport.ts:103
[   20017ms] [LOG] [ChatTransport] Received WebSocket response: {"type":"delta","content":"date","error":null,"message_id":"f0d65498-24f7-4283-8601-76ff99ea0f39","conversation_id":null,"itinerary":null} @ webpack-internal:///(app-pages-browser)/./lib/chat-transport.ts:103
[   20034ms] [LOG] [ChatTransport] Received WebSocket response: {"type":"delta","content":"\":","error":null,"message_id":"f0d65498-24f7-4283-8601-76ff99ea0f39","conversation_id":null,"itinerary":null} @ webpack-internal:///(app-pages-browser)/./lib/chat-transport.ts:103
[   20174ms] [LOG] [ChatTransport] Received WebSocket response: {"type":"delta","content":" \"","error":null,"message_id":"f0d65498-24f7-4283-8601-76ff99ea0f39","conversation_id":null,"itinerary":null} @ webpack-internal:///(app-pages-browser)/./lib/chat-transport.ts:103
[   20196ms] [LOG] [ChatTransport] Received WebSocket response: {"type":"delta","content":"202","error":null,"message_id":"f0d65498-24f7-4283-8601-76ff99ea0f39","conversation_id":null,"itinerary":null} @ webpack-internal:///(app-pages-browser)/./lib/chat-transport.ts:103
[   20197ms] [LOG] [ChatTransport] Received WebSocket response: {"type":"delta","content":"4","error":null,"message_id":"f0d65498-24f7-4283-8601-76ff99ea0f39","conversation_id":null,"itinerary":null} @ webpack-internal:///(app-pages-browser)/./lib/chat-transport.ts:103
[   20197ms] [LOG] [ChatTransport] Received WebSocket response: {"type":"delta","content":"-","error":null,"message_id":"f0d65498-24f7-4283-8601-76ff99ea0f39","conversation_id":null,"itinerary":null} @ webpack-internal:///(app-pages-browser)/./lib/chat-transport.ts:103
[   20219ms] [LOG] [ChatTransport] Received WebSocket response: {"type":"delta","content":"12","error":null,"message_id":"f0d65498-24f7-4283-8601-76ff99ea0f39","conversation_id":null,"itinerary":null} @ webpack-internal:///(app-pages-browser)/./lib/chat-transport.ts:103
[   20240ms] [LOG] [ChatTransport] Received WebSocket response: {"type":"delta","content":"-","error":null,"message_id":"f0d65498-24f7-4283-8601-76ff99ea0f39","conversation_id":null,"itinerary":null} @ webpack-internal:///(app-pages-browser)/./lib/chat-transport.ts:103
[   20302ms] [LOG] [ChatTransport] Received WebSocket response: {"type":"delta","content":"04","error":null,"message_id":"f0d65498-24f7-4283-8601-76ff99ea0f39","conversation_id":null,"itinerary":null} @ webpack-internal:///(app-pages-browser)/./lib/chat-transport.ts:103
[   20333ms] [LOG] [ChatTransport] Received WebSocket response: {"type":"delta","content":"\",\n","error":null,"message_id":"f0d65498-24f7-4283-8601-76ff99ea0f39","conversation_id":null,"itinerary":null} @ webpack-internal:///(app-pages-browser)/./lib/chat-transport.ts:103
[   20418ms] [LOG] [ChatTransport] Received WebSocket response: {"type":"delta","content":"         ","error":null,"message_id":"f0d65498-24f7-4283-8601-76ff99ea0f39","conversation_id":null,"itinerary":null} @ webpack-internal:///(app-pages-browser)/./lib/chat-transport.ts:103
[   20437ms] [LOG] [ChatTransport] Received WebSocket response: {"type":"delta","content":" \"","error":null,"message_id":"f0d65498-24f7-4283-8601-76ff99ea0f39","conversation_id":null,"itinerary":null} @ webpack-internal:///(app-pages-browser)/./lib/chat-transport.ts:103
[   20479ms] [LOG] [ChatTransport] Received WebSocket response: {"type":"delta","content":"week","error":null,"message_id":"f0d65498-24f7-4283-8601-76ff99ea0f39","conversation_id":null,"itinerary":null} @ webpack-internal:///(app-pages-browser)/./lib/chat-transport.ts:103
[   20499ms] [LOG] [ChatTransport] Received WebSocket response: {"type":"delta","content":"\":","error":null,"message_id":"f0d65498-24f7-4283-8601-76ff99ea0f39","conversation_id":null,"itinerary":null} @ webpack-internal:///(app-pages-browser)/./lib/chat-transport.ts:103
[   20533ms] [LOG] [ChatTransport] Received WebSocket response: {"type":"delta","content":" \"","error":null,"message_id":"f0d65498-24f7-4283-8601-76ff99ea0f39","conversation_id":null,"itinerary":null} @ webpack-internal:///(app-pages-browser)/./lib/chat-transport.ts:103
[   20554ms] [LOG] [ChatTransport] Received WebSocket response: {"type":"delta","content":"3","error":null,"message_id":"f0d65498-24f7-4283-8601-76ff99ea0f39","conversation_id":null,"itinerary":null} @ webpack-internal:///(app-pages-browser)/./lib/chat-transport.ts:103
[   20574ms] [LOG] [ChatTransport] Received WebSocket response: {"type":"delta","content":"\",\n","error":null,"message_id":"f0d65498-24f7-4283-8601-76ff99ea0f39","conversation_id":null,"itinerary":null} @ webpack-internal:///(app-pages-browser)/./lib/chat-transport.ts:103
[   20577ms] [LOG] [ChatTransport] Received WebSocket response: {"type":"delta","content":"         ","error":null,"message_id":"f0d65498-24f7-4283-8601-76ff99ea0f39","conversation_id":null,"itinerary":null} @ webpack-internal:///(app-pages-browser)/./lib/chat-transport.ts:103
[   20620ms] [LOG] [ChatTransport] Received WebSocket response: {"type":"delta","content":" \"","error":null,"message_id":"f0d65498-24f7-4283-8601-76ff99ea0f39","conversation_id":null,"itinerary":null} @ webpack-internal:///(app-pages-browser)/./lib/chat-transport.ts:103
[   20643ms] [LOG] [ChatTransport] Received WebSocket response: {"type":"delta","content":"day","error":null,"message_id":"f0d65498-24f7-4283-8601-76ff99ea0f39","conversation_id":null,"itinerary":null} @ webpack-internal:///(app-pages-browser)/./lib/chat-transport.ts:103
[   20770ms] [LOG] [ChatTransport] Received WebSocket response: {"type":"delta","content":"weather","error":null,"message_id":"f0d65498-24f7-4283-8601-76ff99ea0f39","conversation_id":null,"itinerary":null} @ webpack-internal:///(app-pages-browser)/./lib/chat-transport.ts:103
[   20795ms] [LOG] [ChatTransport] Received WebSocket response: {"type":"delta","content":"\":","error":null,"message_id":"f0d65498-24f7-4283-8601-76ff99ea0f39","conversation_id":null,"itinerary":null} @ webpack-internal:///(app-pages-browser)/./lib/chat-transport.ts:103
[   20818ms] [LOG] [ChatTransport] Received WebSocket response: {"type":"delta","content":" \"","error":null,"message_id":"f0d65498-24f7-4283-8601-76ff99ea0f39","conversation_id":null,"itinerary":null} @ webpack-internal:///(app-pages-browser)/./lib/chat-transport.ts:103
[   20819ms] [LOG] [ChatTransport] Received WebSocket response: {"type":"delta","content":"晴","error":null,"message_id":"f0d65498-24f7-4283-8601-76ff99ea0f39","conversation_id":null,"itinerary":null} @ webpack-internal:///(app-pages-browser)/./lib/chat-transport.ts:103
[   20846ms] [LOG] [ChatTransport] Received WebSocket response: {"type":"delta","content":"\",\n","error":null,"message_id":"f0d65498-24f7-4283-8601-76ff99ea0f39","conversation_id":null,"itinerary":null} @ webpack-internal:///(app-pages-browser)/./lib/chat-transport.ts:103
[   20869ms] [LOG] [ChatTransport] Received WebSocket response: {"type":"delta","content":"         ","error":null,"message_id":"f0d65498-24f7-4283-8601-76ff99ea0f39","conversation_id":null,"itinerary":null} @ webpack-internal:///(app-pages-browser)/./lib/chat-transport.ts:103
[   20913ms] [LOG] [ChatTransport] Received WebSocket response: {"type":"delta","content":" \"","error":null,"message_id":"f0d65498-24f7-4283-8601-76ff99ea0f39","conversation_id":null,"itinerary":null} @ webpack-internal:///(app-pages-browser)/./lib/chat-transport.ts:103
[   20932ms] [LOG] [ChatTransport] Received WebSocket response: {"type":"delta","content":"night","error":null,"message_id":"f0d65498-24f7-4283-8601-76ff99ea0f39","conversation_id":null,"itinerary":null} @ webpack-internal:///(app-pages-browser)/./lib/chat-transport.ts:103
[   20951ms] [LOG] [ChatTransport] Received WebSocket response: {"type":"delta","content":"weather","error":null,"message_id":"f0d65498-24f7-4283-8601-76ff99ea0f39","conversation_id":null,"itinerary":null} @ webpack-internal:///(app-pages-browser)/./lib/chat-transport.ts:103
[   20968ms] [LOG] [ChatTransport] Received WebSocket response: {"type":"delta","content":"\":","error":null,"message_id":"f0d65498-24f7-4283-8601-76ff99ea0f39","conversation_id":null,"itinerary":null} @ webpack-internal:///(app-pages-browser)/./lib/chat-transport.ts:103
[   21022ms] [LOG] [ChatTransport] Received WebSocket response: {"type":"delta","content":" \"","error":null,"message_id":"f0d65498-24f7-4283-8601-76ff99ea0f39","conversation_id":null,"itinerary":null} @ webpack-internal:///(app-pages-browser)/./lib/chat-transport.ts:103
[   21044ms] [LOG] [ChatTransport] Received WebSocket response: {"type":"delta","content":"晴","error":null,"message_id":"f0d65498-24f7-4283-8601-76ff99ea0f39","conversation_id":null,"itinerary":null} @ webpack-internal:///(app-pages-browser)/./lib/chat-transport.ts:103
[   21089ms] [LOG] [ChatTransport] Received WebSocket response: {"type":"delta","content":"\",\n","error":null,"message_id":"f0d65498-24f7-4283-8601-76ff99ea0f39","conversation_id":null,"itinerary":null} @ webpack-internal:///(app-pages-browser)/./lib/chat-transport.ts:103
[   21110ms] [LOG] [ChatTransport] Received WebSocket response: {"type":"delta","content":"         ","error":null,"message_id":"f0d65498-24f7-4283-8601-76ff99ea0f39","conversation_id":null,"itinerary":null} @ webpack-internal:///(app-pages-browser)/./lib/chat-transport.ts:103
[   21188ms] [LOG] [ChatTransport] Received WebSocket response: {"type":"delta","content":" \"","error":null,"message_id":"f0d65498-24f7-4283-8601-76ff99ea0f39","conversation_id":null,"itinerary":null} @ webpack-internal:///(app-pages-browser)/./lib/chat-transport.ts:103
[   21321ms] [LOG] [ChatTransport] Received WebSocket response: {"type":"delta","content":"day","error":null,"message_id":"f0d65498-24f7-4283-8601-76ff99ea0f39","conversation_id":null,"itinerary":null} @ webpack-internal:///(app-pages-browser)/./lib/chat-transport.ts:103
[   21339ms] [LOG] [ChatTransport] Received WebSocket response: {"type":"delta","content":"temp","error":null,"message_id":"f0d65498-24f7-4283-8601-76ff99ea0f39","conversation_id":null,"itinerary":null} @ webpack-internal:///(app-pages-browser)/./lib/chat-transport.ts:103
[   21340ms] [LOG] [ChatTransport] Received WebSocket response: {"type":"delta","content":"\":","error":null,"message_id":"f0d65498-24f7-4283-8601-76ff99ea0f39","conversation_id":null,"itinerary":null} @ webpack-internal:///(app-pages-browser)/./lib/chat-transport.ts:103
[   21340ms] [LOG] [ChatTransport] Received WebSocket response: {"type":"delta","content":" \"","error":null,"message_id":"f0d65498-24f7-4283-8601-76ff99ea0f39","conversation_id":null,"itinerary":null} @ webpack-internal:///(app-pages-browser)/./lib/chat-transport.ts:103
[   21340ms] [LOG] [ChatTransport] Received WebSocket response: {"type":"delta","content":"9","error":null,"message_id":"f0d65498-24f7-4283-8601-76ff99ea0f39","conversation_id":null,"itinerary":null} @ webpack-internal:///(app-pages-browser)/./lib/chat-transport.ts:103
[   21371ms] [LOG] [ChatTransport] Received WebSocket response: {"type":"delta","content":"\",\n","error":null,"message_id":"f0d65498-24f7-4283-8601-76ff99ea0f39","conversation_id":null,"itinerary":null} @ webpack-internal:///(app-pages-browser)/./lib/chat-transport.ts:103
[   21387ms] [LOG] [ChatTransport] Received WebSocket response: {"type":"delta","content":"         ","error":null,"message_id":"f0d65498-24f7-4283-8601-76ff99ea0f39","conversation_id":null,"itinerary":null} @ webpack-internal:///(app-pages-browser)/./lib/chat-transport.ts:103
[   21387ms] [LOG] [ChatTransport] Received WebSocket response: {"type":"delta","content":" \"","error":null,"message_id":"f0d65498-24f7-4283-8601-76ff99ea0f39","conversation_id":null,"itinerary":null} @ webpack-internal:///(app-pages-browser)/./lib/chat-transport.ts:103
[   21415ms] [LOG] [ChatTransport] Received WebSocket response: {"type":"delta","content":"night","error":null,"message_id":"f0d65498-24f7-4283-8601-76ff99ea0f39","conversation_id":null,"itinerary":null} @ webpack-internal:///(app-pages-browser)/./lib/chat-transport.ts:103
[   21438ms] [LOG] [ChatTransport] Received WebSocket response: {"type":"delta","content":"temp","error":null,"message_id":"f0d65498-24f7-4283-8601-76ff99ea0f39","conversation_id":null,"itinerary":null} @ webpack-internal:///(app-pages-browser)/./lib/chat-transport.ts:103
[   21458ms] [LOG] [ChatTransport] Received WebSocket response: {"type":"delta","content":"\":","error":null,"message_id":"f0d65498-24f7-4283-8601-76ff99ea0f39","conversation_id":null,"itinerary":null} @ webpack-internal:///(app-pages-browser)/./lib/chat-transport.ts:103
[   21503ms] [LOG] [ChatTransport] Received WebSocket response: {"type":"delta","content":" \"-","error":null,"message_id":"f0d65498-24f7-4283-8601-76ff99ea0f39","conversation_id":null,"itinerary":null} @ webpack-internal:///(app-pages-browser)/./lib/chat-transport.ts:103
[   21525ms] [LOG] [ChatTransport] Received WebSocket response: {"type":"delta","content":"4","error":null,"message_id":"f0d65498-24f7-4283-8601-76ff99ea0f39","conversation_id":null,"itinerary":null} @ webpack-internal:///(app-pages-browser)/./lib/chat-transport.ts:103
[   21565ms] [LOG] [ChatTransport] Received WebSocket response: {"type":"delta","content":"\",\n","error":null,"message_id":"f0d65498-24f7-4283-8601-76ff99ea0f39","conversation_id":null,"itinerary":null} @ webpack-internal:///(app-pages-browser)/./lib/chat-transport.ts:103
[   21587ms] [LOG] [ChatTransport] Received WebSocket response: {"type":"delta","content":"         ","error":null,"message_id":"f0d65498-24f7-4283-8601-76ff99ea0f39","conversation_id":null,"itinerary":null} @ webpack-internal:///(app-pages-browser)/./lib/chat-transport.ts:103
[   21627ms] [LOG] [ChatTransport] Received WebSocket response: {"type":"delta","content":" \"","error":null,"message_id":"f0d65498-24f7-4283-8601-76ff99ea0f39","conversation_id":null,"itinerary":null} @ webpack-internal:///(app-pages-browser)/./lib/chat-transport.ts:103
[   21648ms] [LOG] [ChatTransport] Received WebSocket response: {"type":"delta","content":"day","error":null,"message_id":"f0d65498-24f7-4283-8601-76ff99ea0f39","conversation_id":null,"itinerary":null} @ webpack-internal:///(app-pages-browser)/./lib/chat-transport.ts:103
[   21693ms] [LOG] [ChatTransport] Received WebSocket response: {"type":"delta","content":"wind","error":null,"message_id":"f0d65498-24f7-4283-8601-76ff99ea0f39","conversation_id":null,"itinerary":null} @ webpack-internal:///(app-pages-browser)/./lib/chat-transport.ts:103
[   21718ms] [LOG] [ChatTransport] Received WebSocket response: {"type":"delta","content":"\":","error":null,"message_id":"f0d65498-24f7-4283-8601-76ff99ea0f39","conversation_id":null,"itinerary":null} @ webpack-internal:///(app-pages-browser)/./lib/chat-transport.ts:103
[   21754ms] [LOG] [ChatTransport] Received WebSocket response: {"type":"delta","content":" \"","error":null,"message_id":"f0d65498-24f7-4283-8601-76ff99ea0f39","conversation_id":null,"itinerary":null} @ webpack-internal:///(app-pages-browser)/./lib/chat-transport.ts:103
[   21754ms] [LOG] [ChatTransport] Received WebSocket response: {"type":"delta","content":"北","error":null,"message_id":"f0d65498-24f7-4283-8601-76ff99ea0f39","conversation_id":null,"itinerary":null} @ webpack-internal:///(app-pages-browser)/./lib/chat-transport.ts:103
[   21816ms] [LOG] [ChatTransport] Received WebSocket response: {"type":"delta","content":"\",\n","error":null,"message_id":"f0d65498-24f7-4283-8601-76ff99ea0f39","conversation_id":null,"itinerary":null} @ webpack-internal:///(app-pages-browser)/./lib/chat-transport.ts:103
[   21880ms] [LOG] [ChatTransport] Received WebSocket response: {"type":"delta","content":"         ","error":null,"message_id":"f0d65498-24f7-4283-8601-76ff99ea0f39","conversation_id":null,"itinerary":null} @ webpack-internal:///(app-pages-browser)/./lib/chat-transport.ts:103
[   21898ms] [LOG] [ChatTransport] Received WebSocket response: {"type":"delta","content":" \"","error":null,"message_id":"f0d65498-24f7-4283-8601-76ff99ea0f39","conversation_id":null,"itinerary":null} @ webpack-internal:///(app-pages-browser)/./lib/chat-transport.ts:103
[   21951ms] [LOG] [ChatTransport] Received WebSocket response: {"type":"delta","content":"night","error":null,"message_id":"f0d65498-24f7-4283-8601-76ff99ea0f39","conversation_id":null,"itinerary":null} @ webpack-internal:///(app-pages-browser)/./lib/chat-transport.ts:103
[   21972ms] [LOG] [ChatTransport] Received WebSocket response: {"type":"delta","content":"wind","error":null,"message_id":"f0d65498-24f7-4283-8601-76ff99ea0f39","conversation_id":null,"itinerary":null} @ webpack-internal:///(app-pages-browser)/./lib/chat-transport.ts:103
[   22007ms] [LOG] [ChatTransport] Received WebSocket response: {"type":"delta","content":"\":","error":null,"message_id":"f0d65498-24f7-4283-8601-76ff99ea0f39","conversation_id":null,"itinerary":null} @ webpack-internal:///(app-pages-browser)/./lib/chat-transport.ts:103
[   22026ms] [LOG] [ChatTransport] Received WebSocket response: {"type":"delta","content":" \"","error":null,"message_id":"f0d65498-24f7-4283-8601-76ff99ea0f39","conversation_id":null,"itinerary":null} @ webpack-internal:///(app-pages-browser)/./lib/chat-transport.ts:103
[   22080ms] [LOG] [ChatTransport] Received WebSocket response: {"type":"delta","content":"北","error":null,"message_id":"f0d65498-24f7-4283-8601-76ff99ea0f39","conversation_id":null,"itinerary":null} @ webpack-internal:///(app-pages-browser)/./lib/chat-transport.ts:103
[   22101ms] [LOG] [ChatTransport] Received WebSocket response: {"type":"delta","content":"\",\n","error":null,"message_id":"f0d65498-24f7-4283-8601-76ff99ea0f39","conversation_id":null,"itinerary":null} @ webpack-internal:///(app-pages-browser)/./lib/chat-transport.ts:103
[   22328ms] [LOG] [ChatTransport] Received WebSocket response: {"type":"delta","content":"         ","error":null,"message_id":"f0d65498-24f7-4283-8601-76ff99ea0f39","conversation_id":null,"itinerary":null} @ webpack-internal:///(app-pages-browser)/./lib/chat-transport.ts:103
[   22352ms] [LOG] [ChatTransport] Received WebSocket response: {"type":"delta","content":" \"","error":null,"message_id":"f0d65498-24f7-4283-8601-76ff99ea0f39","conversation_id":null,"itinerary":null} @ webpack-internal:///(app-pages-browser)/./lib/chat-transport.ts:103
[   22353ms] [LOG] [ChatTransport] Received WebSocket response: {"type":"delta","content":"day","error":null,"message_id":"f0d65498-24f7-4283-8601-76ff99ea0f39","conversation_id":null,"itinerary":null} @ webpack-internal:///(app-pages-browser)/./lib/chat-transport.ts:103
[   22354ms] [LOG] [ChatTransport] Received WebSocket response: {"type":"delta","content":"power","error":null,"message_id":"f0d65498-24f7-4283-8601-76ff99ea0f39","conversation_id":null,"itinerary":null} @ webpack-internal:///(app-pages-browser)/./lib/chat-transport.ts:103
[   22377ms] [LOG] [ChatTransport] Received WebSocket response: {"type":"delta","content":"\":","error":null,"message_id":"f0d65498-24f7-4283-8601-76ff99ea0f39","conversation_id":null,"itinerary":null} @ webpack-internal:///(app-pages-browser)/./lib/chat-transport.ts:103
[   22378ms] [LOG] [ChatTransport] Received WebSocket response: {"type":"delta","content":" \"","error":null,"message_id":"f0d65498-24f7-4283-8601-76ff99ea0f39","conversation_id":null,"itinerary":null} @ webpack-internal:///(app-pages-browser)/./lib/chat-transport.ts:103
[   22379ms] [LOG] [ChatTransport] Received WebSocket response: {"type":"delta","content":"≤","error":null,"message_id":"f0d65498-24f7-4283-8601-76ff99ea0f39","conversation_id":null,"itinerary":null} @ webpack-internal:///(app-pages-browser)/./lib/chat-transport.ts:103
[   22380ms] [LOG] [ChatTransport] Received WebSocket response: {"type":"delta","content":"3","error":null,"message_id":"f0d65498-24f7-4283-8601-76ff99ea0f39","conversation_id":null,"itinerary":null} @ webpack-internal:///(app-pages-browser)/./lib/chat-transport.ts:103
[   22399ms] [LOG] [ChatTransport] Received WebSocket response: {"type":"delta","content":"\",\n","error":null,"message_id":"f0d65498-24f7-4283-8601-76ff99ea0f39","conversation_id":null,"itinerary":null} @ webpack-internal:///(app-pages-browser)/./lib/chat-transport.ts:103
[   22419ms] [LOG] [ChatTransport] Received WebSocket response: {"type":"delta","content":"         ","error":null,"message_id":"f0d65498-24f7-4283-8601-76ff99ea0f39","conversation_id":null,"itinerary":null} @ webpack-internal:///(app-pages-browser)/./lib/chat-transport.ts:103
[   22457ms] [LOG] [ChatTransport] Received WebSocket response: {"type":"delta","content":" \"","error":null,"message_id":"f0d65498-24f7-4283-8601-76ff99ea0f39","conversation_id":null,"itinerary":null} @ webpack-internal:///(app-pages-browser)/./lib/chat-transport.ts:103
[   22476ms] [LOG] [ChatTransport] Received WebSocket response: {"type":"delta","content":"night","error":null,"message_id":"f0d65498-24f7-4283-8601-76ff99ea0f39","conversation_id":null,"itinerary":null} @ webpack-internal:///(app-pages-browser)/./lib/chat-transport.ts:103
[   22524ms] [LOG] [ChatTransport] Received WebSocket response: {"type":"delta","content":"power","error":null,"message_id":"f0d65498-24f7-4283-8601-76ff99ea0f39","conversation_id":null,"itinerary":null} @ webpack-internal:///(app-pages-browser)/./lib/chat-transport.ts:103
[   22547ms] [LOG] [ChatTransport] Received WebSocket response: {"type":"delta","content":"\":","error":null,"message_id":"f0d65498-24f7-4283-8601-76ff99ea0f39","conversation_id":null,"itinerary":null} @ webpack-internal:///(app-pages-browser)/./lib/chat-transport.ts:103
[   22574ms] [LOG] [ChatTransport] Received WebSocket response: {"type":"delta","content":" \"","error":null,"message_id":"f0d65498-24f7-4283-8601-76ff99ea0f39","conversation_id":null,"itinerary":null} @ webpack-internal:///(app-pages-browser)/./lib/chat-transport.ts:103
[   22598ms] [LOG] [ChatTransport] Received WebSocket response: {"type":"delta","content":"≤","error":null,"message_id":"f0d65498-24f7-4283-8601-76ff99ea0f39","conversation_id":null,"itinerary":null} @ webpack-internal:///(app-pages-browser)/./lib/chat-transport.ts:103
[   22714ms] [LOG] [ChatTransport] Received WebSocket response: {"type":"delta","content":"3","error":null,"message_id":"f0d65498-24f7-4283-8601-76ff99ea0f39","conversation_id":null,"itinerary":null} @ webpack-internal:///(app-pages-browser)/./lib/chat-transport.ts:103
[   22731ms] [LOG] [ChatTransport] Received WebSocket response: {"type":"delta","content":"\"\n","error":null,"message_id":"f0d65498-24f7-4283-8601-76ff99ea0f39","conversation_id":null,"itinerary":null} @ webpack-internal:///(app-pages-browser)/./lib/chat-transport.ts:103
[   22732ms] [LOG] [ChatTransport] Received WebSocket response: {"type":"delta","content":"       ","error":null,"message_id":"f0d65498-24f7-4283-8601-76ff99ea0f39","conversation_id":null,"itinerary":null} @ webpack-internal:///(app-pages-browser)/./lib/chat-transport.ts:103
[   22733ms] [LOG] [ChatTransport] Received WebSocket response: {"type":"delta","content":" },\n","error":null,"message_id":"f0d65498-24f7-4283-8601-76ff99ea0f39","conversation_id":null,"itinerary":null} @ webpack-internal:///(app-pages-browser)/./lib/chat-transport.ts:103
[   22774ms] [LOG] [ChatTransport] Received WebSocket response: {"type":"delta","content":"       ","error":null,"message_id":"f0d65498-24f7-4283-8601-76ff99ea0f39","conversation_id":null,"itinerary":null} @ webpack-internal:///(app-pages-browser)/./lib/chat-transport.ts:103
[   22797ms] [LOG] [ChatTransport] Received WebSocket response: {"type":"delta","content":" {\n","error":null,"message_id":"f0d65498-24f7-4283-8601-76ff99ea0f39","conversation_id":null,"itinerary":null} @ webpack-internal:///(app-pages-browser)/./lib/chat-transport.ts:103
[   22837ms] [LOG] [ChatTransport] Received WebSocket response: {"type":"delta","content":"         ","error":null,"message_id":"f0d65498-24f7-4283-8601-76ff99ea0f39","conversation_id":null,"itinerary":null} @ webpack-internal:///(app-pages-browser)/./lib/chat-transport.ts:103
[   22863ms] [LOG] [ChatTransport] Received WebSocket response: {"type":"delta","content":" \"","error":null,"message_id":"f0d65498-24f7-4283-8601-76ff99ea0f39","conversation_id":null,"itinerary":null} @ webpack-internal:///(app-pages-browser)/./lib/chat-transport.ts:103
[   22888ms] [LOG] [ChatTransport] Received WebSocket response: {"type":"delta","content":"date","error":null,"message_id":"f0d65498-24f7-4283-8601-76ff99ea0f39","conversation_id":null,"itinerary":null} @ webpack-internal:///(app-pages-browser)/./lib/chat-transport.ts:103
[   22906ms] [LOG] [ChatTransport] Received WebSocket response: {"type":"delta","content":"\":","error":null,"message_id":"f0d65498-24f7-4283-8601-76ff99ea0f39","conversation_id":null,"itinerary":null} @ webpack-internal:///(app-pages-browser)/./lib/chat-transport.ts:103
[   22976ms] [LOG] [ChatTransport] Received WebSocket response: {"type":"delta","content":" \"","error":null,"message_id":"f0d65498-24f7-4283-8601-76ff99ea0f39","conversation_id":null,"itinerary":null} @ webpack-internal:///(app-pages-browser)/./lib/chat-transport.ts:103
[   22993ms] [LOG] [ChatTransport] Received WebSocket response: {"type":"delta","content":"202","error":null,"message_id":"f0d65498-24f7-4283-8601-76ff99ea0f39","conversation_id":null,"itinerary":null} @ webpack-internal:///(app-pages-browser)/./lib/chat-transport.ts:103
[   23029ms] [LOG] [ChatTransport] Received WebSocket response: {"type":"delta","content":"4","error":null,"message_id":"f0d65498-24f7-4283-8601-76ff99ea0f39","conversation_id":null,"itinerary":null} @ webpack-internal:///(app-pages-browser)/./lib/chat-transport.ts:103
[   23048ms] [LOG] [ChatTransport] Received WebSocket response: {"type":"delta","content":"-","error":null,"message_id":"f0d65498-24f7-4283-8601-76ff99ea0f39","conversation_id":null,"itinerary":null} @ webpack-internal:///(app-pages-browser)/./lib/chat-transport.ts:103
[   23092ms] [LOG] [ChatTransport] Received WebSocket response: {"type":"delta","content":"12","error":null,"message_id":"f0d65498-24f7-4283-8601-76ff99ea0f39","conversation_id":null,"itinerary":null} @ webpack-internal:///(app-pages-browser)/./lib/chat-transport.ts:103
[   23114ms] [LOG] [ChatTransport] Received WebSocket response: {"type":"delta","content":"-","error":null,"message_id":"f0d65498-24f7-4283-8601-76ff99ea0f39","conversation_id":null,"itinerary":null} @ webpack-internal:///(app-pages-browser)/./lib/chat-transport.ts:103
[   23161ms] [LOG] [ChatTransport] Received WebSocket response: {"type":"delta","content":"05","error":null,"message_id":"f0d65498-24f7-4283-8601-76ff99ea0f39","conversation_id":null,"itinerary":null} @ webpack-internal:///(app-pages-browser)/./lib/chat-transport.ts:103
[   23179ms] [LOG] [ChatTransport] Received WebSocket response: {"type":"delta","content":"\",\n","error":null,"message_id":"f0d65498-24f7-4283-8601-76ff99ea0f39","conversation_id":null,"itinerary":null} @ webpack-internal:///(app-pages-browser)/./lib/chat-transport.ts:103
[   23206ms] [LOG] [ChatTransport] Received WebSocket response: {"type":"delta","content":"         ","error":null,"message_id":"f0d65498-24f7-4283-8601-76ff99ea0f39","conversation_id":null,"itinerary":null} @ webpack-internal:///(app-pages-browser)/./lib/chat-transport.ts:103
[   23224ms] [LOG] [ChatTransport] Received WebSocket response: {"type":"delta","content":" \"","error":null,"message_id":"f0d65498-24f7-4283-8601-76ff99ea0f39","conversation_id":null,"itinerary":null} @ webpack-internal:///(app-pages-browser)/./lib/chat-transport.ts:103
[   23434ms] [LOG] [ChatTransport] Received WebSocket response: {"type":"delta","content":"week","error":null,"message_id":"f0d65498-24f7-4283-8601-76ff99ea0f39","conversation_id":null,"itinerary":null} @ webpack-internal:///(app-pages-browser)/./lib/chat-transport.ts:103
[   23455ms] [LOG] [ChatTransport] Received WebSocket response: {"type":"delta","content":"\":","error":null,"message_id":"f0d65498-24f7-4283-8601-76ff99ea0f39","conversation_id":null,"itinerary":null} @ webpack-internal:///(app-pages-browser)/./lib/chat-transport.ts:103
[   23455ms] [LOG] [ChatTransport] Received WebSocket response: {"type":"delta","content":" \"","error":null,"message_id":"f0d65498-24f7-4283-8601-76ff99ea0f39","conversation_id":null,"itinerary":null} @ webpack-internal:///(app-pages-browser)/./lib/chat-transport.ts:103
[   23474ms] [LOG] [ChatTransport] Received WebSocket response: {"type":"delta","content":"4","error":null,"message_id":"f0d65498-24f7-4283-8601-76ff99ea0f39","conversation_id":null,"itinerary":null} @ webpack-internal:///(app-pages-browser)/./lib/chat-transport.ts:103
[   23475ms] [LOG] [ChatTransport] Received WebSocket response: {"type":"delta","content":"\",\n","error":null,"message_id":"f0d65498-24f7-4283-8601-76ff99ea0f39","conversation_id":null,"itinerary":null} @ webpack-internal:///(app-pages-browser)/./lib/chat-transport.ts:103
[   23475ms] [LOG] [ChatTransport] Received WebSocket response: {"type":"delta","content":"         ","error":null,"message_id":"f0d65498-24f7-4283-8601-76ff99ea0f39","conversation_id":null,"itinerary":null} @ webpack-internal:///(app-pages-browser)/./lib/chat-transport.ts:103
[   23494ms] [LOG] [ChatTransport] Received WebSocket response: {"type":"delta","content":" \"","error":null,"message_id":"f0d65498-24f7-4283-8601-76ff99ea0f39","conversation_id":null,"itinerary":null} @ webpack-internal:///(app-pages-browser)/./lib/chat-transport.ts:103
[   23495ms] [LOG] [ChatTransport] Received WebSocket response: {"type":"delta","content":"day","error":null,"message_id":"f0d65498-24f7-4283-8601-76ff99ea0f39","conversation_id":null,"itinerary":null} @ webpack-internal:///(app-pages-browser)/./lib/chat-transport.ts:103
[   23523ms] [LOG] [ChatTransport] Received WebSocket response: {"type":"delta","content":"weather","error":null,"message_id":"f0d65498-24f7-4283-8601-76ff99ea0f39","conversation_id":null,"itinerary":null} @ webpack-internal:///(app-pages-browser)/./lib/chat-transport.ts:103
[   23544ms] [LOG] [ChatTransport] Received WebSocket response: {"type":"delta","content":"\":","error":null,"message_id":"f0d65498-24f7-4283-8601-76ff99ea0f39","conversation_id":null,"itinerary":null} @ webpack-internal:///(app-pages-browser)/./lib/chat-transport.ts:103
[   23761ms] [LOG] [ChatTransport] Received WebSocket response: {"type":"delta","content":" \"","error":null,"message_id":"f0d65498-24f7-4283-8601-76ff99ea0f39","conversation_id":null,"itinerary":null} @ webpack-internal:///(app-pages-browser)/./lib/chat-transport.ts:103
[   23782ms] [LOG] [ChatTransport] Received WebSocket response: {"type":"delta","content":"晴","error":null,"message_id":"f0d65498-24f7-4283-8601-76ff99ea0f39","conversation_id":null,"itinerary":null} @ webpack-internal:///(app-pages-browser)/./lib/chat-transport.ts:103
[   23783ms] [LOG] [ChatTransport] Received WebSocket response: {"type":"delta","content":"\",\n","error":null,"message_id":"f0d65498-24f7-4283-8601-76ff99ea0f39","conversation_id":null,"itinerary":null} @ webpack-internal:///(app-pages-browser)/./lib/chat-transport.ts:103
[   23783ms] [LOG] [ChatTransport] Received WebSocket response: {"type":"delta","content":"         ","error":null,"message_id":"f0d65498-24f7-4283-8601-76ff99ea0f39","conversation_id":null,"itinerary":null} @ webpack-internal:///(app-pages-browser)/./lib/chat-transport.ts:103
[   23783ms] [LOG] [ChatTransport] Received WebSocket response: {"type":"delta","content":" \"","error":null,"message_id":"f0d65498-24f7-4283-8601-76ff99ea0f39","conversation_id":null,"itinerary":null} @ webpack-internal:///(app-pages-browser)/./lib/chat-transport.ts:103
[   23805ms] [LOG] [ChatTransport] Received WebSocket response: {"type":"delta","content":"night","error":null,"message_id":"f0d65498-24f7-4283-8601-76ff99ea0f39","conversation_id":null,"itinerary":null} @ webpack-internal:///(app-pages-browser)/./lib/chat-transport.ts:103
[   23830ms] [LOG] [ChatTransport] Received WebSocket response: {"type":"delta","content":"weather","error":null,"message_id":"f0d65498-24f7-4283-8601-76ff99ea0f39","conversation_id":null,"itinerary":null} @ webpack-internal:///(app-pages-browser)/./lib/chat-transport.ts:103
[   23831ms] [LOG] [ChatTransport] Received WebSocket response: {"type":"delta","content":"\":","error":null,"message_id":"f0d65498-24f7-4283-8601-76ff99ea0f39","conversation_id":null,"itinerary":null} @ webpack-internal:///(app-pages-browser)/./lib/chat-transport.ts:103
[   23855ms] [LOG] [ChatTransport] Received WebSocket response: {"type":"delta","content":" \"","error":null,"message_id":"f0d65498-24f7-4283-8601-76ff99ea0f39","conversation_id":null,"itinerary":null} @ webpack-internal:///(app-pages-browser)/./lib/chat-transport.ts:103
[   23876ms] [LOG] [ChatTransport] Received WebSocket response: {"type":"delta","content":"晴","error":null,"message_id":"f0d65498-24f7-4283-8601-76ff99ea0f39","conversation_id":null,"itinerary":null} @ webpack-internal:///(app-pages-browser)/./lib/chat-transport.ts:103
[   23910ms] [LOG] [ChatTransport] Received WebSocket response: {"type":"delta","content":"\",\n","error":null,"message_id":"f0d65498-24f7-4283-8601-76ff99ea0f39","conversation_id":null,"itinerary":null} @ webpack-internal:///(app-pages-browser)/./lib/chat-transport.ts:103
[   23933ms] [LOG] [ChatTransport] Received WebSocket response: {"type":"delta","content":"         ","error":null,"message_id":"f0d65498-24f7-4283-8601-76ff99ea0f39","conversation_id":null,"itinerary":null} @ webpack-internal:///(app-pages-browser)/./lib/chat-transport.ts:103
[   23971ms] [LOG] [ChatTransport] Received WebSocket response: {"type":"delta","content":" \"","error":null,"message_id":"f0d65498-24f7-4283-8601-76ff99ea0f39","conversation_id":null,"itinerary":null} @ webpack-internal:///(app-pages-browser)/./lib/chat-transport.ts:103
[   23996ms] [LOG] [ChatTransport] Received WebSocket response: {"type":"delta","content":"day","error":null,"message_id":"f0d65498-24f7-4283-8601-76ff99ea0f39","conversation_id":null,"itinerary":null} @ webpack-internal:///(app-pages-browser)/./lib/chat-transport.ts:103
[   24067ms] [LOG] [ChatTransport] Received WebSocket response: {"type":"delta","content":"temp","error":null,"message_id":"f0d65498-24f7-4283-8601-76ff99ea0f39","conversation_id":null,"itinerary":null} @ webpack-internal:///(app-pages-browser)/./lib/chat-transport.ts:103
[   24092ms] [LOG] [ChatTransport] Received WebSocket response: {"type":"delta","content":"\":","error":null,"message_id":"f0d65498-24f7-4283-8601-76ff99ea0f39","conversation_id":null,"itinerary":null} @ webpack-internal:///(app-pages-browser)/./lib/chat-transport.ts:103
[   24112ms] [LOG] [ChatTransport] Received WebSocket response: {"type":"delta","content":" \"","error":null,"message_id":"f0d65498-24f7-4283-8601-76ff99ea0f39","conversation_id":null,"itinerary":null} @ webpack-internal:///(app-pages-browser)/./lib/chat-transport.ts:103
[   24134ms] [LOG] [ChatTransport] Received WebSocket response: {"type":"delta","content":"9","error":null,"message_id":"f0d65498-24f7-4283-8601-76ff99ea0f39","conversation_id":null,"itinerary":null} @ webpack-internal:///(app-pages-browser)/./lib/chat-transport.ts:103
[   24167ms] [LOG] [ChatTransport] Received WebSocket response: {"type":"delta","content":"\",\n","error":null,"message_id":"f0d65498-24f7-4283-8601-76ff99ea0f39","conversation_id":null,"itinerary":null} @ webpack-internal:///(app-pages-browser)/./lib/chat-transport.ts:103
[   24191ms] [LOG] [ChatTransport] Received WebSocket response: {"type":"delta","content":"         ","error":null,"message_id":"f0d65498-24f7-4283-8601-76ff99ea0f39","conversation_id":null,"itinerary":null} @ webpack-internal:///(app-pages-browser)/./lib/chat-transport.ts:103
[   24226ms] [LOG] [ChatTransport] Received WebSocket response: {"type":"delta","content":" \"","error":null,"message_id":"f0d65498-24f7-4283-8601-76ff99ea0f39","conversation_id":null,"itinerary":null} @ webpack-internal:///(app-pages-browser)/./lib/chat-transport.ts:103
[   24249ms] [LOG] [ChatTransport] Received WebSocket response: {"type":"delta","content":"night","error":null,"message_id":"f0d65498-24f7-4283-8601-76ff99ea0f39","conversation_id":null,"itinerary":null} @ webpack-internal:///(app-pages-browser)/./lib/chat-transport.ts:103
[   24288ms] [LOG] [ChatTransport] Received WebSocket response: {"type":"delta","content":"temp","error":null,"message_id":"f0d65498-24f7-4283-8601-76ff99ea0f39","conversation_id":null,"itinerary":null} @ webpack-internal:///(app-pages-browser)/./lib/chat-transport.ts:103
[   24309ms] [LOG] [ChatTransport] Received WebSocket response: {"type":"delta","content":"\":","error":null,"message_id":"f0d65498-24f7-4283-8601-76ff99ea0f39","conversation_id":null,"itinerary":null} @ webpack-internal:///(app-pages-browser)/./lib/chat-transport.ts:103
[   24361ms] [LOG] [ChatTransport] Received WebSocket response: {"type":"delta","content":" \"-","error":null,"message_id":"f0d65498-24f7-4283-8601-76ff99ea0f39","conversation_id":null,"itinerary":null} @ webpack-internal:///(app-pages-browser)/./lib/chat-transport.ts:103
[   24389ms] [LOG] [ChatTransport] Received WebSocket response: {"type":"delta","content":"4","error":null,"message_id":"f0d65498-24f7-4283-8601-76ff99ea0f39","conversation_id":null,"itinerary":null} @ webpack-internal:///(app-pages-browser)/./lib/chat-transport.ts:103
[   24440ms] [LOG] [ChatTransport] Received WebSocket response: {"type":"delta","content":"\",\n","error":null,"message_id":"f0d65498-24f7-4283-8601-76ff99ea0f39","conversation_id":null,"itinerary":null} @ webpack-internal:///(app-pages-browser)/./lib/chat-transport.ts:103
[   24468ms] [LOG] [ChatTransport] Received WebSocket response: {"type":"delta","content":"         ","error":null,"message_id":"f0d65498-24f7-4283-8601-76ff99ea0f39","conversation_id":null,"itinerary":null} @ webpack-internal:///(app-pages-browser)/./lib/chat-transport.ts:103
[   24499ms] [LOG] [ChatTransport] Received WebSocket response: {"type":"delta","content":" \"","error":null,"message_id":"f0d65498-24f7-4283-8601-76ff99ea0f39","conversation_id":null,"itinerary":null} @ webpack-internal:///(app-pages-browser)/./lib/chat-transport.ts:103
[   24519ms] [LOG] [ChatTransport] Received WebSocket response: {"type":"delta","content":"day","error":null,"message_id":"f0d65498-24f7-4283-8601-76ff99ea0f39","conversation_id":null,"itinerary":null} @ webpack-internal:///(app-pages-browser)/./lib/chat-transport.ts:103
[   24723ms] [LOG] [ChatTransport] Received WebSocket response: {"type":"delta","content":"wind","error":null,"message_id":"f0d65498-24f7-4283-8601-76ff99ea0f39","conversation_id":null,"itinerary":null} @ webpack-internal:///(app-pages-browser)/./lib/chat-transport.ts:103
[   24723ms] [LOG] [ChatTransport] Received WebSocket response: {"type":"delta","content":"\":","error":null,"message_id":"f0d65498-24f7-4283-8601-76ff99ea0f39","conversation_id":null,"itinerary":null} @ webpack-internal:///(app-pages-browser)/./lib/chat-transport.ts:103
[   24724ms] [LOG] [ChatTransport] Received WebSocket response: {"type":"delta","content":" \"","error":null,"message_id":"f0d65498-24f7-4283-8601-76ff99ea0f39","conversation_id":null,"itinerary":null} @ webpack-internal:///(app-pages-browser)/./lib/chat-transport.ts:103
[   24724ms] [LOG] [ChatTransport] Received WebSocket response: {"type":"delta","content":"北","error":null,"message_id":"f0d65498-24f7-4283-8601-76ff99ea0f39","conversation_id":null,"itinerary":null} @ webpack-internal:///(app-pages-browser)/./lib/chat-transport.ts:103
[   24746ms] [LOG] [ChatTransport] Received WebSocket response: {"type":"delta","content":"\",\n","error":null,"message_id":"f0d65498-24f7-4283-8601-76ff99ea0f39","conversation_id":null,"itinerary":null} @ webpack-internal:///(app-pages-browser)/./lib/chat-transport.ts:103
[   24747ms] [LOG] [ChatTransport] Received WebSocket response: {"type":"delta","content":"         ","error":null,"message_id":"f0d65498-24f7-4283-8601-76ff99ea0f39","conversation_id":null,"itinerary":null} @ webpack-internal:///(app-pages-browser)/./lib/chat-transport.ts:103
[   24754ms] [LOG] [ChatTransport] Received WebSocket response: {"type":"delta","content":" \"","error":null,"message_id":"f0d65498-24f7-4283-8601-76ff99ea0f39","conversation_id":null,"itinerary":null} @ webpack-internal:///(app-pages-browser)/./lib/chat-transport.ts:103
[   24755ms] [LOG] [ChatTransport] Received WebSocket response: {"type":"delta","content":"night","error":null,"message_id":"f0d65498-24f7-4283-8601-76ff99ea0f39","conversation_id":null,"itinerary":null} @ webpack-internal:///(app-pages-browser)/./lib/chat-transport.ts:103
[   24801ms] [LOG] [ChatTransport] Received WebSocket response: {"type":"delta","content":"wind","error":null,"message_id":"f0d65498-24f7-4283-8601-76ff99ea0f39","conversation_id":null,"itinerary":null} @ webpack-internal:///(app-pages-browser)/./lib/chat-transport.ts:103
[   24821ms] [LOG] [ChatTransport] Received WebSocket response: {"type":"delta","content":"\":","error":null,"message_id":"f0d65498-24f7-4283-8601-76ff99ea0f39","conversation_id":null,"itinerary":null} @ webpack-internal:///(app-pages-browser)/./lib/chat-transport.ts:103
[   24911ms] [LOG] [ChatTransport] Received WebSocket response: {"type":"delta","content":" \"","error":null,"message_id":"f0d65498-24f7-4283-8601-76ff99ea0f39","conversation_id":null,"itinerary":null} @ webpack-internal:///(app-pages-browser)/./lib/chat-transport.ts:103
[   24936ms] [LOG] [ChatTransport] Received WebSocket response: {"type":"delta","content":"北","error":null,"message_id":"f0d65498-24f7-4283-8601-76ff99ea0f39","conversation_id":null,"itinerary":null} @ webpack-internal:///(app-pages-browser)/./lib/chat-transport.ts:103
[   24960ms] [LOG] [ChatTransport] Received WebSocket response: {"type":"delta","content":"\",\n","error":null,"message_id":"f0d65498-24f7-4283-8601-76ff99ea0f39","conversation_id":null,"itinerary":null} @ webpack-internal:///(app-pages-browser)/./lib/chat-transport.ts:103
[   24961ms] [LOG] [ChatTransport] Received WebSocket response: {"type":"delta","content":"         ","error":null,"message_id":"f0d65498-24f7-4283-8601-76ff99ea0f39","conversation_id":null,"itinerary":null} @ webpack-internal:///(app-pages-browser)/./lib/chat-transport.ts:103
[   24994ms] [LOG] [ChatTransport] Received WebSocket response: {"type":"delta","content":" \"","error":null,"message_id":"f0d65498-24f7-4283-8601-76ff99ea0f39","conversation_id":null,"itinerary":null} @ webpack-internal:///(app-pages-browser)/./lib/chat-transport.ts:103
[   25016ms] [LOG] [ChatTransport] Received WebSocket response: {"type":"delta","content":"day","error":null,"message_id":"f0d65498-24f7-4283-8601-76ff99ea0f39","conversation_id":null,"itinerary":null} @ webpack-internal:///(app-pages-browser)/./lib/chat-transport.ts:103
[   25101ms] [LOG] [ChatTransport] Received WebSocket response: {"type":"delta","content":"power","error":null,"message_id":"f0d65498-24f7-4283-8601-76ff99ea0f39","conversation_id":null,"itinerary":null} @ webpack-internal:///(app-pages-browser)/./lib/chat-transport.ts:103
[   25119ms] [LOG] [ChatTransport] Received WebSocket response: {"type":"delta","content":"\":","error":null,"message_id":"f0d65498-24f7-4283-8601-76ff99ea0f39","conversation_id":null,"itinerary":null} @ webpack-internal:///(app-pages-browser)/./lib/chat-transport.ts:103
[   25140ms] [LOG] [ChatTransport] Received WebSocket response: {"type":"delta","content":" \"","error":null,"message_id":"f0d65498-24f7-4283-8601-76ff99ea0f39","conversation_id":null,"itinerary":null} @ webpack-internal:///(app-pages-browser)/./lib/chat-transport.ts:103
[   25140ms] [LOG] [ChatTransport] Received WebSocket response: {"type":"delta","content":"≤","error":null,"message_id":"f0d65498-24f7-4283-8601-76ff99ea0f39","conversation_id":null,"itinerary":null} @ webpack-internal:///(app-pages-browser)/./lib/chat-transport.ts:103
[   25178ms] [LOG] [ChatTransport] Received WebSocket response: {"type":"delta","content":"3","error":null,"message_id":"f0d65498-24f7-4283-8601-76ff99ea0f39","conversation_id":null,"itinerary":null} @ webpack-internal:///(app-pages-browser)/./lib/chat-transport.ts:103
[   25198ms] [LOG] [ChatTransport] Received WebSocket response: {"type":"delta","content":"\",\n","error":null,"message_id":"f0d65498-24f7-4283-8601-76ff99ea0f39","conversation_id":null,"itinerary":null} @ webpack-internal:///(app-pages-browser)/./lib/chat-transport.ts:103
[   25292ms] [LOG] [ChatTransport] Received WebSocket response: {"type":"delta","content":"         ","error":null,"message_id":"f0d65498-24f7-4283-8601-76ff99ea0f39","conversation_id":null,"itinerary":null} @ webpack-internal:///(app-pages-browser)/./lib/chat-transport.ts:103
[   25316ms] [LOG] [ChatTransport] Received WebSocket response: {"type":"delta","content":" \"","error":null,"message_id":"f0d65498-24f7-4283-8601-76ff99ea0f39","conversation_id":null,"itinerary":null} @ webpack-internal:///(app-pages-browser)/./lib/chat-transport.ts:103
[   25338ms] [LOG] [ChatTransport] Received WebSocket response: {"type":"delta","content":"night","error":null,"message_id":"f0d65498-24f7-4283-8601-76ff99ea0f39","conversation_id":null,"itinerary":null} @ webpack-internal:///(app-pages-browser)/./lib/chat-transport.ts:103
[   25338ms] [LOG] [ChatTransport] Received WebSocket response: {"type":"delta","content":"power","error":null,"message_id":"f0d65498-24f7-4283-8601-76ff99ea0f39","conversation_id":null,"itinerary":null} @ webpack-internal:///(app-pages-browser)/./lib/chat-transport.ts:103
[   25371ms] [LOG] [ChatTransport] Received WebSocket response: {"type":"delta","content":"\":","error":null,"message_id":"f0d65498-24f7-4283-8601-76ff99ea0f39","conversation_id":null,"itinerary":null} @ webpack-internal:///(app-pages-browser)/./lib/chat-transport.ts:103
[   25392ms] [LOG] [ChatTransport] Received WebSocket response: {"type":"delta","content":" \"","error":null,"message_id":"f0d65498-24f7-4283-8601-76ff99ea0f39","conversation_id":null,"itinerary":null} @ webpack-internal:///(app-pages-browser)/./lib/chat-transport.ts:103
[   25436ms] [LOG] [ChatTransport] Received WebSocket response: {"type":"delta","content":"≤","error":null,"message_id":"f0d65498-24f7-4283-8601-76ff99ea0f39","conversation_id":null,"itinerary":null} @ webpack-internal:///(app-pages-browser)/./lib/chat-transport.ts:103
[   25461ms] [LOG] [ChatTransport] Received WebSocket response: {"type":"delta","content":"3","error":null,"message_id":"f0d65498-24f7-4283-8601-76ff99ea0f39","conversation_id":null,"itinerary":null} @ webpack-internal:///(app-pages-browser)/./lib/chat-transport.ts:103
[   25504ms] [LOG] [ChatTransport] Received WebSocket response: {"type":"delta","content":"\"\n","error":null,"message_id":"f0d65498-24f7-4283-8601-76ff99ea0f39","conversation_id":null,"itinerary":null} @ webpack-internal:///(app-pages-browser)/./lib/chat-transport.ts:103
[   25522ms] [LOG] [ChatTransport] Received WebSocket response: {"type":"delta","content":"       ","error":null,"message_id":"f0d65498-24f7-4283-8601-76ff99ea0f39","conversation_id":null,"itinerary":null} @ webpack-internal:///(app-pages-browser)/./lib/chat-transport.ts:103
[   25563ms] [LOG] [ChatTransport] Received WebSocket response: {"type":"delta","content":" },\n","error":null,"message_id":"f0d65498-24f7-4283-8601-76ff99ea0f39","conversation_id":null,"itinerary":null} @ webpack-internal:///(app-pages-browser)/./lib/chat-transport.ts:103
[   25583ms] [LOG] [ChatTransport] Received WebSocket response: {"type":"delta","content":"       ","error":null,"message_id":"f0d65498-24f7-4283-8601-76ff99ea0f39","conversation_id":null,"itinerary":null} @ webpack-internal:///(app-pages-browser)/./lib/chat-transport.ts:103
[   25634ms] [LOG] [ChatTransport] Received WebSocket response: {"type":"delta","content":" {\n","error":null,"message_id":"f0d65498-24f7-4283-8601-76ff99ea0f39","conversation_id":null,"itinerary":null} @ webpack-internal:///(app-pages-browser)/./lib/chat-transport.ts:103
[   25658ms] [LOG] [ChatTransport] Received WebSocket response: {"type":"delta","content":"         ","error":null,"message_id":"f0d65498-24f7-4283-8601-76ff99ea0f39","conversation_id":null,"itinerary":null} @ webpack-internal:///(app-pages-browser)/./lib/chat-transport.ts:103
[   25802ms] [LOG] [ChatTransport] Received WebSocket response: {"type":"delta","content":" \"","error":null,"message_id":"f0d65498-24f7-4283-8601-76ff99ea0f39","conversation_id":null,"itinerary":null} @ webpack-internal:///(app-pages-browser)/./lib/chat-transport.ts:103
[   25825ms] [LOG] [ChatTransport] Received WebSocket response: {"type":"delta","content":"date","error":null,"message_id":"f0d65498-24f7-4283-8601-76ff99ea0f39","conversation_id":null,"itinerary":null} @ webpack-internal:///(app-pages-browser)/./lib/chat-transport.ts:103
[   25826ms] [LOG] [ChatTransport] Received WebSocket response: {"type":"delta","content":"\":","error":null,"message_id":"f0d65498-24f7-4283-8601-76ff99ea0f39","conversation_id":null,"itinerary":null} @ webpack-internal:///(app-pages-browser)/./lib/chat-transport.ts:103
[   25827ms] [LOG] [ChatTransport] Received WebSocket response: {"type":"delta","content":" \"","error":null,"message_id":"f0d65498-24f7-4283-8601-76ff99ea0f39","conversation_id":null,"itinerary":null} @ webpack-internal:///(app-pages-browser)/./lib/chat-transport.ts:103
[   25850ms] [LOG] [ChatTransport] Received WebSocket response: {"type":"delta","content":"202","error":null,"message_id":"f0d65498-24f7-4283-8601-76ff99ea0f39","conversation_id":null,"itinerary":null} @ webpack-internal:///(app-pages-browser)/./lib/chat-transport.ts:103
[   25872ms] [LOG] [ChatTransport] Received WebSocket response: {"type":"delta","content":"4","error":null,"message_id":"f0d65498-24f7-4283-8601-76ff99ea0f39","conversation_id":null,"itinerary":null} @ webpack-internal:///(app-pages-browser)/./lib/chat-transport.ts:103
[   25892ms] [LOG] [ChatTransport] Received WebSocket response: {"type":"delta","content":"-","error":null,"message_id":"f0d65498-24f7-4283-8601-76ff99ea0f39","conversation_id":null,"itinerary":null} @ webpack-internal:///(app-pages-browser)/./lib/chat-transport.ts:103
[   25910ms] [LOG] [ChatTransport] Received WebSocket response: {"type":"delta","content":"12","error":null,"message_id":"f0d65498-24f7-4283-8601-76ff99ea0f39","conversation_id":null,"itinerary":null} @ webpack-internal:///(app-pages-browser)/./lib/chat-transport.ts:103
[   25955ms] [LOG] [ChatTransport] Received WebSocket response: {"type":"delta","content":"-","error":null,"message_id":"f0d65498-24f7-4283-8601-76ff99ea0f39","conversation_id":null,"itinerary":null} @ webpack-internal:///(app-pages-browser)/./lib/chat-transport.ts:103
[   25977ms] [LOG] [ChatTransport] Received WebSocket response: {"type":"delta","content":"06","error":null,"message_id":"f0d65498-24f7-4283-8601-76ff99ea0f39","conversation_id":null,"itinerary":null} @ webpack-internal:///(app-pages-browser)/./lib/chat-transport.ts:103
[   26012ms] [LOG] [ChatTransport] Received WebSocket response: {"type":"delta","content":"\",\n","error":null,"message_id":"f0d65498-24f7-4283-8601-76ff99ea0f39","conversation_id":null,"itinerary":null} @ webpack-internal:///(app-pages-browser)/./lib/chat-transport.ts:103
[   26030ms] [LOG] [ChatTransport] Received WebSocket response: {"type":"delta","content":"         ","error":null,"message_id":"f0d65498-24f7-4283-8601-76ff99ea0f39","conversation_id":null,"itinerary":null} @ webpack-internal:///(app-pages-browser)/./lib/chat-transport.ts:103
[   26085ms] [LOG] [ChatTransport] Received WebSocket response: {"type":"delta","content":" \"","error":null,"message_id":"f0d65498-24f7-4283-8601-76ff99ea0f39","conversation_id":null,"itinerary":null} @ webpack-internal:///(app-pages-browser)/./lib/chat-transport.ts:103
[   26107ms] [LOG] [ChatTransport] Received WebSocket response: {"type":"delta","content":"week","error":null,"message_id":"f0d65498-24f7-4283-8601-76ff99ea0f39","conversation_id":null,"itinerary":null} @ webpack-internal:///(app-pages-browser)/./lib/chat-transport.ts:103
[   26131ms] [LOG] [ChatTransport] Received WebSocket response: {"type":"delta","content":"\":","error":null,"message_id":"f0d65498-24f7-4283-8601-76ff99ea0f39","conversation_id":null,"itinerary":null} @ webpack-internal:///(app-pages-browser)/./lib/chat-transport.ts:103
[   26148ms] [LOG] [ChatTransport] Received WebSocket response: {"type":"delta","content":" \"","error":null,"message_id":"f0d65498-24f7-4283-8601-76ff99ea0f39","conversation_id":null,"itinerary":null} @ webpack-internal:///(app-pages-browser)/./lib/chat-transport.ts:103
[   26197ms] [LOG] [ChatTransport] Received WebSocket response: {"type":"delta","content":"5","error":null,"message_id":"f0d65498-24f7-4283-8601-76ff99ea0f39","conversation_id":null,"itinerary":null} @ webpack-internal:///(app-pages-browser)/./lib/chat-transport.ts:103
[   26217ms] [LOG] [ChatTransport] Received WebSocket response: {"type":"delta","content":"\",\n","error":null,"message_id":"f0d65498-24f7-4283-8601-76ff99ea0f39","conversation_id":null,"itinerary":null} @ webpack-internal:///(app-pages-browser)/./lib/chat-transport.ts:103
[   26257ms] [LOG] [ChatTransport] Received WebSocket response: {"type":"delta","content":"         ","error":null,"message_id":"f0d65498-24f7-4283-8601-76ff99ea0f39","conversation_id":null,"itinerary":null} @ webpack-internal:///(app-pages-browser)/./lib/chat-transport.ts:103
[   26278ms] [LOG] [ChatTransport] Received WebSocket response: {"type":"delta","content":" \"","error":null,"message_id":"f0d65498-24f7-4283-8601-76ff99ea0f39","conversation_id":null,"itinerary":null} @ webpack-internal:///(app-pages-browser)/./lib/chat-transport.ts:103
[   26332ms] [LOG] [ChatTransport] Received WebSocket response: {"type":"delta","content":"day","error":null,"message_id":"f0d65498-24f7-4283-8601-76ff99ea0f39","conversation_id":null,"itinerary":null} @ webpack-internal:///(app-pages-browser)/./lib/chat-transport.ts:103
[   26355ms] [LOG] [ChatTransport] Received WebSocket response: {"type":"delta","content":"weather","error":null,"message_id":"f0d65498-24f7-4283-8601-76ff99ea0f39","conversation_id":null,"itinerary":null} @ webpack-internal:///(app-pages-browser)/./lib/chat-transport.ts:103
[   26438ms] [LOG] [ChatTransport] Received WebSocket response: {"type":"delta","content":"\":","error":null,"message_id":"f0d65498-24f7-4283-8601-76ff99ea0f39","conversation_id":null,"itinerary":null} @ webpack-internal:///(app-pages-browser)/./lib/chat-transport.ts:103
[   26458ms] [LOG] [ChatTransport] Received WebSocket response: {"type":"delta","content":" \"","error":null,"message_id":"f0d65498-24f7-4283-8601-76ff99ea0f39","conversation_id":null,"itinerary":null} @ webpack-internal:///(app-pages-browser)/./lib/chat-transport.ts:103
[   26595ms] [LOG] [ChatTransport] Received WebSocket response: {"type":"delta","content":"晴","error":null,"message_id":"f0d65498-24f7-4283-8601-76ff99ea0f39","conversation_id":null,"itinerary":null} @ webpack-internal:///(app-pages-browser)/./lib/chat-transport.ts:103
[   26616ms] [LOG] [ChatTransport] Received WebSocket response: {"type":"delta","content":"\",\n","error":null,"message_id":"f0d65498-24f7-4283-8601-76ff99ea0f39","conversation_id":null,"itinerary":null} @ webpack-internal:///(app-pages-browser)/./lib/chat-transport.ts:103
[   26616ms] [LOG] [ChatTransport] Received WebSocket response: {"type":"delta","content":"         ","error":null,"message_id":"f0d65498-24f7-4283-8601-76ff99ea0f39","conversation_id":null,"itinerary":null} @ webpack-internal:///(app-pages-browser)/./lib/chat-transport.ts:103
[   26617ms] [LOG] [ChatTransport] Received WebSocket response: {"type":"delta","content":" \"","error":null,"message_id":"f0d65498-24f7-4283-8601-76ff99ea0f39","conversation_id":null,"itinerary":null} @ webpack-internal:///(app-pages-browser)/./lib/chat-transport.ts:103
[   26639ms] [LOG] [ChatTransport] Received WebSocket response: {"type":"delta","content":"night","error":null,"message_id":"f0d65498-24f7-4283-8601-76ff99ea0f39","conversation_id":null,"itinerary":null} @ webpack-internal:///(app-pages-browser)/./lib/chat-transport.ts:103
[   26640ms] [LOG] [ChatTransport] Received WebSocket response: {"type":"delta","content":"weather","error":null,"message_id":"f0d65498-24f7-4283-8601-76ff99ea0f39","conversation_id":null,"itinerary":null} @ webpack-internal:///(app-pages-browser)/./lib/chat-transport.ts:103
[   26683ms] [LOG] [ChatTransport] Received WebSocket response: {"type":"delta","content":"\":","error":null,"message_id":"f0d65498-24f7-4283-8601-76ff99ea0f39","conversation_id":null,"itinerary":null} @ webpack-internal:///(app-pages-browser)/./lib/chat-transport.ts:103
[   26707ms] [LOG] [ChatTransport] Received WebSocket response: {"type":"delta","content":" \"","error":null,"message_id":"f0d65498-24f7-4283-8601-76ff99ea0f39","conversation_id":null,"itinerary":null} @ webpack-internal:///(app-pages-browser)/./lib/chat-transport.ts:103
[   26728ms] [LOG] [ChatTransport] Received WebSocket response: {"type":"delta","content":"晴","error":null,"message_id":"f0d65498-24f7-4283-8601-76ff99ea0f39","conversation_id":null,"itinerary":null} @ webpack-internal:///(app-pages-browser)/./lib/chat-transport.ts:103
[   26729ms] [LOG] [ChatTransport] Received WebSocket response: {"type":"delta","content":"\",\n","error":null,"message_id":"f0d65498-24f7-4283-8601-76ff99ea0f39","conversation_id":null,"itinerary":null} @ webpack-internal:///(app-pages-browser)/./lib/chat-transport.ts:103
[   26777ms] [LOG] [ChatTransport] Received WebSocket response: {"type":"delta","content":"         ","error":null,"message_id":"f0d65498-24f7-4283-8601-76ff99ea0f39","conversation_id":null,"itinerary":null} @ webpack-internal:///(app-pages-browser)/./lib/chat-transport.ts:103
[   26784ms] [LOG] [ChatTransport] Received WebSocket response: {"type":"delta","content":" \"","error":null,"message_id":"f0d65498-24f7-4283-8601-76ff99ea0f39","conversation_id":null,"itinerary":null} @ webpack-internal:///(app-pages-browser)/./lib/chat-transport.ts:103
[   26826ms] [LOG] [ChatTransport] Received WebSocket response: {"type":"delta","content":"day","error":null,"message_id":"f0d65498-24f7-4283-8601-76ff99ea0f39","conversation_id":null,"itinerary":null} @ webpack-internal:///(app-pages-browser)/./lib/chat-transport.ts:103
[   26847ms] [LOG] [ChatTransport] Received WebSocket response: {"type":"delta","content":"temp","error":null,"message_id":"f0d65498-24f7-4283-8601-76ff99ea0f39","conversation_id":null,"itinerary":null} @ webpack-internal:///(app-pages-browser)/./lib/chat-transport.ts:103
[   26890ms] [LOG] [ChatTransport] Received WebSocket response: {"type":"delta","content":"\":","error":null,"message_id":"f0d65498-24f7-4283-8601-76ff99ea0f39","conversation_id":null,"itinerary":null} @ webpack-internal:///(app-pages-browser)/./lib/chat-transport.ts:103
[   26910ms] [LOG] [ChatTransport] Received WebSocket response: {"type":"delta","content":" \"","error":null,"message_id":"f0d65498-24f7-4283-8601-76ff99ea0f39","conversation_id":null,"itinerary":null} @ webpack-internal:///(app-pages-browser)/./lib/chat-transport.ts:103
[   26962ms] [LOG] [ChatTransport] Received WebSocket response: {"type":"delta","content":"10","error":null,"message_id":"f0d65498-24f7-4283-8601-76ff99ea0f39","conversation_id":null,"itinerary":null} @ webpack-internal:///(app-pages-browser)/./lib/chat-transport.ts:103
[   26981ms] [LOG] [ChatTransport] Received WebSocket response: {"type":"delta","content":"\",\n","error":null,"message_id":"f0d65498-24f7-4283-8601-76ff99ea0f39","conversation_id":null,"itinerary":null} @ webpack-internal:///(app-pages-browser)/./lib/chat-transport.ts:103
[   27018ms] [LOG] [ChatTransport] Received WebSocket response: {"type":"delta","content":"         ","error":null,"message_id":"f0d65498-24f7-4283-8601-76ff99ea0f39","conversation_id":null,"itinerary":null} @ webpack-internal:///(app-pages-browser)/./lib/chat-transport.ts:103
[   27035ms] [LOG] [ChatTransport] Received WebSocket response: {"type":"delta","content":" \"","error":null,"message_id":"f0d65498-24f7-4283-8601-76ff99ea0f39","conversation_id":null,"itinerary":null} @ webpack-internal:///(app-pages-browser)/./lib/chat-transport.ts:103
[   27094ms] [LOG] [ChatTransport] Received WebSocket response: {"type":"delta","content":"night","error":null,"message_id":"f0d65498-24f7-4283-8601-76ff99ea0f39","conversation_id":null,"itinerary":null} @ webpack-internal:///(app-pages-browser)/./lib/chat-transport.ts:103
[   27107ms] [LOG] [ChatTransport] Received WebSocket response: {"type":"delta","content":"temp","error":null,"message_id":"f0d65498-24f7-4283-8601-76ff99ea0f39","conversation_id":null,"itinerary":null} @ webpack-internal:///(app-pages-browser)/./lib/chat-transport.ts:103
[   27165ms] [LOG] [ChatTransport] Received WebSocket response: {"type":"delta","content":"\":","error":null,"message_id":"f0d65498-24f7-4283-8601-76ff99ea0f39","conversation_id":null,"itinerary":null} @ webpack-internal:///(app-pages-browser)/./lib/chat-transport.ts:103
[   27181ms] [LOG] [ChatTransport] Received WebSocket response: {"type":"delta","content":" \"-","error":null,"message_id":"f0d65498-24f7-4283-8601-76ff99ea0f39","conversation_id":null,"itinerary":null} @ webpack-internal:///(app-pages-browser)/./lib/chat-transport.ts:103
[   27208ms] [LOG] [ChatTransport] Received WebSocket response: {"type":"delta","content":"3","error":null,"message_id":"f0d65498-24f7-4283-8601-76ff99ea0f39","conversation_id":null,"itinerary":null} @ webpack-internal:///(app-pages-browser)/./lib/chat-transport.ts:103
[   27224ms] [LOG] [ChatTransport] Received WebSocket response: {"type":"delta","content":"\",\n","error":null,"message_id":"f0d65498-24f7-4283-8601-76ff99ea0f39","conversation_id":null,"itinerary":null} @ webpack-internal:///(app-pages-browser)/./lib/chat-transport.ts:103
[   27284ms] [LOG] [ChatTransport] Received WebSocket response: {"type":"delta","content":"         ","error":null,"message_id":"f0d65498-24f7-4283-8601-76ff99ea0f39","conversation_id":null,"itinerary":null} @ webpack-internal:///(app-pages-browser)/./lib/chat-transport.ts:103
[   27301ms] [LOG] [ChatTransport] Received WebSocket response: {"type":"delta","content":" \"","error":null,"message_id":"f0d65498-24f7-4283-8601-76ff99ea0f39","conversation_id":null,"itinerary":null} @ webpack-internal:///(app-pages-browser)/./lib/chat-transport.ts:103
[   27361ms] [LOG] [ChatTransport] Received WebSocket response: {"type":"delta","content":"day","error":null,"message_id":"f0d65498-24f7-4283-8601-76ff99ea0f39","conversation_id":null,"itinerary":null} @ webpack-internal:///(app-pages-browser)/./lib/chat-transport.ts:103
[   27378ms] [LOG] [ChatTransport] Received WebSocket response: {"type":"delta","content":"wind","error":null,"message_id":"f0d65498-24f7-4283-8601-76ff99ea0f39","conversation_id":null,"itinerary":null} @ webpack-internal:///(app-pages-browser)/./lib/chat-transport.ts:103
[   27471ms] [LOG] [ChatTransport] Received WebSocket response: {"type":"delta","content":"\":","error":null,"message_id":"f0d65498-24f7-4283-8601-76ff99ea0f39","conversation_id":null,"itinerary":null} @ webpack-internal:///(app-pages-browser)/./lib/chat-transport.ts:103
[   27498ms] [LOG] [ChatTransport] Received WebSocket response: {"type":"delta","content":" \"","error":null,"message_id":"f0d65498-24f7-4283-8601-76ff99ea0f39","conversation_id":null,"itinerary":null} @ webpack-internal:///(app-pages-browser)/./lib/chat-transport.ts:103
[   27499ms] [LOG] [ChatTransport] Received WebSocket response: {"type":"delta","content":"北","error":null,"message_id":"f0d65498-24f7-4283-8601-76ff99ea0f39","conversation_id":null,"itinerary":null} @ webpack-internal:///(app-pages-browser)/./lib/chat-transport.ts:103
[   27499ms] [LOG] [ChatTransport] Received WebSocket response: {"type":"delta","content":"\",\n","error":null,"message_id":"f0d65498-24f7-4283-8601-76ff99ea0f39","conversation_id":null,"itinerary":null} @ webpack-internal:///(app-pages-browser)/./lib/chat-transport.ts:103
[   27523ms] [LOG] [ChatTransport] Received WebSocket response: {"type":"delta","content":"         ","error":null,"message_id":"f0d65498-24f7-4283-8601-76ff99ea0f39","conversation_id":null,"itinerary":null} @ webpack-internal:///(app-pages-browser)/./lib/chat-transport.ts:103
[   27545ms] [LOG] [ChatTransport] Received WebSocket response: {"type":"delta","content":" \"","error":null,"message_id":"f0d65498-24f7-4283-8601-76ff99ea0f39","conversation_id":null,"itinerary":null} @ webpack-internal:///(app-pages-browser)/./lib/chat-transport.ts:103
[   27581ms] [LOG] [ChatTransport] Received WebSocket response: {"type":"delta","content":"night","error":null,"message_id":"f0d65498-24f7-4283-8601-76ff99ea0f39","conversation_id":null,"itinerary":null} @ webpack-internal:///(app-pages-browser)/./lib/chat-transport.ts:103
[   27601ms] [LOG] [ChatTransport] Received WebSocket response: {"type":"delta","content":"wind","error":null,"message_id":"f0d65498-24f7-4283-8601-76ff99ea0f39","conversation_id":null,"itinerary":null} @ webpack-internal:///(app-pages-browser)/./lib/chat-transport.ts:103
[   27711ms] [LOG] [ChatTransport] Received WebSocket response: {"type":"delta","content":"\":","error":null,"message_id":"f0d65498-24f7-4283-8601-76ff99ea0f39","conversation_id":null,"itinerary":null} @ webpack-internal:///(app-pages-browser)/./lib/chat-transport.ts:103
[   27729ms] [LOG] [ChatTransport] Received WebSocket response: {"type":"delta","content":" \"","error":null,"message_id":"f0d65498-24f7-4283-8601-76ff99ea0f39","conversation_id":null,"itinerary":null} @ webpack-internal:///(app-pages-browser)/./lib/chat-transport.ts:103
[   27730ms] [LOG] [ChatTransport] Received WebSocket response: {"type":"delta","content":"北","error":null,"message_id":"f0d65498-24f7-4283-8601-76ff99ea0f39","conversation_id":null,"itinerary":null} @ webpack-internal:///(app-pages-browser)/./lib/chat-transport.ts:103
[   27731ms] [LOG] [ChatTransport] Received WebSocket response: {"type":"delta","content":"\",\n","error":null,"message_id":"f0d65498-24f7-4283-8601-76ff99ea0f39","conversation_id":null,"itinerary":null} @ webpack-internal:///(app-pages-browser)/./lib/chat-transport.ts:103
[   27795ms] [LOG] [ChatTransport] Received WebSocket response: {"type":"delta","content":"         ","error":null,"message_id":"f0d65498-24f7-4283-8601-76ff99ea0f39","conversation_id":null,"itinerary":null} @ webpack-internal:///(app-pages-browser)/./lib/chat-transport.ts:103
[   27815ms] [LOG] [ChatTransport] Received WebSocket response: {"type":"delta","content":" \"","error":null,"message_id":"f0d65498-24f7-4283-8601-76ff99ea0f39","conversation_id":null,"itinerary":null} @ webpack-internal:///(app-pages-browser)/./lib/chat-transport.ts:103
[   27856ms] [LOG] [ChatTransport] Received WebSocket response: {"type":"delta","content":"day","error":null,"message_id":"f0d65498-24f7-4283-8601-76ff99ea0f39","conversation_id":null,"itinerary":null} @ webpack-internal:///(app-pages-browser)/./lib/chat-transport.ts:103
[   27875ms] [LOG] [ChatTransport] Received WebSocket response: {"type":"delta","content":"power","error":null,"message_id":"f0d65498-24f7-4283-8601-76ff99ea0f39","conversation_id":null,"itinerary":null} @ webpack-internal:///(app-pages-browser)/./lib/chat-transport.ts:103
[   27898ms] [LOG] [ChatTransport] Received WebSocket response: {"type":"delta","content":"\":","error":null,"message_id":"f0d65498-24f7-4283-8601-76ff99ea0f39","conversation_id":null,"itinerary":null} @ webpack-internal:///(app-pages-browser)/./lib/chat-transport.ts:103
[   27923ms] [LOG] [ChatTransport] Received WebSocket response: {"type":"delta","content":" \"","error":null,"message_id":"f0d65498-24f7-4283-8601-76ff99ea0f39","conversation_id":null,"itinerary":null} @ webpack-internal:///(app-pages-browser)/./lib/chat-transport.ts:103
[   28018ms] [LOG] [ChatTransport] Received WebSocket response: {"type":"delta","content":"≤","error":null,"message_id":"f0d65498-24f7-4283-8601-76ff99ea0f39","conversation_id":null,"itinerary":null} @ webpack-internal:///(app-pages-browser)/./lib/chat-transport.ts:103
[   28039ms] [LOG] [ChatTransport] Received WebSocket response: {"type":"delta","content":"3","error":null,"message_id":"f0d65498-24f7-4283-8601-76ff99ea0f39","conversation_id":null,"itinerary":null} @ webpack-internal:///(app-pages-browser)/./lib/chat-transport.ts:103
[   28058ms] [LOG] [ChatTransport] Received WebSocket response: {"type":"delta","content":"\",\n","error":null,"message_id":"f0d65498-24f7-4283-8601-76ff99ea0f39","conversation_id":null,"itinerary":null} @ webpack-internal:///(app-pages-browser)/./lib/chat-transport.ts:103
[   28079ms] [LOG] [ChatTransport] Received WebSocket response: {"type":"delta","content":"         ","error":null,"message_id":"f0d65498-24f7-4283-8601-76ff99ea0f39","conversation_id":null,"itinerary":null} @ webpack-internal:///(app-pages-browser)/./lib/chat-transport.ts:103
[   28100ms] [LOG] [ChatTransport] Received WebSocket response: {"type":"delta","content":" \"","error":null,"message_id":"f0d65498-24f7-4283-8601-76ff99ea0f39","conversation_id":null,"itinerary":null} @ webpack-internal:///(app-pages-browser)/./lib/chat-transport.ts:103
[   28124ms] [LOG] [ChatTransport] Received WebSocket response: {"type":"delta","content":"night","error":null,"message_id":"f0d65498-24f7-4283-8601-76ff99ea0f39","conversation_id":null,"itinerary":null} @ webpack-internal:///(app-pages-browser)/./lib/chat-transport.ts:103
[   28156ms] [LOG] [ChatTransport] Received WebSocket response: {"type":"delta","content":"power","error":null,"message_id":"f0d65498-24f7-4283-8601-76ff99ea0f39","conversation_id":null,"itinerary":null} @ webpack-internal:///(app-pages-browser)/./lib/chat-transport.ts:103
[   28180ms] [LOG] [ChatTransport] Received WebSocket response: {"type":"delta","content":"\":","error":null,"message_id":"f0d65498-24f7-4283-8601-76ff99ea0f39","conversation_id":null,"itinerary":null} @ webpack-internal:///(app-pages-browser)/./lib/chat-transport.ts:103
[   28222ms] [LOG] [ChatTransport] Received WebSocket response: {"type":"delta","content":" \"","error":null,"message_id":"f0d65498-24f7-4283-8601-76ff99ea0f39","conversation_id":null,"itinerary":null} @ webpack-internal:///(app-pages-browser)/./lib/chat-transport.ts:103
[   28239ms] [LOG] [ChatTransport] Received WebSocket response: {"type":"delta","content":"≤","error":null,"message_id":"f0d65498-24f7-4283-8601-76ff99ea0f39","conversation_id":null,"itinerary":null} @ webpack-internal:///(app-pages-browser)/./lib/chat-transport.ts:103
[   28284ms] [LOG] [ChatTransport] Received WebSocket response: {"type":"delta","content":"3","error":null,"message_id":"f0d65498-24f7-4283-8601-76ff99ea0f39","conversation_id":null,"itinerary":null} @ webpack-internal:///(app-pages-browser)/./lib/chat-transport.ts:103
[   28307ms] [LOG] [ChatTransport] Received WebSocket response: {"type":"delta","content":"\"\n","error":null,"message_id":"f0d65498-24f7-4283-8601-76ff99ea0f39","conversation_id":null,"itinerary":null} @ webpack-internal:///(app-pages-browser)/./lib/chat-transport.ts:103
[   28350ms] [LOG] [ChatTransport] Received WebSocket response: {"type":"delta","content":"       ","error":null,"message_id":"f0d65498-24f7-4283-8601-76ff99ea0f39","conversation_id":null,"itinerary":null} @ webpack-internal:///(app-pages-browser)/./lib/chat-transport.ts:103
[   28352ms] [LOG] [ChatTransport] Received WebSocket response: {"type":"delta","content":" },\n","error":null,"message_id":"f0d65498-24f7-4283-8601-76ff99ea0f39","conversation_id":null,"itinerary":null} @ webpack-internal:///(app-pages-browser)/./lib/chat-transport.ts:103
[   28410ms] [LOG] [ChatTransport] Received WebSocket response: {"type":"delta","content":"       ","error":null,"message_id":"f0d65498-24f7-4283-8601-76ff99ea0f39","conversation_id":null,"itinerary":null} @ webpack-internal:///(app-pages-browser)/./lib/chat-transport.ts:103
[   28426ms] [LOG] [ChatTransport] Received WebSocket response: {"type":"delta","content":" {\n","error":null,"message_id":"f0d65498-24f7-4283-8601-76ff99ea0f39","conversation_id":null,"itinerary":null} @ webpack-internal:///(app-pages-browser)/./lib/chat-transport.ts:103
[   28466ms] [LOG] [ChatTransport] Received WebSocket response: {"type":"delta","content":"         ","error":null,"message_id":"f0d65498-24f7-4283-8601-76ff99ea0f39","conversation_id":null,"itinerary":null} @ webpack-internal:///(app-pages-browser)/./lib/chat-transport.ts:103
[   28483ms] [LOG] [ChatTransport] Received WebSocket response: {"type":"delta","content":" \"","error":null,"message_id":"f0d65498-24f7-4283-8601-76ff99ea0f39","conversation_id":null,"itinerary":null} @ webpack-internal:///(app-pages-browser)/./lib/chat-transport.ts:103
[   28534ms] [LOG] [ChatTransport] Received WebSocket response: {"type":"delta","content":"date","error":null,"message_id":"f0d65498-24f7-4283-8601-76ff99ea0f39","conversation_id":null,"itinerary":null} @ webpack-internal:///(app-pages-browser)/./lib/chat-transport.ts:103
[   28557ms] [LOG] [ChatTransport] Received WebSocket response: {"type":"delta","content":"\":","error":null,"message_id":"f0d65498-24f7-4283-8601-76ff99ea0f39","conversation_id":null,"itinerary":null} @ webpack-internal:///(app-pages-browser)/./lib/chat-transport.ts:103
[   28620ms] [LOG] [ChatTransport] Received WebSocket response: {"type":"delta","content":" \"","error":null,"message_id":"f0d65498-24f7-4283-8601-76ff99ea0f39","conversation_id":null,"itinerary":null} @ webpack-internal:///(app-pages-browser)/./lib/chat-transport.ts:103
[   28640ms] [LOG] [ChatTransport] Received WebSocket response: {"type":"delta","content":"202","error":null,"message_id":"f0d65498-24f7-4283-8601-76ff99ea0f39","conversation_id":null,"itinerary":null} @ webpack-internal:///(app-pages-browser)/./lib/chat-transport.ts:103
[   28685ms] [LOG] [ChatTransport] Received WebSocket response: {"type":"delta","content":"4","error":null,"message_id":"f0d65498-24f7-4283-8601-76ff99ea0f39","conversation_id":null,"itinerary":null} @ webpack-internal:///(app-pages-browser)/./lib/chat-transport.ts:103
[   28705ms] [LOG] [ChatTransport] Received WebSocket response: {"type":"delta","content":"-","error":null,"message_id":"f0d65498-24f7-4283-8601-76ff99ea0f39","conversation_id":null,"itinerary":null} @ webpack-internal:///(app-pages-browser)/./lib/chat-transport.ts:103
[   28741ms] [LOG] [ChatTransport] Received WebSocket response: {"type":"delta","content":"12","error":null,"message_id":"f0d65498-24f7-4283-8601-76ff99ea0f39","conversation_id":null,"itinerary":null} @ webpack-internal:///(app-pages-browser)/./lib/chat-transport.ts:103
[   28748ms] [LOG] [ChatTransport] Received WebSocket response: {"type":"delta","content":"-","error":null,"message_id":"f0d65498-24f7-4283-8601-76ff99ea0f39","conversation_id":null,"itinerary":null} @ webpack-internal:///(app-pages-browser)/./lib/chat-transport.ts:103
[   28829ms] [LOG] [ChatTransport] Received WebSocket response: {"type":"delta","content":"07","error":null,"message_id":"f0d65498-24f7-4283-8601-76ff99ea0f39","conversation_id":null,"itinerary":null} @ webpack-internal:///(app-pages-browser)/./lib/chat-transport.ts:103
[   28834ms] [LOG] [ChatTransport] Received WebSocket response: {"type":"delta","content":"\",\n","error":null,"message_id":"f0d65498-24f7-4283-8601-76ff99ea0f39","conversation_id":null,"itinerary":null} @ webpack-internal:///(app-pages-browser)/./lib/chat-transport.ts:103
[   28877ms] [LOG] [ChatTransport] Received WebSocket response: {"type":"delta","content":"         ","error":null,"message_id":"f0d65498-24f7-4283-8601-76ff99ea0f39","conversation_id":null,"itinerary":null} @ webpack-internal:///(app-pages-browser)/./lib/chat-transport.ts:103
[   28895ms] [LOG] [ChatTransport] Received WebSocket response: {"type":"delta","content":" \"","error":null,"message_id":"f0d65498-24f7-4283-8601-76ff99ea0f39","conversation_id":null,"itinerary":null} @ webpack-internal:///(app-pages-browser)/./lib/chat-transport.ts:103
[   28937ms] [LOG] [ChatTransport] Received WebSocket response: {"type":"delta","content":"week","error":null,"message_id":"f0d65498-24f7-4283-8601-76ff99ea0f39","conversation_id":null,"itinerary":null} @ webpack-internal:///(app-pages-browser)/./lib/chat-transport.ts:103
[   28953ms] [LOG] [ChatTransport] Received WebSocket response: {"type":"delta","content":"\":","error":null,"message_id":"f0d65498-24f7-4283-8601-76ff99ea0f39","conversation_id":null,"itinerary":null} @ webpack-internal:///(app-pages-browser)/./lib/chat-transport.ts:103
[   28985ms] [LOG] [ChatTransport] Received WebSocket response: {"type":"delta","content":" \"","error":null,"message_id":"f0d65498-24f7-4283-8601-76ff99ea0f39","conversation_id":null,"itinerary":null} @ webpack-internal:///(app-pages-browser)/./lib/chat-transport.ts:103
[   29006ms] [LOG] [ChatTransport] Received WebSocket response: {"type":"delta","content":"6","error":null,"message_id":"f0d65498-24f7-4283-8601-76ff99ea0f39","conversation_id":null,"itinerary":null} @ webpack-internal:///(app-pages-browser)/./lib/chat-transport.ts:103
[   29118ms] [LOG] [ChatTransport] Received WebSocket response: {"type":"delta","content":"\",\n","error":null,"message_id":"f0d65498-24f7-4283-8601-76ff99ea0f39","conversation_id":null,"itinerary":null} @ webpack-internal:///(app-pages-browser)/./lib/chat-transport.ts:103
[   29146ms] [LOG] [ChatTransport] Received WebSocket response: {"type":"delta","content":"         ","error":null,"message_id":"f0d65498-24f7-4283-8601-76ff99ea0f39","conversation_id":null,"itinerary":null} @ webpack-internal:///(app-pages-browser)/./lib/chat-transport.ts:103
[   29199ms] [LOG] [ChatTransport] Received WebSocket response: {"type":"delta","content":" \"","error":null,"message_id":"f0d65498-24f7-4283-8601-76ff99ea0f39","conversation_id":null,"itinerary":null} @ webpack-internal:///(app-pages-browser)/./lib/chat-transport.ts:103
[   29220ms] [LOG] [ChatTransport] Received WebSocket response: {"type":"delta","content":"day","error":null,"message_id":"f0d65498-24f7-4283-8601-76ff99ea0f39","conversation_id":null,"itinerary":null} @ webpack-internal:///(app-pages-browser)/./lib/chat-transport.ts:103
[   29220ms] [LOG] [ChatTransport] Received WebSocket response: {"type":"delta","content":"weather","error":null,"message_id":"f0d65498-24f7-4283-8601-76ff99ea0f39","conversation_id":null,"itinerary":null} @ webpack-internal:///(app-pages-browser)/./lib/chat-transport.ts:103
[   29221ms] [LOG] [ChatTransport] Received WebSocket response: {"type":"delta","content":"\":","error":null,"message_id":"f0d65498-24f7-4283-8601-76ff99ea0f39","conversation_id":null,"itinerary":null} @ webpack-internal:///(app-pages-browser)/./lib/chat-transport.ts:103
[   29235ms] [LOG] [ChatTransport] Received WebSocket response: {"type":"delta","content":" \"","error":null,"message_id":"f0d65498-24f7-4283-8601-76ff99ea0f39","conversation_id":null,"itinerary":null} @ webpack-internal:///(app-pages-browser)/./lib/chat-transport.ts:103
[   29254ms] [LOG] [ChatTransport] Received WebSocket response: {"type":"delta","content":"晴","error":null,"message_id":"f0d65498-24f7-4283-8601-76ff99ea0f39","conversation_id":null,"itinerary":null} @ webpack-internal:///(app-pages-browser)/./lib/chat-transport.ts:103
[   29298ms] [LOG] [ChatTransport] Received WebSocket response: {"type":"delta","content":"\",\n","error":null,"message_id":"f0d65498-24f7-4283-8601-76ff99ea0f39","conversation_id":null,"itinerary":null} @ webpack-internal:///(app-pages-browser)/./lib/chat-transport.ts:103
[   29317ms] [LOG] [ChatTransport] Received WebSocket response: {"type":"delta","content":"         ","error":null,"message_id":"f0d65498-24f7-4283-8601-76ff99ea0f39","conversation_id":null,"itinerary":null} @ webpack-internal:///(app-pages-browser)/./lib/chat-transport.ts:103
[   29390ms] [LOG] [ChatTransport] Received WebSocket response: {"type":"delta","content":" \"","error":null,"message_id":"f0d65498-24f7-4283-8601-76ff99ea0f39","conversation_id":null,"itinerary":null} @ webpack-internal:///(app-pages-browser)/./lib/chat-transport.ts:103
[   29418ms] [LOG] [ChatTransport] Received WebSocket response: {"type":"delta","content":"night","error":null,"message_id":"f0d65498-24f7-4283-8601-76ff99ea0f39","conversation_id":null,"itinerary":null} @ webpack-internal:///(app-pages-browser)/./lib/chat-transport.ts:103
[   29439ms] [LOG] [ChatTransport] Received WebSocket response: {"type":"delta","content":"weather","error":null,"message_id":"f0d65498-24f7-4283-8601-76ff99ea0f39","conversation_id":null,"itinerary":null} @ webpack-internal:///(app-pages-browser)/./lib/chat-transport.ts:103
[   29459ms] [LOG] [ChatTransport] Received WebSocket response: {"type":"delta","content":"\":","error":null,"message_id":"f0d65498-24f7-4283-8601-76ff99ea0f39","conversation_id":null,"itinerary":null} @ webpack-internal:///(app-pages-browser)/./lib/chat-transport.ts:103
