[    5773ms] [INFO] %cDownload the React DevTools for a better development experience: https://react.dev/link/react-devtools font-weight:bold @ webpack-internal:///(app-pages-browser)/./node_modules/next/dist/compiled/react-dom/cjs/react-dom-client.development.js:25630
[    6292ms] [WARNING] WebSocket connection to 'ws://localhost:8000/ws/chat' failed: WebSocket is closed before the connection is established. @ webpack-internal:///(app-pages-browser)/./lib/chat-transport.ts:84
[    6319ms] [ERROR] [ChatTransport] WebSocket error: Event @ webpack-internal:///(app-pages-browser)/./node_modules/next/dist/next-devtools/userspace/app/errors/intercept-console-error.js:56
[    6320ms] [ERROR] Event @ webpack-internal:///(app-pages-browser)/./node_modules/next/dist/next-devtools/userspace/app/errors/intercept-console-error.js:56
[    6320ms] [LOG] [ChatTransport] WebSocket disconnected 1006  @ webpack-internal:///(app-pages-browser)/./lib/chat-transport.ts:63
[    6320ms] [LOG] [ChatTransport] Reconnecting... (1/5) @ webpack-internal:///(app-pages-browser)/./lib/chat-transport.ts:69
[    6405ms] [LOG] [Chat] User initialized: 5682098a-968f-4ac5-9db5-8c259789bc66 @ webpack-internal:///(app-pages-browser)/./app/chat/page.tsx:55
[    6426ms] [LOG] [Chat] User initialized: eeb302d6-8bd3-44f6-857a-d3d423edb488 @ webpack-internal:///(app-pages-browser)/./app/chat/page.tsx:55
[    6426ms] [LOG] [Chat] User ID set to transport: 5682098a-968f-4ac5-9db5-8c259789bc66 @ webpack-internal:///(app-pages-browser)/./app/chat/page.tsx:98
[    6442ms] [LOG] [Chat] User ID set to transport: eeb302d6-8bd3-44f6-857a-d3d423edb488 @ webpack-internal:///(app-pages-browser)/./app/chat/page.tsx:98
[    6613ms] [LOG] [ChatTransport] WebSocket connected @ webpack-internal:///(app-pages-browser)/./lib/chat-transport.ts:29
[    7652ms] [LOG] [ChatTransport] WebSocket connected @ webpack-internal:///(app-pages-browser)/./lib/chat-transport.ts:29
[   25300ms] [LOG] [ChatTransport] sendMessage called, content: 帮我规划一个北京3日游行程 @ webpack-internal:///(app-pages-browser)/./lib/chat-transport.ts:109
[   25300ms] [LOG] [ChatTransport] isConnected: true ws.readyState: 1 @ webpack-internal:///(app-pages-browser)/./lib/chat-transport.ts:110
[   25300ms] [LOG] [ChatTransport] has_image: false @ webpack-internal:///(app-pages-browser)/./lib/chat-transport.ts:111
[   25301ms] [LOG] [ChatTransport] Sending WebSocket message: msg_1776429996369_9d21i0w 帮我规划一个北京3日游行程 @ webpack-internal:///(app-pages-browser)/./lib/chat-transport.ts:126
[   25301ms] [LOG] [ChatTransport] Setting currentResponseHandler @ webpack-internal:///(app-pages-browser)/./lib/chat-transport.ts:179
[   25301ms] [LOG] [ChatTransport] send() called, isConnected: true readyState: 1 @ webpack-internal:///(app-pages-browser)/./lib/chat-transport.ts:97
[   25301ms] [LOG] [ChatTransport] Sending WebSocket data: {"type":"message","session_id":"session_1776429977364_l771v55","user_id":"eeb302d6-8bd3-44f6-857a-d3d423edb488","content":"帮我规划一个北京3日游行程","has_image":false} @ webpack-internal:///(app-pages-browser)/./lib/chat-transport.ts:99
[   39186ms] [LOG] [ChatTransport] onmessage triggered, has currentResponseHandler: true @ webpack-internal:///(app-pages-browser)/./lib/chat-transport.ts:41
[   39186ms] [LOG] [ChatTransport] responseHandler called, data: {"type":"stage","content":null,"error":null,"message_id":"72698bb7-cc41-4c37-8839-4aa36718cf5f","conversation_id":null,"itinerary":null,"stage":{"name":"1_INTENT","status":"start","label":"🔍 意图识别","message":"正在分析您的需求..."}} @ webpack-internal:///(app-pages-browser)/./lib/chat-transport.ts:137
[   39187ms] [LOG] [ChatTransport] Stage update: {name: 1_INTENT, status: start, label: 🔍 意图识别, message: 正在分析您的需求...} @ webpack-internal:///(app-pages-browser)/./lib/chat-transport.ts:147
[   39216ms] [LOG] [ChatTransport] onmessage triggered, has currentResponseHandler: true @ webpack-internal:///(app-pages-browser)/./lib/chat-transport.ts:41
[   39216ms] [LOG] [ChatTransport] responseHandler called, data: {"type":"stage","content":null,"error":null,"message_id":"72698bb7-cc41-4c37-8839-4aa36718cf5f","conversation_id":null,"itinerary":null,"stage":{"name":"1_INTENT","status":"end","label":"🔍 意图识别","message":"正在分析您的需求..."}} @ webpack-internal:///(app-pages-browser)/./lib/chat-transport.ts:137
[   39217ms] [LOG] [ChatTransport] Stage update: {name: 1_INTENT, status: end, label: 🔍 意图识别, message: 正在分析您的需求...} @ webpack-internal:///(app-pages-browser)/./lib/chat-transport.ts:147
[   39217ms] [LOG] [ChatTransport] onmessage triggered, has currentResponseHandler: true @ webpack-internal:///(app-pages-browser)/./lib/chat-transport.ts:41
[   39218ms] [LOG] [ChatTransport] responseHandler called, data: {"type":"stage","content":null,"error":null,"message_id":"72698bb7-cc41-4c37-8839-4aa36718cf5f","conversation_id":null,"itinerary":null,"stage":{"name":"2_STORAGE","status":"start","label":"📚 加载历史","message":"正在加载对话历史..."}} @ webpack-internal:///(app-pages-browser)/./lib/chat-transport.ts:137
[   39218ms] [LOG] [ChatTransport] Stage update: {name: 2_STORAGE, status: start, label: 📚 加载历史, message: 正在加载对话历史...} @ webpack-internal:///(app-pages-browser)/./lib/chat-transport.ts:147
[   39218ms] [LOG] [ChatTransport] onmessage triggered, has currentResponseHandler: true @ webpack-internal:///(app-pages-browser)/./lib/chat-transport.ts:41
[   39218ms] [LOG] [ChatTransport] responseHandler called, data: {"type":"stage","content":null,"error":null,"message_id":"72698bb7-cc41-4c37-8839-4aa36718cf5f","conversation_id":null,"itinerary":null,"stage":{"name":"2_STORAGE","status":"end","label":"📚 加载历史","message":"正在加载对话历史..."}} @ webpack-internal:///(app-pages-browser)/./lib/chat-transport.ts:137
[   39218ms] [LOG] [ChatTransport] Stage update: {name: 2_STORAGE, status: end, label: 📚 加载历史, message: 正在加载对话历史...} @ webpack-internal:///(app-pages-browser)/./lib/chat-transport.ts:147
[   39219ms] [LOG] [ChatTransport] onmessage triggered, has currentResponseHandler: true @ webpack-internal:///(app-pages-browser)/./lib/chat-transport.ts:41
[   39219ms] [LOG] [ChatTransport] responseHandler called, data: {"type":"stage","content":null,"error":null,"message_id":"72698bb7-cc41-4c37-8839-4aa36718cf5f","conversation_id":null,"itinerary":null,"stage":{"name":"3_CTX_CLEAN","status":"start","label":"🧹 上下文清理","message":"正在整理上下文信息..."}} @ webpack-internal:///(app-pages-browser)/./lib/chat-transport.ts:137
[   39219ms] [LOG] [ChatTransport] Stage update: {name: 3_CTX_CLEAN, status: start, label: 🧹 上下文清理, message: 正在整理上下文信息...} @ webpack-internal:///(app-pages-browser)/./lib/chat-transport.ts:147
[   39219ms] [LOG] [ChatTransport] onmessage triggered, has currentResponseHandler: true @ webpack-internal:///(app-pages-browser)/./lib/chat-transport.ts:41
[   39220ms] [LOG] [ChatTransport] responseHandler called, data: {"type":"stage","content":null,"error":null,"message_id":"72698bb7-cc41-4c37-8839-4aa36718cf5f","conversation_id":null,"itinerary":null,"stage":{"name":"3_CTX_CLEAN","status":"skip","label":"🧹 上下文清理","message":"正在整理上下文信息..."}} @ webpack-internal:///(app-pages-browser)/./lib/chat-transport.ts:137
[   39220ms] [LOG] [ChatTransport] Stage update: {name: 3_CTX_CLEAN, status: skip, label: 🧹 上下文清理, message: 正在整理上下文信息...} @ webpack-internal:///(app-pages-browser)/./lib/chat-transport.ts:147
[   39220ms] [LOG] [ChatTransport] onmessage triggered, has currentResponseHandler: true @ webpack-internal:///(app-pages-browser)/./lib/chat-transport.ts:41
[   39220ms] [LOG] [ChatTransport] responseHandler called, data: {"type":"stage","content":null,"error":null,"message_id":"72698bb7-cc41-4c37-8839-4aa36718cf5f","conversation_id":null,"itinerary":null,"stage":{"name":"4_TOOLS","status":"start","label":"🔧 工具调用","message":"正在获取实时数据..."}} @ webpack-internal:///(app-pages-browser)/./lib/chat-transport.ts:137
[   39220ms] [LOG] [ChatTransport] Stage update: {name: 4_TOOLS, status: start, label: 🔧 工具调用, message: 正在获取实时数据...} @ webpack-internal:///(app-pages-browser)/./lib/chat-transport.ts:147
[   46589ms] [LOG] [ChatTransport] onmessage triggered, has currentResponseHandler: true @ webpack-internal:///(app-pages-browser)/./lib/chat-transport.ts:41
[   46590ms] [LOG] [ChatTransport] responseHandler called, data: {"type":"stage","content":null,"error":null,"message_id":"72698bb7-cc41-4c37-8839-4aa36718cf5f","conversation_id":null,"itinerary":null,"stage":{"name":"4_TOOLS","status":"end","label":"🔧 工具调用","message":"正在获取实时数据..."}} @ webpack-internal:///(app-pages-browser)/./lib/chat-transport.ts:137
[   46591ms] [LOG] [ChatTransport] Stage update: {name: 4_TOOLS, status: end, label: 🔧 工具调用, message: 正在获取实时数据...} @ webpack-internal:///(app-pages-browser)/./lib/chat-transport.ts:147
[   46619ms] [LOG] [ChatTransport] onmessage triggered, has currentResponseHandler: true @ webpack-internal:///(app-pages-browser)/./lib/chat-transport.ts:41
[   46620ms] [LOG] [ChatTransport] responseHandler called, data: {"type":"stage","content":null,"error":null,"message_id":"72698bb7-cc41-4c37-8839-4aa36718cf5f","conversation_id":null,"itinerary":null,"stage":{"name":"5_CONTEXT","status":"start","label":"🔗 整合信息","message":"正在整合相关信息..."}} @ webpack-internal:///(app-pages-browser)/./lib/chat-transport.ts:137
[   46620ms] [LOG] [ChatTransport] Stage update: {name: 5_CONTEXT, status: start, label: 🔗 整合信息, message: 正在整合相关信息...} @ webpack-internal:///(app-pages-browser)/./lib/chat-transport.ts:147
[   46969ms] [LOG] [ChatTransport] onmessage triggered, has currentResponseHandler: true @ webpack-internal:///(app-pages-browser)/./lib/chat-transport.ts:41
[   46970ms] [LOG] [ChatTransport] responseHandler called, data: {"type":"stage","content":null,"error":null,"message_id":"72698bb7-cc41-4c37-8839-4aa36718cf5f","conversation_id":null,"itinerary":null,"stage":{"name":"5_CONTEXT","status":"end","label":"🔗 整合信息","message":"正在整合相关信息..."}} @ webpack-internal:///(app-pages-browser)/./lib/chat-transport.ts:137
[   46971ms] [LOG] [ChatTransport] Stage update: {name: 5_CONTEXT, status: end, label: 🔗 整合信息, message: 正在整合相关信息...} @ webpack-internal:///(app-pages-browser)/./lib/chat-transport.ts:147
[   46984ms] [LOG] [ChatTransport] onmessage triggered, has currentResponseHandler: true @ webpack-internal:///(app-pages-browser)/./lib/chat-transport.ts:41
[   46984ms] [LOG] [ChatTransport] responseHandler called, data: {"type":"stage","content":null,"error":null,"message_id":"72698bb7-cc41-4c37-8839-4aa36718cf5f","conversation_id":null,"itinerary":null,"stage":{"name":"6_LLM","status":"start","label":"✨ 生成回复","message":"正在生成回复内容..."}} @ webpack-internal:///(app-pages-browser)/./lib/chat-transport.ts:137
[   46984ms] [LOG] [ChatTransport] Stage update: {name: 6_LLM, status: start, label: ✨ 生成回复, message: 正在生成回复内容...} @ webpack-internal:///(app-pages-browser)/./lib/chat-transport.ts:147
[   48190ms] [LOG] [ChatTransport] onmessage triggered, has currentResponseHandler: true @ webpack-internal:///(app-pages-browser)/./lib/chat-transport.ts:41
[   48191ms] [LOG] [ChatTransport] responseHandler called, data: {"type":"delta","content":"好的","error":null,"message_id":"72698bb7-cc41-4c37-8839-4aa36718cf5f","conversation_id":null,"itinerary":null,"stage":null} @ webpack-internal:///(app-pages-browser)/./lib/chat-transport.ts:137
[   48404ms] [LOG] [ChatTransport] onmessage triggered, has currentResponseHandler: true @ webpack-internal:///(app-pages-browser)/./lib/chat-transport.ts:41
[   48405ms] [LOG] [ChatTransport] responseHandler called, data: {"type":"delta","content":"，","error":null,"message_id":"72698bb7-cc41-4c37-8839-4aa36718cf5f","conversation_id":null,"itinerary":null,"stage":null} @ webpack-internal:///(app-pages-browser)/./lib/chat-transport.ts:137
[   48455ms] [LOG] [ChatTransport] onmessage triggered, has currentResponseHandler: true @ webpack-internal:///(app-pages-browser)/./lib/chat-transport.ts:41
[   48456ms] [LOG] [ChatTransport] responseHandler called, data: {"type":"delta","content":"非常","error":null,"message_id":"72698bb7-cc41-4c37-8839-4aa36718cf5f","conversation_id":null,"itinerary":null,"stage":null} @ webpack-internal:///(app-pages-browser)/./lib/chat-transport.ts:137
[   48607ms] [LOG] [ChatTransport] onmessage triggered, has currentResponseHandler: true @ webpack-internal:///(app-pages-browser)/./lib/chat-transport.ts:41
[   48607ms] [LOG] [ChatTransport] responseHandler called, data: {"type":"delta","content":"乐","error":null,"message_id":"72698bb7-cc41-4c37-8839-4aa36718cf5f","conversation_id":null,"itinerary":null,"stage":null} @ webpack-internal:///(app-pages-browser)/./lib/chat-transport.ts:137
[   48625ms] [LOG] [ChatTransport] onmessage triggered, has currentResponseHandler: true @ webpack-internal:///(app-pages-browser)/./lib/chat-transport.ts:41
[   48625ms] [LOG] [ChatTransport] responseHandler called, data: {"type":"delta","content":"意为","error":null,"message_id":"72698bb7-cc41-4c37-8839-4aa36718cf5f","conversation_id":null,"itinerary":null,"stage":null} @ webpack-internal:///(app-pages-browser)/./lib/chat-transport.ts:137
[   48644ms] [LOG] [ChatTransport] onmessage triggered, has currentResponseHandler: true @ webpack-internal:///(app-pages-browser)/./lib/chat-transport.ts:41
[   48644ms] [LOG] [ChatTransport] responseHandler called, data: {"type":"delta","content":"您","error":null,"message_id":"72698bb7-cc41-4c37-8839-4aa36718cf5f","conversation_id":null,"itinerary":null,"stage":null} @ webpack-internal:///(app-pages-browser)/./lib/chat-transport.ts:137
[   48661ms] [LOG] [ChatTransport] onmessage triggered, has currentResponseHandler: true @ webpack-internal:///(app-pages-browser)/./lib/chat-transport.ts:41
[   48661ms] [LOG] [ChatTransport] responseHandler called, data: {"type":"delta","content":"规划","error":null,"message_id":"72698bb7-cc41-4c37-8839-4aa36718cf5f","conversation_id":null,"itinerary":null,"stage":null} @ webpack-internal:///(app-pages-browser)/./lib/chat-transport.ts:137
[   48680ms] [LOG] [ChatTransport] onmessage triggered, has currentResponseHandler: true @ webpack-internal:///(app-pages-browser)/./lib/chat-transport.ts:41
[   48680ms] [LOG] [ChatTransport] responseHandler called, data: {"type":"delta","content":"一个","error":null,"message_id":"72698bb7-cc41-4c37-8839-4aa36718cf5f","conversation_id":null,"itinerary":null,"stage":null} @ webpack-internal:///(app-pages-browser)/./lib/chat-transport.ts:137
[   48681ms] [LOG] [ChatTransport] onmessage triggered, has currentResponseHandler: true @ webpack-internal:///(app-pages-browser)/./lib/chat-transport.ts:41
[   48681ms] [LOG] [ChatTransport] responseHandler called, data: {"type":"delta","content":"北京","error":null,"message_id":"72698bb7-cc41-4c37-8839-4aa36718cf5f","conversation_id":null,"itinerary":null,"stage":null} @ webpack-internal:///(app-pages-browser)/./lib/chat-transport.ts:137
[   48709ms] [LOG] [ChatTransport] onmessage triggered, has currentResponseHandler: true @ webpack-internal:///(app-pages-browser)/./lib/chat-transport.ts:41
[   48709ms] [LOG] [ChatTransport] responseHandler called, data: {"type":"delta","content":"3","error":null,"message_id":"72698bb7-cc41-4c37-8839-4aa36718cf5f","conversation_id":null,"itinerary":null,"stage":null} @ webpack-internal:///(app-pages-browser)/./lib/chat-transport.ts:137
[   48727ms] [LOG] [ChatTransport] onmessage triggered, has currentResponseHandler: true @ webpack-internal:///(app-pages-browser)/./lib/chat-transport.ts:41
[   48727ms] [LOG] [ChatTransport] responseHandler called, data: {"type":"delta","content":"日","error":null,"message_id":"72698bb7-cc41-4c37-8839-4aa36718cf5f","conversation_id":null,"itinerary":null,"stage":null} @ webpack-internal:///(app-pages-browser)/./lib/chat-transport.ts:137
[   48770ms] [LOG] [ChatTransport] onmessage triggered, has currentResponseHandler: true @ webpack-internal:///(app-pages-browser)/./lib/chat-transport.ts:41
[   48771ms] [LOG] [ChatTransport] responseHandler called, data: {"type":"delta","content":"游","error":null,"message_id":"72698bb7-cc41-4c37-8839-4aa36718cf5f","conversation_id":null,"itinerary":null,"stage":null} @ webpack-internal:///(app-pages-browser)/./lib/chat-transport.ts:137
[   48784ms] [LOG] [ChatTransport] onmessage triggered, has currentResponseHandler: true @ webpack-internal:///(app-pages-browser)/./lib/chat-transport.ts:41
[   48785ms] [LOG] [ChatTransport] responseHandler called, data: {"type":"delta","content":"的","error":null,"message_id":"72698bb7-cc41-4c37-8839-4aa36718cf5f","conversation_id":null,"itinerary":null,"stage":null} @ webpack-internal:///(app-pages-browser)/./lib/chat-transport.ts:137
[   48839ms] [LOG] [ChatTransport] onmessage triggered, has currentResponseHandler: true @ webpack-internal:///(app-pages-browser)/./lib/chat-transport.ts:41
[   48839ms] [LOG] [ChatTransport] responseHandler called, data: {"type":"delta","content":"行程","error":null,"message_id":"72698bb7-cc41-4c37-8839-4aa36718cf5f","conversation_id":null,"itinerary":null,"stage":null} @ webpack-internal:///(app-pages-browser)/./lib/chat-transport.ts:137
[   48849ms] [LOG] [ChatTransport] onmessage triggered, has currentResponseHandler: true @ webpack-internal:///(app-pages-browser)/./lib/chat-transport.ts:41
[   48849ms] [LOG] [ChatTransport] responseHandler called, data: {"type":"delta","content":"。","error":null,"message_id":"72698bb7-cc41-4c37-8839-4aa36718cf5f","conversation_id":null,"itinerary":null,"stage":null} @ webpack-internal:///(app-pages-browser)/./lib/chat-transport.ts:137
[   48895ms] [LOG] [ChatTransport] onmessage triggered, has currentResponseHandler: true @ webpack-internal:///(app-pages-browser)/./lib/chat-transport.ts:41
[   48895ms] [LOG] [ChatTransport] responseHandler called, data: {"type":"delta","content":"北京","error":null,"message_id":"72698bb7-cc41-4c37-8839-4aa36718cf5f","conversation_id":null,"itinerary":null,"stage":null} @ webpack-internal:///(app-pages-browser)/./lib/chat-transport.ts:137
[   48971ms] [LOG] [ChatTransport] onmessage triggered, has currentResponseHandler: true @ webpack-internal:///(app-pages-browser)/./lib/chat-transport.ts:41
[   48971ms] [LOG] [ChatTransport] responseHandler called, data: {"type":"delta","content":"作为","error":null,"message_id":"72698bb7-cc41-4c37-8839-4aa36718cf5f","conversation_id":null,"itinerary":null,"stage":null} @ webpack-internal:///(app-pages-browser)/./lib/chat-transport.ts:137
[   48985ms] [LOG] [ChatTransport] onmessage triggered, has currentResponseHandler: true @ webpack-internal:///(app-pages-browser)/./lib/chat-transport.ts:41
[   48985ms] [LOG] [ChatTransport] responseHandler called, data: {"type":"delta","content":"历史文化","error":null,"message_id":"72698bb7-cc41-4c37-8839-4aa36718cf5f","conversation_id":null,"itinerary":null,"stage":null} @ webpack-internal:///(app-pages-browser)/./lib/chat-transport.ts:137
[   49141ms] [LOG] [ChatTransport] onmessage triggered, has currentResponseHandler: true @ webpack-internal:///(app-pages-browser)/./lib/chat-transport.ts:41
[   49141ms] [LOG] [ChatTransport] responseHandler called, data: {"type":"delta","content":"名城","error":null,"message_id":"72698bb7-cc41-4c37-8839-4aa36718cf5f","conversation_id":null,"itinerary":null,"stage":null} @ webpack-internal:///(app-pages-browser)/./lib/chat-transport.ts:137
[   49164ms] [LOG] [ChatTransport] onmessage triggered, has currentResponseHandler: true @ webpack-internal:///(app-pages-browser)/./lib/chat-transport.ts:41
[   49164ms] [LOG] [ChatTransport] responseHandler called, data: {"type":"delta","content":"，","error":null,"message_id":"72698bb7-cc41-4c37-8839-4aa36718cf5f","conversation_id":null,"itinerary":null,"stage":null} @ webpack-internal:///(app-pages-browser)/./lib/chat-transport.ts:137
[   49165ms] [LOG] [ChatTransport] onmessage triggered, has currentResponseHandler: true @ webpack-internal:///(app-pages-browser)/./lib/chat-transport.ts:41
[   49165ms] [LOG] [ChatTransport] responseHandler called, data: {"type":"delta","content":"景点","error":null,"message_id":"72698bb7-cc41-4c37-8839-4aa36718cf5f","conversation_id":null,"itinerary":null,"stage":null} @ webpack-internal:///(app-pages-browser)/./lib/chat-transport.ts:137
[   49165ms] [LOG] [ChatTransport] onmessage triggered, has currentResponseHandler: true @ webpack-internal:///(app-pages-browser)/./lib/chat-transport.ts:41
[   49166ms] [LOG] [ChatTransport] responseHandler called, data: {"type":"delta","content":"非常","error":null,"message_id":"72698bb7-cc41-4c37-8839-4aa36718cf5f","conversation_id":null,"itinerary":null,"stage":null} @ webpack-internal:///(app-pages-browser)/./lib/chat-transport.ts:137
[   49184ms] [LOG] [ChatTransport] onmessage triggered, has currentResponseHandler: true @ webpack-internal:///(app-pages-browser)/./lib/chat-transport.ts:41
[   49184ms] [LOG] [ChatTransport] responseHandler called, data: {"type":"delta","content":"集中","error":null,"message_id":"72698bb7-cc41-4c37-8839-4aa36718cf5f","conversation_id":null,"itinerary":null,"stage":null} @ webpack-internal:///(app-pages-browser)/./lib/chat-transport.ts:137
[   49185ms] [LOG] [ChatTransport] onmessage triggered, has currentResponseHandler: true @ webpack-internal:///(app-pages-browser)/./lib/chat-transport.ts:41
[   49185ms] [LOG] [ChatTransport] responseHandler called, data: {"type":"delta","content":"，","error":null,"message_id":"72698bb7-cc41-4c37-8839-4aa36718cf5f","conversation_id":null,"itinerary":null,"stage":null} @ webpack-internal:///(app-pages-browser)/./lib/chat-transport.ts:137
[   49210ms] [LOG] [ChatTransport] onmessage triggered, has currentResponseHandler: true @ webpack-internal:///(app-pages-browser)/./lib/chat-transport.ts:41
[   49211ms] [LOG] [ChatTransport] responseHandler called, data: {"type":"delta","content":"很适合","error":null,"message_id":"72698bb7-cc41-4c37-8839-4aa36718cf5f","conversation_id":null,"itinerary":null,"stage":null} @ webpack-internal:///(app-pages-browser)/./lib/chat-transport.ts:137
[   49275ms] [LOG] [ChatTransport] onmessage triggered, has currentResponseHandler: true @ webpack-internal:///(app-pages-browser)/./lib/chat-transport.ts:41
[   49276ms] [LOG] [ChatTransport] responseHandler called, data: {"type":"delta","content":"在","error":null,"message_id":"72698bb7-cc41-4c37-8839-4aa36718cf5f","conversation_id":null,"itinerary":null,"stage":null} @ webpack-internal:///(app-pages-browser)/./lib/chat-transport.ts:137
[   49343ms] [LOG] [ChatTransport] onmessage triggered, has currentResponseHandler: true @ webpack-internal:///(app-pages-browser)/./lib/chat-transport.ts:41
[   49344ms] [LOG] [ChatTransport] responseHandler called, data: {"type":"delta","content":"3","error":null,"message_id":"72698bb7-cc41-4c37-8839-4aa36718cf5f","conversation_id":null,"itinerary":null,"stage":null} @ webpack-internal:///(app-pages-browser)/./lib/chat-transport.ts:137
[   49396ms] [LOG] [ChatTransport] onmessage triggered, has currentResponseHandler: true @ webpack-internal:///(app-pages-browser)/./lib/chat-transport.ts:41
[   49396ms] [LOG] [ChatTransport] responseHandler called, data: {"type":"delta","content":"天内","error":null,"message_id":"72698bb7-cc41-4c37-8839-4aa36718cf5f","conversation_id":null,"itinerary":null,"stage":null} @ webpack-internal:///(app-pages-browser)/./lib/chat-transport.ts:137
[   49412ms] [LOG] [ChatTransport] onmessage triggered, has currentResponseHandler: true @ webpack-internal:///(app-pages-browser)/./lib/chat-transport.ts:41
[   49412ms] [LOG] [ChatTransport] responseHandler called, data: {"type":"delta","content":"体验","error":null,"message_id":"72698bb7-cc41-4c37-8839-4aa36718cf5f","conversation_id":null,"itinerary":null,"stage":null} @ webpack-internal:///(app-pages-browser)/./lib/chat-transport.ts:137
[   49459ms] [LOG] [ChatTransport] onmessage triggered, has currentResponseHandler: true @ webpack-internal:///(app-pages-browser)/./lib/chat-transport.ts:41
[   49460ms] [LOG] [ChatTransport] responseHandler called, data: {"type":"delta","content":"其","error":null,"message_id":"72698bb7-cc41-4c37-8839-4aa36718cf5f","conversation_id":null,"itinerary":null,"stage":null} @ webpack-internal:///(app-pages-browser)/./lib/chat-transport.ts:137
[   49478ms] [LOG] [ChatTransport] onmessage triggered, has currentResponseHandler: true @ webpack-internal:///(app-pages-browser)/./lib/chat-transport.ts:41
[   49478ms] [LOG] [ChatTransport] responseHandler called, data: {"type":"delta","content":"精华","error":null,"message_id":"72698bb7-cc41-4c37-8839-4aa36718cf5f","conversation_id":null,"itinerary":null,"stage":null} @ webpack-internal:///(app-pages-browser)/./lib/chat-transport.ts:137
[   49528ms] [LOG] [ChatTransport] onmessage triggered, has currentResponseHandler: true @ webpack-internal:///(app-pages-browser)/./lib/chat-transport.ts:41
[   49528ms] [LOG] [ChatTransport] responseHandler called, data: {"type":"delta","content":"。\n\n","error":null,"message_id":"72698bb7-cc41-4c37-8839-4aa36718cf5f","conversation_id":null,"itinerary":null,"stage":null} @ webpack-internal:///(app-pages-browser)/./lib/chat-transport.ts:137
[   49548ms] [LOG] [ChatTransport] onmessage triggered, has currentResponseHandler: true @ webpack-internal:///(app-pages-browser)/./lib/chat-transport.ts:41
[   49549ms] [LOG] [ChatTransport] responseHandler called, data: {"type":"delta","content":"基于","error":null,"message_id":"72698bb7-cc41-4c37-8839-4aa36718cf5f","conversation_id":null,"itinerary":null,"stage":null} @ webpack-internal:///(app-pages-browser)/./lib/chat-transport.ts:137
[   49596ms] [LOG] [ChatTransport] onmessage triggered, has currentResponseHandler: true @ webpack-internal:///(app-pages-browser)/./lib/chat-transport.ts:41
[   49596ms] [LOG] [ChatTransport] responseHandler called, data: {"type":"delta","content":"我","error":null,"message_id":"72698bb7-cc41-4c37-8839-4aa36718cf5f","conversation_id":null,"itinerary":null,"stage":null} @ webpack-internal:///(app-pages-browser)/./lib/chat-transport.ts:137
[   49670ms] [LOG] [ChatTransport] onmessage triggered, has currentResponseHandler: true @ webpack-internal:///(app-pages-browser)/./lib/chat-transport.ts:41
[   49670ms] [LOG] [ChatTransport] responseHandler called, data: {"type":"delta","content":"为您","error":null,"message_id":"72698bb7-cc41-4c37-8839-4aa36718cf5f","conversation_id":null,"itinerary":null,"stage":null} @ webpack-internal:///(app-pages-browser)/./lib/chat-transport.ts:137
[   49687ms] [LOG] [ChatTransport] onmessage triggered, has currentResponseHandler: true @ webpack-internal:///(app-pages-browser)/./lib/chat-transport.ts:41
[   49688ms] [LOG] [ChatTransport] responseHandler called, data: {"type":"delta","content":"搜索","error":null,"message_id":"72698bb7-cc41-4c37-8839-4aa36718cf5f","conversation_id":null,"itinerary":null,"stage":null} @ webpack-internal:///(app-pages-browser)/./lib/chat-transport.ts:137
[   49712ms] [LOG] [ChatTransport] onmessage triggered, has currentResponseHandler: true @ webpack-internal:///(app-pages-browser)/./lib/chat-transport.ts:41
[   49712ms] [LOG] [ChatTransport] responseHandler called, data: {"type":"delta","content":"到的","error":null,"message_id":"72698bb7-cc41-4c37-8839-4aa36718cf5f","conversation_id":null,"itinerary":null,"stage":null} @ webpack-internal:///(app-pages-browser)/./lib/chat-transport.ts:137
[   49728ms] [LOG] [ChatTransport] onmessage triggered, has currentResponseHandler: true @ webpack-internal:///(app-pages-browser)/./lib/chat-transport.ts:41
[   49729ms] [LOG] [ChatTransport] responseHandler called, data: {"type":"delta","content":"北京","error":null,"message_id":"72698bb7-cc41-4c37-8839-4aa36718cf5f","conversation_id":null,"itinerary":null,"stage":null} @ webpack-internal:///(app-pages-browser)/./lib/chat-transport.ts:137
[   49773ms] [LOG] [ChatTransport] onmessage triggered, has currentResponseHandler: true @ webpack-internal:///(app-pages-browser)/./lib/chat-transport.ts:41
[   49773ms] [LOG] [ChatTransport] responseHandler called, data: {"type":"delta","content":"核心","error":null,"message_id":"72698bb7-cc41-4c37-8839-4aa36718cf5f","conversation_id":null,"itinerary":null,"stage":null} @ webpack-internal:///(app-pages-browser)/./lib/chat-transport.ts:137
[   49842ms] [LOG] [ChatTransport] onmessage triggered, has currentResponseHandler: true @ webpack-internal:///(app-pages-browser)/./lib/chat-transport.ts:41
[   49842ms] [LOG] [ChatTransport] responseHandler called, data: {"type":"delta","content":"景点","error":null,"message_id":"72698bb7-cc41-4c37-8839-4aa36718cf5f","conversation_id":null,"itinerary":null,"stage":null} @ webpack-internal:///(app-pages-browser)/./lib/chat-transport.ts:137
[   49860ms] [LOG] [ChatTransport] onmessage triggered, has currentResponseHandler: true @ webpack-internal:///(app-pages-browser)/./lib/chat-transport.ts:41
[   49861ms] [LOG] [ChatTransport] responseHandler called, data: {"type":"delta","content":"信息","error":null,"message_id":"72698bb7-cc41-4c37-8839-4aa36718cf5f","conversation_id":null,"itinerary":null,"stage":null} @ webpack-internal:///(app-pages-browser)/./lib/chat-transport.ts:137
[   49898ms] [LOG] [ChatTransport] onmessage triggered, has currentResponseHandler: true @ webpack-internal:///(app-pages-browser)/./lib/chat-transport.ts:41
[   49899ms] [LOG] [ChatTransport] responseHandler called, data: {"type":"delta","content":"，","error":null,"message_id":"72698bb7-cc41-4c37-8839-4aa36718cf5f","conversation_id":null,"itinerary":null,"stage":null} @ webpack-internal:///(app-pages-browser)/./lib/chat-transport.ts:137
[   49916ms] [LOG] [ChatTransport] onmessage triggered, has currentResponseHandler: true @ webpack-internal:///(app-pages-browser)/./lib/chat-transport.ts:41
[   49916ms] [LOG] [ChatTransport] responseHandler called, data: {"type":"delta","content":"我","error":null,"message_id":"72698bb7-cc41-4c37-8839-4aa36718cf5f","conversation_id":null,"itinerary":null,"stage":null} @ webpack-internal:///(app-pages-browser)/./lib/chat-transport.ts:137
[   49967ms] [LOG] [ChatTransport] onmessage triggered, has currentResponseHandler: true @ webpack-internal:///(app-pages-browser)/./lib/chat-transport.ts:41
[   49968ms] [LOG] [ChatTransport] responseHandler called, data: {"type":"delta","content":"为您","error":null,"message_id":"72698bb7-cc41-4c37-8839-4aa36718cf5f","conversation_id":null,"itinerary":null,"stage":null} @ webpack-internal:///(app-pages-browser)/./lib/chat-transport.ts:137
[   49986ms] [LOG] [ChatTransport] onmessage triggered, has currentResponseHandler: true @ webpack-internal:///(app-pages-browser)/./lib/chat-transport.ts:41
[   49986ms] [LOG] [ChatTransport] responseHandler called, data: {"type":"delta","content":"设计了","error":null,"message_id":"72698bb7-cc41-4c37-8839-4aa36718cf5f","conversation_id":null,"itinerary":null,"stage":null} @ webpack-internal:///(app-pages-browser)/./lib/chat-transport.ts:137
[   50020ms] [LOG] [ChatTransport] onmessage triggered, has currentResponseHandler: true @ webpack-internal:///(app-pages-browser)/./lib/chat-transport.ts:41
[   50020ms] [LOG] [ChatTransport] responseHandler called, data: {"type":"delta","content":"以下","error":null,"message_id":"72698bb7-cc41-4c37-8839-4aa36718cf5f","conversation_id":null,"itinerary":null,"stage":null} @ webpack-internal:///(app-pages-browser)/./lib/chat-transport.ts:137
[   50040ms] [LOG] [ChatTransport] onmessage triggered, has currentResponseHandler: true @ webpack-internal:///(app-pages-browser)/./lib/chat-transport.ts:41
[   50040ms] [LOG] [ChatTransport] responseHandler called, data: {"type":"delta","content":"行程","error":null,"message_id":"72698bb7-cc41-4c37-8839-4aa36718cf5f","conversation_id":null,"itinerary":null,"stage":null} @ webpack-internal:///(app-pages-browser)/./lib/chat-transport.ts:137
[   50092ms] [LOG] [ChatTransport] onmessage triggered, has currentResponseHandler: true @ webpack-internal:///(app-pages-browser)/./lib/chat-transport.ts:41
[   50092ms] [LOG] [ChatTransport] responseHandler called, data: {"type":"delta","content":"方案","error":null,"message_id":"72698bb7-cc41-4c37-8839-4aa36718cf5f","conversation_id":null,"itinerary":null,"stage":null} @ webpack-internal:///(app-pages-browser)/./lib/chat-transport.ts:137
[   50204ms] [LOG] [ChatTransport] onmessage triggered, has currentResponseHandler: true @ webpack-internal:///(app-pages-browser)/./lib/chat-transport.ts:41
[   50204ms] [LOG] [ChatTransport] responseHandler called, data: {"type":"delta","content":"。","error":null,"message_id":"72698bb7-cc41-4c37-8839-4aa36718cf5f","conversation_id":null,"itinerary":null,"stage":null} @ webpack-internal:///(app-pages-browser)/./lib/chat-transport.ts:137
[   50228ms] [LOG] [ChatTransport] onmessage triggered, has currentResponseHandler: true @ webpack-internal:///(app-pages-browser)/./lib/chat-transport.ts:41
[   50228ms] [LOG] [ChatTransport] responseHandler called, data: {"type":"delta","content":"这个","error":null,"message_id":"72698bb7-cc41-4c37-8839-4aa36718cf5f","conversation_id":null,"itinerary":null,"stage":null} @ webpack-internal:///(app-pages-browser)/./lib/chat-transport.ts:137
[   50252ms] [LOG] [ChatTransport] onmessage triggered, has currentResponseHandler: true @ webpack-internal:///(app-pages-browser)/./lib/chat-transport.ts:41
[   50252ms] [LOG] [ChatTransport] responseHandler called, data: {"type":"delta","content":"方案","error":null,"message_id":"72698bb7-cc41-4c37-8839-4aa36718cf5f","conversation_id":null,"itinerary":null,"stage":null} @ webpack-internal:///(app-pages-browser)/./lib/chat-transport.ts:137
[   50306ms] [LOG] [ChatTransport] onmessage triggered, has currentResponseHandler: true @ webpack-internal:///(app-pages-browser)/./lib/chat-transport.ts:41
[   50306ms] [LOG] [ChatTransport] responseHandler called, data: {"type":"delta","content":"以","error":null,"message_id":"72698bb7-cc41-4c37-8839-4aa36718cf5f","conversation_id":null,"itinerary":null,"stage":null} @ webpack-internal:///(app-pages-browser)/./lib/chat-transport.ts:137
[   50322ms] [LOG] [ChatTransport] onmessage triggered, has currentResponseHandler: true @ webpack-internal:///(app-pages-browser)/./lib/chat-transport.ts:41
[   50322ms] [LOG] [ChatTransport] responseHandler called, data: {"type":"delta","content":"天","error":null,"message_id":"72698bb7-cc41-4c37-8839-4aa36718cf5f","conversation_id":null,"itinerary":null,"stage":null} @ webpack-internal:///(app-pages-browser)/./lib/chat-transport.ts:137
[   50338ms] [LOG] [ChatTransport] onmessage triggered, has currentResponseHandler: true @ webpack-internal:///(app-pages-browser)/./lib/chat-transport.ts:41
[   50339ms] [LOG] [ChatTransport] responseHandler called, data: {"type":"delta","content":"安门","error":null,"message_id":"72698bb7-cc41-4c37-8839-4aa36718cf5f","conversation_id":null,"itinerary":null,"stage":null} @ webpack-internal:///(app-pages-browser)/./lib/chat-transport.ts:137
[   50364ms] [LOG] [ChatTransport] onmessage triggered, has currentResponseHandler: true @ webpack-internal:///(app-pages-browser)/./lib/chat-transport.ts:41
[   50364ms] [LOG] [ChatTransport] responseHandler called, data: {"type":"delta","content":"广场","error":null,"message_id":"72698bb7-cc41-4c37-8839-4aa36718cf5f","conversation_id":null,"itinerary":null,"stage":null} @ webpack-internal:///(app-pages-browser)/./lib/chat-transport.ts:137
[   50411ms] [LOG] [ChatTransport] onmessage triggered, has currentResponseHandler: true @ webpack-internal:///(app-pages-browser)/./lib/chat-transport.ts:41
[   50411ms] [LOG] [ChatTransport] responseHandler called, data: {"type":"delta","content":"为中心","error":null,"message_id":"72698bb7-cc41-4c37-8839-4aa36718cf5f","conversation_id":null,"itinerary":null,"stage":null} @ webpack-internal:///(app-pages-browser)/./lib/chat-transport.ts:137
[   50428ms] [LOG] [ChatTransport] onmessage triggered, has currentResponseHandler: true @ webpack-internal:///(app-pages-browser)/./lib/chat-transport.ts:41
[   50428ms] [LOG] [ChatTransport] responseHandler called, data: {"type":"delta","content":"，","error":null,"message_id":"72698bb7-cc41-4c37-8839-4aa36718cf5f","conversation_id":null,"itinerary":null,"stage":null} @ webpack-internal:///(app-pages-browser)/./lib/chat-transport.ts:137
[   50563ms] [LOG] [ChatTransport] onmessage triggered, has currentResponseHandler: true @ webpack-internal:///(app-pages-browser)/./lib/chat-transport.ts:41
[   50564ms] [LOG] [ChatTransport] responseHandler called, data: {"type":"delta","content":"辐射","error":null,"message_id":"72698bb7-cc41-4c37-8839-4aa36718cf5f","conversation_id":null,"itinerary":null,"stage":null} @ webpack-internal:///(app-pages-browser)/./lib/chat-transport.ts:137
[   50583ms] [LOG] [ChatTransport] onmessage triggered, has currentResponseHandler: true @ webpack-internal:///(app-pages-browser)/./lib/chat-transport.ts:41
[   50584ms] [LOG] [ChatTransport] responseHandler called, data: {"type":"delta","content":"周边","error":null,"message_id":"72698bb7-cc41-4c37-8839-4aa36718cf5f","conversation_id":null,"itinerary":null,"stage":null} @ webpack-internal:///(app-pages-browser)/./lib/chat-transport.ts:137
[   50584ms] [LOG] [ChatTransport] onmessage triggered, has currentResponseHandler: true @ webpack-internal:///(app-pages-browser)/./lib/chat-transport.ts:41
[   50585ms] [LOG] [ChatTransport] responseHandler called, data: {"type":"delta","content":"，","error":null,"message_id":"72698bb7-cc41-4c37-8839-4aa36718cf5f","conversation_id":null,"itinerary":null,"stage":null} @ webpack-internal:///(app-pages-browser)/./lib/chat-transport.ts:137
[   50585ms] [LOG] [ChatTransport] onmessage triggered, has currentResponseHandler: true @ webpack-internal:///(app-pages-browser)/./lib/chat-transport.ts:41
[   50585ms] [LOG] [ChatTransport] responseHandler called, data: {"type":"delta","content":"兼顾","error":null,"message_id":"72698bb7-cc41-4c37-8839-4aa36718cf5f","conversation_id":null,"itinerary":null,"stage":null} @ webpack-internal:///(app-pages-browser)/./lib/chat-transport.ts:137
[   50603ms] [LOG] [ChatTransport] onmessage triggered, has currentResponseHandler: true @ webpack-internal:///(app-pages-browser)/./lib/chat-transport.ts:41
[   50603ms] [LOG] [ChatTransport] responseHandler called, data: {"type":"delta","content":"了","error":null,"message_id":"72698bb7-cc41-4c37-8839-4aa36718cf5f","conversation_id":null,"itinerary":null,"stage":null} @ webpack-internal:///(app-pages-browser)/./lib/chat-transport.ts:137
[   50622ms] [LOG] [ChatTransport] onmessage triggered, has currentResponseHandler: true @ webpack-internal:///(app-pages-browser)/./lib/chat-transport.ts:41
[   50623ms] [LOG] [ChatTransport] responseHandler called, data: {"type":"delta","content":"历史","error":null,"message_id":"72698bb7-cc41-4c37-8839-4aa36718cf5f","conversation_id":null,"itinerary":null,"stage":null} @ webpack-internal:///(app-pages-browser)/./lib/chat-transport.ts:137
[   50653ms] [LOG] [ChatTransport] onmessage triggered, has currentResponseHandler: true @ webpack-internal:///(app-pages-browser)/./lib/chat-transport.ts:41
[   50654ms] [LOG] [ChatTransport] responseHandler called, data: {"type":"delta","content":"古迹","error":null,"message_id":"72698bb7-cc41-4c37-8839-4aa36718cf5f","conversation_id":null,"itinerary":null,"stage":null} @ webpack-internal:///(app-pages-browser)/./lib/chat-transport.ts:137
[   50720ms] [LOG] [ChatTransport] onmessage triggered, has currentResponseHandler: true @ webpack-internal:///(app-pages-browser)/./lib/chat-transport.ts:41
[   50720ms] [LOG] [ChatTransport] responseHandler called, data: {"type":"delta","content":"、","error":null,"message_id":"72698bb7-cc41-4c37-8839-4aa36718cf5f","conversation_id":null,"itinerary":null,"stage":null} @ webpack-internal:///(app-pages-browser)/./lib/chat-transport.ts:137
[   50741ms] [LOG] [ChatTransport] onmessage triggered, has currentResponseHandler: true @ webpack-internal:///(app-pages-browser)/./lib/chat-transport.ts:41
[   50741ms] [LOG] [ChatTransport] responseHandler called, data: {"type":"delta","content":"文化","error":null,"message_id":"72698bb7-cc41-4c37-8839-4aa36718cf5f","conversation_id":null,"itinerary":null,"stage":null} @ webpack-internal:///(app-pages-browser)/./lib/chat-transport.ts:137
[   51361ms] [LOG] [ChatTransport] onmessage triggered, has currentResponseHandler: true @ webpack-internal:///(app-pages-browser)/./lib/chat-transport.ts:41
[   51362ms] [LOG] [ChatTransport] responseHandler called, data: {"type":"delta","content":"体验","error":null,"message_id":"72698bb7-cc41-4c37-8839-4aa36718cf5f","conversation_id":null,"itinerary":null,"stage":null} @ webpack-internal:///(app-pages-browser)/./lib/chat-transport.ts:137
[   51388ms] [LOG] [ChatTransport] onmessage triggered, has currentResponseHandler: true @ webpack-internal:///(app-pages-browser)/./lib/chat-transport.ts:41
[   51388ms] [LOG] [ChatTransport] responseHandler called, data: {"type":"delta","content":"和","error":null,"message_id":"72698bb7-cc41-4c37-8839-4aa36718cf5f","conversation_id":null,"itinerary":null,"stage":null} @ webpack-internal:///(app-pages-browser)/./lib/chat-transport.ts:137
[   51405ms] [LOG] [ChatTransport] onmessage triggered, has currentResponseHandler: true @ webpack-internal:///(app-pages-browser)/./lib/chat-transport.ts:41
[   51407ms] [LOG] [ChatTransport] responseHandler called, data: {"type":"delta","content":"城市","error":null,"message_id":"72698bb7-cc41-4c37-8839-4aa36718cf5f","conversation_id":null,"itinerary":null,"stage":null} @ webpack-internal:///(app-pages-browser)/./lib/chat-transport.ts:137
[   51408ms] [LOG] [ChatTransport] onmessage triggered, has currentResponseHandler: true @ webpack-internal:///(app-pages-browser)/./lib/chat-transport.ts:41
[   51408ms] [LOG] [ChatTransport] responseHandler called, data: {"type":"delta","content":"风貌","error":null,"message_id":"72698bb7-cc41-4c37-8839-4aa36718cf5f","conversation_id":null,"itinerary":null,"stage":null} @ webpack-internal:///(app-pages-browser)/./lib/chat-transport.ts:137
[   51430ms] [LOG] [ChatTransport] onmessage triggered, has currentResponseHandler: true @ webpack-internal:///(app-pages-browser)/./lib/chat-transport.ts:41
[   51431ms] [LOG] [ChatTransport] responseHandler called, data: {"type":"delta","content":"，","error":null,"message_id":"72698bb7-cc41-4c37-8839-4aa36718cf5f","conversation_id":null,"itinerary":null,"stage":null} @ webpack-internal:///(app-pages-browser)/./lib/chat-transport.ts:137
[   51530ms] [LOG] [ChatTransport] onmessage triggered, has currentResponseHandler: true @ webpack-internal:///(app-pages-browser)/./lib/chat-transport.ts:41
[   51531ms] [LOG] [ChatTransport] responseHandler called, data: {"type":"delta","content":"行程","error":null,"message_id":"72698bb7-cc41-4c37-8839-4aa36718cf5f","conversation_id":null,"itinerary":null,"stage":null} @ webpack-internal:///(app-pages-browser)/./lib/chat-transport.ts:137
[   51553ms] [LOG] [ChatTransport] onmessage triggered, has currentResponseHandler: true @ webpack-internal:///(app-pages-browser)/./lib/chat-transport.ts:41
[   51554ms] [LOG] [ChatTransport] responseHandler called, data: {"type":"delta","content":"紧凑","error":null,"message_id":"72698bb7-cc41-4c37-8839-4aa36718cf5f","conversation_id":null,"itinerary":null,"stage":null} @ webpack-internal:///(app-pages-browser)/./lib/chat-transport.ts:137
[   51573ms] [LOG] [ChatTransport] onmessage triggered, has currentResponseHandler: true @ webpack-internal:///(app-pages-browser)/./lib/chat-transport.ts:41
[   51574ms] [LOG] [ChatTransport] responseHandler called, data: {"type":"delta","content":"且","error":null,"message_id":"72698bb7-cc41-4c37-8839-4aa36718cf5f","conversation_id":null,"itinerary":null,"stage":null} @ webpack-internal:///(app-pages-browser)/./lib/chat-transport.ts:137
[   51574ms] [LOG] [ChatTransport] onmessage triggered, has currentResponseHandler: true @ webpack-internal:///(app-pages-browser)/./lib/chat-transport.ts:41
[   51574ms] [LOG] [ChatTransport] responseHandler called, data: {"type":"delta","content":"高效","error":null,"message_id":"72698bb7-cc41-4c37-8839-4aa36718cf5f","conversation_id":null,"itinerary":null,"stage":null} @ webpack-internal:///(app-pages-browser)/./lib/chat-transport.ts:137
[   51575ms] [LOG] [ChatTransport] onmessage triggered, has currentResponseHandler: true @ webpack-internal:///(app-pages-browser)/./lib/chat-transport.ts:41
[   51575ms] [LOG] [ChatTransport] responseHandler called, data: {"type":"delta","content":"。\n\n","error":null,"message_id":"72698bb7-cc41-4c37-8839-4aa36718cf5f","conversation_id":null,"itinerary":null,"stage":null} @ webpack-internal:///(app-pages-browser)/./lib/chat-transport.ts:137
[   51575ms] [LOG] [ChatTransport] onmessage triggered, has currentResponseHandler: true @ webpack-internal:///(app-pages-browser)/./lib/chat-transport.ts:41
[   51575ms] [LOG] [ChatTransport] responseHandler called, data: {"type":"delta","content":"---\n\n","error":null,"message_id":"72698bb7-cc41-4c37-8839-4aa36718cf5f","conversation_id":null,"itinerary":null,"stage":null} @ webpack-internal:///(app-pages-browser)/./lib/chat-transport.ts:137
[   51576ms] [LOG] [ChatTransport] onmessage triggered, has currentResponseHandler: true @ webpack-internal:///(app-pages-browser)/./lib/chat-transport.ts:41
[   51576ms] [LOG] [ChatTransport] responseHandler called, data: {"type":"delta","content":"###","error":null,"message_id":"72698bb7-cc41-4c37-8839-4aa36718cf5f","conversation_id":null,"itinerary":null,"stage":null} @ webpack-internal:///(app-pages-browser)/./lib/chat-transport.ts:137
[   51577ms] [LOG] [ChatTransport] onmessage triggered, has currentResponseHandler: true @ webpack-internal:///(app-pages-browser)/./lib/chat-transport.ts:41
[   51577ms] [LOG] [ChatTransport] responseHandler called, data: {"type":"delta","content":" **","error":null,"message_id":"72698bb7-cc41-4c37-8839-4aa36718cf5f","conversation_id":null,"itinerary":null,"stage":null} @ webpack-internal:///(app-pages-browser)/./lib/chat-transport.ts:137
[   51578ms] [LOG] [ChatTransport] onmessage triggered, has currentResponseHandler: true @ webpack-internal:///(app-pages-browser)/./lib/chat-transport.ts:41
[   51578ms] [LOG] [ChatTransport] responseHandler called, data: {"type":"delta","content":"北京","error":null,"message_id":"72698bb7-cc41-4c37-8839-4aa36718cf5f","conversation_id":null,"itinerary":null,"stage":null} @ webpack-internal:///(app-pages-browser)/./lib/chat-transport.ts:137
[   51578ms] [LOG] [ChatTransport] onmessage triggered, has currentResponseHandler: true @ webpack-internal:///(app-pages-browser)/./lib/chat-transport.ts:41
[   51579ms] [LOG] [ChatTransport] responseHandler called, data: {"type":"delta","content":"经典","error":null,"message_id":"72698bb7-cc41-4c37-8839-4aa36718cf5f","conversation_id":null,"itinerary":null,"stage":null} @ webpack-internal:///(app-pages-browser)/./lib/chat-transport.ts:137
[   51579ms] [LOG] [ChatTransport] onmessage triggered, has currentResponseHandler: true @ webpack-internal:///(app-pages-browser)/./lib/chat-transport.ts:41
[   51580ms] [LOG] [ChatTransport] responseHandler called, data: {"type":"delta","content":"3","error":null,"message_id":"72698bb7-cc41-4c37-8839-4aa36718cf5f","conversation_id":null,"itinerary":null,"stage":null} @ webpack-internal:///(app-pages-browser)/./lib/chat-transport.ts:137
[   51580ms] [LOG] [ChatTransport] onmessage triggered, has currentResponseHandler: true @ webpack-internal:///(app-pages-browser)/./lib/chat-transport.ts:41
[   51580ms] [LOG] [ChatTransport] responseHandler called, data: {"type":"delta","content":"日","error":null,"message_id":"72698bb7-cc41-4c37-8839-4aa36718cf5f","conversation_id":null,"itinerary":null,"stage":null} @ webpack-internal:///(app-pages-browser)/./lib/chat-transport.ts:137
[   51581ms] [LOG] [ChatTransport] onmessage triggered, has currentResponseHandler: true @ webpack-internal:///(app-pages-browser)/./lib/chat-transport.ts:41
[   51581ms] [LOG] [ChatTransport] responseHandler called, data: {"type":"delta","content":"游","error":null,"message_id":"72698bb7-cc41-4c37-8839-4aa36718cf5f","conversation_id":null,"itinerary":null,"stage":null} @ webpack-internal:///(app-pages-browser)/./lib/chat-transport.ts:137
[   51581ms] [LOG] [ChatTransport] onmessage triggered, has currentResponseHandler: true @ webpack-internal:///(app-pages-browser)/./lib/chat-transport.ts:41
[   51581ms] [LOG] [ChatTransport] responseHandler called, data: {"type":"delta","content":"行程","error":null,"message_id":"72698bb7-cc41-4c37-8839-4aa36718cf5f","conversation_id":null,"itinerary":null,"stage":null} @ webpack-internal:///(app-pages-browser)/./lib/chat-transport.ts:137
[   51607ms] [LOG] [ChatTransport] onmessage triggered, has currentResponseHandler: true @ webpack-internal:///(app-pages-browser)/./lib/chat-transport.ts:41
[   51607ms] [LOG] [ChatTransport] responseHandler called, data: {"type":"delta","content":"规划","error":null,"message_id":"72698bb7-cc41-4c37-8839-4aa36718cf5f","conversation_id":null,"itinerary":null,"stage":null} @ webpack-internal:///(app-pages-browser)/./lib/chat-transport.ts:137
[   51625ms] [LOG] [ChatTransport] onmessage triggered, has currentResponseHandler: true @ webpack-internal:///(app-pages-browser)/./lib/chat-transport.ts:41
[   51625ms] [LOG] [ChatTransport] responseHandler called, data: {"type":"delta","content":"**\n\n","error":null,"message_id":"72698bb7-cc41-4c37-8839-4aa36718cf5f","conversation_id":null,"itinerary":null,"stage":null} @ webpack-internal:///(app-pages-browser)/./lib/chat-transport.ts:137
[   51626ms] [LOG] [ChatTransport] onmessage triggered, has currentResponseHandler: true @ webpack-internal:///(app-pages-browser)/./lib/chat-transport.ts:41
[   51626ms] [LOG] [ChatTransport] responseHandler called, data: {"type":"delta","content":"**","error":null,"message_id":"72698bb7-cc41-4c37-8839-4aa36718cf5f","conversation_id":null,"itinerary":null,"stage":null} @ webpack-internal:///(app-pages-browser)/./lib/chat-transport.ts:137
[   51644ms] [LOG] [ChatTransport] onmessage triggered, has currentResponseHandler: true @ webpack-internal:///(app-pages-browser)/./lib/chat-transport.ts:41
[   51644ms] [LOG] [ChatTransport] responseHandler called, data: {"type":"delta","content":"核心","error":null,"message_id":"72698bb7-cc41-4c37-8839-4aa36718cf5f","conversation_id":null,"itinerary":null,"stage":null} @ webpack-internal:///(app-pages-browser)/./lib/chat-transport.ts:137
[   51645ms] [LOG] [ChatTransport] onmessage triggered, has currentResponseHandler: true @ webpack-internal:///(app-pages-browser)/./lib/chat-transport.ts:41
[   51645ms] [LOG] [ChatTransport] responseHandler called, data: {"type":"delta","content":"思路","error":null,"message_id":"72698bb7-cc41-4c37-8839-4aa36718cf5f","conversation_id":null,"itinerary":null,"stage":null} @ webpack-internal:///(app-pages-browser)/./lib/chat-transport.ts:137
[   51646ms] [LOG] [ChatTransport] onmessage triggered, has currentResponseHandler: true @ webpack-internal:///(app-pages-browser)/./lib/chat-transport.ts:41
[   51646ms] [LOG] [ChatTransport] responseHandler called, data: {"type":"delta","content":"**","error":null,"message_id":"72698bb7-cc41-4c37-8839-4aa36718cf5f","conversation_id":null,"itinerary":null,"stage":null} @ webpack-internal:///(app-pages-browser)/./lib/chat-transport.ts:137
[   51671ms] [LOG] [ChatTransport] onmessage triggered, has currentResponseHandler: true @ webpack-internal:///(app-pages-browser)/./lib/chat-transport.ts:41
[   51672ms] [LOG] [ChatTransport] responseHandler called, data: {"type":"delta","content":"：","error":null,"message_id":"72698bb7-cc41-4c37-8839-4aa36718cf5f","conversation_id":null,"itinerary":null,"stage":null} @ webpack-internal:///(app-pages-browser)/./lib/chat-transport.ts:137
[   51690ms] [LOG] [ChatTransport] onmessage triggered, has currentResponseHandler: true @ webpack-internal:///(app-pages-browser)/./lib/chat-transport.ts:41
[   51691ms] [LOG] [ChatTransport] responseHandler called, data: {"type":"delta","content":"第一天","error":null,"message_id":"72698bb7-cc41-4c37-8839-4aa36718cf5f","conversation_id":null,"itinerary":null,"stage":null} @ webpack-internal:///(app-pages-browser)/./lib/chat-transport.ts:137
[   51729ms] [LOG] [ChatTransport] onmessage triggered, has currentResponseHandler: true @ webpack-internal:///(app-pages-browser)/./lib/chat-transport.ts:41
[   51730ms] [LOG] [ChatTransport] responseHandler called, data: {"type":"delta","content":"感受","error":null,"message_id":"72698bb7-cc41-4c37-8839-4aa36718cf5f","conversation_id":null,"itinerary":null,"stage":null} @ webpack-internal:///(app-pages-browser)/./lib/chat-transport.ts:137
[   51845ms] [LOG] [ChatTransport] onmessage triggered, has currentResponseHandler: true @ webpack-internal:///(app-pages-browser)/./lib/chat-transport.ts:41
[   51845ms] [LOG] [ChatTransport] responseHandler called, data: {"type":"delta","content":"皇家","error":null,"message_id":"72698bb7-cc41-4c37-8839-4aa36718cf5f","conversation_id":null,"itinerary":null,"stage":null} @ webpack-internal:///(app-pages-browser)/./lib/chat-transport.ts:137
[   51912ms] [LOG] [ChatTransport] onmessage triggered, has currentResponseHandler: true @ webpack-internal:///(app-pages-browser)/./lib/chat-transport.ts:41
[   51912ms] [LOG] [ChatTransport] responseHandler called, data: {"type":"delta","content":"气","error":null,"message_id":"72698bb7-cc41-4c37-8839-4aa36718cf5f","conversation_id":null,"itinerary":null,"stage":null} @ webpack-internal:///(app-pages-browser)/./lib/chat-transport.ts:137
[   51931ms] [LOG] [ChatTransport] onmessage triggered, has currentResponseHandler: true @ webpack-internal:///(app-pages-browser)/./lib/chat-transport.ts:41
[   51931ms] [LOG] [ChatTransport] responseHandler called, data: {"type":"delta","content":"派","error":null,"message_id":"72698bb7-cc41-4c37-8839-4aa36718cf5f","conversation_id":null,"itinerary":null,"stage":null} @ webpack-internal:///(app-pages-browser)/./lib/chat-transport.ts:137
[   51958ms] [LOG] [ChatTransport] onmessage triggered, has currentResponseHandler: true @ webpack-internal:///(app-pages-browser)/./lib/chat-transport.ts:41
[   51958ms] [LOG] [ChatTransport] responseHandler called, data: {"type":"delta","content":"与","error":null,"message_id":"72698bb7-cc41-4c37-8839-4aa36718cf5f","conversation_id":null,"itinerary":null,"stage":null} @ webpack-internal:///(app-pages-browser)/./lib/chat-transport.ts:137
[   51975ms] [LOG] [ChatTransport] onmessage triggered, has currentResponseHandler: true @ webpack-internal:///(app-pages-browser)/./lib/chat-transport.ts:41
[   51976ms] [LOG] [ChatTransport] responseHandler called, data: {"type":"delta","content":"中","error":null,"message_id":"72698bb7-cc41-4c37-8839-4aa36718cf5f","conversation_id":null,"itinerary":null,"stage":null} @ webpack-internal:///(app-pages-browser)/./lib/chat-transport.ts:137
[   51994ms] [LOG] [ChatTransport] onmessage triggered, has currentResponseHandler: true @ webpack-internal:///(app-pages-browser)/./lib/chat-transport.ts:41
[   51994ms] [LOG] [ChatTransport] responseHandler called, data: {"type":"delta","content":"轴线","error":null,"message_id":"72698bb7-cc41-4c37-8839-4aa36718cf5f","conversation_id":null,"itinerary":null,"stage":null} @ webpack-internal:///(app-pages-browser)/./lib/chat-transport.ts:137
[   52011ms] [LOG] [ChatTransport] onmessage triggered, has currentResponseHandler: true @ webpack-internal:///(app-pages-browser)/./lib/chat-transport.ts:41
[   52012ms] [LOG] [ChatTransport] responseHandler called, data: {"type":"delta","content":"，","error":null,"message_id":"72698bb7-cc41-4c37-8839-4aa36718cf5f","conversation_id":null,"itinerary":null,"stage":null} @ webpack-internal:///(app-pages-browser)/./lib/chat-transport.ts:137
[   52151ms] [LOG] [ChatTransport] onmessage triggered, has currentResponseHandler: true @ webpack-internal:///(app-pages-browser)/./lib/chat-transport.ts:41
[   52151ms] [LOG] [ChatTransport] responseHandler called, data: {"type":"delta","content":"第二天","error":null,"message_id":"72698bb7-cc41-4c37-8839-4aa36718cf5f","conversation_id":null,"itinerary":null,"stage":null} @ webpack-internal:///(app-pages-browser)/./lib/chat-transport.ts:137
[   52169ms] [LOG] [ChatTransport] onmessage triggered, has currentResponseHandler: true @ webpack-internal:///(app-pages-browser)/./lib/chat-transport.ts:41
[   52169ms] [LOG] [ChatTransport] responseHandler called, data: {"type":"delta","content":"深入","error":null,"message_id":"72698bb7-cc41-4c37-8839-4aa36718cf5f","conversation_id":null,"itinerary":null,"stage":null} @ webpack-internal:///(app-pages-browser)/./lib/chat-transport.ts:137
[   52170ms] [LOG] [ChatTransport] onmessage triggered, has currentResponseHandler: true @ webpack-internal:///(app-pages-browser)/./lib/chat-transport.ts:41
[   52171ms] [LOG] [ChatTransport] responseHandler called, data: {"type":"delta","content":"老","error":null,"message_id":"72698bb7-cc41-4c37-8839-4aa36718cf5f","conversation_id":null,"itinerary":null,"stage":null} @ webpack-internal:///(app-pages-browser)/./lib/chat-transport.ts:137
[   52192ms] [LOG] [ChatTransport] onmessage triggered, has currentResponseHandler: true @ webpack-internal:///(app-pages-browser)/./lib/chat-transport.ts:41
[   52192ms] [LOG] [ChatTransport] responseHandler called, data: {"type":"delta","content":"北京","error":null,"message_id":"72698bb7-cc41-4c37-8839-4aa36718cf5f","conversation_id":null,"itinerary":null,"stage":null} @ webpack-internal:///(app-pages-browser)/./lib/chat-transport.ts:137
[   52251ms] [LOG] [ChatTransport] onmessage triggered, has currentResponseHandler: true @ webpack-internal:///(app-pages-browser)/./lib/chat-transport.ts:41
[   52251ms] [LOG] [ChatTransport] responseHandler called, data: {"type":"delta","content":"胡同","error":null,"message_id":"72698bb7-cc41-4c37-8839-4aa36718cf5f","conversation_id":null,"itinerary":null,"stage":null} @ webpack-internal:///(app-pages-browser)/./lib/chat-transport.ts:137
[   52270ms] [LOG] [ChatTransport] onmessage triggered, has currentResponseHandler: true @ webpack-internal:///(app-pages-browser)/./lib/chat-transport.ts:41
[   52271ms] [LOG] [ChatTransport] responseHandler called, data: {"type":"delta","content":"与现代","error":null,"message_id":"72698bb7-cc41-4c37-8839-4aa36718cf5f","conversation_id":null,"itinerary":null,"stage":null} @ webpack-internal:///(app-pages-browser)/./lib/chat-transport.ts:137
[   52327ms] [LOG] [ChatTransport] onmessage triggered, has currentResponseHandler: true @ webpack-internal:///(app-pages-browser)/./lib/chat-transport.ts:41
[   52327ms] [LOG] [ChatTransport] responseHandler called, data: {"type":"delta","content":"艺术","error":null,"message_id":"72698bb7-cc41-4c37-8839-4aa36718cf5f","conversation_id":null,"itinerary":null,"stage":null} @ webpack-internal:///(app-pages-browser)/./lib/chat-transport.ts:137
[   52399ms] [LOG] [ChatTransport] onmessage triggered, has currentResponseHandler: true @ webpack-internal:///(app-pages-browser)/./lib/chat-transport.ts:41
[   52399ms] [LOG] [ChatTransport] responseHandler called, data: {"type":"delta","content":"，","error":null,"message_id":"72698bb7-cc41-4c37-8839-4aa36718cf5f","conversation_id":null,"itinerary":null,"stage":null} @ webpack-internal:///(app-pages-browser)/./lib/chat-transport.ts:137
[   52417ms] [LOG] [ChatTransport] onmessage triggered, has currentResponseHandler: true @ webpack-internal:///(app-pages-browser)/./lib/chat-transport.ts:41
[   52418ms] [LOG] [ChatTransport] responseHandler called, data: {"type":"delta","content":"第三天","error":null,"message_id":"72698bb7-cc41-4c37-8839-4aa36718cf5f","conversation_id":null,"itinerary":null,"stage":null} @ webpack-internal:///(app-pages-browser)/./lib/chat-transport.ts:137
[   52458ms] [LOG] [ChatTransport] onmessage triggered, has currentResponseHandler: true @ webpack-internal:///(app-pages-browser)/./lib/chat-transport.ts:41
[   52458ms] [LOG] [ChatTransport] responseHandler called, data: {"type":"delta","content":"探索","error":null,"message_id":"72698bb7-cc41-4c37-8839-4aa36718cf5f","conversation_id":null,"itinerary":null,"stage":null} @ webpack-internal:///(app-pages-browser)/./lib/chat-transport.ts:137
[   52472ms] [LOG] [ChatTransport] onmessage triggered, has currentResponseHandler: true @ webpack-internal:///(app-pages-browser)/./lib/chat-transport.ts:41
[   52473ms] [LOG] [ChatTransport] responseHandler called, data: {"type":"delta","content":"祭","error":null,"message_id":"72698bb7-cc41-4c37-8839-4aa36718cf5f","conversation_id":null,"itinerary":null,"stage":null} @ webpack-internal:///(app-pages-browser)/./lib/chat-transport.ts:137
[   52523ms] [LOG] [ChatTransport] onmessage triggered, has currentResponseHandler: true @ webpack-internal:///(app-pages-browser)/./lib/chat-transport.ts:41
[   52523ms] [LOG] [ChatTransport] responseHandler called, data: {"type":"delta","content":"天","error":null,"message_id":"72698bb7-cc41-4c37-8839-4aa36718cf5f","conversation_id":null,"itinerary":null,"stage":null} @ webpack-internal:///(app-pages-browser)/./lib/chat-transport.ts:137
[   52541ms] [LOG] [ChatTransport] onmessage triggered, has currentResponseHandler: true @ webpack-internal:///(app-pages-browser)/./lib/chat-transport.ts:41
[   52542ms] [LOG] [ChatTransport] responseHandler called, data: {"type":"delta","content":"建筑","error":null,"message_id":"72698bb7-cc41-4c37-8839-4aa36718cf5f","conversation_id":null,"itinerary":null,"stage":null} @ webpack-internal:///(app-pages-browser)/./lib/chat-transport.ts:137
[   52591ms] [LOG] [ChatTransport] onmessage triggered, has currentResponseHandler: true @ webpack-internal:///(app-pages-browser)/./lib/chat-transport.ts:41
[   52591ms] [LOG] [ChatTransport] responseHandler called, data: {"type":"delta","content":"与","error":null,"message_id":"72698bb7-cc41-4c37-8839-4aa36718cf5f","conversation_id":null,"itinerary":null,"stage":null} @ webpack-internal:///(app-pages-browser)/./lib/chat-transport.ts:137
[   52612ms] [LOG] [ChatTransport] onmessage triggered, has currentResponseHandler: true @ webpack-internal:///(app-pages-browser)/./lib/chat-transport.ts:41
[   52612ms] [LOG] [ChatTransport] responseHandler called, data: {"type":"delta","content":"自然","error":null,"message_id":"72698bb7-cc41-4c37-8839-4aa36718cf5f","conversation_id":null,"itinerary":null,"stage":null} @ webpack-internal:///(app-pages-browser)/./lib/chat-transport.ts:137
[   52651ms] [LOG] [ChatTransport] onmessage triggered, has currentResponseHandler: true @ webpack-internal:///(app-pages-browser)/./lib/chat-transport.ts:41
[   52651ms] [LOG] [ChatTransport] responseHandler called, data: {"type":"delta","content":"历史","error":null,"message_id":"72698bb7-cc41-4c37-8839-4aa36718cf5f","conversation_id":null,"itinerary":null,"stage":null} @ webpack-internal:///(app-pages-browser)/./lib/chat-transport.ts:137
[   52724ms] [LOG] [ChatTransport] onmessage triggered, has currentResponseHandler: true @ webpack-internal:///(app-pages-browser)/./lib/chat-transport.ts:41
[   52724ms] [LOG] [ChatTransport] responseHandler called, data: {"type":"delta","content":"。\n\n","error":null,"message_id":"72698bb7-cc41-4c37-8839-4aa36718cf5f","conversation_id":null,"itinerary":null,"stage":null} @ webpack-internal:///(app-pages-browser)/./lib/chat-transport.ts:137
[   52740ms] [LOG] [ChatTransport] onmessage triggered, has currentResponseHandler: true @ webpack-internal:///(app-pages-browser)/./lib/chat-transport.ts:41
[   52741ms] [LOG] [ChatTransport] responseHandler called, data: {"type":"delta","content":"####","error":null,"message_id":"72698bb7-cc41-4c37-8839-4aa36718cf5f","conversation_id":null,"itinerary":null,"stage":null} @ webpack-internal:///(app-pages-browser)/./lib/chat-transport.ts:137
[   52795ms] [LOG] [ChatTransport] onmessage triggered, has currentResponseHandler: true @ webpack-internal:///(app-pages-browser)/./lib/chat-transport.ts:41
[   52795ms] [LOG] [ChatTransport] responseHandler called, data: {"type":"delta","content":" **","error":null,"message_id":"72698bb7-cc41-4c37-8839-4aa36718cf5f","conversation_id":null,"itinerary":null,"stage":null} @ webpack-internal:///(app-pages-browser)/./lib/chat-transport.ts:137
[   52814ms] [LOG] [ChatTransport] onmessage triggered, has currentResponseHandler: true @ webpack-internal:///(app-pages-browser)/./lib/chat-transport.ts:41
[   52815ms] [LOG] [ChatTransport] responseHandler called, data: {"type":"delta","content":"第一天","error":null,"message_id":"72698bb7-cc41-4c37-8839-4aa36718cf5f","conversation_id":null,"itinerary":null,"stage":null} @ webpack-internal:///(app-pages-browser)/./lib/chat-transport.ts:137
[   52836ms] [LOG] [ChatTransport] onmessage triggered, has currentResponseHandler: true @ webpack-internal:///(app-pages-browser)/./lib/chat-transport.ts:41
[   52837ms] [LOG] [ChatTransport] responseHandler called, data: {"type":"delta","content":"：","error":null,"message_id":"72698bb7-cc41-4c37-8839-4aa36718cf5f","conversation_id":null,"itinerary":null,"stage":null} @ webpack-internal:///(app-pages-browser)/./lib/chat-transport.ts:137
[   52855ms] [LOG] [ChatTransport] onmessage triggered, has currentResponseHandler: true @ webpack-internal:///(app-pages-browser)/./lib/chat-transport.ts:41
[   52856ms] [LOG] [ChatTransport] responseHandler called, data: {"type":"delta","content":"皇","error":null,"message_id":"72698bb7-cc41-4c37-8839-4aa36718cf5f","conversation_id":null,"itinerary":null,"stage":null} @ webpack-internal:///(app-pages-browser)/./lib/chat-transport.ts:137
[   52917ms] [LOG] [ChatTransport] onmessage triggered, has currentResponseHandler: true @ webpack-internal:///(app-pages-browser)/./lib/chat-transport.ts:41
[   52918ms] [LOG] [ChatTransport] responseHandler called, data: {"type":"delta","content":"城","error":null,"message_id":"72698bb7-cc41-4c37-8839-4aa36718cf5f","conversation_id":null,"itinerary":null,"stage":null} @ webpack-internal:///(app-pages-browser)/./lib/chat-transport.ts:137
[   52936ms] [LOG] [ChatTransport] onmessage triggered, has currentResponseHandler: true @ webpack-internal:///(app-pages-browser)/./lib/chat-transport.ts:41
[   52937ms] [LOG] [ChatTransport] responseHandler called, data: {"type":"delta","content":"根","error":null,"message_id":"72698bb7-cc41-4c37-8839-4aa36718cf5f","conversation_id":null,"itinerary":null,"stage":null} @ webpack-internal:///(app-pages-browser)/./lib/chat-transport.ts:137
[   53011ms] [LOG] [ChatTransport] onmessage triggered, has currentResponseHandler: true @ webpack-internal:///(app-pages-browser)/./lib/chat-transport.ts:41
[   53012ms] [LOG] [ChatTransport] responseHandler called, data: {"type":"delta","content":"下的","error":null,"message_id":"72698bb7-cc41-4c37-8839-4aa36718cf5f","conversation_id":null,"itinerary":null,"stage":null} @ webpack-internal:///(app-pages-browser)/./lib/chat-transport.ts:137
[   53028ms] [LOG] [ChatTransport] onmessage triggered, has currentResponseHandler: true @ webpack-internal:///(app-pages-browser)/./lib/chat-transport.ts:41
[   53028ms] [LOG] [ChatTransport] responseHandler called, data: {"type":"delta","content":"中","error":null,"message_id":"72698bb7-cc41-4c37-8839-4aa36718cf5f","conversation_id":null,"itinerary":null,"stage":null} @ webpack-internal:///(app-pages-browser)/./lib/chat-transport.ts:137
[   53045ms] [LOG] [ChatTransport] onmessage triggered, has currentResponseHandler: true @ webpack-internal:///(app-pages-browser)/./lib/chat-transport.ts:41
[   53045ms] [LOG] [ChatTransport] responseHandler called, data: {"type":"delta","content":"轴线","error":null,"message_id":"72698bb7-cc41-4c37-8839-4aa36718cf5f","conversation_id":null,"itinerary":null,"stage":null} @ webpack-internal:///(app-pages-browser)/./lib/chat-transport.ts:137
[   53089ms] [LOG] [ChatTransport] onmessage triggered, has currentResponseHandler: true @ webpack-internal:///(app-pages-browser)/./lib/chat-transport.ts:41
[   53090ms] [LOG] [ChatTransport] responseHandler called, data: {"type":"delta","content":"之旅","error":null,"message_id":"72698bb7-cc41-4c37-8839-4aa36718cf5f","conversation_id":null,"itinerary":null,"stage":null} @ webpack-internal:///(app-pages-browser)/./lib/chat-transport.ts:137
[   53105ms] [LOG] [ChatTransport] onmessage triggered, has currentResponseHandler: true @ webpack-internal:///(app-pages-browser)/./lib/chat-transport.ts:41
[   53105ms] [LOG] [ChatTransport] responseHandler called, data: {"type":"delta","content":"**\n","error":null,"message_id":"72698bb7-cc41-4c37-8839-4aa36718cf5f","conversation_id":null,"itinerary":null,"stage":null} @ webpack-internal:///(app-pages-browser)/./lib/chat-transport.ts:137
[   53152ms] [LOG] [ChatTransport] onmessage triggered, has currentResponseHandler: true @ webpack-internal:///(app-pages-browser)/./lib/chat-transport.ts:41
[   53152ms] [LOG] [ChatTransport] responseHandler called, data: {"type":"delta","content":"*","error":null,"message_id":"72698bb7-cc41-4c37-8839-4aa36718cf5f","conversation_id":null,"itinerary":null,"stage":null} @ webpack-internal:///(app-pages-browser)/./lib/chat-transport.ts:137
[   53153ms] [LOG] [ChatTransport] onmessage triggered, has currentResponseHandler: true @ webpack-internal:///(app-pages-browser)/./lib/chat-transport.ts:41
[   53153ms] [LOG] [ChatTransport] responseHandler called, data: {"type":"delta","content":"  ","error":null,"message_id":"72698bb7-cc41-4c37-8839-4aa36718cf5f","conversation_id":null,"itinerary":null,"stage":null} @ webpack-internal:///(app-pages-browser)/./lib/chat-transport.ts:137
[   53212ms] [LOG] [ChatTransport] onmessage triggered, has currentResponseHandler: true @ webpack-internal:///(app-pages-browser)/./lib/chat-transport.ts:41
[   53212ms] [LOG] [ChatTransport] responseHandler called, data: {"type":"delta","content":" **","error":null,"message_id":"72698bb7-cc41-4c37-8839-4aa36718cf5f","conversation_id":null,"itinerary":null,"stage":null} @ webpack-internal:///(app-pages-browser)/./lib/chat-transport.ts:137
[   53228ms] [LOG] [ChatTransport] onmessage triggered, has currentResponseHandler: true @ webpack-internal:///(app-pages-browser)/./lib/chat-transport.ts:41
[   53228ms] [LOG] [ChatTransport] responseHandler called, data: {"type":"delta","content":"上午","error":null,"message_id":"72698bb7-cc41-4c37-8839-4aa36718cf5f","conversation_id":null,"itinerary":null,"stage":null} @ webpack-internal:///(app-pages-browser)/./lib/chat-transport.ts:137
[   53498ms] [LOG] [ChatTransport] onmessage triggered, has currentResponseHandler: true @ webpack-internal:///(app-pages-browser)/./lib/chat-transport.ts:41
[   53499ms] [LOG] [ChatTransport] responseHandler called, data: {"type":"delta","content":"**","error":null,"message_id":"72698bb7-cc41-4c37-8839-4aa36718cf5f","conversation_id":null,"itinerary":null,"stage":null} @ webpack-internal:///(app-pages-browser)/./lib/chat-transport.ts:137
[   53511ms] [LOG] [ChatTransport] onmessage triggered, has currentResponseHandler: true @ webpack-internal:///(app-pages-browser)/./lib/chat-transport.ts:41
[   53511ms] [LOG] [ChatTransport] responseHandler called, data: {"type":"delta","content":"：","error":null,"message_id":"72698bb7-cc41-4c37-8839-4aa36718cf5f","conversation_id":null,"itinerary":null,"stage":null} @ webpack-internal:///(app-pages-browser)/./lib/chat-transport.ts:137
[   53522ms] [LOG] [ChatTransport] onmessage triggered, has currentResponseHandler: true @ webpack-internal:///(app-pages-browser)/./lib/chat-transport.ts:41
[   53523ms] [LOG] [ChatTransport] responseHandler called, data: {"type":"delta","content":"**","error":null,"message_id":"72698bb7-cc41-4c37-8839-4aa36718cf5f","conversation_id":null,"itinerary":null,"stage":null} @ webpack-internal:///(app-pages-browser)/./lib/chat-transport.ts:137
[   53523ms] [LOG] [ChatTransport] onmessage triggered, has currentResponseHandler: true @ webpack-internal:///(app-pages-browser)/./lib/chat-transport.ts:41
[   53523ms] [LOG] [ChatTransport] responseHandler called, data: {"type":"delta","content":"天","error":null,"message_id":"72698bb7-cc41-4c37-8839-4aa36718cf5f","conversation_id":null,"itinerary":null,"stage":null} @ webpack-internal:///(app-pages-browser)/./lib/chat-transport.ts:137
[   53523ms] [LOG] [ChatTransport] onmessage triggered, has currentResponseHandler: true @ webpack-internal:///(app-pages-browser)/./lib/chat-transport.ts:41
[   53523ms] [LOG] [ChatTransport] responseHandler called, data: {"type":"delta","content":"安门","error":null,"message_id":"72698bb7-cc41-4c37-8839-4aa36718cf5f","conversation_id":null,"itinerary":null,"stage":null} @ webpack-internal:///(app-pages-browser)/./lib/chat-transport.ts:137
[   53523ms] [LOG] [ChatTransport] onmessage triggered, has currentResponseHandler: true @ webpack-internal:///(app-pages-browser)/./lib/chat-transport.ts:41
[   53523ms] [LOG] [ChatTransport] responseHandler called, data: {"type":"delta","content":"广场","error":null,"message_id":"72698bb7-cc41-4c37-8839-4aa36718cf5f","conversation_id":null,"itinerary":null,"stage":null} @ webpack-internal:///(app-pages-browser)/./lib/chat-transport.ts:137
[   53523ms] [LOG] [ChatTransport] onmessage triggered, has currentResponseHandler: true @ webpack-internal:///(app-pages-browser)/./lib/chat-transport.ts:41
[   53524ms] [LOG] [ChatTransport] responseHandler called, data: {"type":"delta","content":"**","error":null,"message_id":"72698bb7-cc41-4c37-8839-4aa36718cf5f","conversation_id":null,"itinerary":null,"stage":null} @ webpack-internal:///(app-pages-browser)/./lib/chat-transport.ts:137
[   53544ms] [LOG] [ChatTransport] onmessage triggered, has currentResponseHandler: true @ webpack-internal:///(app-pages-browser)/./lib/chat-transport.ts:41
[   53544ms] [LOG] [ChatTransport] responseHandler called, data: {"type":"delta","content":"。","error":null,"message_id":"72698bb7-cc41-4c37-8839-4aa36718cf5f","conversation_id":null,"itinerary":null,"stage":null} @ webpack-internal:///(app-pages-browser)/./lib/chat-transport.ts:137
[   53561ms] [LOG] [ChatTransport] onmessage triggered, has currentResponseHandler: true @ webpack-internal:///(app-pages-browser)/./lib/chat-transport.ts:41
[   53562ms] [LOG] [ChatTransport] responseHandler called, data: {"type":"delta","content":"参观","error":null,"message_id":"72698bb7-cc41-4c37-8839-4aa36718cf5f","conversation_id":null,"itinerary":null,"stage":null} @ webpack-internal:///(app-pages-browser)/./lib/chat-transport.ts:137
[   53630ms] [LOG] [ChatTransport] onmessage triggered, has currentResponseHandler: true @ webpack-internal:///(app-pages-browser)/./lib/chat-transport.ts:41
[   53630ms] [LOG] [ChatTransport] responseHandler called, data: {"type":"delta","content":"世界上","error":null,"message_id":"72698bb7-cc41-4c37-8839-4aa36718cf5f","conversation_id":null,"itinerary":null,"stage":null} @ webpack-internal:///(app-pages-browser)/./lib/chat-transport.ts:137
[   53657ms] [LOG] [ChatTransport] onmessage triggered, has currentResponseHandler: true @ webpack-internal:///(app-pages-browser)/./lib/chat-transport.ts:41
[   53658ms] [LOG] [ChatTransport] responseHandler called, data: {"type":"delta","content":"最大的","error":null,"message_id":"72698bb7-cc41-4c37-8839-4aa36718cf5f","conversation_id":null,"itinerary":null,"stage":null} @ webpack-internal:///(app-pages-browser)/./lib/chat-transport.ts:137
[   53675ms] [LOG] [ChatTransport] onmessage triggered, has currentResponseHandler: true @ webpack-internal:///(app-pages-browser)/./lib/chat-transport.ts:41
[   53676ms] [LOG] [ChatTransport] responseHandler called, data: {"type":"delta","content":"城市","error":null,"message_id":"72698bb7-cc41-4c37-8839-4aa36718cf5f","conversation_id":null,"itinerary":null,"stage":null} @ webpack-internal:///(app-pages-browser)/./lib/chat-transport.ts:137
[   53720ms] [LOG] [ChatTransport] onmessage triggered, has currentResponseHandler: true @ webpack-internal:///(app-pages-browser)/./lib/chat-transport.ts:41
[   53720ms] [LOG] [ChatTransport] responseHandler called, data: {"type":"delta","content":"广场","error":null,"message_id":"72698bb7-cc41-4c37-8839-4aa36718cf5f","conversation_id":null,"itinerary":null,"stage":null} @ webpack-internal:///(app-pages-browser)/./lib/chat-transport.ts:137
[   53739ms] [LOG] [ChatTransport] onmessage triggered, has currentResponseHandler: true @ webpack-internal:///(app-pages-browser)/./lib/chat-transport.ts:41
[   53739ms] [LOG] [ChatTransport] responseHandler called, data: {"type":"delta","content":"，","error":null,"message_id":"72698bb7-cc41-4c37-8839-4aa36718cf5f","conversation_id":null,"itinerary":null,"stage":null} @ webpack-internal:///(app-pages-browser)/./lib/chat-transport.ts:137
[   53790ms] [LOG] [ChatTransport] onmessage triggered, has currentResponseHandler: true @ webpack-internal:///(app-pages-browser)/./lib/chat-transport.ts:41
[   53790ms] [LOG] [ChatTransport] responseHandler called, data: {"type":"delta","content":"观看","error":null,"message_id":"72698bb7-cc41-4c37-8839-4aa36718cf5f","conversation_id":null,"itinerary":null,"stage":null} @ webpack-internal:///(app-pages-browser)/./lib/chat-transport.ts:137
[   53864ms] [LOG] [ChatTransport] onmessage triggered, has currentResponseHandler: true @ webpack-internal:///(app-pages-browser)/./lib/chat-transport.ts:41
[   53865ms] [LOG] [ChatTransport] responseHandler called, data: {"type":"delta","content":"**","error":null,"message_id":"72698bb7-cc41-4c37-8839-4aa36718cf5f","conversation_id":null,"itinerary":null,"stage":null} @ webpack-internal:///(app-pages-browser)/./lib/chat-transport.ts:137
[   53920ms] [LOG] [ChatTransport] onmessage triggered, has currentResponseHandler: true @ webpack-internal:///(app-pages-browser)/./lib/chat-transport.ts:41
[   53921ms] [LOG] [ChatTransport] responseHandler called, data: {"type":"delta","content":"天","error":null,"message_id":"72698bb7-cc41-4c37-8839-4aa36718cf5f","conversation_id":null,"itinerary":null,"stage":null} @ webpack-internal:///(app-pages-browser)/./lib/chat-transport.ts:137
[   54004ms] [LOG] [ChatTransport] onmessage triggered, has currentResponseHandler: true @ webpack-internal:///(app-pages-browser)/./lib/chat-transport.ts:41
[   54004ms] [LOG] [ChatTransport] responseHandler called, data: {"type":"delta","content":"安门","error":null,"message_id":"72698bb7-cc41-4c37-8839-4aa36718cf5f","conversation_id":null,"itinerary":null,"stage":null} @ webpack-internal:///(app-pages-browser)/./lib/chat-transport.ts:137
[   54022ms] [LOG] [ChatTransport] onmessage triggered, has currentResponseHandler: true @ webpack-internal:///(app-pages-browser)/./lib/chat-transport.ts:41
[   54022ms] [LOG] [ChatTransport] responseHandler called, data: {"type":"delta","content":"-","error":null,"message_id":"72698bb7-cc41-4c37-8839-4aa36718cf5f","conversation_id":null,"itinerary":null,"stage":null} @ webpack-internal:///(app-pages-browser)/./lib/chat-transport.ts:137
[   54095ms] [LOG] [ChatTransport] onmessage triggered, has currentResponseHandler: true @ webpack-internal:///(app-pages-browser)/./lib/chat-transport.ts:41
[   54095ms] [LOG] [ChatTransport] responseHandler called, data: {"type":"delta","content":"城","error":null,"message_id":"72698bb7-cc41-4c37-8839-4aa36718cf5f","conversation_id":null,"itinerary":null,"stage":null} @ webpack-internal:///(app-pages-browser)/./lib/chat-transport.ts:137
[   54110ms] [LOG] [ChatTransport] onmessage triggered, has currentResponseHandler: true @ webpack-internal:///(app-pages-browser)/./lib/chat-transport.ts:41
[   54110ms] [LOG] [ChatTransport] responseHandler called, data: {"type":"delta","content":"楼","error":null,"message_id":"72698bb7-cc41-4c37-8839-4aa36718cf5f","conversation_id":null,"itinerary":null,"stage":null} @ webpack-internal:///(app-pages-browser)/./lib/chat-transport.ts:137
[   54126ms] [LOG] [ChatTransport] onmessage triggered, has currentResponseHandler: true @ webpack-internal:///(app-pages-browser)/./lib/chat-transport.ts:41
[   54127ms] [LOG] [ChatTransport] responseHandler called, data: {"type":"delta","content":"**","error":null,"message_id":"72698bb7-cc41-4c37-8839-4aa36718cf5f","conversation_id":null,"itinerary":null,"stage":null} @ webpack-internal:///(app-pages-browser)/./lib/chat-transport.ts:137
[   54127ms] [LOG] [ChatTransport] onmessage triggered, has currentResponseHandler: true @ webpack-internal:///(app-pages-browser)/./lib/chat-transport.ts:41
[   54128ms] [LOG] [ChatTransport] responseHandler called, data: {"type":"delta","content":"和","error":null,"message_id":"72698bb7-cc41-4c37-8839-4aa36718cf5f","conversation_id":null,"itinerary":null,"stage":null} @ webpack-internal:///(app-pages-browser)/./lib/chat-transport.ts:137
[   54618ms] [LOG] [ChatTransport] onmessage triggered, has currentResponseHandler: true @ webpack-internal:///(app-pages-browser)/./lib/chat-transport.ts:41
[   54619ms] [LOG] [ChatTransport] responseHandler called, data: {"type":"delta","content":"**","error":null,"message_id":"72698bb7-cc41-4c37-8839-4aa36718cf5f","conversation_id":null,"itinerary":null,"stage":null} @ webpack-internal:///(app-pages-browser)/./lib/chat-transport.ts:137
[   54636ms] [LOG] [ChatTransport] onmessage triggered, has currentResponseHandler: true @ webpack-internal:///(app-pages-browser)/./lib/chat-transport.ts:41
[   54637ms] [LOG] [ChatTransport] responseHandler called, data: {"type":"delta","content":"天","error":null,"message_id":"72698bb7-cc41-4c37-8839-4aa36718cf5f","conversation_id":null,"itinerary":null,"stage":null} @ webpack-internal:///(app-pages-browser)/./lib/chat-transport.ts:137
[   54672ms] [LOG] [ChatTransport] onmessage triggered, has currentResponseHandler: true @ webpack-internal:///(app-pages-browser)/./lib/chat-transport.ts:41
[   54673ms] [LOG] [ChatTransport] responseHandler called, data: {"type":"delta","content":"安门","error":null,"message_id":"72698bb7-cc41-4c37-8839-4aa36718cf5f","conversation_id":null,"itinerary":null,"stage":null} @ webpack-internal:///(app-pages-browser)/./lib/chat-transport.ts:137
[   54674ms] [LOG] [ChatTransport] onmessage triggered, has currentResponseHandler: true @ webpack-internal:///(app-pages-browser)/./lib/chat-transport.ts:41
[   54674ms] [LOG] [ChatTransport] responseHandler called, data: {"type":"delta","content":"广场","error":null,"message_id":"72698bb7-cc41-4c37-8839-4aa36718cf5f","conversation_id":null,"itinerary":null,"stage":null} @ webpack-internal:///(app-pages-browser)/./lib/chat-transport.ts:137
[   54735ms] [LOG] [ChatTransport] onmessage triggered, has currentResponseHandler: true @ webpack-internal:///(app-pages-browser)/./lib/chat-transport.ts:41
[   54735ms] [LOG] [ChatTransport] responseHandler called, data: {"type":"delta","content":"-","error":null,"message_id":"72698bb7-cc41-4c37-8839-4aa36718cf5f","conversation_id":null,"itinerary":null,"stage":null} @ webpack-internal:///(app-pages-browser)/./lib/chat-transport.ts:137
[   54749ms] [LOG] [ChatTransport] onmessage triggered, has currentResponseHandler: true @ webpack-internal:///(app-pages-browser)/./lib/chat-transport.ts:41
[   54749ms] [LOG] [ChatTransport] responseHandler called, data: {"type":"delta","content":"国旗","error":null,"message_id":"72698bb7-cc41-4c37-8839-4aa36718cf5f","conversation_id":null,"itinerary":null,"stage":null} @ webpack-internal:///(app-pages-browser)/./lib/chat-transport.ts:137
[   54818ms] [LOG] [ChatTransport] onmessage triggered, has currentResponseHandler: true @ webpack-internal:///(app-pages-browser)/./lib/chat-transport.ts:41
[   54819ms] [LOG] [ChatTransport] responseHandler called, data: {"type":"delta","content":"**","error":null,"message_id":"72698bb7-cc41-4c37-8839-4aa36718cf5f","conversation_id":null,"itinerary":null,"stage":null} @ webpack-internal:///(app-pages-browser)/./lib/chat-transport.ts:137
[   54838ms] [LOG] [ChatTransport] onmessage triggered, has currentResponseHandler: true @ webpack-internal:///(app-pages-browser)/./lib/chat-transport.ts:41
[   54838ms] [LOG] [ChatTransport] responseHandler called, data: {"type":"delta","content":"，","error":null,"message_id":"72698bb7-cc41-4c37-8839-4aa36718cf5f","conversation_id":null,"itinerary":null,"stage":null} @ webpack-internal:///(app-pages-browser)/./lib/chat-transport.ts:137
[   54901ms] [LOG] [ChatTransport] onmessage triggered, has currentResponseHandler: true @ webpack-internal:///(app-pages-browser)/./lib/chat-transport.ts:41
[   54901ms] [LOG] [ChatTransport] responseHandler called, data: {"type":"delta","content":"感受","error":null,"message_id":"72698bb7-cc41-4c37-8839-4aa36718cf5f","conversation_id":null,"itinerary":null,"stage":null} @ webpack-internal:///(app-pages-browser)/./lib/chat-transport.ts:137
[   54915ms] [LOG] [ChatTransport] onmessage triggered, has currentResponseHandler: true @ webpack-internal:///(app-pages-browser)/./lib/chat-transport.ts:41
[   54916ms] [LOG] [ChatTransport] responseHandler called, data: {"type":"delta","content":"国家","error":null,"message_id":"72698bb7-cc41-4c37-8839-4aa36718cf5f","conversation_id":null,"itinerary":null,"stage":null} @ webpack-internal:///(app-pages-browser)/./lib/chat-transport.ts:137
[   54941ms] [LOG] [ChatTransport] onmessage triggered, has currentResponseHandler: true @ webpack-internal:///(app-pages-browser)/./lib/chat-transport.ts:41
[   54942ms] [LOG] [ChatTransport] responseHandler called, data: {"type":"delta","content":"象征","error":null,"message_id":"72698bb7-cc41-4c37-8839-4aa36718cf5f","conversation_id":null,"itinerary":null,"stage":null} @ webpack-internal:///(app-pages-browser)/./lib/chat-transport.ts:137
[   54961ms] [LOG] [ChatTransport] onmessage triggered, has currentResponseHandler: true @ webpack-internal:///(app-pages-browser)/./lib/chat-transport.ts:41
[   54961ms] [LOG] [ChatTransport] responseHandler called, data: {"type":"delta","content":"的","error":null,"message_id":"72698bb7-cc41-4c37-8839-4aa36718cf5f","conversation_id":null,"itinerary":null,"stage":null} @ webpack-internal:///(app-pages-browser)/./lib/chat-transport.ts:137
[   55035ms] [LOG] [ChatTransport] onmessage triggered, has currentResponseHandler: true @ webpack-internal:///(app-pages-browser)/./lib/chat-transport.ts:41
[   55036ms] [LOG] [ChatTransport] responseHandler called, data: {"type":"delta","content":"庄严","error":null,"message_id":"72698bb7-cc41-4c37-8839-4aa36718cf5f","conversation_id":null,"itinerary":null,"stage":null} @ webpack-internal:///(app-pages-browser)/./lib/chat-transport.ts:137
[   55049ms] [LOG] [ChatTransport] onmessage triggered, has currentResponseHandler: true @ webpack-internal:///(app-pages-browser)/./lib/chat-transport.ts:41
[   55049ms] [LOG] [ChatTransport] responseHandler called, data: {"type":"delta","content":"。","error":null,"message_id":"72698bb7-cc41-4c37-8839-4aa36718cf5f","conversation_id":null,"itinerary":null,"stage":null} @ webpack-internal:///(app-pages-browser)/./lib/chat-transport.ts:137
[   55130ms] [LOG] [ChatTransport] onmessage triggered, has currentResponseHandler: true @ webpack-internal:///(app-pages-browser)/./lib/chat-transport.ts:41
[   55130ms] [LOG] [ChatTransport] responseHandler called, data: {"type":"delta","content":"随后","error":null,"message_id":"72698bb7-cc41-4c37-8839-4aa36718cf5f","conversation_id":null,"itinerary":null,"stage":null} @ webpack-internal:///(app-pages-browser)/./lib/chat-transport.ts:137
[   55148ms] [LOG] [ChatTransport] onmessage triggered, has currentResponseHandler: true @ webpack-internal:///(app-pages-browser)/./lib/chat-transport.ts:41
[   55149ms] [LOG] [ChatTransport] responseHandler called, data: {"type":"delta","content":"前往","error":null,"message_id":"72698bb7-cc41-4c37-8839-4aa36718cf5f","conversation_id":null,"itinerary":null,"stage":null} @ webpack-internal:///(app-pages-browser)/./lib/chat-transport.ts:137
[   55149ms] [LOG] [ChatTransport] onmessage triggered, has currentResponseHandler: true @ webpack-internal:///(app-pages-browser)/./lib/chat-transport.ts:41
[   55149ms] [LOG] [ChatTransport] responseHandler called, data: {"type":"delta","content":"广场","error":null,"message_id":"72698bb7-cc41-4c37-8839-4aa36718cf5f","conversation_id":null,"itinerary":null,"stage":null} @ webpack-internal:///(app-pages-browser)/./lib/chat-transport.ts:137
[   55217ms] [LOG] [ChatTransport] onmessage triggered, has currentResponseHandler: true @ webpack-internal:///(app-pages-browser)/./lib/chat-transport.ts:41
[   55218ms] [LOG] [ChatTransport] responseHandler called, data: {"type":"delta","content":"东","error":null,"message_id":"72698bb7-cc41-4c37-8839-4aa36718cf5f","conversation_id":null,"itinerary":null,"stage":null} @ webpack-internal:///(app-pages-browser)/./lib/chat-transport.ts:137
[   55233ms] [LOG] [ChatTransport] onmessage triggered, has currentResponseHandler: true @ webpack-internal:///(app-pages-browser)/./lib/chat-transport.ts:41
[   55233ms] [LOG] [ChatTransport] responseHandler called, data: {"type":"delta","content":"侧的","error":null,"message_id":"72698bb7-cc41-4c37-8839-4aa36718cf5f","conversation_id":null,"itinerary":null,"stage":null} @ webpack-internal:///(app-pages-browser)/./lib/chat-transport.ts:137
[   55281ms] [LOG] [ChatTransport] onmessage triggered, has currentResponseHandler: true @ webpack-internal:///(app-pages-browser)/./lib/chat-transport.ts:41
[   55281ms] [LOG] [ChatTransport] responseHandler called, data: {"type":"delta","content":"**","error":null,"message_id":"72698bb7-cc41-4c37-8839-4aa36718cf5f","conversation_id":null,"itinerary":null,"stage":null} @ webpack-internal:///(app-pages-browser)/./lib/chat-transport.ts:137
[   55299ms] [LOG] [ChatTransport] onmessage triggered, has currentResponseHandler: true @ webpack-internal:///(app-pages-browser)/./lib/chat-transport.ts:41
[   55299ms] [LOG] [ChatTransport] responseHandler called, data: {"type":"delta","content":"中国","error":null,"message_id":"72698bb7-cc41-4c37-8839-4aa36718cf5f","conversation_id":null,"itinerary":null,"stage":null} @ webpack-internal:///(app-pages-browser)/./lib/chat-transport.ts:137
[   55333ms] [LOG] [ChatTransport] onmessage triggered, has currentResponseHandler: true @ webpack-internal:///(app-pages-browser)/./lib/chat-transport.ts:41
[   55333ms] [LOG] [ChatTransport] responseHandler called, data: {"type":"delta","content":"国家","error":null,"message_id":"72698bb7-cc41-4c37-8839-4aa36718cf5f","conversation_id":null,"itinerary":null,"stage":null} @ webpack-internal:///(app-pages-browser)/./lib/chat-transport.ts:137
[   55352ms] [LOG] [ChatTransport] onmessage triggered, has currentResponseHandler: true @ webpack-internal:///(app-pages-browser)/./lib/chat-transport.ts:41
[   55353ms] [LOG] [ChatTransport] responseHandler called, data: {"type":"delta","content":"博物馆","error":null,"message_id":"72698bb7-cc41-4c37-8839-4aa36718cf5f","conversation_id":null,"itinerary":null,"stage":null} @ webpack-internal:///(app-pages-browser)/./lib/chat-transport.ts:137
[   55394ms] [LOG] [ChatTransport] onmessage triggered, has currentResponseHandler: true @ webpack-internal:///(app-pages-browser)/./lib/chat-transport.ts:41
[   55394ms] [LOG] [ChatTransport] responseHandler called, data: {"type":"delta","content":"**","error":null,"message_id":"72698bb7-cc41-4c37-8839-4aa36718cf5f","conversation_id":null,"itinerary":null,"stage":null} @ webpack-internal:///(app-pages-browser)/./lib/chat-transport.ts:137
[   55412ms] [LOG] [ChatTransport] onmessage triggered, has currentResponseHandler: true @ webpack-internal:///(app-pages-browser)/./lib/chat-transport.ts:41
[   55413ms] [LOG] [ChatTransport] responseHandler called, data: {"type":"delta","content":"，","error":null,"message_id":"72698bb7-cc41-4c37-8839-4aa36718cf5f","conversation_id":null,"itinerary":null,"stage":null} @ webpack-internal:///(app-pages-browser)/./lib/chat-transport.ts:137
[   55557ms] [LOG] [ChatTransport] onmessage triggered, has currentResponseHandler: true @ webpack-internal:///(app-pages-browser)/./lib/chat-transport.ts:41
[   55557ms] [LOG] [ChatTransport] responseHandler called, data: {"type":"delta","content":"深入了解","error":null,"message_id":"72698bb7-cc41-4c37-8839-4aa36718cf5f","conversation_id":null,"itinerary":null,"stage":null} @ webpack-internal:///(app-pages-browser)/./lib/chat-transport.ts:137
[   55576ms] [LOG] [ChatTransport] onmessage triggered, has currentResponseHandler: true @ webpack-internal:///(app-pages-browser)/./lib/chat-transport.ts:41
[   55577ms] [LOG] [ChatTransport] responseHandler called, data: {"type":"delta","content":"中华","error":null,"message_id":"72698bb7-cc41-4c37-8839-4aa36718cf5f","conversation_id":null,"itinerary":null,"stage":null} @ webpack-internal:///(app-pages-browser)/./lib/chat-transport.ts:137
[   55577ms] [LOG] [ChatTransport] onmessage triggered, has currentResponseHandler: true @ webpack-internal:///(app-pages-browser)/./lib/chat-transport.ts:41
[   55578ms] [LOG] [ChatTransport] responseHandler called, data: {"type":"delta","content":"文明的","error":null,"message_id":"72698bb7-cc41-4c37-8839-4aa36718cf5f","conversation_id":null,"itinerary":null,"stage":null} @ webpack-internal:///(app-pages-browser)/./lib/chat-transport.ts:137
[   55639ms] [LOG] [ChatTransport] onmessage triggered, has currentResponseHandler: true @ webpack-internal:///(app-pages-browser)/./lib/chat-transport.ts:41
[   55639ms] [LOG] [ChatTransport] responseHandler called, data: {"type":"delta","content":"璀璨","error":null,"message_id":"72698bb7-cc41-4c37-8839-4aa36718cf5f","conversation_id":null,"itinerary":null,"stage":null} @ webpack-internal:///(app-pages-browser)/./lib/chat-transport.ts:137
[   55654ms] [LOG] [ChatTransport] onmessage triggered, has currentResponseHandler: true @ webpack-internal:///(app-pages-browser)/./lib/chat-transport.ts:41
[   55655ms] [LOG] [ChatTransport] responseHandler called, data: {"type":"delta","content":"历史","error":null,"message_id":"72698bb7-cc41-4c37-8839-4aa36718cf5f","conversation_id":null,"itinerary":null,"stage":null} @ webpack-internal:///(app-pages-browser)/./lib/chat-transport.ts:137
[   55680ms] [LOG] [ChatTransport] onmessage triggered, has currentResponseHandler: true @ webpack-internal:///(app-pages-browser)/./lib/chat-transport.ts:41
[   55680ms] [LOG] [ChatTransport] responseHandler called, data: {"type":"delta","content":"（","error":null,"message_id":"72698bb7-cc41-4c37-8839-4aa36718cf5f","conversation_id":null,"itinerary":null,"stage":null} @ webpack-internal:///(app-pages-browser)/./lib/chat-transport.ts:137
[   55698ms] [LOG] [ChatTransport] onmessage triggered, has currentResponseHandler: true @ webpack-internal:///(app-pages-browser)/./lib/chat-transport.ts:41
[   55698ms] [LOG] [ChatTransport] responseHandler called, data: {"type":"delta","content":"需","error":null,"message_id":"72698bb7-cc41-4c37-8839-4aa36718cf5f","conversation_id":null,"itinerary":null,"stage":null} @ webpack-internal:///(app-pages-browser)/./lib/chat-transport.ts:137
[   55720ms] [LOG] [ChatTransport] onmessage triggered, has currentResponseHandler: true @ webpack-internal:///(app-pages-browser)/./lib/chat-transport.ts:41
[   55720ms] [LOG] [ChatTransport] responseHandler called, data: {"type":"delta","content":"提前","error":null,"message_id":"72698bb7-cc41-4c37-8839-4aa36718cf5f","conversation_id":null,"itinerary":null,"stage":null} @ webpack-internal:///(app-pages-browser)/./lib/chat-transport.ts:137
[   55742ms] [LOG] [ChatTransport] onmessage triggered, has currentResponseHandler: true @ webpack-internal:///(app-pages-browser)/./lib/chat-transport.ts:41
[   55742ms] [LOG] [ChatTransport] responseHandler called, data: {"type":"delta","content":"预约","error":null,"message_id":"72698bb7-cc41-4c37-8839-4aa36718cf5f","conversation_id":null,"itinerary":null,"stage":null} @ webpack-internal:///(app-pages-browser)/./lib/chat-transport.ts:137
[   55776ms] [LOG] [ChatTransport] onmessage triggered, has currentResponseHandler: true @ webpack-internal:///(app-pages-browser)/./lib/chat-transport.ts:41
[   55776ms] [LOG] [ChatTransport] responseHandler called, data: {"type":"delta","content":"）。\n","error":null,"message_id":"72698bb7-cc41-4c37-8839-4aa36718cf5f","conversation_id":null,"itinerary":null,"stage":null} @ webpack-internal:///(app-pages-browser)/./lib/chat-transport.ts:137
[   55791ms] [LOG] [ChatTransport] onmessage triggered, has currentResponseHandler: true @ webpack-internal:///(app-pages-browser)/./lib/chat-transport.ts:41
[   55791ms] [LOG] [ChatTransport] responseHandler called, data: {"type":"delta","content":"*","error":null,"message_id":"72698bb7-cc41-4c37-8839-4aa36718cf5f","conversation_id":null,"itinerary":null,"stage":null} @ webpack-internal:///(app-pages-browser)/./lib/chat-transport.ts:137
[   55849ms] [LOG] [ChatTransport] onmessage triggered, has currentResponseHandler: true @ webpack-internal:///(app-pages-browser)/./lib/chat-transport.ts:41
[   55849ms] [LOG] [ChatTransport] responseHandler called, data: {"type":"delta","content":"  ","error":null,"message_id":"72698bb7-cc41-4c37-8839-4aa36718cf5f","conversation_id":null,"itinerary":null,"stage":null} @ webpack-internal:///(app-pages-browser)/./lib/chat-transport.ts:137
[   55867ms] [LOG] [ChatTransport] onmessage triggered, has currentResponseHandler: true @ webpack-internal:///(app-pages-browser)/./lib/chat-transport.ts:41
[   55867ms] [LOG] [ChatTransport] responseHandler called, data: {"type":"delta","content":" **","error":null,"message_id":"72698bb7-cc41-4c37-8839-4aa36718cf5f","conversation_id":null,"itinerary":null,"stage":null} @ webpack-internal:///(app-pages-browser)/./lib/chat-transport.ts:137
[   55961ms] [LOG] [ChatTransport] onmessage triggered, has currentResponseHandler: true @ webpack-internal:///(app-pages-browser)/./lib/chat-transport.ts:41
[   55961ms] [LOG] [ChatTransport] responseHandler called, data: {"type":"delta","content":"中午","error":null,"message_id":"72698bb7-cc41-4c37-8839-4aa36718cf5f","conversation_id":null,"itinerary":null,"stage":null} @ webpack-internal:///(app-pages-browser)/./lib/chat-transport.ts:137
[   55980ms] [LOG] [ChatTransport] onmessage triggered, has currentResponseHandler: true @ webpack-internal:///(app-pages-browser)/./lib/chat-transport.ts:41
[   55981ms] [LOG] [ChatTransport] responseHandler called, data: {"type":"delta","content":"**","error":null,"message_id":"72698bb7-cc41-4c37-8839-4aa36718cf5f","conversation_id":null,"itinerary":null,"stage":null} @ webpack-internal:///(app-pages-browser)/./lib/chat-transport.ts:137
[   56001ms] [LOG] [ChatTransport] onmessage triggered, has currentResponseHandler: true @ webpack-internal:///(app-pages-browser)/./lib/chat-transport.ts:41
[   56001ms] [LOG] [ChatTransport] responseHandler called, data: {"type":"delta","content":"：","error":null,"message_id":"72698bb7-cc41-4c37-8839-4aa36718cf5f","conversation_id":null,"itinerary":null,"stage":null} @ webpack-internal:///(app-pages-browser)/./lib/chat-transport.ts:137
[   56001ms] [LOG] [ChatTransport] onmessage triggered, has currentResponseHandler: true @ webpack-internal:///(app-pages-browser)/./lib/chat-transport.ts:41
[   56001ms] [LOG] [ChatTransport] responseHandler called, data: {"type":"delta","content":"在","error":null,"message_id":"72698bb7-cc41-4c37-8839-4aa36718cf5f","conversation_id":null,"itinerary":null,"stage":null} @ webpack-internal:///(app-pages-browser)/./lib/chat-transport.ts:137
[   56031ms] [LOG] [ChatTransport] onmessage triggered, has currentResponseHandler: true @ webpack-internal:///(app-pages-browser)/./lib/chat-transport.ts:41
[   56031ms] [LOG] [ChatTransport] responseHandler called, data: {"type":"delta","content":"**","error":null,"message_id":"72698bb7-cc41-4c37-8839-4aa36718cf5f","conversation_id":null,"itinerary":null,"stage":null} @ webpack-internal:///(app-pages-browser)/./lib/chat-transport.ts:137
[   56048ms] [LOG] [ChatTransport] onmessage triggered, has currentResponseHandler: true @ webpack-internal:///(app-pages-browser)/./lib/chat-transport.ts:41
[   56049ms] [LOG] [ChatTransport] responseHandler called, data: {"type":"delta","content":"前","error":null,"message_id":"72698bb7-cc41-4c37-8839-4aa36718cf5f","conversation_id":null,"itinerary":null,"stage":null} @ webpack-internal:///(app-pages-browser)/./lib/chat-transport.ts:137
[   56140ms] [LOG] [ChatTransport] onmessage triggered, has currentResponseHandler: true @ webpack-internal:///(app-pages-browser)/./lib/chat-transport.ts:41
[   56141ms] [LOG] [ChatTransport] responseHandler called, data: {"type":"delta","content":"门","error":null,"message_id":"72698bb7-cc41-4c37-8839-4aa36718cf5f","conversation_id":null,"itinerary":null,"stage":null} @ webpack-internal:///(app-pages-browser)/./lib/chat-transport.ts:137
[   56159ms] [LOG] [ChatTransport] onmessage triggered, has currentResponseHandler: true @ webpack-internal:///(app-pages-browser)/./lib/chat-transport.ts:41
[   56160ms] [LOG] [ChatTransport] responseHandler called, data: {"type":"delta","content":"大街","error":null,"message_id":"72698bb7-cc41-4c37-8839-4aa36718cf5f","conversation_id":null,"itinerary":null,"stage":null} @ webpack-internal:///(app-pages-browser)/./lib/chat-transport.ts:137
[   56177ms] [LOG] [ChatTransport] onmessage triggered, has currentResponseHandler: true @ webpack-internal:///(app-pages-browser)/./lib/chat-transport.ts:41
[   56178ms] [LOG] [ChatTransport] responseHandler called, data: {"type":"delta","content":"**","error":null,"message_id":"72698bb7-cc41-4c37-8839-4aa36718cf5f","conversation_id":null,"itinerary":null,"stage":null} @ webpack-internal:///(app-pages-browser)/./lib/chat-transport.ts:137
[   56179ms] [LOG] [ChatTransport] onmessage triggered, has currentResponseHandler: true @ webpack-internal:///(app-pages-browser)/./lib/chat-transport.ts:41
[   56179ms] [LOG] [ChatTransport] responseHandler called, data: {"type":"delta","content":"用餐","error":null,"message_id":"72698bb7-cc41-4c37-8839-4aa36718cf5f","conversation_id":null,"itinerary":null,"stage":null} @ webpack-internal:///(app-pages-browser)/./lib/chat-transport.ts:137
[   56238ms] [LOG] [ChatTransport] onmessage triggered, has currentResponseHandler: true @ webpack-internal:///(app-pages-browser)/./lib/chat-transport.ts:41
[   56239ms] [LOG] [ChatTransport] responseHandler called, data: {"type":"delta","content":"。","error":null,"message_id":"72698bb7-cc41-4c37-8839-4aa36718cf5f","conversation_id":null,"itinerary":null,"stage":null} @ webpack-internal:///(app-pages-browser)/./lib/chat-transport.ts:137
[   56264ms] [LOG] [ChatTransport] onmessage triggered, has currentResponseHandler: true @ webpack-internal:///(app-pages-browser)/./lib/chat-transport.ts:41
[   56266ms] [LOG] [ChatTransport] responseHandler called, data: {"type":"delta","content":"这里","error":null,"message_id":"72698bb7-cc41-4c37-8839-4aa36718cf5f","conversation_id":null,"itinerary":null,"stage":null} @ webpack-internal:///(app-pages-browser)/./lib/chat-transport.ts:137
[   56329ms] [LOG] [ChatTransport] onmessage triggered, has currentResponseHandler: true @ webpack-internal:///(app-pages-browser)/./lib/chat-transport.ts:41
[   56330ms] [LOG] [ChatTransport] responseHandler called, data: {"type":"delta","content":"汇聚","error":null,"message_id":"72698bb7-cc41-4c37-8839-4aa36718cf5f","conversation_id":null,"itinerary":null,"stage":null} @ webpack-internal:///(app-pages-browser)/./lib/chat-transport.ts:137
[   56349ms] [LOG] [ChatTransport] onmessage triggered, has currentResponseHandler: true @ webpack-internal:///(app-pages-browser)/./lib/chat-transport.ts:41
[   56349ms] [LOG] [ChatTransport] responseHandler called, data: {"type":"delta","content":"了","error":null,"message_id":"72698bb7-cc41-4c37-8839-4aa36718cf5f","conversation_id":null,"itinerary":null,"stage":null} @ webpack-internal:///(app-pages-browser)/./lib/chat-transport.ts:137
[   56385ms] [LOG] [ChatTransport] onmessage triggered, has currentResponseHandler: true @ webpack-internal:///(app-pages-browser)/./lib/chat-transport.ts:41
[   56386ms] [LOG] [ChatTransport] responseHandler called, data: {"type":"delta","content":"全","error":null,"message_id":"72698bb7-cc41-4c37-8839-4aa36718cf5f","conversation_id":null,"itinerary":null,"stage":null} @ webpack-internal:///(app-pages-browser)/./lib/chat-transport.ts:137
[   56433ms] [LOG] [ChatTransport] onmessage triggered, has currentResponseHandler: true @ webpack-internal:///(app-pages-browser)/./lib/chat-transport.ts:41
[   56434ms] [LOG] [ChatTransport] responseHandler called, data: {"type":"delta","content":"聚","error":null,"message_id":"72698bb7-cc41-4c37-8839-4aa36718cf5f","conversation_id":null,"itinerary":null,"stage":null} @ webpack-internal:///(app-pages-browser)/./lib/chat-transport.ts:137
[   56452ms] [LOG] [ChatTransport] onmessage triggered, has currentResponseHandler: true @ webpack-internal:///(app-pages-browser)/./lib/chat-transport.ts:41
[   56452ms] [LOG] [ChatTransport] responseHandler called, data: {"type":"delta","content":"德","error":null,"message_id":"72698bb7-cc41-4c37-8839-4aa36718cf5f","conversation_id":null,"itinerary":null,"stage":null} @ webpack-internal:///(app-pages-browser)/./lib/chat-transport.ts:137
[   56611ms] [LOG] [ChatTransport] onmessage triggered, has currentResponseHandler: true @ webpack-internal:///(app-pages-browser)/./lib/chat-transport.ts:41
[   56611ms] [LOG] [ChatTransport] responseHandler called, data: {"type":"delta","content":"、","error":null,"message_id":"72698bb7-cc41-4c37-8839-4aa36718cf5f","conversation_id":null,"itinerary":null,"stage":null} @ webpack-internal:///(app-pages-browser)/./lib/chat-transport.ts:137
[   56638ms] [LOG] [ChatTransport] onmessage triggered, has currentResponseHandler: true @ webpack-internal:///(app-pages-browser)/./lib/chat-transport.ts:41
[   56638ms] [LOG] [ChatTransport] responseHandler called, data: {"type":"delta","content":"东","error":null,"message_id":"72698bb7-cc41-4c37-8839-4aa36718cf5f","conversation_id":null,"itinerary":null,"stage":null} @ webpack-internal:///(app-pages-browser)/./lib/chat-transport.ts:137
[   56655ms] [LOG] [ChatTransport] onmessage triggered, has currentResponseHandler: true @ webpack-internal:///(app-pages-browser)/./lib/chat-transport.ts:41
[   56656ms] [LOG] [ChatTransport] responseHandler called, data: {"type":"delta","content":"来","error":null,"message_id":"72698bb7-cc41-4c37-8839-4aa36718cf5f","conversation_id":null,"itinerary":null,"stage":null} @ webpack-internal:///(app-pages-browser)/./lib/chat-transport.ts:137
[   56678ms] [LOG] [ChatTransport] onmessage triggered, has currentResponseHandler: true @ webpack-internal:///(app-pages-browser)/./lib/chat-transport.ts:41
[   56678ms] [LOG] [ChatTransport] responseHandler called, data: {"type":"delta","content":"顺","error":null,"message_id":"72698bb7-cc41-4c37-8839-4aa36718cf5f","conversation_id":null,"itinerary":null,"stage":null} @ webpack-internal:///(app-pages-browser)/./lib/chat-transport.ts:137
[   56679ms] [LOG] [ChatTransport] onmessage triggered, has currentResponseHandler: true @ webpack-internal:///(app-pages-browser)/./lib/chat-transport.ts:41
[   56679ms] [LOG] [ChatTransport] responseHandler called, data: {"type":"delta","content":"等","error":null,"message_id":"72698bb7-cc41-4c37-8839-4aa36718cf5f","conversation_id":null,"itinerary":null,"stage":null} @ webpack-internal:///(app-pages-browser)/./lib/chat-transport.ts:137
[   56679ms] [LOG] [ChatTransport] onmessage triggered, has currentResponseHandler: true @ webpack-internal:///(app-pages-browser)/./lib/chat-transport.ts:41
[   56679ms] [LOG] [ChatTransport] responseHandler called, data: {"type":"delta","content":"众多","error":null,"message_id":"72698bb7-cc41-4c37-8839-4aa36718cf5f","conversation_id":null,"itinerary":null,"stage":null} @ webpack-internal:///(app-pages-browser)/./lib/chat-transport.ts:137
[   56695ms] [LOG] [ChatTransport] onmessage triggered, has currentResponseHandler: true @ webpack-internal:///(app-pages-browser)/./lib/chat-transport.ts:41
[   56695ms] [LOG] [ChatTransport] responseHandler called, data: {"type":"delta","content":"老","error":null,"message_id":"72698bb7-cc41-4c37-8839-4aa36718cf5f","conversation_id":null,"itinerary":null,"stage":null} @ webpack-internal:///(app-pages-browser)/./lib/chat-transport.ts:137
[   56695ms] [LOG] [ChatTransport] onmessage triggered, has currentResponseHandler: true @ webpack-internal:///(app-pages-browser)/./lib/chat-transport.ts:41
[   56695ms] [LOG] [ChatTransport] responseHandler called, data: {"type":"delta","content":"字号","error":null,"message_id":"72698bb7-cc41-4c37-8839-4aa36718cf5f","conversation_id":null,"itinerary":null,"stage":null} @ webpack-internal:///(app-pages-browser)/./lib/chat-transport.ts:137
[   56754ms] [LOG] [ChatTransport] onmessage triggered, has currentResponseHandler: true @ webpack-internal:///(app-pages-browser)/./lib/chat-transport.ts:41
[   56754ms] [LOG] [ChatTransport] responseHandler called, data: {"type":"delta","content":"，","error":null,"message_id":"72698bb7-cc41-4c37-8839-4aa36718cf5f","conversation_id":null,"itinerary":null,"stage":null} @ webpack-internal:///(app-pages-browser)/./lib/chat-transport.ts:137
[   56770ms] [LOG] [ChatTransport] onmessage triggered, has currentResponseHandler: true @ webpack-internal:///(app-pages-browser)/./lib/chat-transport.ts:41
[   56771ms] [LOG] [ChatTransport] responseHandler called, data: {"type":"delta","content":"可以","error":null,"message_id":"72698bb7-cc41-4c37-8839-4aa36718cf5f","conversation_id":null,"itinerary":null,"stage":null} @ webpack-internal:///(app-pages-browser)/./lib/chat-transport.ts:137
[   56818ms] [LOG] [ChatTransport] onmessage triggered, has currentResponseHandler: true @ webpack-internal:///(app-pages-browser)/./lib/chat-transport.ts:41
[   56819ms] [LOG] [ChatTransport] responseHandler called, data: {"type":"delta","content":"品尝","error":null,"message_id":"72698bb7-cc41-4c37-8839-4aa36718cf5f","conversation_id":null,"itinerary":null,"stage":null} @ webpack-internal:///(app-pages-browser)/./lib/chat-transport.ts:137
[   56835ms] [LOG] [ChatTransport] onmessage triggered, has currentResponseHandler: true @ webpack-internal:///(app-pages-browser)/./lib/chat-transport.ts:41
[   56835ms] [LOG] [ChatTransport] responseHandler called, data: {"type":"delta","content":"到","error":null,"message_id":"72698bb7-cc41-4c37-8839-4aa36718cf5f","conversation_id":null,"itinerary":null,"stage":null} @ webpack-internal:///(app-pages-browser)/./lib/chat-transport.ts:137
[   56895ms] [LOG] [ChatTransport] onmessage triggered, has currentResponseHandler: true @ webpack-internal:///(app-pages-browser)/./lib/chat-transport.ts:41
[   56896ms] [LOG] [ChatTransport] responseHandler called, data: {"type":"delta","content":"地","error":null,"message_id":"72698bb7-cc41-4c37-8839-4aa36718cf5f","conversation_id":null,"itinerary":null,"stage":null} @ webpack-internal:///(app-pages-browser)/./lib/chat-transport.ts:137
[   56914ms] [LOG] [ChatTransport] onmessage triggered, has currentResponseHandler: true @ webpack-internal:///(app-pages-browser)/./lib/chat-transport.ts:41
[   56914ms] [LOG] [ChatTransport] responseHandler called, data: {"type":"delta","content":"道的","error":null,"message_id":"72698bb7-cc41-4c37-8839-4aa36718cf5f","conversation_id":null,"itinerary":null,"stage":null} @ webpack-internal:///(app-pages-browser)/./lib/chat-transport.ts:137
[   56941ms] [LOG] [ChatTransport] onmessage triggered, has currentResponseHandler: true @ webpack-internal:///(app-pages-browser)/./lib/chat-transport.ts:41
[   56941ms] [LOG] [ChatTransport] responseHandler called, data: {"type":"delta","content":"北京","error":null,"message_id":"72698bb7-cc41-4c37-8839-4aa36718cf5f","conversation_id":null,"itinerary":null,"stage":null} @ webpack-internal:///(app-pages-browser)/./lib/chat-transport.ts:137
[   56958ms] [LOG] [ChatTransport] onmessage triggered, has currentResponseHandler: true @ webpack-internal:///(app-pages-browser)/./lib/chat-transport.ts:41
[   56958ms] [LOG] [ChatTransport] responseHandler called, data: {"type":"delta","content":"烤","error":null,"message_id":"72698bb7-cc41-4c37-8839-4aa36718cf5f","conversation_id":null,"itinerary":null,"stage":null} @ webpack-internal:///(app-pages-browser)/./lib/chat-transport.ts:137
[   57004ms] [LOG] [ChatTransport] onmessage triggered, has currentResponseHandler: true @ webpack-internal:///(app-pages-browser)/./lib/chat-transport.ts:41
[   57004ms] [LOG] [ChatTransport] responseHandler called, data: {"type":"delta","content":"鸭","error":null,"message_id":"72698bb7-cc41-4c37-8839-4aa36718cf5f","conversation_id":null,"itinerary":null,"stage":null} @ webpack-internal:///(app-pages-browser)/./lib/chat-transport.ts:137
[   57021ms] [LOG] [ChatTransport] onmessage triggered, has currentResponseHandler: true @ webpack-internal:///(app-pages-browser)/./lib/chat-transport.ts:41
[   57021ms] [LOG] [ChatTransport] responseHandler called, data: {"type":"delta","content":"、","error":null,"message_id":"72698bb7-cc41-4c37-8839-4aa36718cf5f","conversation_id":null,"itinerary":null,"stage":null} @ webpack-internal:///(app-pages-browser)/./lib/chat-transport.ts:137
[   57131ms] [LOG] [ChatTransport] onmessage triggered, has currentResponseHandler: true @ webpack-internal:///(app-pages-browser)/./lib/chat-transport.ts:41
[   57131ms] [LOG] [ChatTransport] responseHandler called, data: {"type":"delta","content":"涮","error":null,"message_id":"72698bb7-cc41-4c37-8839-4aa36718cf5f","conversation_id":null,"itinerary":null,"stage":null} @ webpack-internal:///(app-pages-browser)/./lib/chat-transport.ts:137
[   57155ms] [LOG] [ChatTransport] onmessage triggered, has currentResponseHandler: true @ webpack-internal:///(app-pages-browser)/./lib/chat-transport.ts:41
[   57156ms] [LOG] [ChatTransport] responseHandler called, data: {"type":"delta","content":"羊肉","error":null,"message_id":"72698bb7-cc41-4c37-8839-4aa36718cf5f","conversation_id":null,"itinerary":null,"stage":null} @ webpack-internal:///(app-pages-browser)/./lib/chat-transport.ts:137
[   57174ms] [LOG] [ChatTransport] onmessage triggered, has currentResponseHandler: true @ webpack-internal:///(app-pages-browser)/./lib/chat-transport.ts:41
[   57175ms] [LOG] [ChatTransport] responseHandler called, data: {"type":"delta","content":"等","error":null,"message_id":"72698bb7-cc41-4c37-8839-4aa36718cf5f","conversation_id":null,"itinerary":null,"stage":null} @ webpack-internal:///(app-pages-browser)/./lib/chat-transport.ts:137
[   57193ms] [LOG] [ChatTransport] onmessage triggered, has currentResponseHandler: true @ webpack-internal:///(app-pages-browser)/./lib/chat-transport.ts:41
[   57193ms] [LOG] [ChatTransport] responseHandler called, data: {"type":"delta","content":"美食","error":null,"message_id":"72698bb7-cc41-4c37-8839-4aa36718cf5f","conversation_id":null,"itinerary":null,"stage":null} @ webpack-internal:///(app-pages-browser)/./lib/chat-transport.ts:137
[   57287ms] [LOG] [ChatTransport] onmessage triggered, has currentResponseHandler: true @ webpack-internal:///(app-pages-browser)/./lib/chat-transport.ts:41
[   57288ms] [LOG] [ChatTransport] responseHandler called, data: {"type":"delta","content":"。\n","error":null,"message_id":"72698bb7-cc41-4c37-8839-4aa36718cf5f","conversation_id":null,"itinerary":null,"stage":null} @ webpack-internal:///(app-pages-browser)/./lib/chat-transport.ts:137
[   57305ms] [LOG] [ChatTransport] onmessage triggered, has currentResponseHandler: true @ webpack-internal:///(app-pages-browser)/./lib/chat-transport.ts:41
[   57305ms] [LOG] [ChatTransport] responseHandler called, data: {"type":"delta","content":"*","error":null,"message_id":"72698bb7-cc41-4c37-8839-4aa36718cf5f","conversation_id":null,"itinerary":null,"stage":null} @ webpack-internal:///(app-pages-browser)/./lib/chat-transport.ts:137
[   57321ms] [LOG] [ChatTransport] onmessage triggered, has currentResponseHandler: true @ webpack-internal:///(app-pages-browser)/./lib/chat-transport.ts:41
[   57322ms] [LOG] [ChatTransport] responseHandler called, data: {"type":"delta","content":"  ","error":null,"message_id":"72698bb7-cc41-4c37-8839-4aa36718cf5f","conversation_id":null,"itinerary":null,"stage":null} @ webpack-internal:///(app-pages-browser)/./lib/chat-transport.ts:137
[   57338ms] [LOG] [ChatTransport] onmessage triggered, has currentResponseHandler: true @ webpack-internal:///(app-pages-browser)/./lib/chat-transport.ts:41
[   57338ms] [LOG] [ChatTransport] responseHandler called, data: {"type":"delta","content":" **","error":null,"message_id":"72698bb7-cc41-4c37-8839-4aa36718cf5f","conversation_id":null,"itinerary":null,"stage":null} @ webpack-internal:///(app-pages-browser)/./lib/chat-transport.ts:137
[   57407ms] [LOG] [ChatTransport] onmessage triggered, has currentResponseHandler: true @ webpack-internal:///(app-pages-browser)/./lib/chat-transport.ts:41
[   57407ms] [LOG] [ChatTransport] responseHandler called, data: {"type":"delta","content":"下午","error":null,"message_id":"72698bb7-cc41-4c37-8839-4aa36718cf5f","conversation_id":null,"itinerary":null,"stage":null} @ webpack-internal:///(app-pages-browser)/./lib/chat-transport.ts:137
[   57424ms] [LOG] [ChatTransport] onmessage triggered, has currentResponseHandler: true @ webpack-internal:///(app-pages-browser)/./lib/chat-transport.ts:41
[   57424ms] [LOG] [ChatTransport] responseHandler called, data: {"type":"delta","content":"**","error":null,"message_id":"72698bb7-cc41-4c37-8839-4aa36718cf5f","conversation_id":null,"itinerary":null,"stage":null} @ webpack-internal:///(app-pages-browser)/./lib/chat-transport.ts:137
[   57454ms] [LOG] [ChatTransport] onmessage triggered, has currentResponseHandler: true @ webpack-internal:///(app-pages-browser)/./lib/chat-transport.ts:41
[   57454ms] [LOG] [ChatTransport] responseHandler called, data: {"type":"delta","content":"：","error":null,"message_id":"72698bb7-cc41-4c37-8839-4aa36718cf5f","conversation_id":null,"itinerary":null,"stage":null} @ webpack-internal:///(app-pages-browser)/./lib/chat-transport.ts:137
[   57467ms] [LOG] [ChatTransport] onmessage triggered, has currentResponseHandler: true @ webpack-internal:///(app-pages-browser)/./lib/chat-transport.ts:41
[   57468ms] [LOG] [ChatTransport] responseHandler called, data: {"type":"delta","content":"进入","error":null,"message_id":"72698bb7-cc41-4c37-8839-4aa36718cf5f","conversation_id":null,"itinerary":null,"stage":null} @ webpack-internal:///(app-pages-browser)/./lib/chat-transport.ts:137
[   57521ms] [LOG] [ChatTransport] onmessage triggered, has currentResponseHandler: true @ webpack-internal:///(app-pages-browser)/./lib/chat-transport.ts:41
[   57521ms] [LOG] [ChatTransport] responseHandler called, data: {"type":"delta","content":"**","error":null,"message_id":"72698bb7-cc41-4c37-8839-4aa36718cf5f","conversation_id":null,"itinerary":null,"stage":null} @ webpack-internal:///(app-pages-browser)/./lib/chat-transport.ts:137
[   57538ms] [LOG] [ChatTransport] onmessage triggered, has currentResponseHandler: true @ webpack-internal:///(app-pages-browser)/./lib/chat-transport.ts:41
[   57538ms] [LOG] [ChatTransport] responseHandler called, data: {"type":"delta","content":"故宫","error":null,"message_id":"72698bb7-cc41-4c37-8839-4aa36718cf5f","conversation_id":null,"itinerary":null,"stage":null} @ webpack-internal:///(app-pages-browser)/./lib/chat-transport.ts:137
[   57585ms] [LOG] [ChatTransport] onmessage triggered, has currentResponseHandler: true @ webpack-internal:///(app-pages-browser)/./lib/chat-transport.ts:41
[   57585ms] [LOG] [ChatTransport] responseHandler called, data: {"type":"delta","content":"博物院","error":null,"message_id":"72698bb7-cc41-4c37-8839-4aa36718cf5f","conversation_id":null,"itinerary":null,"stage":null} @ webpack-internal:///(app-pages-browser)/./lib/chat-transport.ts:137
[   57602ms] [LOG] [ChatTransport] onmessage triggered, has currentResponseHandler: true @ webpack-internal:///(app-pages-browser)/./lib/chat-transport.ts:41
[   57602ms] [LOG] [ChatTransport] responseHandler called, data: {"type":"delta","content":"**","error":null,"message_id":"72698bb7-cc41-4c37-8839-4aa36718cf5f","conversation_id":null,"itinerary":null,"stage":null} @ webpack-internal:///(app-pages-browser)/./lib/chat-transport.ts:137
[   57641ms] [LOG] [ChatTransport] onmessage triggered, has currentResponseHandler: true @ webpack-internal:///(app-pages-browser)/./lib/chat-transport.ts:41
[   57641ms] [LOG] [ChatTransport] responseHandler called, data: {"type":"delta","content":"。","error":null,"message_id":"72698bb7-cc41-4c37-8839-4aa36718cf5f","conversation_id":null,"itinerary":null,"stage":null} @ webpack-internal:///(app-pages-browser)/./lib/chat-transport.ts:137
[   57656ms] [LOG] [ChatTransport] onmessage triggered, has currentResponseHandler: true @ webpack-internal:///(app-pages-browser)/./lib/chat-transport.ts:41
[   57657ms] [LOG] [ChatTransport] responseHandler called, data: {"type":"delta","content":"从","error":null,"message_id":"72698bb7-cc41-4c37-8839-4aa36718cf5f","conversation_id":null,"itinerary":null,"stage":null} @ webpack-internal:///(app-pages-browser)/./lib/chat-transport.ts:137
[   57707ms] [LOG] [ChatTransport] onmessage triggered, has currentResponseHandler: true @ webpack-internal:///(app-pages-browser)/./lib/chat-transport.ts:41
[   57708ms] [LOG] [ChatTransport] responseHandler called, data: {"type":"delta","content":"午","error":null,"message_id":"72698bb7-cc41-4c37-8839-4aa36718cf5f","conversation_id":null,"itinerary":null,"stage":null} @ webpack-internal:///(app-pages-browser)/./lib/chat-transport.ts:137
[   57725ms] [LOG] [ChatTransport] onmessage triggered, has currentResponseHandler: true @ webpack-internal:///(app-pages-browser)/./lib/chat-transport.ts:41
[   57725ms] [LOG] [ChatTransport] responseHandler called, data: {"type":"delta","content":"门","error":null,"message_id":"72698bb7-cc41-4c37-8839-4aa36718cf5f","conversation_id":null,"itinerary":null,"stage":null} @ webpack-internal:///(app-pages-browser)/./lib/chat-transport.ts:137
[   57773ms] [LOG] [ChatTransport] onmessage triggered, has currentResponseHandler: true @ webpack-internal:///(app-pages-browser)/./lib/chat-transport.ts:41
[   57773ms] [LOG] [ChatTransport] responseHandler called, data: {"type":"delta","content":"进入","error":null,"message_id":"72698bb7-cc41-4c37-8839-4aa36718cf5f","conversation_id":null,"itinerary":null,"stage":null} @ webpack-internal:///(app-pages-browser)/./lib/chat-transport.ts:137
[   57791ms] [LOG] [ChatTransport] onmessage triggered, has currentResponseHandler: true @ webpack-internal:///(app-pages-browser)/./lib/chat-transport.ts:41
[   57792ms] [LOG] [ChatTransport] responseHandler called, data: {"type":"delta","content":"，","error":null,"message_id":"72698bb7-cc41-4c37-8839-4aa36718cf5f","conversation_id":null,"itinerary":null,"stage":null} @ webpack-internal:///(app-pages-browser)/./lib/chat-transport.ts:137
[   57838ms] [LOG] [ChatTransport] onmessage triggered, has currentResponseHandler: true @ webpack-internal:///(app-pages-browser)/./lib/chat-transport.ts:41
[   57838ms] [LOG] [ChatTransport] responseHandler called, data: {"type":"delta","content":"沿着","error":null,"message_id":"72698bb7-cc41-4c37-8839-4aa36718cf5f","conversation_id":null,"itinerary":null,"stage":null} @ webpack-internal:///(app-pages-browser)/./lib/chat-transport.ts:137
[   57854ms] [LOG] [ChatTransport] onmessage triggered, has currentResponseHandler: true @ webpack-internal:///(app-pages-browser)/./lib/chat-transport.ts:41
[   57855ms] [LOG] [ChatTransport] responseHandler called, data: {"type":"delta","content":"中","error":null,"message_id":"72698bb7-cc41-4c37-8839-4aa36718cf5f","conversation_id":null,"itinerary":null,"stage":null} @ webpack-internal:///(app-pages-browser)/./lib/chat-transport.ts:137
[   57981ms] [LOG] [ChatTransport] onmessage triggered, has currentResponseHandler: true @ webpack-internal:///(app-pages-browser)/./lib/chat-transport.ts:41
[   57981ms] [LOG] [ChatTransport] responseHandler called, data: {"type":"delta","content":"轴线","error":null,"message_id":"72698bb7-cc41-4c37-8839-4aa36718cf5f","conversation_id":null,"itinerary":null,"stage":null} @ webpack-internal:///(app-pages-browser)/./lib/chat-transport.ts:137
[   58001ms] [LOG] [ChatTransport] onmessage triggered, has currentResponseHandler: true @ webpack-internal:///(app-pages-browser)/./lib/chat-transport.ts:41
[   58003ms] [LOG] [ChatTransport] responseHandler called, data: {"type":"delta","content":"参观","error":null,"message_id":"72698bb7-cc41-4c37-8839-4aa36718cf5f","conversation_id":null,"itinerary":null,"stage":null} @ webpack-internal:///(app-pages-browser)/./lib/chat-transport.ts:137
[   58004ms] [LOG] [ChatTransport] onmessage triggered, has currentResponseHandler: true @ webpack-internal:///(app-pages-browser)/./lib/chat-transport.ts:41
[   58004ms] [LOG] [ChatTransport] responseHandler called, data: {"type":"delta","content":"太","error":null,"message_id":"72698bb7-cc41-4c37-8839-4aa36718cf5f","conversation_id":null,"itinerary":null,"stage":null} @ webpack-internal:///(app-pages-browser)/./lib/chat-transport.ts:137
[   58005ms] [LOG] [ChatTransport] onmessage triggered, has currentResponseHandler: true @ webpack-internal:///(app-pages-browser)/./lib/chat-transport.ts:41
[   58005ms] [LOG] [ChatTransport] responseHandler called, data: {"type":"delta","content":"和","error":null,"message_id":"72698bb7-cc41-4c37-8839-4aa36718cf5f","conversation_id":null,"itinerary":null,"stage":null} @ webpack-internal:///(app-pages-browser)/./lib/chat-transport.ts:137
[   58032ms] [LOG] [ChatTransport] onmessage triggered, has currentResponseHandler: true @ webpack-internal:///(app-pages-browser)/./lib/chat-transport.ts:41
[   58033ms] [LOG] [ChatTransport] responseHandler called, data: {"type":"delta","content":"殿","error":null,"message_id":"72698bb7-cc41-4c37-8839-4aa36718cf5f","conversation_id":null,"itinerary":null,"stage":null} @ webpack-internal:///(app-pages-browser)/./lib/chat-transport.ts:137
[   58052ms] [LOG] [ChatTransport] onmessage triggered, has currentResponseHandler: true @ webpack-internal:///(app-pages-browser)/./lib/chat-transport.ts:41
[   58052ms] [LOG] [ChatTransport] responseHandler called, data: {"type":"delta","content":"、","error":null,"message_id":"72698bb7-cc41-4c37-8839-4aa36718cf5f","conversation_id":null,"itinerary":null,"stage":null} @ webpack-internal:///(app-pages-browser)/./lib/chat-transport.ts:137
[   58184ms] [LOG] [ChatTransport] onmessage triggered, has currentResponseHandler: true @ webpack-internal:///(app-pages-browser)/./lib/chat-transport.ts:41
[   58184ms] [LOG] [ChatTransport] responseHandler called, data: {"type":"delta","content":"乾","error":null,"message_id":"72698bb7-cc41-4c37-8839-4aa36718cf5f","conversation_id":null,"itinerary":null,"stage":null} @ webpack-internal:///(app-pages-browser)/./lib/chat-transport.ts:137
[   58202ms] [LOG] [ChatTransport] onmessage triggered, has currentResponseHandler: true @ webpack-internal:///(app-pages-browser)/./lib/chat-transport.ts:41
[   58202ms] [LOG] [ChatTransport] responseHandler called, data: {"type":"delta","content":"清","error":null,"message_id":"72698bb7-cc41-4c37-8839-4aa36718cf5f","conversation_id":null,"itinerary":null,"stage":null} @ webpack-internal:///(app-pages-browser)/./lib/chat-transport.ts:137
[   58220ms] [LOG] [ChatTransport] onmessage triggered, has currentResponseHandler: true @ webpack-internal:///(app-pages-browser)/./lib/chat-transport.ts:41
[   58220ms] [LOG] [ChatTransport] responseHandler called, data: {"type":"delta","content":"宫","error":null,"message_id":"72698bb7-cc41-4c37-8839-4aa36718cf5f","conversation_id":null,"itinerary":null,"stage":null} @ webpack-internal:///(app-pages-browser)/./lib/chat-transport.ts:137
[   58221ms] [LOG] [ChatTransport] onmessage triggered, has currentResponseHandler: true @ webpack-internal:///(app-pages-browser)/./lib/chat-transport.ts:41
[   58221ms] [LOG] [ChatTransport] responseHandler called, data: {"type":"delta","content":"、","error":null,"message_id":"72698bb7-cc41-4c37-8839-4aa36718cf5f","conversation_id":null,"itinerary":null,"stage":null} @ webpack-internal:///(app-pages-browser)/./lib/chat-transport.ts:137
[   58238ms] [LOG] [ChatTransport] onmessage triggered, has currentResponseHandler: true @ webpack-internal:///(app-pages-browser)/./lib/chat-transport.ts:41
[   58239ms] [LOG] [ChatTransport] responseHandler called, data: {"type":"delta","content":"御","error":null,"message_id":"72698bb7-cc41-4c37-8839-4aa36718cf5f","conversation_id":null,"itinerary":null,"stage":null} @ webpack-internal:///(app-pages-browser)/./lib/chat-transport.ts:137
[   58256ms] [LOG] [ChatTransport] onmessage triggered, has currentResponseHandler: true @ webpack-internal:///(app-pages-browser)/./lib/chat-transport.ts:41
[   58257ms] [LOG] [ChatTransport] responseHandler called, data: {"type":"delta","content":"花园","error":null,"message_id":"72698bb7-cc41-4c37-8839-4aa36718cf5f","conversation_id":null,"itinerary":null,"stage":null} @ webpack-internal:///(app-pages-browser)/./lib/chat-transport.ts:137
[   58298ms] [LOG] [ChatTransport] onmessage triggered, has currentResponseHandler: true @ webpack-internal:///(app-pages-browser)/./lib/chat-transport.ts:41
[   58299ms] [LOG] [ChatTransport] responseHandler called, data: {"type":"delta","content":"等","error":null,"message_id":"72698bb7-cc41-4c37-8839-4aa36718cf5f","conversation_id":null,"itinerary":null,"stage":null} @ webpack-internal:///(app-pages-browser)/./lib/chat-transport.ts:137
[   58320ms] [LOG] [ChatTransport] onmessage triggered, has currentResponseHandler: true @ webpack-internal:///(app-pages-browser)/./lib/chat-transport.ts:41
[   58320ms] [LOG] [ChatTransport] responseHandler called, data: {"type":"delta","content":"，","error":null,"message_id":"72698bb7-cc41-4c37-8839-4aa36718cf5f","conversation_id":null,"itinerary":null,"stage":null} @ webpack-internal:///(app-pages-browser)/./lib/chat-transport.ts:137
[   58338ms] [LOG] [ChatTransport] onmessage triggered, has currentResponseHandler: true @ webpack-internal:///(app-pages-browser)/./lib/chat-transport.ts:41
[   58339ms] [LOG] [ChatTransport] responseHandler called, data: {"type":"delta","content":"领略","error":null,"message_id":"72698bb7-cc41-4c37-8839-4aa36718cf5f","conversation_id":null,"itinerary":null,"stage":null} @ webpack-internal:///(app-pages-browser)/./lib/chat-transport.ts:137
[   58414ms] [LOG] [ChatTransport] onmessage triggered, has currentResponseHandler: true @ webpack-internal:///(app-pages-browser)/./lib/chat-transport.ts:41
[   58414ms] [LOG] [ChatTransport] responseHandler called, data: {"type":"delta","content":"明清","error":null,"message_id":"72698bb7-cc41-4c37-8839-4aa36718cf5f","conversation_id":null,"itinerary":null,"stage":null} @ webpack-internal:///(app-pages-browser)/./lib/chat-transport.ts:137
[   58433ms] [LOG] [ChatTransport] onmessage triggered, has currentResponseHandler: true @ webpack-internal:///(app-pages-browser)/./lib/chat-transport.ts:41
[   58434ms] [LOG] [ChatTransport] responseHandler called, data: {"type":"delta","content":"两","error":null,"message_id":"72698bb7-cc41-4c37-8839-4aa36718cf5f","conversation_id":null,"itinerary":null,"stage":null} @ webpack-internal:///(app-pages-browser)/./lib/chat-transport.ts:137
[   58481ms] [LOG] [ChatTransport] onmessage triggered, has currentResponseHandler: true @ webpack-internal:///(app-pages-browser)/./lib/chat-transport.ts:41
[   58482ms] [LOG] [ChatTransport] responseHandler called, data: {"type":"delta","content":"代","error":null,"message_id":"72698bb7-cc41-4c37-8839-4aa36718cf5f","conversation_id":null,"itinerary":null,"stage":null} @ webpack-internal:///(app-pages-browser)/./lib/chat-transport.ts:137
[   58501ms] [LOG] [ChatTransport] onmessage triggered, has currentResponseHandler: true @ webpack-internal:///(app-pages-browser)/./lib/chat-transport.ts:41
[   58501ms] [LOG] [ChatTransport] responseHandler called, data: {"type":"delta","content":"皇宫","error":null,"message_id":"72698bb7-cc41-4c37-8839-4aa36718cf5f","conversation_id":null,"itinerary":null,"stage":null} @ webpack-internal:///(app-pages-browser)/./lib/chat-transport.ts:137
[   58538ms] [LOG] [ChatTransport] onmessage triggered, has currentResponseHandler: true @ webpack-internal:///(app-pages-browser)/./lib/chat-transport.ts:41
[   58538ms] [LOG] [ChatTransport] responseHandler called, data: {"type":"delta","content":"的","error":null,"message_id":"72698bb7-cc41-4c37-8839-4aa36718cf5f","conversation_id":null,"itinerary":null,"stage":null} @ webpack-internal:///(app-pages-browser)/./lib/chat-transport.ts:137
[   58558ms] [LOG] [ChatTransport] onmessage triggered, has currentResponseHandler: true @ webpack-internal:///(app-pages-browser)/./lib/chat-transport.ts:41
[   58558ms] [LOG] [ChatTransport] responseHandler called, data: {"type":"delta","content":"恢","error":null,"message_id":"72698bb7-cc41-4c37-8839-4aa36718cf5f","conversation_id":null,"itinerary":null,"stage":null} @ webpack-internal:///(app-pages-browser)/./lib/chat-transport.ts:137
[   58597ms] [LOG] [ChatTransport] onmessage triggered, has currentResponseHandler: true @ webpack-internal:///(app-pages-browser)/./lib/chat-transport.ts:41
[   58597ms] [LOG] [ChatTransport] responseHandler called, data: {"type":"delta","content":"弘","error":null,"message_id":"72698bb7-cc41-4c37-8839-4aa36718cf5f","conversation_id":null,"itinerary":null,"stage":null} @ webpack-internal:///(app-pages-browser)/./lib/chat-transport.ts:137
[   58610ms] [LOG] [ChatTransport] onmessage triggered, has currentResponseHandler: true @ webpack-internal:///(app-pages-browser)/./lib/chat-transport.ts:41
[   58610ms] [LOG] [ChatTransport] responseHandler called, data: {"type":"delta","content":"气势","error":null,"message_id":"72698bb7-cc41-4c37-8839-4aa36718cf5f","conversation_id":null,"itinerary":null,"stage":null} @ webpack-internal:///(app-pages-browser)/./lib/chat-transport.ts:137
[   58740ms] [LOG] [ChatTransport] onmessage triggered, has currentResponseHandler: true @ webpack-internal:///(app-pages-browser)/./lib/chat-transport.ts:41
[   58741ms] [LOG] [ChatTransport] responseHandler called, data: {"type":"delta","content":"。","error":null,"message_id":"72698bb7-cc41-4c37-8839-4aa36718cf5f","conversation_id":null,"itinerary":null,"stage":null} @ webpack-internal:///(app-pages-browser)/./lib/chat-transport.ts:137
[   58741ms] [LOG] [ChatTransport] onmessage triggered, has currentResponseHandler: true @ webpack-internal:///(app-pages-browser)/./lib/chat-transport.ts:41
[   58742ms] [LOG] [ChatTransport] responseHandler called, data: {"type":"delta","content":"建议","error":null,"message_id":"72698bb7-cc41-4c37-8839-4aa36718cf5f","conversation_id":null,"itinerary":null,"stage":null} @ webpack-internal:///(app-pages-browser)/./lib/chat-transport.ts:137
[   58769ms] [LOG] [ChatTransport] onmessage triggered, has currentResponseHandler: true @ webpack-internal:///(app-pages-browser)/./lib/chat-transport.ts:41
[   58769ms] [LOG] [ChatTransport] responseHandler called, data: {"type":"delta","content":"游览","error":null,"message_id":"72698bb7-cc41-4c37-8839-4aa36718cf5f","conversation_id":null,"itinerary":null,"stage":null} @ webpack-internal:///(app-pages-browser)/./lib/chat-transport.ts:137
[   58792ms] [LOG] [ChatTransport] onmessage triggered, has currentResponseHandler: true @ webpack-internal:///(app-pages-browser)/./lib/chat-transport.ts:41
[   58792ms] [LOG] [ChatTransport] responseHandler called, data: {"type":"delta","content":"3","error":null,"message_id":"72698bb7-cc41-4c37-8839-4aa36718cf5f","conversation_id":null,"itinerary":null,"stage":null} @ webpack-internal:///(app-pages-browser)/./lib/chat-transport.ts:137
[   58792ms] [LOG] [ChatTransport] onmessage triggered, has currentResponseHandler: true @ webpack-internal:///(app-pages-browser)/./lib/chat-transport.ts:41
[   58793ms] [LOG] [ChatTransport] responseHandler called, data: {"type":"delta","content":"-","error":null,"message_id":"72698bb7-cc41-4c37-8839-4aa36718cf5f","conversation_id":null,"itinerary":null,"stage":null} @ webpack-internal:///(app-pages-browser)/./lib/chat-transport.ts:137
[   58828ms] [LOG] [ChatTransport] onmessage triggered, has currentResponseHandler: true @ webpack-internal:///(app-pages-browser)/./lib/chat-transport.ts:41
[   58828ms] [LOG] [ChatTransport] responseHandler called, data: {"type":"delta","content":"4","error":null,"message_id":"72698bb7-cc41-4c37-8839-4aa36718cf5f","conversation_id":null,"itinerary":null,"stage":null} @ webpack-internal:///(app-pages-browser)/./lib/chat-transport.ts:137
[   58847ms] [LOG] [ChatTransport] onmessage triggered, has currentResponseHandler: true @ webpack-internal:///(app-pages-browser)/./lib/chat-transport.ts:41
[   58848ms] [LOG] [ChatTransport] responseHandler called, data: {"type":"delta","content":"小时","error":null,"message_id":"72698bb7-cc41-4c37-8839-4aa36718cf5f","conversation_id":null,"itinerary":null,"stage":null} @ webpack-internal:///(app-pages-browser)/./lib/chat-transport.ts:137
[   58906ms] [LOG] [ChatTransport] onmessage triggered, has currentResponseHandler: true @ webpack-internal:///(app-pages-browser)/./lib/chat-transport.ts:41
[   58907ms] [LOG] [ChatTransport] responseHandler called, data: {"type":"delta","content":"。\n","error":null,"message_id":"72698bb7-cc41-4c37-8839-4aa36718cf5f","conversation_id":null,"itinerary":null,"stage":null} @ webpack-internal:///(app-pages-browser)/./lib/chat-transport.ts:137
[   58926ms] [LOG] [ChatTransport] onmessage triggered, has currentResponseHandler: true @ webpack-internal:///(app-pages-browser)/./lib/chat-transport.ts:41
[   58926ms] [LOG] [ChatTransport] responseHandler called, data: {"type":"delta","content":"*","error":null,"message_id":"72698bb7-cc41-4c37-8839-4aa36718cf5f","conversation_id":null,"itinerary":null,"stage":null} @ webpack-internal:///(app-pages-browser)/./lib/chat-transport.ts:137
[   58971ms] [LOG] [ChatTransport] onmessage triggered, has currentResponseHandler: true @ webpack-internal:///(app-pages-browser)/./lib/chat-transport.ts:41
[   58972ms] [LOG] [ChatTransport] responseHandler called, data: {"type":"delta","content":"  ","error":null,"message_id":"72698bb7-cc41-4c37-8839-4aa36718cf5f","conversation_id":null,"itinerary":null,"stage":null} @ webpack-internal:///(app-pages-browser)/./lib/chat-transport.ts:137
[   58996ms] [LOG] [ChatTransport] onmessage triggered, has currentResponseHandler: true @ webpack-internal:///(app-pages-browser)/./lib/chat-transport.ts:41
[   58996ms] [LOG] [ChatTransport] responseHandler called, data: {"type":"delta","content":" **","error":null,"message_id":"72698bb7-cc41-4c37-8839-4aa36718cf5f","conversation_id":null,"itinerary":null,"stage":null} @ webpack-internal:///(app-pages-browser)/./lib/chat-transport.ts:137
[   59033ms] [LOG] [ChatTransport] onmessage triggered, has currentResponseHandler: true @ webpack-internal:///(app-pages-browser)/./lib/chat-transport.ts:41
[   59034ms] [LOG] [ChatTransport] responseHandler called, data: {"type":"delta","content":"傍晚","error":null,"message_id":"72698bb7-cc41-4c37-8839-4aa36718cf5f","conversation_id":null,"itinerary":null,"stage":null} @ webpack-internal:///(app-pages-browser)/./lib/chat-transport.ts:137
[   59045ms] [LOG] [ChatTransport] onmessage triggered, has currentResponseHandler: true @ webpack-internal:///(app-pages-browser)/./lib/chat-transport.ts:41
[   59046ms] [LOG] [ChatTransport] responseHandler called, data: {"type":"delta","content":"**","error":null,"message_id":"72698bb7-cc41-4c37-8839-4aa36718cf5f","conversation_id":null,"itinerary":null,"stage":null} @ webpack-internal:///(app-pages-browser)/./lib/chat-transport.ts:137
[   59086ms] [LOG] [ChatTransport] onmessage triggered, has currentResponseHandler: true @ webpack-internal:///(app-pages-browser)/./lib/chat-transport.ts:41
[   59086ms] [LOG] [ChatTransport] responseHandler called, data: {"type":"delta","content":"：","error":null,"message_id":"72698bb7-cc41-4c37-8839-4aa36718cf5f","conversation_id":null,"itinerary":null,"stage":null} @ webpack-internal:///(app-pages-browser)/./lib/chat-transport.ts:137
[   59100ms] [LOG] [ChatTransport] onmessage triggered, has currentResponseHandler: true @ webpack-internal:///(app-pages-browser)/./lib/chat-transport.ts:41
[   59100ms] [LOG] [ChatTransport] responseHandler called, data: {"type":"delta","content":"登上","error":null,"message_id":"72698bb7-cc41-4c37-8839-4aa36718cf5f","conversation_id":null,"itinerary":null,"stage":null} @ webpack-internal:///(app-pages-browser)/./lib/chat-transport.ts:137
[   59281ms] [LOG] [ChatTransport] onmessage triggered, has currentResponseHandler: true @ webpack-internal:///(app-pages-browser)/./lib/chat-transport.ts:41
[   59282ms] [LOG] [ChatTransport] responseHandler called, data: {"type":"delta","content":"故宫","error":null,"message_id":"72698bb7-cc41-4c37-8839-4aa36718cf5f","conversation_id":null,"itinerary":null,"stage":null} @ webpack-internal:///(app-pages-browser)/./lib/chat-transport.ts:137
[   59285ms] [LOG] [ChatTransport] onmessage triggered, has currentResponseHandler: true @ webpack-internal:///(app-pages-browser)/./lib/chat-transport.ts:41
[   59285ms] [LOG] [ChatTransport] responseHandler called, data: {"type":"delta","content":"北","error":null,"message_id":"72698bb7-cc41-4c37-8839-4aa36718cf5f","conversation_id":null,"itinerary":null,"stage":null} @ webpack-internal:///(app-pages-browser)/./lib/chat-transport.ts:137
[   59285ms] [LOG] [ChatTransport] onmessage triggered, has currentResponseHandler: true @ webpack-internal:///(app-pages-browser)/./lib/chat-transport.ts:41
[   59285ms] [LOG] [ChatTransport] responseHandler called, data: {"type":"delta","content":"面的","error":null,"message_id":"72698bb7-cc41-4c37-8839-4aa36718cf5f","conversation_id":null,"itinerary":null,"stage":null} @ webpack-internal:///(app-pages-browser)/./lib/chat-transport.ts:137
[   59290ms] [LOG] [ChatTransport] onmessage triggered, has currentResponseHandler: true @ webpack-internal:///(app-pages-browser)/./lib/chat-transport.ts:41
[   59290ms] [LOG] [ChatTransport] responseHandler called, data: {"type":"delta","content":"**","error":null,"message_id":"72698bb7-cc41-4c37-8839-4aa36718cf5f","conversation_id":null,"itinerary":null,"stage":null} @ webpack-internal:///(app-pages-browser)/./lib/chat-transport.ts:137
[   59290ms] [LOG] [ChatTransport] onmessage triggered, has currentResponseHandler: true @ webpack-internal:///(app-pages-browser)/./lib/chat-transport.ts:41
[   59290ms] [LOG] [ChatTransport] responseHandler called, data: {"type":"delta","content":"景","error":null,"message_id":"72698bb7-cc41-4c37-8839-4aa36718cf5f","conversation_id":null,"itinerary":null,"stage":null} @ webpack-internal:///(app-pages-browser)/./lib/chat-transport.ts:137
[   59358ms] [LOG] [ChatTransport] onmessage triggered, has currentResponseHandler: true @ webpack-internal:///(app-pages-browser)/./lib/chat-transport.ts:41
[   59358ms] [LOG] [ChatTransport] responseHandler called, data: {"type":"delta","content":"山","error":null,"message_id":"72698bb7-cc41-4c37-8839-4aa36718cf5f","conversation_id":null,"itinerary":null,"stage":null} @ webpack-internal:///(app-pages-browser)/./lib/chat-transport.ts:137
[   59364ms] [LOG] [ChatTransport] onmessage triggered, has currentResponseHandler: true @ webpack-internal:///(app-pages-browser)/./lib/chat-transport.ts:41
[   59364ms] [LOG] [ChatTransport] responseHandler called, data: {"type":"delta","content":"公园","error":null,"message_id":"72698bb7-cc41-4c37-8839-4aa36718cf5f","conversation_id":null,"itinerary":null,"stage":null} @ webpack-internal:///(app-pages-browser)/./lib/chat-transport.ts:137
[   59411ms] [LOG] [ChatTransport] onmessage triggered, has currentResponseHandler: true @ webpack-internal:///(app-pages-browser)/./lib/chat-transport.ts:41
[   59411ms] [LOG] [ChatTransport] responseHandler called, data: {"type":"delta","content":"**","error":null,"message_id":"72698bb7-cc41-4c37-8839-4aa36718cf5f","conversation_id":null,"itinerary":null,"stage":null} @ webpack-internal:///(app-pages-browser)/./lib/chat-transport.ts:137
[   59415ms] [LOG] [ChatTransport] onmessage triggered, has currentResponseHandler: true @ webpack-internal:///(app-pages-browser)/./lib/chat-transport.ts:41
[   59415ms] [LOG] [ChatTransport] responseHandler called, data: {"type":"delta","content":"，","error":null,"message_id":"72698bb7-cc41-4c37-8839-4aa36718cf5f","conversation_id":null,"itinerary":null,"stage":null} @ webpack-internal:///(app-pages-browser)/./lib/chat-transport.ts:137
[   59484ms] [LOG] [ChatTransport] onmessage triggered, has currentResponseHandler: true @ webpack-internal:///(app-pages-browser)/./lib/chat-transport.ts:41
[   59484ms] [LOG] [ChatTransport] responseHandler called, data: {"type":"delta","content":"在","error":null,"message_id":"72698bb7-cc41-4c37-8839-4aa36718cf5f","conversation_id":null,"itinerary":null,"stage":null} @ webpack-internal:///(app-pages-browser)/./lib/chat-transport.ts:137
[   59489ms] [LOG] [ChatTransport] onmessage triggered, has currentResponseHandler: true @ webpack-internal:///(app-pages-browser)/./lib/chat-transport.ts:41
[   59489ms] [LOG] [ChatTransport] responseHandler called, data: {"type":"delta","content":"万","error":null,"message_id":"72698bb7-cc41-4c37-8839-4aa36718cf5f","conversation_id":null,"itinerary":null,"stage":null} @ webpack-internal:///(app-pages-browser)/./lib/chat-transport.ts:137
[   59543ms] [LOG] [ChatTransport] onmessage triggered, has currentResponseHandler: true @ webpack-internal:///(app-pages-browser)/./lib/chat-transport.ts:41
[   59543ms] [LOG] [ChatTransport] responseHandler called, data: {"type":"delta","content":"春","error":null,"message_id":"72698bb7-cc41-4c37-8839-4aa36718cf5f","conversation_id":null,"itinerary":null,"stage":null} @ webpack-internal:///(app-pages-browser)/./lib/chat-transport.ts:137
[   59547ms] [LOG] [ChatTransport] onmessage triggered, has currentResponseHandler: true @ webpack-internal:///(app-pages-browser)/./lib/chat-transport.ts:41
[   59547ms] [LOG] [ChatTransport] responseHandler called, data: {"type":"delta","content":"亭","error":null,"message_id":"72698bb7-cc41-4c37-8839-4aa36718cf5f","conversation_id":null,"itinerary":null,"stage":null} @ webpack-internal:///(app-pages-browser)/./lib/chat-transport.ts:137
[   59598ms] [LOG] [ChatTransport] onmessage triggered, has currentResponseHandler: true @ webpack-internal:///(app-pages-browser)/./lib/chat-transport.ts:41
[   59598ms] [LOG] [ChatTransport] responseHandler called, data: {"type":"delta","content":"俯瞰","error":null,"message_id":"72698bb7-cc41-4c37-8839-4aa36718cf5f","conversation_id":null,"itinerary":null,"stage":null} @ webpack-internal:///(app-pages-browser)/./lib/chat-transport.ts:137
[   59602ms] [LOG] [ChatTransport] onmessage triggered, has currentResponseHandler: true @ webpack-internal:///(app-pages-browser)/./lib/chat-transport.ts:41
[   59602ms] [LOG] [ChatTransport] responseHandler called, data: {"type":"delta","content":"故宫","error":null,"message_id":"72698bb7-cc41-4c37-8839-4aa36718cf5f","conversation_id":null,"itinerary":null,"stage":null} @ webpack-internal:///(app-pages-browser)/./lib/chat-transport.ts:137
[   59662ms] [LOG] [ChatTransport] onmessage triggered, has currentResponseHandler: true @ webpack-internal:///(app-pages-browser)/./lib/chat-transport.ts:41
[   59662ms] [LOG] [ChatTransport] responseHandler called, data: {"type":"delta","content":"全景","error":null,"message_id":"72698bb7-cc41-4c37-8839-4aa36718cf5f","conversation_id":null,"itinerary":null,"stage":null} @ webpack-internal:///(app-pages-browser)/./lib/chat-transport.ts:137
[   59662ms] [LOG] [ChatTransport] onmessage triggered, has currentResponseHandler: true @ webpack-internal:///(app-pages-browser)/./lib/chat-transport.ts:41
[   59662ms] [LOG] [ChatTransport] responseHandler called, data: {"type":"delta","content":"和","error":null,"message_id":"72698bb7-cc41-4c37-8839-4aa36718cf5f","conversation_id":null,"itinerary":null,"stage":null} @ webpack-internal:///(app-pages-browser)/./lib/chat-transport.ts:137
[   59798ms] [LOG] [ChatTransport] onmessage triggered, has currentResponseHandler: true @ webpack-internal:///(app-pages-browser)/./lib/chat-transport.ts:41
[   59798ms] [LOG] [ChatTransport] responseHandler called, data: {"type":"delta","content":"北京","error":null,"message_id":"72698bb7-cc41-4c37-8839-4aa36718cf5f","conversation_id":null,"itinerary":null,"stage":null} @ webpack-internal:///(app-pages-browser)/./lib/chat-transport.ts:137
[   59802ms] [LOG] [ChatTransport] onmessage triggered, has currentResponseHandler: true @ webpack-internal:///(app-pages-browser)/./lib/chat-transport.ts:41
[   59802ms] [LOG] [ChatTransport] responseHandler called, data: {"type":"delta","content":"中","error":null,"message_id":"72698bb7-cc41-4c37-8839-4aa36718cf5f","conversation_id":null,"itinerary":null,"stage":null} @ webpack-internal:///(app-pages-browser)/./lib/chat-transport.ts:137
[   59842ms] [LOG] [ChatTransport] onmessage triggered, has currentResponseHandler: true @ webpack-internal:///(app-pages-browser)/./lib/chat-transport.ts:41
[   59842ms] [LOG] [ChatTransport] responseHandler called, data: {"type":"delta","content":"轴线","error":null,"message_id":"72698bb7-cc41-4c37-8839-4aa36718cf5f","conversation_id":null,"itinerary":null,"stage":null} @ webpack-internal:///(app-pages-browser)/./lib/chat-transport.ts:137
[   59847ms] [LOG] [ChatTransport] onmessage triggered, has currentResponseHandler: true @ webpack-internal:///(app-pages-browser)/./lib/chat-transport.ts:41
[   59847ms] [LOG] [ChatTransport] responseHandler called, data: {"type":"delta","content":"，","error":null,"message_id":"72698bb7-cc41-4c37-8839-4aa36718cf5f","conversation_id":null,"itinerary":null,"stage":null} @ webpack-internal:///(app-pages-browser)/./lib/chat-transport.ts:137
[   59853ms] [LOG] [ChatTransport] onmessage triggered, has currentResponseHandler: true @ webpack-internal:///(app-pages-browser)/./lib/chat-transport.ts:41
[   59853ms] [LOG] [ChatTransport] responseHandler called, data: {"type":"delta","content":"这是","error":null,"message_id":"72698bb7-cc41-4c37-8839-4aa36718cf5f","conversation_id":null,"itinerary":null,"stage":null} @ webpack-internal:///(app-pages-browser)/./lib/chat-transport.ts:137
[   59854ms] [LOG] [ChatTransport] onmessage triggered, has currentResponseHandler: true @ webpack-internal:///(app-pages-browser)/./lib/chat-transport.ts:41
[   59854ms] [LOG] [ChatTransport] responseHandler called, data: {"type":"delta","content":"拍摄","error":null,"message_id":"72698bb7-cc41-4c37-8839-4aa36718cf5f","conversation_id":null,"itinerary":null,"stage":null} @ webpack-internal:///(app-pages-browser)/./lib/chat-transport.ts:137
[   59916ms] [LOG] [ChatTransport] onmessage triggered, has currentResponseHandler: true @ webpack-internal:///(app-pages-browser)/./lib/chat-transport.ts:41
[   59917ms] [LOG] [ChatTransport] responseHandler called, data: {"type":"delta","content":"日落","error":null,"message_id":"72698bb7-cc41-4c37-8839-4aa36718cf5f","conversation_id":null,"itinerary":null,"stage":null} @ webpack-internal:///(app-pages-browser)/./lib/chat-transport.ts:137
[   59921ms] [LOG] [ChatTransport] onmessage triggered, has currentResponseHandler: true @ webpack-internal:///(app-pages-browser)/./lib/chat-transport.ts:41
[   59921ms] [LOG] [ChatTransport] responseHandler called, data: {"type":"delta","content":"和","error":null,"message_id":"72698bb7-cc41-4c37-8839-4aa36718cf5f","conversation_id":null,"itinerary":null,"stage":null} @ webpack-internal:///(app-pages-browser)/./lib/chat-transport.ts:137
[   59970ms] [LOG] [ChatTransport] onmessage triggered, has currentResponseHandler: true @ webpack-internal:///(app-pages-browser)/./lib/chat-transport.ts:41
[   59970ms] [LOG] [ChatTransport] responseHandler called, data: {"type":"delta","content":"故宫","error":null,"message_id":"72698bb7-cc41-4c37-8839-4aa36718cf5f","conversation_id":null,"itinerary":null,"stage":null} @ webpack-internal:///(app-pages-browser)/./lib/chat-transport.ts:137
[   59977ms] [LOG] [ChatTransport] onmessage triggered, has currentResponseHandler: true @ webpack-internal:///(app-pages-browser)/./lib/chat-transport.ts:41
[   59977ms] [LOG] [ChatTransport] responseHandler called, data: {"type":"delta","content":"全","error":null,"message_id":"72698bb7-cc41-4c37-8839-4aa36718cf5f","conversation_id":null,"itinerary":null,"stage":null} @ webpack-internal:///(app-pages-browser)/./lib/chat-transport.ts:137
[   60032ms] [LOG] [ChatTransport] onmessage triggered, has currentResponseHandler: true @ webpack-internal:///(app-pages-browser)/./lib/chat-transport.ts:41
[   60033ms] [LOG] [ChatTransport] responseHandler called, data: {"type":"delta","content":"貌","error":null,"message_id":"72698bb7-cc41-4c37-8839-4aa36718cf5f","conversation_id":null,"itinerary":null,"stage":null} @ webpack-internal:///(app-pages-browser)/./lib/chat-transport.ts:137
[   60036ms] [LOG] [ChatTransport] onmessage triggered, has currentResponseHandler: true @ webpack-internal:///(app-pages-browser)/./lib/chat-transport.ts:41
[   60036ms] [LOG] [ChatTransport] responseHandler called, data: {"type":"delta","content":"的","error":null,"message_id":"72698bb7-cc41-4c37-8839-4aa36718cf5f","conversation_id":null,"itinerary":null,"stage":null} @ webpack-internal:///(app-pages-browser)/./lib/chat-transport.ts:137
[   60117ms] [LOG] [ChatTransport] onmessage triggered, has currentResponseHandler: true @ webpack-internal:///(app-pages-browser)/./lib/chat-transport.ts:41
[   60117ms] [LOG] [ChatTransport] responseHandler called, data: {"type":"delta","content":"绝","error":null,"message_id":"72698bb7-cc41-4c37-8839-4aa36718cf5f","conversation_id":null,"itinerary":null,"stage":null} @ webpack-internal:///(app-pages-browser)/./lib/chat-transport.ts:137
[   60121ms] [LOG] [ChatTransport] onmessage triggered, has currentResponseHandler: true @ webpack-internal:///(app-pages-browser)/./lib/chat-transport.ts:41
[   60121ms] [LOG] [ChatTransport] responseHandler called, data: {"type":"delta","content":"佳","error":null,"message_id":"72698bb7-cc41-4c37-8839-4aa36718cf5f","conversation_id":null,"itinerary":null,"stage":null} @ webpack-internal:///(app-pages-browser)/./lib/chat-transport.ts:137
[   60214ms] [LOG] [ChatTransport] onmessage triggered, has currentResponseHandler: true @ webpack-internal:///(app-pages-browser)/./lib/chat-transport.ts:41
[   60214ms] [LOG] [ChatTransport] responseHandler called, data: {"type":"delta","content":"位置","error":null,"message_id":"72698bb7-cc41-4c37-8839-4aa36718cf5f","conversation_id":null,"itinerary":null,"stage":null} @ webpack-internal:///(app-pages-browser)/./lib/chat-transport.ts:137
[   60218ms] [LOG] [ChatTransport] onmessage triggered, has currentResponseHandler: true @ webpack-internal:///(app-pages-browser)/./lib/chat-transport.ts:41
[   60218ms] [LOG] [ChatTransport] responseHandler called, data: {"type":"delta","content":"。\n","error":null,"message_id":"72698bb7-cc41-4c37-8839-4aa36718cf5f","conversation_id":null,"itinerary":null,"stage":null} @ webpack-internal:///(app-pages-browser)/./lib/chat-transport.ts:137
[   60234ms] [LOG] [ChatTransport] onmessage triggered, has currentResponseHandler: true @ webpack-internal:///(app-pages-browser)/./lib/chat-transport.ts:41
[   60234ms] [LOG] [ChatTransport] responseHandler called, data: {"type":"delta","content":"*","error":null,"message_id":"72698bb7-cc41-4c37-8839-4aa36718cf5f","conversation_id":null,"itinerary":null,"stage":null} @ webpack-internal:///(app-pages-browser)/./lib/chat-transport.ts:137
[   60238ms] [LOG] [ChatTransport] onmessage triggered, has currentResponseHandler: true @ webpack-internal:///(app-pages-browser)/./lib/chat-transport.ts:41
[   60238ms] [LOG] [ChatTransport] responseHandler called, data: {"type":"delta","content":"  ","error":null,"message_id":"72698bb7-cc41-4c37-8839-4aa36718cf5f","conversation_id":null,"itinerary":null,"stage":null} @ webpack-internal:///(app-pages-browser)/./lib/chat-transport.ts:137
[   60309ms] [LOG] [ChatTransport] onmessage triggered, has currentResponseHandler: true @ webpack-internal:///(app-pages-browser)/./lib/chat-transport.ts:41
[   60309ms] [LOG] [ChatTransport] responseHandler called, data: {"type":"delta","content":" **","error":null,"message_id":"72698bb7-cc41-4c37-8839-4aa36718cf5f","conversation_id":null,"itinerary":null,"stage":null} @ webpack-internal:///(app-pages-browser)/./lib/chat-transport.ts:137
[   60313ms] [LOG] [ChatTransport] onmessage triggered, has currentResponseHandler: true @ webpack-internal:///(app-pages-browser)/./lib/chat-transport.ts:41
[   60313ms] [LOG] [ChatTransport] responseHandler called, data: {"type":"delta","content":"晚上","error":null,"message_id":"72698bb7-cc41-4c37-8839-4aa36718cf5f","conversation_id":null,"itinerary":null,"stage":null} @ webpack-internal:///(app-pages-browser)/./lib/chat-transport.ts:137
[   60350ms] [LOG] [ChatTransport] onmessage triggered, has currentResponseHandler: true @ webpack-internal:///(app-pages-browser)/./lib/chat-transport.ts:41
[   60350ms] [LOG] [ChatTransport] responseHandler called, data: {"type":"delta","content":"**","error":null,"message_id":"72698bb7-cc41-4c37-8839-4aa36718cf5f","conversation_id":null,"itinerary":null,"stage":null} @ webpack-internal:///(app-pages-browser)/./lib/chat-transport.ts:137
[   60354ms] [LOG] [ChatTransport] onmessage triggered, has currentResponseHandler: true @ webpack-internal:///(app-pages-browser)/./lib/chat-transport.ts:41
[   60354ms] [LOG] [ChatTransport] responseHandler called, data: {"type":"delta","content":"：","error":null,"message_id":"72698bb7-cc41-4c37-8839-4aa36718cf5f","conversation_id":null,"itinerary":null,"stage":null} @ webpack-internal:///(app-pages-browser)/./lib/chat-transport.ts:137
[   60415ms] [LOG] [ChatTransport] onmessage triggered, has currentResponseHandler: true @ webpack-internal:///(app-pages-browser)/./lib/chat-transport.ts:41
[   60415ms] [LOG] [ChatTransport] responseHandler called, data: {"type":"delta","content":"前往","error":null,"message_id":"72698bb7-cc41-4c37-8839-4aa36718cf5f","conversation_id":null,"itinerary":null,"stage":null} @ webpack-internal:///(app-pages-browser)/./lib/chat-transport.ts:137
[   60537ms] [LOG] [ChatTransport] onmessage triggered, has currentResponseHandler: true @ webpack-internal:///(app-pages-browser)/./lib/chat-transport.ts:41
[   60537ms] [LOG] [ChatTransport] responseHandler called, data: {"type":"delta","content":"**","error":null,"message_id":"72698bb7-cc41-4c37-8839-4aa36718cf5f","conversation_id":null,"itinerary":null,"stage":null} @ webpack-internal:///(app-pages-browser)/./lib/chat-transport.ts:137
[   60540ms] [LOG] [ChatTransport] onmessage triggered, has currentResponseHandler: true @ webpack-internal:///(app-pages-browser)/./lib/chat-transport.ts:41
[   60540ms] [LOG] [ChatTransport] responseHandler called, data: {"type":"delta","content":"王府","error":null,"message_id":"72698bb7-cc41-4c37-8839-4aa36718cf5f","conversation_id":null,"itinerary":null,"stage":null} @ webpack-internal:///(app-pages-browser)/./lib/chat-transport.ts:137
[   60651ms] [LOG] [ChatTransport] onmessage triggered, has currentResponseHandler: true @ webpack-internal:///(app-pages-browser)/./lib/chat-transport.ts:41
[   60651ms] [LOG] [ChatTransport] responseHandler called, data: {"type":"delta","content":"井","error":null,"message_id":"72698bb7-cc41-4c37-8839-4aa36718cf5f","conversation_id":null,"itinerary":null,"stage":null} @ webpack-internal:///(app-pages-browser)/./lib/chat-transport.ts:137
[   60655ms] [LOG] [ChatTransport] onmessage triggered, has currentResponseHandler: true @ webpack-internal:///(app-pages-browser)/./lib/chat-transport.ts:41
[   60655ms] [LOG] [ChatTransport] responseHandler called, data: {"type":"delta","content":"步行","error":null,"message_id":"72698bb7-cc41-4c37-8839-4aa36718cf5f","conversation_id":null,"itinerary":null,"stage":null} @ webpack-internal:///(app-pages-browser)/./lib/chat-transport.ts:137
[   60659ms] [LOG] [ChatTransport] onmessage triggered, has currentResponseHandler: true @ webpack-internal:///(app-pages-browser)/./lib/chat-transport.ts:41
[   60659ms] [LOG] [ChatTransport] responseHandler called, data: {"type":"delta","content":"街","error":null,"message_id":"72698bb7-cc41-4c37-8839-4aa36718cf5f","conversation_id":null,"itinerary":null,"stage":null} @ webpack-internal:///(app-pages-browser)/./lib/chat-transport.ts:137
[   60659ms] [LOG] [ChatTransport] onmessage triggered, has currentResponseHandler: true @ webpack-internal:///(app-pages-browser)/./lib/chat-transport.ts:41
[   60659ms] [LOG] [ChatTransport] responseHandler called, data: {"type":"delta","content":"**","error":null,"message_id":"72698bb7-cc41-4c37-8839-4aa36718cf5f","conversation_id":null,"itinerary":null,"stage":null} @ webpack-internal:///(app-pages-browser)/./lib/chat-transport.ts:137
[   60738ms] [LOG] [ChatTransport] onmessage triggered, has currentResponseHandler: true @ webpack-internal:///(app-pages-browser)/./lib/chat-transport.ts:41
[   60738ms] [LOG] [ChatTransport] responseHandler called, data: {"type":"delta","content":"，","error":null,"message_id":"72698bb7-cc41-4c37-8839-4aa36718cf5f","conversation_id":null,"itinerary":null,"stage":null} @ webpack-internal:///(app-pages-browser)/./lib/chat-transport.ts:137
[   60744ms] [LOG] [ChatTransport] onmessage triggered, has currentResponseHandler: true @ webpack-internal:///(app-pages-browser)/./lib/chat-transport.ts:41
[   60744ms] [LOG] [ChatTransport] responseHandler called, data: {"type":"delta","content":"感受","error":null,"message_id":"72698bb7-cc41-4c37-8839-4aa36718cf5f","conversation_id":null,"itinerary":null,"stage":null} @ webpack-internal:///(app-pages-browser)/./lib/chat-transport.ts:137
[   60751ms] [LOG] [ChatTransport] onmessage triggered, has currentResponseHandler: true @ webpack-internal:///(app-pages-browser)/./lib/chat-transport.ts:41
[   60751ms] [LOG] [ChatTransport] responseHandler called, data: {"type":"delta","content":"现代","error":null,"message_id":"72698bb7-cc41-4c37-8839-4aa36718cf5f","conversation_id":null,"itinerary":null,"stage":null} @ webpack-internal:///(app-pages-browser)/./lib/chat-transport.ts:137
[   60751ms] [LOG] [ChatTransport] onmessage triggered, has currentResponseHandler: true @ webpack-internal:///(app-pages-browser)/./lib/chat-transport.ts:41
[   60751ms] [LOG] [ChatTransport] responseHandler called, data: {"type":"delta","content":"北京的","error":null,"message_id":"72698bb7-cc41-4c37-8839-4aa36718cf5f","conversation_id":null,"itinerary":null,"stage":null} @ webpack-internal:///(app-pages-browser)/./lib/chat-transport.ts:137
[   60797ms] [LOG] [ChatTransport] onmessage triggered, has currentResponseHandler: true @ webpack-internal:///(app-pages-browser)/./lib/chat-transport.ts:41
[   60797ms] [LOG] [ChatTransport] responseHandler called, data: {"type":"delta","content":"繁华","error":null,"message_id":"72698bb7-cc41-4c37-8839-4aa36718cf5f","conversation_id":null,"itinerary":null,"stage":null} @ webpack-internal:///(app-pages-browser)/./lib/chat-transport.ts:137
[   60803ms] [LOG] [ChatTransport] onmessage triggered, has currentResponseHandler: true @ webpack-internal:///(app-pages-browser)/./lib/chat-transport.ts:41
[   60803ms] [LOG] [ChatTransport] responseHandler called, data: {"type":"delta","content":"，","error":null,"message_id":"72698bb7-cc41-4c37-8839-4aa36718cf5f","conversation_id":null,"itinerary":null,"stage":null} @ webpack-internal:///(app-pages-browser)/./lib/chat-transport.ts:137
[   60856ms] [LOG] [ChatTransport] onmessage triggered, has currentResponseHandler: true @ webpack-internal:///(app-pages-browser)/./lib/chat-transport.ts:41
[   60856ms] [LOG] [ChatTransport] responseHandler called, data: {"type":"delta","content":"可以","error":null,"message_id":"72698bb7-cc41-4c37-8839-4aa36718cf5f","conversation_id":null,"itinerary":null,"stage":null} @ webpack-internal:///(app-pages-browser)/./lib/chat-transport.ts:137
[   60863ms] [LOG] [ChatTransport] onmessage triggered, has currentResponseHandler: true @ webpack-internal:///(app-pages-browser)/./lib/chat-transport.ts:41
[   60863ms] [LOG] [ChatTransport] responseHandler called, data: {"type":"delta","content":"在这里","error":null,"message_id":"72698bb7-cc41-4c37-8839-4aa36718cf5f","conversation_id":null,"itinerary":null,"stage":null} @ webpack-internal:///(app-pages-browser)/./lib/chat-transport.ts:137
[   60922ms] [LOG] [ChatTransport] onmessage triggered, has currentResponseHandler: true @ webpack-internal:///(app-pages-browser)/./lib/chat-transport.ts:41
[   60922ms] [LOG] [ChatTransport] responseHandler called, data: {"type":"delta","content":"解决","error":null,"message_id":"72698bb7-cc41-4c37-8839-4aa36718cf5f","conversation_id":null,"itinerary":null,"stage":null} @ webpack-internal:///(app-pages-browser)/./lib/chat-transport.ts:137
[   60926ms] [LOG] [ChatTransport] onmessage triggered, has currentResponseHandler: true @ webpack-internal:///(app-pages-browser)/./lib/chat-transport.ts:41
[   60926ms] [LOG] [ChatTransport] responseHandler called, data: {"type":"delta","content":"晚餐","error":null,"message_id":"72698bb7-cc41-4c37-8839-4aa36718cf5f","conversation_id":null,"itinerary":null,"stage":null} @ webpack-internal:///(app-pages-browser)/./lib/chat-transport.ts:137
[   61192ms] [LOG] [ChatTransport] onmessage triggered, has currentResponseHandler: true @ webpack-internal:///(app-pages-browser)/./lib/chat-transport.ts:41
[   61192ms] [LOG] [ChatTransport] responseHandler called, data: {"type":"delta","content":"和","error":null,"message_id":"72698bb7-cc41-4c37-8839-4aa36718cf5f","conversation_id":null,"itinerary":null,"stage":null} @ webpack-internal:///(app-pages-browser)/./lib/chat-transport.ts:137
[   61199ms] [LOG] [ChatTransport] onmessage triggered, has currentResponseHandler: true @ webpack-internal:///(app-pages-browser)/./lib/chat-transport.ts:41
[   61199ms] [LOG] [ChatTransport] responseHandler called, data: {"type":"delta","content":"购物","error":null,"message_id":"72698bb7-cc41-4c37-8839-4aa36718cf5f","conversation_id":null,"itinerary":null,"stage":null} @ webpack-internal:///(app-pages-browser)/./lib/chat-transport.ts:137
[   61204ms] [LOG] [ChatTransport] onmessage triggered, has currentResponseHandler: true @ webpack-internal:///(app-pages-browser)/./lib/chat-transport.ts:41
[   61204ms] [LOG] [ChatTransport] responseHandler called, data: {"type":"delta","content":"。\n\n","error":null,"message_id":"72698bb7-cc41-4c37-8839-4aa36718cf5f","conversation_id":null,"itinerary":null,"stage":null} @ webpack-internal:///(app-pages-browser)/./lib/chat-transport.ts:137
[   61204ms] [LOG] [ChatTransport] onmessage triggered, has currentResponseHandler: true @ webpack-internal:///(app-pages-browser)/./lib/chat-transport.ts:41
[   61204ms] [LOG] [ChatTransport] responseHandler called, data: {"type":"delta","content":"####","error":null,"message_id":"72698bb7-cc41-4c37-8839-4aa36718cf5f","conversation_id":null,"itinerary":null,"stage":null} @ webpack-internal:///(app-pages-browser)/./lib/chat-transport.ts:137
[   61204ms] [LOG] [ChatTransport] onmessage triggered, has currentResponseHandler: true @ webpack-internal:///(app-pages-browser)/./lib/chat-transport.ts:41
[   61204ms] [LOG] [ChatTransport] responseHandler called, data: {"type":"delta","content":" **","error":null,"message_id":"72698bb7-cc41-4c37-8839-4aa36718cf5f","conversation_id":null,"itinerary":null,"stage":null} @ webpack-internal:///(app-pages-browser)/./lib/chat-transport.ts:137
[   61204ms] [LOG] [ChatTransport] onmessage triggered, has currentResponseHandler: true @ webpack-internal:///(app-pages-browser)/./lib/chat-transport.ts:41
[   61204ms] [LOG] [ChatTransport] responseHandler called, data: {"type":"delta","content":"第二天","error":null,"message_id":"72698bb7-cc41-4c37-8839-4aa36718cf5f","conversation_id":null,"itinerary":null,"stage":null} @ webpack-internal:///(app-pages-browser)/./lib/chat-transport.ts:137
[   61204ms] [LOG] [ChatTransport] onmessage triggered, has currentResponseHandler: true @ webpack-internal:///(app-pages-browser)/./lib/chat-transport.ts:41
[   61204ms] [LOG] [ChatTransport] responseHandler called, data: {"type":"delta","content":"：","error":null,"message_id":"72698bb7-cc41-4c37-8839-4aa36718cf5f","conversation_id":null,"itinerary":null,"stage":null} @ webpack-internal:///(app-pages-browser)/./lib/chat-transport.ts:137
[   61250ms] [LOG] [ChatTransport] onmessage triggered, has currentResponseHandler: true @ webpack-internal:///(app-pages-browser)/./lib/chat-transport.ts:41
[   61250ms] [LOG] [ChatTransport] responseHandler called, data: {"type":"delta","content":"胡同","error":null,"message_id":"72698bb7-cc41-4c37-8839-4aa36718cf5f","conversation_id":null,"itinerary":null,"stage":null} @ webpack-internal:///(app-pages-browser)/./lib/chat-transport.ts:137
[   61254ms] [LOG] [ChatTransport] onmessage triggered, has currentResponseHandler: true @ webpack-internal:///(app-pages-browser)/./lib/chat-transport.ts:41
[   61254ms] [LOG] [ChatTransport] responseHandler called, data: {"type":"delta","content":"风情","error":null,"message_id":"72698bb7-cc41-4c37-8839-4aa36718cf5f","conversation_id":null,"itinerary":null,"stage":null} @ webpack-internal:///(app-pages-browser)/./lib/chat-transport.ts:137
[   61309ms] [LOG] [ChatTransport] onmessage triggered, has currentResponseHandler: true @ webpack-internal:///(app-pages-browser)/./lib/chat-transport.ts:41
[   61309ms] [LOG] [ChatTransport] responseHandler called, data: {"type":"delta","content":"与","error":null,"message_id":"72698bb7-cc41-4c37-8839-4aa36718cf5f","conversation_id":null,"itinerary":null,"stage":null} @ webpack-internal:///(app-pages-browser)/./lib/chat-transport.ts:137
[   61310ms] [LOG] [ChatTransport] onmessage triggered, has currentResponseHandler: true @ webpack-internal:///(app-pages-browser)/./lib/chat-transport.ts:41
[   61310ms] [LOG] [ChatTransport] responseHandler called, data: {"type":"delta","content":"皇家","error":null,"message_id":"72698bb7-cc41-4c37-8839-4aa36718cf5f","conversation_id":null,"itinerary":null,"stage":null} @ webpack-internal:///(app-pages-browser)/./lib/chat-transport.ts:137
[   61382ms] [LOG] [ChatTransport] onmessage triggered, has currentResponseHandler: true @ webpack-internal:///(app-pages-browser)/./lib/chat-transport.ts:41
[   61382ms] [LOG] [ChatTransport] responseHandler called, data: {"type":"delta","content":"园林","error":null,"message_id":"72698bb7-cc41-4c37-8839-4aa36718cf5f","conversation_id":null,"itinerary":null,"stage":null} @ webpack-internal:///(app-pages-browser)/./lib/chat-transport.ts:137
[   61388ms] [LOG] [ChatTransport] onmessage triggered, has currentResponseHandler: true @ webpack-internal:///(app-pages-browser)/./lib/chat-transport.ts:41
[   61388ms] [LOG] [ChatTransport] responseHandler called, data: {"type":"delta","content":"**\n","error":null,"message_id":"72698bb7-cc41-4c37-8839-4aa36718cf5f","conversation_id":null,"itinerary":null,"stage":null} @ webpack-internal:///(app-pages-browser)/./lib/chat-transport.ts:137
[   61476ms] [LOG] [ChatTransport] onmessage triggered, has currentResponseHandler: true @ webpack-internal:///(app-pages-browser)/./lib/chat-transport.ts:41
[   61476ms] [LOG] [ChatTransport] responseHandler called, data: {"type":"delta","content":"*","error":null,"message_id":"72698bb7-cc41-4c37-8839-4aa36718cf5f","conversation_id":null,"itinerary":null,"stage":null} @ webpack-internal:///(app-pages-browser)/./lib/chat-transport.ts:137
[   61481ms] [LOG] [ChatTransport] onmessage triggered, has currentResponseHandler: true @ webpack-internal:///(app-pages-browser)/./lib/chat-transport.ts:41
[   61481ms] [LOG] [ChatTransport] responseHandler called, data: {"type":"delta","content":"  ","error":null,"message_id":"72698bb7-cc41-4c37-8839-4aa36718cf5f","conversation_id":null,"itinerary":null,"stage":null} @ webpack-internal:///(app-pages-browser)/./lib/chat-transport.ts:137
[   61583ms] [LOG] [ChatTransport] onmessage triggered, has currentResponseHandler: true @ webpack-internal:///(app-pages-browser)/./lib/chat-transport.ts:41
[   61583ms] [LOG] [ChatTransport] responseHandler called, data: {"type":"delta","content":" **","error":null,"message_id":"72698bb7-cc41-4c37-8839-4aa36718cf5f","conversation_id":null,"itinerary":null,"stage":null} @ webpack-internal:///(app-pages-browser)/./lib/chat-transport.ts:137
[   61588ms] [LOG] [ChatTransport] onmessage triggered, has currentResponseHandler: true @ webpack-internal:///(app-pages-browser)/./lib/chat-transport.ts:41
[   61588ms] [LOG] [ChatTransport] responseHandler called, data: {"type":"delta","content":"上午","error":null,"message_id":"72698bb7-cc41-4c37-8839-4aa36718cf5f","conversation_id":null,"itinerary":null,"stage":null} @ webpack-internal:///(app-pages-browser)/./lib/chat-transport.ts:137
[   61609ms] [LOG] [ChatTransport] onmessage triggered, has currentResponseHandler: true @ webpack-internal:///(app-pages-browser)/./lib/chat-transport.ts:41
[   61610ms] [LOG] [ChatTransport] responseHandler called, data: {"type":"delta","content":"**","error":null,"message_id":"72698bb7-cc41-4c37-8839-4aa36718cf5f","conversation_id":null,"itinerary":null,"stage":null} @ webpack-internal:///(app-pages-browser)/./lib/chat-transport.ts:137
[   61613ms] [LOG] [ChatTransport] onmessage triggered, has currentResponseHandler: true @ webpack-internal:///(app-pages-browser)/./lib/chat-transport.ts:41
[   61613ms] [LOG] [ChatTransport] responseHandler called, data: {"type":"delta","content":"：","error":null,"message_id":"72698bb7-cc41-4c37-8839-4aa36718cf5f","conversation_id":null,"itinerary":null,"stage":null} @ webpack-internal:///(app-pages-browser)/./lib/chat-transport.ts:137
[   61635ms] [LOG] [ChatTransport] onmessage triggered, has currentResponseHandler: true @ webpack-internal:///(app-pages-browser)/./lib/chat-transport.ts:41
[   61635ms] [LOG] [ChatTransport] responseHandler called, data: {"type":"delta","content":"游览","error":null,"message_id":"72698bb7-cc41-4c37-8839-4aa36718cf5f","conversation_id":null,"itinerary":null,"stage":null} @ webpack-internal:///(app-pages-browser)/./lib/chat-transport.ts:137
[   61639ms] [LOG] [ChatTransport] onmessage triggered, has currentResponseHandler: true @ webpack-internal:///(app-pages-browser)/./lib/chat-transport.ts:41
[   61639ms] [LOG] [ChatTransport] responseHandler called, data: {"type":"delta","content":"**","error":null,"message_id":"72698bb7-cc41-4c37-8839-4aa36718cf5f","conversation_id":null,"itinerary":null,"stage":null} @ webpack-internal:///(app-pages-browser)/./lib/chat-transport.ts:137
[   61687ms] [LOG] [ChatTransport] onmessage triggered, has currentResponseHandler: true @ webpack-internal:///(app-pages-browser)/./lib/chat-transport.ts:41
[   61687ms] [LOG] [ChatTransport] responseHandler called, data: {"type":"delta","content":"北海","error":null,"message_id":"72698bb7-cc41-4c37-8839-4aa36718cf5f","conversation_id":null,"itinerary":null,"stage":null} @ webpack-internal:///(app-pages-browser)/./lib/chat-transport.ts:137
[   61687ms] [LOG] [ChatTransport] onmessage triggered, has currentResponseHandler: true @ webpack-internal:///(app-pages-browser)/./lib/chat-transport.ts:41
[   61687ms] [LOG] [ChatTransport] responseHandler called, data: {"type":"delta","content":"公园","error":null,"message_id":"72698bb7-cc41-4c37-8839-4aa36718cf5f","conversation_id":null,"itinerary":null,"stage":null} @ webpack-internal:///(app-pages-browser)/./lib/chat-transport.ts:137
[   61765ms] [LOG] [ChatTransport] onmessage triggered, has currentResponseHandler: true @ webpack-internal:///(app-pages-browser)/./lib/chat-transport.ts:41
[   61765ms] [LOG] [ChatTransport] responseHandler called, data: {"type":"delta","content":"**","error":null,"message_id":"72698bb7-cc41-4c37-8839-4aa36718cf5f","conversation_id":null,"itinerary":null,"stage":null} @ webpack-internal:///(app-pages-browser)/./lib/chat-transport.ts:137
[   61769ms] [LOG] [ChatTransport] onmessage triggered, has currentResponseHandler: true @ webpack-internal:///(app-pages-browser)/./lib/chat-transport.ts:41
[   61769ms] [LOG] [ChatTransport] responseHandler called, data: {"type":"delta","content":"，","error":null,"message_id":"72698bb7-cc41-4c37-8839-4aa36718cf5f","conversation_id":null,"itinerary":null,"stage":null} @ webpack-internal:///(app-pages-browser)/./lib/chat-transport.ts:137
[   61889ms] [LOG] [ChatTransport] onmessage triggered, has currentResponseHandler: true @ webpack-internal:///(app-pages-browser)/./lib/chat-transport.ts:41
[   61889ms] [LOG] [ChatTransport] responseHandler called, data: {"type":"delta","content":"体验","error":null,"message_id":"72698bb7-cc41-4c37-8839-4aa36718cf5f","conversation_id":null,"itinerary":null,"stage":null} @ webpack-internal:///(app-pages-browser)/./lib/chat-transport.ts:137
[   61894ms] [LOG] [ChatTransport] onmessage triggered, has currentResponseHandler: true @ webpack-internal:///(app-pages-browser)/./lib/chat-transport.ts:41
[   61894ms] [LOG] [ChatTransport] responseHandler called, data: {"type":"delta","content":"“","error":null,"message_id":"72698bb7-cc41-4c37-8839-4aa36718cf5f","conversation_id":null,"itinerary":null,"stage":null} @ webpack-internal:///(app-pages-browser)/./lib/chat-transport.ts:137
[   61899ms] [LOG] [ChatTransport] onmessage triggered, has currentResponseHandler: true @ webpack-internal:///(app-pages-browser)/./lib/chat-transport.ts:41
[   61899ms] [LOG] [ChatTransport] responseHandler called, data: {"type":"delta","content":"让我们","error":null,"message_id":"72698bb7-cc41-4c37-8839-4aa36718cf5f","conversation_id":null,"itinerary":null,"stage":null} @ webpack-internal:///(app-pages-browser)/./lib/chat-transport.ts:137
[   61904ms] [LOG] [ChatTransport] onmessage triggered, has currentResponseHandler: true @ webpack-internal:///(app-pages-browser)/./lib/chat-transport.ts:41
[   61904ms] [LOG] [ChatTransport] responseHandler called, data: {"type":"delta","content":"荡","error":null,"message_id":"72698bb7-cc41-4c37-8839-4aa36718cf5f","conversation_id":null,"itinerary":null,"stage":null} @ webpack-internal:///(app-pages-browser)/./lib/chat-transport.ts:137
[   61931ms] [LOG] [ChatTransport] onmessage triggered, has currentResponseHandler: true @ webpack-internal:///(app-pages-browser)/./lib/chat-transport.ts:41
[   61932ms] [LOG] [ChatTransport] responseHandler called, data: {"type":"delta","content":"起","error":null,"message_id":"72698bb7-cc41-4c37-8839-4aa36718cf5f","conversation_id":null,"itinerary":null,"stage":null} @ webpack-internal:///(app-pages-browser)/./lib/chat-transport.ts:137
[   61935ms] [LOG] [ChatTransport] onmessage triggered, has currentResponseHandler: true @ webpack-internal:///(app-pages-browser)/./lib/chat-transport.ts:41
[   61935ms] [LOG] [ChatTransport] responseHandler called, data: {"type":"delta","content":"双","error":null,"message_id":"72698bb7-cc41-4c37-8839-4aa36718cf5f","conversation_id":null,"itinerary":null,"stage":null} @ webpack-internal:///(app-pages-browser)/./lib/chat-transport.ts:137
[   62019ms] [LOG] [ChatTransport] onmessage triggered, has currentResponseHandler: true @ webpack-internal:///(app-pages-browser)/./lib/chat-transport.ts:41
[   62019ms] [LOG] [ChatTransport] responseHandler called, data: {"type":"delta","content":"桨","error":null,"message_id":"72698bb7-cc41-4c37-8839-4aa36718cf5f","conversation_id":null,"itinerary":null,"stage":null} @ webpack-internal:///(app-pages-browser)/./lib/chat-transport.ts:137
[   62024ms] [LOG] [ChatTransport] onmessage triggered, has currentResponseHandler: true @ webpack-internal:///(app-pages-browser)/./lib/chat-transport.ts:41
[   62024ms] [LOG] [ChatTransport] responseHandler called, data: {"type":"delta","content":"”","error":null,"message_id":"72698bb7-cc41-4c37-8839-4aa36718cf5f","conversation_id":null,"itinerary":null,"stage":null} @ webpack-internal:///(app-pages-browser)/./lib/chat-transport.ts:137
[   62060ms] [LOG] [ChatTransport] onmessage triggered, has currentResponseHandler: true @ webpack-internal:///(app-pages-browser)/./lib/chat-transport.ts:41
[   62061ms] [LOG] [ChatTransport] responseHandler called, data: {"type":"delta","content":"的","error":null,"message_id":"72698bb7-cc41-4c37-8839-4aa36718cf5f","conversation_id":null,"itinerary":null,"stage":null} @ webpack-internal:///(app-pages-browser)/./lib/chat-transport.ts:137
[   62061ms] [LOG] [ChatTransport] onmessage triggered, has currentResponseHandler: true @ webpack-internal:///(app-pages-browser)/./lib/chat-transport.ts:41
[   62061ms] [LOG] [ChatTransport] responseHandler called, data: {"type":"delta","content":"童年","error":null,"message_id":"72698bb7-cc41-4c37-8839-4aa36718cf5f","conversation_id":null,"itinerary":null,"stage":null} @ webpack-internal:///(app-pages-browser)/./lib/chat-transport.ts:137
[   62155ms] [LOG] [ChatTransport] onmessage triggered, has currentResponseHandler: true @ webpack-internal:///(app-pages-browser)/./lib/chat-transport.ts:41
[   62156ms] [LOG] [ChatTransport] responseHandler called, data: {"type":"delta","content":"回忆","error":null,"message_id":"72698bb7-cc41-4c37-8839-4aa36718cf5f","conversation_id":null,"itinerary":null,"stage":null} @ webpack-internal:///(app-pages-browser)/./lib/chat-transport.ts:137
[   62339ms] [LOG] [ChatTransport] onmessage triggered, has currentResponseHandler: true @ webpack-internal:///(app-pages-browser)/./lib/chat-transport.ts:41
[   62339ms] [LOG] [ChatTransport] responseHandler called, data: {"type":"delta","content":"，","error":null,"message_id":"72698bb7-cc41-4c37-8839-4aa36718cf5f","conversation_id":null,"itinerary":null,"stage":null} @ webpack-internal:///(app-pages-browser)/./lib/chat-transport.ts:137
[   62344ms] [LOG] [ChatTransport] onmessage triggered, has currentResponseHandler: true @ webpack-internal:///(app-pages-browser)/./lib/chat-transport.ts:41
[   62345ms] [LOG] [ChatTransport] responseHandler called, data: {"type":"delta","content":"参观","error":null,"message_id":"72698bb7-cc41-4c37-8839-4aa36718cf5f","conversation_id":null,"itinerary":null,"stage":null} @ webpack-internal:///(app-pages-browser)/./lib/chat-transport.ts:137
[   62348ms] [LOG] [ChatTransport] onmessage triggered, has currentResponseHandler: true @ webpack-internal:///(app-pages-browser)/./lib/chat-transport.ts:41
[   62348ms] [LOG] [ChatTransport] responseHandler called, data: {"type":"delta","content":"白","error":null,"message_id":"72698bb7-cc41-4c37-8839-4aa36718cf5f","conversation_id":null,"itinerary":null,"stage":null} @ webpack-internal:///(app-pages-browser)/./lib/chat-transport.ts:137
[   62352ms] [LOG] [ChatTransport] onmessage triggered, has currentResponseHandler: true @ webpack-internal:///(app-pages-browser)/./lib/chat-transport.ts:41
[   62352ms] [LOG] [ChatTransport] responseHandler called, data: {"type":"delta","content":"塔","error":null,"message_id":"72698bb7-cc41-4c37-8839-4aa36718cf5f","conversation_id":null,"itinerary":null,"stage":null} @ webpack-internal:///(app-pages-browser)/./lib/chat-transport.ts:137
[   62358ms] [LOG] [ChatTransport] onmessage triggered, has currentResponseHandler: true @ webpack-internal:///(app-pages-browser)/./lib/chat-transport.ts:41
[   62358ms] [LOG] [ChatTransport] responseHandler called, data: {"type":"delta","content":"、","error":null,"message_id":"72698bb7-cc41-4c37-8839-4aa36718cf5f","conversation_id":null,"itinerary":null,"stage":null} @ webpack-internal:///(app-pages-browser)/./lib/chat-transport.ts:137
[   62358ms] [LOG] [ChatTransport] onmessage triggered, has currentResponseHandler: true @ webpack-internal:///(app-pages-browser)/./lib/chat-transport.ts:41
[   62358ms] [LOG] [ChatTransport] responseHandler called, data: {"type":"delta","content":"九龙","error":null,"message_id":"72698bb7-cc41-4c37-8839-4aa36718cf5f","conversation_id":null,"itinerary":null,"stage":null} @ webpack-internal:///(app-pages-browser)/./lib/chat-transport.ts:137
[   62373ms] [LOG] [ChatTransport] onmessage triggered, has currentResponseHandler: true @ webpack-internal:///(app-pages-browser)/./lib/chat-transport.ts:41
[   62373ms] [LOG] [ChatTransport] responseHandler called, data: {"type":"delta","content":"壁","error":null,"message_id":"72698bb7-cc41-4c37-8839-4aa36718cf5f","conversation_id":null,"itinerary":null,"stage":null} @ webpack-internal:///(app-pages-browser)/./lib/chat-transport.ts:137
[   62377ms] [LOG] [ChatTransport] onmessage triggered, has currentResponseHandler: true @ webpack-internal:///(app-pages-browser)/./lib/chat-transport.ts:41
[   62377ms] [LOG] [ChatTransport] responseHandler called, data: {"type":"delta","content":"等","error":null,"message_id":"72698bb7-cc41-4c37-8839-4aa36718cf5f","conversation_id":null,"itinerary":null,"stage":null} @ webpack-internal:///(app-pages-browser)/./lib/chat-transport.ts:137
[   62488ms] [LOG] [ChatTransport] onmessage triggered, has currentResponseHandler: true @ webpack-internal:///(app-pages-browser)/./lib/chat-transport.ts:41
[   62488ms] [LOG] [ChatTransport] responseHandler called, data: {"type":"delta","content":"著名","error":null,"message_id":"72698bb7-cc41-4c37-8839-4aa36718cf5f","conversation_id":null,"itinerary":null,"stage":null} @ webpack-internal:///(app-pages-browser)/./lib/chat-transport.ts:137
[   62495ms] [LOG] [ChatTransport] onmessage triggered, has currentResponseHandler: true @ webpack-internal:///(app-pages-browser)/./lib/chat-transport.ts:41
[   62495ms] [LOG] [ChatTransport] responseHandler called, data: {"type":"delta","content":"景观","error":null,"message_id":"72698bb7-cc41-4c37-8839-4aa36718cf5f","conversation_id":null,"itinerary":null,"stage":null} @ webpack-internal:///(app-pages-browser)/./lib/chat-transport.ts:137
[   62575ms] [LOG] [ChatTransport] onmessage triggered, has currentResponseHandler: true @ webpack-internal:///(app-pages-browser)/./lib/chat-transport.ts:41
[   62575ms] [LOG] [ChatTransport] responseHandler called, data: {"type":"delta","content":"。\n","error":null,"message_id":"72698bb7-cc41-4c37-8839-4aa36718cf5f","conversation_id":null,"itinerary":null,"stage":null} @ webpack-internal:///(app-pages-browser)/./lib/chat-transport.ts:137
[   62579ms] [LOG] [ChatTransport] onmessage triggered, has currentResponseHandler: true @ webpack-internal:///(app-pages-browser)/./lib/chat-transport.ts:41
[   62579ms] [LOG] [ChatTransport] responseHandler called, data: {"type":"delta","content":"*","error":null,"message_id":"72698bb7-cc41-4c37-8839-4aa36718cf5f","conversation_id":null,"itinerary":null,"stage":null} @ webpack-internal:///(app-pages-browser)/./lib/chat-transport.ts:137
[   62616ms] [LOG] [ChatTransport] onmessage triggered, has currentResponseHandler: true @ webpack-internal:///(app-pages-browser)/./lib/chat-transport.ts:41
[   62616ms] [LOG] [ChatTransport] responseHandler called, data: {"type":"delta","content":"  ","error":null,"message_id":"72698bb7-cc41-4c37-8839-4aa36718cf5f","conversation_id":null,"itinerary":null,"stage":null} @ webpack-internal:///(app-pages-browser)/./lib/chat-transport.ts:137
[   62621ms] [LOG] [ChatTransport] onmessage triggered, has currentResponseHandler: true @ webpack-internal:///(app-pages-browser)/./lib/chat-transport.ts:41
[   62621ms] [LOG] [ChatTransport] responseHandler called, data: {"type":"delta","content":" **","error":null,"message_id":"72698bb7-cc41-4c37-8839-4aa36718cf5f","conversation_id":null,"itinerary":null,"stage":null} @ webpack-internal:///(app-pages-browser)/./lib/chat-transport.ts:137
[   62675ms] [LOG] [ChatTransport] onmessage triggered, has currentResponseHandler: true @ webpack-internal:///(app-pages-browser)/./lib/chat-transport.ts:41
[   62675ms] [LOG] [ChatTransport] responseHandler called, data: {"type":"delta","content":"中午","error":null,"message_id":"72698bb7-cc41-4c37-8839-4aa36718cf5f","conversation_id":null,"itinerary":null,"stage":null} @ webpack-internal:///(app-pages-browser)/./lib/chat-transport.ts:137
[   62679ms] [LOG] [ChatTransport] onmessage triggered, has currentResponseHandler: true @ webpack-internal:///(app-pages-browser)/./lib/chat-transport.ts:41
[   62679ms] [LOG] [ChatTransport] responseHandler called, data: {"type":"delta","content":"**","error":null,"message_id":"72698bb7-cc41-4c37-8839-4aa36718cf5f","conversation_id":null,"itinerary":null,"stage":null} @ webpack-internal:///(app-pages-browser)/./lib/chat-transport.ts:137
[   62759ms] [LOG] [ChatTransport] onmessage triggered, has currentResponseHandler: true @ webpack-internal:///(app-pages-browser)/./lib/chat-transport.ts:41
[   62759ms] [LOG] [ChatTransport] responseHandler called, data: {"type":"delta","content":"：","error":null,"message_id":"72698bb7-cc41-4c37-8839-4aa36718cf5f","conversation_id":null,"itinerary":null,"stage":null} @ webpack-internal:///(app-pages-browser)/./lib/chat-transport.ts:137
[   62763ms] [LOG] [ChatTransport] onmessage triggered, has currentResponseHandler: true @ webpack-internal:///(app-pages-browser)/./lib/chat-transport.ts:41
[   62763ms] [LOG] [ChatTransport] responseHandler called, data: {"type":"delta","content":"在","error":null,"message_id":"72698bb7-cc41-4c37-8839-4aa36718cf5f","conversation_id":null,"itinerary":null,"stage":null} @ webpack-internal:///(app-pages-browser)/./lib/chat-transport.ts:137
[   62796ms] [LOG] [ChatTransport] onmessage triggered, has currentResponseHandler: true @ webpack-internal:///(app-pages-browser)/./lib/chat-transport.ts:41
[   62797ms] [LOG] [ChatTransport] responseHandler called, data: {"type":"delta","content":"**","error":null,"message_id":"72698bb7-cc41-4c37-8839-4aa36718cf5f","conversation_id":null,"itinerary":null,"stage":null} @ webpack-internal:///(app-pages-browser)/./lib/chat-transport.ts:137
[   62797ms] [LOG] [ChatTransport] onmessage triggered, has currentResponseHandler: true @ webpack-internal:///(app-pages-browser)/./lib/chat-transport.ts:41
[   62797ms] [LOG] [ChatTransport] responseHandler called, data: {"type":"delta","content":"南","error":null,"message_id":"72698bb7-cc41-4c37-8839-4aa36718cf5f","conversation_id":null,"itinerary":null,"stage":null} @ webpack-internal:///(app-pages-browser)/./lib/chat-transport.ts:137
[   62857ms] [LOG] [ChatTransport] onmessage triggered, has currentResponseHandler: true @ webpack-internal:///(app-pages-browser)/./lib/chat-transport.ts:41
[   62857ms] [LOG] [ChatTransport] responseHandler called, data: {"type":"delta","content":"锣","error":null,"message_id":"72698bb7-cc41-4c37-8839-4aa36718cf5f","conversation_id":null,"itinerary":null,"stage":null} @ webpack-internal:///(app-pages-browser)/./lib/chat-transport.ts:137
[   62861ms] [LOG] [ChatTransport] onmessage triggered, has currentResponseHandler: true @ webpack-internal:///(app-pages-browser)/./lib/chat-transport.ts:41
[   62861ms] [LOG] [ChatTransport] responseHandler called, data: {"type":"delta","content":"鼓","error":null,"message_id":"72698bb7-cc41-4c37-8839-4aa36718cf5f","conversation_id":null,"itinerary":null,"stage":null} @ webpack-internal:///(app-pages-browser)/./lib/chat-transport.ts:137
[   62918ms] [LOG] [ChatTransport] onmessage triggered, has currentResponseHandler: true @ webpack-internal:///(app-pages-browser)/./lib/chat-transport.ts:41
[   62919ms] [LOG] [ChatTransport] responseHandler called, data: {"type":"delta","content":"巷","error":null,"message_id":"72698bb7-cc41-4c37-8839-4aa36718cf5f","conversation_id":null,"itinerary":null,"stage":null} @ webpack-internal:///(app-pages-browser)/./lib/chat-transport.ts:137
[   62922ms] [LOG] [ChatTransport] onmessage triggered, has currentResponseHandler: true @ webpack-internal:///(app-pages-browser)/./lib/chat-transport.ts:41
[   62922ms] [LOG] [ChatTransport] responseHandler called, data: {"type":"delta","content":"**","error":null,"message_id":"72698bb7-cc41-4c37-8839-4aa36718cf5f","conversation_id":null,"itinerary":null,"stage":null} @ webpack-internal:///(app-pages-browser)/./lib/chat-transport.ts:137
[   63038ms] [LOG] [ChatTransport] onmessage triggered, has currentResponseHandler: true @ webpack-internal:///(app-pages-browser)/./lib/chat-transport.ts:41
[   63038ms] [LOG] [ChatTransport] responseHandler called, data: {"type":"delta","content":"附近","error":null,"message_id":"72698bb7-cc41-4c37-8839-4aa36718cf5f","conversation_id":null,"itinerary":null,"stage":null} @ webpack-internal:///(app-pages-browser)/./lib/chat-transport.ts:137
[   63042ms] [LOG] [ChatTransport] onmessage triggered, has currentResponseHandler: true @ webpack-internal:///(app-pages-browser)/./lib/chat-transport.ts:41
[   63042ms] [LOG] [ChatTransport] responseHandler called, data: {"type":"delta","content":"用餐","error":null,"message_id":"72698bb7-cc41-4c37-8839-4aa36718cf5f","conversation_id":null,"itinerary":null,"stage":null} @ webpack-internal:///(app-pages-browser)/./lib/chat-transport.ts:137
[   63161ms] [LOG] [ChatTransport] onmessage triggered, has currentResponseHandler: true @ webpack-internal:///(app-pages-browser)/./lib/chat-transport.ts:41
[   63161ms] [LOG] [ChatTransport] responseHandler called, data: {"type":"delta","content":"。","error":null,"message_id":"72698bb7-cc41-4c37-8839-4aa36718cf5f","conversation_id":null,"itinerary":null,"stage":null} @ webpack-internal:///(app-pages-browser)/./lib/chat-transport.ts:137
[   63165ms] [LOG] [ChatTransport] onmessage triggered, has currentResponseHandler: true @ webpack-internal:///(app-pages-browser)/./lib/chat-transport.ts:41
[   63165ms] [LOG] [ChatTransport] responseHandler called, data: {"type":"delta","content":"这里","error":null,"message_id":"72698bb7-cc41-4c37-8839-4aa36718cf5f","conversation_id":null,"itinerary":null,"stage":null} @ webpack-internal:///(app-pages-browser)/./lib/chat-transport.ts:137
[   63231ms] [LOG] [ChatTransport] onmessage triggered, has currentResponseHandler: true @ webpack-internal:///(app-pages-browser)/./lib/chat-transport.ts:41
[   63231ms] [LOG] [ChatTransport] responseHandler called, data: {"type":"delta","content":"不仅是","error":null,"message_id":"72698bb7-cc41-4c37-8839-4aa36718cf5f","conversation_id":null,"itinerary":null,"stage":null} @ webpack-internal:///(app-pages-browser)/./lib/chat-transport.ts:137
[   63311ms] [LOG] [ChatTransport] onmessage triggered, has currentResponseHandler: true @ webpack-internal:///(app-pages-browser)/./lib/chat-transport.ts:41
[   63312ms] [LOG] [ChatTransport] responseHandler called, data: {"type":"delta","content":"著名的","error":null,"message_id":"72698bb7-cc41-4c37-8839-4aa36718cf5f","conversation_id":null,"itinerary":null,"stage":null} @ webpack-internal:///(app-pages-browser)/./lib/chat-transport.ts:137
[   63350ms] [LOG] [ChatTransport] onmessage triggered, has currentResponseHandler: true @ webpack-internal:///(app-pages-browser)/./lib/chat-transport.ts:41
[   63351ms] [LOG] [ChatTransport] responseHandler called, data: {"type":"delta","content":"胡同","error":null,"message_id":"72698bb7-cc41-4c37-8839-4aa36718cf5f","conversation_id":null,"itinerary":null,"stage":null} @ webpack-internal:///(app-pages-browser)/./lib/chat-transport.ts:137
[   63354ms] [LOG] [ChatTransport] onmessage triggered, has currentResponseHandler: true @ webpack-internal:///(app-pages-browser)/./lib/chat-transport.ts:41
[   63355ms] [LOG] [ChatTransport] responseHandler called, data: {"type":"delta","content":"街区","error":null,"message_id":"72698bb7-cc41-4c37-8839-4aa36718cf5f","conversation_id":null,"itinerary":null,"stage":null} @ webpack-internal:///(app-pages-browser)/./lib/chat-transport.ts:137
[   63392ms] [LOG] [ChatTransport] onmessage triggered, has currentResponseHandler: true @ webpack-internal:///(app-pages-browser)/./lib/chat-transport.ts:41
[   63392ms] [LOG] [ChatTransport] responseHandler called, data: {"type":"delta","content":"，","error":null,"message_id":"72698bb7-cc41-4c37-8839-4aa36718cf5f","conversation_id":null,"itinerary":null,"stage":null} @ webpack-internal:///(app-pages-browser)/./lib/chat-transport.ts:137
[   63395ms] [LOG] [ChatTransport] onmessage triggered, has currentResponseHandler: true @ webpack-internal:///(app-pages-browser)/./lib/chat-transport.ts:41
[   63396ms] [LOG] [ChatTransport] responseHandler called, data: {"type":"delta","content":"周边","error":null,"message_id":"72698bb7-cc41-4c37-8839-4aa36718cf5f","conversation_id":null,"itinerary":null,"stage":null} @ webpack-internal:///(app-pages-browser)/./lib/chat-transport.ts:137
[   63573ms] [LOG] [ChatTransport] onmessage triggered, has currentResponseHandler: true @ webpack-internal:///(app-pages-browser)/./lib/chat-transport.ts:41
[   63573ms] [LOG] [ChatTransport] responseHandler called, data: {"type":"delta","content":"也","error":null,"message_id":"72698bb7-cc41-4c37-8839-4aa36718cf5f","conversation_id":null,"itinerary":null,"stage":null} @ webpack-internal:///(app-pages-browser)/./lib/chat-transport.ts:137
[   63577ms] [LOG] [ChatTransport] onmessage triggered, has currentResponseHandler: true @ webpack-internal:///(app-pages-browser)/./lib/chat-transport.ts:41
[   63577ms] [LOG] [ChatTransport] responseHandler called, data: {"type":"delta","content":"隐藏","error":null,"message_id":"72698bb7-cc41-4c37-8839-4aa36718cf5f","conversation_id":null,"itinerary":null,"stage":null} @ webpack-internal:///(app-pages-browser)/./lib/chat-transport.ts:137
[   63581ms] [LOG] [ChatTransport] onmessage triggered, has currentResponseHandler: true @ webpack-internal:///(app-pages-browser)/./lib/chat-transport.ts:41
[   63581ms] [LOG] [ChatTransport] responseHandler called, data: {"type":"delta","content":"着","error":null,"message_id":"72698bb7-cc41-4c37-8839-4aa36718cf5f","conversation_id":null,"itinerary":null,"stage":null} @ webpack-internal:///(app-pages-browser)/./lib/chat-transport.ts:137
[   63581ms] [LOG] [ChatTransport] onmessage triggered, has currentResponseHandler: true @ webpack-internal:///(app-pages-browser)/./lib/chat-transport.ts:41
[   63581ms] [LOG] [ChatTransport] responseHandler called, data: {"type":"delta","content":"许多","error":null,"message_id":"72698bb7-cc41-4c37-8839-4aa36718cf5f","conversation_id":null,"itinerary":null,"stage":null} @ webpack-internal:///(app-pages-browser)/./lib/chat-transport.ts:137
[   63620ms] [LOG] [ChatTransport] onmessage triggered, has currentResponseHandler: true @ webpack-internal:///(app-pages-browser)/./lib/chat-transport.ts:41
[   63621ms] [LOG] [ChatTransport] responseHandler called, data: {"type":"delta","content":"特色","error":null,"message_id":"72698bb7-cc41-4c37-8839-4aa36718cf5f","conversation_id":null,"itinerary":null,"stage":null} @ webpack-internal:///(app-pages-browser)/./lib/chat-transport.ts:137
[   63624ms] [LOG] [ChatTransport] onmessage triggered, has currentResponseHandler: true @ webpack-internal:///(app-pages-browser)/./lib/chat-transport.ts:41
[   63624ms] [LOG] [ChatTransport] responseHandler called, data: {"type":"delta","content":"餐馆","error":null,"message_id":"72698bb7-cc41-4c37-8839-4aa36718cf5f","conversation_id":null,"itinerary":null,"stage":null} @ webpack-internal:///(app-pages-browser)/./lib/chat-transport.ts:137
[   63645ms] [LOG] [ChatTransport] onmessage triggered, has currentResponseHandler: true @ webpack-internal:///(app-pages-browser)/./lib/chat-transport.ts:41
[   63645ms] [LOG] [ChatTransport] responseHandler called, data: {"type":"delta","content":"和小","error":null,"message_id":"72698bb7-cc41-4c37-8839-4aa36718cf5f","conversation_id":null,"itinerary":null,"stage":null} @ webpack-internal:///(app-pages-browser)/./lib/chat-transport.ts:137
[   63649ms] [LOG] [ChatTransport] onmessage triggered, has currentResponseHandler: true @ webpack-internal:///(app-pages-browser)/./lib/chat-transport.ts:41
[   63649ms] [LOG] [ChatTransport] responseHandler called, data: {"type":"delta","content":"吃","error":null,"message_id":"72698bb7-cc41-4c37-8839-4aa36718cf5f","conversation_id":null,"itinerary":null,"stage":null} @ webpack-internal:///(app-pages-browser)/./lib/chat-transport.ts:137
[   63761ms] [LOG] [ChatTransport] onmessage triggered, has currentResponseHandler: true @ webpack-internal:///(app-pages-browser)/./lib/chat-transport.ts:41
[   63761ms] [LOG] [ChatTransport] responseHandler called, data: {"type":"delta","content":"。\n","error":null,"message_id":"72698bb7-cc41-4c37-8839-4aa36718cf5f","conversation_id":null,"itinerary":null,"stage":null} @ webpack-internal:///(app-pages-browser)/./lib/chat-transport.ts:137
[   63774ms] [LOG] [ChatTransport] onmessage triggered, has currentResponseHandler: true @ webpack-internal:///(app-pages-browser)/./lib/chat-transport.ts:41
[   63774ms] [LOG] [ChatTransport] responseHandler called, data: {"type":"delta","content":"*","error":null,"message_id":"72698bb7-cc41-4c37-8839-4aa36718cf5f","conversation_id":null,"itinerary":null,"stage":null} @ webpack-internal:///(app-pages-browser)/./lib/chat-transport.ts:137
[   63778ms] [LOG] [ChatTransport] onmessage triggered, has currentResponseHandler: true @ webpack-internal:///(app-pages-browser)/./lib/chat-transport.ts:41
[   63778ms] [LOG] [ChatTransport] responseHandler called, data: {"type":"delta","content":"  ","error":null,"message_id":"72698bb7-cc41-4c37-8839-4aa36718cf5f","conversation_id":null,"itinerary":null,"stage":null} @ webpack-internal:///(app-pages-browser)/./lib/chat-transport.ts:137
[   63871ms] [LOG] [ChatTransport] onmessage triggered, has currentResponseHandler: true @ webpack-internal:///(app-pages-browser)/./lib/chat-transport.ts:41
[   63872ms] [LOG] [ChatTransport] responseHandler called, data: {"type":"delta","content":" **","error":null,"message_id":"72698bb7-cc41-4c37-8839-4aa36718cf5f","conversation_id":null,"itinerary":null,"stage":null} @ webpack-internal:///(app-pages-browser)/./lib/chat-transport.ts:137
[   63875ms] [LOG] [ChatTransport] onmessage triggered, has currentResponseHandler: true @ webpack-internal:///(app-pages-browser)/./lib/chat-transport.ts:41
[   63875ms] [LOG] [ChatTransport] responseHandler called, data: {"type":"delta","content":"下午","error":null,"message_id":"72698bb7-cc41-4c37-8839-4aa36718cf5f","conversation_id":null,"itinerary":null,"stage":null} @ webpack-internal:///(app-pages-browser)/./lib/chat-transport.ts:137
[   63962ms] [LOG] [ChatTransport] onmessage triggered, has currentResponseHandler: true @ webpack-internal:///(app-pages-browser)/./lib/chat-transport.ts:41
[   63962ms] [LOG] [ChatTransport] responseHandler called, data: {"type":"delta","content":"**","error":null,"message_id":"72698bb7-cc41-4c37-8839-4aa36718cf5f","conversation_id":null,"itinerary":null,"stage":null} @ webpack-internal:///(app-pages-browser)/./lib/chat-transport.ts:137
[   63966ms] [LOG] [ChatTransport] onmessage triggered, has currentResponseHandler: true @ webpack-internal:///(app-pages-browser)/./lib/chat-transport.ts:41
[   63966ms] [LOG] [ChatTransport] responseHandler called, data: {"type":"delta","content":"：","error":null,"message_id":"72698bb7-cc41-4c37-8839-4aa36718cf5f","conversation_id":null,"itinerary":null,"stage":null} @ webpack-internal:///(app-pages-browser)/./lib/chat-transport.ts:137
[   63966ms] [LOG] [ChatTransport] onmessage triggered, has currentResponseHandler: true @ webpack-internal:///(app-pages-browser)/./lib/chat-transport.ts:41
[   63966ms] [LOG] [ChatTransport] responseHandler called, data: {"type":"delta","content":"深度","error":null,"message_id":"72698bb7-cc41-4c37-8839-4aa36718cf5f","conversation_id":null,"itinerary":null,"stage":null} @ webpack-internal:///(app-pages-browser)/./lib/chat-transport.ts:137
[   63969ms] [LOG] [ChatTransport] onmessage triggered, has currentResponseHandler: true @ webpack-internal:///(app-pages-browser)/./lib/chat-transport.ts:41
[   63969ms] [LOG] [ChatTransport] responseHandler called, data: {"type":"delta","content":"逛","error":null,"message_id":"72698bb7-cc41-4c37-8839-4aa36718cf5f","conversation_id":null,"itinerary":null,"stage":null} @ webpack-internal:///(app-pages-browser)/./lib/chat-transport.ts:137
[   64022ms] [LOG] [ChatTransport] onmessage triggered, has currentResponseHandler: true @ webpack-internal:///(app-pages-browser)/./lib/chat-transport.ts:41
[   64022ms] [LOG] [ChatTransport] responseHandler called, data: {"type":"delta","content":"**","error":null,"message_id":"72698bb7-cc41-4c37-8839-4aa36718cf5f","conversation_id":null,"itinerary":null,"stage":null} @ webpack-internal:///(app-pages-browser)/./lib/chat-transport.ts:137
[   64029ms] [LOG] [ChatTransport] onmessage triggered, has currentResponseHandler: true @ webpack-internal:///(app-pages-browser)/./lib/chat-transport.ts:41
[   64029ms] [LOG] [ChatTransport] responseHandler called, data: {"type":"delta","content":"南","error":null,"message_id":"72698bb7-cc41-4c37-8839-4aa36718cf5f","conversation_id":null,"itinerary":null,"stage":null} @ webpack-internal:///(app-pages-browser)/./lib/chat-transport.ts:137
[   64141ms] [LOG] [ChatTransport] onmessage triggered, has currentResponseHandler: true @ webpack-internal:///(app-pages-browser)/./lib/chat-transport.ts:41
[   64141ms] [LOG] [ChatTransport] responseHandler called, data: {"type":"delta","content":"锣","error":null,"message_id":"72698bb7-cc41-4c37-8839-4aa36718cf5f","conversation_id":null,"itinerary":null,"stage":null} @ webpack-internal:///(app-pages-browser)/./lib/chat-transport.ts:137
[   64146ms] [LOG] [ChatTransport] onmessage triggered, has currentResponseHandler: true @ webpack-internal:///(app-pages-browser)/./lib/chat-transport.ts:41
[   64146ms] [LOG] [ChatTransport] responseHandler called, data: {"type":"delta","content":"鼓","error":null,"message_id":"72698bb7-cc41-4c37-8839-4aa36718cf5f","conversation_id":null,"itinerary":null,"stage":null} @ webpack-internal:///(app-pages-browser)/./lib/chat-transport.ts:137
[   64263ms] [LOG] [ChatTransport] onmessage triggered, has currentResponseHandler: true @ webpack-internal:///(app-pages-browser)/./lib/chat-transport.ts:41
[   64263ms] [LOG] [ChatTransport] responseHandler called, data: {"type":"delta","content":"巷","error":null,"message_id":"72698bb7-cc41-4c37-8839-4aa36718cf5f","conversation_id":null,"itinerary":null,"stage":null} @ webpack-internal:///(app-pages-browser)/./lib/chat-transport.ts:137
[   64267ms] [LOG] [ChatTransport] onmessage triggered, has currentResponseHandler: true @ webpack-internal:///(app-pages-browser)/./lib/chat-transport.ts:41
[   64267ms] [LOG] [ChatTransport] responseHandler called, data: {"type":"delta","content":"**","error":null,"message_id":"72698bb7-cc41-4c37-8839-4aa36718cf5f","conversation_id":null,"itinerary":null,"stage":null} @ webpack-internal:///(app-pages-browser)/./lib/chat-transport.ts:137
[   64267ms] [LOG] [ChatTransport] onmessage triggered, has currentResponseHandler: true @ webpack-internal:///(app-pages-browser)/./lib/chat-transport.ts:41
[   64267ms] [LOG] [ChatTransport] responseHandler called, data: {"type":"delta","content":"及","error":null,"message_id":"72698bb7-cc41-4c37-8839-4aa36718cf5f","conversation_id":null,"itinerary":null,"stage":null} @ webpack-internal:///(app-pages-browser)/./lib/chat-transport.ts:137
[   64267ms] [LOG] [ChatTransport] onmessage triggered, has currentResponseHandler: true @ webpack-internal:///(app-pages-browser)/./lib/chat-transport.ts:41
[   64267ms] [LOG] [ChatTransport] responseHandler called, data: {"type":"delta","content":"周边","error":null,"message_id":"72698bb7-cc41-4c37-8839-4aa36718cf5f","conversation_id":null,"itinerary":null,"stage":null} @ webpack-internal:///(app-pages-browser)/./lib/chat-transport.ts:137
[   64271ms] [LOG] [ChatTransport] onmessage triggered, has currentResponseHandler: true @ webpack-internal:///(app-pages-browser)/./lib/chat-transport.ts:41
[   64271ms] [LOG] [ChatTransport] responseHandler called, data: {"type":"delta","content":"胡同","error":null,"message_id":"72698bb7-cc41-4c37-8839-4aa36718cf5f","conversation_id":null,"itinerary":null,"stage":null} @ webpack-internal:///(app-pages-browser)/./lib/chat-transport.ts:137
[   64271ms] [LOG] [ChatTransport] onmessage triggered, has currentResponseHandler: true @ webpack-internal:///(app-pages-browser)/./lib/chat-transport.ts:41
[   64271ms] [LOG] [ChatTransport] responseHandler called, data: {"type":"delta","content":"（","error":null,"message_id":"72698bb7-cc41-4c37-8839-4aa36718cf5f","conversation_id":null,"itinerary":null,"stage":null} @ webpack-internal:///(app-pages-browser)/./lib/chat-transport.ts:137
[   64330ms] [LOG] [ChatTransport] onmessage triggered, has currentResponseHandler: true @ webpack-internal:///(app-pages-browser)/./lib/chat-transport.ts:41
[   64330ms] [LOG] [ChatTransport] responseHandler called, data: {"type":"delta","content":"如","error":null,"message_id":"72698bb7-cc41-4c37-8839-4aa36718cf5f","conversation_id":null,"itinerary":null,"stage":null} @ webpack-internal:///(app-pages-browser)/./lib/chat-transport.ts:137
[   64335ms] [LOG] [ChatTransport] onmessage triggered, has currentResponseHandler: true @ webpack-internal:///(app-pages-browser)/./lib/chat-transport.ts:41
[   64335ms] [LOG] [ChatTransport] responseHandler called, data: {"type":"delta","content":"帽","error":null,"message_id":"72698bb7-cc41-4c37-8839-4aa36718cf5f","conversation_id":null,"itinerary":null,"stage":null} @ webpack-internal:///(app-pages-browser)/./lib/chat-transport.ts:137
[   64390ms] [LOG] [ChatTransport] onmessage triggered, has currentResponseHandler: true @ webpack-internal:///(app-pages-browser)/./lib/chat-transport.ts:41
[   64391ms] [LOG] [ChatTransport] responseHandler called, data: {"type":"delta","content":"儿","error":null,"message_id":"72698bb7-cc41-4c37-8839-4aa36718cf5f","conversation_id":null,"itinerary":null,"stage":null} @ webpack-internal:///(app-pages-browser)/./lib/chat-transport.ts:137
[   64394ms] [LOG] [ChatTransport] onmessage triggered, has currentResponseHandler: true @ webpack-internal:///(app-pages-browser)/./lib/chat-transport.ts:41
[   64394ms] [LOG] [ChatTransport] responseHandler called, data: {"type":"delta","content":"胡同","error":null,"message_id":"72698bb7-cc41-4c37-8839-4aa36718cf5f","conversation_id":null,"itinerary":null,"stage":null} @ webpack-internal:///(app-pages-browser)/./lib/chat-transport.ts:137
[   64462ms] [LOG] [ChatTransport] onmessage triggered, has currentResponseHandler: true @ webpack-internal:///(app-pages-browser)/./lib/chat-transport.ts:41
[   64462ms] [LOG] [ChatTransport] responseHandler called, data: {"type":"delta","content":"、","error":null,"message_id":"72698bb7-cc41-4c37-8839-4aa36718cf5f","conversation_id":null,"itinerary":null,"stage":null} @ webpack-internal:///(app-pages-browser)/./lib/chat-transport.ts:137
[   64467ms] [LOG] [ChatTransport] onmessage triggered, has currentResponseHandler: true @ webpack-internal:///(app-pages-browser)/./lib/chat-transport.ts:41
[   64467ms] [LOG] [ChatTransport] responseHandler called, data: {"type":"delta","content":"菊","error":null,"message_id":"72698bb7-cc41-4c37-8839-4aa36718cf5f","conversation_id":null,"itinerary":null,"stage":null} @ webpack-internal:///(app-pages-browser)/./lib/chat-transport.ts:137
[   64513ms] [LOG] [ChatTransport] onmessage triggered, has currentResponseHandler: true @ webpack-internal:///(app-pages-browser)/./lib/chat-transport.ts:41
[   64513ms] [LOG] [ChatTransport] responseHandler called, data: {"type":"delta","content":"儿","error":null,"message_id":"72698bb7-cc41-4c37-8839-4aa36718cf5f","conversation_id":null,"itinerary":null,"stage":null} @ webpack-internal:///(app-pages-browser)/./lib/chat-transport.ts:137
[   64521ms] [LOG] [ChatTransport] onmessage triggered, has currentResponseHandler: true @ webpack-internal:///(app-pages-browser)/./lib/chat-transport.ts:41
[   64522ms] [LOG] [ChatTransport] responseHandler called, data: {"type":"delta","content":"胡同","error":null,"message_id":"72698bb7-cc41-4c37-8839-4aa36718cf5f","conversation_id":null,"itinerary":null,"stage":null} @ webpack-internal:///(app-pages-browser)/./lib/chat-transport.ts:137
[   64576ms] [LOG] [ChatTransport] onmessage triggered, has currentResponseHandler: true @ webpack-internal:///(app-pages-browser)/./lib/chat-transport.ts:41
[   64576ms] [LOG] [ChatTransport] responseHandler called, data: {"type":"delta","content":"），","error":null,"message_id":"72698bb7-cc41-4c37-8839-4aa36718cf5f","conversation_id":null,"itinerary":null,"stage":null} @ webpack-internal:///(app-pages-browser)/./lib/chat-transport.ts:137
[   64639ms] [LOG] [ChatTransport] onmessage triggered, has currentResponseHandler: true @ webpack-internal:///(app-pages-browser)/./lib/chat-transport.ts:41
[   64640ms] [LOG] [ChatTransport] responseHandler called, data: {"type":"delta","content":"感受","error":null,"message_id":"72698bb7-cc41-4c37-8839-4aa36718cf5f","conversation_id":null,"itinerary":null,"stage":null} @ webpack-internal:///(app-pages-browser)/./lib/chat-transport.ts:137
[   64648ms] [LOG] [ChatTransport] onmessage triggered, has currentResponseHandler: true @ webpack-internal:///(app-pages-browser)/./lib/chat-transport.ts:41
[   64648ms] [LOG] [ChatTransport] responseHandler called, data: {"type":"delta","content":"老","error":null,"message_id":"72698bb7-cc41-4c37-8839-4aa36718cf5f","conversation_id":null,"itinerary":null,"stage":null} @ webpack-internal:///(app-pages-browser)/./lib/chat-transport.ts:137
[   64726ms] [LOG] [ChatTransport] onmessage triggered, has currentResponseHandler: true @ webpack-internal:///(app-pages-browser)/./lib/chat-transport.ts:41
[   64726ms] [LOG] [ChatTransport] responseHandler called, data: {"type":"delta","content":"北京的","error":null,"message_id":"72698bb7-cc41-4c37-8839-4aa36718cf5f","conversation_id":null,"itinerary":null,"stage":null} @ webpack-internal:///(app-pages-browser)/./lib/chat-transport.ts:137
[   64847ms] [LOG] [ChatTransport] onmessage triggered, has currentResponseHandler: true @ webpack-internal:///(app-pages-browser)/./lib/chat-transport.ts:41
[   64848ms] [LOG] [ChatTransport] responseHandler called, data: {"type":"delta","content":"市","error":null,"message_id":"72698bb7-cc41-4c37-8839-4aa36718cf5f","conversation_id":null,"itinerary":null,"stage":null} @ webpack-internal:///(app-pages-browser)/./lib/chat-transport.ts:137
[   64856ms] [LOG] [ChatTransport] onmessage triggered, has currentResponseHandler: true @ webpack-internal:///(app-pages-browser)/./lib/chat-transport.ts:41
[   64856ms] [LOG] [ChatTransport] responseHandler called, data: {"type":"delta","content":"井","error":null,"message_id":"72698bb7-cc41-4c37-8839-4aa36718cf5f","conversation_id":null,"itinerary":null,"stage":null} @ webpack-internal:///(app-pages-browser)/./lib/chat-transport.ts:137
[   64856ms] [LOG] [ChatTransport] onmessage triggered, has currentResponseHandler: true @ webpack-internal:///(app-pages-browser)/./lib/chat-transport.ts:41
[   64856ms] [LOG] [ChatTransport] responseHandler called, data: {"type":"delta","content":"生活","error":null,"message_id":"72698bb7-cc41-4c37-8839-4aa36718cf5f","conversation_id":null,"itinerary":null,"stage":null} @ webpack-internal:///(app-pages-browser)/./lib/chat-transport.ts:137
[   64861ms] [LOG] [ChatTransport] onmessage triggered, has currentResponseHandler: true @ webpack-internal:///(app-pages-browser)/./lib/chat-transport.ts:41
[   64861ms] [LOG] [ChatTransport] responseHandler called, data: {"type":"delta","content":"。","error":null,"message_id":"72698bb7-cc41-4c37-8839-4aa36718cf5f","conversation_id":null,"itinerary":null,"stage":null} @ webpack-internal:///(app-pages-browser)/./lib/chat-transport.ts:137
[   64890ms] [LOG] [ChatTransport] onmessage triggered, has currentResponseHandler: true @ webpack-internal:///(app-pages-browser)/./lib/chat-transport.ts:41
[   64890ms] [LOG] [ChatTransport] responseHandler called, data: {"type":"delta","content":"也可以","error":null,"message_id":"72698bb7-cc41-4c37-8839-4aa36718cf5f","conversation_id":null,"itinerary":null,"stage":null} @ webpack-internal:///(app-pages-browser)/./lib/chat-transport.ts:137
[   64978ms] [LOG] [ChatTransport] onmessage triggered, has currentResponseHandler: true @ webpack-internal:///(app-pages-browser)/./lib/chat-transport.ts:41
[   64978ms] [LOG] [ChatTransport] responseHandler called, data: {"type":"delta","content":"选择","error":null,"message_id":"72698bb7-cc41-4c37-8839-4aa36718cf5f","conversation_id":null,"itinerary":null,"stage":null} @ webpack-internal:///(app-pages-browser)/./lib/chat-transport.ts:137
[   64978ms] [LOG] [ChatTransport] onmessage triggered, has currentResponseHandler: true @ webpack-internal:///(app-pages-browser)/./lib/chat-transport.ts:41
[   64979ms] [LOG] [ChatTransport] responseHandler called, data: {"type":"delta","content":"参观","error":null,"message_id":"72698bb7-cc41-4c37-8839-4aa36718cf5f","conversation_id":null,"itinerary":null,"stage":null} @ webpack-internal:///(app-pages-browser)/./lib/chat-transport.ts:137
[   65018ms] [LOG] [ChatTransport] onmessage triggered, has currentResponseHandler: true @ webpack-internal:///(app-pages-browser)/./lib/chat-transport.ts:41
[   65018ms] [LOG] [ChatTransport] responseHandler called, data: {"type":"delta","content":"附近的","error":null,"message_id":"72698bb7-cc41-4c37-8839-4aa36718cf5f","conversation_id":null,"itinerary":null,"stage":null} @ webpack-internal:///(app-pages-browser)/./lib/chat-transport.ts:137
[   65025ms] [LOG] [ChatTransport] onmessage triggered, has currentResponseHandler: true @ webpack-internal:///(app-pages-browser)/./lib/chat-transport.ts:41
[   65025ms] [LOG] [ChatTransport] responseHandler called, data: {"type":"delta","content":"**","error":null,"message_id":"72698bb7-cc41-4c37-8839-4aa36718cf5f","conversation_id":null,"itinerary":null,"stage":null} @ webpack-internal:///(app-pages-browser)/./lib/chat-transport.ts:137
[   65081ms] [LOG] [ChatTransport] onmessage triggered, has currentResponseHandler: true @ webpack-internal:///(app-pages-browser)/./lib/chat-transport.ts:41
[   65081ms] [LOG] [ChatTransport] responseHandler called, data: {"type":"delta","content":"恭","error":null,"message_id":"72698bb7-cc41-4c37-8839-4aa36718cf5f","conversation_id":null,"itinerary":null,"stage":null} @ webpack-internal:///(app-pages-browser)/./lib/chat-transport.ts:137
[   65089ms] [LOG] [ChatTransport] onmessage triggered, has currentResponseHandler: true @ webpack-internal:///(app-pages-browser)/./lib/chat-transport.ts:41
[   65089ms] [LOG] [ChatTransport] responseHandler called, data: {"type":"delta","content":"王府","error":null,"message_id":"72698bb7-cc41-4c37-8839-4aa36718cf5f","conversation_id":null,"itinerary":null,"stage":null} @ webpack-internal:///(app-pages-browser)/./lib/chat-transport.ts:137
[   65130ms] [LOG] [ChatTransport] onmessage triggered, has currentResponseHandler: true @ webpack-internal:///(app-pages-browser)/./lib/chat-transport.ts:41
[   65130ms] [LOG] [ChatTransport] responseHandler called, data: {"type":"delta","content":"**","error":null,"message_id":"72698bb7-cc41-4c37-8839-4aa36718cf5f","conversation_id":null,"itinerary":null,"stage":null} @ webpack-internal:///(app-pages-browser)/./lib/chat-transport.ts:137
[   65138ms] [LOG] [ChatTransport] onmessage triggered, has currentResponseHandler: true @ webpack-internal:///(app-pages-browser)/./lib/chat-transport.ts:41
[   65138ms] [LOG] [ChatTransport] responseHandler called, data: {"type":"delta","content":"（","error":null,"message_id":"72698bb7-cc41-4c37-8839-4aa36718cf5f","conversation_id":null,"itinerary":null,"stage":null} @ webpack-internal:///(app-pages-browser)/./lib/chat-transport.ts:137
[   65202ms] [LOG] [ChatTransport] onmessage triggered, has currentResponseHandler: true @ webpack-internal:///(app-pages-browser)/./lib/chat-transport.ts:41
[   65202ms] [LOG] [ChatTransport] responseHandler called, data: {"type":"delta","content":"和","error":null,"message_id":"72698bb7-cc41-4c37-8839-4aa36718cf5f","conversation_id":null,"itinerary":null,"stage":null} @ webpack-internal:///(app-pages-browser)/./lib/chat-transport.ts:137
[   65265ms] [LOG] [ChatTransport] onmessage triggered, has currentResponseHandler: true @ webpack-internal:///(app-pages-browser)/./lib/chat-transport.ts:41
[   65265ms] [LOG] [ChatTransport] responseHandler called, data: {"type":"delta","content":"珅","error":null,"message_id":"72698bb7-cc41-4c37-8839-4aa36718cf5f","conversation_id":null,"itinerary":null,"stage":null} @ webpack-internal:///(app-pages-browser)/./lib/chat-transport.ts:137
[   65270ms] [LOG] [ChatTransport] onmessage triggered, has currentResponseHandler: true @ webpack-internal:///(app-pages-browser)/./lib/chat-transport.ts:41
[   65270ms] [LOG] [ChatTransport] responseHandler called, data: {"type":"delta","content":"故居","error":null,"message_id":"72698bb7-cc41-4c37-8839-4aa36718cf5f","conversation_id":null,"itinerary":null,"stage":null} @ webpack-internal:///(app-pages-browser)/./lib/chat-transport.ts:137
[   65330ms] [LOG] [ChatTransport] onmessage triggered, has currentResponseHandler: true @ webpack-internal:///(app-pages-browser)/./lib/chat-transport.ts:41
[   65330ms] [LOG] [ChatTransport] responseHandler called, data: {"type":"delta","content":"），","error":null,"message_id":"72698bb7-cc41-4c37-8839-4aa36718cf5f","conversation_id":null,"itinerary":null,"stage":null} @ webpack-internal:///(app-pages-browser)/./lib/chat-transport.ts:137
[   65331ms] [LOG] [ChatTransport] onmessage triggered, has currentResponseHandler: true @ webpack-internal:///(app-pages-browser)/./lib/chat-transport.ts:41
[   65331ms] [LOG] [ChatTransport] responseHandler called, data: {"type":"delta","content":"体验","error":null,"message_id":"72698bb7-cc41-4c37-8839-4aa36718cf5f","conversation_id":null,"itinerary":null,"stage":null} @ webpack-internal:///(app-pages-browser)/./lib/chat-transport.ts:137
[   65469ms] [LOG] [ChatTransport] onmessage triggered, has currentResponseHandler: true @ webpack-internal:///(app-pages-browser)/./lib/chat-transport.ts:41
[   65469ms] [LOG] [ChatTransport] responseHandler called, data: {"type":"delta","content":"王府","error":null,"message_id":"72698bb7-cc41-4c37-8839-4aa36718cf5f","conversation_id":null,"itinerary":null,"stage":null} @ webpack-internal:///(app-pages-browser)/./lib/chat-transport.ts:137
[   65474ms] [LOG] [ChatTransport] onmessage triggered, has currentResponseHandler: true @ webpack-internal:///(app-pages-browser)/./lib/chat-transport.ts:41
[   65474ms] [LOG] [ChatTransport] responseHandler called, data: {"type":"delta","content":"文化","error":null,"message_id":"72698bb7-cc41-4c37-8839-4aa36718cf5f","conversation_id":null,"itinerary":null,"stage":null} @ webpack-internal:///(app-pages-browser)/./lib/chat-transport.ts:137
[   65544ms] [LOG] [ChatTransport] onmessage triggered, has currentResponseHandler: true @ webpack-internal:///(app-pages-browser)/./lib/chat-transport.ts:41
[   65544ms] [LOG] [ChatTransport] responseHandler called, data: {"type":"delta","content":"。\n","error":null,"message_id":"72698bb7-cc41-4c37-8839-4aa36718cf5f","conversation_id":null,"itinerary":null,"stage":null} @ webpack-internal:///(app-pages-browser)/./lib/chat-transport.ts:137
[   65548ms] [LOG] [ChatTransport] onmessage triggered, has currentResponseHandler: true @ webpack-internal:///(app-pages-browser)/./lib/chat-transport.ts:41
[   65548ms] [LOG] [ChatTransport] responseHandler called, data: {"type":"delta","content":"*","error":null,"message_id":"72698bb7-cc41-4c37-8839-4aa36718cf5f","conversation_id":null,"itinerary":null,"stage":null} @ webpack-internal:///(app-pages-browser)/./lib/chat-transport.ts:137
[   65574ms] [LOG] [ChatTransport] onmessage triggered, has currentResponseHandler: true @ webpack-internal:///(app-pages-browser)/./lib/chat-transport.ts:41
[   65574ms] [LOG] [ChatTransport] responseHandler called, data: {"type":"delta","content":"  ","error":null,"message_id":"72698bb7-cc41-4c37-8839-4aa36718cf5f","conversation_id":null,"itinerary":null,"stage":null} @ webpack-internal:///(app-pages-browser)/./lib/chat-transport.ts:137
[   65574ms] [LOG] [ChatTransport] onmessage triggered, has currentResponseHandler: true @ webpack-internal:///(app-pages-browser)/./lib/chat-transport.ts:41
[   65574ms] [LOG] [ChatTransport] responseHandler called, data: {"type":"delta","content":" **","error":null,"message_id":"72698bb7-cc41-4c37-8839-4aa36718cf5f","conversation_id":null,"itinerary":null,"stage":null} @ webpack-internal:///(app-pages-browser)/./lib/chat-transport.ts:137
[   65635ms] [LOG] [ChatTransport] onmessage triggered, has currentResponseHandler: true @ webpack-internal:///(app-pages-browser)/./lib/chat-transport.ts:41
[   65635ms] [LOG] [ChatTransport] responseHandler called, data: {"type":"delta","content":"傍晚","error":null,"message_id":"72698bb7-cc41-4c37-8839-4aa36718cf5f","conversation_id":null,"itinerary":null,"stage":null} @ webpack-internal:///(app-pages-browser)/./lib/chat-transport.ts:137
[   65645ms] [LOG] [ChatTransport] onmessage triggered, has currentResponseHandler: true @ webpack-internal:///(app-pages-browser)/./lib/chat-transport.ts:41
[   65645ms] [LOG] [ChatTransport] responseHandler called, data: {"type":"delta","content":"**","error":null,"message_id":"72698bb7-cc41-4c37-8839-4aa36718cf5f","conversation_id":null,"itinerary":null,"stage":null} @ webpack-internal:///(app-pages-browser)/./lib/chat-transport.ts:137
[   65733ms] [LOG] [ChatTransport] onmessage triggered, has currentResponseHandler: true @ webpack-internal:///(app-pages-browser)/./lib/chat-transport.ts:41
[   65733ms] [LOG] [ChatTransport] responseHandler called, data: {"type":"delta","content":"：","error":null,"message_id":"72698bb7-cc41-4c37-8839-4aa36718cf5f","conversation_id":null,"itinerary":null,"stage":null} @ webpack-internal:///(app-pages-browser)/./lib/chat-transport.ts:137
[   65733ms] [LOG] [ChatTransport] onmessage triggered, has currentResponseHandler: true @ webpack-internal:///(app-pages-browser)/./lib/chat-transport.ts:41
[   65733ms] [LOG] [ChatTransport] responseHandler called, data: {"type":"delta","content":"漫步","error":null,"message_id":"72698bb7-cc41-4c37-8839-4aa36718cf5f","conversation_id":null,"itinerary":null,"stage":null} @ webpack-internal:///(app-pages-browser)/./lib/chat-transport.ts:137
[   65767ms] [LOG] [ChatTransport] onmessage triggered, has currentResponseHandler: true @ webpack-internal:///(app-pages-browser)/./lib/chat-transport.ts:41
[   65767ms] [LOG] [ChatTransport] responseHandler called, data: {"type":"delta","content":"**","error":null,"message_id":"72698bb7-cc41-4c37-8839-4aa36718cf5f","conversation_id":null,"itinerary":null,"stage":null} @ webpack-internal:///(app-pages-browser)/./lib/chat-transport.ts:137
[   65775ms] [LOG] [ChatTransport] onmessage triggered, has currentResponseHandler: true @ webpack-internal:///(app-pages-browser)/./lib/chat-transport.ts:41
[   65776ms] [LOG] [ChatTransport] responseHandler called, data: {"type":"delta","content":"南","error":null,"message_id":"72698bb7-cc41-4c37-8839-4aa36718cf5f","conversation_id":null,"itinerary":null,"stage":null} @ webpack-internal:///(app-pages-browser)/./lib/chat-transport.ts:137
[   65844ms] [LOG] [ChatTransport] onmessage triggered, has currentResponseHandler: true @ webpack-internal:///(app-pages-browser)/./lib/chat-transport.ts:41
[   65844ms] [LOG] [ChatTransport] responseHandler called, data: {"type":"delta","content":"池","error":null,"message_id":"72698bb7-cc41-4c37-8839-4aa36718cf5f","conversation_id":null,"itinerary":null,"stage":null} @ webpack-internal:///(app-pages-browser)/./lib/chat-transport.ts:137
[   65852ms] [LOG] [ChatTransport] onmessage triggered, has currentResponseHandler: true @ webpack-internal:///(app-pages-browser)/./lib/chat-transport.ts:41
[   65852ms] [LOG] [ChatTransport] responseHandler called, data: {"type":"delta","content":"子","error":null,"message_id":"72698bb7-cc41-4c37-8839-4aa36718cf5f","conversation_id":null,"itinerary":null,"stage":null} @ webpack-internal:///(app-pages-browser)/./lib/chat-transport.ts:137
[   65892ms] [LOG] [ChatTransport] onmessage triggered, has currentResponseHandler: true @ webpack-internal:///(app-pages-browser)/./lib/chat-transport.ts:41
[   65892ms] [LOG] [ChatTransport] responseHandler called, data: {"type":"delta","content":"大街","error":null,"message_id":"72698bb7-cc41-4c37-8839-4aa36718cf5f","conversation_id":null,"itinerary":null,"stage":null} @ webpack-internal:///(app-pages-browser)/./lib/chat-transport.ts:137
[   65892ms] [LOG] [ChatTransport] onmessage triggered, has currentResponseHandler: true @ webpack-internal:///(app-pages-browser)/./lib/chat-transport.ts:41
[   65892ms] [LOG] [ChatTransport] responseHandler called, data: {"type":"delta","content":"**","error":null,"message_id":"72698bb7-cc41-4c37-8839-4aa36718cf5f","conversation_id":null,"itinerary":null,"stage":null} @ webpack-internal:///(app-pages-browser)/./lib/chat-transport.ts:137
[   65946ms] [LOG] [ChatTransport] onmessage triggered, has currentResponseHandler: true @ webpack-internal:///(app-pages-browser)/./lib/chat-transport.ts:41
[   65946ms] [LOG] [ChatTransport] responseHandler called, data: {"type":"delta","content":"，","error":null,"message_id":"72698bb7-cc41-4c37-8839-4aa36718cf5f","conversation_id":null,"itinerary":null,"stage":null} @ webpack-internal:///(app-pages-browser)/./lib/chat-transport.ts:137
[   65952ms] [LOG] [ChatTransport] onmessage triggered, has currentResponseHandler: true @ webpack-internal:///(app-pages-browser)/./lib/chat-transport.ts:41
[   65953ms] [LOG] [ChatTransport] responseHandler called, data: {"type":"delta","content":"这条","error":null,"message_id":"72698bb7-cc41-4c37-8839-4aa36718cf5f","conversation_id":null,"itinerary":null,"stage":null} @ webpack-internal:///(app-pages-browser)/./lib/chat-transport.ts:137
[   66007ms] [LOG] [ChatTransport] onmessage triggered, has currentResponseHandler: true @ webpack-internal:///(app-pages-browser)/./lib/chat-transport.ts:41
[   66008ms] [LOG] [ChatTransport] responseHandler called, data: {"type":"delta","content":"紧","error":null,"message_id":"72698bb7-cc41-4c37-8839-4aa36718cf5f","conversation_id":null,"itinerary":null,"stage":null} @ webpack-internal:///(app-pages-browser)/./lib/chat-transport.ts:137
[   66149ms] [LOG] [ChatTransport] onmessage triggered, has currentResponseHandler: true @ webpack-internal:///(app-pages-browser)/./lib/chat-transport.ts:41
[   66149ms] [LOG] [ChatTransport] responseHandler called, data: {"type":"delta","content":"邻","error":null,"message_id":"72698bb7-cc41-4c37-8839-4aa36718cf5f","conversation_id":null,"itinerary":null,"stage":null} @ webpack-internal:///(app-pages-browser)/./lib/chat-transport.ts:137
[   66153ms] [LOG] [ChatTransport] onmessage triggered, has currentResponseHandler: true @ webpack-internal:///(app-pages-browser)/./lib/chat-transport.ts:41
[   66154ms] [LOG] [ChatTransport] responseHandler called, data: {"type":"delta","content":"故宫","error":null,"message_id":"72698bb7-cc41-4c37-8839-4aa36718cf5f","conversation_id":null,"itinerary":null,"stage":null} @ webpack-internal:///(app-pages-browser)/./lib/chat-transport.ts:137
[   66154ms] [LOG] [ChatTransport] onmessage triggered, has currentResponseHandler: true @ webpack-internal:///(app-pages-browser)/./lib/chat-transport.ts:41
[   66154ms] [LOG] [ChatTransport] responseHandler called, data: {"type":"delta","content":"东","error":null,"message_id":"72698bb7-cc41-4c37-8839-4aa36718cf5f","conversation_id":null,"itinerary":null,"stage":null} @ webpack-internal:///(app-pages-browser)/./lib/chat-transport.ts:137
[   66189ms] [LOG] [ChatTransport] onmessage triggered, has currentResponseHandler: true @ webpack-internal:///(app-pages-browser)/./lib/chat-transport.ts:41
[   66190ms] [LOG] [ChatTransport] responseHandler called, data: {"type":"delta","content":"华","error":null,"message_id":"72698bb7-cc41-4c37-8839-4aa36718cf5f","conversation_id":null,"itinerary":null,"stage":null} @ webpack-internal:///(app-pages-browser)/./lib/chat-transport.ts:137
[   66196ms] [LOG] [ChatTransport] onmessage triggered, has currentResponseHandler: true @ webpack-internal:///(app-pages-browser)/./lib/chat-transport.ts:41
[   66197ms] [LOG] [ChatTransport] responseHandler called, data: {"type":"delta","content":"门的","error":null,"message_id":"72698bb7-cc41-4c37-8839-4aa36718cf5f","conversation_id":null,"itinerary":null,"stage":null} @ webpack-internal:///(app-pages-browser)/./lib/chat-transport.ts:137
[   66266ms] [LOG] [ChatTransport] onmessage triggered, has currentResponseHandler: true @ webpack-internal:///(app-pages-browser)/./lib/chat-transport.ts:41
[   66266ms] [LOG] [ChatTransport] responseHandler called, data: {"type":"delta","content":"街道","error":null,"message_id":"72698bb7-cc41-4c37-8839-4aa36718cf5f","conversation_id":null,"itinerary":null,"stage":null} @ webpack-internal:///(app-pages-browser)/./lib/chat-transport.ts:137
[   66274ms] [LOG] [ChatTransport] onmessage triggered, has currentResponseHandler: true @ webpack-internal:///(app-pages-browser)/./lib/chat-transport.ts:41
[   66274ms] [LOG] [ChatTransport] responseHandler called, data: {"type":"delta","content":"宁静","error":null,"message_id":"72698bb7-cc41-4c37-8839-4aa36718cf5f","conversation_id":null,"itinerary":null,"stage":null} @ webpack-internal:///(app-pages-browser)/./lib/chat-transport.ts:137
[   66426ms] [LOG] [ChatTransport] onmessage triggered, has currentResponseHandler: true @ webpack-internal:///(app-pages-browser)/./lib/chat-transport.ts:41
[   66426ms] [LOG] [ChatTransport] responseHandler called, data: {"type":"delta","content":"而","error":null,"message_id":"72698bb7-cc41-4c37-8839-4aa36718cf5f","conversation_id":null,"itinerary":null,"stage":null} @ webpack-internal:///(app-pages-browser)/./lib/chat-transport.ts:137
[   66433ms] [LOG] [ChatTransport] onmessage triggered, has currentResponseHandler: true @ webpack-internal:///(app-pages-browser)/./lib/chat-transport.ts:41
[   66433ms] [LOG] [ChatTransport] responseHandler called, data: {"type":"delta","content":"富有","error":null,"message_id":"72698bb7-cc41-4c37-8839-4aa36718cf5f","conversation_id":null,"itinerary":null,"stage":null} @ webpack-internal:///(app-pages-browser)/./lib/chat-transport.ts:137
[   66433ms] [LOG] [ChatTransport] onmessage triggered, has currentResponseHandler: true @ webpack-internal:///(app-pages-browser)/./lib/chat-transport.ts:41
[   66434ms] [LOG] [ChatTransport] responseHandler called, data: {"type":"delta","content":"韵味","error":null,"message_id":"72698bb7-cc41-4c37-8839-4aa36718cf5f","conversation_id":null,"itinerary":null,"stage":null} @ webpack-internal:///(app-pages-browser)/./lib/chat-transport.ts:137
[   66464ms] [LOG] [ChatTransport] onmessage triggered, has currentResponseHandler: true @ webpack-internal:///(app-pages-browser)/./lib/chat-transport.ts:41
[   66464ms] [LOG] [ChatTransport] responseHandler called, data: {"type":"delta","content":"，","error":null,"message_id":"72698bb7-cc41-4c37-8839-4aa36718cf5f","conversation_id":null,"itinerary":null,"stage":null} @ webpack-internal:///(app-pages-browser)/./lib/chat-transport.ts:137
[   66467ms] [LOG] [ChatTransport] onmessage triggered, has currentResponseHandler: true @ webpack-internal:///(app-pages-browser)/./lib/chat-transport.ts:41
[   66468ms] [LOG] [ChatTransport] responseHandler called, data: {"type":"delta","content":"是","error":null,"message_id":"72698bb7-cc41-4c37-8839-4aa36718cf5f","conversation_id":null,"itinerary":null,"stage":null} @ webpack-internal:///(app-pages-browser)/./lib/chat-transport.ts:137
[   66528ms] [LOG] [ChatTransport] onmessage triggered, has currentResponseHandler: true @ webpack-internal:///(app-pages-browser)/./lib/chat-transport.ts:41
[   66528ms] [LOG] [ChatTransport] responseHandler called, data: {"type":"delta","content":"拍摄","error":null,"message_id":"72698bb7-cc41-4c37-8839-4aa36718cf5f","conversation_id":null,"itinerary":null,"stage":null} @ webpack-internal:///(app-pages-browser)/./lib/chat-transport.ts:137
[   66643ms] [LOG] [ChatTransport] onmessage triggered, has currentResponseHandler: true @ webpack-internal:///(app-pages-browser)/./lib/chat-transport.ts:41
[   66643ms] [LOG] [ChatTransport] responseHandler called, data: {"type":"delta","content":"故宫","error":null,"message_id":"72698bb7-cc41-4c37-8839-4aa36718cf5f","conversation_id":null,"itinerary":null,"stage":null} @ webpack-internal:///(app-pages-browser)/./lib/chat-transport.ts:137
[   66649ms] [LOG] [ChatTransport] onmessage triggered, has currentResponseHandler: true @ webpack-internal:///(app-pages-browser)/./lib/chat-transport.ts:41
[   66649ms] [LOG] [ChatTransport] responseHandler called, data: {"type":"delta","content":"角","error":null,"message_id":"72698bb7-cc41-4c37-8839-4aa36718cf5f","conversation_id":null,"itinerary":null,"stage":null} @ webpack-internal:///(app-pages-browser)/./lib/chat-transport.ts:137
[   66654ms] [LOG] [ChatTransport] onmessage triggered, has currentResponseHandler: true @ webpack-internal:///(app-pages-browser)/./lib/chat-transport.ts:41
[   66654ms] [LOG] [ChatTransport] responseHandler called, data: {"type":"delta","content":"楼","error":null,"message_id":"72698bb7-cc41-4c37-8839-4aa36718cf5f","conversation_id":null,"itinerary":null,"stage":null} @ webpack-internal:///(app-pages-browser)/./lib/chat-transport.ts:137
[   66654ms] [LOG] [ChatTransport] onmessage triggered, has currentResponseHandler: true @ webpack-internal:///(app-pages-browser)/./lib/chat-transport.ts:41
[   66654ms] [LOG] [ChatTransport] responseHandler called, data: {"type":"delta","content":"的好","error":null,"message_id":"72698bb7-cc41-4c37-8839-4aa36718cf5f","conversation_id":null,"itinerary":null,"stage":null} @ webpack-internal:///(app-pages-browser)/./lib/chat-transport.ts:137
[   66685ms] [LOG] [ChatTransport] onmessage triggered, has currentResponseHandler: true @ webpack-internal:///(app-pages-browser)/./lib/chat-transport.ts:41
[   66685ms] [LOG] [ChatTransport] responseHandler called, data: {"type":"delta","content":"地方","error":null,"message_id":"72698bb7-cc41-4c37-8839-4aa36718cf5f","conversation_id":null,"itinerary":null,"stage":null} @ webpack-internal:///(app-pages-browser)/./lib/chat-transport.ts:137
[   66692ms] [LOG] [ChatTransport] onmessage triggered, has currentResponseHandler: true @ webpack-internal:///(app-pages-browser)/./lib/chat-transport.ts:41
[   66692ms] [LOG] [ChatTransport] responseHandler called, data: {"type":"delta","content":"。\n","error":null,"message_id":"72698bb7-cc41-4c37-8839-4aa36718cf5f","conversation_id":null,"itinerary":null,"stage":null} @ webpack-internal:///(app-pages-browser)/./lib/chat-transport.ts:137
[   66745ms] [LOG] [ChatTransport] onmessage triggered, has currentResponseHandler: true @ webpack-internal:///(app-pages-browser)/./lib/chat-transport.ts:41
[   66745ms] [LOG] [ChatTransport] responseHandler called, data: {"type":"delta","content":"*","error":null,"message_id":"72698bb7-cc41-4c37-8839-4aa36718cf5f","conversation_id":null,"itinerary":null,"stage":null} @ webpack-internal:///(app-pages-browser)/./lib/chat-transport.ts:137
[   66753ms] [LOG] [ChatTransport] onmessage triggered, has currentResponseHandler: true @ webpack-internal:///(app-pages-browser)/./lib/chat-transport.ts:41
[   66753ms] [LOG] [ChatTransport] responseHandler called, data: {"type":"delta","content":"  ","error":null,"message_id":"72698bb7-cc41-4c37-8839-4aa36718cf5f","conversation_id":null,"itinerary":null,"stage":null} @ webpack-internal:///(app-pages-browser)/./lib/chat-transport.ts:137
[   66819ms] [LOG] [ChatTransport] onmessage triggered, has currentResponseHandler: true @ webpack-internal:///(app-pages-browser)/./lib/chat-transport.ts:41
[   66819ms] [LOG] [ChatTransport] responseHandler called, data: {"type":"delta","content":" **","error":null,"message_id":"72698bb7-cc41-4c37-8839-4aa36718cf5f","conversation_id":null,"itinerary":null,"stage":null} @ webpack-internal:///(app-pages-browser)/./lib/chat-transport.ts:137
[   66828ms] [LOG] [ChatTransport] onmessage triggered, has currentResponseHandler: true @ webpack-internal:///(app-pages-browser)/./lib/chat-transport.ts:41
[   66828ms] [LOG] [ChatTransport] responseHandler called, data: {"type":"delta","content":"晚上","error":null,"message_id":"72698bb7-cc41-4c37-8839-4aa36718cf5f","conversation_id":null,"itinerary":null,"stage":null} @ webpack-internal:///(app-pages-browser)/./lib/chat-transport.ts:137
[   66872ms] [LOG] [ChatTransport] onmessage triggered, has currentResponseHandler: true @ webpack-internal:///(app-pages-browser)/./lib/chat-transport.ts:41
[   66873ms] [LOG] [ChatTransport] responseHandler called, data: {"type":"delta","content":"**","error":null,"message_id":"72698bb7-cc41-4c37-8839-4aa36718cf5f","conversation_id":null,"itinerary":null,"stage":null} @ webpack-internal:///(app-pages-browser)/./lib/chat-transport.ts:137
[   66881ms] [LOG] [ChatTransport] onmessage triggered, has currentResponseHandler: true @ webpack-internal:///(app-pages-browser)/./lib/chat-transport.ts:41
[   66881ms] [LOG] [ChatTransport] responseHandler called, data: {"type":"delta","content":"：","error":null,"message_id":"72698bb7-cc41-4c37-8839-4aa36718cf5f","conversation_id":null,"itinerary":null,"stage":null} @ webpack-internal:///(app-pages-browser)/./lib/chat-transport.ts:137
[   66935ms] [LOG] [ChatTransport] onmessage triggered, has currentResponseHandler: true @ webpack-internal:///(app-pages-browser)/./lib/chat-transport.ts:41
[   66936ms] [LOG] [ChatTransport] responseHandler called, data: {"type":"delta","content":"如果有","error":null,"message_id":"72698bb7-cc41-4c37-8839-4aa36718cf5f","conversation_id":null,"itinerary":null,"stage":null} @ webpack-internal:///(app-pages-browser)/./lib/chat-transport.ts:137
[   66941ms] [LOG] [ChatTransport] onmessage triggered, has currentResponseHandler: true @ webpack-internal:///(app-pages-browser)/./lib/chat-transport.ts:41
[   66941ms] [LOG] [ChatTransport] responseHandler called, data: {"type":"delta","content":"兴趣","error":null,"message_id":"72698bb7-cc41-4c37-8839-4aa36718cf5f","conversation_id":null,"itinerary":null,"stage":null} @ webpack-internal:///(app-pages-browser)/./lib/chat-transport.ts:137
[   67006ms] [LOG] [ChatTransport] onmessage triggered, has currentResponseHandler: true @ webpack-internal:///(app-pages-browser)/./lib/chat-transport.ts:41
[   67006ms] [LOG] [ChatTransport] responseHandler called, data: {"type":"delta","content":"，","error":null,"message_id":"72698bb7-cc41-4c37-8839-4aa36718cf5f","conversation_id":null,"itinerary":null,"stage":null} @ webpack-internal:///(app-pages-browser)/./lib/chat-transport.ts:137
[   67012ms] [LOG] [ChatTransport] onmessage triggered, has currentResponseHandler: true @ webpack-internal:///(app-pages-browser)/./lib/chat-transport.ts:41
[   67012ms] [LOG] [ChatTransport] responseHandler called, data: {"type":"delta","content":"可以","error":null,"message_id":"72698bb7-cc41-4c37-8839-4aa36718cf5f","conversation_id":null,"itinerary":null,"stage":null} @ webpack-internal:///(app-pages-browser)/./lib/chat-transport.ts:137
[   67054ms] [LOG] [ChatTransport] onmessage triggered, has currentResponseHandler: true @ webpack-internal:///(app-pages-browser)/./lib/chat-transport.ts:41
[   67054ms] [LOG] [ChatTransport] responseHandler called, data: {"type":"delta","content":"前往","error":null,"message_id":"72698bb7-cc41-4c37-8839-4aa36718cf5f","conversation_id":null,"itinerary":null,"stage":null} @ webpack-internal:///(app-pages-browser)/./lib/chat-transport.ts:137
[   67057ms] [LOG] [ChatTransport] onmessage triggered, has currentResponseHandler: true @ webpack-internal:///(app-pages-browser)/./lib/chat-transport.ts:41
[   67058ms] [LOG] [ChatTransport] responseHandler called, data: {"type":"delta","content":"**","error":null,"message_id":"72698bb7-cc41-4c37-8839-4aa36718cf5f","conversation_id":null,"itinerary":null,"stage":null} @ webpack-internal:///(app-pages-browser)/./lib/chat-transport.ts:137
[   67179ms] [LOG] [ChatTransport] onmessage triggered, has currentResponseHandler: true @ webpack-internal:///(app-pages-browser)/./lib/chat-transport.ts:41
[   67179ms] [LOG] [ChatTransport] responseHandler called, data: {"type":"delta","content":"国家","error":null,"message_id":"72698bb7-cc41-4c37-8839-4aa36718cf5f","conversation_id":null,"itinerary":null,"stage":null} @ webpack-internal:///(app-pages-browser)/./lib/chat-transport.ts:137
[   67189ms] [LOG] [ChatTransport] onmessage triggered, has currentResponseHandler: true @ webpack-internal:///(app-pages-browser)/./lib/chat-transport.ts:41
[   67189ms] [LOG] [ChatTransport] responseHandler called, data: {"type":"delta","content":"大","error":null,"message_id":"72698bb7-cc41-4c37-8839-4aa36718cf5f","conversation_id":null,"itinerary":null,"stage":null} @ webpack-internal:///(app-pages-browser)/./lib/chat-transport.ts:137
[   67194ms] [LOG] [ChatTransport] onmessage triggered, has currentResponseHandler: true @ webpack-internal:///(app-pages-browser)/./lib/chat-transport.ts:41
[   67194ms] [LOG] [ChatTransport] responseHandler called, data: {"type":"delta","content":"剧院","error":null,"message_id":"72698bb7-cc41-4c37-8839-4aa36718cf5f","conversation_id":null,"itinerary":null,"stage":null} @ webpack-internal:///(app-pages-browser)/./lib/chat-transport.ts:137
[   67194ms] [LOG] [ChatTransport] onmessage triggered, has currentResponseHandler: true @ webpack-internal:///(app-pages-browser)/./lib/chat-transport.ts:41
[   67194ms] [LOG] [ChatTransport] responseHandler called, data: {"type":"delta","content":"**","error":null,"message_id":"72698bb7-cc41-4c37-8839-4aa36718cf5f","conversation_id":null,"itinerary":null,"stage":null} @ webpack-internal:///(app-pages-browser)/./lib/chat-transport.ts:137
[   67263ms] [LOG] [ChatTransport] onmessage triggered, has currentResponseHandler: true @ webpack-internal:///(app-pages-browser)/./lib/chat-transport.ts:41
[   67263ms] [LOG] [ChatTransport] responseHandler called, data: {"type":"delta","content":"（","error":null,"message_id":"72698bb7-cc41-4c37-8839-4aa36718cf5f","conversation_id":null,"itinerary":null,"stage":null} @ webpack-internal:///(app-pages-browser)/./lib/chat-transport.ts:137
[   67271ms] [LOG] [ChatTransport] onmessage triggered, has currentResponseHandler: true @ webpack-internal:///(app-pages-browser)/./lib/chat-transport.ts:41
[   67271ms] [LOG] [ChatTransport] responseHandler called, data: {"type":"delta","content":"外观","error":null,"message_id":"72698bb7-cc41-4c37-8839-4aa36718cf5f","conversation_id":null,"itinerary":null,"stage":null} @ webpack-internal:///(app-pages-browser)/./lib/chat-transport.ts:137
[   67303ms] [LOG] [ChatTransport] onmessage triggered, has currentResponseHandler: true @ webpack-internal:///(app-pages-browser)/./lib/chat-transport.ts:41
[   67303ms] [LOG] [ChatTransport] responseHandler called, data: {"type":"delta","content":"像","error":null,"message_id":"72698bb7-cc41-4c37-8839-4aa36718cf5f","conversation_id":null,"itinerary":null,"stage":null} @ webpack-internal:///(app-pages-browser)/./lib/chat-transport.ts:137
[   67362ms] [LOG] [ChatTransport] onmessage triggered, has currentResponseHandler: true @ webpack-internal:///(app-pages-browser)/./lib/chat-transport.ts:41
[   67362ms] [LOG] [ChatTransport] responseHandler called, data: {"type":"delta","content":"一颗","error":null,"message_id":"72698bb7-cc41-4c37-8839-4aa36718cf5f","conversation_id":null,"itinerary":null,"stage":null} @ webpack-internal:///(app-pages-browser)/./lib/chat-transport.ts:137
[   67424ms] [LOG] [ChatTransport] onmessage triggered, has currentResponseHandler: true @ webpack-internal:///(app-pages-browser)/./lib/chat-transport.ts:41
[   67424ms] [LOG] [ChatTransport] responseHandler called, data: {"type":"delta","content":"水上","error":null,"message_id":"72698bb7-cc41-4c37-8839-4aa36718cf5f","conversation_id":null,"itinerary":null,"stage":null} @ webpack-internal:///(app-pages-browser)/./lib/chat-transport.ts:137
[   67487ms] [LOG] [ChatTransport] onmessage triggered, has currentResponseHandler: true @ webpack-internal:///(app-pages-browser)/./lib/chat-transport.ts:41
[   67487ms] [LOG] [ChatTransport] responseHandler called, data: {"type":"delta","content":"明珠","error":null,"message_id":"72698bb7-cc41-4c37-8839-4aa36718cf5f","conversation_id":null,"itinerary":null,"stage":null} @ webpack-internal:///(app-pages-browser)/./lib/chat-transport.ts:137
[   67494ms] [LOG] [ChatTransport] onmessage triggered, has currentResponseHandler: true @ webpack-internal:///(app-pages-browser)/./lib/chat-transport.ts:41
[   67494ms] [LOG] [ChatTransport] responseHandler called, data: {"type":"delta","content":"，","error":null,"message_id":"72698bb7-cc41-4c37-8839-4aa36718cf5f","conversation_id":null,"itinerary":null,"stage":null} @ webpack-internal:///(app-pages-browser)/./lib/chat-transport.ts:137
[   67550ms] [LOG] [ChatTransport] onmessage triggered, has currentResponseHandler: true @ webpack-internal:///(app-pages-browser)/./lib/chat-transport.ts:41
[   67551ms] [LOG] [ChatTransport] responseHandler called, data: {"type":"delta","content":"夜景","error":null,"message_id":"72698bb7-cc41-4c37-8839-4aa36718cf5f","conversation_id":null,"itinerary":null,"stage":null} @ webpack-internal:///(app-pages-browser)/./lib/chat-transport.ts:137
[   67611ms] [LOG] [ChatTransport] onmessage triggered, has currentResponseHandler: true @ webpack-internal:///(app-pages-browser)/./lib/chat-transport.ts:41
[   67611ms] [LOG] [ChatTransport] responseHandler called, data: {"type":"delta","content":"很美","error":null,"message_id":"72698bb7-cc41-4c37-8839-4aa36718cf5f","conversation_id":null,"itinerary":null,"stage":null} @ webpack-internal:///(app-pages-browser)/./lib/chat-transport.ts:137
[   67665ms] [LOG] [ChatTransport] onmessage triggered, has currentResponseHandler: true @ webpack-internal:///(app-pages-browser)/./lib/chat-transport.ts:41
[   67665ms] [LOG] [ChatTransport] responseHandler called, data: {"type":"delta","content":"）","error":null,"message_id":"72698bb7-cc41-4c37-8839-4aa36718cf5f","conversation_id":null,"itinerary":null,"stage":null} @ webpack-internal:///(app-pages-browser)/./lib/chat-transport.ts:137
[   67674ms] [LOG] [ChatTransport] onmessage triggered, has currentResponseHandler: true @ webpack-internal:///(app-pages-browser)/./lib/chat-transport.ts:41
[   67674ms] [LOG] [ChatTransport] responseHandler called, data: {"type":"delta","content":"观看","error":null,"message_id":"72698bb7-cc41-4c37-8839-4aa36718cf5f","conversation_id":null,"itinerary":null,"stage":null} @ webpack-internal:///(app-pages-browser)/./lib/chat-transport.ts:137
[   67740ms] [LOG] [ChatTransport] onmessage triggered, has currentResponseHandler: true @ webpack-internal:///(app-pages-browser)/./lib/chat-transport.ts:41
[   67741ms] [LOG] [ChatTransport] responseHandler called, data: {"type":"delta","content":"一场","error":null,"message_id":"72698bb7-cc41-4c37-8839-4aa36718cf5f","conversation_id":null,"itinerary":null,"stage":null} @ webpack-internal:///(app-pages-browser)/./lib/chat-transport.ts:137
[   67749ms] [LOG] [ChatTransport] onmessage triggered, has currentResponseHandler: true @ webpack-internal:///(app-pages-browser)/./lib/chat-transport.ts:41
[   67750ms] [LOG] [ChatTransport] responseHandler called, data: {"type":"delta","content":"演出","error":null,"message_id":"72698bb7-cc41-4c37-8839-4aa36718cf5f","conversation_id":null,"itinerary":null,"stage":null} @ webpack-internal:///(app-pages-browser)/./lib/chat-transport.ts:137
[   67794ms] [LOG] [ChatTransport] onmessage triggered, has currentResponseHandler: true @ webpack-internal:///(app-pages-browser)/./lib/chat-transport.ts:41
[   67794ms] [LOG] [ChatTransport] responseHandler called, data: {"type":"delta","content":"，","error":null,"message_id":"72698bb7-cc41-4c37-8839-4aa36718cf5f","conversation_id":null,"itinerary":null,"stage":null} @ webpack-internal:///(app-pages-browser)/./lib/chat-transport.ts:137
[   67795ms] [LOG] [ChatTransport] onmessage triggered, has currentResponseHandler: true @ webpack-internal:///(app-pages-browser)/./lib/chat-transport.ts:41
[   67795ms] [LOG] [ChatTransport] responseHandler called, data: {"type":"delta","content":"或者","error":null,"message_id":"72698bb7-cc41-4c37-8839-4aa36718cf5f","conversation_id":null,"itinerary":null,"stage":null} @ webpack-internal:///(app-pages-browser)/./lib/chat-transport.ts:137
[   67862ms] [LOG] [ChatTransport] onmessage triggered, has currentResponseHandler: true @ webpack-internal:///(app-pages-browser)/./lib/chat-transport.ts:41
[   67862ms] [LOG] [ChatTransport] responseHandler called, data: {"type":"delta","content":"只是在","error":null,"message_id":"72698bb7-cc41-4c37-8839-4aa36718cf5f","conversation_id":null,"itinerary":null,"stage":null} @ webpack-internal:///(app-pages-browser)/./lib/chat-transport.ts:137
[   67921ms] [LOG] [ChatTransport] onmessage triggered, has currentResponseHandler: true @ webpack-internal:///(app-pages-browser)/./lib/chat-transport.ts:41
[   67921ms] [LOG] [ChatTransport] responseHandler called, data: {"type":"delta","content":"周边","error":null,"message_id":"72698bb7-cc41-4c37-8839-4aa36718cf5f","conversation_id":null,"itinerary":null,"stage":null} @ webpack-internal:///(app-pages-browser)/./lib/chat-transport.ts:137
[   67976ms] [LOG] [ChatTransport] onmessage triggered, has currentResponseHandler: true @ webpack-internal:///(app-pages-browser)/./lib/chat-transport.ts:41
[   67976ms] [LOG] [ChatTransport] responseHandler called, data: {"type":"delta","content":"欣赏","error":null,"message_id":"72698bb7-cc41-4c37-8839-4aa36718cf5f","conversation_id":null,"itinerary":null,"stage":null} @ webpack-internal:///(app-pages-browser)/./lib/chat-transport.ts:137
[   67983ms] [LOG] [ChatTransport] onmessage triggered, has currentResponseHandler: true @ webpack-internal:///(app-pages-browser)/./lib/chat-transport.ts:41
[   67983ms] [LOG] [ChatTransport] responseHandler called, data: {"type":"delta","content":"其","error":null,"message_id":"72698bb7-cc41-4c37-8839-4aa36718cf5f","conversation_id":null,"itinerary":null,"stage":null} @ webpack-internal:///(app-pages-browser)/./lib/chat-transport.ts:137
[   68034ms] [LOG] [ChatTransport] onmessage triggered, has currentResponseHandler: true @ webpack-internal:///(app-pages-browser)/./lib/chat-transport.ts:41
[   68035ms] [LOG] [ChatTransport] responseHandler called, data: {"type":"delta","content":"独特的","error":null,"message_id":"72698bb7-cc41-4c37-8839-4aa36718cf5f","conversation_id":null,"itinerary":null,"stage":null} @ webpack-internal:///(app-pages-browser)/./lib/chat-transport.ts:137
[   68042ms] [LOG] [ChatTransport] onmessage triggered, has currentResponseHandler: true @ webpack-internal:///(app-pages-browser)/./lib/chat-transport.ts:41
[   68042ms] [LOG] [ChatTransport] responseHandler called, data: {"type":"delta","content":"建筑","error":null,"message_id":"72698bb7-cc41-4c37-8839-4aa36718cf5f","conversation_id":null,"itinerary":null,"stage":null} @ webpack-internal:///(app-pages-browser)/./lib/chat-transport.ts:137
[   68102ms] [LOG] [ChatTransport] onmessage triggered, has currentResponseHandler: true @ webpack-internal:///(app-pages-browser)/./lib/chat-transport.ts:41
[   68102ms] [LOG] [ChatTransport] responseHandler called, data: {"type":"delta","content":"美学","error":null,"message_id":"72698bb7-cc41-4c37-8839-4aa36718cf5f","conversation_id":null,"itinerary":null,"stage":null} @ webpack-internal:///(app-pages-browser)/./lib/chat-transport.ts:137
[   68107ms] [LOG] [ChatTransport] onmessage triggered, has currentResponseHandler: true @ webpack-internal:///(app-pages-browser)/./lib/chat-transport.ts:41
[   68107ms] [LOG] [ChatTransport] responseHandler called, data: {"type":"delta","content":"。\n\n","error":null,"message_id":"72698bb7-cc41-4c37-8839-4aa36718cf5f","conversation_id":null,"itinerary":null,"stage":null} @ webpack-internal:///(app-pages-browser)/./lib/chat-transport.ts:137
[   68162ms] [LOG] [ChatTransport] onmessage triggered, has currentResponseHandler: true @ webpack-internal:///(app-pages-browser)/./lib/chat-transport.ts:41
[   68162ms] [LOG] [ChatTransport] responseHandler called, data: {"type":"delta","content":"####","error":null,"message_id":"72698bb7-cc41-4c37-8839-4aa36718cf5f","conversation_id":null,"itinerary":null,"stage":null} @ webpack-internal:///(app-pages-browser)/./lib/chat-transport.ts:137
[   68167ms] [LOG] [ChatTransport] onmessage triggered, has currentResponseHandler: true @ webpack-internal:///(app-pages-browser)/./lib/chat-transport.ts:41
[   68167ms] [LOG] [ChatTransport] responseHandler called, data: {"type":"delta","content":" **","error":null,"message_id":"72698bb7-cc41-4c37-8839-4aa36718cf5f","conversation_id":null,"itinerary":null,"stage":null} @ webpack-internal:///(app-pages-browser)/./lib/chat-transport.ts:137
[   68231ms] [LOG] [ChatTransport] onmessage triggered, has currentResponseHandler: true @ webpack-internal:///(app-pages-browser)/./lib/chat-transport.ts:41
[   68231ms] [LOG] [ChatTransport] responseHandler called, data: {"type":"delta","content":"第三天","error":null,"message_id":"72698bb7-cc41-4c37-8839-4aa36718cf5f","conversation_id":null,"itinerary":null,"stage":null} @ webpack-internal:///(app-pages-browser)/./lib/chat-transport.ts:137
[   68235ms] [LOG] [ChatTransport] onmessage triggered, has currentResponseHandler: true @ webpack-internal:///(app-pages-browser)/./lib/chat-transport.ts:41
[   68235ms] [LOG] [ChatTransport] responseHandler called, data: {"type":"delta","content":"：","error":null,"message_id":"72698bb7-cc41-4c37-8839-4aa36718cf5f","conversation_id":null,"itinerary":null,"stage":null} @ webpack-internal:///(app-pages-browser)/./lib/chat-transport.ts:137
[   68290ms] [LOG] [ChatTransport] onmessage triggered, has currentResponseHandler: true @ webpack-internal:///(app-pages-browser)/./lib/chat-transport.ts:41
[   68290ms] [LOG] [ChatTransport] responseHandler called, data: {"type":"delta","content":"祭","error":null,"message_id":"72698bb7-cc41-4c37-8839-4aa36718cf5f","conversation_id":null,"itinerary":null,"stage":null} @ webpack-internal:///(app-pages-browser)/./lib/chat-transport.ts:137
[   68296ms] [LOG] [ChatTransport] onmessage triggered, has currentResponseHandler: true @ webpack-internal:///(app-pages-browser)/./lib/chat-transport.ts:41
[   68296ms] [LOG] [ChatTransport] responseHandler called, data: {"type":"delta","content":"天","error":null,"message_id":"72698bb7-cc41-4c37-8839-4aa36718cf5f","conversation_id":null,"itinerary":null,"stage":null} @ webpack-internal:///(app-pages-browser)/./lib/chat-transport.ts:137
[   68356ms] [LOG] [ChatTransport] onmessage triggered, has currentResponseHandler: true @ webpack-internal:///(app-pages-browser)/./lib/chat-transport.ts:41
[   68356ms] [LOG] [ChatTransport] responseHandler called, data: {"type":"delta","content":"典礼","error":null,"message_id":"72698bb7-cc41-4c37-8839-4aa36718cf5f","conversation_id":null,"itinerary":null,"stage":null} @ webpack-internal:///(app-pages-browser)/./lib/chat-transport.ts:137
[   68483ms] [LOG] [ChatTransport] onmessage triggered, has currentResponseHandler: true @ webpack-internal:///(app-pages-browser)/./lib/chat-transport.ts:41
[   68484ms] [LOG] [ChatTransport] responseHandler called, data: {"type":"delta","content":"与","error":null,"message_id":"72698bb7-cc41-4c37-8839-4aa36718cf5f","conversation_id":null,"itinerary":null,"stage":null} @ webpack-internal:///(app-pages-browser)/./lib/chat-transport.ts:137
[   68490ms] [LOG] [ChatTransport] onmessage triggered, has currentResponseHandler: true @ webpack-internal:///(app-pages-browser)/./lib/chat-transport.ts:41
[   68490ms] [LOG] [ChatTransport] responseHandler called, data: {"type":"delta","content":"知识","error":null,"message_id":"72698bb7-cc41-4c37-8839-4aa36718cf5f","conversation_id":null,"itinerary":null,"stage":null} @ webpack-internal:///(app-pages-browser)/./lib/chat-transport.ts:137
[   68614ms] [LOG] [ChatTransport] onmessage triggered, has currentResponseHandler: true @ webpack-internal:///(app-pages-browser)/./lib/chat-transport.ts:41
[   68615ms] [LOG] [ChatTransport] responseHandler called, data: {"type":"delta","content":"之旅","error":null,"message_id":"72698bb7-cc41-4c37-8839-4aa36718cf5f","conversation_id":null,"itinerary":null,"stage":null} @ webpack-internal:///(app-pages-browser)/./lib/chat-transport.ts:137
[   68620ms] [LOG] [ChatTransport] onmessage triggered, has currentResponseHandler: true @ webpack-internal:///(app-pages-browser)/./lib/chat-transport.ts:41
[   68620ms] [LOG] [ChatTransport] responseHandler called, data: {"type":"delta","content":"**\n","error":null,"message_id":"72698bb7-cc41-4c37-8839-4aa36718cf5f","conversation_id":null,"itinerary":null,"stage":null} @ webpack-internal:///(app-pages-browser)/./lib/chat-transport.ts:137
[   68626ms] [LOG] [ChatTransport] onmessage triggered, has currentResponseHandler: true @ webpack-internal:///(app-pages-browser)/./lib/chat-transport.ts:41
[   68626ms] [LOG] [ChatTransport] responseHandler called, data: {"type":"delta","content":"*","error":null,"message_id":"72698bb7-cc41-4c37-8839-4aa36718cf5f","conversation_id":null,"itinerary":null,"stage":null} @ webpack-internal:///(app-pages-browser)/./lib/chat-transport.ts:137
[   68626ms] [LOG] [ChatTransport] onmessage triggered, has currentResponseHandler: true @ webpack-internal:///(app-pages-browser)/./lib/chat-transport.ts:41
[   68626ms] [LOG] [ChatTransport] responseHandler called, data: {"type":"delta","content":"  ","error":null,"message_id":"72698bb7-cc41-4c37-8839-4aa36718cf5f","conversation_id":null,"itinerary":null,"stage":null} @ webpack-internal:///(app-pages-browser)/./lib/chat-transport.ts:137
[   68626ms] [LOG] [ChatTransport] onmessage triggered, has currentResponseHandler: true @ webpack-internal:///(app-pages-browser)/./lib/chat-transport.ts:41
[   68626ms] [LOG] [ChatTransport] responseHandler called, data: {"type":"delta","content":" **","error":null,"message_id":"72698bb7-cc41-4c37-8839-4aa36718cf5f","conversation_id":null,"itinerary":null,"stage":null} @ webpack-internal:///(app-pages-browser)/./lib/chat-transport.ts:137
[   68665ms] [LOG] [ChatTransport] onmessage triggered, has currentResponseHandler: true @ webpack-internal:///(app-pages-browser)/./lib/chat-transport.ts:41
[   68665ms] [LOG] [ChatTransport] responseHandler called, data: {"type":"delta","content":"上午","error":null,"message_id":"72698bb7-cc41-4c37-8839-4aa36718cf5f","conversation_id":null,"itinerary":null,"stage":null} @ webpack-internal:///(app-pages-browser)/./lib/chat-transport.ts:137
[   68675ms] [LOG] [ChatTransport] onmessage triggered, has currentResponseHandler: true @ webpack-internal:///(app-pages-browser)/./lib/chat-transport.ts:41
[   68675ms] [LOG] [ChatTransport] responseHandler called, data: {"type":"delta","content":"**","error":null,"message_id":"72698bb7-cc41-4c37-8839-4aa36718cf5f","conversation_id":null,"itinerary":null,"stage":null} @ webpack-internal:///(app-pages-browser)/./lib/chat-transport.ts:137
[   68721ms] [LOG] [ChatTransport] onmessage triggered, has currentResponseHandler: true @ webpack-internal:///(app-pages-browser)/./lib/chat-transport.ts:41
[   68722ms] [LOG] [ChatTransport] responseHandler called, data: {"type":"delta","content":"：","error":null,"message_id":"72698bb7-cc41-4c37-8839-4aa36718cf5f","conversation_id":null,"itinerary":null,"stage":null} @ webpack-internal:///(app-pages-browser)/./lib/chat-transport.ts:137
[   68729ms] [LOG] [ChatTransport] onmessage triggered, has currentResponseHandler: true @ webpack-internal:///(app-pages-browser)/./lib/chat-transport.ts:41
[   68729ms] [LOG] [ChatTransport] responseHandler called, data: {"type":"delta","content":"参观","error":null,"message_id":"72698bb7-cc41-4c37-8839-4aa36718cf5f","conversation_id":null,"itinerary":null,"stage":null} @ webpack-internal:///(app-pages-browser)/./lib/chat-transport.ts:137
[   68792ms] [LOG] [ChatTransport] onmessage triggered, has currentResponseHandler: true @ webpack-internal:///(app-pages-browser)/./lib/chat-transport.ts:41
[   68793ms] [LOG] [ChatTransport] responseHandler called, data: {"type":"delta","content":"**","error":null,"message_id":"72698bb7-cc41-4c37-8839-4aa36718cf5f","conversation_id":null,"itinerary":null,"stage":null} @ webpack-internal:///(app-pages-browser)/./lib/chat-transport.ts:137
[   68799ms] [LOG] [ChatTransport] onmessage triggered, has currentResponseHandler: true @ webpack-internal:///(app-pages-browser)/./lib/chat-transport.ts:41
[   68799ms] [LOG] [ChatTransport] responseHandler called, data: {"type":"delta","content":"天","error":null,"message_id":"72698bb7-cc41-4c37-8839-4aa36718cf5f","conversation_id":null,"itinerary":null,"stage":null} @ webpack-internal:///(app-pages-browser)/./lib/chat-transport.ts:137
[   68858ms] [LOG] [ChatTransport] onmessage triggered, has currentResponseHandler: true @ webpack-internal:///(app-pages-browser)/./lib/chat-transport.ts:41
[   68858ms] [LOG] [ChatTransport] responseHandler called, data: {"type":"delta","content":"坛","error":null,"message_id":"72698bb7-cc41-4c37-8839-4aa36718cf5f","conversation_id":null,"itinerary":null,"stage":null} @ webpack-internal:///(app-pages-browser)/./lib/chat-transport.ts:137
[   68867ms] [LOG] [ChatTransport] onmessage triggered, has currentResponseHandler: true @ webpack-internal:///(app-pages-browser)/./lib/chat-transport.ts:41
[   68867ms] [LOG] [ChatTransport] responseHandler called, data: {"type":"delta","content":"公园","error":null,"message_id":"72698bb7-cc41-4c37-8839-4aa36718cf5f","conversation_id":null,"itinerary":null,"stage":null} @ webpack-internal:///(app-pages-browser)/./lib/chat-transport.ts:137
[   68918ms] [LOG] [ChatTransport] onmessage triggered, has currentResponseHandler: true @ webpack-internal:///(app-pages-browser)/./lib/chat-transport.ts:41
[   68918ms] [LOG] [ChatTransport] responseHandler called, data: {"type":"delta","content":"**","error":null,"message_id":"72698bb7-cc41-4c37-8839-4aa36718cf5f","conversation_id":null,"itinerary":null,"stage":null} @ webpack-internal:///(app-pages-browser)/./lib/chat-transport.ts:137
[   68924ms] [LOG] [ChatTransport] onmessage triggered, has currentResponseHandler: true @ webpack-internal:///(app-pages-browser)/./lib/chat-transport.ts:41
[   68925ms] [LOG] [ChatTransport] responseHandler called, data: {"type":"delta","content":"。","error":null,"message_id":"72698bb7-cc41-4c37-8839-4aa36718cf5f","conversation_id":null,"itinerary":null,"stage":null} @ webpack-internal:///(app-pages-browser)/./lib/chat-transport.ts:137
[   68995ms] [LOG] [ChatTransport] onmessage triggered, has currentResponseHandler: true @ webpack-internal:///(app-pages-browser)/./lib/chat-transport.ts:41
[   68995ms] [LOG] [ChatTransport] responseHandler called, data: {"type":"delta","content":"这里是","error":null,"message_id":"72698bb7-cc41-4c37-8839-4aa36718cf5f","conversation_id":null,"itinerary":null,"stage":null} @ webpack-internal:///(app-pages-browser)/./lib/chat-transport.ts:137
[   68999ms] [LOG] [ChatTransport] onmessage triggered, has currentResponseHandler: true @ webpack-internal:///(app-pages-browser)/./lib/chat-transport.ts:41
[   68999ms] [LOG] [ChatTransport] responseHandler called, data: {"type":"delta","content":"明清","error":null,"message_id":"72698bb7-cc41-4c37-8839-4aa36718cf5f","conversation_id":null,"itinerary":null,"stage":null} @ webpack-internal:///(app-pages-browser)/./lib/chat-transport.ts:137
[   69163ms] [LOG] [ChatTransport] onmessage triggered, has currentResponseHandler: true @ webpack-internal:///(app-pages-browser)/./lib/chat-transport.ts:41
[   69163ms] [LOG] [ChatTransport] responseHandler called, data: {"type":"delta","content":"两","error":null,"message_id":"72698bb7-cc41-4c37-8839-4aa36718cf5f","conversation_id":null,"itinerary":null,"stage":null} @ webpack-internal:///(app-pages-browser)/./lib/chat-transport.ts:137
[   69172ms] [LOG] [ChatTransport] onmessage triggered, has currentResponseHandler: true @ webpack-internal:///(app-pages-browser)/./lib/chat-transport.ts:41
[   69173ms] [LOG] [ChatTransport] responseHandler called, data: {"type":"delta","content":"代","error":null,"message_id":"72698bb7-cc41-4c37-8839-4aa36718cf5f","conversation_id":null,"itinerary":null,"stage":null} @ webpack-internal:///(app-pages-browser)/./lib/chat-transport.ts:137
[   69180ms] [LOG] [ChatTransport] onmessage triggered, has currentResponseHandler: true @ webpack-internal:///(app-pages-browser)/./lib/chat-transport.ts:41
[   69180ms] [LOG] [ChatTransport] responseHandler called, data: {"type":"delta","content":"皇帝","error":null,"message_id":"72698bb7-cc41-4c37-8839-4aa36718cf5f","conversation_id":null,"itinerary":null,"stage":null} @ webpack-internal:///(app-pages-browser)/./lib/chat-transport.ts:137
[   69180ms] [LOG] [ChatTransport] onmessage triggered, has currentResponseHandler: true @ webpack-internal:///(app-pages-browser)/./lib/chat-transport.ts:41
[   69180ms] [LOG] [ChatTransport] responseHandler called, data: {"type":"delta","content":"祭","error":null,"message_id":"72698bb7-cc41-4c37-8839-4aa36718cf5f","conversation_id":null,"itinerary":null,"stage":null} @ webpack-internal:///(app-pages-browser)/./lib/chat-transport.ts:137
[   69180ms] [LOG] [ChatTransport] onmessage triggered, has currentResponseHandler: true @ webpack-internal:///(app-pages-browser)/./lib/chat-transport.ts:41
[   69180ms] [LOG] [ChatTransport] responseHandler called, data: {"type":"delta","content":"天","error":null,"message_id":"72698bb7-cc41-4c37-8839-4aa36718cf5f","conversation_id":null,"itinerary":null,"stage":null} @ webpack-internal:///(app-pages-browser)/./lib/chat-transport.ts:137
[   69262ms] [LOG] [ChatTransport] onmessage triggered, has currentResponseHandler: true @ webpack-internal:///(app-pages-browser)/./lib/chat-transport.ts:41
[   69263ms] [LOG] [ChatTransport] responseHandler called, data: {"type":"delta","content":"、","error":null,"message_id":"72698bb7-cc41-4c37-8839-4aa36718cf5f","conversation_id":null,"itinerary":null,"stage":null} @ webpack-internal:///(app-pages-browser)/./lib/chat-transport.ts:137
[   69269ms] [LOG] [ChatTransport] onmessage triggered, has currentResponseHandler: true @ webpack-internal:///(app-pages-browser)/./lib/chat-transport.ts:41
[   69270ms] [LOG] [ChatTransport] responseHandler called, data: {"type":"delta","content":"祈","error":null,"message_id":"72698bb7-cc41-4c37-8839-4aa36718cf5f","conversation_id":null,"itinerary":null,"stage":null} @ webpack-internal:///(app-pages-browser)/./lib/chat-transport.ts:137
[   69320ms] [LOG] [ChatTransport] onmessage triggered, has currentResponseHandler: true @ webpack-internal:///(app-pages-browser)/./lib/chat-transport.ts:41
[   69320ms] [LOG] [ChatTransport] responseHandler called, data: {"type":"delta","content":"谷","error":null,"message_id":"72698bb7-cc41-4c37-8839-4aa36718cf5f","conversation_id":null,"itinerary":null,"stage":null} @ webpack-internal:///(app-pages-browser)/./lib/chat-transport.ts:137
[   69330ms] [LOG] [ChatTransport] onmessage triggered, has currentResponseHandler: true @ webpack-internal:///(app-pages-browser)/./lib/chat-transport.ts:41
[   69330ms] [LOG] [ChatTransport] responseHandler called, data: {"type":"delta","content":"的","error":null,"message_id":"72698bb7-cc41-4c37-8839-4aa36718cf5f","conversation_id":null,"itinerary":null,"stage":null} @ webpack-internal:///(app-pages-browser)/./lib/chat-transport.ts:137
[   69346ms] [LOG] [ChatTransport] onmessage triggered, has currentResponseHandler: true @ webpack-internal:///(app-pages-browser)/./lib/chat-transport.ts:41
[   69346ms] [LOG] [ChatTransport] responseHandler called, data: {"type":"delta","content":"场所","error":null,"message_id":"72698bb7-cc41-4c37-8839-4aa36718cf5f","conversation_id":null,"itinerary":null,"stage":null} @ webpack-internal:///(app-pages-browser)/./lib/chat-transport.ts:137
[   69357ms] [LOG] [ChatTransport] onmessage triggered, has currentResponseHandler: true @ webpack-internal:///(app-pages-browser)/./lib/chat-transport.ts:41
[   69357ms] [LOG] [ChatTransport] responseHandler called, data: {"type":"delta","content":"，","error":null,"message_id":"72698bb7-cc41-4c37-8839-4aa36718cf5f","conversation_id":null,"itinerary":null,"stage":null} @ webpack-internal:///(app-pages-browser)/./lib/chat-transport.ts:137
[   69404ms] [LOG] [ChatTransport] onmessage triggered, has currentResponseHandler: true @ webpack-internal:///(app-pages-browser)/./lib/chat-transport.ts:41
[   69404ms] [LOG] [ChatTransport] responseHandler called, data: {"type":"delta","content":"重点","error":null,"message_id":"72698bb7-cc41-4c37-8839-4aa36718cf5f","conversation_id":null,"itinerary":null,"stage":null} @ webpack-internal:///(app-pages-browser)/./lib/chat-transport.ts:137
[   69470ms] [LOG] [ChatTransport] onmessage triggered, has currentResponseHandler: true @ webpack-internal:///(app-pages-browser)/./lib/chat-transport.ts:41
[   69470ms] [LOG] [ChatTransport] responseHandler called, data: {"type":"delta","content":"参观","error":null,"message_id":"72698bb7-cc41-4c37-8839-4aa36718cf5f","conversation_id":null,"itinerary":null,"stage":null} @ webpack-internal:///(app-pages-browser)/./lib/chat-transport.ts:137
[   69566ms] [LOG] [ChatTransport] onmessage triggered, has currentResponseHandler: true @ webpack-internal:///(app-pages-browser)/./lib/chat-transport.ts:41
[   69566ms] [LOG] [ChatTransport] responseHandler called, data: {"type":"delta","content":"祈","error":null,"message_id":"72698bb7-cc41-4c37-8839-4aa36718cf5f","conversation_id":null,"itinerary":null,"stage":null} @ webpack-internal:///(app-pages-browser)/./lib/chat-transport.ts:137
[   69570ms] [LOG] [ChatTransport] onmessage triggered, has currentResponseHandler: true @ webpack-internal:///(app-pages-browser)/./lib/chat-transport.ts:41
[   69570ms] [LOG] [ChatTransport] responseHandler called, data: {"type":"delta","content":"年","error":null,"message_id":"72698bb7-cc41-4c37-8839-4aa36718cf5f","conversation_id":null,"itinerary":null,"stage":null} @ webpack-internal:///(app-pages-browser)/./lib/chat-transport.ts:137
[   69596ms] [LOG] [ChatTransport] onmessage triggered, has currentResponseHandler: true @ webpack-internal:///(app-pages-browser)/./lib/chat-transport.ts:41
[   69596ms] [LOG] [ChatTransport] responseHandler called, data: {"type":"delta","content":"殿","error":null,"message_id":"72698bb7-cc41-4c37-8839-4aa36718cf5f","conversation_id":null,"itinerary":null,"stage":null} @ webpack-internal:///(app-pages-browser)/./lib/chat-transport.ts:137
[   69600ms] [LOG] [ChatTransport] onmessage triggered, has currentResponseHandler: true @ webpack-internal:///(app-pages-browser)/./lib/chat-transport.ts:41
[   69600ms] [LOG] [ChatTransport] responseHandler called, data: {"type":"delta","content":"、","error":null,"message_id":"72698bb7-cc41-4c37-8839-4aa36718cf5f","conversation_id":null,"itinerary":null,"stage":null} @ webpack-internal:///(app-pages-browser)/./lib/chat-transport.ts:137
[   69673ms] [LOG] [ChatTransport] onmessage triggered, has currentResponseHandler: true @ webpack-internal:///(app-pages-browser)/./lib/chat-transport.ts:41
[   69673ms] [LOG] [ChatTransport] responseHandler called, data: {"type":"delta","content":"皇","error":null,"message_id":"72698bb7-cc41-4c37-8839-4aa36718cf5f","conversation_id":null,"itinerary":null,"stage":null} @ webpack-internal:///(app-pages-browser)/./lib/chat-transport.ts:137
[   69679ms] [LOG] [ChatTransport] onmessage triggered, has currentResponseHandler: true @ webpack-internal:///(app-pages-browser)/./lib/chat-transport.ts:41
[   69679ms] [LOG] [ChatTransport] responseHandler called, data: {"type":"delta","content":"穹","error":null,"message_id":"72698bb7-cc41-4c37-8839-4aa36718cf5f","conversation_id":null,"itinerary":null,"stage":null} @ webpack-internal:///(app-pages-browser)/./lib/chat-transport.ts:137
[   69711ms] [LOG] [ChatTransport] onmessage triggered, has currentResponseHandler: true @ webpack-internal:///(app-pages-browser)/./lib/chat-transport.ts:41
[   69712ms] [LOG] [ChatTransport] responseHandler called, data: {"type":"delta","content":"宇","error":null,"message_id":"72698bb7-cc41-4c37-8839-4aa36718cf5f","conversation_id":null,"itinerary":null,"stage":null} @ webpack-internal:///(app-pages-browser)/./lib/chat-transport.ts:137
[   69712ms] [LOG] [ChatTransport] onmessage triggered, has currentResponseHandler: true @ webpack-internal:///(app-pages-browser)/./lib/chat-transport.ts:41
[   69712ms] [LOG] [ChatTransport] responseHandler called, data: {"type":"delta","content":"（","error":null,"message_id":"72698bb7-cc41-4c37-8839-4aa36718cf5f","conversation_id":null,"itinerary":null,"stage":null} @ webpack-internal:///(app-pages-browser)/./lib/chat-transport.ts:137
[   69789ms] [LOG] [ChatTransport] onmessage triggered, has currentResponseHandler: true @ webpack-internal:///(app-pages-browser)/./lib/chat-transport.ts:41
[   69790ms] [LOG] [ChatTransport] responseHandler called, data: {"type":"delta","content":"回","error":null,"message_id":"72698bb7-cc41-4c37-8839-4aa36718cf5f","conversation_id":null,"itinerary":null,"stage":null} @ webpack-internal:///(app-pages-browser)/./lib/chat-transport.ts:137
[   69798ms] [LOG] [ChatTransport] onmessage triggered, has currentResponseHandler: true @ webpack-internal:///(app-pages-browser)/./lib/chat-transport.ts:41
[   69798ms] [LOG] [ChatTransport] responseHandler called, data: {"type":"delta","content":"音","error":null,"message_id":"72698bb7-cc41-4c37-8839-4aa36718cf5f","conversation_id":null,"itinerary":null,"stage":null} @ webpack-internal:///(app-pages-browser)/./lib/chat-transport.ts:137
[   69864ms] [LOG] [ChatTransport] onmessage triggered, has currentResponseHandler: true @ webpack-internal:///(app-pages-browser)/./lib/chat-transport.ts:41
[   69864ms] [LOG] [ChatTransport] responseHandler called, data: {"type":"delta","content":"壁","error":null,"message_id":"72698bb7-cc41-4c37-8839-4aa36718cf5f","conversation_id":null,"itinerary":null,"stage":null} @ webpack-internal:///(app-pages-browser)/./lib/chat-transport.ts:137
[   69873ms] [LOG] [ChatTransport] onmessage triggered, has currentResponseHandler: true @ webpack-internal:///(app-pages-browser)/./lib/chat-transport.ts:41
[   69873ms] [LOG] [ChatTransport] responseHandler called, data: {"type":"delta","content":"）","error":null,"message_id":"72698bb7-cc41-4c37-8839-4aa36718cf5f","conversation_id":null,"itinerary":null,"stage":null} @ webpack-internal:///(app-pages-browser)/./lib/chat-transport.ts:137
[   69897ms] [LOG] [ChatTransport] onmessage triggered, has currentResponseHandler: true @ webpack-internal:///(app-pages-browser)/./lib/chat-transport.ts:41
[   69897ms] [LOG] [ChatTransport] responseHandler called, data: {"type":"delta","content":"和","error":null,"message_id":"72698bb7-cc41-4c37-8839-4aa36718cf5f","conversation_id":null,"itinerary":null,"stage":null} @ webpack-internal:///(app-pages-browser)/./lib/chat-transport.ts:137
[   69964ms] [LOG] [ChatTransport] onmessage triggered, has currentResponseHandler: true @ webpack-internal:///(app-pages-browser)/./lib/chat-transport.ts:41
[   69964ms] [LOG] [ChatTransport] responseHandler called, data: {"type":"delta","content":"圜","error":null,"message_id":"72698bb7-cc41-4c37-8839-4aa36718cf5f","conversation_id":null,"itinerary":null,"stage":null} @ webpack-internal:///(app-pages-browser)/./lib/chat-transport.ts:137
[   69964ms] [LOG] [ChatTransport] onmessage triggered, has currentResponseHandler: true @ webpack-internal:///(app-pages-browser)/./lib/chat-transport.ts:41
[   69964ms] [LOG] [ChatTransport] responseHandler called, data: {"type":"delta","content":"丘","error":null,"message_id":"72698bb7-cc41-4c37-8839-4aa36718cf5f","conversation_id":null,"itinerary":null,"stage":null} @ webpack-internal:///(app-pages-browser)/./lib/chat-transport.ts:137
[   70079ms] [LOG] [ChatTransport] onmessage triggered, has currentResponseHandler: true @ webpack-internal:///(app-pages-browser)/./lib/chat-transport.ts:41
[   70079ms] [LOG] [ChatTransport] responseHandler called, data: {"type":"delta","content":"坛","error":null,"message_id":"72698bb7-cc41-4c37-8839-4aa36718cf5f","conversation_id":null,"itinerary":null,"stage":null} @ webpack-internal:///(app-pages-browser)/./lib/chat-transport.ts:137
[   70087ms] [LOG] [ChatTransport] onmessage triggered, has currentResponseHandler: true @ webpack-internal:///(app-pages-browser)/./lib/chat-transport.ts:41
[   70087ms] [LOG] [ChatTransport] responseHandler called, data: {"type":"delta","content":"，","error":null,"message_id":"72698bb7-cc41-4c37-8839-4aa36718cf5f","conversation_id":null,"itinerary":null,"stage":null} @ webpack-internal:///(app-pages-browser)/./lib/chat-transport.ts:137
[   70092ms] [LOG] [ChatTransport] onmessage triggered, has currentResponseHandler: true @ webpack-internal:///(app-pages-browser)/./lib/chat-transport.ts:41
[   70092ms] [LOG] [ChatTransport] responseHandler called, data: {"type":"delta","content":"感受","error":null,"message_id":"72698bb7-cc41-4c37-8839-4aa36718cf5f","conversation_id":null,"itinerary":null,"stage":null} @ webpack-internal:///(app-pages-browser)/./lib/chat-transport.ts:137
[   70096ms] [LOG] [ChatTransport] onmessage triggered, has currentResponseHandler: true @ webpack-internal:///(app-pages-browser)/./lib/chat-transport.ts:41
[   70096ms] [LOG] [ChatTransport] responseHandler called, data: {"type":"delta","content":"古代","error":null,"message_id":"72698bb7-cc41-4c37-8839-4aa36718cf5f","conversation_id":null,"itinerary":null,"stage":null} @ webpack-internal:///(app-pages-browser)/./lib/chat-transport.ts:137
[   70156ms] [LOG] [ChatTransport] onmessage triggered, has currentResponseHandler: true @ webpack-internal:///(app-pages-browser)/./lib/chat-transport.ts:41
[   70156ms] [LOG] [ChatTransport] responseHandler called, data: {"type":"delta","content":"祭","error":null,"message_id":"72698bb7-cc41-4c37-8839-4aa36718cf5f","conversation_id":null,"itinerary":null,"stage":null} @ webpack-internal:///(app-pages-browser)/./lib/chat-transport.ts:137
[   70161ms] [LOG] [ChatTransport] onmessage triggered, has currentResponseHandler: true @ webpack-internal:///(app-pages-browser)/./lib/chat-transport.ts:41
[   70161ms] [LOG] [ChatTransport] responseHandler called, data: {"type":"delta","content":"天","error":null,"message_id":"72698bb7-cc41-4c37-8839-4aa36718cf5f","conversation_id":null,"itinerary":null,"stage":null} @ webpack-internal:///(app-pages-browser)/./lib/chat-transport.ts:137
[   70210ms] [LOG] [ChatTransport] onmessage triggered, has currentResponseHandler: true @ webpack-internal:///(app-pages-browser)/./lib/chat-transport.ts:41
[   70210ms] [LOG] [ChatTransport] responseHandler called, data: {"type":"delta","content":"文化的","error":null,"message_id":"72698bb7-cc41-4c37-8839-4aa36718cf5f","conversation_id":null,"itinerary":null,"stage":null} @ webpack-internal:///(app-pages-browser)/./lib/chat-transport.ts:137
[   70278ms] [LOG] [ChatTransport] onmessage triggered, has currentResponseHandler: true @ webpack-internal:///(app-pages-browser)/./lib/chat-transport.ts:41
[   70278ms] [LOG] [ChatTransport] responseHandler called, data: {"type":"delta","content":"博大","error":null,"message_id":"72698bb7-cc41-4c37-8839-4aa36718cf5f","conversation_id":null,"itinerary":null,"stage":null} @ webpack-internal:///(app-pages-browser)/./lib/chat-transport.ts:137
[   70399ms] [LOG] [ChatTransport] onmessage triggered, has currentResponseHandler: true @ webpack-internal:///(app-pages-browser)/./lib/chat-transport.ts:41
[   70399ms] [LOG] [ChatTransport] responseHandler called, data: {"type":"delta","content":"精深","error":null,"message_id":"72698bb7-cc41-4c37-8839-4aa36718cf5f","conversation_id":null,"itinerary":null,"stage":null} @ webpack-internal:///(app-pages-browser)/./lib/chat-transport.ts:137
[   70402ms] [LOG] [ChatTransport] onmessage triggered, has currentResponseHandler: true @ webpack-internal:///(app-pages-browser)/./lib/chat-transport.ts:41
[   70402ms] [LOG] [ChatTransport] responseHandler called, data: {"type":"delta","content":"。\n","error":null,"message_id":"72698bb7-cc41-4c37-8839-4aa36718cf5f","conversation_id":null,"itinerary":null,"stage":null} @ webpack-internal:///(app-pages-browser)/./lib/chat-transport.ts:137
[   70407ms] [LOG] [ChatTransport] onmessage triggered, has currentResponseHandler: true @ webpack-internal:///(app-pages-browser)/./lib/chat-transport.ts:41
[   70407ms] [LOG] [ChatTransport] responseHandler called, data: {"type":"delta","content":"*","error":null,"message_id":"72698bb7-cc41-4c37-8839-4aa36718cf5f","conversation_id":null,"itinerary":null,"stage":null} @ webpack-internal:///(app-pages-browser)/./lib/chat-transport.ts:137
[   70407ms] [LOG] [ChatTransport] onmessage triggered, has currentResponseHandler: true @ webpack-internal:///(app-pages-browser)/./lib/chat-transport.ts:41
[   70407ms] [LOG] [ChatTransport] responseHandler called, data: {"type":"delta","content":"  ","error":null,"message_id":"72698bb7-cc41-4c37-8839-4aa36718cf5f","conversation_id":null,"itinerary":null,"stage":null} @ webpack-internal:///(app-pages-browser)/./lib/chat-transport.ts:137
[   70494ms] [LOG] [ChatTransport] onmessage triggered, has currentResponseHandler: true @ webpack-internal:///(app-pages-browser)/./lib/chat-transport.ts:41
[   70494ms] [LOG] [ChatTransport] responseHandler called, data: {"type":"delta","content":" **","error":null,"message_id":"72698bb7-cc41-4c37-8839-4aa36718cf5f","conversation_id":null,"itinerary":null,"stage":null} @ webpack-internal:///(app-pages-browser)/./lib/chat-transport.ts:137
[   70494ms] [LOG] [ChatTransport] onmessage triggered, has currentResponseHandler: true @ webpack-internal:///(app-pages-browser)/./lib/chat-transport.ts:41
[   70495ms] [LOG] [ChatTransport] responseHandler called, data: {"type":"delta","content":"中午","error":null,"message_id":"72698bb7-cc41-4c37-8839-4aa36718cf5f","conversation_id":null,"itinerary":null,"stage":null} @ webpack-internal:///(app-pages-browser)/./lib/chat-transport.ts:137
[   70532ms] [LOG] [ChatTransport] onmessage triggered, has currentResponseHandler: true @ webpack-internal:///(app-pages-browser)/./lib/chat-transport.ts:41
[   70532ms] [LOG] [ChatTransport] responseHandler called, data: {"type":"delta","content":"**","error":null,"message_id":"72698bb7-cc41-4c37-8839-4aa36718cf5f","conversation_id":null,"itinerary":null,"stage":null} @ webpack-internal:///(app-pages-browser)/./lib/chat-transport.ts:137
[   70533ms] [LOG] [ChatTransport] onmessage triggered, has currentResponseHandler: true @ webpack-internal:///(app-pages-browser)/./lib/chat-transport.ts:41
[   70533ms] [LOG] [ChatTransport] responseHandler called, data: {"type":"delta","content":"：","error":null,"message_id":"72698bb7-cc41-4c37-8839-4aa36718cf5f","conversation_id":null,"itinerary":null,"stage":null} @ webpack-internal:///(app-pages-browser)/./lib/chat-transport.ts:137
[   70640ms] [LOG] [ChatTransport] onmessage triggered, has currentResponseHandler: true @ webpack-internal:///(app-pages-browser)/./lib/chat-transport.ts:41
[   70641ms] [LOG] [ChatTransport] responseHandler called, data: {"type":"delta","content":"在天","error":null,"message_id":"72698bb7-cc41-4c37-8839-4aa36718cf5f","conversation_id":null,"itinerary":null,"stage":null} @ webpack-internal:///(app-pages-browser)/./lib/chat-transport.ts:137
[   70649ms] [LOG] [ChatTransport] onmessage triggered, has currentResponseHandler: true @ webpack-internal:///(app-pages-browser)/./lib/chat-transport.ts:41
[   70649ms] [LOG] [ChatTransport] responseHandler called, data: {"type":"delta","content":"坛","error":null,"message_id":"72698bb7-cc41-4c37-8839-4aa36718cf5f","conversation_id":null,"itinerary":null,"stage":null} @ webpack-internal:///(app-pages-browser)/./lib/chat-transport.ts:137
[   70728ms] [LOG] [ChatTransport] onmessage triggered, has currentResponseHandler: true @ webpack-internal:///(app-pages-browser)/./lib/chat-transport.ts:41
[   70728ms] [LOG] [ChatTransport] responseHandler called, data: {"type":"delta","content":"附近","error":null,"message_id":"72698bb7-cc41-4c37-8839-4aa36718cf5f","conversation_id":null,"itinerary":null,"stage":null} @ webpack-internal:///(app-pages-browser)/./lib/chat-transport.ts:137
[   70735ms] [LOG] [ChatTransport] onmessage triggered, has currentResponseHandler: true @ webpack-internal:///(app-pages-browser)/./lib/chat-transport.ts:41
[   70735ms] [LOG] [ChatTransport] responseHandler called, data: {"type":"delta","content":"或","error":null,"message_id":"72698bb7-cc41-4c37-8839-4aa36718cf5f","conversation_id":null,"itinerary":null,"stage":null} @ webpack-internal:///(app-pages-browser)/./lib/chat-transport.ts:137
[   70757ms] [LOG] [ChatTransport] onmessage triggered, has currentResponseHandler: true @ webpack-internal:///(app-pages-browser)/./lib/chat-transport.ts:41
[   70757ms] [LOG] [ChatTransport] responseHandler called, data: {"type":"delta","content":"前往","error":null,"message_id":"72698bb7-cc41-4c37-8839-4aa36718cf5f","conversation_id":null,"itinerary":null,"stage":null} @ webpack-internal:///(app-pages-browser)/./lib/chat-transport.ts:137
[   70771ms] [LOG] [ChatTransport] onmessage triggered, has currentResponseHandler: true @ webpack-internal:///(app-pages-browser)/./lib/chat-transport.ts:41
[   70771ms] [LOG] [ChatTransport] responseHandler called, data: {"type":"delta","content":"**","error":null,"message_id":"72698bb7-cc41-4c37-8839-4aa36718cf5f","conversation_id":null,"itinerary":null,"stage":null} @ webpack-internal:///(app-pages-browser)/./lib/chat-transport.ts:137
[   70777ms] [LOG] [ChatTransport] onmessage triggered, has currentResponseHandler: true @ webpack-internal:///(app-pages-browser)/./lib/chat-transport.ts:41
[   70777ms] [LOG] [ChatTransport] responseHandler called, data: {"type":"delta","content":"前","error":null,"message_id":"72698bb7-cc41-4c37-8839-4aa36718cf5f","conversation_id":null,"itinerary":null,"stage":null} @ webpack-internal:///(app-pages-browser)/./lib/chat-transport.ts:137
[   70833ms] [LOG] [ChatTransport] onmessage triggered, has currentResponseHandler: true @ webpack-internal:///(app-pages-browser)/./lib/chat-transport.ts:41
[   70833ms] [LOG] [ChatTransport] responseHandler called, data: {"type":"delta","content":"门","error":null,"message_id":"72698bb7-cc41-4c37-8839-4aa36718cf5f","conversation_id":null,"itinerary":null,"stage":null} @ webpack-internal:///(app-pages-browser)/./lib/chat-transport.ts:137
[   70839ms] [LOG] [ChatTransport] onmessage triggered, has currentResponseHandler: true @ webpack-internal:///(app-pages-browser)/./lib/chat-transport.ts:41
[   70839ms] [LOG] [ChatTransport] responseHandler called, data: {"type":"delta","content":"大街","error":null,"message_id":"72698bb7-cc41-4c37-8839-4aa36718cf5f","conversation_id":null,"itinerary":null,"stage":null} @ webpack-internal:///(app-pages-browser)/./lib/chat-transport.ts:137
[   70896ms] [LOG] [ChatTransport] onmessage triggered, has currentResponseHandler: true @ webpack-internal:///(app-pages-browser)/./lib/chat-transport.ts:41
[   70896ms] [LOG] [ChatTransport] responseHandler called, data: {"type":"delta","content":"**","error":null,"message_id":"72698bb7-cc41-4c37-8839-4aa36718cf5f","conversation_id":null,"itinerary":null,"stage":null} @ webpack-internal:///(app-pages-browser)/./lib/chat-transport.ts:137
[   70901ms] [LOG] [ChatTransport] onmessage triggered, has currentResponseHandler: true @ webpack-internal:///(app-pages-browser)/./lib/chat-transport.ts:41
[   70901ms] [LOG] [ChatTransport] responseHandler called, data: {"type":"delta","content":"再次","error":null,"message_id":"72698bb7-cc41-4c37-8839-4aa36718cf5f","conversation_id":null,"itinerary":null,"stage":null} @ webpack-internal:///(app-pages-browser)/./lib/chat-transport.ts:137
[   70953ms] [LOG] [ChatTransport] onmessage triggered, has currentResponseHandler: true @ webpack-internal:///(app-pages-browser)/./lib/chat-transport.ts:41
[   70953ms] [LOG] [ChatTransport] responseHandler called, data: {"type":"delta","content":"寻找","error":null,"message_id":"72698bb7-cc41-4c37-8839-4aa36718cf5f","conversation_id":null,"itinerary":null,"stage":null} @ webpack-internal:///(app-pages-browser)/./lib/chat-transport.ts:137
[   71021ms] [LOG] [ChatTransport] onmessage triggered, has currentResponseHandler: true @ webpack-internal:///(app-pages-browser)/./lib/chat-transport.ts:41
[   71021ms] [LOG] [ChatTransport] responseHandler called, data: {"type":"delta","content":"美食","error":null,"message_id":"72698bb7-cc41-4c37-8839-4aa36718cf5f","conversation_id":null,"itinerary":null,"stage":null} @ webpack-internal:///(app-pages-browser)/./lib/chat-transport.ts:137
[   71021ms] [LOG] [ChatTransport] onmessage triggered, has currentResponseHandler: true @ webpack-internal:///(app-pages-browser)/./lib/chat-transport.ts:41
[   71021ms] [LOG] [ChatTransport] responseHandler called, data: {"type":"delta","content":"。\n","error":null,"message_id":"72698bb7-cc41-4c37-8839-4aa36718cf5f","conversation_id":null,"itinerary":null,"stage":null} @ webpack-internal:///(app-pages-browser)/./lib/chat-transport.ts:137
[   71079ms] [LOG] [ChatTransport] onmessage triggered, has currentResponseHandler: true @ webpack-internal:///(app-pages-browser)/./lib/chat-transport.ts:41
[   71079ms] [LOG] [ChatTransport] responseHandler called, data: {"type":"delta","content":"*","error":null,"message_id":"72698bb7-cc41-4c37-8839-4aa36718cf5f","conversation_id":null,"itinerary":null,"stage":null} @ webpack-internal:///(app-pages-browser)/./lib/chat-transport.ts:137
[   71089ms] [LOG] [ChatTransport] onmessage triggered, has currentResponseHandler: true @ webpack-internal:///(app-pages-browser)/./lib/chat-transport.ts:41
[   71089ms] [LOG] [ChatTransport] responseHandler called, data: {"type":"delta","content":"  ","error":null,"message_id":"72698bb7-cc41-4c37-8839-4aa36718cf5f","conversation_id":null,"itinerary":null,"stage":null} @ webpack-internal:///(app-pages-browser)/./lib/chat-transport.ts:137
[   71142ms] [LOG] [ChatTransport] onmessage triggered, has currentResponseHandler: true @ webpack-internal:///(app-pages-browser)/./lib/chat-transport.ts:41
[   71142ms] [LOG] [ChatTransport] responseHandler called, data: {"type":"delta","content":" **","error":null,"message_id":"72698bb7-cc41-4c37-8839-4aa36718cf5f","conversation_id":null,"itinerary":null,"stage":null} @ webpack-internal:///(app-pages-browser)/./lib/chat-transport.ts:137
[   71146ms] [LOG] [ChatTransport] onmessage triggered, has currentResponseHandler: true @ webpack-internal:///(app-pages-browser)/./lib/chat-transport.ts:41
[   71146ms] [LOG] [ChatTransport] responseHandler called, data: {"type":"delta","content":"下午","error":null,"message_id":"72698bb7-cc41-4c37-8839-4aa36718cf5f","conversation_id":null,"itinerary":null,"stage":null} @ webpack-internal:///(app-pages-browser)/./lib/chat-transport.ts:137
[   71207ms] [LOG] [ChatTransport] onmessage triggered, has currentResponseHandler: true @ webpack-internal:///(app-pages-browser)/./lib/chat-transport.ts:41
[   71207ms] [LOG] [ChatTransport] responseHandler called, data: {"type":"delta","content":"**","error":null,"message_id":"72698bb7-cc41-4c37-8839-4aa36718cf5f","conversation_id":null,"itinerary":null,"stage":null} @ webpack-internal:///(app-pages-browser)/./lib/chat-transport.ts:137
[   71210ms] [LOG] [ChatTransport] onmessage triggered, has currentResponseHandler: true @ webpack-internal:///(app-pages-browser)/./lib/chat-transport.ts:41
[   71211ms] [LOG] [ChatTransport] responseHandler called, data: {"type":"delta","content":"：","error":null,"message_id":"72698bb7-cc41-4c37-8839-4aa36718cf5f","conversation_id":null,"itinerary":null,"stage":null} @ webpack-internal:///(app-pages-browser)/./lib/chat-transport.ts:137
[   71268ms] [LOG] [ChatTransport] onmessage triggered, has currentResponseHandler: true @ webpack-internal:///(app-pages-browser)/./lib/chat-transport.ts:41
[   71268ms] [LOG] [ChatTransport] responseHandler called, data: {"type":"delta","content":"方案","error":null,"message_id":"72698bb7-cc41-4c37-8839-4aa36718cf5f","conversation_id":null,"itinerary":null,"stage":null} @ webpack-internal:///(app-pages-browser)/./lib/chat-transport.ts:137
[   71271ms] [LOG] [ChatTransport] onmessage triggered, has currentResponseHandler: true @ webpack-internal:///(app-pages-browser)/./lib/chat-transport.ts:41
[   71272ms] [LOG] [ChatTransport] responseHandler called, data: {"type":"delta","content":"A","error":null,"message_id":"72698bb7-cc41-4c37-8839-4aa36718cf5f","conversation_id":null,"itinerary":null,"stage":null} @ webpack-internal:///(app-pages-browser)/./lib/chat-transport.ts:137
[   71327ms] [LOG] [ChatTransport] onmessage triggered, has currentResponseHandler: true @ webpack-internal:///(app-pages-browser)/./lib/chat-transport.ts:41
[   71328ms] [LOG] [ChatTransport] responseHandler called, data: {"type":"delta","content":"（","error":null,"message_id":"72698bb7-cc41-4c37-8839-4aa36718cf5f","conversation_id":null,"itinerary":null,"stage":null} @ webpack-internal:///(app-pages-browser)/./lib/chat-transport.ts:137
[   71331ms] [LOG] [ChatTransport] onmessage triggered, has currentResponseHandler: true @ webpack-internal:///(app-pages-browser)/./lib/chat-transport.ts:41
[   71331ms] [LOG] [ChatTransport] responseHandler called, data: {"type":"delta","content":"历史文化","error":null,"message_id":"72698bb7-cc41-4c37-8839-4aa36718cf5f","conversation_id":null,"itinerary":null,"stage":null} @ webpack-internal:///(app-pages-browser)/./lib/chat-transport.ts:137
[   71390ms] [LOG] [ChatTransport] onmessage triggered, has currentResponseHandler: true @ webpack-internal:///(app-pages-browser)/./lib/chat-transport.ts:41
[   71390ms] [LOG] [ChatTransport] responseHandler called, data: {"type":"delta","content":"）：","error":null,"message_id":"72698bb7-cc41-4c37-8839-4aa36718cf5f","conversation_id":null,"itinerary":null,"stage":null} @ webpack-internal:///(app-pages-browser)/./lib/chat-transport.ts:137
[   71390ms] [LOG] [ChatTransport] onmessage triggered, has currentResponseHandler: true @ webpack-internal:///(app-pages-browser)/./lib/chat-transport.ts:41
[   71390ms] [LOG] [ChatTransport] responseHandler called, data: {"type":"delta","content":"参观","error":null,"message_id":"72698bb7-cc41-4c37-8839-4aa36718cf5f","conversation_id":null,"itinerary":null,"stage":null} @ webpack-internal:///(app-pages-browser)/./lib/chat-transport.ts:137
[   71473ms] [LOG] [ChatTransport] onmessage triggered, has currentResponseHandler: true @ webpack-internal:///(app-pages-browser)/./lib/chat-transport.ts:41
[   71473ms] [LOG] [ChatTransport] responseHandler called, data: {"type":"delta","content":"**","error":null,"message_id":"72698bb7-cc41-4c37-8839-4aa36718cf5f","conversation_id":null,"itinerary":null,"stage":null} @ webpack-internal:///(app-pages-browser)/./lib/chat-transport.ts:137
[   71481ms] [LOG] [ChatTransport] onmessage triggered, has currentResponseHandler: true @ webpack-internal:///(app-pages-browser)/./lib/chat-transport.ts:41
[   71481ms] [LOG] [ChatTransport] responseHandler called, data: {"type":"delta","content":"国家","error":null,"message_id":"72698bb7-cc41-4c37-8839-4aa36718cf5f","conversation_id":null,"itinerary":null,"stage":null} @ webpack-internal:///(app-pages-browser)/./lib/chat-transport.ts:137
[   71586ms] [LOG] [ChatTransport] onmessage triggered, has currentResponseHandler: true @ webpack-internal:///(app-pages-browser)/./lib/chat-transport.ts:41
[   71586ms] [LOG] [ChatTransport] responseHandler called, data: {"type":"delta","content":"自然","error":null,"message_id":"72698bb7-cc41-4c37-8839-4aa36718cf5f","conversation_id":null,"itinerary":null,"stage":null} @ webpack-internal:///(app-pages-browser)/./lib/chat-transport.ts:137
[   71587ms] [LOG] [ChatTransport] onmessage triggered, has currentResponseHandler: true @ webpack-internal:///(app-pages-browser)/./lib/chat-transport.ts:41
[   71587ms] [LOG] [ChatTransport] responseHandler called, data: {"type":"delta","content":"博物馆","error":null,"message_id":"72698bb7-cc41-4c37-8839-4aa36718cf5f","conversation_id":null,"itinerary":null,"stage":null} @ webpack-internal:///(app-pages-browser)/./lib/chat-transport.ts:137
[   71607ms] [LOG] [ChatTransport] onmessage triggered, has currentResponseHandler: true @ webpack-internal:///(app-pages-browser)/./lib/chat-transport.ts:41
[   71607ms] [LOG] [ChatTransport] responseHandler called, data: {"type":"delta","content":"**","error":null,"message_id":"72698bb7-cc41-4c37-8839-4aa36718cf5f","conversation_id":null,"itinerary":null,"stage":null} @ webpack-internal:///(app-pages-browser)/./lib/chat-transport.ts:137
[   71619ms] [LOG] [ChatTransport] onmessage triggered, has currentResponseHandler: true @ webpack-internal:///(app-pages-browser)/./lib/chat-transport.ts:41
[   71619ms] [LOG] [ChatTransport] responseHandler called, data: {"type":"delta","content":"（","error":null,"message_id":"72698bb7-cc41-4c37-8839-4aa36718cf5f","conversation_id":null,"itinerary":null,"stage":null} @ webpack-internal:///(app-pages-browser)/./lib/chat-transport.ts:137
[   71644ms] [LOG] [ChatTransport] onmessage triggered, has currentResponseHandler: true @ webpack-internal:///(app-pages-browser)/./lib/chat-transport.ts:41
[   71644ms] [LOG] [ChatTransport] responseHandler called, data: {"type":"delta","content":"需","error":null,"message_id":"72698bb7-cc41-4c37-8839-4aa36718cf5f","conversation_id":null,"itinerary":null,"stage":null} @ webpack-internal:///(app-pages-browser)/./lib/chat-transport.ts:137
[   71644ms] [LOG] [ChatTransport] onmessage triggered, has currentResponseHandler: true @ webpack-internal:///(app-pages-browser)/./lib/chat-transport.ts:41
[   71644ms] [LOG] [ChatTransport] responseHandler called, data: {"type":"delta","content":"预约","error":null,"message_id":"72698bb7-cc41-4c37-8839-4aa36718cf5f","conversation_id":null,"itinerary":null,"stage":null} @ webpack-internal:///(app-pages-browser)/./lib/chat-transport.ts:137
[   71705ms] [LOG] [ChatTransport] onmessage triggered, has currentResponseHandler: true @ webpack-internal:///(app-pages-browser)/./lib/chat-transport.ts:41
[   71705ms] [LOG] [ChatTransport] responseHandler called, data: {"type":"delta","content":"），","error":null,"message_id":"72698bb7-cc41-4c37-8839-4aa36718cf5f","conversation_id":null,"itinerary":null,"stage":null} @ webpack-internal:///(app-pages-browser)/./lib/chat-transport.ts:137
[   71718ms] [LOG] [ChatTransport] onmessage triggered, has currentResponseHandler: true @ webpack-internal:///(app-pages-browser)/./lib/chat-transport.ts:41
[   71718ms] [LOG] [ChatTransport] responseHandler called, data: {"type":"delta","content":"探索","error":null,"message_id":"72698bb7-cc41-4c37-8839-4aa36718cf5f","conversation_id":null,"itinerary":null,"stage":null} @ webpack-internal:///(app-pages-browser)/./lib/chat-transport.ts:137
[   71838ms] [LOG] [ChatTransport] onmessage triggered, has currentResponseHandler: true @ webpack-internal:///(app-pages-browser)/./lib/chat-transport.ts:41
[   71838ms] [LOG] [ChatTransport] responseHandler called, data: {"type":"delta","content":"自然","error":null,"message_id":"72698bb7-cc41-4c37-8839-4aa36718cf5f","conversation_id":null,"itinerary":null,"stage":null} @ webpack-internal:///(app-pages-browser)/./lib/chat-transport.ts:137
[   71848ms] [LOG] [ChatTransport] onmessage triggered, has currentResponseHandler: true @ webpack-internal:///(app-pages-browser)/./lib/chat-transport.ts:41
[   71848ms] [LOG] [ChatTransport] responseHandler called, data: {"type":"delta","content":"世界的","error":null,"message_id":"72698bb7-cc41-4c37-8839-4aa36718cf5f","conversation_id":null,"itinerary":null,"stage":null} @ webpack-internal:///(app-pages-browser)/./lib/chat-transport.ts:137
[   71886ms] [LOG] [ChatTransport] onmessage triggered, has currentResponseHandler: true @ webpack-internal:///(app-pages-browser)/./lib/chat-transport.ts:41
[   71886ms] [LOG] [ChatTransport] responseHandler called, data: {"type":"delta","content":"奥秘","error":null,"message_id":"72698bb7-cc41-4c37-8839-4aa36718cf5f","conversation_id":null,"itinerary":null,"stage":null} @ webpack-internal:///(app-pages-browser)/./lib/chat-transport.ts:137
[   71894ms] [LOG] [ChatTransport] onmessage triggered, has currentResponseHandler: true @ webpack-internal:///(app-pages-browser)/./lib/chat-transport.ts:41
[   71895ms] [LOG] [ChatTransport] responseHandler called, data: {"type":"delta","content":"。","error":null,"message_id":"72698bb7-cc41-4c37-8839-4aa36718cf5f","conversation_id":null,"itinerary":null,"stage":null} @ webpack-internal:///(app-pages-browser)/./lib/chat-transport.ts:137
[   71952ms] [LOG] [ChatTransport] onmessage triggered, has currentResponseHandler: true @ webpack-internal:///(app-pages-browser)/./lib/chat-transport.ts:41
[   71952ms] [LOG] [ChatTransport] responseHandler called, data: {"type":"delta","content":"或者","error":null,"message_id":"72698bb7-cc41-4c37-8839-4aa36718cf5f","conversation_id":null,"itinerary":null,"stage":null} @ webpack-internal:///(app-pages-browser)/./lib/chat-transport.ts:137
[   72012ms] [LOG] [ChatTransport] onmessage triggered, has currentResponseHandler: true @ webpack-internal:///(app-pages-browser)/./lib/chat-transport.ts:41
[   72012ms] [LOG] [ChatTransport] responseHandler called, data: {"type":"delta","content":"方案","error":null,"message_id":"72698bb7-cc41-4c37-8839-4aa36718cf5f","conversation_id":null,"itinerary":null,"stage":null} @ webpack-internal:///(app-pages-browser)/./lib/chat-transport.ts:137
[   72083ms] [LOG] [ChatTransport] onmessage triggered, has currentResponseHandler: true @ webpack-internal:///(app-pages-browser)/./lib/chat-transport.ts:41
[   72083ms] [LOG] [ChatTransport] responseHandler called, data: {"type":"delta","content":"B","error":null,"message_id":"72698bb7-cc41-4c37-8839-4aa36718cf5f","conversation_id":null,"itinerary":null,"stage":null} @ webpack-internal:///(app-pages-browser)/./lib/chat-transport.ts:137
[   72088ms] [LOG] [ChatTransport] onmessage triggered, has currentResponseHandler: true @ webpack-internal:///(app-pages-browser)/./lib/chat-transport.ts:41
[   72088ms] [LOG] [ChatTransport] responseHandler called, data: {"type":"delta","content":"（","error":null,"message_id":"72698bb7-cc41-4c37-8839-4aa36718cf5f","conversation_id":null,"itinerary":null,"stage":null} @ webpack-internal:///(app-pages-browser)/./lib/chat-transport.ts:137
[   72130ms] [LOG] [ChatTransport] onmessage triggered, has currentResponseHandler: true @ webpack-internal:///(app-pages-browser)/./lib/chat-transport.ts:41
[   72130ms] [LOG] [ChatTransport] responseHandler called, data: {"type":"delta","content":"遗址","error":null,"message_id":"72698bb7-cc41-4c37-8839-4aa36718cf5f","conversation_id":null,"itinerary":null,"stage":null} @ webpack-internal:///(app-pages-browser)/./lib/chat-transport.ts:137
[   72135ms] [LOG] [ChatTransport] onmessage triggered, has currentResponseHandler: true @ webpack-internal:///(app-pages-browser)/./lib/chat-transport.ts:41
[   72136ms] [LOG] [ChatTransport] responseHandler called, data: {"type":"delta","content":"怀","error":null,"message_id":"72698bb7-cc41-4c37-8839-4aa36718cf5f","conversation_id":null,"itinerary":null,"stage":null} @ webpack-internal:///(app-pages-browser)/./lib/chat-transport.ts:137
[   72190ms] [LOG] [ChatTransport] onmessage triggered, has currentResponseHandler: true @ webpack-internal:///(app-pages-browser)/./lib/chat-transport.ts:41
[   72191ms] [LOG] [ChatTransport] responseHandler called, data: {"type":"delta","content":"古","error":null,"message_id":"72698bb7-cc41-4c37-8839-4aa36718cf5f","conversation_id":null,"itinerary":null,"stage":null} @ webpack-internal:///(app-pages-browser)/./lib/chat-transport.ts:137
[   72191ms] [LOG] [ChatTransport] onmessage triggered, has currentResponseHandler: true @ webpack-internal:///(app-pages-browser)/./lib/chat-transport.ts:41
[   72191ms] [LOG] [ChatTransport] responseHandler called, data: {"type":"delta","content":"）：","error":null,"message_id":"72698bb7-cc41-4c37-8839-4aa36718cf5f","conversation_id":null,"itinerary":null,"stage":null} @ webpack-internal:///(app-pages-browser)/./lib/chat-transport.ts:137
[   72252ms] [LOG] [ChatTransport] onmessage triggered, has currentResponseHandler: true @ webpack-internal:///(app-pages-browser)/./lib/chat-transport.ts:41
[   72252ms] [LOG] [ChatTransport] responseHandler called, data: {"type":"delta","content":"参观","error":null,"message_id":"72698bb7-cc41-4c37-8839-4aa36718cf5f","conversation_id":null,"itinerary":null,"stage":null} @ webpack-internal:///(app-pages-browser)/./lib/chat-transport.ts:137
[   72259ms] [LOG] [ChatTransport] onmessage triggered, has currentResponseHandler: true @ webpack-internal:///(app-pages-browser)/./lib/chat-transport.ts:41
[   72259ms] [LOG] [ChatTransport] responseHandler called, data: {"type":"delta","content":"**","error":null,"message_id":"72698bb7-cc41-4c37-8839-4aa36718cf5f","conversation_id":null,"itinerary":null,"stage":null} @ webpack-internal:///(app-pages-browser)/./lib/chat-transport.ts:137
[   72311ms] [LOG] [ChatTransport] onmessage triggered, has currentResponseHandler: true @ webpack-internal:///(app-pages-browser)/./lib/chat-transport.ts:41
[   72311ms] [LOG] [ChatTransport] responseHandler called, data: {"type":"delta","content":"北京","error":null,"message_id":"72698bb7-cc41-4c37-8839-4aa36718cf5f","conversation_id":null,"itinerary":null,"stage":null} @ webpack-internal:///(app-pages-browser)/./lib/chat-transport.ts:137
[   72320ms] [LOG] [ChatTransport] onmessage triggered, has currentResponseHandler: true @ webpack-internal:///(app-pages-browser)/./lib/chat-transport.ts:41
[   72321ms] [LOG] [ChatTransport] responseHandler called, data: {"type":"delta","content":"明","error":null,"message_id":"72698bb7-cc41-4c37-8839-4aa36718cf5f","conversation_id":null,"itinerary":null,"stage":null} @ webpack-internal:///(app-pages-browser)/./lib/chat-transport.ts:137
[   72458ms] [LOG] [ChatTransport] onmessage triggered, has currentResponseHandler: true @ webpack-internal:///(app-pages-browser)/./lib/chat-transport.ts:41
[   72458ms] [LOG] [ChatTransport] responseHandler called, data: {"type":"delta","content":"城墙","error":null,"message_id":"72698bb7-cc41-4c37-8839-4aa36718cf5f","conversation_id":null,"itinerary":null,"stage":null} @ webpack-internal:///(app-pages-browser)/./lib/chat-transport.ts:137
[   72463ms] [LOG] [ChatTransport] onmessage triggered, has currentResponseHandler: true @ webpack-internal:///(app-pages-browser)/./lib/chat-transport.ts:41
[   72463ms] [LOG] [ChatTransport] responseHandler called, data: {"type":"delta","content":"遗址","error":null,"message_id":"72698bb7-cc41-4c37-8839-4aa36718cf5f","conversation_id":null,"itinerary":null,"stage":null} @ webpack-internal:///(app-pages-browser)/./lib/chat-transport.ts:137
[   72463ms] [LOG] [ChatTransport] onmessage triggered, has currentResponseHandler: true @ webpack-internal:///(app-pages-browser)/./lib/chat-transport.ts:41
[   72463ms] [LOG] [ChatTransport] responseHandler called, data: {"type":"delta","content":"公园","error":null,"message_id":"72698bb7-cc41-4c37-8839-4aa36718cf5f","conversation_id":null,"itinerary":null,"stage":null} @ webpack-internal:///(app-pages-browser)/./lib/chat-transport.ts:137
[   72468ms] [LOG] [ChatTransport] onmessage triggered, has currentResponseHandler: true @ webpack-internal:///(app-pages-browser)/./lib/chat-transport.ts:41
[   72468ms] [LOG] [ChatTransport] responseHandler called, data: {"type":"delta","content":"**","error":null,"message_id":"72698bb7-cc41-4c37-8839-4aa36718cf5f","conversation_id":null,"itinerary":null,"stage":null} @ webpack-internal:///(app-pages-browser)/./lib/chat-transport.ts:137
[   72505ms] [LOG] [ChatTransport] onmessage triggered, has currentResponseHandler: true @ webpack-internal:///(app-pages-browser)/./lib/chat-transport.ts:41
[   72505ms] [LOG] [ChatTransport] responseHandler called, data: {"type":"delta","content":"，","error":null,"message_id":"72698bb7-cc41-4c37-8839-4aa36718cf5f","conversation_id":null,"itinerary":null,"stage":null} @ webpack-internal:///(app-pages-browser)/./lib/chat-transport.ts:137
[   72515ms] [LOG] [ChatTransport] onmessage triggered, has currentResponseHandler: true @ webpack-internal:///(app-pages-browser)/./lib/chat-transport.ts:41
[   72515ms] [LOG] [ChatTransport] responseHandler called, data: {"type":"delta","content":"感受","error":null,"message_id":"72698bb7-cc41-4c37-8839-4aa36718cf5f","conversation_id":null,"itinerary":null,"stage":null} @ webpack-internal:///(app-pages-browser)/./lib/chat-transport.ts:137
[   72567ms] [LOG] [ChatTransport] onmessage triggered, has currentResponseHandler: true @ webpack-internal:///(app-pages-browser)/./lib/chat-transport.ts:41
[   72567ms] [LOG] [ChatTransport] responseHandler called, data: {"type":"delta","content":"北京","error":null,"message_id":"72698bb7-cc41-4c37-8839-4aa36718cf5f","conversation_id":null,"itinerary":null,"stage":null} @ webpack-internal:///(app-pages-browser)/./lib/chat-transport.ts:137
[   72580ms] [LOG] [ChatTransport] onmessage triggered, has currentResponseHandler: true @ webpack-internal:///(app-pages-browser)/./lib/chat-transport.ts:41
[   72581ms] [LOG] [ChatTransport] responseHandler called, data: {"type":"delta","content":"古城","error":null,"message_id":"72698bb7-cc41-4c37-8839-4aa36718cf5f","conversation_id":null,"itinerary":null,"stage":null} @ webpack-internal:///(app-pages-browser)/./lib/chat-transport.ts:137
[   72645ms] [LOG] [ChatTransport] onmessage triggered, has currentResponseHandler: true @ webpack-internal:///(app-pages-browser)/./lib/chat-transport.ts:41
[   72645ms] [LOG] [ChatTransport] responseHandler called, data: {"type":"delta","content":"墙","error":null,"message_id":"72698bb7-cc41-4c37-8839-4aa36718cf5f","conversation_id":null,"itinerary":null,"stage":null} @ webpack-internal:///(app-pages-browser)/./lib/chat-transport.ts:137
[   72652ms] [LOG] [ChatTransport] onmessage triggered, has currentResponseHandler: true @ webpack-internal:///(app-pages-browser)/./lib/chat-transport.ts:41
[   72652ms] [LOG] [ChatTransport] responseHandler called, data: {"type":"delta","content":"的","error":null,"message_id":"72698bb7-cc41-4c37-8839-4aa36718cf5f","conversation_id":null,"itinerary":null,"stage":null} @ webpack-internal:///(app-pages-browser)/./lib/chat-transport.ts:137
[   72713ms] [LOG] [ChatTransport] onmessage triggered, has currentResponseHandler: true @ webpack-internal:///(app-pages-browser)/./lib/chat-transport.ts:41
[   72713ms] [LOG] [ChatTransport] responseHandler called, data: {"type":"delta","content":"沧桑","error":null,"message_id":"72698bb7-cc41-4c37-8839-4aa36718cf5f","conversation_id":null,"itinerary":null,"stage":null} @ webpack-internal:///(app-pages-browser)/./lib/chat-transport.ts:137
[   72713ms] [LOG] [ChatTransport] onmessage triggered, has currentResponseHandler: true @ webpack-internal:///(app-pages-browser)/./lib/chat-transport.ts:41
[   72713ms] [LOG] [ChatTransport] responseHandler called, data: {"type":"delta","content":"。\n","error":null,"message_id":"72698bb7-cc41-4c37-8839-4aa36718cf5f","conversation_id":null,"itinerary":null,"stage":null} @ webpack-internal:///(app-pages-browser)/./lib/chat-transport.ts:137
[   72744ms] [LOG] [ChatTransport] onmessage triggered, has currentResponseHandler: true @ webpack-internal:///(app-pages-browser)/./lib/chat-transport.ts:41
[   72744ms] [LOG] [ChatTransport] responseHandler called, data: {"type":"delta","content":"*","error":null,"message_id":"72698bb7-cc41-4c37-8839-4aa36718cf5f","conversation_id":null,"itinerary":null,"stage":null} @ webpack-internal:///(app-pages-browser)/./lib/chat-transport.ts:137
[   72744ms] [LOG] [ChatTransport] onmessage triggered, has currentResponseHandler: true @ webpack-internal:///(app-pages-browser)/./lib/chat-transport.ts:41
[   72744ms] [LOG] [ChatTransport] responseHandler called, data: {"type":"delta","content":"  ","error":null,"message_id":"72698bb7-cc41-4c37-8839-4aa36718cf5f","conversation_id":null,"itinerary":null,"stage":null} @ webpack-internal:///(app-pages-browser)/./lib/chat-transport.ts:137
[   72948ms] [LOG] [ChatTransport] onmessage triggered, has currentResponseHandler: true @ webpack-internal:///(app-pages-browser)/./lib/chat-transport.ts:41
[   72948ms] [LOG] [ChatTransport] responseHandler called, data: {"type":"delta","content":" **","error":null,"message_id":"72698bb7-cc41-4c37-8839-4aa36718cf5f","conversation_id":null,"itinerary":null,"stage":null} @ webpack-internal:///(app-pages-browser)/./lib/chat-transport.ts:137
[   72948ms] [LOG] [ChatTransport] onmessage triggered, has currentResponseHandler: true @ webpack-internal:///(app-pages-browser)/./lib/chat-transport.ts:41
[   72948ms] [LOG] [ChatTransport] responseHandler called, data: {"type":"delta","content":"傍晚","error":null,"message_id":"72698bb7-cc41-4c37-8839-4aa36718cf5f","conversation_id":null,"itinerary":null,"stage":null} @ webpack-internal:///(app-pages-browser)/./lib/chat-transport.ts:137
[   72954ms] [LOG] [ChatTransport] onmessage triggered, has currentResponseHandler: true @ webpack-internal:///(app-pages-browser)/./lib/chat-transport.ts:41
[   72954ms] [LOG] [ChatTransport] responseHandler called, data: {"type":"delta","content":"**","error":null,"message_id":"72698bb7-cc41-4c37-8839-4aa36718cf5f","conversation_id":null,"itinerary":null,"stage":null} @ webpack-internal:///(app-pages-browser)/./lib/chat-transport.ts:137
[   72955ms] [LOG] [ChatTransport] onmessage triggered, has currentResponseHandler: true @ webpack-internal:///(app-pages-browser)/./lib/chat-transport.ts:41
[   72955ms] [LOG] [ChatTransport] responseHandler called, data: {"type":"delta","content":"：","error":null,"message_id":"72698bb7-cc41-4c37-8839-4aa36718cf5f","conversation_id":null,"itinerary":null,"stage":null} @ webpack-internal:///(app-pages-browser)/./lib/chat-transport.ts:137
[   72975ms] [LOG] [ChatTransport] onmessage triggered, has currentResponseHandler: true @ webpack-internal:///(app-pages-browser)/./lib/chat-transport.ts:41
[   72976ms] [LOG] [ChatTransport] responseHandler called, data: {"type":"delta","content":"行程","error":null,"message_id":"72698bb7-cc41-4c37-8839-4aa36718cf5f","conversation_id":null,"itinerary":null,"stage":null} @ webpack-internal:///(app-pages-browser)/./lib/chat-transport.ts:137
[   72976ms] [LOG] [ChatTransport] onmessage triggered, has currentResponseHandler: true @ webpack-internal:///(app-pages-browser)/./lib/chat-transport.ts:41
[   72976ms] [LOG] [ChatTransport] responseHandler called, data: {"type":"delta","content":"结束","error":null,"message_id":"72698bb7-cc41-4c37-8839-4aa36718cf5f","conversation_id":null,"itinerary":null,"stage":null} @ webpack-internal:///(app-pages-browser)/./lib/chat-transport.ts:137
[   72990ms] [LOG] [ChatTransport] onmessage triggered, has currentResponseHandler: true @ webpack-internal:///(app-pages-browser)/./lib/chat-transport.ts:41
[   72991ms] [LOG] [ChatTransport] responseHandler called, data: {"type":"delta","content":"，","error":null,"message_id":"72698bb7-cc41-4c37-8839-4aa36718cf5f","conversation_id":null,"itinerary":null,"stage":null} @ webpack-internal:///(app-pages-browser)/./lib/chat-transport.ts:137
[   72991ms] [LOG] [ChatTransport] onmessage triggered, has currentResponseHandler: true @ webpack-internal:///(app-pages-browser)/./lib/chat-transport.ts:41
[   72991ms] [LOG] [ChatTransport] responseHandler called, data: {"type":"delta","content":"根据","error":null,"message_id":"72698bb7-cc41-4c37-8839-4aa36718cf5f","conversation_id":null,"itinerary":null,"stage":null} @ webpack-internal:///(app-pages-browser)/./lib/chat-transport.ts:137
[   73050ms] [LOG] [ChatTransport] onmessage triggered, has currentResponseHandler: true @ webpack-internal:///(app-pages-browser)/./lib/chat-transport.ts:41
[   73050ms] [LOG] [ChatTransport] responseHandler called, data: {"type":"delta","content":"您的","error":null,"message_id":"72698bb7-cc41-4c37-8839-4aa36718cf5f","conversation_id":null,"itinerary":null,"stage":null} @ webpack-internal:///(app-pages-browser)/./lib/chat-transport.ts:137
[   73056ms] [LOG] [ChatTransport] onmessage triggered, has currentResponseHandler: true @ webpack-internal:///(app-pages-browser)/./lib/chat-transport.ts:41
[   73056ms] [LOG] [ChatTransport] responseHandler called, data: {"type":"delta","content":"航班","error":null,"message_id":"72698bb7-cc41-4c37-8839-4aa36718cf5f","conversation_id":null,"itinerary":null,"stage":null} @ webpack-internal:///(app-pages-browser)/./lib/chat-transport.ts:137
[   73144ms] [LOG] [ChatTransport] onmessage triggered, has currentResponseHandler: true @ webpack-internal:///(app-pages-browser)/./lib/chat-transport.ts:41
[   73144ms] [LOG] [ChatTransport] responseHandler called, data: {"type":"delta","content":"或","error":null,"message_id":"72698bb7-cc41-4c37-8839-4aa36718cf5f","conversation_id":null,"itinerary":null,"stage":null} @ webpack-internal:///(app-pages-browser)/./lib/chat-transport.ts:137
[   73155ms] [LOG] [ChatTransport] onmessage triggered, has currentResponseHandler: true @ webpack-internal:///(app-pages-browser)/./lib/chat-transport.ts:41
[   73155ms] [LOG] [ChatTransport] responseHandler called, data: {"type":"delta","content":"火车","error":null,"message_id":"72698bb7-cc41-4c37-8839-4aa36718cf5f","conversation_id":null,"itinerary":null,"stage":null} @ webpack-internal:///(app-pages-browser)/./lib/chat-transport.ts:137
[   73176ms] [LOG] [ChatTransport] onmessage triggered, has currentResponseHandler: true @ webpack-internal:///(app-pages-browser)/./lib/chat-transport.ts:41
[   73176ms] [LOG] [ChatTransport] responseHandler called, data: {"type":"delta","content":"时间","error":null,"message_id":"72698bb7-cc41-4c37-8839-4aa36718cf5f","conversation_id":null,"itinerary":null,"stage":null} @ webpack-internal:///(app-pages-browser)/./lib/chat-transport.ts:137
[   73185ms] [LOG] [ChatTransport] onmessage triggered, has currentResponseHandler: true @ webpack-internal:///(app-pages-browser)/./lib/chat-transport.ts:41
[   73185ms] [LOG] [ChatTransport] responseHandler called, data: {"type":"delta","content":"，","error":null,"message_id":"72698bb7-cc41-4c37-8839-4aa36718cf5f","conversation_id":null,"itinerary":null,"stage":null} @ webpack-internal:///(app-pages-browser)/./lib/chat-transport.ts:137
[   73229ms] [LOG] [ChatTransport] onmessage triggered, has currentResponseHandler: true @ webpack-internal:///(app-pages-browser)/./lib/chat-transport.ts:41
[   73229ms] [LOG] [ChatTransport] responseHandler called, data: {"type":"delta","content":"前往","error":null,"message_id":"72698bb7-cc41-4c37-8839-4aa36718cf5f","conversation_id":null,"itinerary":null,"stage":null} @ webpack-internal:///(app-pages-browser)/./lib/chat-transport.ts:137
[   73232ms] [LOG] [ChatTransport] onmessage triggered, has currentResponseHandler: true @ webpack-internal:///(app-pages-browser)/./lib/chat-transport.ts:41
[   73232ms] [LOG] [ChatTransport] responseHandler called, data: {"type":"delta","content":"交通","error":null,"message_id":"72698bb7-cc41-4c37-8839-4aa36718cf5f","conversation_id":null,"itinerary":null,"stage":null} @ webpack-internal:///(app-pages-browser)/./lib/chat-transport.ts:137
[   73289ms] [LOG] [ChatTransport] onmessage triggered, has currentResponseHandler: true @ webpack-internal:///(app-pages-browser)/./lib/chat-transport.ts:41
[   73290ms] [LOG] [ChatTransport] responseHandler called, data: {"type":"delta","content":"枢纽","error":null,"message_id":"72698bb7-cc41-4c37-8839-4aa36718cf5f","conversation_id":null,"itinerary":null,"stage":null} @ webpack-internal:///(app-pages-browser)/./lib/chat-transport.ts:137
[   73304ms] [LOG] [ChatTransport] onmessage triggered, has currentResponseHandler: true @ webpack-internal:///(app-pages-browser)/./lib/chat-transport.ts:41
[   73304ms] [LOG] [ChatTransport] responseHandler called, data: {"type":"delta","content":"。","error":null,"message_id":"72698bb7-cc41-4c37-8839-4aa36718cf5f","conversation_id":null,"itinerary":null,"stage":null} @ webpack-internal:///(app-pages-browser)/./lib/chat-transport.ts:137
[   73429ms] [LOG] [ChatTransport] onmessage triggered, has currentResponseHandler: true @ webpack-internal:///(app-pages-browser)/./lib/chat-transport.ts:41
[   73429ms] [LOG] [ChatTransport] responseHandler called, data: {"type":"delta","content":"如果","error":null,"message_id":"72698bb7-cc41-4c37-8839-4aa36718cf5f","conversation_id":null,"itinerary":null,"stage":null} @ webpack-internal:///(app-pages-browser)/./lib/chat-transport.ts:137
[   73443ms] [LOG] [ChatTransport] onmessage triggered, has currentResponseHandler: true @ webpack-internal:///(app-pages-browser)/./lib/chat-transport.ts:41
[   73443ms] [LOG] [ChatTransport] responseHandler called, data: {"type":"delta","content":"时间","error":null,"message_id":"72698bb7-cc41-4c37-8839-4aa36718cf5f","conversation_id":null,"itinerary":null,"stage":null} @ webpack-internal:///(app-pages-browser)/./lib/chat-transport.ts:137
[   73474ms] [LOG] [ChatTransport] onmessage triggered, has currentResponseHandler: true @ webpack-internal:///(app-pages-browser)/./lib/chat-transport.ts:41
[   73474ms] [LOG] [ChatTransport] responseHandler called, data: {"type":"delta","content":"充裕","error":null,"message_id":"72698bb7-cc41-4c37-8839-4aa36718cf5f","conversation_id":null,"itinerary":null,"stage":null} @ webpack-internal:///(app-pages-browser)/./lib/chat-transport.ts:137
[   73484ms] [LOG] [ChatTransport] onmessage triggered, has currentResponseHandler: true @ webpack-internal:///(app-pages-browser)/./lib/chat-transport.ts:41
[   73484ms] [LOG] [ChatTransport] responseHandler called, data: {"type":"delta","content":"，","error":null,"message_id":"72698bb7-cc41-4c37-8839-4aa36718cf5f","conversation_id":null,"itinerary":null,"stage":null} @ webpack-internal:///(app-pages-browser)/./lib/chat-transport.ts:137
[   73533ms] [LOG] [ChatTransport] onmessage triggered, has currentResponseHandler: true @ webpack-internal:///(app-pages-browser)/./lib/chat-transport.ts:41
[   73533ms] [LOG] [ChatTransport] responseHandler called, data: {"type":"delta","content":"可以去","error":null,"message_id":"72698bb7-cc41-4c37-8839-4aa36718cf5f","conversation_id":null,"itinerary":null,"stage":null} @ webpack-internal:///(app-pages-browser)/./lib/chat-transport.ts:137
[   73636ms] [LOG] [ChatTransport] onmessage triggered, has currentResponseHandler: true @ webpack-internal:///(app-pages-browser)/./lib/chat-transport.ts:41
[   73636ms] [LOG] [ChatTransport] responseHandler called, data: {"type":"delta","content":"**","error":null,"message_id":"72698bb7-cc41-4c37-8839-4aa36718cf5f","conversation_id":null,"itinerary":null,"stage":null} @ webpack-internal:///(app-pages-browser)/./lib/chat-transport.ts:137
[   73636ms] [LOG] [ChatTransport] onmessage triggered, has currentResponseHandler: true @ webpack-internal:///(app-pages-browser)/./lib/chat-transport.ts:41
[   73637ms] [LOG] [ChatTransport] responseHandler called, data: {"type":"delta","content":"中山","error":null,"message_id":"72698bb7-cc41-4c37-8839-4aa36718cf5f","conversation_id":null,"itinerary":null,"stage":null} @ webpack-internal:///(app-pages-browser)/./lib/chat-transport.ts:137
[   73657ms] [LOG] [ChatTransport] onmessage triggered, has currentResponseHandler: true @ webpack-internal:///(app-pages-browser)/./lib/chat-transport.ts:41
[   73658ms] [LOG] [ChatTransport] responseHandler called, data: {"type":"delta","content":"公园","error":null,"message_id":"72698bb7-cc41-4c37-8839-4aa36718cf5f","conversation_id":null,"itinerary":null,"stage":null} @ webpack-internal:///(app-pages-browser)/./lib/chat-transport.ts:137
[   73666ms] [LOG] [ChatTransport] onmessage triggered, has currentResponseHandler: true @ webpack-internal:///(app-pages-browser)/./lib/chat-transport.ts:41
[   73666ms] [LOG] [ChatTransport] responseHandler called, data: {"type":"delta","content":"**","error":null,"message_id":"72698bb7-cc41-4c37-8839-4aa36718cf5f","conversation_id":null,"itinerary":null,"stage":null} @ webpack-internal:///(app-pages-browser)/./lib/chat-transport.ts:137
[   73721ms] [LOG] [ChatTransport] onmessage triggered, has currentResponseHandler: true @ webpack-internal:///(app-pages-browser)/./lib/chat-transport.ts:41
[   73721ms] [LOG] [ChatTransport] responseHandler called, data: {"type":"delta","content":"或","error":null,"message_id":"72698bb7-cc41-4c37-8839-4aa36718cf5f","conversation_id":null,"itinerary":null,"stage":null} @ webpack-internal:///(app-pages-browser)/./lib/chat-transport.ts:137
[   73721ms] [LOG] [ChatTransport] onmessage triggered, has currentResponseHandler: true @ webpack-internal:///(app-pages-browser)/./lib/chat-transport.ts:41
[   73721ms] [LOG] [ChatTransport] responseHandler called, data: {"type":"delta","content":"**","error":null,"message_id":"72698bb7-cc41-4c37-8839-4aa36718cf5f","conversation_id":null,"itinerary":null,"stage":null} @ webpack-internal:///(app-pages-browser)/./lib/chat-transport.ts:137
[   73778ms] [LOG] [ChatTransport] onmessage triggered, has currentResponseHandler: true @ webpack-internal:///(app-pages-browser)/./lib/chat-transport.ts:41
[   73779ms] [LOG] [ChatTransport] responseHandler called, data: {"type":"delta","content":"太","error":null,"message_id":"72698bb7-cc41-4c37-8839-4aa36718cf5f","conversation_id":null,"itinerary":null,"stage":null} @ webpack-internal:///(app-pages-browser)/./lib/chat-transport.ts:137
[   73780ms] [LOG] [ChatTransport] onmessage triggered, has currentResponseHandler: true @ webpack-internal:///(app-pages-browser)/./lib/chat-transport.ts:41
[   73781ms] [LOG] [ChatTransport] responseHandler called, data: {"type":"delta","content":"庙","error":null,"message_id":"72698bb7-cc41-4c37-8839-4aa36718cf5f","conversation_id":null,"itinerary":null,"stage":null} @ webpack-internal:///(app-pages-browser)/./lib/chat-transport.ts:137
[   73845ms] [LOG] [ChatTransport] onmessage triggered, has currentResponseHandler: true @ webpack-internal:///(app-pages-browser)/./lib/chat-transport.ts:41
[   73845ms] [LOG] [ChatTransport] responseHandler called, data: {"type":"delta","content":"**","error":null,"message_id":"72698bb7-cc41-4c37-8839-4aa36718cf5f","conversation_id":null,"itinerary":null,"stage":null} @ webpack-internal:///(app-pages-browser)/./lib/chat-transport.ts:137
[   73853ms] [LOG] [ChatTransport] onmessage triggered, has currentResponseHandler: true @ webpack-internal:///(app-pages-browser)/./lib/chat-transport.ts:41
[   73853ms] [LOG] [ChatTransport] responseHandler called, data: {"type":"delta","content":"（","error":null,"message_id":"72698bb7-cc41-4c37-8839-4aa36718cf5f","conversation_id":null,"itinerary":null,"stage":null} @ webpack-internal:///(app-pages-browser)/./lib/chat-transport.ts:137
[   73955ms] [LOG] [ChatTransport] onmessage triggered, has currentResponseHandler: true @ webpack-internal:///(app-pages-browser)/./lib/chat-transport.ts:41
[   73956ms] [LOG] [ChatTransport] responseHandler called, data: {"type":"delta","content":"劳动","error":null,"message_id":"72698bb7-cc41-4c37-8839-4aa36718cf5f","conversation_id":null,"itinerary":null,"stage":null} @ webpack-internal:///(app-pages-browser)/./lib/chat-transport.ts:137
[   73971ms] [LOG] [ChatTransport] onmessage triggered, has currentResponseHandler: true @ webpack-internal:///(app-pages-browser)/./lib/chat-transport.ts:41
[   73971ms] [LOG] [ChatTransport] responseHandler called, data: {"type":"delta","content":"人民","error":null,"message_id":"72698bb7-cc41-4c37-8839-4aa36718cf5f","conversation_id":null,"itinerary":null,"stage":null} @ webpack-internal:///(app-pages-browser)/./lib/chat-transport.ts:137
[   73982ms] [LOG] [ChatTransport] onmessage triggered, has currentResponseHandler: true @ webpack-internal:///(app-pages-browser)/./lib/chat-transport.ts:41
[   73982ms] [LOG] [ChatTransport] responseHandler called, data: {"type":"delta","content":"文化","error":null,"message_id":"72698bb7-cc41-4c37-8839-4aa36718cf5f","conversation_id":null,"itinerary":null,"stage":null} @ webpack-internal:///(app-pages-browser)/./lib/chat-transport.ts:137
[   74021ms] [LOG] [ChatTransport] onmessage triggered, has currentResponseHandler: true @ webpack-internal:///(app-pages-browser)/./lib/chat-transport.ts:41
[   74021ms] [LOG] [ChatTransport] responseHandler called, data: {"type":"delta","content":"宫","error":null,"message_id":"72698bb7-cc41-4c37-8839-4aa36718cf5f","conversation_id":null,"itinerary":null,"stage":null} @ webpack-internal:///(app-pages-browser)/./lib/chat-transport.ts:137
[   74031ms] [LOG] [ChatTransport] onmessage triggered, has currentResponseHandler: true @ webpack-internal:///(app-pages-browser)/./lib/chat-transport.ts:41
[   74031ms] [LOG] [ChatTransport] responseHandler called, data: {"type":"delta","content":"）","error":null,"message_id":"72698bb7-cc41-4c37-8839-4aa36718cf5f","conversation_id":null,"itinerary":null,"stage":null} @ webpack-internal:///(app-pages-browser)/./lib/chat-transport.ts:137
[   74117ms] [LOG] [ChatTransport] onmessage triggered, has currentResponseHandler: true @ webpack-internal:///(app-pages-browser)/./lib/chat-transport.ts:41
[   74117ms] [LOG] [ChatTransport] responseHandler called, data: {"type":"delta","content":"安静","error":null,"message_id":"72698bb7-cc41-4c37-8839-4aa36718cf5f","conversation_id":null,"itinerary":null,"stage":null} @ webpack-internal:///(app-pages-browser)/./lib/chat-transport.ts:137
[   74131ms] [LOG] [ChatTransport] onmessage triggered, has currentResponseHandler: true @ webpack-internal:///(app-pages-browser)/./lib/chat-transport.ts:41
[   74131ms] [LOG] [ChatTransport] responseHandler called, data: {"type":"delta","content":"地","error":null,"message_id":"72698bb7-cc41-4c37-8839-4aa36718cf5f","conversation_id":null,"itinerary":null,"stage":null} @ webpack-internal:///(app-pages-browser)/./lib/chat-transport.ts:137
[   74156ms] [LOG] [ChatTransport] onmessage triggered, has currentResponseHandler: true @ webpack-internal:///(app-pages-browser)/./lib/chat-transport.ts:41
[   74157ms] [LOG] [ChatTransport] responseHandler called, data: {"type":"delta","content":"散步","error":null,"message_id":"72698bb7-cc41-4c37-8839-4aa36718cf5f","conversation_id":null,"itinerary":null,"stage":null} @ webpack-internal:///(app-pages-browser)/./lib/chat-transport.ts:137
[   74173ms] [LOG] [ChatTransport] onmessage triggered, has currentResponseHandler: true @ webpack-internal:///(app-pages-browser)/./lib/chat-transport.ts:41
[   74174ms] [LOG] [ChatTransport] responseHandler called, data: {"type":"delta","content":"，","error":null,"message_id":"72698bb7-cc41-4c37-8839-4aa36718cf5f","conversation_id":null,"itinerary":null,"stage":null} @ webpack-internal:///(app-pages-browser)/./lib/chat-transport.ts:137
[   74203ms] [LOG] [ChatTransport] onmessage triggered, has currentResponseHandler: true @ webpack-internal:///(app-pages-browser)/./lib/chat-transport.ts:41
[   74203ms] [LOG] [ChatTransport] responseHandler called, data: {"type":"delta","content":"它们","error":null,"message_id":"72698bb7-cc41-4c37-8839-4aa36718cf5f","conversation_id":null,"itinerary":null,"stage":null} @ webpack-internal:///(app-pages-browser)/./lib/chat-transport.ts:137
[   74264ms] [LOG] [ChatTransport] onmessage triggered, has currentResponseHandler: true @ webpack-internal:///(app-pages-browser)/./lib/chat-transport.ts:41
[   74265ms] [LOG] [ChatTransport] responseHandler called, data: {"type":"delta","content":"就在","error":null,"message_id":"72698bb7-cc41-4c37-8839-4aa36718cf5f","conversation_id":null,"itinerary":null,"stage":null} @ webpack-internal:///(app-pages-browser)/./lib/chat-transport.ts:137
[   74265ms] [LOG] [ChatTransport] onmessage triggered, has currentResponseHandler: true @ webpack-internal:///(app-pages-browser)/./lib/chat-transport.ts:41
[   74266ms] [LOG] [ChatTransport] responseHandler called, data: {"type":"delta","content":"天","error":null,"message_id":"72698bb7-cc41-4c37-8839-4aa36718cf5f","conversation_id":null,"itinerary":null,"stage":null} @ webpack-internal:///(app-pages-browser)/./lib/chat-transport.ts:137
[   74449ms] [LOG] [ChatTransport] onmessage triggered, has currentResponseHandler: true @ webpack-internal:///(app-pages-browser)/./lib/chat-transport.ts:41
[   74449ms] [LOG] [ChatTransport] responseHandler called, data: {"type":"delta","content":"安门","error":null,"message_id":"72698bb7-cc41-4c37-8839-4aa36718cf5f","conversation_id":null,"itinerary":null,"stage":null} @ webpack-internal:///(app-pages-browser)/./lib/chat-transport.ts:137
[   74458ms] [LOG] [ChatTransport] onmessage triggered, has currentResponseHandler: true @ webpack-internal:///(app-pages-browser)/./lib/chat-transport.ts:41
[   74459ms] [LOG] [ChatTransport] responseHandler called, data: {"type":"delta","content":"西","error":null,"message_id":"72698bb7-cc41-4c37-8839-4aa36718cf5f","conversation_id":null,"itinerary":null,"stage":null} @ webpack-internal:///(app-pages-browser)/./lib/chat-transport.ts:137
[   74499ms] [LOG] [ChatTransport] onmessage triggered, has currentResponseHandler: true @ webpack-internal:///(app-pages-browser)/./lib/chat-transport.ts:41
[   74499ms] [LOG] [ChatTransport] responseHandler called, data: {"type":"delta","content":"侧","error":null,"message_id":"72698bb7-cc41-4c37-8839-4aa36718cf5f","conversation_id":null,"itinerary":null,"stage":null} @ webpack-internal:///(app-pages-browser)/./lib/chat-transport.ts:137
[   74509ms] [LOG] [ChatTransport] onmessage triggered, has currentResponseHandler: true @ webpack-internal:///(app-pages-browser)/./lib/chat-transport.ts:41
[   74509ms] [LOG] [ChatTransport] responseHandler called, data: {"type":"delta","content":"，","error":null,"message_id":"72698bb7-cc41-4c37-8839-4aa36718cf5f","conversation_id":null,"itinerary":null,"stage":null} @ webpack-internal:///(app-pages-browser)/./lib/chat-transport.ts:137
[   74526ms] [LOG] [ChatTransport] onmessage triggered, has currentResponseHandler: true @ webpack-internal:///(app-pages-browser)/./lib/chat-transport.ts:41
[   74526ms] [LOG] [ChatTransport] responseHandler called, data: {"type":"delta","content":"环境","error":null,"message_id":"72698bb7-cc41-4c37-8839-4aa36718cf5f","conversation_id":null,"itinerary":null,"stage":null} @ webpack-internal:///(app-pages-browser)/./lib/chat-transport.ts:137
[   74527ms] [LOG] [ChatTransport] onmessage triggered, has currentResponseHandler: true @ webpack-internal:///(app-pages-browser)/./lib/chat-transport.ts:41
[   74527ms] [LOG] [ChatTransport] responseHandler called, data: {"type":"delta","content":"清","error":null,"message_id":"72698bb7-cc41-4c37-8839-4aa36718cf5f","conversation_id":null,"itinerary":null,"stage":null} @ webpack-internal:///(app-pages-browser)/./lib/chat-transport.ts:137
[   74542ms] [LOG] [ChatTransport] onmessage triggered, has currentResponseHandler: true @ webpack-internal:///(app-pages-browser)/./lib/chat-transport.ts:41
[   74543ms] [LOG] [ChatTransport] responseHandler called, data: {"type":"delta","content":"幽","error":null,"message_id":"72698bb7-cc41-4c37-8839-4aa36718cf5f","conversation_id":null,"itinerary":null,"stage":null} @ webpack-internal:///(app-pages-browser)/./lib/chat-transport.ts:137
[   74543ms] [LOG] [ChatTransport] onmessage triggered, has currentResponseHandler: true @ webpack-internal:///(app-pages-browser)/./lib/chat-transport.ts:41
[   74543ms] [LOG] [ChatTransport] responseHandler called, data: {"type":"delta","content":"。\n\n","error":null,"message_id":"72698bb7-cc41-4c37-8839-4aa36718cf5f","conversation_id":null,"itinerary":null,"stage":null} @ webpack-internal:///(app-pages-browser)/./lib/chat-transport.ts:137
[   74583ms] [LOG] [ChatTransport] onmessage triggered, has currentResponseHandler: true @ webpack-internal:///(app-pages-browser)/./lib/chat-transport.ts:41
[   74584ms] [LOG] [ChatTransport] responseHandler called, data: {"type":"delta","content":"---\n\n","error":null,"message_id":"72698bb7-cc41-4c37-8839-4aa36718cf5f","conversation_id":null,"itinerary":null,"stage":null} @ webpack-internal:///(app-pages-browser)/./lib/chat-transport.ts:137
[   74595ms] [LOG] [ChatTransport] onmessage triggered, has currentResponseHandler: true @ webpack-internal:///(app-pages-browser)/./lib/chat-transport.ts:41
[   74595ms] [LOG] [ChatTransport] responseHandler called, data: {"type":"delta","content":"###","error":null,"message_id":"72698bb7-cc41-4c37-8839-4aa36718cf5f","conversation_id":null,"itinerary":null,"stage":null} @ webpack-internal:///(app-pages-browser)/./lib/chat-transport.ts:137
[   74678ms] [LOG] [ChatTransport] onmessage triggered, has currentResponseHandler: true @ webpack-internal:///(app-pages-browser)/./lib/chat-transport.ts:41
[   74678ms] [LOG] [ChatTransport] responseHandler called, data: {"type":"delta","content":" **","error":null,"message_id":"72698bb7-cc41-4c37-8839-4aa36718cf5f","conversation_id":null,"itinerary":null,"stage":null} @ webpack-internal:///(app-pages-browser)/./lib/chat-transport.ts:137
[   74682ms] [LOG] [ChatTransport] onmessage triggered, has currentResponseHandler: true @ webpack-internal:///(app-pages-browser)/./lib/chat-transport.ts:41
[   74682ms] [LOG] [ChatTransport] responseHandler called, data: {"type":"delta","content":"实用","error":null,"message_id":"72698bb7-cc41-4c37-8839-4aa36718cf5f","conversation_id":null,"itinerary":null,"stage":null} @ webpack-internal:///(app-pages-browser)/./lib/chat-transport.ts:137
[   74695ms] [LOG] [ChatTransport] onmessage triggered, has currentResponseHandler: true @ webpack-internal:///(app-pages-browser)/./lib/chat-transport.ts:41
[   74695ms] [LOG] [ChatTransport] responseHandler called, data: {"type":"delta","content":"信息","error":null,"message_id":"72698bb7-cc41-4c37-8839-4aa36718cf5f","conversation_id":null,"itinerary":null,"stage":null} @ webpack-internal:///(app-pages-browser)/./lib/chat-transport.ts:137
[   74762ms] [LOG] [ChatTransport] onmessage triggered, has currentResponseHandler: true @ webpack-internal:///(app-pages-browser)/./lib/chat-transport.ts:41
[   74762ms] [LOG] [ChatTransport] responseHandler called, data: {"type":"delta","content":"与","error":null,"message_id":"72698bb7-cc41-4c37-8839-4aa36718cf5f","conversation_id":null,"itinerary":null,"stage":null} @ webpack-internal:///(app-pages-browser)/./lib/chat-transport.ts:137
[   74762ms] [LOG] [ChatTransport] onmessage triggered, has currentResponseHandler: true @ webpack-internal:///(app-pages-browser)/./lib/chat-transport.ts:41
[   74762ms] [LOG] [ChatTransport] responseHandler called, data: {"type":"delta","content":"建议","error":null,"message_id":"72698bb7-cc41-4c37-8839-4aa36718cf5f","conversation_id":null,"itinerary":null,"stage":null} @ webpack-internal:///(app-pages-browser)/./lib/chat-transport.ts:137
[   74831ms] [LOG] [ChatTransport] onmessage triggered, has currentResponseHandler: true @ webpack-internal:///(app-pages-browser)/./lib/chat-transport.ts:41
[   74831ms] [LOG] [ChatTransport] responseHandler called, data: {"type":"delta","content":"**\n\n","error":null,"message_id":"72698bb7-cc41-4c37-8839-4aa36718cf5f","conversation_id":null,"itinerary":null,"stage":null} @ webpack-internal:///(app-pages-browser)/./lib/chat-transport.ts:137
[   74839ms] [LOG] [ChatTransport] onmessage triggered, has currentResponseHandler: true @ webpack-internal:///(app-pages-browser)/./lib/chat-transport.ts:41
[   74840ms] [LOG] [ChatTransport] responseHandler called, data: {"type":"delta","content":"1","error":null,"message_id":"72698bb7-cc41-4c37-8839-4aa36718cf5f","conversation_id":null,"itinerary":null,"stage":null} @ webpack-internal:///(app-pages-browser)/./lib/chat-transport.ts:137
[   74893ms] [LOG] [ChatTransport] onmessage triggered, has currentResponseHandler: true @ webpack-internal:///(app-pages-browser)/./lib/chat-transport.ts:41
[   74894ms] [LOG] [ChatTransport] responseHandler called, data: {"type":"delta","content":".","error":null,"message_id":"72698bb7-cc41-4c37-8839-4aa36718cf5f","conversation_id":null,"itinerary":null,"stage":null} @ webpack-internal:///(app-pages-browser)/./lib/chat-transport.ts:137
[   74898ms] [LOG] [ChatTransport] onmessage triggered, has currentResponseHandler: true @ webpack-internal:///(app-pages-browser)/./lib/chat-transport.ts:41
[   74898ms] [LOG] [ChatTransport] responseHandler called, data: {"type":"delta","content":" ","error":null,"message_id":"72698bb7-cc41-4c37-8839-4aa36718cf5f","conversation_id":null,"itinerary":null,"stage":null} @ webpack-internal:///(app-pages-browser)/./lib/chat-transport.ts:137
[   74960ms] [LOG] [ChatTransport] onmessage triggered, has currentResponseHandler: true @ webpack-internal:///(app-pages-browser)/./lib/chat-transport.ts:41
[   74960ms] [LOG] [ChatTransport] responseHandler called, data: {"type":"delta","content":" **","error":null,"message_id":"72698bb7-cc41-4c37-8839-4aa36718cf5f","conversation_id":null,"itinerary":null,"stage":null} @ webpack-internal:///(app-pages-browser)/./lib/chat-transport.ts:137
[   74965ms] [LOG] [ChatTransport] onmessage triggered, has currentResponseHandler: true @ webpack-internal:///(app-pages-browser)/./lib/chat-transport.ts:41
[   74965ms] [LOG] [ChatTransport] responseHandler called, data: {"type":"delta","content":"门票","error":null,"message_id":"72698bb7-cc41-4c37-8839-4aa36718cf5f","conversation_id":null,"itinerary":null,"stage":null} @ webpack-internal:///(app-pages-browser)/./lib/chat-transport.ts:137
[   75100ms] [LOG] [ChatTransport] onmessage triggered, has currentResponseHandler: true @ webpack-internal:///(app-pages-browser)/./lib/chat-transport.ts:41
[   75101ms] [LOG] [ChatTransport] responseHandler called, data: {"type":"delta","content":"与","error":null,"message_id":"72698bb7-cc41-4c37-8839-4aa36718cf5f","conversation_id":null,"itinerary":null,"stage":null} @ webpack-internal:///(app-pages-browser)/./lib/chat-transport.ts:137
[   75109ms] [LOG] [ChatTransport] onmessage triggered, has currentResponseHandler: true @ webpack-internal:///(app-pages-browser)/./lib/chat-transport.ts:41
[   75109ms] [LOG] [ChatTransport] responseHandler called, data: {"type":"delta","content":"预约","error":null,"message_id":"72698bb7-cc41-4c37-8839-4aa36718cf5f","conversation_id":null,"itinerary":null,"stage":null} @ webpack-internal:///(app-pages-browser)/./lib/chat-transport.ts:137
[   75147ms] [LOG] [ChatTransport] onmessage triggered, has currentResponseHandler: true @ webpack-internal:///(app-pages-browser)/./lib/chat-transport.ts:41
[   75147ms] [LOG] [ChatTransport] responseHandler called, data: {"type":"delta","content":"**","error":null,"message_id":"72698bb7-cc41-4c37-8839-4aa36718cf5f","conversation_id":null,"itinerary":null,"stage":null} @ webpack-internal:///(app-pages-browser)/./lib/chat-transport.ts:137
[   75153ms] [LOG] [ChatTransport] onmessage triggered, has currentResponseHandler: true @ webpack-internal:///(app-pages-browser)/./lib/chat-transport.ts:41
[   75153ms] [LOG] [ChatTransport] responseHandler called, data: {"type":"delta","content":"：\n","error":null,"message_id":"72698bb7-cc41-4c37-8839-4aa36718cf5f","conversation_id":null,"itinerary":null,"stage":null} @ webpack-internal:///(app-pages-browser)/./lib/chat-transport.ts:137
[   75153ms] [LOG] [ChatTransport] onmessage triggered, has currentResponseHandler: true @ webpack-internal:///(app-pages-browser)/./lib/chat-transport.ts:41
[   75153ms] [LOG] [ChatTransport] responseHandler called, data: {"type":"delta","content":"   ","error":null,"message_id":"72698bb7-cc41-4c37-8839-4aa36718cf5f","conversation_id":null,"itinerary":null,"stage":null} @ webpack-internal:///(app-pages-browser)/./lib/chat-transport.ts:137
[   75153ms] [LOG] [ChatTransport] onmessage triggered, has currentResponseHandler: true @ webpack-internal:///(app-pages-browser)/./lib/chat-transport.ts:41
[   75153ms] [LOG] [ChatTransport] responseHandler called, data: {"type":"delta","content":" *","error":null,"message_id":"72698bb7-cc41-4c37-8839-4aa36718cf5f","conversation_id":null,"itinerary":null,"stage":null} @ webpack-internal:///(app-pages-browser)/./lib/chat-transport.ts:137
[   75193ms] [LOG] [ChatTransport] onmessage triggered, has currentResponseHandler: true @ webpack-internal:///(app-pages-browser)/./lib/chat-transport.ts:41
[   75193ms] [LOG] [ChatTransport] responseHandler called, data: {"type":"delta","content":"  ","error":null,"message_id":"72698bb7-cc41-4c37-8839-4aa36718cf5f","conversation_id":null,"itinerary":null,"stage":null} @ webpack-internal:///(app-pages-browser)/./lib/chat-transport.ts:137
[   75198ms] [LOG] [ChatTransport] onmessage triggered, has currentResponseHandler: true @ webpack-internal:///(app-pages-browser)/./lib/chat-transport.ts:41
[   75199ms] [LOG] [ChatTransport] responseHandler called, data: {"type":"delta","content":" **","error":null,"message_id":"72698bb7-cc41-4c37-8839-4aa36718cf5f","conversation_id":null,"itinerary":null,"stage":null} @ webpack-internal:///(app-pages-browser)/./lib/chat-transport.ts:137
[   75284ms] [LOG] [ChatTransport] onmessage triggered, has currentResponseHandler: true @ webpack-internal:///(app-pages-browser)/./lib/chat-transport.ts:41
[   75284ms] [LOG] [ChatTransport] responseHandler called, data: {"type":"delta","content":"故宫","error":null,"message_id":"72698bb7-cc41-4c37-8839-4aa36718cf5f","conversation_id":null,"itinerary":null,"stage":null} @ webpack-internal:///(app-pages-browser)/./lib/chat-transport.ts:137
[   75287ms] [LOG] [ChatTransport] onmessage triggered, has currentResponseHandler: true @ webpack-internal:///(app-pages-browser)/./lib/chat-transport.ts:41
[   75287ms] [LOG] [ChatTransport] responseHandler called, data: {"type":"delta","content":"、","error":null,"message_id":"72698bb7-cc41-4c37-8839-4aa36718cf5f","conversation_id":null,"itinerary":null,"stage":null} @ webpack-internal:///(app-pages-browser)/./lib/chat-transport.ts:137
[   75303ms] [LOG] [ChatTransport] onmessage triggered, has currentResponseHandler: true @ webpack-internal:///(app-pages-browser)/./lib/chat-transport.ts:41
[   75304ms] [LOG] [ChatTransport] responseHandler called, data: {"type":"delta","content":"国家","error":null,"message_id":"72698bb7-cc41-4c37-8839-4aa36718cf5f","conversation_id":null,"itinerary":null,"stage":null} @ webpack-internal:///(app-pages-browser)/./lib/chat-transport.ts:137
[   75304ms] [LOG] [ChatTransport] onmessage triggered, has currentResponseHandler: true @ webpack-internal:///(app-pages-browser)/./lib/chat-transport.ts:41
[   75304ms] [LOG] [ChatTransport] responseHandler called, data: {"type":"delta","content":"博物馆","error":null,"message_id":"72698bb7-cc41-4c37-8839-4aa36718cf5f","conversation_id":null,"itinerary":null,"stage":null} @ webpack-internal:///(app-pages-browser)/./lib/chat-transport.ts:137
[   75381ms] [LOG] [ChatTransport] onmessage triggered, has currentResponseHandler: true @ webpack-internal:///(app-pages-browser)/./lib/chat-transport.ts:41
[   75381ms] [LOG] [ChatTransport] responseHandler called, data: {"type":"delta","content":"、","error":null,"message_id":"72698bb7-cc41-4c37-8839-4aa36718cf5f","conversation_id":null,"itinerary":null,"stage":null} @ webpack-internal:///(app-pages-browser)/./lib/chat-transport.ts:137
[   75381ms] [LOG] [ChatTransport] onmessage triggered, has currentResponseHandler: true @ webpack-internal:///(app-pages-browser)/./lib/chat-transport.ts:41
[   75381ms] [LOG] [ChatTransport] responseHandler called, data: {"type":"delta","content":"国家","error":null,"message_id":"72698bb7-cc41-4c37-8839-4aa36718cf5f","conversation_id":null,"itinerary":null,"stage":null} @ webpack-internal:///(app-pages-browser)/./lib/chat-transport.ts:137
[   75434ms] [LOG] [ChatTransport] onmessage triggered, has currentResponseHandler: true @ webpack-internal:///(app-pages-browser)/./lib/chat-transport.ts:41
[   75434ms] [LOG] [ChatTransport] responseHandler called, data: {"type":"delta","content":"自然","error":null,"message_id":"72698bb7-cc41-4c37-8839-4aa36718cf5f","conversation_id":null,"itinerary":null,"stage":null} @ webpack-internal:///(app-pages-browser)/./lib/chat-transport.ts:137
[   75440ms] [LOG] [ChatTransport] onmessage triggered, has currentResponseHandler: true @ webpack-internal:///(app-pages-browser)/./lib/chat-transport.ts:41
[   75440ms] [LOG] [ChatTransport] responseHandler called, data: {"type":"delta","content":"博物馆","error":null,"message_id":"72698bb7-cc41-4c37-8839-4aa36718cf5f","conversation_id":null,"itinerary":null,"stage":null} @ webpack-internal:///(app-pages-browser)/./lib/chat-transport.ts:137
[   75522ms] [LOG] [ChatTransport] onmessage triggered, has currentResponseHandler: true @ webpack-internal:///(app-pages-browser)/./lib/chat-transport.ts:41
[   75522ms] [LOG] [ChatTransport] responseHandler called, data: {"type":"delta","content":"**","error":null,"message_id":"72698bb7-cc41-4c37-8839-4aa36718cf5f","conversation_id":null,"itinerary":null,"stage":null} @ webpack-internal:///(app-pages-browser)/./lib/chat-transport.ts:137
[   75531ms] [LOG] [ChatTransport] onmessage triggered, has currentResponseHandler: true @ webpack-internal:///(app-pages-browser)/./lib/chat-transport.ts:41
[   75532ms] [LOG] [ChatTransport] responseHandler called, data: {"type":"delta","content":" ","error":null,"message_id":"72698bb7-cc41-4c37-8839-4aa36718cf5f","conversation_id":null,"itinerary":null,"stage":null} @ webpack-internal:///(app-pages-browser)/./lib/chat-transport.ts:137
[   75551ms] [LOG] [ChatTransport] onmessage triggered, has currentResponseHandler: true @ webpack-internal:///(app-pages-browser)/./lib/chat-transport.ts:41
[   75551ms] [LOG] [ChatTransport] responseHandler called, data: {"type":"delta","content":"等","error":null,"message_id":"72698bb7-cc41-4c37-8839-4aa36718cf5f","conversation_id":null,"itinerary":null,"stage":null} @ webpack-internal:///(app-pages-browser)/./lib/chat-transport.ts:137
[   75556ms] [LOG] [ChatTransport] onmessage triggered, has currentResponseHandler: true @ webpack-internal:///(app-pages-browser)/./lib/chat-transport.ts:41
[   75557ms] [LOG] [ChatTransport] responseHandler called, data: {"type":"delta","content":"热门","error":null,"message_id":"72698bb7-cc41-4c37-8839-4aa36718cf5f","conversation_id":null,"itinerary":null,"stage":null} @ webpack-internal:///(app-pages-browser)/./lib/chat-transport.ts:137
[   75741ms] [LOG] [ChatTransport] onmessage triggered, has currentResponseHandler: true @ webpack-internal:///(app-pages-browser)/./lib/chat-transport.ts:41
[   75741ms] [LOG] [ChatTransport] responseHandler called, data: {"type":"delta","content":"场馆","error":null,"message_id":"72698bb7-cc41-4c37-8839-4aa36718cf5f","conversation_id":null,"itinerary":null,"stage":null} @ webpack-internal:///(app-pages-browser)/./lib/chat-transport.ts:137
[   75751ms] [LOG] [ChatTransport] onmessage triggered, has currentResponseHandler: true @ webpack-internal:///(app-pages-browser)/./lib/chat-transport.ts:41
[   75751ms] [LOG] [ChatTransport] responseHandler called, data: {"type":"delta","content":"**","error":null,"message_id":"72698bb7-cc41-4c37-8839-4aa36718cf5f","conversation_id":null,"itinerary":null,"stage":null} @ webpack-internal:///(app-pages-browser)/./lib/chat-transport.ts:137
[   75754ms] [LOG] [ChatTransport] onmessage triggered, has currentResponseHandler: true @ webpack-internal:///(app-pages-browser)/./lib/chat-transport.ts:41
[   75755ms] [LOG] [ChatTransport] responseHandler called, data: {"type":"delta","content":"必须","error":null,"message_id":"72698bb7-cc41-4c37-8839-4aa36718cf5f","conversation_id":null,"itinerary":null,"stage":null} @ webpack-internal:///(app-pages-browser)/./lib/chat-transport.ts:137
[   75755ms] [LOG] [ChatTransport] onmessage triggered, has currentResponseHandler: true @ webpack-internal:///(app-pages-browser)/./lib/chat-transport.ts:41
[   75755ms] [LOG] [ChatTransport] responseHandler called, data: {"type":"delta","content":"提前","error":null,"message_id":"72698bb7-cc41-4c37-8839-4aa36718cf5f","conversation_id":null,"itinerary":null,"stage":null} @ webpack-internal:///(app-pages-browser)/./lib/chat-transport.ts:137
[   75759ms] [LOG] [ChatTransport] onmessage triggered, has currentResponseHandler: true @ webpack-internal:///(app-pages-browser)/./lib/chat-transport.ts:41
[   75759ms] [LOG] [ChatTransport] responseHandler called, data: {"type":"delta","content":"在线","error":null,"message_id":"72698bb7-cc41-4c37-8839-4aa36718cf5f","conversation_id":null,"itinerary":null,"stage":null} @ webpack-internal:///(app-pages-browser)/./lib/chat-transport.ts:137
[   75759ms] [LOG] [ChatTransport] onmessage triggered, has currentResponseHandler: true @ webpack-internal:///(app-pages-browser)/./lib/chat-transport.ts:41
[   75759ms] [LOG] [ChatTransport] responseHandler called, data: {"type":"delta","content":"实名","error":null,"message_id":"72698bb7-cc41-4c37-8839-4aa36718cf5f","conversation_id":null,"itinerary":null,"stage":null} @ webpack-internal:///(app-pages-browser)/./lib/chat-transport.ts:137
[   75797ms] [LOG] [ChatTransport] onmessage triggered, has currentResponseHandler: true @ webpack-internal:///(app-pages-browser)/./lib/chat-transport.ts:41
[   75797ms] [LOG] [ChatTransport] responseHandler called, data: {"type":"delta","content":"预约","error":null,"message_id":"72698bb7-cc41-4c37-8839-4aa36718cf5f","conversation_id":null,"itinerary":null,"stage":null} @ webpack-internal:///(app-pages-browser)/./lib/chat-transport.ts:137
[   75804ms] [LOG] [ChatTransport] onmessage triggered, has currentResponseHandler: true @ webpack-internal:///(app-pages-browser)/./lib/chat-transport.ts:41
[   75804ms] [LOG] [ChatTransport] responseHandler called, data: {"type":"delta","content":"**","error":null,"message_id":"72698bb7-cc41-4c37-8839-4aa36718cf5f","conversation_id":null,"itinerary":null,"stage":null} @ webpack-internal:///(app-pages-browser)/./lib/chat-transport.ts:137
[   75872ms] [LOG] [ChatTransport] onmessage triggered, has currentResponseHandler: true @ webpack-internal:///(app-pages-browser)/./lib/chat-transport.ts:41
[   75872ms] [LOG] [ChatTransport] responseHandler called, data: {"type":"delta","content":"（","error":null,"message_id":"72698bb7-cc41-4c37-8839-4aa36718cf5f","conversation_id":null,"itinerary":null,"stage":null} @ webpack-internal:///(app-pages-browser)/./lib/chat-transport.ts:137
[   75878ms] [LOG] [ChatTransport] onmessage triggered, has currentResponseHandler: true @ webpack-internal:///(app-pages-browser)/./lib/chat-transport.ts:41
[   75879ms] [LOG] [ChatTransport] responseHandler called, data: {"type":"delta","content":"通常","error":null,"message_id":"72698bb7-cc41-4c37-8839-4aa36718cf5f","conversation_id":null,"itinerary":null,"stage":null} @ webpack-internal:///(app-pages-browser)/./lib/chat-transport.ts:137
[   75982ms] [LOG] [ChatTransport] onmessage triggered, has currentResponseHandler: true @ webpack-internal:///(app-pages-browser)/./lib/chat-transport.ts:41
[   75982ms] [LOG] [ChatTransport] responseHandler called, data: {"type":"delta","content":"提前","error":null,"message_id":"72698bb7-cc41-4c37-8839-4aa36718cf5f","conversation_id":null,"itinerary":null,"stage":null} @ webpack-internal:///(app-pages-browser)/./lib/chat-transport.ts:137
[   75990ms] [LOG] [ChatTransport] onmessage triggered, has currentResponseHandler: true @ webpack-internal:///(app-pages-browser)/./lib/chat-transport.ts:41
[   75991ms] [LOG] [ChatTransport] responseHandler called, data: {"type":"delta","content":"1","error":null,"message_id":"72698bb7-cc41-4c37-8839-4aa36718cf5f","conversation_id":null,"itinerary":null,"stage":null} @ webpack-internal:///(app-pages-browser)/./lib/chat-transport.ts:137
[   76066ms] [LOG] [ChatTransport] onmessage triggered, has currentResponseHandler: true @ webpack-internal:///(app-pages-browser)/./lib/chat-transport.ts:41
[   76066ms] [LOG] [ChatTransport] responseHandler called, data: {"type":"delta","content":"-","error":null,"message_id":"72698bb7-cc41-4c37-8839-4aa36718cf5f","conversation_id":null,"itinerary":null,"stage":null} @ webpack-internal:///(app-pages-browser)/./lib/chat-transport.ts:137
[   76066ms] [LOG] [ChatTransport] onmessage triggered, has currentResponseHandler: true @ webpack-internal:///(app-pages-browser)/./lib/chat-transport.ts:41
[   76066ms] [LOG] [ChatTransport] responseHandler called, data: {"type":"delta","content":"7","error":null,"message_id":"72698bb7-cc41-4c37-8839-4aa36718cf5f","conversation_id":null,"itinerary":null,"stage":null} @ webpack-internal:///(app-pages-browser)/./lib/chat-transport.ts:137
[   76112ms] [LOG] [ChatTransport] onmessage triggered, has currentResponseHandler: true @ webpack-internal:///(app-pages-browser)/./lib/chat-transport.ts:41
[   76112ms] [LOG] [ChatTransport] responseHandler called, data: {"type":"delta","content":"天","error":null,"message_id":"72698bb7-cc41-4c37-8839-4aa36718cf5f","conversation_id":null,"itinerary":null,"stage":null} @ webpack-internal:///(app-pages-browser)/./lib/chat-transport.ts:137
[   76119ms] [LOG] [ChatTransport] onmessage triggered, has currentResponseHandler: true @ webpack-internal:///(app-pages-browser)/./lib/chat-transport.ts:41
[   76119ms] [LOG] [ChatTransport] responseHandler called, data: {"type":"delta","content":"），","error":null,"message_id":"72698bb7-cc41-4c37-8839-4aa36718cf5f","conversation_id":null,"itinerary":null,"stage":null} @ webpack-internal:///(app-pages-browser)/./lib/chat-transport.ts:137
[   76183ms] [LOG] [ChatTransport] onmessage triggered, has currentResponseHandler: true @ webpack-internal:///(app-pages-browser)/./lib/chat-transport.ts:41
[   76183ms] [LOG] [ChatTransport] responseHandler called, data: {"type":"delta","content":"现场","error":null,"message_id":"72698bb7-cc41-4c37-8839-4aa36718cf5f","conversation_id":null,"itinerary":null,"stage":null} @ webpack-internal:///(app-pages-browser)/./lib/chat-transport.ts:137
[   76242ms] [LOG] [ChatTransport] onmessage triggered, has currentResponseHandler: true @ webpack-internal:///(app-pages-browser)/./lib/chat-transport.ts:41
[   76242ms] [LOG] [ChatTransport] responseHandler called, data: {"type":"delta","content":"可能","error":null,"message_id":"72698bb7-cc41-4c37-8839-4aa36718cf5f","conversation_id":null,"itinerary":null,"stage":null} @ webpack-internal:///(app-pages-browser)/./lib/chat-transport.ts:137
[   76299ms] [LOG] [ChatTransport] onmessage triggered, has currentResponseHandler: true @ webpack-internal:///(app-pages-browser)/./lib/chat-transport.ts:41
[   76299ms] [LOG] [ChatTransport] responseHandler called, data: {"type":"delta","content":"无","error":null,"message_id":"72698bb7-cc41-4c37-8839-4aa36718cf5f","conversation_id":null,"itinerary":null,"stage":null} @ webpack-internal:///(app-pages-browser)/./lib/chat-transport.ts:137
[   76299ms] [LOG] [ChatTransport] onmessage triggered, has currentResponseHandler: true @ webpack-internal:///(app-pages-browser)/./lib/chat-transport.ts:41
[   76299ms] [LOG] [ChatTransport] responseHandler called, data: {"type":"delta","content":"票","error":null,"message_id":"72698bb7-cc41-4c37-8839-4aa36718cf5f","conversation_id":null,"itinerary":null,"stage":null} @ webpack-internal:///(app-pages-browser)/./lib/chat-transport.ts:137
[   76362ms] [LOG] [ChatTransport] onmessage triggered, has currentResponseHandler: true @ webpack-internal:///(app-pages-browser)/./lib/chat-transport.ts:41
[   76362ms] [LOG] [ChatTransport] responseHandler called, data: {"type":"delta","content":"。","error":null,"message_id":"72698bb7-cc41-4c37-8839-4aa36718cf5f","conversation_id":null,"itinerary":null,"stage":null} @ webpack-internal:///(app-pages-browser)/./lib/chat-transport.ts:137
[   76370ms] [LOG] [ChatTransport] onmessage triggered, has currentResponseHandler: true @ webpack-internal:///(app-pages-browser)/./lib/chat-transport.ts:41
[   76370ms] [LOG] [ChatTransport] responseHandler called, data: {"type":"delta","content":"请","error":null,"message_id":"72698bb7-cc41-4c37-8839-4aa36718cf5f","conversation_id":null,"itinerary":null,"stage":null} @ webpack-internal:///(app-pages-browser)/./lib/chat-transport.ts:137
[   76440ms] [LOG] [ChatTransport] onmessage triggered, has currentResponseHandler: true @ webpack-internal:///(app-pages-browser)/./lib/chat-transport.ts:41
[   76440ms] [LOG] [ChatTransport] responseHandler called, data: {"type":"delta","content":"通过","error":null,"message_id":"72698bb7-cc41-4c37-8839-4aa36718cf5f","conversation_id":null,"itinerary":null,"stage":null} @ webpack-internal:///(app-pages-browser)/./lib/chat-transport.ts:137
[   76494ms] [LOG] [ChatTransport] onmessage triggered, has currentResponseHandler: true @ webpack-internal:///(app-pages-browser)/./lib/chat-transport.ts:41
[   76494ms] [LOG] [ChatTransport] responseHandler called, data: {"type":"delta","content":"其","error":null,"message_id":"72698bb7-cc41-4c37-8839-4aa36718cf5f","conversation_id":null,"itinerary":null,"stage":null} @ webpack-internal:///(app-pages-browser)/./lib/chat-transport.ts:137
[   76556ms] [LOG] [ChatTransport] onmessage triggered, has currentResponseHandler: true @ webpack-internal:///(app-pages-browser)/./lib/chat-transport.ts:41
[   76557ms] [LOG] [ChatTransport] responseHandler called, data: {"type":"delta","content":"官方","error":null,"message_id":"72698bb7-cc41-4c37-8839-4aa36718cf5f","conversation_id":null,"itinerary":null,"stage":null} @ webpack-internal:///(app-pages-browser)/./lib/chat-transport.ts:137
[   76566ms] [LOG] [ChatTransport] onmessage triggered, has currentResponseHandler: true @ webpack-internal:///(app-pages-browser)/./lib/chat-transport.ts:41
[   76566ms] [LOG] [ChatTransport] responseHandler called, data: {"type":"delta","content":"微信公众号","error":null,"message_id":"72698bb7-cc41-4c37-8839-4aa36718cf5f","conversation_id":null,"itinerary":null,"stage":null} @ webpack-internal:///(app-pages-browser)/./lib/chat-transport.ts:137
[   76662ms] [LOG] [ChatTransport] onmessage triggered, has currentResponseHandler: true @ webpack-internal:///(app-pages-browser)/./lib/chat-transport.ts:41
[   76662ms] [LOG] [ChatTransport] responseHandler called, data: {"type":"delta","content":"或","error":null,"message_id":"72698bb7-cc41-4c37-8839-4aa36718cf5f","conversation_id":null,"itinerary":null,"stage":null} @ webpack-internal:///(app-pages-browser)/./lib/chat-transport.ts:137
[   76674ms] [LOG] [ChatTransport] onmessage triggered, has currentResponseHandler: true @ webpack-internal:///(app-pages-browser)/./lib/chat-transport.ts:41
[   76674ms] [LOG] [ChatTransport] responseHandler called, data: {"type":"delta","content":"网站","error":null,"message_id":"72698bb7-cc41-4c37-8839-4aa36718cf5f","conversation_id":null,"itinerary":null,"stage":null} @ webpack-internal:///(app-pages-browser)/./lib/chat-transport.ts:137
[   76692ms] [LOG] [ChatTransport] onmessage triggered, has currentResponseHandler: true @ webpack-internal:///(app-pages-browser)/./lib/chat-transport.ts:41
[   76692ms] [LOG] [ChatTransport] responseHandler called, data: {"type":"delta","content":"预约","error":null,"message_id":"72698bb7-cc41-4c37-8839-4aa36718cf5f","conversation_id":null,"itinerary":null,"stage":null} @ webpack-internal:///(app-pages-browser)/./lib/chat-transport.ts:137
[   76737ms] [LOG] [ChatTransport] onmessage triggered, has currentResponseHandler: true @ webpack-internal:///(app-pages-browser)/./lib/chat-transport.ts:41
[   76737ms] [LOG] [ChatTransport] responseHandler called, data: {"type":"delta","content":"。\n","error":null,"message_id":"72698bb7-cc41-4c37-8839-4aa36718cf5f","conversation_id":null,"itinerary":null,"stage":null} @ webpack-internal:///(app-pages-browser)/./lib/chat-transport.ts:137
[   76748ms] [LOG] [ChatTransport] onmessage triggered, has currentResponseHandler: true @ webpack-internal:///(app-pages-browser)/./lib/chat-transport.ts:41
[   76748ms] [LOG] [ChatTransport] responseHandler called, data: {"type":"delta","content":"   ","error":null,"message_id":"72698bb7-cc41-4c37-8839-4aa36718cf5f","conversation_id":null,"itinerary":null,"stage":null} @ webpack-internal:///(app-pages-browser)/./lib/chat-transport.ts:137
[   76801ms] [LOG] [ChatTransport] onmessage triggered, has currentResponseHandler: true @ webpack-internal:///(app-pages-browser)/./lib/chat-transport.ts:41
[   76801ms] [LOG] [ChatTransport] responseHandler called, data: {"type":"delta","content":" *","error":null,"message_id":"72698bb7-cc41-4c37-8839-4aa36718cf5f","conversation_id":null,"itinerary":null,"stage":null} @ webpack-internal:///(app-pages-browser)/./lib/chat-transport.ts:137
[   76801ms] [LOG] [ChatTransport] onmessage triggered, has currentResponseHandler: true @ webpack-internal:///(app-pages-browser)/./lib/chat-transport.ts:41
[   76801ms] [LOG] [ChatTransport] responseHandler called, data: {"type":"delta","content":"   ","error":null,"message_id":"72698bb7-cc41-4c37-8839-4aa36718cf5f","conversation_id":null,"itinerary":null,"stage":null} @ webpack-internal:///(app-pages-browser)/./lib/chat-transport.ts:137
[   76872ms] [LOG] [ChatTransport] onmessage triggered, has currentResponseHandler: true @ webpack-internal:///(app-pages-browser)/./lib/chat-transport.ts:41
[   76872ms] [LOG] [ChatTransport] responseHandler called, data: {"type":"delta","content":"天","error":null,"message_id":"72698bb7-cc41-4c37-8839-4aa36718cf5f","conversation_id":null,"itinerary":null,"stage":null} @ webpack-internal:///(app-pages-browser)/./lib/chat-transport.ts:137
[   76872ms] [LOG] [ChatTransport] onmessage triggered, has currentResponseHandler: true @ webpack-internal:///(app-pages-browser)/./lib/chat-transport.ts:41
[   76872ms] [LOG] [ChatTransport] responseHandler called, data: {"type":"delta","content":"坛","error":null,"message_id":"72698bb7-cc41-4c37-8839-4aa36718cf5f","conversation_id":null,"itinerary":null,"stage":null} @ webpack-internal:///(app-pages-browser)/./lib/chat-transport.ts:137
[   76917ms] [LOG] [ChatTransport] onmessage triggered, has currentResponseHandler: true @ webpack-internal:///(app-pages-browser)/./lib/chat-transport.ts:41
[   76917ms] [LOG] [ChatTransport] responseHandler called, data: {"type":"delta","content":"、","error":null,"message_id":"72698bb7-cc41-4c37-8839-4aa36718cf5f","conversation_id":null,"itinerary":null,"stage":null} @ webpack-internal:///(app-pages-browser)/./lib/chat-transport.ts:137
[   76926ms] [LOG] [ChatTransport] onmessage triggered, has currentResponseHandler: true @ webpack-internal:///(app-pages-browser)/./lib/chat-transport.ts:41
[   76926ms] [LOG] [ChatTransport] responseHandler called, data: {"type":"delta","content":"景","error":null,"message_id":"72698bb7-cc41-4c37-8839-4aa36718cf5f","conversation_id":null,"itinerary":null,"stage":null} @ webpack-internal:///(app-pages-browser)/./lib/chat-transport.ts:137
[   76987ms] [LOG] [ChatTransport] onmessage triggered, has currentResponseHandler: true @ webpack-internal:///(app-pages-browser)/./lib/chat-transport.ts:41
[   76987ms] [LOG] [ChatTransport] responseHandler called, data: {"type":"delta","content":"山","error":null,"message_id":"72698bb7-cc41-4c37-8839-4aa36718cf5f","conversation_id":null,"itinerary":null,"stage":null} @ webpack-internal:///(app-pages-browser)/./lib/chat-transport.ts:137
[   76994ms] [LOG] [ChatTransport] onmessage triggered, has currentResponseHandler: true @ webpack-internal:///(app-pages-browser)/./lib/chat-transport.ts:41
[   76995ms] [LOG] [ChatTransport] responseHandler called, data: {"type":"delta","content":"、","error":null,"message_id":"72698bb7-cc41-4c37-8839-4aa36718cf5f","conversation_id":null,"itinerary":null,"stage":null} @ webpack-internal:///(app-pages-browser)/./lib/chat-transport.ts:137
[   77047ms] [LOG] [ChatTransport] onmessage triggered, has currentResponseHandler: true @ webpack-internal:///(app-pages-browser)/./lib/chat-transport.ts:41
[   77047ms] [LOG] [ChatTransport] responseHandler called, data: {"type":"delta","content":"北海","error":null,"message_id":"72698bb7-cc41-4c37-8839-4aa36718cf5f","conversation_id":null,"itinerary":null,"stage":null} @ webpack-internal:///(app-pages-browser)/./lib/chat-transport.ts:137
[   77047ms] [LOG] [ChatTransport] onmessage triggered, has currentResponseHandler: true @ webpack-internal:///(app-pages-browser)/./lib/chat-transport.ts:41
[   77047ms] [LOG] [ChatTransport] responseHandler called, data: {"type":"delta","content":"等","error":null,"message_id":"72698bb7-cc41-4c37-8839-4aa36718cf5f","conversation_id":null,"itinerary":null,"stage":null} @ webpack-internal:///(app-pages-browser)/./lib/chat-transport.ts:137
[   77117ms] [LOG] [ChatTransport] onmessage triggered, has currentResponseHandler: true @ webpack-internal:///(app-pages-browser)/./lib/chat-transport.ts:41
[   77118ms] [LOG] [ChatTransport] responseHandler called, data: {"type":"delta","content":"公园","error":null,"message_id":"72698bb7-cc41-4c37-8839-4aa36718cf5f","conversation_id":null,"itinerary":null,"stage":null} @ webpack-internal:///(app-pages-browser)/./lib/chat-transport.ts:137
[   77129ms] [LOG] [ChatTransport] onmessage triggered, has currentResponseHandler: true @ webpack-internal:///(app-pages-browser)/./lib/chat-transport.ts:41
[   77129ms] [LOG] [ChatTransport] responseHandler called, data: {"type":"delta","content":"门票","error":null,"message_id":"72698bb7-cc41-4c37-8839-4aa36718cf5f","conversation_id":null,"itinerary":null,"stage":null} @ webpack-internal:///(app-pages-browser)/./lib/chat-transport.ts:137
[   77167ms] [LOG] [ChatTransport] onmessage triggered, has currentResponseHandler: true @ webpack-internal:///(app-pages-browser)/./lib/chat-transport.ts:41
[   77167ms] [LOG] [ChatTransport] responseHandler called, data: {"type":"delta","content":"相对","error":null,"message_id":"72698bb7-cc41-4c37-8839-4aa36718cf5f","conversation_id":null,"itinerary":null,"stage":null} @ webpack-internal:///(app-pages-browser)/./lib/chat-transport.ts:137
[   77242ms] [LOG] [ChatTransport] onmessage triggered, has currentResponseHandler: true @ webpack-internal:///(app-pages-browser)/./lib/chat-transport.ts:41
[   77243ms] [LOG] [ChatTransport] responseHandler called, data: {"type":"delta","content":"充裕","error":null,"message_id":"72698bb7-cc41-4c37-8839-4aa36718cf5f","conversation_id":null,"itinerary":null,"stage":null} @ webpack-internal:///(app-pages-browser)/./lib/chat-transport.ts:137
[   77293ms] [LOG] [ChatTransport] onmessage triggered, has currentResponseHandler: true @ webpack-internal:///(app-pages-browser)/./lib/chat-transport.ts:41
[   77293ms] [LOG] [ChatTransport] responseHandler called, data: {"type":"delta","content":"，","error":null,"message_id":"72698bb7-cc41-4c37-8839-4aa36718cf5f","conversation_id":null,"itinerary":null,"stage":null} @ webpack-internal:///(app-pages-browser)/./lib/chat-transport.ts:137
[   77293ms] [LOG] [ChatTransport] onmessage triggered, has currentResponseHandler: true @ webpack-internal:///(app-pages-browser)/./lib/chat-transport.ts:41
[   77293ms] [LOG] [ChatTransport] responseHandler called, data: {"type":"delta","content":"可","error":null,"message_id":"72698bb7-cc41-4c37-8839-4aa36718cf5f","conversation_id":null,"itinerary":null,"stage":null} @ webpack-internal:///(app-pages-browser)/./lib/chat-transport.ts:137
[   77474ms] [LOG] [ChatTransport] onmessage triggered, has currentResponseHandler: true @ webpack-internal:///(app-pages-browser)/./lib/chat-transport.ts:41
[   77474ms] [LOG] [ChatTransport] responseHandler called, data: {"type":"delta","content":"现场","error":null,"message_id":"72698bb7-cc41-4c37-8839-4aa36718cf5f","conversation_id":null,"itinerary":null,"stage":null} @ webpack-internal:///(app-pages-browser)/./lib/chat-transport.ts:137
[   77479ms] [LOG] [ChatTransport] onmessage triggered, has currentResponseHandler: true @ webpack-internal:///(app-pages-browser)/./lib/chat-transport.ts:41
[   77480ms] [LOG] [ChatTransport] responseHandler called, data: {"type":"delta","content":"购买","error":null,"message_id":"72698bb7-cc41-4c37-8839-4aa36718cf5f","conversation_id":null,"itinerary":null,"stage":null} @ webpack-internal:///(app-pages-browser)/./lib/chat-transport.ts:137
[   77480ms] [LOG] [ChatTransport] onmessage triggered, has currentResponseHandler: true @ webpack-internal:///(app-pages-browser)/./lib/chat-transport.ts:41
[   77480ms] [LOG] [ChatTransport] responseHandler called, data: {"type":"delta","content":"，","error":null,"message_id":"72698bb7-cc41-4c37-8839-4aa36718cf5f","conversation_id":null,"itinerary":null,"stage":null} @ webpack-internal:///(app-pages-browser)/./lib/chat-transport.ts:137
[   77486ms] [LOG] [ChatTransport] onmessage triggered, has currentResponseHandler: true @ webpack-internal:///(app-pages-browser)/./lib/chat-transport.ts:41
[   77486ms] [LOG] [ChatTransport] responseHandler called, data: {"type":"delta","content":"也可","error":null,"message_id":"72698bb7-cc41-4c37-8839-4aa36718cf5f","conversation_id":null,"itinerary":null,"stage":null} @ webpack-internal:///(app-pages-browser)/./lib/chat-transport.ts:137
[   77529ms] [LOG] [ChatTransport] onmessage triggered, has currentResponseHandler: true @ webpack-internal:///(app-pages-browser)/./lib/chat-transport.ts:41
[   77529ms] [LOG] [ChatTransport] responseHandler called, data: {"type":"delta","content":"通过","error":null,"message_id":"72698bb7-cc41-4c37-8839-4aa36718cf5f","conversation_id":null,"itinerary":null,"stage":null} @ webpack-internal:///(app-pages-browser)/./lib/chat-transport.ts:137
[   77598ms] [LOG] [ChatTransport] onmessage triggered, has currentResponseHandler: true @ webpack-internal:///(app-pages-browser)/./lib/chat-transport.ts:41
[   77598ms] [LOG] [ChatTransport] responseHandler called, data: {"type":"delta","content":"“","error":null,"message_id":"72698bb7-cc41-4c37-8839-4aa36718cf5f","conversation_id":null,"itinerary":null,"stage":null} @ webpack-internal:///(app-pages-browser)/./lib/chat-transport.ts:137
[   77652ms] [LOG] [ChatTransport] onmessage triggered, has currentResponseHandler: true @ webpack-internal:///(app-pages-browser)/./lib/chat-transport.ts:41
[   77652ms] [LOG] [ChatTransport] responseHandler called, data: {"type":"delta","content":"畅","error":null,"message_id":"72698bb7-cc41-4c37-8839-4aa36718cf5f","conversation_id":null,"itinerary":null,"stage":null} @ webpack-internal:///(app-pages-browser)/./lib/chat-transport.ts:137
[   77660ms] [LOG] [ChatTransport] onmessage triggered, has currentResponseHandler: true @ webpack-internal:///(app-pages-browser)/./lib/chat-transport.ts:41
[   77660ms] [LOG] [ChatTransport] responseHandler called, data: {"type":"delta","content":"游","error":null,"message_id":"72698bb7-cc41-4c37-8839-4aa36718cf5f","conversation_id":null,"itinerary":null,"stage":null} @ webpack-internal:///(app-pages-browser)/./lib/chat-transport.ts:137
[   77718ms] [LOG] [ChatTransport] onmessage triggered, has currentResponseHandler: true @ webpack-internal:///(app-pages-browser)/./lib/chat-transport.ts:41
[   77718ms] [LOG] [ChatTransport] responseHandler called, data: {"type":"delta","content":"公园","error":null,"message_id":"72698bb7-cc41-4c37-8839-4aa36718cf5f","conversation_id":null,"itinerary":null,"stage":null} @ webpack-internal:///(app-pages-browser)/./lib/chat-transport.ts:137
[   77726ms] [LOG] [ChatTransport] onmessage triggered, has currentResponseHandler: true @ webpack-internal:///(app-pages-browser)/./lib/chat-transport.ts:41
[   77726ms] [LOG] [ChatTransport] responseHandler called, data: {"type":"delta","content":"”","error":null,"message_id":"72698bb7-cc41-4c37-8839-4aa36718cf5f","conversation_id":null,"itinerary":null,"stage":null} @ webpack-internal:///(app-pages-browser)/./lib/chat-transport.ts:137
[   77796ms] [LOG] [ChatTransport] onmessage triggered, has currentResponseHandler: true @ webpack-internal:///(app-pages-browser)/./lib/chat-transport.ts:41
[   77796ms] [LOG] [ChatTransport] responseHandler called, data: {"type":"delta","content":"等","error":null,"message_id":"72698bb7-cc41-4c37-8839-4aa36718cf5f","conversation_id":null,"itinerary":null,"stage":null} @ webpack-internal:///(app-pages-browser)/./lib/chat-transport.ts:137
[   77803ms] [LOG] [ChatTransport] onmessage triggered, has currentResponseHandler: true @ webpack-internal:///(app-pages-browser)/./lib/chat-transport.ts:41
[   77803ms] [LOG] [ChatTransport] responseHandler called, data: {"type":"delta","content":"官方","error":null,"message_id":"72698bb7-cc41-4c37-8839-4aa36718cf5f","conversation_id":null,"itinerary":null,"stage":null} @ webpack-internal:///(app-pages-browser)/./lib/chat-transport.ts:137
[   77933ms] [LOG] [ChatTransport] onmessage triggered, has currentResponseHandler: true @ webpack-internal:///(app-pages-browser)/./lib/chat-transport.ts:41
[   77933ms] [LOG] [ChatTransport] responseHandler called, data: {"type":"delta","content":"平台","error":null,"message_id":"72698bb7-cc41-4c37-8839-4aa36718cf5f","conversation_id":null,"itinerary":null,"stage":null} @ webpack-internal:///(app-pages-browser)/./lib/chat-transport.ts:137
[   77946ms] [LOG] [ChatTransport] onmessage triggered, has currentResponseHandler: true @ webpack-internal:///(app-pages-browser)/./lib/chat-transport.ts:41
[   77946ms] [LOG] [ChatTransport] responseHandler called, data: {"type":"delta","content":"提前","error":null,"message_id":"72698bb7-cc41-4c37-8839-4aa36718cf5f","conversation_id":null,"itinerary":null,"stage":null} @ webpack-internal:///(app-pages-browser)/./lib/chat-transport.ts:137
[   78033ms] [LOG] [ChatTransport] onmessage triggered, has currentResponseHandler: true @ webpack-internal:///(app-pages-browser)/./lib/chat-transport.ts:41
[   78033ms] [LOG] [ChatTransport] responseHandler called, data: {"type":"delta","content":"购买","error":null,"message_id":"72698bb7-cc41-4c37-8839-4aa36718cf5f","conversation_id":null,"itinerary":null,"stage":null} @ webpack-internal:///(app-pages-browser)/./lib/chat-transport.ts:137
[   78040ms] [LOG] [ChatTransport] onmessage triggered, has currentResponseHandler: true @ webpack-internal:///(app-pages-browser)/./lib/chat-transport.ts:41
[   78040ms] [LOG] [ChatTransport] responseHandler called, data: {"type":"delta","content":"。\n\n","error":null,"message_id":"72698bb7-cc41-4c37-8839-4aa36718cf5f","conversation_id":null,"itinerary":null,"stage":null} @ webpack-internal:///(app-pages-browser)/./lib/chat-transport.ts:137
[   78067ms] [LOG] [ChatTransport] onmessage triggered, has currentResponseHandler: true @ webpack-internal:///(app-pages-browser)/./lib/chat-transport.ts:41
[   78067ms] [LOG] [ChatTransport] responseHandler called, data: {"type":"delta","content":"2","error":null,"message_id":"72698bb7-cc41-4c37-8839-4aa36718cf5f","conversation_id":null,"itinerary":null,"stage":null} @ webpack-internal:///(app-pages-browser)/./lib/chat-transport.ts:137
[   78073ms] [LOG] [ChatTransport] onmessage triggered, has currentResponseHandler: true @ webpack-internal:///(app-pages-browser)/./lib/chat-transport.ts:41
[   78073ms] [LOG] [ChatTransport] responseHandler called, data: {"type":"delta","content":".","error":null,"message_id":"72698bb7-cc41-4c37-8839-4aa36718cf5f","conversation_id":null,"itinerary":null,"stage":null} @ webpack-internal:///(app-pages-browser)/./lib/chat-transport.ts:137
[   78118ms] [LOG] [ChatTransport] onmessage triggered, has currentResponseHandler: true @ webpack-internal:///(app-pages-browser)/./lib/chat-transport.ts:41
[   78119ms] [LOG] [ChatTransport] responseHandler called, data: {"type":"delta","content":" ","error":null,"message_id":"72698bb7-cc41-4c37-8839-4aa36718cf5f","conversation_id":null,"itinerary":null,"stage":null} @ webpack-internal:///(app-pages-browser)/./lib/chat-transport.ts:137
[   78128ms] [LOG] [ChatTransport] onmessage triggered, has currentResponseHandler: true @ webpack-internal:///(app-pages-browser)/./lib/chat-transport.ts:41
[   78128ms] [LOG] [ChatTransport] responseHandler called, data: {"type":"delta","content":" **","error":null,"message_id":"72698bb7-cc41-4c37-8839-4aa36718cf5f","conversation_id":null,"itinerary":null,"stage":null} @ webpack-internal:///(app-pages-browser)/./lib/chat-transport.ts:137
[   78186ms] [LOG] [ChatTransport] onmessage triggered, has currentResponseHandler: true @ webpack-internal:///(app-pages-browser)/./lib/chat-transport.ts:41
[   78186ms] [LOG] [ChatTransport] responseHandler called, data: {"type":"delta","content":"交通","error":null,"message_id":"72698bb7-cc41-4c37-8839-4aa36718cf5f","conversation_id":null,"itinerary":null,"stage":null} @ webpack-internal:///(app-pages-browser)/./lib/chat-transport.ts:137
[   78192ms] [LOG] [ChatTransport] onmessage triggered, has currentResponseHandler: true @ webpack-internal:///(app-pages-browser)/./lib/chat-transport.ts:41
[   78192ms] [LOG] [ChatTransport] responseHandler called, data: {"type":"delta","content":"**","error":null,"message_id":"72698bb7-cc41-4c37-8839-4aa36718cf5f","conversation_id":null,"itinerary":null,"stage":null} @ webpack-internal:///(app-pages-browser)/./lib/chat-transport.ts:137
[   78239ms] [LOG] [ChatTransport] onmessage triggered, has currentResponseHandler: true @ webpack-internal:///(app-pages-browser)/./lib/chat-transport.ts:41
[   78239ms] [LOG] [ChatTransport] responseHandler called, data: {"type":"delta","content":"：\n","error":null,"message_id":"72698bb7-cc41-4c37-8839-4aa36718cf5f","conversation_id":null,"itinerary":null,"stage":null} @ webpack-internal:///(app-pages-browser)/./lib/chat-transport.ts:137
[   78252ms] [LOG] [ChatTransport] onmessage triggered, has currentResponseHandler: true @ webpack-internal:///(app-pages-browser)/./lib/chat-transport.ts:41
[   78252ms] [LOG] [ChatTransport] responseHandler called, data: {"type":"delta","content":"   ","error":null,"message_id":"72698bb7-cc41-4c37-8839-4aa36718cf5f","conversation_id":null,"itinerary":null,"stage":null} @ webpack-internal:///(app-pages-browser)/./lib/chat-transport.ts:137
[   78316ms] [LOG] [ChatTransport] onmessage triggered, has currentResponseHandler: true @ webpack-internal:///(app-pages-browser)/./lib/chat-transport.ts:41
[   78316ms] [LOG] [ChatTransport] responseHandler called, data: {"type":"delta","content":" *","error":null,"message_id":"72698bb7-cc41-4c37-8839-4aa36718cf5f","conversation_id":null,"itinerary":null,"stage":null} @ webpack-internal:///(app-pages-browser)/./lib/chat-transport.ts:137
[   78328ms] [LOG] [ChatTransport] onmessage triggered, has currentResponseHandler: true @ webpack-internal:///(app-pages-browser)/./lib/chat-transport.ts:41
[   78328ms] [LOG] [ChatTransport] responseHandler called, data: {"type":"delta","content":"   ","error":null,"message_id":"72698bb7-cc41-4c37-8839-4aa36718cf5f","conversation_id":null,"itinerary":null,"stage":null} @ webpack-internal:///(app-pages-browser)/./lib/chat-transport.ts:137
[   78336ms] [LOG] [ChatTransport] onmessage triggered, has currentResponseHandler: true @ webpack-internal:///(app-pages-browser)/./lib/chat-transport.ts:41
[   78336ms] [LOG] [ChatTransport] responseHandler called, data: {"type":"delta","content":"北京市","error":null,"message_id":"72698bb7-cc41-4c37-8839-4aa36718cf5f","conversation_id":null,"itinerary":null,"stage":null} @ webpack-internal:///(app-pages-browser)/./lib/chat-transport.ts:137
[   78336ms] [LOG] [ChatTransport] onmessage triggered, has currentResponseHandler: true @ webpack-internal:///(app-pages-browser)/./lib/chat-transport.ts:41
[   78336ms] [LOG] [ChatTransport] responseHandler called, data: {"type":"delta","content":"内","error":null,"message_id":"72698bb7-cc41-4c37-8839-4aa36718cf5f","conversation_id":null,"itinerary":null,"stage":null} @ webpack-internal:///(app-pages-browser)/./lib/chat-transport.ts:137
[   78352ms] [LOG] [ChatTransport] onmessage triggered, has currentResponseHandler: true @ webpack-internal:///(app-pages-browser)/./lib/chat-transport.ts:41
[   78353ms] [LOG] [ChatTransport] responseHandler called, data: {"type":"delta","content":"景点","error":null,"message_id":"72698bb7-cc41-4c37-8839-4aa36718cf5f","conversation_id":null,"itinerary":null,"stage":null} @ webpack-internal:///(app-pages-browser)/./lib/chat-transport.ts:137
[   78353ms] [LOG] [ChatTransport] onmessage triggered, has currentResponseHandler: true @ webpack-internal:///(app-pages-browser)/./lib/chat-transport.ts:41
[   78353ms] [LOG] [ChatTransport] responseHandler called, data: {"type":"delta","content":"地铁","error":null,"message_id":"72698bb7-cc41-4c37-8839-4aa36718cf5f","conversation_id":null,"itinerary":null,"stage":null} @ webpack-internal:///(app-pages-browser)/./lib/chat-transport.ts:137
[   78542ms] [LOG] [ChatTransport] onmessage triggered, has currentResponseHandler: true @ webpack-internal:///(app-pages-browser)/./lib/chat-transport.ts:41
[   78542ms] [LOG] [ChatTransport] responseHandler called, data: {"type":"delta","content":"通达","error":null,"message_id":"72698bb7-cc41-4c37-8839-4aa36718cf5f","conversation_id":null,"itinerary":null,"stage":null} @ webpack-internal:///(app-pages-browser)/./lib/chat-transport.ts:137
[   78551ms] [LOG] [ChatTransport] onmessage triggered, has currentResponseHandler: true @ webpack-internal:///(app-pages-browser)/./lib/chat-transport.ts:41
[   78551ms] [LOG] [ChatTransport] responseHandler called, data: {"type":"delta","content":"性","error":null,"message_id":"72698bb7-cc41-4c37-8839-4aa36718cf5f","conversation_id":null,"itinerary":null,"stage":null} @ webpack-internal:///(app-pages-browser)/./lib/chat-transport.ts:137
[   78555ms] [LOG] [ChatTransport] onmessage triggered, has currentResponseHandler: true @ webpack-internal:///(app-pages-browser)/./lib/chat-transport.ts:41
[   78555ms] [LOG] [ChatTransport] responseHandler called, data: {"type":"delta","content":"很好","error":null,"message_id":"72698bb7-cc41-4c37-8839-4aa36718cf5f","conversation_id":null,"itinerary":null,"stage":null} @ webpack-internal:///(app-pages-browser)/./lib/chat-transport.ts:137
[   78555ms] [LOG] [ChatTransport] onmessage triggered, has currentResponseHandler: true @ webpack-internal:///(app-pages-browser)/./lib/chat-transport.ts:41
[   78555ms] [LOG] [ChatTransport] responseHandler called, data: {"type":"delta","content":"。","error":null,"message_id":"72698bb7-cc41-4c37-8839-4aa36718cf5f","conversation_id":null,"itinerary":null,"stage":null} @ webpack-internal:///(app-pages-browser)/./lib/chat-transport.ts:137
[   78593ms] [LOG] [ChatTransport] onmessage triggered, has currentResponseHandler: true @ webpack-internal:///(app-pages-browser)/./lib/chat-transport.ts:41
[   78593ms] [LOG] [ChatTransport] responseHandler called, data: {"type":"delta","content":"建议","error":null,"message_id":"72698bb7-cc41-4c37-8839-4aa36718cf5f","conversation_id":null,"itinerary":null,"stage":null} @ webpack-internal:///(app-pages-browser)/./lib/chat-transport.ts:137
[   78594ms] [LOG] [ChatTransport] onmessage triggered, has currentResponseHandler: true @ webpack-internal:///(app-pages-browser)/./lib/chat-transport.ts:41
[   78594ms] [LOG] [ChatTransport] responseHandler called, data: {"type":"delta","content":"使用","error":null,"message_id":"72698bb7-cc41-4c37-8839-4aa36718cf5f","conversation_id":null,"itinerary":null,"stage":null} @ webpack-internal:///(app-pages-browser)/./lib/chat-transport.ts:137
[   78759ms] [LOG] [ChatTransport] onmessage triggered, has currentResponseHandler: true @ webpack-internal:///(app-pages-browser)/./lib/chat-transport.ts:41
[   78759ms] [LOG] [ChatTransport] responseHandler called, data: {"type":"delta","content":"手机","error":null,"message_id":"72698bb7-cc41-4c37-8839-4aa36718cf5f","conversation_id":null,"itinerary":null,"stage":null} @ webpack-internal:///(app-pages-browser)/./lib/chat-transport.ts:137
[   78771ms] [LOG] [ChatTransport] onmessage triggered, has currentResponseHandler: true @ webpack-internal:///(app-pages-browser)/./lib/chat-transport.ts:41
[   78771ms] [LOG] [ChatTransport] responseHandler called, data: {"type":"delta","content":"地图","error":null,"message_id":"72698bb7-cc41-4c37-8839-4aa36718cf5f","conversation_id":null,"itinerary":null,"stage":null} @ webpack-internal:///(app-pages-browser)/./lib/chat-transport.ts:137
[   78778ms] [LOG] [ChatTransport] onmessage triggered, has currentResponseHandler: true @ webpack-internal:///(app-pages-browser)/./lib/chat-transport.ts:41
[   78778ms] [LOG] [ChatTransport] responseHandler called, data: {"type":"delta","content":"APP","error":null,"message_id":"72698bb7-cc41-4c37-8839-4aa36718cf5f","conversation_id":null,"itinerary":null,"stage":null} @ webpack-internal:///(app-pages-browser)/./lib/chat-transport.ts:137
[   78783ms] [LOG] [ChatTransport] onmessage triggered, has currentResponseHandler: true @ webpack-internal:///(app-pages-browser)/./lib/chat-transport.ts:41
[   78783ms] [LOG] [ChatTransport] responseHandler called, data: {"type":"delta","content":"（","error":null,"message_id":"72698bb7-cc41-4c37-8839-4aa36718cf5f","conversation_id":null,"itinerary":null,"stage":null} @ webpack-internal:///(app-pages-browser)/./lib/chat-transport.ts:137
[   78831ms] [LOG] [ChatTransport] onmessage triggered, has currentResponseHandler: true @ webpack-internal:///(app-pages-browser)/./lib/chat-transport.ts:41
[   78831ms] [LOG] [ChatTransport] responseHandler called, data: {"type":"delta","content":"如","error":null,"message_id":"72698bb7-cc41-4c37-8839-4aa36718cf5f","conversation_id":null,"itinerary":null,"stage":null} @ webpack-internal:///(app-pages-browser)/./lib/chat-transport.ts:137
[   78837ms] [LOG] [ChatTransport] onmessage triggered, has currentResponseHandler: true @ webpack-internal:///(app-pages-browser)/./lib/chat-transport.ts:41
[   78837ms] [LOG] [ChatTransport] responseHandler called, data: {"type":"delta","content":"高","error":null,"message_id":"72698bb7-cc41-4c37-8839-4aa36718cf5f","conversation_id":null,"itinerary":null,"stage":null} @ webpack-internal:///(app-pages-browser)/./lib/chat-transport.ts:137
[   78864ms] [LOG] [ChatTransport] onmessage triggered, has currentResponseHandler: true @ webpack-internal:///(app-pages-browser)/./lib/chat-transport.ts:41
[   78864ms] [LOG] [ChatTransport] responseHandler called, data: {"type":"delta","content":"德","error":null,"message_id":"72698bb7-cc41-4c37-8839-4aa36718cf5f","conversation_id":null,"itinerary":null,"stage":null} @ webpack-internal:///(app-pages-browser)/./lib/chat-transport.ts:137
[   78870ms] [LOG] [ChatTransport] onmessage triggered, has currentResponseHandler: true @ webpack-internal:///(app-pages-browser)/./lib/chat-transport.ts:41
[   78870ms] [LOG] [ChatTransport] responseHandler called, data: {"type":"delta","content":"/","error":null,"message_id":"72698bb7-cc41-4c37-8839-4aa36718cf5f","conversation_id":null,"itinerary":null,"stage":null} @ webpack-internal:///(app-pages-browser)/./lib/chat-transport.ts:137
[   78915ms] [LOG] [ChatTransport] onmessage triggered, has currentResponseHandler: true @ webpack-internal:///(app-pages-browser)/./lib/chat-transport.ts:41
[   78915ms] [LOG] [ChatTransport] responseHandler called, data: {"type":"delta","content":"百度","error":null,"message_id":"72698bb7-cc41-4c37-8839-4aa36718cf5f","conversation_id":null,"itinerary":null,"stage":null} @ webpack-internal:///(app-pages-browser)/./lib/chat-transport.ts:137
[   78926ms] [LOG] [ChatTransport] onmessage triggered, has currentResponseHandler: true @ webpack-internal:///(app-pages-browser)/./lib/chat-transport.ts:41
[   78926ms] [LOG] [ChatTransport] responseHandler called, data: {"type":"delta","content":"地图","error":null,"message_id":"72698bb7-cc41-4c37-8839-4aa36718cf5f","conversation_id":null,"itinerary":null,"stage":null} @ webpack-internal:///(app-pages-browser)/./lib/chat-transport.ts:137
[   78959ms] [LOG] [ChatTransport] onmessage triggered, has currentResponseHandler: true @ webpack-internal:///(app-pages-browser)/./lib/chat-transport.ts:41
[   78959ms] [LOG] [ChatTransport] responseHandler called, data: {"type":"delta","content":"）","error":null,"message_id":"72698bb7-cc41-4c37-8839-4aa36718cf5f","conversation_id":null,"itinerary":null,"stage":null} @ webpack-internal:///(app-pages-browser)/./lib/chat-transport.ts:137
[   78965ms] [LOG] [ChatTransport] onmessage triggered, has currentResponseHandler: true @ webpack-internal:///(app-pages-browser)/./lib/chat-transport.ts:41
[   78965ms] [LOG] [ChatTransport] responseHandler called, data: {"type":"delta","content":"查询","error":null,"message_id":"72698bb7-cc41-4c37-8839-4aa36718cf5f","conversation_id":null,"itinerary":null,"stage":null} @ webpack-internal:///(app-pages-browser)/./lib/chat-transport.ts:137
[   79013ms] [LOG] [ChatTransport] onmessage triggered, has currentResponseHandler: true @ webpack-internal:///(app-pages-browser)/./lib/chat-transport.ts:41
[   79013ms] [LOG] [ChatTransport] responseHandler called, data: {"type":"delta","content":"实时","error":null,"message_id":"72698bb7-cc41-4c37-8839-4aa36718cf5f","conversation_id":null,"itinerary":null,"stage":null} @ webpack-internal:///(app-pages-browser)/./lib/chat-transport.ts:137
[   79023ms] [LOG] [ChatTransport] onmessage triggered, has currentResponseHandler: true @ webpack-internal:///(app-pages-browser)/./lib/chat-transport.ts:41
[   79023ms] [LOG] [ChatTransport] responseHandler called, data: {"type":"delta","content":"地","error":null,"message_id":"72698bb7-cc41-4c37-8839-4aa36718cf5f","conversation_id":null,"itinerary":null,"stage":null} @ webpack-internal:///(app-pages-browser)/./lib/chat-transport.ts:137
[   79075ms] [LOG] [ChatTransport] onmessage triggered, has currentResponseHandler: true @ webpack-internal:///(app-pages-browser)/./lib/chat-transport.ts:41
[   79076ms] [LOG] [ChatTransport] responseHandler called, data: {"type":"delta","content":"铁路","error":null,"message_id":"72698bb7-cc41-4c37-8839-4aa36718cf5f","conversation_id":null,"itinerary":null,"stage":null} @ webpack-internal:///(app-pages-browser)/./lib/chat-transport.ts:137
[   79087ms] [LOG] [ChatTransport] onmessage triggered, has currentResponseHandler: true @ webpack-internal:///(app-pages-browser)/./lib/chat-transport.ts:41
[   79087ms] [LOG] [ChatTransport] responseHandler called, data: {"type":"delta","content":"线","error":null,"message_id":"72698bb7-cc41-4c37-8839-4aa36718cf5f","conversation_id":null,"itinerary":null,"stage":null} @ webpack-internal:///(app-pages-browser)/./lib/chat-transport.ts:137
[   79138ms] [LOG] [ChatTransport] onmessage triggered, has currentResponseHandler: true @ webpack-internal:///(app-pages-browser)/./lib/chat-transport.ts:41
[   79138ms] [LOG] [ChatTransport] responseHandler called, data: {"type":"delta","content":"。\n","error":null,"message_id":"72698bb7-cc41-4c37-8839-4aa36718cf5f","conversation_id":null,"itinerary":null,"stage":null} @ webpack-internal:///(app-pages-browser)/./lib/chat-transport.ts:137
[   79214ms] [LOG] [ChatTransport] onmessage triggered, has currentResponseHandler: true @ webpack-internal:///(app-pages-browser)/./lib/chat-transport.ts:41
[   79215ms] [LOG] [ChatTransport] responseHandler called, data: {"type":"delta","content":"   ","error":null,"message_id":"72698bb7-cc41-4c37-8839-4aa36718cf5f","conversation_id":null,"itinerary":null,"stage":null} @ webpack-internal:///(app-pages-browser)/./lib/chat-transport.ts:137
[   79226ms] [LOG] [ChatTransport] onmessage triggered, has currentResponseHandler: true @ webpack-internal:///(app-pages-browser)/./lib/chat-transport.ts:41
[   79226ms] [LOG] [ChatTransport] responseHandler called, data: {"type":"delta","content":" *","error":null,"message_id":"72698bb7-cc41-4c37-8839-4aa36718cf5f","conversation_id":null,"itinerary":null,"stage":null} @ webpack-internal:///(app-pages-browser)/./lib/chat-transport.ts:137
[   79284ms] [LOG] [ChatTransport] onmessage triggered, has currentResponseHandler: true @ webpack-internal:///(app-pages-browser)/./lib/chat-transport.ts:41
[   79284ms] [LOG] [ChatTransport] responseHandler called, data: {"type":"delta","content":"   ","error":null,"message_id":"72698bb7-cc41-4c37-8839-4aa36718cf5f","conversation_id":null,"itinerary":null,"stage":null} @ webpack-internal:///(app-pages-browser)/./lib/chat-transport.ts:137
[   79289ms] [LOG] [ChatTransport] onmessage triggered, has currentResponseHandler: true @ webpack-internal:///(app-pages-browser)/./lib/chat-transport.ts:41
[   79289ms] [LOG] [ChatTransport] responseHandler called, data: {"type":"delta","content":"下载","error":null,"message_id":"72698bb7-cc41-4c37-8839-4aa36718cf5f","conversation_id":null,"itinerary":null,"stage":null} @ webpack-internal:///(app-pages-browser)/./lib/chat-transport.ts:137
[   79333ms] [LOG] [ChatTransport] onmessage triggered, has currentResponseHandler: true @ webpack-internal:///(app-pages-browser)/./lib/chat-transport.ts:41
[   79333ms] [LOG] [ChatTransport] responseHandler called, data: {"type":"delta","content":"“","error":null,"message_id":"72698bb7-cc41-4c37-8839-4aa36718cf5f","conversation_id":null,"itinerary":null,"stage":null} @ webpack-internal:///(app-pages-browser)/./lib/chat-transport.ts:137
[   79343ms] [LOG] [ChatTransport] onmessage triggered, has currentResponseHandler: true @ webpack-internal:///(app-pages-browser)/./lib/chat-transport.ts:41
[   79343ms] [LOG] [ChatTransport] responseHandler called, data: {"type":"delta","content":"亿","error":null,"message_id":"72698bb7-cc41-4c37-8839-4aa36718cf5f","conversation_id":null,"itinerary":null,"stage":null} @ webpack-internal:///(app-pages-browser)/./lib/chat-transport.ts:137
[   79395ms] [LOG] [ChatTransport] onmessage triggered, has currentResponseHandler: true @ webpack-internal:///(app-pages-browser)/./lib/chat-transport.ts:41
[   79395ms] [LOG] [ChatTransport] responseHandler called, data: {"type":"delta","content":"通行","error":null,"message_id":"72698bb7-cc41-4c37-8839-4aa36718cf5f","conversation_id":null,"itinerary":null,"stage":null} @ webpack-internal:///(app-pages-browser)/./lib/chat-transport.ts:137
[   79401ms] [LOG] [ChatTransport] onmessage triggered, has currentResponseHandler: true @ webpack-internal:///(app-pages-browser)/./lib/chat-transport.ts:41
[   79401ms] [LOG] [ChatTransport] responseHandler called, data: {"type":"delta","content":"”","error":null,"message_id":"72698bb7-cc41-4c37-8839-4aa36718cf5f","conversation_id":null,"itinerary":null,"stage":null} @ webpack-internal:///(app-pages-browser)/./lib/chat-transport.ts:137
[   79466ms] [LOG] [ChatTransport] onmessage triggered, has currentResponseHandler: true @ webpack-internal:///(app-pages-browser)/./lib/chat-transport.ts:41
[   79466ms] [LOG] [ChatTransport] responseHandler called, data: {"type":"delta","content":"APP","error":null,"message_id":"72698bb7-cc41-4c37-8839-4aa36718cf5f","conversation_id":null,"itinerary":null,"stage":null} @ webpack-internal:///(app-pages-browser)/./lib/chat-transport.ts:137
[   79468ms] [LOG] [ChatTransport] onmessage triggered, has currentResponseHandler: true @ webpack-internal:///(app-pages-browser)/./lib/chat-transport.ts:41
[   79468ms] [LOG] [ChatTransport] responseHandler called, data: {"type":"delta","content":"或","error":null,"message_id":"72698bb7-cc41-4c37-8839-4aa36718cf5f","conversation_id":null,"itinerary":null,"stage":null} @ webpack-internal:///(app-pages-browser)/./lib/chat-transport.ts:137
[   79520ms] [LOG] [ChatTransport] onmessage triggered, has currentResponseHandler: true @ webpack-internal:///(app-pages-browser)/./lib/chat-transport.ts:41
[   79520ms] [LOG] [ChatTransport] responseHandler called, data: {"type":"delta","content":"使用","error":null,"message_id":"72698bb7-cc41-4c37-8839-4aa36718cf5f","conversation_id":null,"itinerary":null,"stage":null} @ webpack-internal:///(app-pages-browser)/./lib/chat-transport.ts:137
[   79522ms] [LOG] [ChatTransport] onmessage triggered, has currentResponseHandler: true @ webpack-internal:///(app-pages-browser)/./lib/chat-transport.ts:41
[   79522ms] [LOG] [ChatTransport] responseHandler called, data: {"type":"delta","content":"支付宝","error":null,"message_id":"72698bb7-cc41-4c37-8839-4aa36718cf5f","conversation_id":null,"itinerary":null,"stage":null} @ webpack-internal:///(app-pages-browser)/./lib/chat-transport.ts:137
[   79587ms] [LOG] [ChatTransport] onmessage triggered, has currentResponseHandler: true @ webpack-internal:///(app-pages-browser)/./lib/chat-transport.ts:41
[   79587ms] [LOG] [ChatTransport] responseHandler called, data: {"type":"delta","content":"/","error":null,"message_id":"72698bb7-cc41-4c37-8839-4aa36718cf5f","conversation_id":null,"itinerary":null,"stage":null} @ webpack-internal:///(app-pages-browser)/./lib/chat-transport.ts:137
[   79589ms] [LOG] [ChatTransport] onmessage triggered, has currentResponseHandler: true @ webpack-internal:///(app-pages-browser)/./lib/chat-transport.ts:41
[   79589ms] [LOG] [ChatTransport] responseHandler called, data: {"type":"delta","content":"微信","error":null,"message_id":"72698bb7-cc41-4c37-8839-4aa36718cf5f","conversation_id":null,"itinerary":null,"stage":null} @ webpack-internal:///(app-pages-browser)/./lib/chat-transport.ts:137
[   79644ms] [LOG] [ChatTransport] onmessage triggered, has currentResponseHandler: true @ webpack-internal:///(app-pages-browser)/./lib/chat-transport.ts:41
[   79645ms] [LOG] [ChatTransport] responseHandler called, data: {"type":"delta","content":"的","error":null,"message_id":"72698bb7-cc41-4c37-8839-4aa36718cf5f","conversation_id":null,"itinerary":null,"stage":null} @ webpack-internal:///(app-pages-browser)/./lib/chat-transport.ts:137
[   79646ms] [LOG] [ChatTransport] onmessage triggered, has currentResponseHandler: true @ webpack-internal:///(app-pages-browser)/./lib/chat-transport.ts:41
[   79646ms] [LOG] [ChatTransport] responseHandler called, data: {"type":"delta","content":"北京","error":null,"message_id":"72698bb7-cc41-4c37-8839-4aa36718cf5f","conversation_id":null,"itinerary":null,"stage":null} @ webpack-internal:///(app-pages-browser)/./lib/chat-transport.ts:137
[   79702ms] [LOG] [ChatTransport] onmessage triggered, has currentResponseHandler: true @ webpack-internal:///(app-pages-browser)/./lib/chat-transport.ts:41
[   79703ms] [LOG] [ChatTransport] responseHandler called, data: {"type":"delta","content":"地铁","error":null,"message_id":"72698bb7-cc41-4c37-8839-4aa36718cf5f","conversation_id":null,"itinerary":null,"stage":null} @ webpack-internal:///(app-pages-browser)/./lib/chat-transport.ts:137
[   79706ms] [LOG] [ChatTransport] onmessage triggered, has currentResponseHandler: true @ webpack-internal:///(app-pages-browser)/./lib/chat-transport.ts:41
[   79706ms] [LOG] [ChatTransport] responseHandler called, data: {"type":"delta","content":"乘车","error":null,"message_id":"72698bb7-cc41-4c37-8839-4aa36718cf5f","conversation_id":null,"itinerary":null,"stage":null} @ webpack-internal:///(app-pages-browser)/./lib/chat-transport.ts:137
[   79772ms] [LOG] [ChatTransport] onmessage triggered, has currentResponseHandler: true @ webpack-internal:///(app-pages-browser)/./lib/chat-transport.ts:41
[   79772ms] [LOG] [ChatTransport] responseHandler called, data: {"type":"delta","content":"码","error":null,"message_id":"72698bb7-cc41-4c37-8839-4aa36718cf5f","conversation_id":null,"itinerary":null,"stage":null} @ webpack-internal:///(app-pages-browser)/./lib/chat-transport.ts:137
[   79778ms] [LOG] [ChatTransport] onmessage triggered, has currentResponseHandler: true @ webpack-internal:///(app-pages-browser)/./lib/chat-transport.ts:41
[   79778ms] [LOG] [ChatTransport] responseHandler called, data: {"type":"delta","content":"，","error":null,"message_id":"72698bb7-cc41-4c37-8839-4aa36718cf5f","conversation_id":null,"itinerary":null,"stage":null} @ webpack-internal:///(app-pages-browser)/./lib/chat-transport.ts:137
[   79836ms] [LOG] [ChatTransport] onmessage triggered, has currentResponseHandler: true @ webpack-internal:///(app-pages-browser)/./lib/chat-transport.ts:41
[   79836ms] [LOG] [ChatTransport] responseHandler called, data: {"type":"delta","content":"扫码","error":null,"message_id":"72698bb7-cc41-4c37-8839-4aa36718cf5f","conversation_id":null,"itinerary":null,"stage":null} @ webpack-internal:///(app-pages-browser)/./lib/chat-transport.ts:137
[   79914ms] [LOG] [ChatTransport] onmessage triggered, has currentResponseHandler: true @ webpack-internal:///(app-pages-browser)/./lib/chat-transport.ts:41
[   79914ms] [LOG] [ChatTransport] responseHandler called, data: {"type":"delta","content":"乘车","error":null,"message_id":"72698bb7-cc41-4c37-8839-4aa36718cf5f","conversation_id":null,"itinerary":null,"stage":null} @ webpack-internal:///(app-pages-browser)/./lib/chat-transport.ts:137
[   79923ms] [LOG] [ChatTransport] onmessage triggered, has currentResponseHandler: true @ webpack-internal:///(app-pages-browser)/./lib/chat-transport.ts:41
[   79923ms] [LOG] [ChatTransport] responseHandler called, data: {"type":"delta","content":"非常","error":null,"message_id":"72698bb7-cc41-4c37-8839-4aa36718cf5f","conversation_id":null,"itinerary":null,"stage":null} @ webpack-internal:///(app-pages-browser)/./lib/chat-transport.ts:137
[   79968ms] [LOG] [ChatTransport] onmessage triggered, has currentResponseHandler: true @ webpack-internal:///(app-pages-browser)/./lib/chat-transport.ts:41
[   79968ms] [LOG] [ChatTransport] responseHandler called, data: {"type":"delta","content":"方便","error":null,"message_id":"72698bb7-cc41-4c37-8839-4aa36718cf5f","conversation_id":null,"itinerary":null,"stage":null} @ webpack-internal:///(app-pages-browser)/./lib/chat-transport.ts:137
[   79976ms] [LOG] [ChatTransport] onmessage triggered, has currentResponseHandler: true @ webpack-internal:///(app-pages-browser)/./lib/chat-transport.ts:41
[   79977ms] [LOG] [ChatTransport] responseHandler called, data: {"type":"delta","content":"。\n","error":null,"message_id":"72698bb7-cc41-4c37-8839-4aa36718cf5f","conversation_id":null,"itinerary":null,"stage":null} @ webpack-internal:///(app-pages-browser)/./lib/chat-transport.ts:137
[   80028ms] [LOG] [ChatTransport] onmessage triggered, has currentResponseHandler: true @ webpack-internal:///(app-pages-browser)/./lib/chat-transport.ts:41
[   80028ms] [LOG] [ChatTransport] responseHandler called, data: {"type":"delta","content":"   ","error":null,"message_id":"72698bb7-cc41-4c37-8839-4aa36718cf5f","conversation_id":null,"itinerary":null,"stage":null} @ webpack-internal:///(app-pages-browser)/./lib/chat-transport.ts:137
[   80028ms] [LOG] [ChatTransport] onmessage triggered, has currentResponseHandler: true @ webpack-internal:///(app-pages-browser)/./lib/chat-transport.ts:41
[   80028ms] [LOG] [ChatTransport] responseHandler called, data: {"type":"delta","content":" *","error":null,"message_id":"72698bb7-cc41-4c37-8839-4aa36718cf5f","conversation_id":null,"itinerary":null,"stage":null} @ webpack-internal:///(app-pages-browser)/./lib/chat-transport.ts:137
[   80083ms] [LOG] [ChatTransport] onmessage triggered, has currentResponseHandler: true @ webpack-internal:///(app-pages-browser)/./lib/chat-transport.ts:41
[   80083ms] [LOG] [ChatTransport] responseHandler called, data: {"type":"delta","content":"   ","error":null,"message_id":"72698bb7-cc41-4c37-8839-4aa36718cf5f","conversation_id":null,"itinerary":null,"stage":null} @ webpack-internal:///(app-pages-browser)/./lib/chat-transport.ts:137
[   80090ms] [LOG] [ChatTransport] onmessage triggered, has currentResponseHandler: true @ webpack-internal:///(app-pages-browser)/./lib/chat-transport.ts:41
[   80090ms] [LOG] [ChatTransport] responseHandler called, data: {"type":"delta","content":"第一天","error":null,"message_id":"72698bb7-cc41-4c37-8839-4aa36718cf5f","conversation_id":null,"itinerary":null,"stage":null} @ webpack-internal:///(app-pages-browser)/./lib/chat-transport.ts:137
[   80199ms] [LOG] [ChatTransport] onmessage triggered, has currentResponseHandler: true @ webpack-internal:///(app-pages-browser)/./lib/chat-transport.ts:41
[   80199ms] [LOG] [ChatTransport] responseHandler called, data: {"type":"delta","content":"和","error":null,"message_id":"72698bb7-cc41-4c37-8839-4aa36718cf5f","conversation_id":null,"itinerary":null,"stage":null} @ webpack-internal:///(app-pages-browser)/./lib/chat-transport.ts:137
[   80220ms] [LOG] [ChatTransport] onmessage triggered, has currentResponseHandler: true @ webpack-internal:///(app-pages-browser)/./lib/chat-transport.ts:41
[   80220ms] [LOG] [ChatTransport] responseHandler called, data: {"type":"delta","content":"第三","error":null,"message_id":"72698bb7-cc41-4c37-8839-4aa36718cf5f","conversation_id":null,"itinerary":null,"stage":null} @ webpack-internal:///(app-pages-browser)/./lib/chat-transport.ts:137
[   80281ms] [LOG] [ChatTransport] onmessage triggered, has currentResponseHandler: true @ webpack-internal:///(app-pages-browser)/./lib/chat-transport.ts:41
[   80282ms] [LOG] [ChatTransport] responseHandler called, data: {"type":"delta","content":"天的","error":null,"message_id":"72698bb7-cc41-4c37-8839-4aa36718cf5f","conversation_id":null,"itinerary":null,"stage":null} @ webpack-internal:///(app-pages-browser)/./lib/chat-transport.ts:137
[   80288ms] [LOG] [ChatTransport] onmessage triggered, has currentResponseHandler: true @ webpack-internal:///(app-pages-browser)/./lib/chat-transport.ts:41
[   80288ms] [LOG] [ChatTransport] responseHandler called, data: {"type":"delta","content":"景点","error":null,"message_id":"72698bb7-cc41-4c37-8839-4aa36718cf5f","conversation_id":null,"itinerary":null,"stage":null} @ webpack-internal:///(app-pages-browser)/./lib/chat-transport.ts:137
[   80395ms] [LOG] [ChatTransport] onmessage triggered, has currentResponseHandler: true @ webpack-internal:///(app-pages-browser)/./lib/chat-transport.ts:41
[   80395ms] [LOG] [ChatTransport] responseHandler called, data: {"type":"delta","content":"非常","error":null,"message_id":"72698bb7-cc41-4c37-8839-4aa36718cf5f","conversation_id":null,"itinerary":null,"stage":null} @ webpack-internal:///(app-pages-browser)/./lib/chat-transport.ts:137
[   80406ms] [LOG] [ChatTransport] onmessage triggered, has currentResponseHandler: true @ webpack-internal:///(app-pages-browser)/./lib/chat-transport.ts:41
[   80406ms] [LOG] [ChatTransport] responseHandler called, data: {"type":"delta","content":"集中","error":null,"message_id":"72698bb7-cc41-4c37-8839-4aa36718cf5f","conversation_id":null,"itinerary":null,"stage":null} @ webpack-internal:///(app-pages-browser)/./lib/chat-transport.ts:137
[   80413ms] [LOG] [ChatTransport] onmessage triggered, has currentResponseHandler: true @ webpack-internal:///(app-pages-browser)/./lib/chat-transport.ts:41
[   80413ms] [LOG] [ChatTransport] responseHandler called, data: {"type":"delta","content":"，","error":null,"message_id":"72698bb7-cc41-4c37-8839-4aa36718cf5f","conversation_id":null,"itinerary":null,"stage":null} @ webpack-internal:///(app-pages-browser)/./lib/chat-transport.ts:137
[   80501ms] [LOG] [ChatTransport] onmessage triggered, has currentResponseHandler: true @ webpack-internal:///(app-pages-browser)/./lib/chat-transport.ts:41
[   80501ms] [LOG] [ChatTransport] responseHandler called, data: {"type":"delta","content":"很多","error":null,"message_id":"72698bb7-cc41-4c37-8839-4aa36718cf5f","conversation_id":null,"itinerary":null,"stage":null} @ webpack-internal:///(app-pages-browser)/./lib/chat-transport.ts:137
[   80512ms] [LOG] [ChatTransport] onmessage triggered, has currentResponseHandler: true @ webpack-internal:///(app-pages-browser)/./lib/chat-transport.ts:41
[   80512ms] [LOG] [ChatTransport] responseHandler called, data: {"type":"delta","content":"可以","error":null,"message_id":"72698bb7-cc41-4c37-8839-4aa36718cf5f","conversation_id":null,"itinerary":null,"stage":null} @ webpack-internal:///(app-pages-browser)/./lib/chat-transport.ts:137
[   80596ms] [LOG] [ChatTransport] onmessage triggered, has currentResponseHandler: true @ webpack-internal:///(app-pages-browser)/./lib/chat-transport.ts:41
[   80596ms] [LOG] [ChatTransport] responseHandler called, data: {"type":"delta","content":"步行","error":null,"message_id":"72698bb7-cc41-4c37-8839-4aa36718cf5f","conversation_id":null,"itinerary":null,"stage":null} @ webpack-internal:///(app-pages-browser)/./lib/chat-transport.ts:137
[   80603ms] [LOG] [ChatTransport] onmessage triggered, has currentResponseHandler: true @ webpack-internal:///(app-pages-browser)/./lib/chat-transport.ts:41
[   80603ms] [LOG] [ChatTransport] responseHandler called, data: {"type":"delta","content":"到达","error":null,"message_id":"72698bb7-cc41-4c37-8839-4aa36718cf5f","conversation_id":null,"itinerary":null,"stage":null} @ webpack-internal:///(app-pages-browser)/./lib/chat-transport.ts:137
[   80640ms] [LOG] [ChatTransport] onmessage triggered, has currentResponseHandler: true @ webpack-internal:///(app-pages-browser)/./lib/chat-transport.ts:41
[   80640ms] [LOG] [ChatTransport] responseHandler called, data: {"type":"delta","content":"，","error":null,"message_id":"72698bb7-cc41-4c37-8839-4aa36718cf5f","conversation_id":null,"itinerary":null,"stage":null} @ webpack-internal:///(app-pages-browser)/./lib/chat-transport.ts:137
[   80705ms] [LOG] [ChatTransport] onmessage triggered, has currentResponseHandler: true @ webpack-internal:///(app-pages-browser)/./lib/chat-transport.ts:41
[   80705ms] [LOG] [ChatTransport] responseHandler called, data: {"type":"delta","content":"请","error":null,"message_id":"72698bb7-cc41-4c37-8839-4aa36718cf5f","conversation_id":null,"itinerary":null,"stage":null} @ webpack-internal:///(app-pages-browser)/./lib/chat-transport.ts:137
[   80771ms] [LOG] [ChatTransport] onmessage triggered, has currentResponseHandler: true @ webpack-internal:///(app-pages-browser)/./lib/chat-transport.ts:41
[   80771ms] [LOG] [ChatTransport] responseHandler called, data: {"type":"delta","content":"准备","error":null,"message_id":"72698bb7-cc41-4c37-8839-4aa36718cf5f","conversation_id":null,"itinerary":null,"stage":null} @ webpack-internal:///(app-pages-browser)/./lib/chat-transport.ts:137
[   80828ms] [LOG] [ChatTransport] onmessage triggered, has currentResponseHandler: true @ webpack-internal:///(app-pages-browser)/./lib/chat-transport.ts:41
[   80829ms] [LOG] [ChatTransport] responseHandler called, data: {"type":"delta","content":"一双","error":null,"message_id":"72698bb7-cc41-4c37-8839-4aa36718cf5f","conversation_id":null,"itinerary":null,"stage":null} @ webpack-internal:///(app-pages-browser)/./lib/chat-transport.ts:137
[   80839ms] [LOG] [ChatTransport] onmessage triggered, has currentResponseHandler: true @ webpack-internal:///(app-pages-browser)/./lib/chat-transport.ts:41
[   80839ms] [LOG] [ChatTransport] responseHandler called, data: {"type":"delta","content":"舒适的","error":null,"message_id":"72698bb7-cc41-4c37-8839-4aa36718cf5f","conversation_id":null,"itinerary":null,"stage":null} @ webpack-internal:///(app-pages-browser)/./lib/chat-transport.ts:137
[   80893ms] [LOG] [ChatTransport] onmessage triggered, has currentResponseHandler: true @ webpack-internal:///(app-pages-browser)/./lib/chat-transport.ts:41
[   80893ms] [LOG] [ChatTransport] responseHandler called, data: {"type":"delta","content":"鞋子","error":null,"message_id":"72698bb7-cc41-4c37-8839-4aa36718cf5f","conversation_id":null,"itinerary":null,"stage":null} @ webpack-internal:///(app-pages-browser)/./lib/chat-transport.ts:137
[   80902ms] [LOG] [ChatTransport] onmessage triggered, has currentResponseHandler: true @ webpack-internal:///(app-pages-browser)/./lib/chat-transport.ts:41
[   80902ms] [LOG] [ChatTransport] responseHandler called, data: {"type":"delta","content":"。\n\n","error":null,"message_id":"72698bb7-cc41-4c37-8839-4aa36718cf5f","conversation_id":null,"itinerary":null,"stage":null} @ webpack-internal:///(app-pages-browser)/./lib/chat-transport.ts:137
[   80956ms] [LOG] [ChatTransport] onmessage triggered, has currentResponseHandler: true @ webpack-internal:///(app-pages-browser)/./lib/chat-transport.ts:41
[   80956ms] [LOG] [ChatTransport] responseHandler called, data: {"type":"delta","content":"3","error":null,"message_id":"72698bb7-cc41-4c37-8839-4aa36718cf5f","conversation_id":null,"itinerary":null,"stage":null} @ webpack-internal:///(app-pages-browser)/./lib/chat-transport.ts:137
[   80966ms] [LOG] [ChatTransport] onmessage triggered, has currentResponseHandler: true @ webpack-internal:///(app-pages-browser)/./lib/chat-transport.ts:41
[   80966ms] [LOG] [ChatTransport] responseHandler called, data: {"type":"delta","content":".","error":null,"message_id":"72698bb7-cc41-4c37-8839-4aa36718cf5f","conversation_id":null,"itinerary":null,"stage":null} @ webpack-internal:///(app-pages-browser)/./lib/chat-transport.ts:137
[   81026ms] [LOG] [ChatTransport] onmessage triggered, has currentResponseHandler: true @ webpack-internal:///(app-pages-browser)/./lib/chat-transport.ts:41
[   81026ms] [LOG] [ChatTransport] responseHandler called, data: {"type":"delta","content":" ","error":null,"message_id":"72698bb7-cc41-4c37-8839-4aa36718cf5f","conversation_id":null,"itinerary":null,"stage":null} @ webpack-internal:///(app-pages-browser)/./lib/chat-transport.ts:137
[   81026ms] [LOG] [ChatTransport] onmessage triggered, has currentResponseHandler: true @ webpack-internal:///(app-pages-browser)/./lib/chat-transport.ts:41
[   81026ms] [LOG] [ChatTransport] responseHandler called, data: {"type":"delta","content":" **","error":null,"message_id":"72698bb7-cc41-4c37-8839-4aa36718cf5f","conversation_id":null,"itinerary":null,"stage":null} @ webpack-internal:///(app-pages-browser)/./lib/chat-transport.ts:137
[   81117ms] [LOG] [ChatTransport] onmessage triggered, has currentResponseHandler: true @ webpack-internal:///(app-pages-browser)/./lib/chat-transport.ts:41
[   81118ms] [LOG] [ChatTransport] responseHandler called, data: {"type":"delta","content":"餐饮","error":null,"message_id":"72698bb7-cc41-4c37-8839-4aa36718cf5f","conversation_id":null,"itinerary":null,"stage":null} @ webpack-internal:///(app-pages-browser)/./lib/chat-transport.ts:137
[   81124ms] [LOG] [ChatTransport] onmessage triggered, has currentResponseHandler: true @ webpack-internal:///(app-pages-browser)/./lib/chat-transport.ts:41
[   81124ms] [LOG] [ChatTransport] responseHandler called, data: {"type":"delta","content":"**","error":null,"message_id":"72698bb7-cc41-4c37-8839-4aa36718cf5f","conversation_id":null,"itinerary":null,"stage":null} @ webpack-internal:///(app-pages-browser)/./lib/chat-transport.ts:137
[   81140ms] [LOG] [ChatTransport] onmessage triggered, has currentResponseHandler: true @ webpack-internal:///(app-pages-browser)/./lib/chat-transport.ts:41
[   81141ms] [LOG] [ChatTransport] responseHandler called, data: {"type":"delta","content":"：\n","error":null,"message_id":"72698bb7-cc41-4c37-8839-4aa36718cf5f","conversation_id":null,"itinerary":null,"stage":null} @ webpack-internal:///(app-pages-browser)/./lib/chat-transport.ts:137
[   81146ms] [LOG] [ChatTransport] onmessage triggered, has currentResponseHandler: true @ webpack-internal:///(app-pages-browser)/./lib/chat-transport.ts:41
[   81146ms] [LOG] [ChatTransport] responseHandler called, data: {"type":"delta","content":"   ","error":null,"message_id":"72698bb7-cc41-4c37-8839-4aa36718cf5f","conversation_id":null,"itinerary":null,"stage":null} @ webpack-internal:///(app-pages-browser)/./lib/chat-transport.ts:137
[   81231ms] [LOG] [ChatTransport] onmessage triggered, has currentResponseHandler: true @ webpack-internal:///(app-pages-browser)/./lib/chat-transport.ts:41
[   81231ms] [LOG] [ChatTransport] responseHandler called, data: {"type":"delta","content":" *","error":null,"message_id":"72698bb7-cc41-4c37-8839-4aa36718cf5f","conversation_id":null,"itinerary":null,"stage":null} @ webpack-internal:///(app-pages-browser)/./lib/chat-transport.ts:137
[   81237ms] [LOG] [ChatTransport] onmessage triggered, has currentResponseHandler: true @ webpack-internal:///(app-pages-browser)/./lib/chat-transport.ts:41
[   81237ms] [LOG] [ChatTransport] responseHandler called, data: {"type":"delta","content":"   ","error":null,"message_id":"72698bb7-cc41-4c37-8839-4aa36718cf5f","conversation_id":null,"itinerary":null,"stage":null} @ webpack-internal:///(app-pages-browser)/./lib/chat-transport.ts:137
[   81268ms] [LOG] [ChatTransport] onmessage triggered, has currentResponseHandler: true @ webpack-internal:///(app-pages-browser)/./lib/chat-transport.ts:41
[   81268ms] [LOG] [ChatTransport] responseHandler called, data: {"type":"delta","content":"除了","error":null,"message_id":"72698bb7-cc41-4c37-8839-4aa36718cf5f","conversation_id":null,"itinerary":null,"stage":null} @ webpack-internal:///(app-pages-browser)/./lib/chat-transport.ts:137
[   81268ms] [LOG] [ChatTransport] onmessage triggered, has currentResponseHandler: true @ webpack-internal:///(app-pages-browser)/./lib/chat-transport.ts:41
[   81268ms] [LOG] [ChatTransport] responseHandler called, data: {"type":"delta","content":"提到的","error":null,"message_id":"72698bb7-cc41-4c37-8839-4aa36718cf5f","conversation_id":null,"itinerary":null,"stage":null} @ webpack-internal:///(app-pages-browser)/./lib/chat-transport.ts:137
[   81359ms] [LOG] [ChatTransport] onmessage triggered, has currentResponseHandler: true @ webpack-internal:///(app-pages-browser)/./lib/chat-transport.ts:41
[   81359ms] [LOG] [ChatTransport] responseHandler called, data: {"type":"delta","content":"前","error":null,"message_id":"72698bb7-cc41-4c37-8839-4aa36718cf5f","conversation_id":null,"itinerary":null,"stage":null} @ webpack-internal:///(app-pages-browser)/./lib/chat-transport.ts:137
[   81414ms] [LOG] [ChatTransport] onmessage triggered, has currentResponseHandler: true @ webpack-internal:///(app-pages-browser)/./lib/chat-transport.ts:41
[   81414ms] [LOG] [ChatTransport] responseHandler called, data: {"type":"delta","content":"门","error":null,"message_id":"72698bb7-cc41-4c37-8839-4aa36718cf5f","conversation_id":null,"itinerary":null,"stage":null} @ webpack-internal:///(app-pages-browser)/./lib/chat-transport.ts:137
[   81421ms] [LOG] [ChatTransport] onmessage triggered, has currentResponseHandler: true @ webpack-internal:///(app-pages-browser)/./lib/chat-transport.ts:41
[   81421ms] [LOG] [ChatTransport] responseHandler called, data: {"type":"delta","content":"、","error":null,"message_id":"72698bb7-cc41-4c37-8839-4aa36718cf5f","conversation_id":null,"itinerary":null,"stage":null} @ webpack-internal:///(app-pages-browser)/./lib/chat-transport.ts:137
[   81498ms] [LOG] [ChatTransport] onmessage triggered, has currentResponseHandler: true @ webpack-internal:///(app-pages-browser)/./lib/chat-transport.ts:41
[   81498ms] [LOG] [ChatTransport] responseHandler called, data: {"type":"delta","content":"王府","error":null,"message_id":"72698bb7-cc41-4c37-8839-4aa36718cf5f","conversation_id":null,"itinerary":null,"stage":null} @ webpack-internal:///(app-pages-browser)/./lib/chat-transport.ts:137
[   81505ms] [LOG] [ChatTransport] onmessage triggered, has currentResponseHandler: true @ webpack-internal:///(app-pages-browser)/./lib/chat-transport.ts:41
[   81505ms] [LOG] [ChatTransport] responseHandler called, data: {"type":"delta","content":"井","error":null,"message_id":"72698bb7-cc41-4c37-8839-4aa36718cf5f","conversation_id":null,"itinerary":null,"stage":null} @ webpack-internal:///(app-pages-browser)/./lib/chat-transport.ts:137
[   81529ms] [LOG] [ChatTransport] onmessage triggered, has currentResponseHandler: true @ webpack-internal:///(app-pages-browser)/./lib/chat-transport.ts:41
[   81529ms] [LOG] [ChatTransport] responseHandler called, data: {"type":"delta","content":"、","error":null,"message_id":"72698bb7-cc41-4c37-8839-4aa36718cf5f","conversation_id":null,"itinerary":null,"stage":null} @ webpack-internal:///(app-pages-browser)/./lib/chat-transport.ts:137
[   81535ms] [LOG] [ChatTransport] onmessage triggered, has currentResponseHandler: true @ webpack-internal:///(app-pages-browser)/./lib/chat-transport.ts:41
[   81535ms] [LOG] [ChatTransport] responseHandler called, data: {"type":"delta","content":"南","error":null,"message_id":"72698bb7-cc41-4c37-8839-4aa36718cf5f","conversation_id":null,"itinerary":null,"stage":null} @ webpack-internal:///(app-pages-browser)/./lib/chat-transport.ts:137
[   81602ms] [LOG] [ChatTransport] onmessage triggered, has currentResponseHandler: true @ webpack-internal:///(app-pages-browser)/./lib/chat-transport.ts:41
[   81602ms] [LOG] [ChatTransport] responseHandler called, data: {"type":"delta","content":"锣","error":null,"message_id":"72698bb7-cc41-4c37-8839-4aa36718cf5f","conversation_id":null,"itinerary":null,"stage":null} @ webpack-internal:///(app-pages-browser)/./lib/chat-transport.ts:137
[   81608ms] [LOG] [ChatTransport] onmessage triggered, has currentResponseHandler: true @ webpack-internal:///(app-pages-browser)/./lib/chat-transport.ts:41
[   81608ms] [LOG] [ChatTransport] responseHandler called, data: {"type":"delta","content":"鼓","error":null,"message_id":"72698bb7-cc41-4c37-8839-4aa36718cf5f","conversation_id":null,"itinerary":null,"stage":null} @ webpack-internal:///(app-pages-browser)/./lib/chat-transport.ts:137
[   81642ms] [LOG] [ChatTransport] onmessage triggered, has currentResponseHandler: true @ webpack-internal:///(app-pages-browser)/./lib/chat-transport.ts:41
[   81642ms] [LOG] [ChatTransport] responseHandler called, data: {"type":"delta","content":"巷","error":null,"message_id":"72698bb7-cc41-4c37-8839-4aa36718cf5f","conversation_id":null,"itinerary":null,"stage":null} @ webpack-internal:///(app-pages-browser)/./lib/chat-transport.ts:137
[   81642ms] [LOG] [ChatTransport] onmessage triggered, has currentResponseHandler: true @ webpack-internal:///(app-pages-browser)/./lib/chat-transport.ts:41
[   81642ms] [LOG] [ChatTransport] responseHandler called, data: {"type":"delta","content":"，","error":null,"message_id":"72698bb7-cc41-4c37-8839-4aa36718cf5f","conversation_id":null,"itinerary":null,"stage":null} @ webpack-internal:///(app-pages-browser)/./lib/chat-transport.ts:137
[   81757ms] [LOG] [ChatTransport] onmessage triggered, has currentResponseHandler: true @ webpack-internal:///(app-pages-browser)/./lib/chat-transport.ts:41
[   81757ms] [LOG] [ChatTransport] responseHandler called, data: {"type":"delta","content":"牛","error":null,"message_id":"72698bb7-cc41-4c37-8839-4aa36718cf5f","conversation_id":null,"itinerary":null,"stage":null} @ webpack-internal:///(app-pages-browser)/./lib/chat-transport.ts:137
[   81804ms] [LOG] [ChatTransport] onmessage triggered, has currentResponseHandler: true @ webpack-internal:///(app-pages-browser)/./lib/chat-transport.ts:41
[   81804ms] [LOG] [ChatTransport] responseHandler called, data: {"type":"delta","content":"街","error":null,"message_id":"72698bb7-cc41-4c37-8839-4aa36718cf5f","conversation_id":null,"itinerary":null,"stage":null} @ webpack-internal:///(app-pages-browser)/./lib/chat-transport.ts:137
[   81804ms] [LOG] [ChatTransport] onmessage triggered, has currentResponseHandler: true @ webpack-internal:///(app-pages-browser)/./lib/chat-transport.ts:41
[   81804ms] [LOG] [ChatTransport] responseHandler called, data: {"type":"delta","content":"是","error":null,"message_id":"72698bb7-cc41-4c37-8839-4aa36718cf5f","conversation_id":null,"itinerary":null,"stage":null} @ webpack-internal:///(app-pages-browser)/./lib/chat-transport.ts:137
[   81831ms] [LOG] [ChatTransport] onmessage triggered, has currentResponseHandler: true @ webpack-internal:///(app-pages-browser)/./lib/chat-transport.ts:41
[   81832ms] [LOG] [ChatTransport] responseHandler called, data: {"type":"delta","content":"著名的","error":null,"message_id":"72698bb7-cc41-4c37-8839-4aa36718cf5f","conversation_id":null,"itinerary":null,"stage":null} @ webpack-internal:///(app-pages-browser)/./lib/chat-transport.ts:137
[   82181ms] [LOG] [ChatTransport] onmessage triggered, has currentResponseHandler: true @ webpack-internal:///(app-pages-browser)/./lib/chat-transport.ts:41
[   82181ms] [LOG] [ChatTransport] responseHandler called, data: {"type":"delta","content":"清真","error":null,"message_id":"72698bb7-cc41-4c37-8839-4aa36718cf5f","conversation_id":null,"itinerary":null,"stage":null} @ webpack-internal:///(app-pages-browser)/./lib/chat-transport.ts:137
[   82181ms] [LOG] [ChatTransport] onmessage triggered, has currentResponseHandler: true @ webpack-internal:///(app-pages-browser)/./lib/chat-transport.ts:41
[   82181ms] [LOG] [ChatTransport] responseHandler called, data: {"type":"delta","content":"美食","error":null,"message_id":"72698bb7-cc41-4c37-8839-4aa36718cf5f","conversation_id":null,"itinerary":null,"stage":null} @ webpack-internal:///(app-pages-browser)/./lib/chat-transport.ts:137
[   82188ms] [LOG] [ChatTransport] onmessage triggered, has currentResponseHandler: true @ webpack-internal:///(app-pages-browser)/./lib/chat-transport.ts:41
[   82188ms] [LOG] [ChatTransport] responseHandler called, data: {"type":"delta","content":"聚集","error":null,"message_id":"72698bb7-cc41-4c37-8839-4aa36718cf5f","conversation_id":null,"itinerary":null,"stage":null} @ webpack-internal:///(app-pages-browser)/./lib/chat-transport.ts:137
[   82195ms] [LOG] [ChatTransport] onmessage triggered, has currentResponseHandler: true @ webpack-internal:///(app-pages-browser)/./lib/chat-transport.ts:41
[   82196ms] [LOG] [ChatTransport] responseHandler called, data: {"type":"delta","content":"地","error":null,"message_id":"72698bb7-cc41-4c37-8839-4aa36718cf5f","conversation_id":null,"itinerary":null,"stage":null} @ webpack-internal:///(app-pages-browser)/./lib/chat-transport.ts:137
[   82196ms] [LOG] [ChatTransport] onmessage triggered, has currentResponseHandler: true @ webpack-internal:///(app-pages-browser)/./lib/chat-transport.ts:41
[   82196ms] [LOG] [ChatTransport] responseHandler called, data: {"type":"delta","content":"，","error":null,"message_id":"72698bb7-cc41-4c37-8839-4aa36718cf5f","conversation_id":null,"itinerary":null,"stage":null} @ webpack-internal:///(app-pages-browser)/./lib/chat-transport.ts:137
[   82196ms] [LOG] [ChatTransport] onmessage triggered, has currentResponseHandler: true @ webpack-internal:///(app-pages-browser)/./lib/chat-transport.ts:41
[   82196ms] [LOG] [ChatTransport] responseHandler called, data: {"type":"delta","content":"护","error":null,"message_id":"72698bb7-cc41-4c37-8839-4aa36718cf5f","conversation_id":null,"itinerary":null,"stage":null} @ webpack-internal:///(app-pages-browser)/./lib/chat-transport.ts:137
[   82196ms] [LOG] [ChatTransport] onmessage triggered, has currentResponseHandler: true @ webpack-internal:///(app-pages-browser)/./lib/chat-transport.ts:41
[   82196ms] [LOG] [ChatTransport] responseHandler called, data: {"type":"delta","content":"国","error":null,"message_id":"72698bb7-cc41-4c37-8839-4aa36718cf5f","conversation_id":null,"itinerary":null,"stage":null} @ webpack-internal:///(app-pages-browser)/./lib/chat-transport.ts:137
[   82196ms] [LOG] [ChatTransport] onmessage triggered, has currentResponseHandler: true @ webpack-internal:///(app-pages-browser)/./lib/chat-transport.ts:41
[   82196ms] [LOG] [ChatTransport] responseHandler called, data: {"type":"delta","content":"寺","error":null,"message_id":"72698bb7-cc41-4c37-8839-4aa36718cf5f","conversation_id":null,"itinerary":null,"stage":null} @ webpack-internal:///(app-pages-browser)/./lib/chat-transport.ts:137
[   82196ms] [LOG] [ChatTransport] onmessage triggered, has currentResponseHandler: true @ webpack-internal:///(app-pages-browser)/./lib/chat-transport.ts:41
[   82196ms] [LOG] [ChatTransport] responseHandler called, data: {"type":"delta","content":"小吃","error":null,"message_id":"72698bb7-cc41-4c37-8839-4aa36718cf5f","conversation_id":null,"itinerary":null,"stage":null} @ webpack-internal:///(app-pages-browser)/./lib/chat-transport.ts:137
[   82196ms] [LOG] [ChatTransport] onmessage triggered, has currentResponseHandler: true @ webpack-internal:///(app-pages-browser)/./lib/chat-transport.ts:41
[   82196ms] [LOG] [ChatTransport] responseHandler called, data: {"type":"delta","content":"街","error":null,"message_id":"72698bb7-cc41-4c37-8839-4aa36718cf5f","conversation_id":null,"itinerary":null,"stage":null} @ webpack-internal:///(app-pages-browser)/./lib/chat-transport.ts:137
[   82214ms] [LOG] [Chat] Synced auth user ID to userManager: f62f4ec5-1874-4821-97e9-b2c70b35805d @ webpack-internal:///(app-pages-browser)/./app/chat/page.tsx:112
[   82214ms] [LOG] [Chat] Updated transport user ID: f62f4ec5-1874-4821-97e9-b2c70b35805d @ webpack-internal:///(app-pages-browser)/./app/chat/page.tsx:116
[   82221ms] [LOG] [Chat] User ID set to transport: f62f4ec5-1874-4821-97e9-b2c70b35805d @ webpack-internal:///(app-pages-browser)/./app/chat/page.tsx:98
[   82225ms] [LOG] [ChatTransport] onmessage triggered, has currentResponseHandler: true @ webpack-internal:///(app-pages-browser)/./lib/chat-transport.ts:41
[   82225ms] [LOG] [ChatTransport] responseHandler called, data: {"type":"delta","content":"可以","error":null,"message_id":"72698bb7-cc41-4c37-8839-4aa36718cf5f","conversation_id":null,"itinerary":null,"stage":null} @ webpack-internal:///(app-pages-browser)/./lib/chat-transport.ts:137
[   82233ms] [LOG] [ChatTransport] onmessage triggered, has currentResponseHandler: true @ webpack-internal:///(app-pages-browser)/./lib/chat-transport.ts:41
[   82233ms] [LOG] [ChatTransport] responseHandler called, data: {"type":"delta","content":"体验","error":null,"message_id":"72698bb7-cc41-4c37-8839-4aa36718cf5f","conversation_id":null,"itinerary":null,"stage":null} @ webpack-internal:///(app-pages-browser)/./lib/chat-transport.ts:137
[   82234ms] [LOG] [Auth] Synced user ID to userManager: f62f4ec5-1874-4821-97e9-b2c70b35805d @ webpack-internal:///(app-pages-browser)/./lib/store/auth-store.ts:97
[   82353ms] [LOG] [ChatTransport] onmessage triggered, has currentResponseHandler: true @ webpack-internal:///(app-pages-browser)/./lib/chat-transport.ts:41
[   82353ms] [LOG] [ChatTransport] responseHandler called, data: {"type":"delta","content":"北京","error":null,"message_id":"72698bb7-cc41-4c37-8839-4aa36718cf5f","conversation_id":null,"itinerary":null,"stage":null} @ webpack-internal:///(app-pages-browser)/./lib/chat-transport.ts:137
[   82420ms] [LOG] [ChatTransport] onmessage triggered, has currentResponseHandler: true @ webpack-internal:///(app-pages-browser)/./lib/chat-transport.ts:41
[   82421ms] [LOG] [ChatTransport] responseHandler called, data: {"type":"delta","content":"传统","error":null,"message_id":"72698bb7-cc41-4c37-8839-4aa36718cf5f","conversation_id":null,"itinerary":null,"stage":null} @ webpack-internal:///(app-pages-browser)/./lib/chat-transport.ts:137
[   82432ms] [LOG] [ChatTransport] onmessage triggered, has currentResponseHandler: true @ webpack-internal:///(app-pages-browser)/./lib/chat-transport.ts:41
[   82432ms] [LOG] [ChatTransport] responseHandler called, data: {"type":"delta","content":"小吃","error":null,"message_id":"72698bb7-cc41-4c37-8839-4aa36718cf5f","conversation_id":null,"itinerary":null,"stage":null} @ webpack-internal:///(app-pages-browser)/./lib/chat-transport.ts:137
[   82445ms] [LOG] [ChatTransport] onmessage triggered, has currentResponseHandler: true @ webpack-internal:///(app-pages-browser)/./lib/chat-transport.ts:41
[   82445ms] [LOG] [ChatTransport] responseHandler called, data: {"type":"delta","content":"。\n","error":null,"message_id":"72698bb7-cc41-4c37-8839-4aa36718cf5f","conversation_id":null,"itinerary":null,"stage":null} @ webpack-internal:///(app-pages-browser)/./lib/chat-transport.ts:137
[   82445ms] [LOG] [ChatTransport] onmessage triggered, has currentResponseHandler: true @ webpack-internal:///(app-pages-browser)/./lib/chat-transport.ts:41
[   82445ms] [LOG] [ChatTransport] responseHandler called, data: {"type":"delta","content":"   ","error":null,"message_id":"72698bb7-cc41-4c37-8839-4aa36718cf5f","conversation_id":null,"itinerary":null,"stage":null} @ webpack-internal:///(app-pages-browser)/./lib/chat-transport.ts:137
[   82562ms] [LOG] [ChatTransport] onmessage triggered, has currentResponseHandler: true @ webpack-internal:///(app-pages-browser)/./lib/chat-transport.ts:41
[   82562ms] [LOG] [ChatTransport] responseHandler called, data: {"type":"delta","content":" *","error":null,"message_id":"72698bb7-cc41-4c37-8839-4aa36718cf5f","conversation_id":null,"itinerary":null,"stage":null} @ webpack-internal:///(app-pages-browser)/./lib/chat-transport.ts:137
[   82562ms] [LOG] [ChatTransport] onmessage triggered, has currentResponseHandler: true @ webpack-internal:///(app-pages-browser)/./lib/chat-transport.ts:41
[   82562ms] [LOG] [ChatTransport] responseHandler called, data: {"type":"delta","content":"   ","error":null,"message_id":"72698bb7-cc41-4c37-8839-4aa36718cf5f","conversation_id":null,"itinerary":null,"stage":null} @ webpack-internal:///(app-pages-browser)/./lib/chat-transport.ts:137
[   82574ms] [LOG] [ChatTransport] onmessage triggered, has currentResponseHandler: true @ webpack-internal:///(app-pages-browser)/./lib/chat-transport.ts:41
[   82574ms] [LOG] [ChatTransport] responseHandler called, data: {"type":"delta","content":"如需","error":null,"message_id":"72698bb7-cc41-4c37-8839-4aa36718cf5f","conversation_id":null,"itinerary":null,"stage":null} @ webpack-internal:///(app-pages-browser)/./lib/chat-transport.ts:137
[   82584ms] [LOG] [ChatTransport] onmessage triggered, has currentResponseHandler: true @ webpack-internal:///(app-pages-browser)/./lib/chat-transport.ts:41
[   82584ms] [LOG] [ChatTransport] responseHandler called, data: {"type":"delta","content":"查询","error":null,"message_id":"72698bb7-cc41-4c37-8839-4aa36718cf5f","conversation_id":null,"itinerary":null,"stage":null} @ webpack-internal:///(app-pages-browser)/./lib/chat-transport.ts:137
[   82584ms] [LOG] [ChatTransport] onmessage triggered, has currentResponseHandler: true @ webpack-internal:///(app-pages-browser)/./lib/chat-transport.ts:41
[   82584ms] [LOG] [ChatTransport] responseHandler called, data: {"type":"delta","content":"具体","error":null,"message_id":"72698bb7-cc41-4c37-8839-4aa36718cf5f","conversation_id":null,"itinerary":null,"stage":null} @ webpack-internal:///(app-pages-browser)/./lib/chat-transport.ts:137
[   82649ms] [LOG] [ChatTransport] onmessage triggered, has currentResponseHandler: true @ webpack-internal:///(app-pages-browser)/./lib/chat-transport.ts:41
[   82649ms] [LOG] [ChatTransport] responseHandler called, data: {"type":"delta","content":"餐厅","error":null,"message_id":"72698bb7-cc41-4c37-8839-4aa36718cf5f","conversation_id":null,"itinerary":null,"stage":null} @ webpack-internal:///(app-pages-browser)/./lib/chat-transport.ts:137
[   82662ms] [LOG] [ChatTransport] onmessage triggered, has currentResponseHandler: true @ webpack-internal:///(app-pages-browser)/./lib/chat-transport.ts:41
[   82662ms] [LOG] [ChatTransport] responseHandler called, data: {"type":"delta","content":"，","error":null,"message_id":"72698bb7-cc41-4c37-8839-4aa36718cf5f","conversation_id":null,"itinerary":null,"stage":null} @ webpack-internal:///(app-pages-browser)/./lib/chat-transport.ts:137
[   82717ms] [LOG] [ChatTransport] onmessage triggered, has currentResponseHandler: true @ webpack-internal:///(app-pages-browser)/./lib/chat-transport.ts:41
[   82717ms] [LOG] [ChatTransport] responseHandler called, data: {"type":"delta","content":"我可以","error":null,"message_id":"72698bb7-cc41-4c37-8839-4aa36718cf5f","conversation_id":null,"itinerary":null,"stage":null} @ webpack-internal:///(app-pages-browser)/./lib/chat-transport.ts:137
[   82725ms] [LOG] [ChatTransport] onmessage triggered, has currentResponseHandler: true @ webpack-internal:///(app-pages-browser)/./lib/chat-transport.ts:41
[   82725ms] [LOG] [ChatTransport] responseHandler called, data: {"type":"delta","content":"帮","error":null,"message_id":"72698bb7-cc41-4c37-8839-4aa36718cf5f","conversation_id":null,"itinerary":null,"stage":null} @ webpack-internal:///(app-pages-browser)/./lib/chat-transport.ts:137
[   82870ms] [LOG] [ChatTransport] onmessage triggered, has currentResponseHandler: true @ webpack-internal:///(app-pages-browser)/./lib/chat-transport.ts:41
[   82871ms] [LOG] [ChatTransport] responseHandler called, data: {"type":"delta","content":"您","error":null,"message_id":"72698bb7-cc41-4c37-8839-4aa36718cf5f","conversation_id":null,"itinerary":null,"stage":null} @ webpack-internal:///(app-pages-browser)/./lib/chat-transport.ts:137
[   82871ms] [LOG] [ChatTransport] onmessage triggered, has currentResponseHandler: true @ webpack-internal:///(app-pages-browser)/./lib/chat-transport.ts:41
[   82871ms] [LOG] [ChatTransport] responseHandler called, data: {"type":"delta","content":"使用","error":null,"message_id":"72698bb7-cc41-4c37-8839-4aa36718cf5f","conversation_id":null,"itinerary":null,"stage":null} @ webpack-internal:///(app-pages-browser)/./lib/chat-transport.ts:137
[   82880ms] [LOG] [ChatTransport] onmessage triggered, has currentResponseHandler: true @ webpack-internal:///(app-pages-browser)/./lib/chat-transport.ts:41
[   82880ms] [LOG] [ChatTransport] responseHandler called, data: {"type":"delta","content":"工具","error":null,"message_id":"72698bb7-cc41-4c37-8839-4aa36718cf5f","conversation_id":null,"itinerary":null,"stage":null} @ webpack-internal:///(app-pages-browser)/./lib/chat-transport.ts:137
[   82936ms] [LOG] [ChatTransport] onmessage triggered, has currentResponseHandler: true @ webpack-internal:///(app-pages-browser)/./lib/chat-transport.ts:41
[   82937ms] [LOG] [ChatTransport] responseHandler called, data: {"type":"delta","content":"搜索","error":null,"message_id":"72698bb7-cc41-4c37-8839-4aa36718cf5f","conversation_id":null,"itinerary":null,"stage":null} @ webpack-internal:///(app-pages-browser)/./lib/chat-transport.ts:137
[   82937ms] [LOG] [ChatTransport] onmessage triggered, has currentResponseHandler: true @ webpack-internal:///(app-pages-browser)/./lib/chat-transport.ts:41
[   82937ms] [LOG] [ChatTransport] responseHandler called, data: {"type":"delta","content":"。\n\n","error":null,"message_id":"72698bb7-cc41-4c37-8839-4aa36718cf5f","conversation_id":null,"itinerary":null,"stage":null} @ webpack-internal:///(app-pages-browser)/./lib/chat-transport.ts:137
[   82993ms] [LOG] [ChatTransport] onmessage triggered, has currentResponseHandler: true @ webpack-internal:///(app-pages-browser)/./lib/chat-transport.ts:41
[   82994ms] [LOG] [ChatTransport] responseHandler called, data: {"type":"delta","content":"4","error":null,"message_id":"72698bb7-cc41-4c37-8839-4aa36718cf5f","conversation_id":null,"itinerary":null,"stage":null} @ webpack-internal:///(app-pages-browser)/./lib/chat-transport.ts:137
[   83006ms] [LOG] [ChatTransport] onmessage triggered, has currentResponseHandler: true @ webpack-internal:///(app-pages-browser)/./lib/chat-transport.ts:41
[   83006ms] [LOG] [ChatTransport] responseHandler called, data: {"type":"delta","content":".","error":null,"message_id":"72698bb7-cc41-4c37-8839-4aa36718cf5f","conversation_id":null,"itinerary":null,"stage":null} @ webpack-internal:///(app-pages-browser)/./lib/chat-transport.ts:137
[   83053ms] [LOG] [ChatTransport] onmessage triggered, has currentResponseHandler: true @ webpack-internal:///(app-pages-browser)/./lib/chat-transport.ts:41
[   83053ms] [LOG] [ChatTransport] responseHandler called, data: {"type":"delta","content":" ","error":null,"message_id":"72698bb7-cc41-4c37-8839-4aa36718cf5f","conversation_id":null,"itinerary":null,"stage":null} @ webpack-internal:///(app-pages-browser)/./lib/chat-transport.ts:137
[   83065ms] [LOG] [ChatTransport] onmessage triggered, has currentResponseHandler: true @ webpack-internal:///(app-pages-browser)/./lib/chat-transport.ts:41
[   83065ms] [LOG] [ChatTransport] responseHandler called, data: {"type":"delta","content":" **","error":null,"message_id":"72698bb7-cc41-4c37-8839-4aa36718cf5f","conversation_id":null,"itinerary":null,"stage":null} @ webpack-internal:///(app-pages-browser)/./lib/chat-transport.ts:137
[   83153ms] [LOG] [ChatTransport] onmessage triggered, has currentResponseHandler: true @ webpack-internal:///(app-pages-browser)/./lib/chat-transport.ts:41
[   83153ms] [LOG] [ChatTransport] responseHandler called, data: {"type":"delta","content":"其他","error":null,"message_id":"72698bb7-cc41-4c37-8839-4aa36718cf5f","conversation_id":null,"itinerary":null,"stage":null} @ webpack-internal:///(app-pages-browser)/./lib/chat-transport.ts:137
[   83153ms] [LOG] [ChatTransport] onmessage triggered, has currentResponseHandler: true @ webpack-internal:///(app-pages-browser)/./lib/chat-transport.ts:41
[   83153ms] [LOG] [ChatTransport] responseHandler called, data: {"type":"delta","content":"可选","error":null,"message_id":"72698bb7-cc41-4c37-8839-4aa36718cf5f","conversation_id":null,"itinerary":null,"stage":null} @ webpack-internal:///(app-pages-browser)/./lib/chat-transport.ts:137
[   83163ms] [LOG] [ChatTransport] onmessage triggered, has currentResponseHandler: true @ webpack-internal:///(app-pages-browser)/./lib/chat-transport.ts:41
[   83163ms] [LOG] [ChatTransport] responseHandler called, data: {"type":"delta","content":"景点","error":null,"message_id":"72698bb7-cc41-4c37-8839-4aa36718cf5f","conversation_id":null,"itinerary":null,"stage":null} @ webpack-internal:///(app-pages-browser)/./lib/chat-transport.ts:137
[   83172ms] [LOG] [ChatTransport] onmessage triggered, has currentResponseHandler: true @ webpack-internal:///(app-pages-browser)/./lib/chat-transport.ts:41
[   83172ms] [LOG] [ChatTransport] responseHandler called, data: {"type":"delta","content":"**","error":null,"message_id":"72698bb7-cc41-4c37-8839-4aa36718cf5f","conversation_id":null,"itinerary":null,"stage":null} @ webpack-internal:///(app-pages-browser)/./lib/chat-transport.ts:137
[   83226ms] [LOG] [ChatTransport] onmessage triggered, has currentResponseHandler: true @ webpack-internal:///(app-pages-browser)/./lib/chat-transport.ts:41
[   83226ms] [LOG] [ChatTransport] responseHandler called, data: {"type":"delta","content":"：\n","error":null,"message_id":"72698bb7-cc41-4c37-8839-4aa36718cf5f","conversation_id":null,"itinerary":null,"stage":null} @ webpack-internal:///(app-pages-browser)/./lib/chat-transport.ts:137
[   83236ms] [LOG] [ChatTransport] onmessage triggered, has currentResponseHandler: true @ webpack-internal:///(app-pages-browser)/./lib/chat-transport.ts:41
[   83236ms] [LOG] [ChatTransport] responseHandler called, data: {"type":"delta","content":"   ","error":null,"message_id":"72698bb7-cc41-4c37-8839-4aa36718cf5f","conversation_id":null,"itinerary":null,"stage":null} @ webpack-internal:///(app-pages-browser)/./lib/chat-transport.ts:137
[   83275ms] [LOG] [ChatTransport] onmessage triggered, has currentResponseHandler: true @ webpack-internal:///(app-pages-browser)/./lib/chat-transport.ts:41
[   83275ms] [LOG] [ChatTransport] responseHandler called, data: {"type":"delta","content":" *","error":null,"message_id":"72698bb7-cc41-4c37-8839-4aa36718cf5f","conversation_id":null,"itinerary":null,"stage":null} @ webpack-internal:///(app-pages-browser)/./lib/chat-transport.ts:137
[   83285ms] [LOG] [ChatTransport] onmessage triggered, has currentResponseHandler: true @ webpack-internal:///(app-pages-browser)/./lib/chat-transport.ts:41
[   83285ms] [LOG] [ChatTransport] responseHandler called, data: {"type":"delta","content":"   ","error":null,"message_id":"72698bb7-cc41-4c37-8839-4aa36718cf5f","conversation_id":null,"itinerary":null,"stage":null} @ webpack-internal:///(app-pages-browser)/./lib/chat-transport.ts:137
[   83343ms] [LOG] [ChatTransport] onmessage triggered, has currentResponseHandler: true @ webpack-internal:///(app-pages-browser)/./lib/chat-transport.ts:41
[   83343ms] [LOG] [ChatTransport] responseHandler called, data: {"type":"delta","content":"如果","error":null,"message_id":"72698bb7-cc41-4c37-8839-4aa36718cf5f","conversation_id":null,"itinerary":null,"stage":null} @ webpack-internal:///(app-pages-browser)/./lib/chat-transport.ts:137
[   83351ms] [LOG] [ChatTransport] onmessage triggered, has currentResponseHandler: true @ webpack-internal:///(app-pages-browser)/./lib/chat-transport.ts:41
[   83351ms] [LOG] [ChatTransport] responseHandler called, data: {"type":"delta","content":"对","error":null,"message_id":"72698bb7-cc41-4c37-8839-4aa36718cf5f","conversation_id":null,"itinerary":null,"stage":null} @ webpack-internal:///(app-pages-browser)/./lib/chat-transport.ts:137
[   83401ms] [LOG] [ChatTransport] onmessage triggered, has currentResponseHandler: true @ webpack-internal:///(app-pages-browser)/./lib/chat-transport.ts:41
[   83401ms] [LOG] [ChatTransport] responseHandler called, data: {"type":"delta","content":"某","error":null,"message_id":"72698bb7-cc41-4c37-8839-4aa36718cf5f","conversation_id":null,"itinerary":null,"stage":null} @ webpack-internal:///(app-pages-browser)/./lib/chat-transport.ts:137
[   83518ms] [LOG] [ChatTransport] onmessage triggered, has currentResponseHandler: true @ webpack-internal:///(app-pages-browser)/./lib/chat-transport.ts:41
[   83518ms] [LOG] [ChatTransport] responseHandler called, data: {"type":"delta","content":"类","error":null,"message_id":"72698bb7-cc41-4c37-8839-4aa36718cf5f","conversation_id":null,"itinerary":null,"stage":null} @ webpack-internal:///(app-pages-browser)/./lib/chat-transport.ts:137
[   83533ms] [LOG] [ChatTransport] onmessage triggered, has currentResponseHandler: true @ webpack-internal:///(app-pages-browser)/./lib/chat-transport.ts:41
[   83533ms] [LOG] [ChatTransport] responseHandler called, data: {"type":"delta","content":"景点","error":null,"message_id":"72698bb7-cc41-4c37-8839-4aa36718cf5f","conversation_id":null,"itinerary":null,"stage":null} @ webpack-internal:///(app-pages-browser)/./lib/chat-transport.ts:137
[   83540ms] [LOG] [ChatTransport] onmessage triggered, has currentResponseHandler: true @ webpack-internal:///(app-pages-browser)/./lib/chat-transport.ts:41
[   83540ms] [LOG] [ChatTransport] responseHandler called, data: {"type":"delta","content":"特别","error":null,"message_id":"72698bb7-cc41-4c37-8839-4aa36718cf5f","conversation_id":null,"itinerary":null,"stage":null} @ webpack-internal:///(app-pages-browser)/./lib/chat-transport.ts:137
[   83540ms] [LOG] [ChatTransport] onmessage triggered, has currentResponseHandler: true @ webpack-internal:///(app-pages-browser)/./lib/chat-transport.ts:41
[   83540ms] [LOG] [ChatTransport] responseHandler called, data: {"type":"delta","content":"感兴趣","error":null,"message_id":"72698bb7-cc41-4c37-8839-4aa36718cf5f","conversation_id":null,"itinerary":null,"stage":null} @ webpack-internal:///(app-pages-browser)/./lib/chat-transport.ts:137
[   83591ms] [LOG] [ChatTransport] onmessage triggered, has currentResponseHandler: true @ webpack-internal:///(app-pages-browser)/./lib/chat-transport.ts:41
[   83591ms] [LOG] [ChatTransport] responseHandler called, data: {"type":"delta","content":"（","error":null,"message_id":"72698bb7-cc41-4c37-8839-4aa36718cf5f","conversation_id":null,"itinerary":null,"stage":null} @ webpack-internal:///(app-pages-browser)/./lib/chat-transport.ts:137
[   83650ms] [LOG] [ChatTransport] onmessage triggered, has currentResponseHandler: true @ webpack-internal:///(app-pages-browser)/./lib/chat-transport.ts:41
[   83650ms] [LOG] [ChatTransport] responseHandler called, data: {"type":"delta","content":"如","error":null,"message_id":"72698bb7-cc41-4c37-8839-4aa36718cf5f","conversation_id":null,"itinerary":null,"stage":null} @ webpack-internal:///(app-pages-browser)/./lib/chat-transport.ts:137
[   83654ms] [LOG] [ChatTransport] onmessage triggered, has currentResponseHandler: true @ webpack-internal:///(app-pages-browser)/./lib/chat-transport.ts:41
[   83654ms] [LOG] [ChatTransport] responseHandler called, data: {"type":"delta","content":"长城","error":null,"message_id":"72698bb7-cc41-4c37-8839-4aa36718cf5f","conversation_id":null,"itinerary":null,"stage":null} @ webpack-internal:///(app-pages-browser)/./lib/chat-transport.ts:137
[   83725ms] [LOG] [ChatTransport] onmessage triggered, has currentResponseHandler: true @ webpack-internal:///(app-pages-browser)/./lib/chat-transport.ts:41
[   83725ms] [LOG] [ChatTransport] responseHandler called, data: {"type":"delta","content":"、","error":null,"message_id":"72698bb7-cc41-4c37-8839-4aa36718cf5f","conversation_id":null,"itinerary":null,"stage":null} @ webpack-internal:///(app-pages-browser)/./lib/chat-transport.ts:137
[   83729ms] [LOG] [ChatTransport] onmessage triggered, has currentResponseHandler: true @ webpack-internal:///(app-pages-browser)/./lib/chat-transport.ts:41
[   83729ms] [LOG] [ChatTransport] responseHandler called, data: {"type":"delta","content":"颐","error":null,"message_id":"72698bb7-cc41-4c37-8839-4aa36718cf5f","conversation_id":null,"itinerary":null,"stage":null} @ webpack-internal:///(app-pages-browser)/./lib/chat-transport.ts:137
[   83789ms] [LOG] [ChatTransport] onmessage triggered, has currentResponseHandler: true @ webpack-internal:///(app-pages-browser)/./lib/chat-transport.ts:41
[   83789ms] [LOG] [ChatTransport] responseHandler called, data: {"type":"delta","content":"和","error":null,"message_id":"72698bb7-cc41-4c37-8839-4aa36718cf5f","conversation_id":null,"itinerary":null,"stage":null} @ webpack-internal:///(app-pages-browser)/./lib/chat-transport.ts:137
[   83791ms] [LOG] [ChatTransport] onmessage triggered, has currentResponseHandler: true @ webpack-internal:///(app-pages-browser)/./lib/chat-transport.ts:41
[   83791ms] [LOG] [ChatTransport] responseHandler called, data: {"type":"delta","content":"园","error":null,"message_id":"72698bb7-cc41-4c37-8839-4aa36718cf5f","conversation_id":null,"itinerary":null,"stage":null} @ webpack-internal:///(app-pages-browser)/./lib/chat-transport.ts:137
[   84127ms] [LOG] [ChatTransport] onmessage triggered, has currentResponseHandler: true @ webpack-internal:///(app-pages-browser)/./lib/chat-transport.ts:41
[   84128ms] [LOG] [ChatTransport] responseHandler called, data: {"type":"delta","content":"、","error":null,"message_id":"72698bb7-cc41-4c37-8839-4aa36718cf5f","conversation_id":null,"itinerary":null,"stage":null} @ webpack-internal:///(app-pages-browser)/./lib/chat-transport.ts:137
[   84137ms] [LOG] [ChatTransport] onmessage triggered, has currentResponseHandler: true @ webpack-internal:///(app-pages-browser)/./lib/chat-transport.ts:41
[   84137ms] [LOG] [ChatTransport] responseHandler called, data: {"type":"delta","content":"圆","error":null,"message_id":"72698bb7-cc41-4c37-8839-4aa36718cf5f","conversation_id":null,"itinerary":null,"stage":null} @ webpack-internal:///(app-pages-browser)/./lib/chat-transport.ts:137
[   84146ms] [LOG] [ChatTransport] onmessage triggered, has currentResponseHandler: true @ webpack-internal:///(app-pages-browser)/./lib/chat-transport.ts:41
[   84146ms] [LOG] [ChatTransport] responseHandler called, data: {"type":"delta","content":"明","error":null,"message_id":"72698bb7-cc41-4c37-8839-4aa36718cf5f","conversation_id":null,"itinerary":null,"stage":null} @ webpack-internal:///(app-pages-browser)/./lib/chat-transport.ts:137
[   84146ms] [LOG] [ChatTransport] onmessage triggered, has currentResponseHandler: true @ webpack-internal:///(app-pages-browser)/./lib/chat-transport.ts:41
[   84146ms] [LOG] [ChatTransport] responseHandler called, data: {"type":"delta","content":"园","error":null,"message_id":"72698bb7-cc41-4c37-8839-4aa36718cf5f","conversation_id":null,"itinerary":null,"stage":null} @ webpack-internal:///(app-pages-browser)/./lib/chat-transport.ts:137
[   84146ms] [LOG] [ChatTransport] onmessage triggered, has currentResponseHandler: true @ webpack-internal:///(app-pages-browser)/./lib/chat-transport.ts:41
[   84146ms] [LOG] [ChatTransport] responseHandler called, data: {"type":"delta","content":"），","error":null,"message_id":"72698bb7-cc41-4c37-8839-4aa36718cf5f","conversation_id":null,"itinerary":null,"stage":null} @ webpack-internal:///(app-pages-browser)/./lib/chat-transport.ts:137
[   84146ms] [LOG] [ChatTransport] onmessage triggered, has currentResponseHandler: true @ webpack-internal:///(app-pages-browser)/./lib/chat-transport.ts:41
[   84146ms] [LOG] [ChatTransport] responseHandler called, data: {"type":"delta","content":"可以","error":null,"message_id":"72698bb7-cc41-4c37-8839-4aa36718cf5f","conversation_id":null,"itinerary":null,"stage":null} @ webpack-internal:///(app-pages-browser)/./lib/chat-transport.ts:137
[   84146ms] [LOG] [ChatTransport] onmessage triggered, has currentResponseHandler: true @ webpack-internal:///(app-pages-browser)/./lib/chat-transport.ts:41
[   84146ms] [LOG] [ChatTransport] responseHandler called, data: {"type":"delta","content":"替换","error":null,"message_id":"72698bb7-cc41-4c37-8839-4aa36718cf5f","conversation_id":null,"itinerary":null,"stage":null} @ webpack-internal:///(app-pages-browser)/./lib/chat-transport.ts:137
[   84146ms] [LOG] [ChatTransport] onmessage triggered, has currentResponseHandler: true @ webpack-internal:///(app-pages-browser)/./lib/chat-transport.ts:41
[   84146ms] [LOG] [ChatTransport] responseHandler called, data: {"type":"delta","content":"掉","error":null,"message_id":"72698bb7-cc41-4c37-8839-4aa36718cf5f","conversation_id":null,"itinerary":null,"stage":null} @ webpack-internal:///(app-pages-browser)/./lib/chat-transport.ts:137
[   84146ms] [LOG] [ChatTransport] onmessage triggered, has currentResponseHandler: true @ webpack-internal:///(app-pages-browser)/./lib/chat-transport.ts:41
[   84146ms] [LOG] [ChatTransport] responseHandler called, data: {"type":"delta","content":"第三天","error":null,"message_id":"72698bb7-cc41-4c37-8839-4aa36718cf5f","conversation_id":null,"itinerary":null,"stage":null} @ webpack-internal:///(app-pages-browser)/./lib/chat-transport.ts:137
[   84163ms] [LOG] [ChatTransport] onmessage triggered, has currentResponseHandler: true @ webpack-internal:///(app-pages-browser)/./lib/chat-transport.ts:41
[   84163ms] [LOG] [ChatTransport] responseHandler called, data: {"type":"delta","content":"下午","error":null,"message_id":"72698bb7-cc41-4c37-8839-4aa36718cf5f","conversation_id":null,"itinerary":null,"stage":null} @ webpack-internal:///(app-pages-browser)/./lib/chat-transport.ts:137
[   84219ms] [LOG] [ChatTransport] onmessage triggered, has currentResponseHandler: true @ webpack-internal:///(app-pages-browser)/./lib/chat-transport.ts:41
[   84219ms] [LOG] [ChatTransport] responseHandler called, data: {"type":"delta","content":"的","error":null,"message_id":"72698bb7-cc41-4c37-8839-4aa36718cf5f","conversation_id":null,"itinerary":null,"stage":null} @ webpack-internal:///(app-pages-browser)/./lib/chat-transport.ts:137
[   84230ms] [LOG] [ChatTransport] onmessage triggered, has currentResponseHandler: true @ webpack-internal:///(app-pages-browser)/./lib/chat-transport.ts:41
[   84230ms] [LOG] [ChatTransport] responseHandler called, data: {"type":"delta","content":"行程","error":null,"message_id":"72698bb7-cc41-4c37-8839-4aa36718cf5f","conversation_id":null,"itinerary":null,"stage":null} @ webpack-internal:///(app-pages-browser)/./lib/chat-transport.ts:137
[   84308ms] [LOG] [ChatTransport] onmessage triggered, has currentResponseHandler: true @ webpack-internal:///(app-pages-browser)/./lib/chat-transport.ts:41
[   84309ms] [LOG] [ChatTransport] responseHandler called, data: {"type":"delta","content":"。","error":null,"message_id":"72698bb7-cc41-4c37-8839-4aa36718cf5f","conversation_id":null,"itinerary":null,"stage":null} @ webpack-internal:///(app-pages-browser)/./lib/chat-transport.ts:137
[   84320ms] [LOG] [ChatTransport] onmessage triggered, has currentResponseHandler: true @ webpack-internal:///(app-pages-browser)/./lib/chat-transport.ts:41
[   84320ms] [LOG] [ChatTransport] responseHandler called, data: {"type":"delta","content":"但","error":null,"message_id":"72698bb7-cc41-4c37-8839-4aa36718cf5f","conversation_id":null,"itinerary":null,"stage":null} @ webpack-internal:///(app-pages-browser)/./lib/chat-transport.ts:137
[   84356ms] [LOG] [ChatTransport] onmessage triggered, has currentResponseHandler: true @ webpack-internal:///(app-pages-browser)/./lib/chat-transport.ts:41
[   84356ms] [LOG] [ChatTransport] responseHandler called, data: {"type":"delta","content":"请注意","error":null,"message_id":"72698bb7-cc41-4c37-8839-4aa36718cf5f","conversation_id":null,"itinerary":null,"stage":null} @ webpack-internal:///(app-pages-browser)/./lib/chat-transport.ts:137
[   84369ms] [LOG] [ChatTransport] onmessage triggered, has currentResponseHandler: true @ webpack-internal:///(app-pages-browser)/./lib/chat-transport.ts:41
[   84369ms] [LOG] [ChatTransport] responseHandler called, data: {"type":"delta","content":"，","error":null,"message_id":"72698bb7-cc41-4c37-8839-4aa36718cf5f","conversation_id":null,"itinerary":null,"stage":null} @ webpack-internal:///(app-pages-browser)/./lib/chat-transport.ts:137
[   84406ms] [LOG] [ChatTransport] onmessage triggered, has currentResponseHandler: true @ webpack-internal:///(app-pages-browser)/./lib/chat-transport.ts:41
[   84406ms] [LOG] [ChatTransport] responseHandler called, data: {"type":"delta","content":"长城","error":null,"message_id":"72698bb7-cc41-4c37-8839-4aa36718cf5f","conversation_id":null,"itinerary":null,"stage":null} @ webpack-internal:///(app-pages-browser)/./lib/chat-transport.ts:137
[   84418ms] [LOG] [ChatTransport] onmessage triggered, has currentResponseHandler: true @ webpack-internal:///(app-pages-browser)/./lib/chat-transport.ts:41
[   84418ms] [LOG] [ChatTransport] responseHandler called, data: {"type":"delta","content":"距离","error":null,"message_id":"72698bb7-cc41-4c37-8839-4aa36718cf5f","conversation_id":null,"itinerary":null,"stage":null} @ webpack-internal:///(app-pages-browser)/./lib/chat-transport.ts:137
[   84494ms] [LOG] [ChatTransport] onmessage triggered, has currentResponseHandler: true @ webpack-internal:///(app-pages-browser)/./lib/chat-transport.ts:41
[   84495ms] [LOG] [ChatTransport] responseHandler called, data: {"type":"delta","content":"市区","error":null,"message_id":"72698bb7-cc41-4c37-8839-4aa36718cf5f","conversation_id":null,"itinerary":null,"stage":null} @ webpack-internal:///(app-pages-browser)/./lib/chat-transport.ts:137
[   84508ms] [LOG] [ChatTransport] onmessage triggered, has currentResponseHandler: true @ webpack-internal:///(app-pages-browser)/./lib/chat-transport.ts:41
[   84508ms] [LOG] [ChatTransport] responseHandler called, data: {"type":"delta","content":"较","error":null,"message_id":"72698bb7-cc41-4c37-8839-4aa36718cf5f","conversation_id":null,"itinerary":null,"stage":null} @ webpack-internal:///(app-pages-browser)/./lib/chat-transport.ts:137
[   84536ms] [LOG] [ChatTransport] onmessage triggered, has currentResponseHandler: true @ webpack-internal:///(app-pages-browser)/./lib/chat-transport.ts:41
[   84537ms] [LOG] [ChatTransport] responseHandler called, data: {"type":"delta","content":"远","error":null,"message_id":"72698bb7-cc41-4c37-8839-4aa36718cf5f","conversation_id":null,"itinerary":null,"stage":null} @ webpack-internal:///(app-pages-browser)/./lib/chat-transport.ts:137
[   84544ms] [LOG] [ChatTransport] onmessage triggered, has currentResponseHandler: true @ webpack-internal:///(app-pages-browser)/./lib/chat-transport.ts:41
[   84544ms] [LOG] [ChatTransport] responseHandler called, data: {"type":"delta","content":"（","error":null,"message_id":"72698bb7-cc41-4c37-8839-4aa36718cf5f","conversation_id":null,"itinerary":null,"stage":null} @ webpack-internal:///(app-pages-browser)/./lib/chat-transport.ts:137
[   84596ms] [LOG] [ChatTransport] onmessage triggered, has currentResponseHandler: true @ webpack-internal:///(app-pages-browser)/./lib/chat-transport.ts:41
[   84596ms] [LOG] [ChatTransport] responseHandler called, data: {"type":"delta","content":"单","error":null,"message_id":"72698bb7-cc41-4c37-8839-4aa36718cf5f","conversation_id":null,"itinerary":null,"stage":null} @ webpack-internal:///(app-pages-browser)/./lib/chat-transport.ts:137
[   84718ms] [LOG] [ChatTransport] onmessage triggered, has currentResponseHandler: true @ webpack-internal:///(app-pages-browser)/./lib/chat-transport.ts:41
[   84718ms] [LOG] [ChatTransport] responseHandler called, data: {"type":"delta","content":"程","error":null,"message_id":"72698bb7-cc41-4c37-8839-4aa36718cf5f","conversation_id":null,"itinerary":null,"stage":null} @ webpack-internal:///(app-pages-browser)/./lib/chat-transport.ts:137
[   84730ms] [LOG] [ChatTransport] onmessage triggered, has currentResponseHandler: true @ webpack-internal:///(app-pages-browser)/./lib/chat-transport.ts:41
[   84730ms] [LOG] [ChatTransport] responseHandler called, data: {"type":"delta","content":"约","error":null,"message_id":"72698bb7-cc41-4c37-8839-4aa36718cf5f","conversation_id":null,"itinerary":null,"stage":null} @ webpack-internal:///(app-pages-browser)/./lib/chat-transport.ts:137
[   84738ms] [LOG] [ChatTransport] onmessage triggered, has currentResponseHandler: true @ webpack-internal:///(app-pages-browser)/./lib/chat-transport.ts:41
[   84738ms] [LOG] [ChatTransport] responseHandler called, data: {"type":"delta","content":"1","error":null,"message_id":"72698bb7-cc41-4c37-8839-4aa36718cf5f","conversation_id":null,"itinerary":null,"stage":null} @ webpack-internal:///(app-pages-browser)/./lib/chat-transport.ts:137
[   84738ms] [LOG] [ChatTransport] onmessage triggered, has currentResponseHandler: true @ webpack-internal:///(app-pages-browser)/./lib/chat-transport.ts:41
[   84738ms] [LOG] [ChatTransport] responseHandler called, data: {"type":"delta","content":".","error":null,"message_id":"72698bb7-cc41-4c37-8839-4aa36718cf5f","conversation_id":null,"itinerary":null,"stage":null} @ webpack-internal:///(app-pages-browser)/./lib/chat-transport.ts:137
[   84782ms] [LOG] [ChatTransport] onmessage triggered, has currentResponseHandler: true @ webpack-internal:///(app-pages-browser)/./lib/chat-transport.ts:41
[   84783ms] [LOG] [ChatTransport] responseHandler called, data: {"type":"delta","content":"5","error":null,"message_id":"72698bb7-cc41-4c37-8839-4aa36718cf5f","conversation_id":null,"itinerary":null,"stage":null} @ webpack-internal:///(app-pages-browser)/./lib/chat-transport.ts:137
[   84787ms] [LOG] [ChatTransport] onmessage triggered, has currentResponseHandler: true @ webpack-internal:///(app-pages-browser)/./lib/chat-transport.ts:41
[   84787ms] [LOG] [ChatTransport] responseHandler called, data: {"type":"delta","content":"-","error":null,"message_id":"72698bb7-cc41-4c37-8839-4aa36718cf5f","conversation_id":null,"itinerary":null,"stage":null} @ webpack-internal:///(app-pages-browser)/./lib/chat-transport.ts:137
[   84843ms] [LOG] [ChatTransport] onmessage triggered, has currentResponseHandler: true @ webpack-internal:///(app-pages-browser)/./lib/chat-transport.ts:41
[   84843ms] [LOG] [ChatTransport] responseHandler called, data: {"type":"delta","content":"2","error":null,"message_id":"72698bb7-cc41-4c37-8839-4aa36718cf5f","conversation_id":null,"itinerary":null,"stage":null} @ webpack-internal:///(app-pages-browser)/./lib/chat-transport.ts:137
[   84845ms] [LOG] [ChatTransport] onmessage triggered, has currentResponseHandler: true @ webpack-internal:///(app-pages-browser)/./lib/chat-transport.ts:41
[   84845ms] [LOG] [ChatTransport] responseHandler called, data: {"type":"delta","content":"小时","error":null,"message_id":"72698bb7-cc41-4c37-8839-4aa36718cf5f","conversation_id":null,"itinerary":null,"stage":null} @ webpack-internal:///(app-pages-browser)/./lib/chat-transport.ts:137
[   84986ms] [LOG] [ChatTransport] onmessage triggered, has currentResponseHandler: true @ webpack-internal:///(app-pages-browser)/./lib/chat-transport.ts:41
[   84986ms] [LOG] [ChatTransport] responseHandler called, data: {"type":"delta","content":"车","error":null,"message_id":"72698bb7-cc41-4c37-8839-4aa36718cf5f","conversation_id":null,"itinerary":null,"stage":null} @ webpack-internal:///(app-pages-browser)/./lib/chat-transport.ts:137
[   84986ms] [LOG] [ChatTransport] onmessage triggered, has currentResponseHandler: true @ webpack-internal:///(app-pages-browser)/./lib/chat-transport.ts:41
[   84987ms] [LOG] [ChatTransport] responseHandler called, data: {"type":"delta","content":"程","error":null,"message_id":"72698bb7-cc41-4c37-8839-4aa36718cf5f","conversation_id":null,"itinerary":null,"stage":null} @ webpack-internal:///(app-pages-browser)/./lib/chat-transport.ts:137
[   85018ms] [LOG] [ChatTransport] onmessage triggered, has currentResponseHandler: true @ webpack-internal:///(app-pages-browser)/./lib/chat-transport.ts:41
[   85018ms] [LOG] [ChatTransport] responseHandler called, data: {"type":"delta","content":"），","error":null,"message_id":"72698bb7-cc41-4c37-8839-4aa36718cf5f","conversation_id":null,"itinerary":null,"stage":null} @ webpack-internal:///(app-pages-browser)/./lib/chat-transport.ts:137
[   85020ms] [LOG] [ChatTransport] onmessage triggered, has currentResponseHandler: true @ webpack-internal:///(app-pages-browser)/./lib/chat-transport.ts:41
[   85020ms] [LOG] [ChatTransport] responseHandler called, data: {"type":"delta","content":"需要","error":null,"message_id":"72698bb7-cc41-4c37-8839-4aa36718cf5f","conversation_id":null,"itinerary":null,"stage":null} @ webpack-internal:///(app-pages-browser)/./lib/chat-transport.ts:137
[   85041ms] [LOG] [ChatTransport] onmessage triggered, has currentResponseHandler: true @ webpack-internal:///(app-pages-browser)/./lib/chat-transport.ts:41
[   85041ms] [LOG] [ChatTransport] responseHandler called, data: {"type":"delta","content":"预留","error":null,"message_id":"72698bb7-cc41-4c37-8839-4aa36718cf5f","conversation_id":null,"itinerary":null,"stage":null} @ webpack-internal:///(app-pages-browser)/./lib/chat-transport.ts:137
[   85101ms] [LOG] [ChatTransport] onmessage triggered, has currentResponseHandler: true @ webpack-internal:///(app-pages-browser)/./lib/chat-transport.ts:41
[   85102ms] [LOG] [ChatTransport] responseHandler called, data: {"type":"delta","content":"一","error":null,"message_id":"72698bb7-cc41-4c37-8839-4aa36718cf5f","conversation_id":null,"itinerary":null,"stage":null} @ webpack-internal:///(app-pages-browser)/./lib/chat-transport.ts:137
[   85104ms] [LOG] [ChatTransport] onmessage triggered, has currentResponseHandler: true @ webpack-internal:///(app-pages-browser)/./lib/chat-transport.ts:41
[   85104ms] [LOG] [ChatTransport] responseHandler called, data: {"type":"delta","content":"整天","error":null,"message_id":"72698bb7-cc41-4c37-8839-4aa36718cf5f","conversation_id":null,"itinerary":null,"stage":null} @ webpack-internal:///(app-pages-browser)/./lib/chat-transport.ts:137
[   85181ms] [LOG] [ChatTransport] onmessage triggered, has currentResponseHandler: true @ webpack-internal:///(app-pages-browser)/./lib/chat-transport.ts:41
[   85182ms] [LOG] [ChatTransport] responseHandler called, data: {"type":"delta","content":"时间","error":null,"message_id":"72698bb7-cc41-4c37-8839-4aa36718cf5f","conversation_id":null,"itinerary":null,"stage":null} @ webpack-internal:///(app-pages-browser)/./lib/chat-transport.ts:137
[   85195ms] [LOG] [ChatTransport] onmessage triggered, has currentResponseHandler: true @ webpack-internal:///(app-pages-browser)/./lib/chat-transport.ts:41
[   85195ms] [LOG] [ChatTransport] responseHandler called, data: {"type":"delta","content":"。\n\n","error":null,"message_id":"72698bb7-cc41-4c37-8839-4aa36718cf5f","conversation_id":null,"itinerary":null,"stage":null} @ webpack-internal:///(app-pages-browser)/./lib/chat-transport.ts:137
[   85223ms] [LOG] [ChatTransport] onmessage triggered, has currentResponseHandler: true @ webpack-internal:///(app-pages-browser)/./lib/chat-transport.ts:41
[   85223ms] [LOG] [ChatTransport] responseHandler called, data: {"type":"delta","content":"5","error":null,"message_id":"72698bb7-cc41-4c37-8839-4aa36718cf5f","conversation_id":null,"itinerary":null,"stage":null} @ webpack-internal:///(app-pages-browser)/./lib/chat-transport.ts:137
[   85292ms] [LOG] [ChatTransport] onmessage triggered, has currentResponseHandler: true @ webpack-internal:///(app-pages-browser)/./lib/chat-transport.ts:41
[   85292ms] [LOG] [ChatTransport] responseHandler called, data: {"type":"delta","content":".","error":null,"message_id":"72698bb7-cc41-4c37-8839-4aa36718cf5f","conversation_id":null,"itinerary":null,"stage":null} @ webpack-internal:///(app-pages-browser)/./lib/chat-transport.ts:137
[   85304ms] [LOG] [ChatTransport] onmessage triggered, has currentResponseHandler: true @ webpack-internal:///(app-pages-browser)/./lib/chat-transport.ts:41
[   85304ms] [LOG] [ChatTransport] responseHandler called, data: {"type":"delta","content":" ","error":null,"message_id":"72698bb7-cc41-4c37-8839-4aa36718cf5f","conversation_id":null,"itinerary":null,"stage":null} @ webpack-internal:///(app-pages-browser)/./lib/chat-transport.ts:137
[   85305ms] [WARNING] [Chat] Safety timeout triggered, resetting isLoading @ webpack-internal:///(app-pages-browser)/./app/chat/page.tsx:230
[   85343ms] [LOG] [ChatTransport] onmessage triggered, has currentResponseHandler: true @ webpack-internal:///(app-pages-browser)/./lib/chat-transport.ts:41
[   85343ms] [LOG] [ChatTransport] responseHandler called, data: {"type":"delta","content":" **","error":null,"message_id":"72698bb7-cc41-4c37-8839-4aa36718cf5f","conversation_id":null,"itinerary":null,"stage":null} @ webpack-internal:///(app-pages-browser)/./lib/chat-transport.ts:137
[   85344ms] [LOG] [ChatTransport] onmessage triggered, has currentResponseHandler: true @ webpack-internal:///(app-pages-browser)/./lib/chat-transport.ts:41
[   85344ms] [LOG] [ChatTransport] responseHandler called, data: {"type":"delta","content":"天气","error":null,"message_id":"72698bb7-cc41-4c37-8839-4aa36718cf5f","conversation_id":null,"itinerary":null,"stage":null} @ webpack-internal:///(app-pages-browser)/./lib/chat-transport.ts:137
[   85407ms] [LOG] [ChatTransport] onmessage triggered, has currentResponseHandler: true @ webpack-internal:///(app-pages-browser)/./lib/chat-transport.ts:41
[   85407ms] [LOG] [ChatTransport] responseHandler called, data: {"type":"delta","content":"**","error":null,"message_id":"72698bb7-cc41-4c37-8839-4aa36718cf5f","conversation_id":null,"itinerary":null,"stage":null} @ webpack-internal:///(app-pages-browser)/./lib/chat-transport.ts:137
[   85416ms] [LOG] [ChatTransport] onmessage triggered, has currentResponseHandler: true @ webpack-internal:///(app-pages-browser)/./lib/chat-transport.ts:41
[   85416ms] [LOG] [ChatTransport] responseHandler called, data: {"type":"delta","content":"：\n","error":null,"message_id":"72698bb7-cc41-4c37-8839-4aa36718cf5f","conversation_id":null,"itinerary":null,"stage":null} @ webpack-internal:///(app-pages-browser)/./lib/chat-transport.ts:137
[   85473ms] [LOG] [ChatTransport] onmessage triggered, has currentResponseHandler: true @ webpack-internal:///(app-pages-browser)/./lib/chat-transport.ts:41
[   85473ms] [LOG] [ChatTransport] responseHandler called, data: {"type":"delta","content":"   ","error":null,"message_id":"72698bb7-cc41-4c37-8839-4aa36718cf5f","conversation_id":null,"itinerary":null,"stage":null} @ webpack-internal:///(app-pages-browser)/./lib/chat-transport.ts:137
[   85480ms] [LOG] [ChatTransport] onmessage triggered, has currentResponseHandler: true @ webpack-internal:///(app-pages-browser)/./lib/chat-transport.ts:41
[   85480ms] [LOG] [ChatTransport] responseHandler called, data: {"type":"delta","content":" *","error":null,"message_id":"72698bb7-cc41-4c37-8839-4aa36718cf5f","conversation_id":null,"itinerary":null,"stage":null} @ webpack-internal:///(app-pages-browser)/./lib/chat-transport.ts:137
[   85535ms] [LOG] [ChatTransport] onmessage triggered, has currentResponseHandler: true @ webpack-internal:///(app-pages-browser)/./lib/chat-transport.ts:41
[   85535ms] [LOG] [ChatTransport] responseHandler called, data: {"type":"delta","content":"   ","error":null,"message_id":"72698bb7-cc41-4c37-8839-4aa36718cf5f","conversation_id":null,"itinerary":null,"stage":null} @ webpack-internal:///(app-pages-browser)/./lib/chat-transport.ts:137
[   85546ms] [LOG] [ChatTransport] onmessage triggered, has currentResponseHandler: true @ webpack-internal:///(app-pages-browser)/./lib/chat-transport.ts:41
[   85546ms] [LOG] [ChatTransport] responseHandler called, data: {"type":"delta","content":"北京的","error":null,"message_id":"72698bb7-cc41-4c37-8839-4aa36718cf5f","conversation_id":null,"itinerary":null,"stage":null} @ webpack-internal:///(app-pages-browser)/./lib/chat-transport.ts:137
[   85593ms] [LOG] [ChatTransport] onmessage triggered, has currentResponseHandler: true @ webpack-internal:///(app-pages-browser)/./lib/chat-transport.ts:41
[   85593ms] [LOG] [ChatTransport] responseHandler called, data: {"type":"delta","content":"天气","error":null,"message_id":"72698bb7-cc41-4c37-8839-4aa36718cf5f","conversation_id":null,"itinerary":null,"stage":null} @ webpack-internal:///(app-pages-browser)/./lib/chat-transport.ts:137
[   85605ms] [LOG] [ChatTransport] onmessage triggered, has currentResponseHandler: true @ webpack-internal:///(app-pages-browser)/./lib/chat-transport.ts:41
[   85605ms] [LOG] [ChatTransport] responseHandler called, data: {"type":"delta","content":"对","error":null,"message_id":"72698bb7-cc41-4c37-8839-4aa36718cf5f","conversation_id":null,"itinerary":null,"stage":null} @ webpack-internal:///(app-pages-browser)/./lib/chat-transport.ts:137
[   85709ms] [LOG] [ChatTransport] onmessage triggered, has currentResponseHandler: true @ webpack-internal:///(app-pages-browser)/./lib/chat-transport.ts:41
[   85709ms] [LOG] [ChatTransport] responseHandler called, data: {"type":"delta","content":"旅行","error":null,"message_id":"72698bb7-cc41-4c37-8839-4aa36718cf5f","conversation_id":null,"itinerary":null,"stage":null} @ webpack-internal:///(app-pages-browser)/./lib/chat-transport.ts:137
[   85722ms] [LOG] [ChatTransport] onmessage triggered, has currentResponseHandler: true @ webpack-internal:///(app-pages-browser)/./lib/chat-transport.ts:41
[   85723ms] [LOG] [ChatTransport] responseHandler called, data: {"type":"delta","content":"体验","error":null,"message_id":"72698bb7-cc41-4c37-8839-4aa36718cf5f","conversation_id":null,"itinerary":null,"stage":null} @ webpack-internal:///(app-pages-browser)/./lib/chat-transport.ts:137
[   85730ms] [LOG] [ChatTransport] onmessage triggered, has currentResponseHandler: true @ webpack-internal:///(app-pages-browser)/./lib/chat-transport.ts:41
[   85730ms] [LOG] [ChatTransport] responseHandler called, data: {"type":"delta","content":"影响","error":null,"message_id":"72698bb7-cc41-4c37-8839-4aa36718cf5f","conversation_id":null,"itinerary":null,"stage":null} @ webpack-internal:///(app-pages-browser)/./lib/chat-transport.ts:137
[   85846ms] [LOG] [ChatTransport] onmessage triggered, has currentResponseHandler: true @ webpack-internal:///(app-pages-browser)/./lib/chat-transport.ts:41
[   85846ms] [LOG] [ChatTransport] responseHandler called, data: {"type":"delta","content":"较大","error":null,"message_id":"72698bb7-cc41-4c37-8839-4aa36718cf5f","conversation_id":null,"itinerary":null,"stage":null} @ webpack-internal:///(app-pages-browser)/./lib/chat-transport.ts:137
[   85857ms] [LOG] [ChatTransport] onmessage triggered, has currentResponseHandler: true @ webpack-internal:///(app-pages-browser)/./lib/chat-transport.ts:41
[   85857ms] [LOG] [ChatTransport] responseHandler called, data: {"type":"delta","content":"。","error":null,"message_id":"72698bb7-cc41-4c37-8839-4aa36718cf5f","conversation_id":null,"itinerary":null,"stage":null} @ webpack-internal:///(app-pages-browser)/./lib/chat-transport.ts:137
[   85866ms] [LOG] [ChatTransport] onmessage triggered, has currentResponseHandler: true @ webpack-internal:///(app-pages-browser)/./lib/chat-transport.ts:41
[   85866ms] [LOG] [ChatTransport] responseHandler called, data: {"type":"delta","content":"为了","error":null,"message_id":"72698bb7-cc41-4c37-8839-4aa36718cf5f","conversation_id":null,"itinerary":null,"stage":null} @ webpack-internal:///(app-pages-browser)/./lib/chat-transport.ts:137
[   85908ms] [LOG] [ChatTransport] onmessage triggered, has currentResponseHandler: true @ webpack-internal:///(app-pages-browser)/./lib/chat-transport.ts:41
[   85908ms] [LOG] [ChatTransport] responseHandler called, data: {"type":"delta","content":"给您","error":null,"message_id":"72698bb7-cc41-4c37-8839-4aa36718cf5f","conversation_id":null,"itinerary":null,"stage":null} @ webpack-internal:///(app-pages-browser)/./lib/chat-transport.ts:137
[   85910ms] [LOG] [ChatTransport] onmessage triggered, has currentResponseHandler: true @ webpack-internal:///(app-pages-browser)/./lib/chat-transport.ts:41
[   85911ms] [LOG] [ChatTransport] responseHandler called, data: {"type":"delta","content":"更","error":null,"message_id":"72698bb7-cc41-4c37-8839-4aa36718cf5f","conversation_id":null,"itinerary":null,"stage":null} @ webpack-internal:///(app-pages-browser)/./lib/chat-transport.ts:137
[   86025ms] [LOG] [ChatTransport] onmessage triggered, has currentResponseHandler: true @ webpack-internal:///(app-pages-browser)/./lib/chat-transport.ts:41
[   86025ms] [LOG] [ChatTransport] responseHandler called, data: {"type":"delta","content":"准确的","error":null,"message_id":"72698bb7-cc41-4c37-8839-4aa36718cf5f","conversation_id":null,"itinerary":null,"stage":null} @ webpack-internal:///(app-pages-browser)/./lib/chat-transport.ts:137
[   86029ms] [LOG] [ChatTransport] onmessage triggered, has currentResponseHandler: true @ webpack-internal:///(app-pages-browser)/./lib/chat-transport.ts:41
[   86029ms] [LOG] [ChatTransport] responseHandler called, data: {"type":"delta","content":"建议","error":null,"message_id":"72698bb7-cc41-4c37-8839-4aa36718cf5f","conversation_id":null,"itinerary":null,"stage":null} @ webpack-internal:///(app-pages-browser)/./lib/chat-transport.ts:137
[   86039ms] [LOG] [ChatTransport] onmessage triggered, has currentResponseHandler: true @ webpack-internal:///(app-pages-browser)/./lib/chat-transport.ts:41
[   86039ms] [LOG] [ChatTransport] responseHandler called, data: {"type":"delta","content":"，","error":null,"message_id":"72698bb7-cc41-4c37-8839-4aa36718cf5f","conversation_id":null,"itinerary":null,"stage":null} @ webpack-internal:///(app-pages-browser)/./lib/chat-transport.ts:137
[   86040ms] [LOG] [ChatTransport] onmessage triggered, has currentResponseHandler: true @ webpack-internal:///(app-pages-browser)/./lib/chat-transport.ts:41
[   86040ms] [LOG] [ChatTransport] responseHandler called, data: {"type":"delta","content":"需要","error":null,"message_id":"72698bb7-cc41-4c37-8839-4aa36718cf5f","conversation_id":null,"itinerary":null,"stage":null} @ webpack-internal:///(app-pages-browser)/./lib/chat-transport.ts:137
[   86104ms] [LOG] [ChatTransport] onmessage triggered, has currentResponseHandler: true @ webpack-internal:///(app-pages-browser)/./lib/chat-transport.ts:41
[   86105ms] [LOG] [ChatTransport] responseHandler called, data: {"type":"delta","content":"我","error":null,"message_id":"72698bb7-cc41-4c37-8839-4aa36718cf5f","conversation_id":null,"itinerary":null,"stage":null} @ webpack-internal:///(app-pages-browser)/./lib/chat-transport.ts:137
[   86107ms] [LOG] [ChatTransport] onmessage triggered, has currentResponseHandler: true @ webpack-internal:///(app-pages-browser)/./lib/chat-transport.ts:41
[   86107ms] [LOG] [ChatTransport] responseHandler called, data: {"type":"delta","content":"为您","error":null,"message_id":"72698bb7-cc41-4c37-8839-4aa36718cf5f","conversation_id":null,"itinerary":null,"stage":null} @ webpack-internal:///(app-pages-browser)/./lib/chat-transport.ts:137
[   86177ms] [LOG] [ChatTransport] onmessage triggered, has currentResponseHandler: true @ webpack-internal:///(app-pages-browser)/./lib/chat-transport.ts:41
[   86177ms] [LOG] [ChatTransport] responseHandler called, data: {"type":"delta","content":"查询","error":null,"message_id":"72698bb7-cc41-4c37-8839-4aa36718cf5f","conversation_id":null,"itinerary":null,"stage":null} @ webpack-internal:///(app-pages-browser)/./lib/chat-transport.ts:137
[   86181ms] [LOG] [ChatTransport] onmessage triggered, has currentResponseHandler: true @ webpack-internal:///(app-pages-browser)/./lib/chat-transport.ts:41
[   86182ms] [LOG] [ChatTransport] responseHandler called, data: {"type":"delta","content":"一下","error":null,"message_id":"72698bb7-cc41-4c37-8839-4aa36718cf5f","conversation_id":null,"itinerary":null,"stage":null} @ webpack-internal:///(app-pages-browser)/./lib/chat-transport.ts:137
[   86226ms] [LOG] [ChatTransport] onmessage triggered, has currentResponseHandler: true @ webpack-internal:///(app-pages-browser)/./lib/chat-transport.ts:41
[   86226ms] [LOG] [ChatTransport] responseHandler called, data: {"type":"delta","content":"北京","error":null,"message_id":"72698bb7-cc41-4c37-8839-4aa36718cf5f","conversation_id":null,"itinerary":null,"stage":null} @ webpack-internal:///(app-pages-browser)/./lib/chat-transport.ts:137
[   86239ms] [LOG] [ChatTransport] onmessage triggered, has currentResponseHandler: true @ webpack-internal:///(app-pages-browser)/./lib/chat-transport.ts:41
[   86239ms] [LOG] [ChatTransport] responseHandler called, data: {"type":"delta","content":"未来","error":null,"message_id":"72698bb7-cc41-4c37-8839-4aa36718cf5f","conversation_id":null,"itinerary":null,"stage":null} @ webpack-internal:///(app-pages-browser)/./lib/chat-transport.ts:137
[   86254ms] [LOG] [ChatPage] handleConversationSelect called: {conversationId: c9b60305-5275-4c4a-9f83-1d5b93707c97, currentConversationId: null, isLoading: false} @ webpack-internal:///(app-pages-browser)/./app/chat/page.tsx:428
[   86255ms] [LOG] [ChatPage] Loading messages for conversation: c9b60305-5275-4c4a-9f83-1d5b93707c97 @ webpack-internal:///(app-pages-browser)/./app/chat/page.tsx:468
[   86271ms] [LOG] [ChatPage] Messages loaded: 4 @ webpack-internal:///(app-pages-browser)/./app/chat/page.tsx:472
[   86289ms] [LOG] [ChatTransport] onmessage triggered, has currentResponseHandler: true @ webpack-internal:///(app-pages-browser)/./lib/chat-transport.ts:41
[   86289ms] [LOG] [ChatTransport] responseHandler called, data: {"type":"delta","content":"几","error":null,"message_id":"72698bb7-cc41-4c37-8839-4aa36718cf5f","conversation_id":null,"itinerary":null,"stage":null} @ webpack-internal:///(app-pages-browser)/./lib/chat-transport.ts:137
[   86290ms] [LOG] [ChatTransport] onmessage triggered, has currentResponseHandler: true @ webpack-internal:///(app-pages-browser)/./lib/chat-transport.ts:41
[   86290ms] [LOG] [ChatTransport] responseHandler called, data: {"type":"delta","content":"天的","error":null,"message_id":"72698bb7-cc41-4c37-8839-4aa36718cf5f","conversation_id":null,"itinerary":null,"stage":null} @ webpack-internal:///(app-pages-browser)/./lib/chat-transport.ts:137
[   86364ms] [LOG] [ChatTransport] onmessage triggered, has currentResponseHandler: true @ webpack-internal:///(app-pages-browser)/./lib/chat-transport.ts:41
[   86364ms] [LOG] [ChatTransport] responseHandler called, data: {"type":"delta","content":"天气预报","error":null,"message_id":"72698bb7-cc41-4c37-8839-4aa36718cf5f","conversation_id":null,"itinerary":null,"stage":null} @ webpack-internal:///(app-pages-browser)/./lib/chat-transport.ts:137
[   86364ms] [LOG] [ChatTransport] onmessage triggered, has currentResponseHandler: true @ webpack-internal:///(app-pages-browser)/./lib/chat-transport.ts:41
[   86364ms] [LOG] [ChatTransport] responseHandler called, data: {"type":"delta","content":"吗","error":null,"message_id":"72698bb7-cc41-4c37-8839-4aa36718cf5f","conversation_id":null,"itinerary":null,"stage":null} @ webpack-internal:///(app-pages-browser)/./lib/chat-transport.ts:137
[   86504ms] [LOG] [ChatTransport] onmessage triggered, has currentResponseHandler: true @ webpack-internal:///(app-pages-browser)/./lib/chat-transport.ts:41
[   86504ms] [LOG] [ChatTransport] responseHandler called, data: {"type":"delta","content":"？\n\n","error":null,"message_id":"72698bb7-cc41-4c37-8839-4aa36718cf5f","conversation_id":null,"itinerary":null,"stage":null} @ webpack-internal:///(app-pages-browser)/./lib/chat-transport.ts:137
[   86504ms] [LOG] [ChatTransport] onmessage triggered, has currentResponseHandler: true @ webpack-internal:///(app-pages-browser)/./lib/chat-transport.ts:41
[   86504ms] [LOG] [ChatTransport] responseHandler called, data: {"type":"delta","content":"这个","error":null,"message_id":"72698bb7-cc41-4c37-8839-4aa36718cf5f","conversation_id":null,"itinerary":null,"stage":null} @ webpack-internal:///(app-pages-browser)/./lib/chat-transport.ts:137
[   86504ms] [LOG] [ChatTransport] onmessage triggered, has currentResponseHandler: true @ webpack-internal:///(app-pages-browser)/./lib/chat-transport.ts:41
[   86504ms] [LOG] [ChatTransport] responseHandler called, data: {"type":"delta","content":"行程","error":null,"message_id":"72698bb7-cc41-4c37-8839-4aa36718cf5f","conversation_id":null,"itinerary":null,"stage":null} @ webpack-internal:///(app-pages-browser)/./lib/chat-transport.ts:137
[   86504ms] [LOG] [ChatTransport] onmessage triggered, has currentResponseHandler: true @ webpack-internal:///(app-pages-browser)/./lib/chat-transport.ts:41
[   86504ms] [LOG] [ChatTransport] responseHandler called, data: {"type":"delta","content":"是一个","error":null,"message_id":"72698bb7-cc41-4c37-8839-4aa36718cf5f","conversation_id":null,"itinerary":null,"stage":null} @ webpack-internal:///(app-pages-browser)/./lib/chat-transport.ts:137
[   86544ms] [LOG] [ChatTransport] onmessage triggered, has currentResponseHandler: true @ webpack-internal:///(app-pages-browser)/./lib/chat-transport.ts:41
[   86544ms] [LOG] [ChatTransport] responseHandler called, data: {"type":"delta","content":"经典","error":null,"message_id":"72698bb7-cc41-4c37-8839-4aa36718cf5f","conversation_id":null,"itinerary":null,"stage":null} @ webpack-internal:///(app-pages-browser)/./lib/chat-transport.ts:137
[   86604ms] [LOG] [ChatTransport] onmessage triggered, has currentResponseHandler: true @ webpack-internal:///(app-pages-browser)/./lib/chat-transport.ts:41
[   86605ms] [LOG] [ChatTransport] responseHandler called, data: {"type":"delta","content":"框架","error":null,"message_id":"72698bb7-cc41-4c37-8839-4aa36718cf5f","conversation_id":null,"itinerary":null,"stage":null} @ webpack-internal:///(app-pages-browser)/./lib/chat-transport.ts:137
[   86605ms] [LOG] [ChatTransport] onmessage triggered, has currentResponseHandler: true @ webpack-internal:///(app-pages-browser)/./lib/chat-transport.ts:41
[   86605ms] [LOG] [ChatTransport] responseHandler called, data: {"type":"delta","content":"，","error":null,"message_id":"72698bb7-cc41-4c37-8839-4aa36718cf5f","conversation_id":null,"itinerary":null,"stage":null} @ webpack-internal:///(app-pages-browser)/./lib/chat-transport.ts:137
[   86675ms] [LOG] [ChatTransport] onmessage triggered, has currentResponseHandler: true @ webpack-internal:///(app-pages-browser)/./lib/chat-transport.ts:41
[   86675ms] [LOG] [ChatTransport] responseHandler called, data: {"type":"delta","content":"您","error":null,"message_id":"72698bb7-cc41-4c37-8839-4aa36718cf5f","conversation_id":null,"itinerary":null,"stage":null} @ webpack-internal:///(app-pages-browser)/./lib/chat-transport.ts:137
[   86675ms] [LOG] [ChatTransport] onmessage triggered, has currentResponseHandler: true @ webpack-internal:///(app-pages-browser)/./lib/chat-transport.ts:41
[   86675ms] [LOG] [ChatTransport] responseHandler called, data: {"type":"delta","content":"可以根据","error":null,"message_id":"72698bb7-cc41-4c37-8839-4aa36718cf5f","conversation_id":null,"itinerary":null,"stage":null} @ webpack-internal:///(app-pages-browser)/./lib/chat-transport.ts:137
[   86731ms] [LOG] [ChatTransport] onmessage triggered, has currentResponseHandler: true @ webpack-internal:///(app-pages-browser)/./lib/chat-transport.ts:41
[   86731ms] [LOG] [ChatTransport] responseHandler called, data: {"type":"delta","content":"自己的","error":null,"message_id":"72698bb7-cc41-4c37-8839-4aa36718cf5f","conversation_id":null,"itinerary":null,"stage":null} @ webpack-internal:///(app-pages-browser)/./lib/chat-transport.ts:137
[   86731ms] [LOG] [ChatTransport] onmessage triggered, has currentResponseHandler: true @ webpack-internal:///(app-pages-browser)/./lib/chat-transport.ts:41
[   86731ms] [LOG] [ChatTransport] responseHandler called, data: {"type":"delta","content":"体","error":null,"message_id":"72698bb7-cc41-4c37-8839-4aa36718cf5f","conversation_id":null,"itinerary":null,"stage":null} @ webpack-internal:///(app-pages-browser)/./lib/chat-transport.ts:137
[   86805ms] [LOG] [ChatTransport] onmessage triggered, has currentResponseHandler: true @ webpack-internal:///(app-pages-browser)/./lib/chat-transport.ts:41
[   86805ms] [LOG] [ChatTransport] responseHandler called, data: {"type":"delta","content":"力和","error":null,"message_id":"72698bb7-cc41-4c37-8839-4aa36718cf5f","conversation_id":null,"itinerary":null,"stage":null} @ webpack-internal:///(app-pages-browser)/./lib/chat-transport.ts:137
[   86806ms] [LOG] [ChatTransport] onmessage triggered, has currentResponseHandler: true @ webpack-internal:///(app-pages-browser)/./lib/chat-transport.ts:41
[   86806ms] [LOG] [ChatTransport] responseHandler called, data: {"type":"delta","content":"兴趣","error":null,"message_id":"72698bb7-cc41-4c37-8839-4aa36718cf5f","conversation_id":null,"itinerary":null,"stage":null} @ webpack-internal:///(app-pages-browser)/./lib/chat-transport.ts:137
[   86882ms] [LOG] [ChatTransport] onmessage triggered, has currentResponseHandler: true @ webpack-internal:///(app-pages-browser)/./lib/chat-transport.ts:41
[   86882ms] [LOG] [ChatTransport] responseHandler called, data: {"type":"delta","content":"进行调整","error":null,"message_id":"72698bb7-cc41-4c37-8839-4aa36718cf5f","conversation_id":null,"itinerary":null,"stage":null} @ webpack-internal:///(app-pages-browser)/./lib/chat-transport.ts:137
[   86986ms] [LOG] [ChatTransport] onmessage triggered, has currentResponseHandler: true @ webpack-internal:///(app-pages-browser)/./lib/chat-transport.ts:41
[   86987ms] [LOG] [ChatTransport] responseHandler called, data: {"type":"delta","content":"。","error":null,"message_id":"72698bb7-cc41-4c37-8839-4aa36718cf5f","conversation_id":null,"itinerary":null,"stage":null} @ webpack-internal:///(app-pages-browser)/./lib/chat-transport.ts:137
[   86987ms] [LOG] [ChatTransport] onmessage triggered, has currentResponseHandler: true @ webpack-internal:///(app-pages-browser)/./lib/chat-transport.ts:41
[   86987ms] [LOG] [ChatTransport] responseHandler called, data: {"type":"delta","content":"例如","error":null,"message_id":"72698bb7-cc41-4c37-8839-4aa36718cf5f","conversation_id":null,"itinerary":null,"stage":null} @ webpack-internal:///(app-pages-browser)/./lib/chat-transport.ts:137
[   86995ms] [LOG] [ChatTransport] onmessage triggered, has currentResponseHandler: true @ webpack-internal:///(app-pages-browser)/./lib/chat-transport.ts:41
[   86995ms] [LOG] [ChatTransport] responseHandler called, data: {"type":"delta","content":"，","error":null,"message_id":"72698bb7-cc41-4c37-8839-4aa36718cf5f","conversation_id":null,"itinerary":null,"stage":null} @ webpack-internal:///(app-pages-browser)/./lib/chat-transport.ts:137
[   86995ms] [LOG] [ChatTransport] onmessage triggered, has currentResponseHandler: true @ webpack-internal:///(app-pages-browser)/./lib/chat-transport.ts:41
[   86995ms] [LOG] [ChatTransport] responseHandler called, data: {"type":"delta","content":"如果","error":null,"message_id":"72698bb7-cc41-4c37-8839-4aa36718cf5f","conversation_id":null,"itinerary":null,"stage":null} @ webpack-internal:///(app-pages-browser)/./lib/chat-transport.ts:137
[   87118ms] [LOG] [ChatTransport] onmessage triggered, has currentResponseHandler: true @ webpack-internal:///(app-pages-browser)/./lib/chat-transport.ts:41
[   87118ms] [LOG] [ChatTransport] responseHandler called, data: {"type":"delta","content":"对","error":null,"message_id":"72698bb7-cc41-4c37-8839-4aa36718cf5f","conversation_id":null,"itinerary":null,"stage":null} @ webpack-internal:///(app-pages-browser)/./lib/chat-transport.ts:137
[   87118ms] [LOG] [ChatTransport] onmessage triggered, has currentResponseHandler: true @ webpack-internal:///(app-pages-browser)/./lib/chat-transport.ts:41
[   87118ms] [LOG] [ChatTransport] responseHandler called, data: {"type":"delta","content":"博物馆","error":null,"message_id":"72698bb7-cc41-4c37-8839-4aa36718cf5f","conversation_id":null,"itinerary":null,"stage":null} @ webpack-internal:///(app-pages-browser)/./lib/chat-transport.ts:137
[   87119ms] [LOG] [ChatTransport] onmessage triggered, has currentResponseHandler: true @ webpack-internal:///(app-pages-browser)/./lib/chat-transport.ts:41
[   87119ms] [LOG] [ChatTransport] responseHandler called, data: {"type":"delta","content":"不","error":null,"message_id":"72698bb7-cc41-4c37-8839-4aa36718cf5f","conversation_id":null,"itinerary":null,"stage":null} @ webpack-internal:///(app-pages-browser)/./lib/chat-transport.ts:137
[   87236ms] [LOG] [ChatTransport] onmessage triggered, has currentResponseHandler: true @ webpack-internal:///(app-pages-browser)/./lib/chat-transport.ts:41
[   87236ms] [LOG] [ChatTransport] responseHandler called, data: {"type":"delta","content":"感兴趣","error":null,"message_id":"72698bb7-cc41-4c37-8839-4aa36718cf5f","conversation_id":null,"itinerary":null,"stage":null} @ webpack-internal:///(app-pages-browser)/./lib/chat-transport.ts:137
[   87236ms] [LOG] [ChatTransport] onmessage triggered, has currentResponseHandler: true @ webpack-internal:///(app-pages-browser)/./lib/chat-transport.ts:41
[   87236ms] [LOG] [ChatTransport] responseHandler called, data: {"type":"delta","content":"，","error":null,"message_id":"72698bb7-cc41-4c37-8839-4aa36718cf5f","conversation_id":null,"itinerary":null,"stage":null} @ webpack-internal:///(app-pages-browser)/./lib/chat-transport.ts:137
[   87237ms] [LOG] [ChatTransport] onmessage triggered, has currentResponseHandler: true @ webpack-internal:///(app-pages-browser)/./lib/chat-transport.ts:41
[   87237ms] [LOG] [ChatTransport] responseHandler called, data: {"type":"delta","content":"可以","error":null,"message_id":"72698bb7-cc41-4c37-8839-4aa36718cf5f","conversation_id":null,"itinerary":null,"stage":null} @ webpack-internal:///(app-pages-browser)/./lib/chat-transport.ts:137
[   87238ms] [LOG] [ChatTransport] onmessage triggered, has currentResponseHandler: true @ webpack-internal:///(app-pages-browser)/./lib/chat-transport.ts:41
[   87238ms] [LOG] [ChatTransport] responseHandler called, data: {"type":"delta","content":"换成","error":null,"message_id":"72698bb7-cc41-4c37-8839-4aa36718cf5f","conversation_id":null,"itinerary":null,"stage":null} @ webpack-internal:///(app-pages-browser)/./lib/chat-transport.ts:137
[   87395ms] [LOG] [ChatTransport] onmessage triggered, has currentResponseHandler: true @ webpack-internal:///(app-pages-browser)/./lib/chat-transport.ts:41
[   87395ms] [LOG] [ChatTransport] responseHandler called, data: {"type":"delta","content":"更多的","error":null,"message_id":"72698bb7-cc41-4c37-8839-4aa36718cf5f","conversation_id":null,"itinerary":null,"stage":null} @ webpack-internal:///(app-pages-browser)/./lib/chat-transport.ts:137
[   87396ms] [LOG] [ChatTransport] onmessage triggered, has currentResponseHandler: true @ webpack-internal:///(app-pages-browser)/./lib/chat-transport.ts:41
[   87397ms] [LOG] [ChatTransport] responseHandler called, data: {"type":"delta","content":"公园","error":null,"message_id":"72698bb7-cc41-4c37-8839-4aa36718cf5f","conversation_id":null,"itinerary":null,"stage":null} @ webpack-internal:///(app-pages-browser)/./lib/chat-transport.ts:137
[   87431ms] [LOG] [ChatTransport] onmessage triggered, has currentResponseHandler: true @ webpack-internal:///(app-pages-browser)/./lib/chat-transport.ts:41
[   87431ms] [LOG] [ChatTransport] responseHandler called, data: {"type":"delta","content":"或","error":null,"message_id":"72698bb7-cc41-4c37-8839-4aa36718cf5f","conversation_id":null,"itinerary":null,"stage":null} @ webpack-internal:///(app-pages-browser)/./lib/chat-transport.ts:137
[   87431ms] [LOG] [ChatTransport] onmessage triggered, has currentResponseHandler: true @ webpack-internal:///(app-pages-browser)/./lib/chat-transport.ts:41
[   87432ms] [LOG] [ChatTransport] responseHandler called, data: {"type":"delta","content":"商业","error":null,"message_id":"72698bb7-cc41-4c37-8839-4aa36718cf5f","conversation_id":null,"itinerary":null,"stage":null} @ webpack-internal:///(app-pages-browser)/./lib/chat-transport.ts:137
[   87495ms] [LOG] [ChatTransport] onmessage triggered, has currentResponseHandler: true @ webpack-internal:///(app-pages-browser)/./lib/chat-transport.ts:41
[   87495ms] [LOG] [ChatTransport] responseHandler called, data: {"type":"delta","content":"区","error":null,"message_id":"72698bb7-cc41-4c37-8839-4aa36718cf5f","conversation_id":null,"itinerary":null,"stage":null} @ webpack-internal:///(app-pages-browser)/./lib/chat-transport.ts:137
[   87547ms] [LOG] [ChatTransport] onmessage triggered, has currentResponseHandler: true @ webpack-internal:///(app-pages-browser)/./lib/chat-transport.ts:41
[   87547ms] [LOG] [ChatTransport] responseHandler called, data: {"type":"delta","content":"。","error":null,"message_id":"72698bb7-cc41-4c37-8839-4aa36718cf5f","conversation_id":null,"itinerary":null,"stage":null} @ webpack-internal:///(app-pages-browser)/./lib/chat-transport.ts:137
[   87547ms] [LOG] [ChatTransport] onmessage triggered, has currentResponseHandler: true @ webpack-internal:///(app-pages-browser)/./lib/chat-transport.ts:41
[   87548ms] [LOG] [ChatTransport] responseHandler called, data: {"type":"delta","content":"请","error":null,"message_id":"72698bb7-cc41-4c37-8839-4aa36718cf5f","conversation_id":null,"itinerary":null,"stage":null} @ webpack-internal:///(app-pages-browser)/./lib/chat-transport.ts:137
[   87609ms] [LOG] [ChatTransport] onmessage triggered, has currentResponseHandler: true @ webpack-internal:///(app-pages-browser)/./lib/chat-transport.ts:41
[   87609ms] [LOG] [ChatTransport] responseHandler called, data: {"type":"delta","content":"告诉我","error":null,"message_id":"72698bb7-cc41-4c37-8839-4aa36718cf5f","conversation_id":null,"itinerary":null,"stage":null} @ webpack-internal:///(app-pages-browser)/./lib/chat-transport.ts:137
[   87609ms] [LOG] [ChatTransport] onmessage triggered, has currentResponseHandler: true @ webpack-internal:///(app-pages-browser)/./lib/chat-transport.ts:41
[   87609ms] [LOG] [ChatTransport] responseHandler called, data: {"type":"delta","content":"您的","error":null,"message_id":"72698bb7-cc41-4c37-8839-4aa36718cf5f","conversation_id":null,"itinerary":null,"stage":null} @ webpack-internal:///(app-pages-browser)/./lib/chat-transport.ts:137
[   87689ms] [LOG] [ChatTransport] onmessage triggered, has currentResponseHandler: true @ webpack-internal:///(app-pages-browser)/./lib/chat-transport.ts:41
[   87689ms] [LOG] [ChatTransport] responseHandler called, data: {"type":"delta","content":"具体","error":null,"message_id":"72698bb7-cc41-4c37-8839-4aa36718cf5f","conversation_id":null,"itinerary":null,"stage":null} @ webpack-internal:///(app-pages-browser)/./lib/chat-transport.ts:137
[   87736ms] [LOG] [ChatTransport] onmessage triggered, has currentResponseHandler: true @ webpack-internal:///(app-pages-browser)/./lib/chat-transport.ts:41
[   87736ms] [LOG] [ChatTransport] responseHandler called, data: {"type":"delta","content":"偏好","error":null,"message_id":"72698bb7-cc41-4c37-8839-4aa36718cf5f","conversation_id":null,"itinerary":null,"stage":null} @ webpack-internal:///(app-pages-browser)/./lib/chat-transport.ts:137
[   87737ms] [LOG] [ChatTransport] onmessage triggered, has currentResponseHandler: true @ webpack-internal:///(app-pages-browser)/./lib/chat-transport.ts:41
[   87737ms] [LOG] [ChatTransport] responseHandler called, data: {"type":"delta","content":"，","error":null,"message_id":"72698bb7-cc41-4c37-8839-4aa36718cf5f","conversation_id":null,"itinerary":null,"stage":null} @ webpack-internal:///(app-pages-browser)/./lib/chat-transport.ts:137
[   87817ms] [LOG] [ChatTransport] onmessage triggered, has currentResponseHandler: true @ webpack-internal:///(app-pages-browser)/./lib/chat-transport.ts:41
[   87817ms] [LOG] [ChatTransport] responseHandler called, data: {"type":"delta","content":"我可以","error":null,"message_id":"72698bb7-cc41-4c37-8839-4aa36718cf5f","conversation_id":null,"itinerary":null,"stage":null} @ webpack-internal:///(app-pages-browser)/./lib/chat-transport.ts:137
[   87817ms] [LOG] [ChatTransport] onmessage triggered, has currentResponseHandler: true @ webpack-internal:///(app-pages-browser)/./lib/chat-transport.ts:41
[   87817ms] [LOG] [ChatTransport] responseHandler called, data: {"type":"delta","content":"为您","error":null,"message_id":"72698bb7-cc41-4c37-8839-4aa36718cf5f","conversation_id":null,"itinerary":null,"stage":null} @ webpack-internal:///(app-pages-browser)/./lib/chat-transport.ts:137
[   87883ms] [LOG] [ChatTransport] onmessage triggered, has currentResponseHandler: true @ webpack-internal:///(app-pages-browser)/./lib/chat-transport.ts:41
[   87883ms] [LOG] [ChatTransport] responseHandler called, data: {"type":"delta","content":"进一步","error":null,"message_id":"72698bb7-cc41-4c37-8839-4aa36718cf5f","conversation_id":null,"itinerary":null,"stage":null} @ webpack-internal:///(app-pages-browser)/./lib/chat-transport.ts:137
[   87883ms] [LOG] [ChatTransport] onmessage triggered, has currentResponseHandler: true @ webpack-internal:///(app-pages-browser)/./lib/chat-transport.ts:41
[   87883ms] [LOG] [ChatTransport] responseHandler called, data: {"type":"delta","content":"优化","error":null,"message_id":"72698bb7-cc41-4c37-8839-4aa36718cf5f","conversation_id":null,"itinerary":null,"stage":null} @ webpack-internal:///(app-pages-browser)/./lib/chat-transport.ts:137
[   87930ms] [LOG] [ChatTransport] onmessage triggered, has currentResponseHandler: true @ webpack-internal:///(app-pages-browser)/./lib/chat-transport.ts:41
[   87930ms] [LOG] [ChatTransport] responseHandler called, data: {"type":"delta","content":"。","error":null,"message_id":"72698bb7-cc41-4c37-8839-4aa36718cf5f","conversation_id":null,"itinerary":null,"stage":null} @ webpack-internal:///(app-pages-browser)/./lib/chat-transport.ts:137
[   88033ms] [LOG] [ChatTransport] onmessage triggered, has currentResponseHandler: true @ webpack-internal:///(app-pages-browser)/./lib/chat-transport.ts:41
[   88033ms] [LOG] [ChatTransport] responseHandler called, data: {"type":"stage","content":null,"error":null,"message_id":"72698bb7-cc41-4c37-8839-4aa36718cf5f","conversation_id":null,"itinerary":null,"stage":{"name":"6_LLM","status":"end","label":"✨ 生成回复","message":"正在生成回复内容..."}} @ webpack-internal:///(app-pages-browser)/./lib/chat-transport.ts:137
[   88033ms] [LOG] [ChatTransport] Stage update: {name: 6_LLM, status: end, label: ✨ 生成回复, message: 正在生成回复内容...} @ webpack-internal:///(app-pages-browser)/./lib/chat-transport.ts:147
[   88040ms] [LOG] [ChatTransport] onmessage triggered, has currentResponseHandler: true @ webpack-internal:///(app-pages-browser)/./lib/chat-transport.ts:41
[   88040ms] [LOG] [ChatTransport] responseHandler called, data: {"type":"stage","content":null,"error":null,"message_id":"72698bb7-cc41-4c37-8839-4aa36718cf5f","conversation_id":null,"itinerary":null,"stage":{"name":"7_CTX_MANAGE","status":"start","label":"📊 上下文管理","message":"正在管理上下文窗口..."}} @ webpack-internal:///(app-pages-browser)/./lib/chat-transport.ts:137
[   88040ms] [LOG] [ChatTransport] Stage update: {name: 7_CTX_MANAGE, status: start, label: 📊 上下文管理, message: 正在管理上下文窗口...} @ webpack-internal:///(app-pages-browser)/./lib/chat-transport.ts:147
[   88048ms] [LOG] [ChatTransport] onmessage triggered, has currentResponseHandler: true @ webpack-internal:///(app-pages-browser)/./lib/chat-transport.ts:41
[   88048ms] [LOG] [ChatTransport] responseHandler called, data: {"type":"stage","content":null,"error":null,"message_id":"72698bb7-cc41-4c37-8839-4aa36718cf5f","conversation_id":null,"itinerary":null,"stage":{"name":"7_CTX_MANAGE","status":"skip","label":"📊 上下文管理","message":"正在管理上下文窗口..."}} @ webpack-internal:///(app-pages-browser)/./lib/chat-transport.ts:137
[   88048ms] [LOG] [ChatTransport] Stage update: {name: 7_CTX_MANAGE, status: skip, label: 📊 上下文管理, message: 正在管理上下文窗口...} @ webpack-internal:///(app-pages-browser)/./lib/chat-transport.ts:147
[   88048ms] [LOG] [ChatTransport] onmessage triggered, has currentResponseHandler: true @ webpack-internal:///(app-pages-browser)/./lib/chat-transport.ts:41
[   88048ms] [LOG] [ChatTransport] responseHandler called, data: {"type":"stage","content":null,"error":null,"message_id":"72698bb7-cc41-4c37-8839-4aa36718cf5f","conversation_id":null,"itinerary":null,"stage":{"name":"8_MEMORY","status":"start","label":"💾 记忆更新","message":"正在更新记忆信息..."}} @ webpack-internal:///(app-pages-browser)/./lib/chat-transport.ts:137
[   88048ms] [LOG] [ChatTransport] Stage update: {name: 8_MEMORY, status: start, label: 💾 记忆更新, message: 正在更新记忆信息...} @ webpack-internal:///(app-pages-browser)/./lib/chat-transport.ts:147
[   88048ms] [LOG] [ChatTransport] onmessage triggered, has currentResponseHandler: true @ webpack-internal:///(app-pages-browser)/./lib/chat-transport.ts:41
[   88048ms] [LOG] [ChatTransport] responseHandler called, data: {"type":"stage","content":null,"error":null,"message_id":"72698bb7-cc41-4c37-8839-4aa36718cf5f","conversation_id":null,"itinerary":null,"stage":{"name":"8_MEMORY","status":"end","label":"💾 记忆更新","message":"正在更新记忆信息..."}} @ webpack-internal:///(app-pages-browser)/./lib/chat-transport.ts:137
[   88048ms] [LOG] [ChatTransport] Stage update: {name: 8_MEMORY, status: end, label: 💾 记忆更新, message: 正在更新记忆信息...} @ webpack-internal:///(app-pages-browser)/./lib/chat-transport.ts:147
[   88048ms] [LOG] [ChatTransport] onmessage triggered, has currentResponseHandler: true @ webpack-internal:///(app-pages-browser)/./lib/chat-transport.ts:41
[   88048ms] [LOG] [ChatTransport] responseHandler called, data: {"type":"done","content":"好的，非常乐意为您规划一个北京3日游的行程。北京作为历史文化名城，景点非常集中，很适合在3天内体验其精华。\n\n基于我为您搜索到的北京核心景点信息，我为您设计了以下行程方案。这个方案以天安门广场为中心，辐射周边，兼顾了历史古迹、文化体验和城市风貌，行程紧凑且高效。\n\n---\n\n### **北京经典3日游行程规划**\n\n**核心思路**：第一天感受皇家气派与中轴线，第二天深入老北京胡同与现代艺术，第三天探索祭天建筑与自然历史。\n\n#### **第一天：皇城根下的中轴线之旅**\n*   **上午**：**天安门广场**。参观世界上最大的城市广场，观看**天安门-城楼**和**天安门广场-国旗**，感受国家象征的庄严。随后前往广场东侧的**中国国家博物馆**，深入了解中华文明的璀璨历史（需提前预约）。\n*   **中午**：在**前门大街**用餐。这里汇聚了全聚德、东来顺等众多老字号，可以品尝到地道的北京烤鸭、涮羊肉等美食。\n*   **下午**：进入**故宫博物院**。从午门进入，沿着中轴线参观太和殿、乾清宫、御花园等，领略明清两代皇宫的恢弘气势。建议游览3-4小时。\n*   **傍晚**：登上故宫北面的**景山公园**，在万春亭俯瞰故宫全景和北京中轴线，这是拍摄日落和故宫全貌的绝佳位置。\n*   **晚上**：前往**王府井步行街**，感受现代北京的繁华，可以在这里解决晚餐和购物。\n\n#### **第二天：胡同风情与皇家园林**\n*   **上午**：游览**北海公园**，体验“让我们荡起双桨”的童年回忆，参观白塔、九龙壁等著名景观。\n*   **中午**：在**南锣鼓巷**附近用餐。这里不仅是著名的胡同街区，周边也隐藏着许多特色餐馆和小吃。\n*   **下午**：深度逛**南锣鼓巷**及周边胡同（如帽儿胡同、菊儿胡同），感受老北京的市井生活。也可以选择参观附近的**恭王府**（和珅故居），体验王府文化。\n*   **傍晚**：漫步**南池子大街**，这条紧邻故宫东华门的街道宁静而富有韵味，是拍摄故宫角楼的好地方。\n*   **晚上**：如果有兴趣，可以前往**国家大剧院**（外观像一颗水上明珠，夜景很美）观看一场演出，或者只是在周边欣赏其独特的建筑美学。\n\n#### **第三天：祭天典礼与知识之旅**\n*   **上午**：参观**天坛公园**。这里是明清两代皇帝祭天、祈谷的场所，重点参观祈年殿、皇穹宇（回音壁）和圜丘坛，感受古代祭天文化的博大精深。\n*   **中午**：在天坛附近或前往**前门大街**再次寻找美食。\n*   **下午**：方案A（历史文化）：参观**国家自然博物馆**（需预约），探索自然世界的奥秘。或者方案B（遗址怀古）：参观**北京明城墙遗址公园**，感受北京古城墙的沧桑。\n*   **傍晚**：行程结束，根据您的航班或火车时间，前往交通枢纽。如果时间充裕，可以去**中山公园**或**太庙**（劳动人民文化宫）安静地散步，它们就在天安门西侧，环境清幽。\n\n---\n\n### **实用信息与建议**\n\n1.  **门票与预约**：\n    *   **故宫、国家博物馆、国家自然博物馆** 等热门场馆**必须提前在线实名预约**（通常提前1-7天），现场可能无票。请通过其官方微信公众号或网站预约。\n    *   天坛、景山、北海等公园门票相对充裕，可现场购买，也可通过“畅游公园”等官方平台提前购买。\n\n2.  **交通**：\n    *   北京市内景点地铁通达性很好。建议使用手机地图APP（如高德/百度地图）查询实时地铁路线。\n    *   下载“亿通行”APP或使用支付宝/微信的北京地铁乘车码，扫码乘车非常方便。\n    *   第一天和第三天的景点非常集中，很多可以步行到达，请准备一双舒适的鞋子。\n\n3.  **餐饮**：\n    *   除了提到的前门、王府井、南锣鼓巷，牛街是著名的清真美食聚集地，护国寺小吃街可以体验北京传统小吃。\n    *   如需查询具体餐厅，我可以帮您使用工具搜索。\n\n4.  **其他可选景点**：\n    *   如果对某类景点特别感兴趣（如长城、颐和园、圆明园），可以替换掉第三天下午的行程。但请注意，长城距离市区较远（单程约1.5-2小时车程），需要预留一整天时间。\n\n5.  **天气**：\n    *   北京的天气对旅行体验影响较大。为了给您更准确的建议，需要我为您查询一下北京未来几天的天气预报吗？\n\n这个行程是一个经典框架，您可以根据自己的体力和兴趣进行调整。例如，如果对博物馆不感兴趣，可以换成更多的公园或商业区。请告诉我您的具体偏好，我可以为您进一步优化。","error":null,"message_id":"72698bb7-cc41-4c37-8839-4aa36718cf5f","conversation_id":"5ab8ee0a-2360-4971-8bbe-61f9804076af","itinerary":null,"stage":null} @ webpack-internal:///(app-pages-browser)/./lib/chat-transport.ts:137
[   88048ms] [LOG] [ChatTransport] Updated conversation_id: 5ab8ee0a-2360-4971-8bbe-61f9804076af @ webpack-internal:///(app-pages-browser)/./lib/chat-transport.ts:165
[   90967ms] [LOG] [ChatTransport] onmessage triggered, has currentResponseHandler: false @ webpack-internal:///(app-pages-browser)/./lib/chat-transport.ts:41
[   90967ms] [LOG] [ChatTransport] Title update received: 北京三日游行程规划 @ webpack-internal:///(app-pages-browser)/./lib/chat-transport.ts:47
[   90967ms] [LOG] [Chat] Title updated: 北京三日游行程规划 @ webpack-internal:///(app-pages-browser)/./app/chat/page.tsx:366
[  104676ms] [LOG] [ChatTransport] WebSocket disconnected 1006  @ webpack-internal:///(app-pages-browser)/./lib/chat-transport.ts:63
[  104676ms] [LOG] [ChatTransport] Reconnecting... (1/5) @ webpack-internal:///(app-pages-browser)/./lib/chat-transport.ts:69
[  104677ms] [LOG] [ChatTransport] WebSocket disconnected 1006  @ webpack-internal:///(app-pages-browser)/./lib/chat-transport.ts:63
[  104677ms] [LOG] [ChatTransport] Reconnecting... (1/5) @ webpack-internal:///(app-pages-browser)/./lib/chat-transport.ts:69
[  108056ms] [ERROR] WebSocket connection to 'ws://localhost:8000/ws/chat' failed: Error in connection establishment: net::ERR_CONNECTION_REFUSED @ webpack-internal:///(app-pages-browser)/./lib/chat-transport.ts:27
[  108057ms] [ERROR] [ChatTransport] WebSocket error: Event @ webpack-internal:///(app-pages-browser)/./node_modules/next/dist/next-devtools/userspace/app/errors/intercept-console-error.js:56
[  108057ms] [ERROR] Event @ webpack-internal:///(app-pages-browser)/./node_modules/next/dist/next-devtools/userspace/app/errors/intercept-console-error.js:56
[  108057ms] [LOG] [ChatTransport] WebSocket disconnected 1006  @ webpack-internal:///(app-pages-browser)/./lib/chat-transport.ts:63
[  108057ms] [LOG] [ChatTransport] Reconnecting... (2/5) @ webpack-internal:///(app-pages-browser)/./lib/chat-transport.ts:69
[  110128ms] [ERROR] WebSocket connection to 'ws://localhost:8000/ws/chat' failed: Error in connection establishment: net::ERR_CONNECTION_REFUSED @ webpack-internal:///(app-pages-browser)/./lib/chat-transport.ts:27
[  110129ms] [ERROR] [ChatTransport] WebSocket error: Event @ webpack-internal:///(app-pages-browser)/./node_modules/next/dist/next-devtools/userspace/app/errors/intercept-console-error.js:56
[  110129ms] [ERROR] Event @ webpack-internal:///(app-pages-browser)/./node_modules/next/dist/next-devtools/userspace/app/errors/intercept-console-error.js:56
[  110129ms] [LOG] [ChatTransport] WebSocket disconnected 1006  @ webpack-internal:///(app-pages-browser)/./lib/chat-transport.ts:63
[  110129ms] [LOG] [ChatTransport] Reconnecting... (2/5) @ webpack-internal:///(app-pages-browser)/./lib/chat-transport.ts:69
[  112434ms] [ERROR] WebSocket connection to 'ws://localhost:8000/ws/chat' failed: Error in connection establishment: net::ERR_CONNECTION_REFUSED @ webpack-internal:///(app-pages-browser)/./lib/chat-transport.ts:27
[  112434ms] [ERROR] [ChatTransport] WebSocket error: Event @ webpack-internal:///(app-pages-browser)/./node_modules/next/dist/next-devtools/userspace/app/errors/intercept-console-error.js:56
[  112434ms] [ERROR] Event @ webpack-internal:///(app-pages-browser)/./node_modules/next/dist/next-devtools/userspace/app/errors/intercept-console-error.js:56
[  112434ms] [LOG] [ChatTransport] WebSocket disconnected 1006  @ webpack-internal:///(app-pages-browser)/./lib/chat-transport.ts:63
[  112435ms] [LOG] [ChatTransport] Reconnecting... (3/5) @ webpack-internal:///(app-pages-browser)/./lib/chat-transport.ts:69
[  114503ms] [ERROR] WebSocket connection to 'ws://localhost:8000/ws/chat' failed: Error in connection establishment: net::ERR_CONNECTION_REFUSED @ webpack-internal:///(app-pages-browser)/./lib/chat-transport.ts:27
[  114503ms] [ERROR] [ChatTransport] WebSocket error: Event @ webpack-internal:///(app-pages-browser)/./node_modules/next/dist/next-devtools/userspace/app/errors/intercept-console-error.js:56
[  114503ms] [ERROR] Event @ webpack-internal:///(app-pages-browser)/./node_modules/next/dist/next-devtools/userspace/app/errors/intercept-console-error.js:56
[  114503ms] [LOG] [ChatTransport] WebSocket disconnected 1006  @ webpack-internal:///(app-pages-browser)/./lib/chat-transport.ts:63
[  114503ms] [LOG] [ChatTransport] Reconnecting... (3/5) @ webpack-internal:///(app-pages-browser)/./lib/chat-transport.ts:69
[  117355ms] [LOG] [ChatTransport] WebSocket connected @ webpack-internal:///(app-pages-browser)/./lib/chat-transport.ts:29
[  117835ms] [LOG] [ChatTransport] WebSocket connected @ webpack-internal:///(app-pages-browser)/./lib/chat-transport.ts:29
[  120862ms] [INFO] %cDownload the React DevTools for a better development experience: https://react.dev/link/react-devtools font-weight:bold @ webpack-internal:///(app-pages-browser)/./node_modules/next/dist/compiled/react-dom/cjs/react-dom-client.development.js:25630
[  121297ms] [LOG] [Auth] Synced user ID to userManager on init: f62f4ec5-1874-4821-97e9-b2c70b35805d @ webpack-internal:///(app-pages-browser)/./lib/store/auth-store.ts:59
[  121317ms] [LOG] [Chat] Store conversation changed: c9b60305-5275-4c4a-9f83-1d5b93707c97 @ webpack-internal:///(app-pages-browser)/./app/chat/page.tsx:162
[  121319ms] [WARNING] WebSocket connection to 'ws://localhost:8000/ws/chat' failed: WebSocket is closed before the connection is established. @ webpack-internal:///(app-pages-browser)/./lib/chat-transport.ts:84
[  121320ms] [LOG] [Chat] Store conversation changed: c9b60305-5275-4c4a-9f83-1d5b93707c97 @ webpack-internal:///(app-pages-browser)/./app/chat/page.tsx:162
[  121330ms] [ERROR] [ChatTransport] WebSocket error: Event @ webpack-internal:///(app-pages-browser)/./node_modules/next/dist/next-devtools/userspace/app/errors/intercept-console-error.js:56
[  121330ms] [ERROR] Event @ webpack-internal:///(app-pages-browser)/./node_modules/next/dist/next-devtools/userspace/app/errors/intercept-console-error.js:56
[  121330ms] [LOG] [ChatTransport] WebSocket disconnected 1006  @ webpack-internal:///(app-pages-browser)/./lib/chat-transport.ts:63
[  121330ms] [LOG] [ChatTransport] Reconnecting... (1/5) @ webpack-internal:///(app-pages-browser)/./lib/chat-transport.ts:69
[  121340ms] [LOG] [Chat] User initialized: f62f4ec5-1874-4821-97e9-b2c70b35805d @ webpack-internal:///(app-pages-browser)/./app/chat/page.tsx:55
[  121355ms] [LOG] [Chat] User ID set to transport: f62f4ec5-1874-4821-97e9-b2c70b35805d @ webpack-internal:///(app-pages-browser)/./app/chat/page.tsx:98
[  121367ms] [LOG] [Chat] User initialized: f62f4ec5-1874-4821-97e9-b2c70b35805d @ webpack-internal:///(app-pages-browser)/./app/chat/page.tsx:55
[  121633ms] [LOG] [ChatTransport] WebSocket connected @ webpack-internal:///(app-pages-browser)/./lib/chat-transport.ts:29
[  122645ms] [LOG] [ChatTransport] WebSocket connected @ webpack-internal:///(app-pages-browser)/./lib/chat-transport.ts:29
[  125389ms] [LOG] [ChatTransport] sendMessage called, content: 东京有什么好吃的？ @ webpack-internal:///(app-pages-browser)/./lib/chat-transport.ts:109
[  125390ms] [LOG] [ChatTransport] isConnected: true ws.readyState: 1 @ webpack-internal:///(app-pages-browser)/./lib/chat-transport.ts:110
[  125390ms] [LOG] [ChatTransport] has_image: false @ webpack-internal:///(app-pages-browser)/./lib/chat-transport.ts:111
[  125390ms] [LOG] [ChatTransport] Sending WebSocket message: msg_1776430096458_f0c73er 东京有什么好吃的？ @ webpack-internal:///(app-pages-browser)/./lib/chat-transport.ts:126
[  125390ms] [LOG] [ChatTransport] Setting currentResponseHandler @ webpack-internal:///(app-pages-browser)/./lib/chat-transport.ts:179
[  125390ms] [LOG] [ChatTransport] send() called, isConnected: true readyState: 1 @ webpack-internal:///(app-pages-browser)/./lib/chat-transport.ts:97
[  125390ms] [LOG] [ChatTransport] Sending WebSocket data: {"type":"message","session_id":"session_1776430092388_oqp8cwj","conversation_id":"c9b60305-5275-4c4a-9f83-1d5b93707c97","user_id":"f62f4ec5-1874-4821-97e9-b2c70b35805d","content":"东京有什么好吃的？","has_image":false} @ webpack-internal:///(app-pages-browser)/./lib/chat-transport.ts:99
[  141274ms] [LOG] [ChatTransport] onmessage triggered, has currentResponseHandler: true @ webpack-internal:///(app-pages-browser)/./lib/chat-transport.ts:41
[  141274ms] [LOG] [ChatTransport] responseHandler called, data: {"type":"stage","content":null,"error":null,"message_id":"14c8664e-0d7a-487a-8967-a6e5848eb3ee","conversation_id":null,"itinerary":null,"stage":{"name":"1_INTENT","status":"start","label":"🔍 意图识别","message":"正在分析您的需求..."}} @ webpack-internal:///(app-pages-browser)/./lib/chat-transport.ts:137
[  141274ms] [LOG] [ChatTransport] Stage update: {name: 1_INTENT, status: start, label: 🔍 意图识别, message: 正在分析您的需求...} @ webpack-internal:///(app-pages-browser)/./lib/chat-transport.ts:147
[  141285ms] [LOG] [ChatTransport] onmessage triggered, has currentResponseHandler: true @ webpack-internal:///(app-pages-browser)/./lib/chat-transport.ts:41
[  141285ms] [LOG] [ChatTransport] responseHandler called, data: {"type":"stage","content":null,"error":null,"message_id":"14c8664e-0d7a-487a-8967-a6e5848eb3ee","conversation_id":null,"itinerary":null,"stage":{"name":"1_INTENT","status":"end","label":"🔍 意图识别","message":"正在分析您的需求..."}} @ webpack-internal:///(app-pages-browser)/./lib/chat-transport.ts:137
[  141285ms] [LOG] [ChatTransport] Stage update: {name: 1_INTENT, status: end, label: 🔍 意图识别, message: 正在分析您的需求...} @ webpack-internal:///(app-pages-browser)/./lib/chat-transport.ts:147
[  141303ms] [LOG] [ChatTransport] onmessage triggered, has currentResponseHandler: true @ webpack-internal:///(app-pages-browser)/./lib/chat-transport.ts:41
[  141303ms] [LOG] [ChatTransport] responseHandler called, data: {"type":"stage","content":null,"error":null,"message_id":"14c8664e-0d7a-487a-8967-a6e5848eb3ee","conversation_id":null,"itinerary":null,"stage":{"name":"2_STORAGE","status":"start","label":"📚 加载历史","message":"正在加载对话历史..."}} @ webpack-internal:///(app-pages-browser)/./lib/chat-transport.ts:137
[  141303ms] [LOG] [ChatTransport] Stage update: {name: 2_STORAGE, status: start, label: 📚 加载历史, message: 正在加载对话历史...} @ webpack-internal:///(app-pages-browser)/./lib/chat-transport.ts:147
[  141303ms] [LOG] [ChatTransport] onmessage triggered, has currentResponseHandler: true @ webpack-internal:///(app-pages-browser)/./lib/chat-transport.ts:41
[  141303ms] [LOG] [ChatTransport] responseHandler called, data: {"type":"stage","content":null,"error":null,"message_id":"14c8664e-0d7a-487a-8967-a6e5848eb3ee","conversation_id":null,"itinerary":null,"stage":{"name":"2_STORAGE","status":"end","label":"📚 加载历史","message":"正在加载对话历史..."}} @ webpack-internal:///(app-pages-browser)/./lib/chat-transport.ts:137
[  141303ms] [LOG] [ChatTransport] Stage update: {name: 2_STORAGE, status: end, label: 📚 加载历史, message: 正在加载对话历史...} @ webpack-internal:///(app-pages-browser)/./lib/chat-transport.ts:147
[  141304ms] [LOG] [ChatTransport] onmessage triggered, has currentResponseHandler: true @ webpack-internal:///(app-pages-browser)/./lib/chat-transport.ts:41
[  141304ms] [LOG] [ChatTransport] responseHandler called, data: {"type":"stage","content":null,"error":null,"message_id":"14c8664e-0d7a-487a-8967-a6e5848eb3ee","conversation_id":null,"itinerary":null,"stage":{"name":"3_CTX_CLEAN","status":"start","label":"🧹 上下文清理","message":"正在整理上下文信息..."}} @ webpack-internal:///(app-pages-browser)/./lib/chat-transport.ts:137
[  141304ms] [LOG] [ChatTransport] Stage update: {name: 3_CTX_CLEAN, status: start, label: 🧹 上下文清理, message: 正在整理上下文信息...} @ webpack-internal:///(app-pages-browser)/./lib/chat-transport.ts:147
[  141304ms] [LOG] [ChatTransport] onmessage triggered, has currentResponseHandler: true @ webpack-internal:///(app-pages-browser)/./lib/chat-transport.ts:41
[  141304ms] [LOG] [ChatTransport] responseHandler called, data: {"type":"stage","content":null,"error":null,"message_id":"14c8664e-0d7a-487a-8967-a6e5848eb3ee","conversation_id":null,"itinerary":null,"stage":{"name":"3_CTX_CLEAN","status":"skip","label":"🧹 上下文清理","message":"正在整理上下文信息..."}} @ webpack-internal:///(app-pages-browser)/./lib/chat-transport.ts:137
[  141304ms] [LOG] [ChatTransport] Stage update: {name: 3_CTX_CLEAN, status: skip, label: 🧹 上下文清理, message: 正在整理上下文信息...} @ webpack-internal:///(app-pages-browser)/./lib/chat-transport.ts:147
[  141304ms] [LOG] [ChatTransport] onmessage triggered, has currentResponseHandler: true @ webpack-internal:///(app-pages-browser)/./lib/chat-transport.ts:41
[  141304ms] [LOG] [ChatTransport] responseHandler called, data: {"type":"stage","content":null,"error":null,"message_id":"14c8664e-0d7a-487a-8967-a6e5848eb3ee","conversation_id":null,"itinerary":null,"stage":{"name":"4_TOOLS","status":"start","label":"🔧 工具调用","message":"正在获取实时数据..."}} @ webpack-internal:///(app-pages-browser)/./lib/chat-transport.ts:137
[  141305ms] [LOG] [ChatTransport] Stage update: {name: 4_TOOLS, status: start, label: 🔧 工具调用, message: 正在获取实时数据...} @ webpack-internal:///(app-pages-browser)/./lib/chat-transport.ts:147
[  147960ms] [LOG] [ChatTransport] onmessage triggered, has currentResponseHandler: true @ webpack-internal:///(app-pages-browser)/./lib/chat-transport.ts:41
[  147961ms] [LOG] [ChatTransport] responseHandler called, data: {"type":"stage","content":null,"error":null,"message_id":"14c8664e-0d7a-487a-8967-a6e5848eb3ee","conversation_id":null,"itinerary":null,"stage":{"name":"4_TOOLS","status":"end","label":"🔧 工具调用","message":"正在获取实时数据..."}} @ webpack-internal:///(app-pages-browser)/./lib/chat-transport.ts:137
[  147961ms] [LOG] [ChatTransport] Stage update: {name: 4_TOOLS, status: end, label: 🔧 工具调用, message: 正在获取实时数据...} @ webpack-internal:///(app-pages-browser)/./lib/chat-transport.ts:147
[  147978ms] [LOG] [ChatTransport] onmessage triggered, has currentResponseHandler: true @ webpack-internal:///(app-pages-browser)/./lib/chat-transport.ts:41
[  147978ms] [LOG] [ChatTransport] responseHandler called, data: {"type":"stage","content":null,"error":null,"message_id":"14c8664e-0d7a-487a-8967-a6e5848eb3ee","conversation_id":null,"itinerary":null,"stage":{"name":"5_CONTEXT","status":"start","label":"🔗 整合信息","message":"正在整合相关信息..."}} @ webpack-internal:///(app-pages-browser)/./lib/chat-transport.ts:137
[  147978ms] [LOG] [ChatTransport] Stage update: {name: 5_CONTEXT, status: start, label: 🔗 整合信息, message: 正在整合相关信息...} @ webpack-internal:///(app-pages-browser)/./lib/chat-transport.ts:147
[  148353ms] [LOG] [ChatTransport] onmessage triggered, has currentResponseHandler: true @ webpack-internal:///(app-pages-browser)/./lib/chat-transport.ts:41
[  148354ms] [LOG] [ChatTransport] responseHandler called, data: {"type":"stage","content":null,"error":null,"message_id":"14c8664e-0d7a-487a-8967-a6e5848eb3ee","conversation_id":null,"itinerary":null,"stage":{"name":"5_CONTEXT","status":"end","label":"🔗 整合信息","message":"正在整合相关信息..."}} @ webpack-internal:///(app-pages-browser)/./lib/chat-transport.ts:137
[  148354ms] [LOG] [ChatTransport] Stage update: {name: 5_CONTEXT, status: end, label: 🔗 整合信息, message: 正在整合相关信息...} @ webpack-internal:///(app-pages-browser)/./lib/chat-transport.ts:147
[  148377ms] [LOG] [ChatTransport] onmessage triggered, has currentResponseHandler: true @ webpack-internal:///(app-pages-browser)/./lib/chat-transport.ts:41
[  148377ms] [LOG] [ChatTransport] responseHandler called, data: {"type":"stage","content":null,"error":null,"message_id":"14c8664e-0d7a-487a-8967-a6e5848eb3ee","conversation_id":null,"itinerary":null,"stage":{"name":"6_LLM","status":"start","label":"✨ 生成回复","message":"正在生成回复内容..."}} @ webpack-internal:///(app-pages-browser)/./lib/chat-transport.ts:137
[  148377ms] [LOG] [ChatTransport] Stage update: {name: 6_LLM, status: start, label: ✨ 生成回复, message: 正在生成回复内容...} @ webpack-internal:///(app-pages-browser)/./lib/chat-transport.ts:147
[  149819ms] [LOG] [ChatTransport] onmessage triggered, has currentResponseHandler: true @ webpack-internal:///(app-pages-browser)/./lib/chat-transport.ts:41
[  149819ms] [LOG] [ChatTransport] responseHandler called, data: {"type":"delta","content":"抱歉","error":null,"message_id":"14c8664e-0d7a-487a-8967-a6e5848eb3ee","conversation_id":null,"itinerary":null,"stage":null} @ webpack-internal:///(app-pages-browser)/./lib/chat-transport.ts:137
[  149985ms] [LOG] [ChatTransport] onmessage triggered, has currentResponseHandler: true @ webpack-internal:///(app-pages-browser)/./lib/chat-transport.ts:41
[  149985ms] [LOG] [ChatTransport] responseHandler called, data: {"type":"delta","content":"，","error":null,"message_id":"14c8664e-0d7a-487a-8967-a6e5848eb3ee","conversation_id":null,"itinerary":null,"stage":null} @ webpack-internal:///(app-pages-browser)/./lib/chat-transport.ts:137
[  150026ms] [LOG] [ChatTransport] onmessage triggered, has currentResponseHandler: true @ webpack-internal:///(app-pages-browser)/./lib/chat-transport.ts:41
[  150026ms] [LOG] [ChatTransport] responseHandler called, data: {"type":"delta","content":"刚才","error":null,"message_id":"14c8664e-0d7a-487a-8967-a6e5848eb3ee","conversation_id":null,"itinerary":null,"stage":null} @ webpack-internal:///(app-pages-browser)/./lib/chat-transport.ts:137
[  150038ms] [LOG] [ChatTransport] onmessage triggered, has currentResponseHandler: true @ webpack-internal:///(app-pages-browser)/./lib/chat-transport.ts:41
[  150038ms] [LOG] [ChatTransport] responseHandler called, data: {"type":"delta","content":"的","error":null,"message_id":"14c8664e-0d7a-487a-8967-a6e5848eb3ee","conversation_id":null,"itinerary":null,"stage":null} @ webpack-internal:///(app-pages-browser)/./lib/chat-transport.ts:137
[  150083ms] [LOG] [ChatTransport] onmessage triggered, has currentResponseHandler: true @ webpack-internal:///(app-pages-browser)/./lib/chat-transport.ts:41
[  150083ms] [LOG] [ChatTransport] responseHandler called, data: {"type":"delta","content":"查询","error":null,"message_id":"14c8664e-0d7a-487a-8967-a6e5848eb3ee","conversation_id":null,"itinerary":null,"stage":null} @ webpack-internal:///(app-pages-browser)/./lib/chat-transport.ts:137
[  150094ms] [LOG] [ChatTransport] onmessage triggered, has currentResponseHandler: true @ webpack-internal:///(app-pages-browser)/./lib/chat-transport.ts:41
[  150094ms] [LOG] [ChatTransport] responseHandler called, data: {"type":"delta","content":"出现了","error":null,"message_id":"14c8664e-0d7a-487a-8967-a6e5848eb3ee","conversation_id":null,"itinerary":null,"stage":null} @ webpack-internal:///(app-pages-browser)/./lib/chat-transport.ts:137
[  150190ms] [LOG] [ChatTransport] onmessage triggered, has currentResponseHandler: true @ webpack-internal:///(app-pages-browser)/./lib/chat-transport.ts:41
[  150190ms] [LOG] [ChatTransport] responseHandler called, data: {"type":"delta","content":"技术","error":null,"message_id":"14c8664e-0d7a-487a-8967-a6e5848eb3ee","conversation_id":null,"itinerary":null,"stage":null} @ webpack-internal:///(app-pages-browser)/./lib/chat-transport.ts:137
[  150221ms] [LOG] [ChatTransport] onmessage triggered, has currentResponseHandler: true @ webpack-internal:///(app-pages-browser)/./lib/chat-transport.ts:41
[  150221ms] [LOG] [ChatTransport] responseHandler called, data: {"type":"delta","content":"问题","error":null,"message_id":"14c8664e-0d7a-487a-8967-a6e5848eb3ee","conversation_id":null,"itinerary":null,"stage":null} @ webpack-internal:///(app-pages-browser)/./lib/chat-transport.ts:137
[  150221ms] [LOG] [ChatTransport] onmessage triggered, has currentResponseHandler: true @ webpack-internal:///(app-pages-browser)/./lib/chat-transport.ts:41
[  150221ms] [LOG] [ChatTransport] responseHandler called, data: {"type":"delta","content":"。","error":null,"message_id":"14c8664e-0d7a-487a-8967-a6e5848eb3ee","conversation_id":null,"itinerary":null,"stage":null} @ webpack-internal:///(app-pages-browser)/./lib/chat-transport.ts:137
[  150287ms] [LOG] [ChatTransport] onmessage triggered, has currentResponseHandler: true @ webpack-internal:///(app-pages-browser)/./lib/chat-transport.ts:41
[  150288ms] [LOG] [ChatTransport] responseHandler called, data: {"type":"delta","content":"让我","error":null,"message_id":"14c8664e-0d7a-487a-8967-a6e5848eb3ee","conversation_id":null,"itinerary":null,"stage":null} @ webpack-internal:///(app-pages-browser)/./lib/chat-transport.ts:137
[  150296ms] [LOG] [ChatTransport] onmessage triggered, has currentResponseHandler: true @ webpack-internal:///(app-pages-browser)/./lib/chat-transport.ts:41
[  150296ms] [LOG] [ChatTransport] responseHandler called, data: {"type":"delta","content":"重新","error":null,"message_id":"14c8664e-0d7a-487a-8967-a6e5848eb3ee","conversation_id":null,"itinerary":null,"stage":null} @ webpack-internal:///(app-pages-browser)/./lib/chat-transport.ts:137
[  150329ms] [LOG] [ChatTransport] onmessage triggered, has currentResponseHandler: true @ webpack-internal:///(app-pages-browser)/./lib/chat-transport.ts:41
[  150329ms] [LOG] [ChatTransport] responseHandler called, data: {"type":"delta","content":"为您","error":null,"message_id":"14c8664e-0d7a-487a-8967-a6e5848eb3ee","conversation_id":null,"itinerary":null,"stage":null} @ webpack-internal:///(app-pages-browser)/./lib/chat-transport.ts:137
[  150337ms] [LOG] [ChatTransport] onmessage triggered, has currentResponseHandler: true @ webpack-internal:///(app-pages-browser)/./lib/chat-transport.ts:41
[  150337ms] [LOG] [ChatTransport] responseHandler called, data: {"type":"delta","content":"查询","error":null,"message_id":"14c8664e-0d7a-487a-8967-a6e5848eb3ee","conversation_id":null,"itinerary":null,"stage":null} @ webpack-internal:///(app-pages-browser)/./lib/chat-transport.ts:137
[  150397ms] [LOG] [ChatTransport] onmessage triggered, has currentResponseHandler: true @ webpack-internal:///(app-pages-browser)/./lib/chat-transport.ts:41
[  150397ms] [LOG] [ChatTransport] responseHandler called, data: {"type":"delta","content":"东京","error":null,"message_id":"14c8664e-0d7a-487a-8967-a6e5848eb3ee","conversation_id":null,"itinerary":null,"stage":null} @ webpack-internal:///(app-pages-browser)/./lib/chat-transport.ts:137
[  150405ms] [LOG] [ChatTransport] onmessage triggered, has currentResponseHandler: true @ webpack-internal:///(app-pages-browser)/./lib/chat-transport.ts:41
[  150405ms] [LOG] [ChatTransport] responseHandler called, data: {"type":"delta","content":"的美食","error":null,"message_id":"14c8664e-0d7a-487a-8967-a6e5848eb3ee","conversation_id":null,"itinerary":null,"stage":null} @ webpack-internal:///(app-pages-browser)/./lib/chat-transport.ts:137
[  150452ms] [LOG] [ChatTransport] onmessage triggered, has currentResponseHandler: true @ webpack-internal:///(app-pages-browser)/./lib/chat-transport.ts:41
[  150452ms] [LOG] [ChatTransport] responseHandler called, data: {"type":"delta","content":"信息","error":null,"message_id":"14c8664e-0d7a-487a-8967-a6e5848eb3ee","conversation_id":null,"itinerary":null,"stage":null} @ webpack-internal:///(app-pages-browser)/./lib/chat-transport.ts:137
[  150452ms] [LOG] [ChatTransport] onmessage triggered, has currentResponseHandler: true @ webpack-internal:///(app-pages-browser)/./lib/chat-transport.ts:41
[  150452ms] [LOG] [ChatTransport] responseHandler called, data: {"type":"delta","content":"。\n\n","error":null,"message_id":"14c8664e-0d7a-487a-8967-a6e5848eb3ee","conversation_id":null,"itinerary":null,"stage":null} @ webpack-internal:///(app-pages-browser)/./lib/chat-transport.ts:137
[  150511ms] [LOG] [ChatTransport] onmessage triggered, has currentResponseHandler: true @ webpack-internal:///(app-pages-browser)/./lib/chat-transport.ts:41
[  150511ms] [LOG] [ChatTransport] responseHandler called, data: {"type":"delta","content":"```","error":null,"message_id":"14c8664e-0d7a-487a-8967-a6e5848eb3ee","conversation_id":null,"itinerary":null,"stage":null} @ webpack-internal:///(app-pages-browser)/./lib/chat-transport.ts:137
[  150572ms] [LOG] [ChatTransport] onmessage triggered, has currentResponseHandler: true @ webpack-internal:///(app-pages-browser)/./lib/chat-transport.ts:41
[  150572ms] [LOG] [ChatTransport] responseHandler called, data: {"type":"delta","content":"json","error":null,"message_id":"14c8664e-0d7a-487a-8967-a6e5848eb3ee","conversation_id":null,"itinerary":null,"stage":null} @ webpack-internal:///(app-pages-browser)/./lib/chat-transport.ts:137
[  150586ms] [LOG] [ChatTransport] onmessage triggered, has currentResponseHandler: true @ webpack-internal:///(app-pages-browser)/./lib/chat-transport.ts:41
[  150586ms] [LOG] [ChatTransport] responseHandler called, data: {"type":"delta","content":"\n","error":null,"message_id":"14c8664e-0d7a-487a-8967-a6e5848eb3ee","conversation_id":null,"itinerary":null,"stage":null} @ webpack-internal:///(app-pages-browser)/./lib/chat-transport.ts:137
[  150640ms] [LOG] [ChatTransport] onmessage triggered, has currentResponseHandler: true @ webpack-internal:///(app-pages-browser)/./lib/chat-transport.ts:41
[  150640ms] [LOG] [ChatTransport] responseHandler called, data: {"type":"delta","content":"{\n","error":null,"message_id":"14c8664e-0d7a-487a-8967-a6e5848eb3ee","conversation_id":null,"itinerary":null,"stage":null} @ webpack-internal:///(app-pages-browser)/./lib/chat-transport.ts:137
[  150645ms] [LOG] [ChatTransport] onmessage triggered, has currentResponseHandler: true @ webpack-internal:///(app-pages-browser)/./lib/chat-transport.ts:41
[  150645ms] [LOG] [ChatTransport] responseHandler called, data: {"type":"delta","content":" ","error":null,"message_id":"14c8664e-0d7a-487a-8967-a6e5848eb3ee","conversation_id":null,"itinerary":null,"stage":null} @ webpack-internal:///(app-pages-browser)/./lib/chat-transport.ts:137
[  150727ms] [LOG] [ChatTransport] onmessage triggered, has currentResponseHandler: true @ webpack-internal:///(app-pages-browser)/./lib/chat-transport.ts:41
[  150727ms] [LOG] [ChatTransport] responseHandler called, data: {"type":"delta","content":" \"","error":null,"message_id":"14c8664e-0d7a-487a-8967-a6e5848eb3ee","conversation_id":null,"itinerary":null,"stage":null} @ webpack-internal:///(app-pages-browser)/./lib/chat-transport.ts:137
[  150727ms] [LOG] [ChatTransport] onmessage triggered, has currentResponseHandler: true @ webpack-internal:///(app-pages-browser)/./lib/chat-transport.ts:41
[  150727ms] [LOG] [ChatTransport] responseHandler called, data: {"type":"delta","content":"location","error":null,"message_id":"14c8664e-0d7a-487a-8967-a6e5848eb3ee","conversation_id":null,"itinerary":null,"stage":null} @ webpack-internal:///(app-pages-browser)/./lib/chat-transport.ts:137
[  150769ms] [LOG] [ChatTransport] onmessage triggered, has currentResponseHandler: true @ webpack-internal:///(app-pages-browser)/./lib/chat-transport.ts:41
[  150770ms] [LOG] [ChatTransport] responseHandler called, data: {"type":"delta","content":"\":","error":null,"message_id":"14c8664e-0d7a-487a-8967-a6e5848eb3ee","conversation_id":null,"itinerary":null,"stage":null} @ webpack-internal:///(app-pages-browser)/./lib/chat-transport.ts:137
[  150772ms] [LOG] [ChatTransport] onmessage triggered, has currentResponseHandler: true @ webpack-internal:///(app-pages-browser)/./lib/chat-transport.ts:41
[  150772ms] [LOG] [ChatTransport] responseHandler called, data: {"type":"delta","content":" \"","error":null,"message_id":"14c8664e-0d7a-487a-8967-a6e5848eb3ee","conversation_id":null,"itinerary":null,"stage":null} @ webpack-internal:///(app-pages-browser)/./lib/chat-transport.ts:137
[  150829ms] [LOG] [ChatTransport] onmessage triggered, has currentResponseHandler: true @ webpack-internal:///(app-pages-browser)/./lib/chat-transport.ts:41
[  150829ms] [LOG] [ChatTransport] responseHandler called, data: {"type":"delta","content":"东京","error":null,"message_id":"14c8664e-0d7a-487a-8967-a6e5848eb3ee","conversation_id":null,"itinerary":null,"stage":null} @ webpack-internal:///(app-pages-browser)/./lib/chat-transport.ts:137
[  150839ms] [LOG] [ChatTransport] onmessage triggered, has currentResponseHandler: true @ webpack-internal:///(app-pages-browser)/./lib/chat-transport.ts:41
[  150839ms] [LOG] [ChatTransport] responseHandler called, data: {"type":"delta","content":"\",\n","error":null,"message_id":"14c8664e-0d7a-487a-8967-a6e5848eb3ee","conversation_id":null,"itinerary":null,"stage":null} @ webpack-internal:///(app-pages-browser)/./lib/chat-transport.ts:137
[  150896ms] [LOG] [ChatTransport] onmessage triggered, has currentResponseHandler: true @ webpack-internal:///(app-pages-browser)/./lib/chat-transport.ts:41
[  150896ms] [LOG] [ChatTransport] responseHandler called, data: {"type":"delta","content":" ","error":null,"message_id":"14c8664e-0d7a-487a-8967-a6e5848eb3ee","conversation_id":null,"itinerary":null,"stage":null} @ webpack-internal:///(app-pages-browser)/./lib/chat-transport.ts:137
[  150897ms] [LOG] [ChatTransport] onmessage triggered, has currentResponseHandler: true @ webpack-internal:///(app-pages-browser)/./lib/chat-transport.ts:41
[  150897ms] [LOG] [ChatTransport] responseHandler called, data: {"type":"delta","content":" \"","error":null,"message_id":"14c8664e-0d7a-487a-8967-a6e5848eb3ee","conversation_id":null,"itinerary":null,"stage":null} @ webpack-internal:///(app-pages-browser)/./lib/chat-transport.ts:137
[  150948ms] [LOG] [ChatTransport] onmessage triggered, has currentResponseHandler: true @ webpack-internal:///(app-pages-browser)/./lib/chat-transport.ts:41
[  150948ms] [LOG] [ChatTransport] responseHandler called, data: {"type":"delta","content":"keywords","error":null,"message_id":"14c8664e-0d7a-487a-8967-a6e5848eb3ee","conversation_id":null,"itinerary":null,"stage":null} @ webpack-internal:///(app-pages-browser)/./lib/chat-transport.ts:137
[  150962ms] [LOG] [ChatTransport] onmessage triggered, has currentResponseHandler: true @ webpack-internal:///(app-pages-browser)/./lib/chat-transport.ts:41
[  150962ms] [LOG] [ChatTransport] responseHandler called, data: {"type":"delta","content":"\":","error":null,"message_id":"14c8664e-0d7a-487a-8967-a6e5848eb3ee","conversation_id":null,"itinerary":null,"stage":null} @ webpack-internal:///(app-pages-browser)/./lib/chat-transport.ts:137
[  151056ms] [LOG] [ChatTransport] onmessage triggered, has currentResponseHandler: true @ webpack-internal:///(app-pages-browser)/./lib/chat-transport.ts:41
[  151056ms] [LOG] [ChatTransport] responseHandler called, data: {"type":"delta","content":" \"","error":null,"message_id":"14c8664e-0d7a-487a-8967-a6e5848eb3ee","conversation_id":null,"itinerary":null,"stage":null} @ webpack-internal:///(app-pages-browser)/./lib/chat-transport.ts:137
[  151068ms] [LOG] [ChatTransport] onmessage triggered, has currentResponseHandler: true @ webpack-internal:///(app-pages-browser)/./lib/chat-transport.ts:41
[  151068ms] [LOG] [ChatTransport] responseHandler called, data: {"type":"delta","content":"餐厅","error":null,"message_id":"14c8664e-0d7a-487a-8967-a6e5848eb3ee","conversation_id":null,"itinerary":null,"stage":null} @ webpack-internal:///(app-pages-browser)/./lib/chat-transport.ts:137
[  151103ms] [LOG] [ChatTransport] onmessage triggered, has currentResponseHandler: true @ webpack-internal:///(app-pages-browser)/./lib/chat-transport.ts:41
[  151103ms] [LOG] [ChatTransport] responseHandler called, data: {"type":"delta","content":" ","error":null,"message_id":"14c8664e-0d7a-487a-8967-a6e5848eb3ee","conversation_id":null,"itinerary":null,"stage":null} @ webpack-internal:///(app-pages-browser)/./lib/chat-transport.ts:137
[  151116ms] [LOG] [ChatTransport] onmessage triggered, has currentResponseHandler: true @ webpack-internal:///(app-pages-browser)/./lib/chat-transport.ts:41
[  151117ms] [LOG] [ChatTransport] responseHandler called, data: {"type":"delta","content":"美食","error":null,"message_id":"14c8664e-0d7a-487a-8967-a6e5848eb3ee","conversation_id":null,"itinerary":null,"stage":null} @ webpack-internal:///(app-pages-browser)/./lib/chat-transport.ts:137
[  151236ms] [LOG] [ChatTransport] onmessage triggered, has currentResponseHandler: true @ webpack-internal:///(app-pages-browser)/./lib/chat-transport.ts:41
[  151236ms] [LOG] [ChatTransport] responseHandler called, data: {"type":"delta","content":"\",\n","error":null,"message_id":"14c8664e-0d7a-487a-8967-a6e5848eb3ee","conversation_id":null,"itinerary":null,"stage":null} @ webpack-internal:///(app-pages-browser)/./lib/chat-transport.ts:137
[  151254ms] [LOG] [ChatTransport] onmessage triggered, has currentResponseHandler: true @ webpack-internal:///(app-pages-browser)/./lib/chat-transport.ts:41
[  151254ms] [LOG] [ChatTransport] responseHandler called, data: {"type":"delta","content":" ","error":null,"message_id":"14c8664e-0d7a-487a-8967-a6e5848eb3ee","conversation_id":null,"itinerary":null,"stage":null} @ webpack-internal:///(app-pages-browser)/./lib/chat-transport.ts:137
[  151262ms] [LOG] [ChatTransport] onmessage triggered, has currentResponseHandler: true @ webpack-internal:///(app-pages-browser)/./lib/chat-transport.ts:41
[  151262ms] [LOG] [ChatTransport] responseHandler called, data: {"type":"delta","content":" \"","error":null,"message_id":"14c8664e-0d7a-487a-8967-a6e5848eb3ee","conversation_id":null,"itinerary":null,"stage":null} @ webpack-internal:///(app-pages-browser)/./lib/chat-transport.ts:137
[  151309ms] [LOG] [ChatTransport] onmessage triggered, has currentResponseHandler: true @ webpack-internal:///(app-pages-browser)/./lib/chat-transport.ts:41
[  151309ms] [LOG] [ChatTransport] responseHandler called, data: {"type":"delta","content":"types","error":null,"message_id":"14c8664e-0d7a-487a-8967-a6e5848eb3ee","conversation_id":null,"itinerary":null,"stage":null} @ webpack-internal:///(app-pages-browser)/./lib/chat-transport.ts:137
[  151319ms] [LOG] [ChatTransport] onmessage triggered, has currentResponseHandler: true @ webpack-internal:///(app-pages-browser)/./lib/chat-transport.ts:41
[  151319ms] [LOG] [ChatTransport] responseHandler called, data: {"type":"delta","content":"\":","error":null,"message_id":"14c8664e-0d7a-487a-8967-a6e5848eb3ee","conversation_id":null,"itinerary":null,"stage":null} @ webpack-internal:///(app-pages-browser)/./lib/chat-transport.ts:137
[  151377ms] [LOG] [ChatTransport] onmessage triggered, has currentResponseHandler: true @ webpack-internal:///(app-pages-browser)/./lib/chat-transport.ts:41
[  151377ms] [LOG] [ChatTransport] responseHandler called, data: {"type":"delta","content":" \"","error":null,"message_id":"14c8664e-0d7a-487a-8967-a6e5848eb3ee","conversation_id":null,"itinerary":null,"stage":null} @ webpack-internal:///(app-pages-browser)/./lib/chat-transport.ts:137
[  151377ms] [LOG] [ChatTransport] onmessage triggered, has currentResponseHandler: true @ webpack-internal:///(app-pages-browser)/./lib/chat-transport.ts:41
[  151377ms] [LOG] [ChatTransport] responseHandler called, data: {"type":"delta","content":"050","error":null,"message_id":"14c8664e-0d7a-487a-8967-a6e5848eb3ee","conversation_id":null,"itinerary":null,"stage":null} @ webpack-internal:///(app-pages-browser)/./lib/chat-transport.ts:137
[  151395ms] [LOG] [ChatTransport] onmessage triggered, has currentResponseHandler: true @ webpack-internal:///(app-pages-browser)/./lib/chat-transport.ts:41
[  151396ms] [LOG] [ChatTransport] responseHandler called, data: {"type":"delta","content":"000","error":null,"message_id":"14c8664e-0d7a-487a-8967-a6e5848eb3ee","conversation_id":null,"itinerary":null,"stage":null} @ webpack-internal:///(app-pages-browser)/./lib/chat-transport.ts:137
[  151396ms] [LOG] [ChatTransport] onmessage triggered, has currentResponseHandler: true @ webpack-internal:///(app-pages-browser)/./lib/chat-transport.ts:41
[  151396ms] [LOG] [ChatTransport] responseHandler called, data: {"type":"delta","content":"\"\n","error":null,"message_id":"14c8664e-0d7a-487a-8967-a6e5848eb3ee","conversation_id":null,"itinerary":null,"stage":null} @ webpack-internal:///(app-pages-browser)/./lib/chat-transport.ts:137
[  151469ms] [LOG] [ChatTransport] onmessage triggered, has currentResponseHandler: true @ webpack-internal:///(app-pages-browser)/./lib/chat-transport.ts:41
[  151470ms] [LOG] [ChatTransport] responseHandler called, data: {"type":"delta","content":"}\n","error":null,"message_id":"14c8664e-0d7a-487a-8967-a6e5848eb3ee","conversation_id":null,"itinerary":null,"stage":null} @ webpack-internal:///(app-pages-browser)/./lib/chat-transport.ts:137
[  151485ms] [LOG] [ChatTransport] onmessage triggered, has currentResponseHandler: true @ webpack-internal:///(app-pages-browser)/./lib/chat-transport.ts:41
[  151486ms] [LOG] [ChatTransport] responseHandler called, data: {"type":"delta","content":"```\n\n","error":null,"message_id":"14c8664e-0d7a-487a-8967-a6e5848eb3ee","conversation_id":null,"itinerary":null,"stage":null} @ webpack-internal:///(app-pages-browser)/./lib/chat-transport.ts:137
[  151531ms] [LOG] [ChatTransport] onmessage triggered, has currentResponseHandler: true @ webpack-internal:///(app-pages-browser)/./lib/chat-transport.ts:41
[  151531ms] [LOG] [ChatTransport] responseHandler called, data: {"type":"delta","content":"东京","error":null,"message_id":"14c8664e-0d7a-487a-8967-a6e5848eb3ee","conversation_id":null,"itinerary":null,"stage":null} @ webpack-internal:///(app-pages-browser)/./lib/chat-transport.ts:137
[  151535ms] [LOG] [ChatTransport] onmessage triggered, has currentResponseHandler: true @ webpack-internal:///(app-pages-browser)/./lib/chat-transport.ts:41
[  151535ms] [LOG] [ChatTransport] responseHandler called, data: {"type":"delta","content":"作为","error":null,"message_id":"14c8664e-0d7a-487a-8967-a6e5848eb3ee","conversation_id":null,"itinerary":null,"stage":null} @ webpack-internal:///(app-pages-browser)/./lib/chat-transport.ts:137
[  151584ms] [LOG] [ChatTransport] onmessage triggered, has currentResponseHandler: true @ webpack-internal:///(app-pages-browser)/./lib/chat-transport.ts:41
[  151584ms] [LOG] [ChatTransport] responseHandler called, data: {"type":"delta","content":"世界","error":null,"message_id":"14c8664e-0d7a-487a-8967-a6e5848eb3ee","conversation_id":null,"itinerary":null,"stage":null} @ webpack-internal:///(app-pages-browser)/./lib/chat-transport.ts:137
[  151589ms] [LOG] [ChatTransport] onmessage triggered, has currentResponseHandler: true @ webpack-internal:///(app-pages-browser)/./lib/chat-transport.ts:41
[  151589ms] [LOG] [ChatTransport] responseHandler called, data: {"type":"delta","content":"闻","error":null,"message_id":"14c8664e-0d7a-487a-8967-a6e5848eb3ee","conversation_id":null,"itinerary":null,"stage":null} @ webpack-internal:///(app-pages-browser)/./lib/chat-transport.ts:137
[  151642ms] [LOG] [ChatTransport] onmessage triggered, has currentResponseHandler: true @ webpack-internal:///(app-pages-browser)/./lib/chat-transport.ts:41
[  151642ms] [LOG] [ChatTransport] responseHandler called, data: {"type":"delta","content":"名的","error":null,"message_id":"14c8664e-0d7a-487a-8967-a6e5848eb3ee","conversation_id":null,"itinerary":null,"stage":null} @ webpack-internal:///(app-pages-browser)/./lib/chat-transport.ts:137
[  151647ms] [LOG] [ChatTransport] onmessage triggered, has currentResponseHandler: true @ webpack-internal:///(app-pages-browser)/./lib/chat-transport.ts:41
[  151647ms] [LOG] [ChatTransport] responseHandler called, data: {"type":"delta","content":"美食","error":null,"message_id":"14c8664e-0d7a-487a-8967-a6e5848eb3ee","conversation_id":null,"itinerary":null,"stage":null} @ webpack-internal:///(app-pages-browser)/./lib/chat-transport.ts:137
[  151705ms] [LOG] [ChatTransport] onmessage triggered, has currentResponseHandler: true @ webpack-internal:///(app-pages-browser)/./lib/chat-transport.ts:41
[  151705ms] [LOG] [ChatTransport] responseHandler called, data: {"type":"delta","content":"之","error":null,"message_id":"14c8664e-0d7a-487a-8967-a6e5848eb3ee","conversation_id":null,"itinerary":null,"stage":null} @ webpack-internal:///(app-pages-browser)/./lib/chat-transport.ts:137
[  151706ms] [LOG] [ChatTransport] onmessage triggered, has currentResponseHandler: true @ webpack-internal:///(app-pages-browser)/./lib/chat-transport.ts:41
[  151706ms] [LOG] [ChatTransport] responseHandler called, data: {"type":"delta","content":"都","error":null,"message_id":"14c8664e-0d7a-487a-8967-a6e5848eb3ee","conversation_id":null,"itinerary":null,"stage":null} @ webpack-internal:///(app-pages-browser)/./lib/chat-transport.ts:137
[  151764ms] [LOG] [ChatTransport] onmessage triggered, has currentResponseHandler: true @ webpack-internal:///(app-pages-browser)/./lib/chat-transport.ts:41
[  151764ms] [LOG] [ChatTransport] responseHandler called, data: {"type":"delta","content":"，","error":null,"message_id":"14c8664e-0d7a-487a-8967-a6e5848eb3ee","conversation_id":null,"itinerary":null,"stage":null} @ webpack-internal:///(app-pages-browser)/./lib/chat-transport.ts:137
[  151766ms] [LOG] [ChatTransport] onmessage triggered, has currentResponseHandler: true @ webpack-internal:///(app-pages-browser)/./lib/chat-transport.ts:41
[  151766ms] [LOG] [ChatTransport] responseHandler called, data: {"type":"delta","content":"有","error":null,"message_id":"14c8664e-0d7a-487a-8967-a6e5848eb3ee","conversation_id":null,"itinerary":null,"stage":null} @ webpack-internal:///(app-pages-browser)/./lib/chat-transport.ts:137
[  151822ms] [LOG] [ChatTransport] onmessage triggered, has currentResponseHandler: true @ webpack-internal:///(app-pages-browser)/./lib/chat-transport.ts:41
[  151822ms] [LOG] [ChatTransport] responseHandler called, data: {"type":"delta","content":"各种各样的","error":null,"message_id":"14c8664e-0d7a-487a-8967-a6e5848eb3ee","conversation_id":null,"itinerary":null,"stage":null} @ webpack-internal:///(app-pages-browser)/./lib/chat-transport.ts:137
[  151826ms] [LOG] [ChatTransport] onmessage triggered, has currentResponseHandler: true @ webpack-internal:///(app-pages-browser)/./lib/chat-transport.ts:41
[  151826ms] [LOG] [ChatTransport] responseHandler called, data: {"type":"delta","content":"美食","error":null,"message_id":"14c8664e-0d7a-487a-8967-a6e5848eb3ee","conversation_id":null,"itinerary":null,"stage":null} @ webpack-internal:///(app-pages-browser)/./lib/chat-transport.ts:137
[  151889ms] [LOG] [ChatTransport] onmessage triggered, has currentResponseHandler: true @ webpack-internal:///(app-pages-browser)/./lib/chat-transport.ts:41
[  151890ms] [LOG] [ChatTransport] responseHandler called, data: {"type":"delta","content":"选择","error":null,"message_id":"14c8664e-0d7a-487a-8967-a6e5848eb3ee","conversation_id":null,"itinerary":null,"stage":null} @ webpack-internal:///(app-pages-browser)/./lib/chat-transport.ts:137
[  151902ms] [LOG] [ChatTransport] onmessage triggered, has currentResponseHandler: true @ webpack-internal:///(app-pages-browser)/./lib/chat-transport.ts:41
[  151902ms] [LOG] [ChatTransport] responseHandler called, data: {"type":"delta","content":"。","error":null,"message_id":"14c8664e-0d7a-487a-8967-a6e5848eb3ee","conversation_id":null,"itinerary":null,"stage":null} @ webpack-internal:///(app-pages-browser)/./lib/chat-transport.ts:137
[  151955ms] [LOG] [ChatTransport] onmessage triggered, has currentResponseHandler: true @ webpack-internal:///(app-pages-browser)/./lib/chat-transport.ts:41
[  151956ms] [LOG] [ChatTransport] responseHandler called, data: {"type":"delta","content":"让我","error":null,"message_id":"14c8664e-0d7a-487a-8967-a6e5848eb3ee","conversation_id":null,"itinerary":null,"stage":null} @ webpack-internal:///(app-pages-browser)/./lib/chat-transport.ts:137
[  151956ms] [LOG] [ChatTransport] onmessage triggered, has currentResponseHandler: true @ webpack-internal:///(app-pages-browser)/./lib/chat-transport.ts:41
[  151956ms] [LOG] [ChatTransport] responseHandler called, data: {"type":"delta","content":"为您","error":null,"message_id":"14c8664e-0d7a-487a-8967-a6e5848eb3ee","conversation_id":null,"itinerary":null,"stage":null} @ webpack-internal:///(app-pages-browser)/./lib/chat-transport.ts:137
[  152020ms] [LOG] [ChatTransport] onmessage triggered, has currentResponseHandler: true @ webpack-internal:///(app-pages-browser)/./lib/chat-transport.ts:41
[  152021ms] [LOG] [ChatTransport] responseHandler called, data: {"type":"delta","content":"介绍","error":null,"message_id":"14c8664e-0d7a-487a-8967-a6e5848eb3ee","conversation_id":null,"itinerary":null,"stage":null} @ webpack-internal:///(app-pages-browser)/./lib/chat-transport.ts:137
[  152029ms] [LOG] [ChatTransport] onmessage triggered, has currentResponseHandler: true @ webpack-internal:///(app-pages-browser)/./lib/chat-transport.ts:41
[  152029ms] [LOG] [ChatTransport] responseHandler called, data: {"type":"delta","content":"一些","error":null,"message_id":"14c8664e-0d7a-487a-8967-a6e5848eb3ee","conversation_id":null,"itinerary":null,"stage":null} @ webpack-internal:///(app-pages-browser)/./lib/chat-transport.ts:137
[  152088ms] [LOG] [ChatTransport] onmessage triggered, has currentResponseHandler: true @ webpack-internal:///(app-pages-browser)/./lib/chat-transport.ts:41
[  152088ms] [LOG] [ChatTransport] responseHandler called, data: {"type":"delta","content":"东京","error":null,"message_id":"14c8664e-0d7a-487a-8967-a6e5848eb3ee","conversation_id":null,"itinerary":null,"stage":null} @ webpack-internal:///(app-pages-browser)/./lib/chat-transport.ts:137
[  152098ms] [LOG] [ChatTransport] onmessage triggered, has currentResponseHandler: true @ webpack-internal:///(app-pages-browser)/./lib/chat-transport.ts:41
[  152098ms] [LOG] [ChatTransport] responseHandler called, data: {"type":"delta","content":"的特色","error":null,"message_id":"14c8664e-0d7a-487a-8967-a6e5848eb3ee","conversation_id":null,"itinerary":null,"stage":null} @ webpack-internal:///(app-pages-browser)/./lib/chat-transport.ts:137
[  152151ms] [LOG] [ChatTransport] onmessage triggered, has currentResponseHandler: true @ webpack-internal:///(app-pages-browser)/./lib/chat-transport.ts:41
[  152151ms] [LOG] [ChatTransport] responseHandler called, data: {"type":"delta","content":"美食","error":null,"message_id":"14c8664e-0d7a-487a-8967-a6e5848eb3ee","conversation_id":null,"itinerary":null,"stage":null} @ webpack-internal:///(app-pages-browser)/./lib/chat-transport.ts:137
[  152164ms] [LOG] [ChatTransport] onmessage triggered, has currentResponseHandler: true @ webpack-internal:///(app-pages-browser)/./lib/chat-transport.ts:41
[  152164ms] [LOG] [ChatTransport] responseHandler called, data: {"type":"delta","content":"：\n\n","error":null,"message_id":"14c8664e-0d7a-487a-8967-a6e5848eb3ee","conversation_id":null,"itinerary":null,"stage":null} @ webpack-internal:///(app-pages-browser)/./lib/chat-transport.ts:137
[  152200ms] [LOG] [ChatTransport] onmessage triggered, has currentResponseHandler: true @ webpack-internal:///(app-pages-browser)/./lib/chat-transport.ts:41
[  152200ms] [LOG] [ChatTransport] responseHandler called, data: {"type":"delta","content":"**","error":null,"message_id":"14c8664e-0d7a-487a-8967-a6e5848eb3ee","conversation_id":null,"itinerary":null,"stage":null} @ webpack-internal:///(app-pages-browser)/./lib/chat-transport.ts:137
[  152210ms] [LOG] [ChatTransport] onmessage triggered, has currentResponseHandler: true @ webpack-internal:///(app-pages-browser)/./lib/chat-transport.ts:41
[  152210ms] [LOG] [ChatTransport] responseHandler called, data: {"type":"delta","content":"传统","error":null,"message_id":"14c8664e-0d7a-487a-8967-a6e5848eb3ee","conversation_id":null,"itinerary":null,"stage":null} @ webpack-internal:///(app-pages-browser)/./lib/chat-transport.ts:137
[  152537ms] [LOG] [ChatTransport] onmessage triggered, has currentResponseHandler: true @ webpack-internal:///(app-pages-browser)/./lib/chat-transport.ts:41
[  152537ms] [LOG] [ChatTransport] responseHandler called, data: {"type":"delta","content":"日","error":null,"message_id":"14c8664e-0d7a-487a-8967-a6e5848eb3ee","conversation_id":null,"itinerary":null,"stage":null} @ webpack-internal:///(app-pages-browser)/./lib/chat-transport.ts:137
[  152545ms] [LOG] [ChatTransport] onmessage triggered, has currentResponseHandler: true @ webpack-internal:///(app-pages-browser)/./lib/chat-transport.ts:41
[  152545ms] [LOG] [ChatTransport] responseHandler called, data: {"type":"delta","content":"料","error":null,"message_id":"14c8664e-0d7a-487a-8967-a6e5848eb3ee","conversation_id":null,"itinerary":null,"stage":null} @ webpack-internal:///(app-pages-browser)/./lib/chat-transport.ts:137
[  152554ms] [LOG] [ChatTransport] onmessage triggered, has currentResponseHandler: true @ webpack-internal:///(app-pages-browser)/./lib/chat-transport.ts:41
[  152554ms] [LOG] [ChatTransport] responseHandler called, data: {"type":"delta","content":"：","error":null,"message_id":"14c8664e-0d7a-487a-8967-a6e5848eb3ee","conversation_id":null,"itinerary":null,"stage":null} @ webpack-internal:///(app-pages-browser)/./lib/chat-transport.ts:137
[  152554ms] [LOG] [ChatTransport] onmessage triggered, has currentResponseHandler: true @ webpack-internal:///(app-pages-browser)/./lib/chat-transport.ts:41
[  152554ms] [LOG] [ChatTransport] responseHandler called, data: {"type":"delta","content":"**\n","error":null,"message_id":"14c8664e-0d7a-487a-8967-a6e5848eb3ee","conversation_id":null,"itinerary":null,"stage":null} @ webpack-internal:///(app-pages-browser)/./lib/chat-transport.ts:137
[  152554ms] [LOG] [ChatTransport] onmessage triggered, has currentResponseHandler: true @ webpack-internal:///(app-pages-browser)/./lib/chat-transport.ts:41
[  152554ms] [LOG] [ChatTransport] responseHandler called, data: {"type":"delta","content":"1","error":null,"message_id":"14c8664e-0d7a-487a-8967-a6e5848eb3ee","conversation_id":null,"itinerary":null,"stage":null} @ webpack-internal:///(app-pages-browser)/./lib/chat-transport.ts:137
[  152555ms] [LOG] [ChatTransport] onmessage triggered, has currentResponseHandler: true @ webpack-internal:///(app-pages-browser)/./lib/chat-transport.ts:41
[  152555ms] [LOG] [ChatTransport] responseHandler called, data: {"type":"delta","content":".","error":null,"message_id":"14c8664e-0d7a-487a-8967-a6e5848eb3ee","conversation_id":null,"itinerary":null,"stage":null} @ webpack-internal:///(app-pages-browser)/./lib/chat-transport.ts:137
[  152555ms] [LOG] [ChatTransport] onmessage triggered, has currentResponseHandler: true @ webpack-internal:///(app-pages-browser)/./lib/chat-transport.ts:41
[  152555ms] [LOG] [ChatTransport] responseHandler called, data: {"type":"delta","content":" **","error":null,"message_id":"14c8664e-0d7a-487a-8967-a6e5848eb3ee","conversation_id":null,"itinerary":null,"stage":null} @ webpack-internal:///(app-pages-browser)/./lib/chat-transport.ts:137
[  152555ms] [LOG] [ChatTransport] onmessage triggered, has currentResponseHandler: true @ webpack-internal:///(app-pages-browser)/./lib/chat-transport.ts:41
[  152555ms] [LOG] [ChatTransport] responseHandler called, data: {"type":"delta","content":"寿","error":null,"message_id":"14c8664e-0d7a-487a-8967-a6e5848eb3ee","conversation_id":null,"itinerary":null,"stage":null} @ webpack-internal:///(app-pages-browser)/./lib/chat-transport.ts:137
[  152555ms] [LOG] [ChatTransport] onmessage triggered, has currentResponseHandler: true @ webpack-internal:///(app-pages-browser)/./lib/chat-transport.ts:41
[  152555ms] [LOG] [ChatTransport] responseHandler called, data: {"type":"delta","content":"司","error":null,"message_id":"14c8664e-0d7a-487a-8967-a6e5848eb3ee","conversation_id":null,"itinerary":null,"stage":null} @ webpack-internal:///(app-pages-browser)/./lib/chat-transport.ts:137
[  152666ms] [LOG] [ChatTransport] onmessage triggered, has currentResponseHandler: true @ webpack-internal:///(app-pages-browser)/./lib/chat-transport.ts:41
[  152667ms] [LOG] [ChatTransport] responseHandler called, data: {"type":"delta","content":"**","error":null,"message_id":"14c8664e-0d7a-487a-8967-a6e5848eb3ee","conversation_id":null,"itinerary":null,"stage":null} @ webpack-internal:///(app-pages-browser)/./lib/chat-transport.ts:137
[  152677ms] [LOG] [ChatTransport] onmessage triggered, has currentResponseHandler: true @ webpack-internal:///(app-pages-browser)/./lib/chat-transport.ts:41
[  152677ms] [LOG] [ChatTransport] responseHandler called, data: {"type":"delta","content":" -","error":null,"message_id":"14c8664e-0d7a-487a-8967-a6e5848eb3ee","conversation_id":null,"itinerary":null,"stage":null} @ webpack-internal:///(app-pages-browser)/./lib/chat-transport.ts:137
[  152685ms] [LOG] [ChatTransport] onmessage triggered, has currentResponseHandler: true @ webpack-internal:///(app-pages-browser)/./lib/chat-transport.ts:41
[  152685ms] [LOG] [ChatTransport] responseHandler called, data: {"type":"delta","content":" ","error":null,"message_id":"14c8664e-0d7a-487a-8967-a6e5848eb3ee","conversation_id":null,"itinerary":null,"stage":null} @ webpack-internal:///(app-pages-browser)/./lib/chat-transport.ts:137
[  152685ms] [LOG] [ChatTransport] onmessage triggered, has currentResponseHandler: true @ webpack-internal:///(app-pages-browser)/./lib/chat-transport.ts:41
[  152685ms] [LOG] [ChatTransport] responseHandler called, data: {"type":"delta","content":"东京","error":null,"message_id":"14c8664e-0d7a-487a-8967-a6e5848eb3ee","conversation_id":null,"itinerary":null,"stage":null} @ webpack-internal:///(app-pages-browser)/./lib/chat-transport.ts:137
[  152793ms] [LOG] [ChatTransport] onmessage triggered, has currentResponseHandler: true @ webpack-internal:///(app-pages-browser)/./lib/chat-transport.ts:41
[  152793ms] [LOG] [ChatTransport] responseHandler called, data: {"type":"delta","content":"的","error":null,"message_id":"14c8664e-0d7a-487a-8967-a6e5848eb3ee","conversation_id":null,"itinerary":null,"stage":null} @ webpack-internal:///(app-pages-browser)/./lib/chat-transport.ts:137
[  152801ms] [LOG] [ChatTransport] onmessage triggered, has currentResponseHandler: true @ webpack-internal:///(app-pages-browser)/./lib/chat-transport.ts:41
[  152801ms] [LOG] [ChatTransport] responseHandler called, data: {"type":"delta","content":"筑","error":null,"message_id":"14c8664e-0d7a-487a-8967-a6e5848eb3ee","conversation_id":null,"itinerary":null,"stage":null} @ webpack-internal:///(app-pages-browser)/./lib/chat-transport.ts:137
[  152803ms] [LOG] [ChatTransport] onmessage triggered, has currentResponseHandler: true @ webpack-internal:///(app-pages-browser)/./lib/chat-transport.ts:41
[  152803ms] [LOG] [ChatTransport] responseHandler called, data: {"type":"delta","content":"地","error":null,"message_id":"14c8664e-0d7a-487a-8967-a6e5848eb3ee","conversation_id":null,"itinerary":null,"stage":null} @ webpack-internal:///(app-pages-browser)/./lib/chat-transport.ts:137
[  152803ms] [LOG] [ChatTransport] onmessage triggered, has currentResponseHandler: true @ webpack-internal:///(app-pages-browser)/./lib/chat-transport.ts:41
[  152803ms] [LOG] [ChatTransport] responseHandler called, data: {"type":"delta","content":"市场","error":null,"message_id":"14c8664e-0d7a-487a-8967-a6e5848eb3ee","conversation_id":null,"itinerary":null,"stage":null} @ webpack-internal:///(app-pages-browser)/./lib/chat-transport.ts:137
[  152849ms] [LOG] [ChatTransport] onmessage triggered, has currentResponseHandler: true @ webpack-internal:///(app-pages-browser)/./lib/chat-transport.ts:41
[  152849ms] [LOG] [ChatTransport] responseHandler called, data: {"type":"delta","content":"（","error":null,"message_id":"14c8664e-0d7a-487a-8967-a6e5848eb3ee","conversation_id":null,"itinerary":null,"stage":null} @ webpack-internal:///(app-pages-browser)/./lib/chat-transport.ts:137
[  152850ms] [LOG] [ChatTransport] onmessage triggered, has currentResponseHandler: true @ webpack-internal:///(app-pages-browser)/./lib/chat-transport.ts:41
[  152850ms] [LOG] [ChatTransport] responseHandler called, data: {"type":"delta","content":"现","error":null,"message_id":"14c8664e-0d7a-487a-8967-a6e5848eb3ee","conversation_id":null,"itinerary":null,"stage":null} @ webpack-internal:///(app-pages-browser)/./lib/chat-transport.ts:137
[  152895ms] [LOG] [ChatTransport] onmessage triggered, has currentResponseHandler: true @ webpack-internal:///(app-pages-browser)/./lib/chat-transport.ts:41
[  152895ms] [LOG] [ChatTransport] responseHandler called, data: {"type":"delta","content":"丰","error":null,"message_id":"14c8664e-0d7a-487a-8967-a6e5848eb3ee","conversation_id":null,"itinerary":null,"stage":null} @ webpack-internal:///(app-pages-browser)/./lib/chat-transport.ts:137
[  152984ms] [LOG] [ChatTransport] onmessage triggered, has currentResponseHandler: true @ webpack-internal:///(app-pages-browser)/./lib/chat-transport.ts:41
[  152984ms] [LOG] [ChatTransport] responseHandler called, data: {"type":"delta","content":"洲","error":null,"message_id":"14c8664e-0d7a-487a-8967-a6e5848eb3ee","conversation_id":null,"itinerary":null,"stage":null} @ webpack-internal:///(app-pages-browser)/./lib/chat-transport.ts:137
[  152996ms] [LOG] [ChatTransport] onmessage triggered, has currentResponseHandler: true @ webpack-internal:///(app-pages-browser)/./lib/chat-transport.ts:41
[  152996ms] [LOG] [ChatTransport] responseHandler called, data: {"type":"delta","content":"市场","error":null,"message_id":"14c8664e-0d7a-487a-8967-a6e5848eb3ee","conversation_id":null,"itinerary":null,"stage":null} @ webpack-internal:///(app-pages-browser)/./lib/chat-transport.ts:137
[  153041ms] [LOG] [ChatTransport] onmessage triggered, has currentResponseHandler: true @ webpack-internal:///(app-pages-browser)/./lib/chat-transport.ts:41
[  153041ms] [LOG] [ChatTransport] responseHandler called, data: {"type":"delta","content":"）","error":null,"message_id":"14c8664e-0d7a-487a-8967-a6e5848eb3ee","conversation_id":null,"itinerary":null,"stage":null} @ webpack-internal:///(app-pages-browser)/./lib/chat-transport.ts:137
[  153055ms] [LOG] [ChatTransport] onmessage triggered, has currentResponseHandler: true @ webpack-internal:///(app-pages-browser)/./lib/chat-transport.ts:41
[  153055ms] [LOG] [ChatTransport] responseHandler called, data: {"type":"delta","content":"是","error":null,"message_id":"14c8664e-0d7a-487a-8967-a6e5848eb3ee","conversation_id":null,"itinerary":null,"stage":null} @ webpack-internal:///(app-pages-browser)/./lib/chat-transport.ts:137
[  153131ms] [LOG] [ChatTransport] onmessage triggered, has currentResponseHandler: true @ webpack-internal:///(app-pages-browser)/./lib/chat-transport.ts:41
[  153131ms] [LOG] [ChatTransport] responseHandler called, data: {"type":"delta","content":"寿","error":null,"message_id":"14c8664e-0d7a-487a-8967-a6e5848eb3ee","conversation_id":null,"itinerary":null,"stage":null} @ webpack-internal:///(app-pages-browser)/./lib/chat-transport.ts:137
[  153147ms] [LOG] [ChatTransport] onmessage triggered, has currentResponseHandler: true @ webpack-internal:///(app-pages-browser)/./lib/chat-transport.ts:41
[  153148ms] [LOG] [ChatTransport] responseHandler called, data: {"type":"delta","content":"司","error":null,"message_id":"14c8664e-0d7a-487a-8967-a6e5848eb3ee","conversation_id":null,"itinerary":null,"stage":null} @ webpack-internal:///(app-pages-browser)/./lib/chat-transport.ts:137
[  153155ms] [LOG] [ChatTransport] onmessage triggered, has currentResponseHandler: true @ webpack-internal:///(app-pages-browser)/./lib/chat-transport.ts:41
[  153155ms] [LOG] [ChatTransport] responseHandler called, data: {"type":"delta","content":"爱好","error":null,"message_id":"14c8664e-0d7a-487a-8967-a6e5848eb3ee","conversation_id":null,"itinerary":null,"stage":null} @ webpack-internal:///(app-pages-browser)/./lib/chat-transport.ts:137
[  153205ms] [LOG] [ChatTransport] onmessage triggered, has currentResponseHandler: true @ webpack-internal:///(app-pages-browser)/./lib/chat-transport.ts:41
[  153205ms] [LOG] [ChatTransport] responseHandler called, data: {"type":"delta","content":"者的","error":null,"message_id":"14c8664e-0d7a-487a-8967-a6e5848eb3ee","conversation_id":null,"itinerary":null,"stage":null} @ webpack-internal:///(app-pages-browser)/./lib/chat-transport.ts:137
[  153220ms] [LOG] [ChatTransport] onmessage triggered, has currentResponseHandler: true @ webpack-internal:///(app-pages-browser)/./lib/chat-transport.ts:41
[  153220ms] [LOG] [ChatTransport] responseHandler called, data: {"type":"delta","content":"天堂","error":null,"message_id":"14c8664e-0d7a-487a-8967-a6e5848eb3ee","conversation_id":null,"itinerary":null,"stage":null} @ webpack-internal:///(app-pages-browser)/./lib/chat-transport.ts:137
[  153295ms] [LOG] [ChatTransport] onmessage triggered, has currentResponseHandler: true @ webpack-internal:///(app-pages-browser)/./lib/chat-transport.ts:41
[  153295ms] [LOG] [ChatTransport] responseHandler called, data: {"type":"delta","content":"\n","error":null,"message_id":"14c8664e-0d7a-487a-8967-a6e5848eb3ee","conversation_id":null,"itinerary":null,"stage":null} @ webpack-internal:///(app-pages-browser)/./lib/chat-transport.ts:137
[  153308ms] [LOG] [ChatTransport] onmessage triggered, has currentResponseHandler: true @ webpack-internal:///(app-pages-browser)/./lib/chat-transport.ts:41
[  153308ms] [LOG] [ChatTransport] responseHandler called, data: {"type":"delta","content":"2","error":null,"message_id":"14c8664e-0d7a-487a-8967-a6e5848eb3ee","conversation_id":null,"itinerary":null,"stage":null} @ webpack-internal:///(app-pages-browser)/./lib/chat-transport.ts:137
[  153364ms] [LOG] [ChatTransport] onmessage triggered, has currentResponseHandler: true @ webpack-internal:///(app-pages-browser)/./lib/chat-transport.ts:41
[  153364ms] [LOG] [ChatTransport] responseHandler called, data: {"type":"delta","content":".","error":null,"message_id":"14c8664e-0d7a-487a-8967-a6e5848eb3ee","conversation_id":null,"itinerary":null,"stage":null} @ webpack-internal:///(app-pages-browser)/./lib/chat-transport.ts:137
[  153377ms] [LOG] [ChatTransport] onmessage triggered, has currentResponseHandler: true @ webpack-internal:///(app-pages-browser)/./lib/chat-transport.ts:41
[  153377ms] [LOG] [ChatTransport] responseHandler called, data: {"type":"delta","content":" **","error":null,"message_id":"14c8664e-0d7a-487a-8967-a6e5848eb3ee","conversation_id":null,"itinerary":null,"stage":null} @ webpack-internal:///(app-pages-browser)/./lib/chat-transport.ts:137
[  153523ms] [LOG] [ChatTransport] onmessage triggered, has currentResponseHandler: true @ webpack-internal:///(app-pages-browser)/./lib/chat-transport.ts:41
[  153523ms] [LOG] [ChatTransport] responseHandler called, data: {"type":"delta","content":"拉","error":null,"message_id":"14c8664e-0d7a-487a-8967-a6e5848eb3ee","conversation_id":null,"itinerary":null,"stage":null} @ webpack-internal:///(app-pages-browser)/./lib/chat-transport.ts:137
[  153535ms] [LOG] [ChatTransport] onmessage triggered, has currentResponseHandler: true @ webpack-internal:///(app-pages-browser)/./lib/chat-transport.ts:41
[  153535ms] [LOG] [ChatTransport] responseHandler called, data: {"type":"delta","content":"面","error":null,"message_id":"14c8664e-0d7a-487a-8967-a6e5848eb3ee","conversation_id":null,"itinerary":null,"stage":null} @ webpack-internal:///(app-pages-browser)/./lib/chat-transport.ts:137
[  153543ms] [LOG] [ChatTransport] onmessage triggered, has currentResponseHandler: true @ webpack-internal:///(app-pages-browser)/./lib/chat-transport.ts:41
[  153543ms] [LOG] [ChatTransport] responseHandler called, data: {"type":"delta","content":"**","error":null,"message_id":"14c8664e-0d7a-487a-8967-a6e5848eb3ee","conversation_id":null,"itinerary":null,"stage":null} @ webpack-internal:///(app-pages-browser)/./lib/chat-transport.ts:137
[  153543ms] [LOG] [ChatTransport] onmessage triggered, has currentResponseHandler: true @ webpack-internal:///(app-pages-browser)/./lib/chat-transport.ts:41
[  153543ms] [LOG] [ChatTransport] responseHandler called, data: {"type":"delta","content":" -","error":null,"message_id":"14c8664e-0d7a-487a-8967-a6e5848eb3ee","conversation_id":null,"itinerary":null,"stage":null} @ webpack-internal:///(app-pages-browser)/./lib/chat-transport.ts:137
[  153543ms] [LOG] [ChatTransport] onmessage triggered, has currentResponseHandler: true @ webpack-internal:///(app-pages-browser)/./lib/chat-transport.ts:41
[  153543ms] [LOG] [ChatTransport] responseHandler called, data: {"type":"delta","content":" ","error":null,"message_id":"14c8664e-0d7a-487a-8967-a6e5848eb3ee","conversation_id":null,"itinerary":null,"stage":null} @ webpack-internal:///(app-pages-browser)/./lib/chat-transport.ts:137
[  153543ms] [LOG] [ChatTransport] onmessage triggered, has currentResponseHandler: true @ webpack-internal:///(app-pages-browser)/./lib/chat-transport.ts:41
[  153543ms] [LOG] [ChatTransport] responseHandler called, data: {"type":"delta","content":"东京","error":null,"message_id":"14c8664e-0d7a-487a-8967-a6e5848eb3ee","conversation_id":null,"itinerary":null,"stage":null} @ webpack-internal:///(app-pages-browser)/./lib/chat-transport.ts:137
[  153590ms] [LOG] [ChatTransport] onmessage triggered, has currentResponseHandler: true @ webpack-internal:///(app-pages-browser)/./lib/chat-transport.ts:41
[  153590ms] [LOG] [ChatTransport] responseHandler called, data: {"type":"delta","content":"酱油","error":null,"message_id":"14c8664e-0d7a-487a-8967-a6e5848eb3ee","conversation_id":null,"itinerary":null,"stage":null} @ webpack-internal:///(app-pages-browser)/./lib/chat-transport.ts:137
[  154024ms] [LOG] [ChatTransport] onmessage triggered, has currentResponseHandler: true @ webpack-internal:///(app-pages-browser)/./lib/chat-transport.ts:41
[  154024ms] [LOG] [ChatTransport] responseHandler called, data: {"type":"delta","content":"拉","error":null,"message_id":"14c8664e-0d7a-487a-8967-a6e5848eb3ee","conversation_id":null,"itinerary":null,"stage":null} @ webpack-internal:///(app-pages-browser)/./lib/chat-transport.ts:137
[  154033ms] [LOG] [ChatTransport] onmessage triggered, has currentResponseHandler: true @ webpack-internal:///(app-pages-browser)/./lib/chat-transport.ts:41
[  154033ms] [LOG] [ChatTransport] responseHandler called, data: {"type":"delta","content":"面","error":null,"message_id":"14c8664e-0d7a-487a-8967-a6e5848eb3ee","conversation_id":null,"itinerary":null,"stage":null} @ webpack-internal:///(app-pages-browser)/./lib/chat-transport.ts:137
[  154041ms] [LOG] [ChatTransport] onmessage triggered, has currentResponseHandler: true @ webpack-internal:///(app-pages-browser)/./lib/chat-transport.ts:41
[  154041ms] [LOG] [ChatTransport] responseHandler called, data: {"type":"delta","content":"、","error":null,"message_id":"14c8664e-0d7a-487a-8967-a6e5848eb3ee","conversation_id":null,"itinerary":null,"stage":null} @ webpack-internal:///(app-pages-browser)/./lib/chat-transport.ts:137
[  154041ms] [LOG] [ChatTransport] onmessage triggered, has currentResponseHandler: true @ webpack-internal:///(app-pages-browser)/./lib/chat-transport.ts:41
[  154041ms] [LOG] [ChatTransport] responseHandler called, data: {"type":"delta","content":"沾","error":null,"message_id":"14c8664e-0d7a-487a-8967-a6e5848eb3ee","conversation_id":null,"itinerary":null,"stage":null} @ webpack-internal:///(app-pages-browser)/./lib/chat-transport.ts:137
[  154041ms] [LOG] [ChatTransport] onmessage triggered, has currentResponseHandler: true @ webpack-internal:///(app-pages-browser)/./lib/chat-transport.ts:41
[  154041ms] [LOG] [ChatTransport] responseHandler called, data: {"type":"delta","content":"面","error":null,"message_id":"14c8664e-0d7a-487a-8967-a6e5848eb3ee","conversation_id":null,"itinerary":null,"stage":null} @ webpack-internal:///(app-pages-browser)/./lib/chat-transport.ts:137
[  154041ms] [LOG] [ChatTransport] onmessage triggered, has currentResponseHandler: true @ webpack-internal:///(app-pages-browser)/./lib/chat-transport.ts:41
[  154041ms] [LOG] [ChatTransport] responseHandler called, data: {"type":"delta","content":"等","error":null,"message_id":"14c8664e-0d7a-487a-8967-a6e5848eb3ee","conversation_id":null,"itinerary":null,"stage":null} @ webpack-internal:///(app-pages-browser)/./lib/chat-transport.ts:137
[  154041ms] [LOG] [ChatTransport] onmessage triggered, has currentResponseHandler: true @ webpack-internal:///(app-pages-browser)/./lib/chat-transport.ts:41
[  154041ms] [LOG] [ChatTransport] responseHandler called, data: {"type":"delta","content":"各","error":null,"message_id":"14c8664e-0d7a-487a-8967-a6e5848eb3ee","conversation_id":null,"itinerary":null,"stage":null} @ webpack-internal:///(app-pages-browser)/./lib/chat-transport.ts:137
[  154041ms] [LOG] [ChatTransport] onmessage triggered, has currentResponseHandler: true @ webpack-internal:///(app-pages-browser)/./lib/chat-transport.ts:41
[  154041ms] [LOG] [ChatTransport] responseHandler called, data: {"type":"delta","content":"具","error":null,"message_id":"14c8664e-0d7a-487a-8967-a6e5848eb3ee","conversation_id":null,"itinerary":null,"stage":null} @ webpack-internal:///(app-pages-browser)/./lib/chat-transport.ts:137
[  154041ms] [LOG] [ChatTransport] onmessage triggered, has currentResponseHandler: true @ webpack-internal:///(app-pages-browser)/./lib/chat-transport.ts:41
[  154041ms] [LOG] [ChatTransport] responseHandler called, data: {"type":"delta","content":"特色","error":null,"message_id":"14c8664e-0d7a-487a-8967-a6e5848eb3ee","conversation_id":null,"itinerary":null,"stage":null} @ webpack-internal:///(app-pages-browser)/./lib/chat-transport.ts:137
[  154041ms] [LOG] [ChatTransport] onmessage triggered, has currentResponseHandler: true @ webpack-internal:///(app-pages-browser)/./lib/chat-transport.ts:41
[  154041ms] [LOG] [ChatTransport] responseHandler called, data: {"type":"delta","content":"\n","error":null,"message_id":"14c8664e-0d7a-487a-8967-a6e5848eb3ee","conversation_id":null,"itinerary":null,"stage":null} @ webpack-internal:///(app-pages-browser)/./lib/chat-transport.ts:137
[  154041ms] [LOG] [ChatTransport] onmessage triggered, has currentResponseHandler: true @ webpack-internal:///(app-pages-browser)/./lib/chat-transport.ts:41
[  154041ms] [LOG] [ChatTransport] responseHandler called, data: {"type":"delta","content":"3","error":null,"message_id":"14c8664e-0d7a-487a-8967-a6e5848eb3ee","conversation_id":null,"itinerary":null,"stage":null} @ webpack-internal:///(app-pages-browser)/./lib/chat-transport.ts:137
[  154049ms] [LOG] [ChatTransport] onmessage triggered, has currentResponseHandler: true @ webpack-internal:///(app-pages-browser)/./lib/chat-transport.ts:41
[  154050ms] [LOG] [ChatTransport] responseHandler called, data: {"type":"delta","content":".","error":null,"message_id":"14c8664e-0d7a-487a-8967-a6e5848eb3ee","conversation_id":null,"itinerary":null,"stage":null} @ webpack-internal:///(app-pages-browser)/./lib/chat-transport.ts:137
[  154050ms] [LOG] [ChatTransport] onmessage triggered, has currentResponseHandler: true @ webpack-internal:///(app-pages-browser)/./lib/chat-transport.ts:41
[  154050ms] [LOG] [ChatTransport] responseHandler called, data: {"type":"delta","content":" **","error":null,"message_id":"14c8664e-0d7a-487a-8967-a6e5848eb3ee","conversation_id":null,"itinerary":null,"stage":null} @ webpack-internal:///(app-pages-browser)/./lib/chat-transport.ts:137
[  154110ms] [LOG] [ChatTransport] onmessage triggered, has currentResponseHandler: true @ webpack-internal:///(app-pages-browser)/./lib/chat-transport.ts:41
[  154110ms] [LOG] [ChatTransport] responseHandler called, data: {"type":"delta","content":"天","error":null,"message_id":"14c8664e-0d7a-487a-8967-a6e5848eb3ee","conversation_id":null,"itinerary":null,"stage":null} @ webpack-internal:///(app-pages-browser)/./lib/chat-transport.ts:137
[  154123ms] [LOG] [ChatTransport] onmessage triggered, has currentResponseHandler: true @ webpack-internal:///(app-pages-browser)/./lib/chat-transport.ts:41
[  154123ms] [LOG] [ChatTransport] responseHandler called, data: {"type":"delta","content":"妇","error":null,"message_id":"14c8664e-0d7a-487a-8967-a6e5848eb3ee","conversation_id":null,"itinerary":null,"stage":null} @ webpack-internal:///(app-pages-browser)/./lib/chat-transport.ts:137
[  154202ms] [LOG] [ChatTransport] onmessage triggered, has currentResponseHandler: true @ webpack-internal:///(app-pages-browser)/./lib/chat-transport.ts:41
[  154202ms] [LOG] [ChatTransport] responseHandler called, data: {"type":"delta","content":"罗","error":null,"message_id":"14c8664e-0d7a-487a-8967-a6e5848eb3ee","conversation_id":null,"itinerary":null,"stage":null} @ webpack-internal:///(app-pages-browser)/./lib/chat-transport.ts:137
[  154216ms] [LOG] [ChatTransport] onmessage triggered, has currentResponseHandler: true @ webpack-internal:///(app-pages-browser)/./lib/chat-transport.ts:41
[  154217ms] [LOG] [ChatTransport] responseHandler called, data: {"type":"delta","content":"**","error":null,"message_id":"14c8664e-0d7a-487a-8967-a6e5848eb3ee","conversation_id":null,"itinerary":null,"stage":null} @ webpack-internal:///(app-pages-browser)/./lib/chat-transport.ts:137
[  154230ms] [LOG] [ChatTransport] onmessage triggered, has currentResponseHandler: true @ webpack-internal:///(app-pages-browser)/./lib/chat-transport.ts:41
[  154230ms] [LOG] [ChatTransport] responseHandler called, data: {"type":"delta","content":" -","error":null,"message_id":"14c8664e-0d7a-487a-8967-a6e5848eb3ee","conversation_id":null,"itinerary":null,"stage":null} @ webpack-internal:///(app-pages-browser)/./lib/chat-transport.ts:137
[  154237ms] [LOG] [ChatTransport] onmessage triggered, has currentResponseHandler: true @ webpack-internal:///(app-pages-browser)/./lib/chat-transport.ts:41
[  154237ms] [LOG] [ChatTransport] responseHandler called, data: {"type":"delta","content":" ","error":null,"message_id":"14c8664e-0d7a-487a-8967-a6e5848eb3ee","conversation_id":null,"itinerary":null,"stage":null} @ webpack-internal:///(app-pages-browser)/./lib/chat-transport.ts:137
[  154289ms] [LOG] [ChatTransport] onmessage triggered, has currentResponseHandler: true @ webpack-internal:///(app-pages-browser)/./lib/chat-transport.ts:41
[  154289ms] [LOG] [ChatTransport] responseHandler called, data: {"type":"delta","content":"炸","error":null,"message_id":"14c8664e-0d7a-487a-8967-a6e5848eb3ee","conversation_id":null,"itinerary":null,"stage":null} @ webpack-internal:///(app-pages-browser)/./lib/chat-transport.ts:137
[  154300ms] [LOG] [ChatTransport] onmessage triggered, has currentResponseHandler: true @ webpack-internal:///(app-pages-browser)/./lib/chat-transport.ts:41
[  154300ms] [LOG] [ChatTransport] responseHandler called, data: {"type":"delta","content":"虾","error":null,"message_id":"14c8664e-0d7a-487a-8967-a6e5848eb3ee","conversation_id":null,"itinerary":null,"stage":null} @ webpack-internal:///(app-pages-browser)/./lib/chat-transport.ts:137
[  154355ms] [LOG] [ChatTransport] onmessage triggered, has currentResponseHandler: true @ webpack-internal:///(app-pages-browser)/./lib/chat-transport.ts:41
[  154356ms] [LOG] [ChatTransport] responseHandler called, data: {"type":"delta","content":"、","error":null,"message_id":"14c8664e-0d7a-487a-8967-a6e5848eb3ee","conversation_id":null,"itinerary":null,"stage":null} @ webpack-internal:///(app-pages-browser)/./lib/chat-transport.ts:137
[  154356ms] [LOG] [ChatTransport] onmessage triggered, has currentResponseHandler: true @ webpack-internal:///(app-pages-browser)/./lib/chat-transport.ts:41
[  154356ms] [LOG] [ChatTransport] responseHandler called, data: {"type":"delta","content":"蔬菜","error":null,"message_id":"14c8664e-0d7a-487a-8967-a6e5848eb3ee","conversation_id":null,"itinerary":null,"stage":null} @ webpack-internal:///(app-pages-browser)/./lib/chat-transport.ts:137
[  154478ms] [LOG] [ChatTransport] onmessage triggered, has currentResponseHandler: true @ webpack-internal:///(app-pages-browser)/./lib/chat-transport.ts:41
[  154478ms] [LOG] [ChatTransport] responseHandler called, data: {"type":"delta","content":"等","error":null,"message_id":"14c8664e-0d7a-487a-8967-a6e5848eb3ee","conversation_id":null,"itinerary":null,"stage":null} @ webpack-internal:///(app-pages-browser)/./lib/chat-transport.ts:137
[  154489ms] [LOG] [ChatTransport] onmessage triggered, has currentResponseHandler: true @ webpack-internal:///(app-pages-browser)/./lib/chat-transport.ts:41
[  154489ms] [LOG] [ChatTransport] responseHandler called, data: {"type":"delta","content":"，","error":null,"message_id":"14c8664e-0d7a-487a-8967-a6e5848eb3ee","conversation_id":null,"itinerary":null,"stage":null} @ webpack-internal:///(app-pages-browser)/./lib/chat-transport.ts:137
[  154490ms] [LOG] [ChatTransport] onmessage triggered, has currentResponseHandler: true @ webpack-internal:///(app-pages-browser)/./lib/chat-transport.ts:41
[  154490ms] [LOG] [ChatTransport] responseHandler called, data: {"type":"delta","content":"外","error":null,"message_id":"14c8664e-0d7a-487a-8967-a6e5848eb3ee","conversation_id":null,"itinerary":null,"stage":null} @ webpack-internal:///(app-pages-browser)/./lib/chat-transport.ts:137
[  154490ms] [LOG] [ChatTransport] onmessage triggered, has currentResponseHandler: true @ webpack-internal:///(app-pages-browser)/./lib/chat-transport.ts:41
[  154490ms] [LOG] [ChatTransport] responseHandler called, data: {"type":"delta","content":"酥","error":null,"message_id":"14c8664e-0d7a-487a-8967-a6e5848eb3ee","conversation_id":null,"itinerary":null,"stage":null} @ webpack-internal:///(app-pages-browser)/./lib/chat-transport.ts:137
[  154534ms] [LOG] [ChatTransport] onmessage triggered, has currentResponseHandler: true @ webpack-internal:///(app-pages-browser)/./lib/chat-transport.ts:41
[  154534ms] [LOG] [ChatTransport] responseHandler called, data: {"type":"delta","content":"里","error":null,"message_id":"14c8664e-0d7a-487a-8967-a6e5848eb3ee","conversation_id":null,"itinerary":null,"stage":null} @ webpack-internal:///(app-pages-browser)/./lib/chat-transport.ts:137
[  154545ms] [LOG] [ChatTransport] onmessage triggered, has currentResponseHandler: true @ webpack-internal:///(app-pages-browser)/./lib/chat-transport.ts:41
[  154545ms] [LOG] [ChatTransport] responseHandler called, data: {"type":"delta","content":"嫩","error":null,"message_id":"14c8664e-0d7a-487a-8967-a6e5848eb3ee","conversation_id":null,"itinerary":null,"stage":null} @ webpack-internal:///(app-pages-browser)/./lib/chat-transport.ts:137
[  154697ms] [LOG] [ChatTransport] onmessage triggered, has currentResponseHandler: true @ webpack-internal:///(app-pages-browser)/./lib/chat-transport.ts:41
[  154697ms] [LOG] [ChatTransport] responseHandler called, data: {"type":"delta","content":"\n","error":null,"message_id":"14c8664e-0d7a-487a-8967-a6e5848eb3ee","conversation_id":null,"itinerary":null,"stage":null} @ webpack-internal:///(app-pages-browser)/./lib/chat-transport.ts:137
[  154701ms] [LOG] [ChatTransport] onmessage triggered, has currentResponseHandler: true @ webpack-internal:///(app-pages-browser)/./lib/chat-transport.ts:41
[  154701ms] [LOG] [ChatTransport] responseHandler called, data: {"type":"delta","content":"4","error":null,"message_id":"14c8664e-0d7a-487a-8967-a6e5848eb3ee","conversation_id":null,"itinerary":null,"stage":null} @ webpack-internal:///(app-pages-browser)/./lib/chat-transport.ts:137
[  154705ms] [LOG] [ChatTransport] onmessage triggered, has currentResponseHandler: true @ webpack-internal:///(app-pages-browser)/./lib/chat-transport.ts:41
[  154705ms] [LOG] [ChatTransport] responseHandler called, data: {"type":"delta","content":".","error":null,"message_id":"14c8664e-0d7a-487a-8967-a6e5848eb3ee","conversation_id":null,"itinerary":null,"stage":null} @ webpack-internal:///(app-pages-browser)/./lib/chat-transport.ts:137
[  154707ms] [LOG] [ChatTransport] onmessage triggered, has currentResponseHandler: true @ webpack-internal:///(app-pages-browser)/./lib/chat-transport.ts:41
[  154707ms] [LOG] [ChatTransport] responseHandler called, data: {"type":"delta","content":" **","error":null,"message_id":"14c8664e-0d7a-487a-8967-a6e5848eb3ee","conversation_id":null,"itinerary":null,"stage":null} @ webpack-internal:///(app-pages-browser)/./lib/chat-transport.ts:137
[  154728ms] [LOG] [ChatTransport] onmessage triggered, has currentResponseHandler: true @ webpack-internal:///(app-pages-browser)/./lib/chat-transport.ts:41
[  154728ms] [LOG] [ChatTransport] responseHandler called, data: {"type":"delta","content":"鳗","error":null,"message_id":"14c8664e-0d7a-487a-8967-a6e5848eb3ee","conversation_id":null,"itinerary":null,"stage":null} @ webpack-internal:///(app-pages-browser)/./lib/chat-transport.ts:137
[  154729ms] [LOG] [ChatTransport] onmessage triggered, has currentResponseHandler: true @ webpack-internal:///(app-pages-browser)/./lib/chat-transport.ts:41
[  154730ms] [LOG] [ChatTransport] responseHandler called, data: {"type":"delta","content":"鱼","error":null,"message_id":"14c8664e-0d7a-487a-8967-a6e5848eb3ee","conversation_id":null,"itinerary":null,"stage":null} @ webpack-internal:///(app-pages-browser)/./lib/chat-transport.ts:137
[  154818ms] [LOG] [ChatTransport] onmessage triggered, has currentResponseHandler: true @ webpack-internal:///(app-pages-browser)/./lib/chat-transport.ts:41
[  154818ms] [LOG] [ChatTransport] responseHandler called, data: {"type":"delta","content":"饭","error":null,"message_id":"14c8664e-0d7a-487a-8967-a6e5848eb3ee","conversation_id":null,"itinerary":null,"stage":null} @ webpack-internal:///(app-pages-browser)/./lib/chat-transport.ts:137
[  154820ms] [LOG] [ChatTransport] onmessage triggered, has currentResponseHandler: true @ webpack-internal:///(app-pages-browser)/./lib/chat-transport.ts:41
[  154820ms] [LOG] [ChatTransport] responseHandler called, data: {"type":"delta","content":"**","error":null,"message_id":"14c8664e-0d7a-487a-8967-a6e5848eb3ee","conversation_id":null,"itinerary":null,"stage":null} @ webpack-internal:///(app-pages-browser)/./lib/chat-transport.ts:137
[  154874ms] [LOG] [ChatTransport] onmessage triggered, has currentResponseHandler: true @ webpack-internal:///(app-pages-browser)/./lib/chat-transport.ts:41
[  154874ms] [LOG] [ChatTransport] responseHandler called, data: {"type":"delta","content":" -","error":null,"message_id":"14c8664e-0d7a-487a-8967-a6e5848eb3ee","conversation_id":null,"itinerary":null,"stage":null} @ webpack-internal:///(app-pages-browser)/./lib/chat-transport.ts:137
[  154876ms] [LOG] [ChatTransport] onmessage triggered, has currentResponseHandler: true @ webpack-internal:///(app-pages-browser)/./lib/chat-transport.ts:41
[  154876ms] [LOG] [ChatTransport] responseHandler called, data: {"type":"delta","content":" ","error":null,"message_id":"14c8664e-0d7a-487a-8967-a6e5848eb3ee","conversation_id":null,"itinerary":null,"stage":null} @ webpack-internal:///(app-pages-browser)/./lib/chat-transport.ts:137
[  154905ms] [LOG] [ChatTransport] onmessage triggered, has currentResponseHandler: true @ webpack-internal:///(app-pages-browser)/./lib/chat-transport.ts:41
[  154905ms] [LOG] [ChatTransport] responseHandler called, data: {"type":"delta","content":"夏季","error":null,"message_id":"14c8664e-0d7a-487a-8967-a6e5848eb3ee","conversation_id":null,"itinerary":null,"stage":null} @ webpack-internal:///(app-pages-browser)/./lib/chat-transport.ts:137
[  154909ms] [LOG] [ChatTransport] onmessage triggered, has currentResponseHandler: true @ webpack-internal:///(app-pages-browser)/./lib/chat-transport.ts:41
[  154909ms] [LOG] [ChatTransport] responseHandler called, data: {"type":"delta","content":"特别","error":null,"message_id":"14c8664e-0d7a-487a-8967-a6e5848eb3ee","conversation_id":null,"itinerary":null,"stage":null} @ webpack-internal:///(app-pages-browser)/./lib/chat-transport.ts:137
[  154966ms] [LOG] [ChatTransport] onmessage triggered, has currentResponseHandler: true @ webpack-internal:///(app-pages-browser)/./lib/chat-transport.ts:41
[  154966ms] [LOG] [ChatTransport] responseHandler called, data: {"type":"delta","content":"受欢迎","error":null,"message_id":"14c8664e-0d7a-487a-8967-a6e5848eb3ee","conversation_id":null,"itinerary":null,"stage":null} @ webpack-internal:///(app-pages-browser)/./lib/chat-transport.ts:137
[  155028ms] [LOG] [ChatTransport] onmessage triggered, has currentResponseHandler: true @ webpack-internal:///(app-pages-browser)/./lib/chat-transport.ts:41
[  155028ms] [LOG] [ChatTransport] responseHandler called, data: {"type":"delta","content":"的传统","error":null,"message_id":"14c8664e-0d7a-487a-8967-a6e5848eb3ee","conversation_id":null,"itinerary":null,"stage":null} @ webpack-internal:///(app-pages-browser)/./lib/chat-transport.ts:137
[  155118ms] [LOG] [ChatTransport] onmessage triggered, has currentResponseHandler: true @ webpack-internal:///(app-pages-browser)/./lib/chat-transport.ts:41
[  155118ms] [LOG] [ChatTransport] responseHandler called, data: {"type":"delta","content":"美食","error":null,"message_id":"14c8664e-0d7a-487a-8967-a6e5848eb3ee","conversation_id":null,"itinerary":null,"stage":null} @ webpack-internal:///(app-pages-browser)/./lib/chat-transport.ts:137
[  155142ms] [LOG] [ChatTransport] onmessage triggered, has currentResponseHandler: true @ webpack-internal:///(app-pages-browser)/./lib/chat-transport.ts:41
[  155142ms] [LOG] [ChatTransport] responseHandler called, data: {"type":"delta","content":"\n\n","error":null,"message_id":"14c8664e-0d7a-487a-8967-a6e5848eb3ee","conversation_id":null,"itinerary":null,"stage":null} @ webpack-internal:///(app-pages-browser)/./lib/chat-transport.ts:137
[  155213ms] [LOG] [ChatTransport] onmessage triggered, has currentResponseHandler: true @ webpack-internal:///(app-pages-browser)/./lib/chat-transport.ts:41
[  155213ms] [LOG] [ChatTransport] responseHandler called, data: {"type":"delta","content":"**","error":null,"message_id":"14c8664e-0d7a-487a-8967-a6e5848eb3ee","conversation_id":null,"itinerary":null,"stage":null} @ webpack-internal:///(app-pages-browser)/./lib/chat-transport.ts:137
[  155241ms] [LOG] [ChatTransport] onmessage triggered, has currentResponseHandler: true @ webpack-internal:///(app-pages-browser)/./lib/chat-transport.ts:41
[  155241ms] [LOG] [ChatTransport] responseHandler called, data: {"type":"delta","content":"现代","error":null,"message_id":"14c8664e-0d7a-487a-8967-a6e5848eb3ee","conversation_id":null,"itinerary":null,"stage":null} @ webpack-internal:///(app-pages-browser)/./lib/chat-transport.ts:137
[  155263ms] [LOG] [ChatTransport] onmessage triggered, has currentResponseHandler: true @ webpack-internal:///(app-pages-browser)/./lib/chat-transport.ts:41
[  155264ms] [LOG] [ChatTransport] responseHandler called, data: {"type":"delta","content":"美食","error":null,"message_id":"14c8664e-0d7a-487a-8967-a6e5848eb3ee","conversation_id":null,"itinerary":null,"stage":null} @ webpack-internal:///(app-pages-browser)/./lib/chat-transport.ts:137
[  155304ms] [LOG] [ChatTransport] onmessage triggered, has currentResponseHandler: true @ webpack-internal:///(app-pages-browser)/./lib/chat-transport.ts:41
[  155304ms] [LOG] [ChatTransport] responseHandler called, data: {"type":"delta","content":"：","error":null,"message_id":"14c8664e-0d7a-487a-8967-a6e5848eb3ee","conversation_id":null,"itinerary":null,"stage":null} @ webpack-internal:///(app-pages-browser)/./lib/chat-transport.ts:137
[  155305ms] [LOG] [ChatTransport] onmessage triggered, has currentResponseHandler: true @ webpack-internal:///(app-pages-browser)/./lib/chat-transport.ts:41
[  155305ms] [LOG] [ChatTransport] responseHandler called, data: {"type":"delta","content":"**\n","error":null,"message_id":"14c8664e-0d7a-487a-8967-a6e5848eb3ee","conversation_id":null,"itinerary":null,"stage":null} @ webpack-internal:///(app-pages-browser)/./lib/chat-transport.ts:137
[  155458ms] [LOG] [ChatTransport] onmessage triggered, has currentResponseHandler: true @ webpack-internal:///(app-pages-browser)/./lib/chat-transport.ts:41
[  155458ms] [LOG] [ChatTransport] responseHandler called, data: {"type":"delta","content":"1","error":null,"message_id":"14c8664e-0d7a-487a-8967-a6e5848eb3ee","conversation_id":null,"itinerary":null,"stage":null} @ webpack-internal:///(app-pages-browser)/./lib/chat-transport.ts:137
[  155477ms] [LOG] [ChatTransport] onmessage triggered, has currentResponseHandler: true @ webpack-internal:///(app-pages-browser)/./lib/chat-transport.ts:41
[  155477ms] [LOG] [ChatTransport] responseHandler called, data: {"type":"delta","content":".","error":null,"message_id":"14c8664e-0d7a-487a-8967-a6e5848eb3ee","conversation_id":null,"itinerary":null,"stage":null} @ webpack-internal:///(app-pages-browser)/./lib/chat-transport.ts:137
[  155477ms] [LOG] [ChatTransport] onmessage triggered, has currentResponseHandler: true @ webpack-internal:///(app-pages-browser)/./lib/chat-transport.ts:41
[  155477ms] [LOG] [ChatTransport] responseHandler called, data: {"type":"delta","content":" **","error":null,"message_id":"14c8664e-0d7a-487a-8967-a6e5848eb3ee","conversation_id":null,"itinerary":null,"stage":null} @ webpack-internal:///(app-pages-browser)/./lib/chat-transport.ts:137
[  155497ms] [LOG] [ChatTransport] onmessage triggered, has currentResponseHandler: true @ webpack-internal:///(app-pages-browser)/./lib/chat-transport.ts:41
[  155497ms] [LOG] [ChatTransport] responseHandler called, data: {"type":"delta","content":"和","error":null,"message_id":"14c8664e-0d7a-487a-8967-a6e5848eb3ee","conversation_id":null,"itinerary":null,"stage":null} @ webpack-internal:///(app-pages-browser)/./lib/chat-transport.ts:137
[  155497ms] [LOG] [ChatTransport] onmessage triggered, has currentResponseHandler: true @ webpack-internal:///(app-pages-browser)/./lib/chat-transport.ts:41
[  155497ms] [LOG] [ChatTransport] responseHandler called, data: {"type":"delta","content":"牛","error":null,"message_id":"14c8664e-0d7a-487a-8967-a6e5848eb3ee","conversation_id":null,"itinerary":null,"stage":null} @ webpack-internal:///(app-pages-browser)/./lib/chat-transport.ts:137
[  155497ms] [LOG] [ChatTransport] onmessage triggered, has currentResponseHandler: true @ webpack-internal:///(app-pages-browser)/./lib/chat-transport.ts:41
[  155497ms] [LOG] [ChatTransport] responseHandler called, data: {"type":"delta","content":"烤肉","error":null,"message_id":"14c8664e-0d7a-487a-8967-a6e5848eb3ee","conversation_id":null,"itinerary":null,"stage":null} @ webpack-internal:///(app-pages-browser)/./lib/chat-transport.ts:137
[  155611ms] [LOG] [ChatTransport] onmessage triggered, has currentResponseHandler: true @ webpack-internal:///(app-pages-browser)/./lib/chat-transport.ts:41
[  155611ms] [LOG] [ChatTransport] responseHandler called, data: {"type":"delta","content":"**","error":null,"message_id":"14c8664e-0d7a-487a-8967-a6e5848eb3ee","conversation_id":null,"itinerary":null,"stage":null} @ webpack-internal:///(app-pages-browser)/./lib/chat-transport.ts:137
[  155637ms] [LOG] [ChatTransport] onmessage triggered, has currentResponseHandler: true @ webpack-internal:///(app-pages-browser)/./lib/chat-transport.ts:41
[  155637ms] [LOG] [ChatTransport] responseHandler called, data: {"type":"delta","content":" -","error":null,"message_id":"14c8664e-0d7a-487a-8967-a6e5848eb3ee","conversation_id":null,"itinerary":null,"stage":null} @ webpack-internal:///(app-pages-browser)/./lib/chat-transport.ts:137
[  155637ms] [LOG] [ChatTransport] onmessage triggered, has currentResponseHandler: true @ webpack-internal:///(app-pages-browser)/./lib/chat-transport.ts:41
[  155637ms] [LOG] [ChatTransport] responseHandler called, data: {"type":"delta","content":" ","error":null,"message_id":"14c8664e-0d7a-487a-8967-a6e5848eb3ee","conversation_id":null,"itinerary":null,"stage":null} @ webpack-internal:///(app-pages-browser)/./lib/chat-transport.ts:137
[  155637ms] [LOG] [ChatTransport] onmessage triggered, has currentResponseHandler: true @ webpack-internal:///(app-pages-browser)/./lib/chat-transport.ts:41
[  155637ms] [LOG] [ChatTransport] responseHandler called, data: {"type":"delta","content":"高品质","error":null,"message_id":"14c8664e-0d7a-487a-8967-a6e5848eb3ee","conversation_id":null,"itinerary":null,"stage":null} @ webpack-internal:///(app-pages-browser)/./lib/chat-transport.ts:137
[  155655ms] [LOG] [ChatTransport] onmessage triggered, has currentResponseHandler: true @ webpack-internal:///(app-pages-browser)/./lib/chat-transport.ts:41
[  155655ms] [LOG] [ChatTransport] responseHandler called, data: {"type":"delta","content":"的","error":null,"message_id":"14c8664e-0d7a-487a-8967-a6e5848eb3ee","conversation_id":null,"itinerary":null,"stage":null} @ webpack-internal:///(app-pages-browser)/./lib/chat-transport.ts:137
[  155676ms] [LOG] [ChatTransport] onmessage triggered, has currentResponseHandler: true @ webpack-internal:///(app-pages-browser)/./lib/chat-transport.ts:41
[  155676ms] [LOG] [ChatTransport] responseHandler called, data: {"type":"delta","content":"日本","error":null,"message_id":"14c8664e-0d7a-487a-8967-a6e5848eb3ee","conversation_id":null,"itinerary":null,"stage":null} @ webpack-internal:///(app-pages-browser)/./lib/chat-transport.ts:137
[  155709ms] [LOG] [ChatTransport] onmessage triggered, has currentResponseHandler: true @ webpack-internal:///(app-pages-browser)/./lib/chat-transport.ts:41
[  155710ms] [LOG] [ChatTransport] responseHandler called, data: {"type":"delta","content":"牛肉","error":null,"message_id":"14c8664e-0d7a-487a-8967-a6e5848eb3ee","conversation_id":null,"itinerary":null,"stage":null} @ webpack-internal:///(app-pages-browser)/./lib/chat-transport.ts:137
[  155737ms] [LOG] [ChatTransport] onmessage triggered, has currentResponseHandler: true @ webpack-internal:///(app-pages-browser)/./lib/chat-transport.ts:41
[  155737ms] [LOG] [ChatTransport] responseHandler called, data: {"type":"delta","content":"\n","error":null,"message_id":"14c8664e-0d7a-487a-8967-a6e5848eb3ee","conversation_id":null,"itinerary":null,"stage":null} @ webpack-internal:///(app-pages-browser)/./lib/chat-transport.ts:137
[  155795ms] [LOG] [ChatTransport] onmessage triggered, has currentResponseHandler: true @ webpack-internal:///(app-pages-browser)/./lib/chat-transport.ts:41
[  155795ms] [LOG] [ChatTransport] responseHandler called, data: {"type":"delta","content":"2","error":null,"message_id":"14c8664e-0d7a-487a-8967-a6e5848eb3ee","conversation_id":null,"itinerary":null,"stage":null} @ webpack-internal:///(app-pages-browser)/./lib/chat-transport.ts:137
[  155813ms] [LOG] [ChatTransport] onmessage triggered, has currentResponseHandler: true @ webpack-internal:///(app-pages-browser)/./lib/chat-transport.ts:41
[  155813ms] [LOG] [ChatTransport] responseHandler called, data: {"type":"delta","content":".","error":null,"message_id":"14c8664e-0d7a-487a-8967-a6e5848eb3ee","conversation_id":null,"itinerary":null,"stage":null} @ webpack-internal:///(app-pages-browser)/./lib/chat-transport.ts:137
[  155996ms] [LOG] [ChatTransport] onmessage triggered, has currentResponseHandler: true @ webpack-internal:///(app-pages-browser)/./lib/chat-transport.ts:41
[  155997ms] [LOG] [ChatTransport] responseHandler called, data: {"type":"delta","content":" **","error":null,"message_id":"14c8664e-0d7a-487a-8967-a6e5848eb3ee","conversation_id":null,"itinerary":null,"stage":null} @ webpack-internal:///(app-pages-browser)/./lib/chat-transport.ts:137
[  156001ms] [LOG] [ChatTransport] onmessage triggered, has currentResponseHandler: true @ webpack-internal:///(app-pages-browser)/./lib/chat-transport.ts:41
[  156001ms] [LOG] [ChatTransport] responseHandler called, data: {"type":"delta","content":"居","error":null,"message_id":"14c8664e-0d7a-487a-8967-a6e5848eb3ee","conversation_id":null,"itinerary":null,"stage":null} @ webpack-internal:///(app-pages-browser)/./lib/chat-transport.ts:137
[  156009ms] [LOG] [ChatTransport] onmessage triggered, has currentResponseHandler: true @ webpack-internal:///(app-pages-browser)/./lib/chat-transport.ts:41
[  156009ms] [LOG] [ChatTransport] responseHandler called, data: {"type":"delta","content":"酒","error":null,"message_id":"14c8664e-0d7a-487a-8967-a6e5848eb3ee","conversation_id":null,"itinerary":null,"stage":null} @ webpack-internal:///(app-pages-browser)/./lib/chat-transport.ts:137
[  156010ms] [LOG] [ChatTransport] onmessage triggered, has currentResponseHandler: true @ webpack-internal:///(app-pages-browser)/./lib/chat-transport.ts:41
[  156010ms] [LOG] [ChatTransport] responseHandler called, data: {"type":"delta","content":"屋","error":null,"message_id":"14c8664e-0d7a-487a-8967-a6e5848eb3ee","conversation_id":null,"itinerary":null,"stage":null} @ webpack-internal:///(app-pages-browser)/./lib/chat-transport.ts:137
[  156026ms] [LOG] [ChatTransport] onmessage triggered, has currentResponseHandler: true @ webpack-internal:///(app-pages-browser)/./lib/chat-transport.ts:41
[  156027ms] [LOG] [ChatTransport] responseHandler called, data: {"type":"delta","content":"料理","error":null,"message_id":"14c8664e-0d7a-487a-8967-a6e5848eb3ee","conversation_id":null,"itinerary":null,"stage":null} @ webpack-internal:///(app-pages-browser)/./lib/chat-transport.ts:137
[  156058ms] [LOG] [ChatTransport] onmessage triggered, has currentResponseHandler: true @ webpack-internal:///(app-pages-browser)/./lib/chat-transport.ts:41
[  156058ms] [LOG] [ChatTransport] responseHandler called, data: {"type":"delta","content":"**","error":null,"message_id":"14c8664e-0d7a-487a-8967-a6e5848eb3ee","conversation_id":null,"itinerary":null,"stage":null} @ webpack-internal:///(app-pages-browser)/./lib/chat-transport.ts:137
[  156058ms] [LOG] [ChatTransport] onmessage triggered, has currentResponseHandler: true @ webpack-internal:///(app-pages-browser)/./lib/chat-transport.ts:41
[  156058ms] [LOG] [ChatTransport] responseHandler called, data: {"type":"delta","content":" -","error":null,"message_id":"14c8664e-0d7a-487a-8967-a6e5848eb3ee","conversation_id":null,"itinerary":null,"stage":null} @ webpack-internal:///(app-pages-browser)/./lib/chat-transport.ts:137
[  156115ms] [LOG] [ChatTransport] onmessage triggered, has currentResponseHandler: true @ webpack-internal:///(app-pages-browser)/./lib/chat-transport.ts:41
[  156115ms] [LOG] [ChatTransport] responseHandler called, data: {"type":"delta","content":" ","error":null,"message_id":"14c8664e-0d7a-487a-8967-a6e5848eb3ee","conversation_id":null,"itinerary":null,"stage":null} @ webpack-internal:///(app-pages-browser)/./lib/chat-transport.ts:137
[  156115ms] [LOG] [ChatTransport] onmessage triggered, has currentResponseHandler: true @ webpack-internal:///(app-pages-browser)/./lib/chat-transport.ts:41
[  156116ms] [LOG] [ChatTransport] responseHandler called, data: {"type":"delta","content":"各种","error":null,"message_id":"14c8664e-0d7a-487a-8967-a6e5848eb3ee","conversation_id":null,"itinerary":null,"stage":null} @ webpack-internal:///(app-pages-browser)/./lib/chat-transport.ts:137
[  156212ms] [LOG] [ChatTransport] onmessage triggered, has currentResponseHandler: true @ webpack-internal:///(app-pages-browser)/./lib/chat-transport.ts:41
[  156213ms] [LOG] [ChatTransport] responseHandler called, data: {"type":"delta","content":"下","error":null,"message_id":"14c8664e-0d7a-487a-8967-a6e5848eb3ee","conversation_id":null,"itinerary":null,"stage":null} @ webpack-internal:///(app-pages-browser)/./lib/chat-transport.ts:137
[  156284ms] [LOG] [ChatTransport] onmessage triggered, has currentResponseHandler: true @ webpack-internal:///(app-pages-browser)/./lib/chat-transport.ts:41
[  156284ms] [LOG] [ChatTransport] responseHandler called, data: {"type":"delta","content":"酒","error":null,"message_id":"14c8664e-0d7a-487a-8967-a6e5848eb3ee","conversation_id":null,"itinerary":null,"stage":null} @ webpack-internal:///(app-pages-browser)/./lib/chat-transport.ts:137
[  156285ms] [LOG] [ChatTransport] onmessage triggered, has currentResponseHandler: true @ webpack-internal:///(app-pages-browser)/./lib/chat-transport.ts:41
[  156285ms] [LOG] [ChatTransport] responseHandler called, data: {"type":"delta","content":"小","error":null,"message_id":"14c8664e-0d7a-487a-8967-a6e5848eb3ee","conversation_id":null,"itinerary":null,"stage":null} @ webpack-internal:///(app-pages-browser)/./lib/chat-transport.ts:137
[  156333ms] [LOG] [ChatTransport] onmessage triggered, has currentResponseHandler: true @ webpack-internal:///(app-pages-browser)/./lib/chat-transport.ts:41
[  156334ms] [LOG] [ChatTransport] responseHandler called, data: {"type":"delta","content":"菜","error":null,"message_id":"14c8664e-0d7a-487a-8967-a6e5848eb3ee","conversation_id":null,"itinerary":null,"stage":null} @ webpack-internal:///(app-pages-browser)/./lib/chat-transport.ts:137
[  156353ms] [LOG] [ChatTransport] onmessage triggered, has currentResponseHandler: true @ webpack-internal:///(app-pages-browser)/./lib/chat-transport.ts:41
[  156353ms] [LOG] [ChatTransport] responseHandler called, data: {"type":"delta","content":"和","error":null,"message_id":"14c8664e-0d7a-487a-8967-a6e5848eb3ee","conversation_id":null,"itinerary":null,"stage":null} @ webpack-internal:///(app-pages-browser)/./lib/chat-transport.ts:137
[  156394ms] [LOG] [ChatTransport] onmessage triggered, has currentResponseHandler: true @ webpack-internal:///(app-pages-browser)/./lib/chat-transport.ts:41
[  156394ms] [LOG] [ChatTransport] responseHandler called, data: {"type":"delta","content":"串","error":null,"message_id":"14c8664e-0d7a-487a-8967-a6e5848eb3ee","conversation_id":null,"itinerary":null,"stage":null} @ webpack-internal:///(app-pages-browser)/./lib/chat-transport.ts:137
[  156419ms] [LOG] [ChatTransport] onmessage triggered, has currentResponseHandler: true @ webpack-internal:///(app-pages-browser)/./lib/chat-transport.ts:41
[  156419ms] [LOG] [ChatTransport] responseHandler called, data: {"type":"delta","content":"烧","error":null,"message_id":"14c8664e-0d7a-487a-8967-a6e5848eb3ee","conversation_id":null,"itinerary":null,"stage":null} @ webpack-internal:///(app-pages-browser)/./lib/chat-transport.ts:137
[  156449ms] [LOG] [ChatTransport] onmessage triggered, has currentResponseHandler: true @ webpack-internal:///(app-pages-browser)/./lib/chat-transport.ts:41
[  156449ms] [LOG] [ChatTransport] responseHandler called, data: {"type":"delta","content":"\n","error":null,"message_id":"14c8664e-0d7a-487a-8967-a6e5848eb3ee","conversation_id":null,"itinerary":null,"stage":null} @ webpack-internal:///(app-pages-browser)/./lib/chat-transport.ts:137
[  156469ms] [LOG] [ChatTransport] onmessage triggered, has currentResponseHandler: true @ webpack-internal:///(app-pages-browser)/./lib/chat-transport.ts:41
[  156469ms] [LOG] [ChatTransport] responseHandler called, data: {"type":"delta","content":"3","error":null,"message_id":"14c8664e-0d7a-487a-8967-a6e5848eb3ee","conversation_id":null,"itinerary":null,"stage":null} @ webpack-internal:///(app-pages-browser)/./lib/chat-transport.ts:137
[  156487ms] [LOG] [ChatTransport] onmessage triggered, has currentResponseHandler: true @ webpack-internal:///(app-pages-browser)/./lib/chat-transport.ts:41
[  156488ms] [LOG] [ChatTransport] responseHandler called, data: {"type":"delta","content":".","error":null,"message_id":"14c8664e-0d7a-487a-8967-a6e5848eb3ee","conversation_id":null,"itinerary":null,"stage":null} @ webpack-internal:///(app-pages-browser)/./lib/chat-transport.ts:137
[  156488ms] [LOG] [ChatTransport] onmessage triggered, has currentResponseHandler: true @ webpack-internal:///(app-pages-browser)/./lib/chat-transport.ts:41
[  156488ms] [LOG] [ChatTransport] responseHandler called, data: {"type":"delta","content":" **","error":null,"message_id":"14c8664e-0d7a-487a-8967-a6e5848eb3ee","conversation_id":null,"itinerary":null,"stage":null} @ webpack-internal:///(app-pages-browser)/./lib/chat-transport.ts:137
[  156523ms] [LOG] [ChatTransport] onmessage triggered, has currentResponseHandler: true @ webpack-internal:///(app-pages-browser)/./lib/chat-transport.ts:41
[  156523ms] [LOG] [ChatTransport] responseHandler called, data: {"type":"delta","content":"甜品","error":null,"message_id":"14c8664e-0d7a-487a-8967-a6e5848eb3ee","conversation_id":null,"itinerary":null,"stage":null} @ webpack-internal:///(app-pages-browser)/./lib/chat-transport.ts:137
[  156541ms] [LOG] [ChatTransport] onmessage triggered, has currentResponseHandler: true @ webpack-internal:///(app-pages-browser)/./lib/chat-transport.ts:41
[  156541ms] [LOG] [ChatTransport] responseHandler called, data: {"type":"delta","content":"**","error":null,"message_id":"14c8664e-0d7a-487a-8967-a6e5848eb3ee","conversation_id":null,"itinerary":null,"stage":null} @ webpack-internal:///(app-pages-browser)/./lib/chat-transport.ts:137
[  156585ms] [LOG] [ChatTransport] onmessage triggered, has currentResponseHandler: true @ webpack-internal:///(app-pages-browser)/./lib/chat-transport.ts:41
[  156586ms] [LOG] [ChatTransport] responseHandler called, data: {"type":"delta","content":" -","error":null,"message_id":"14c8664e-0d7a-487a-8967-a6e5848eb3ee","conversation_id":null,"itinerary":null,"stage":null} @ webpack-internal:///(app-pages-browser)/./lib/chat-transport.ts:137
[  156611ms] [LOG] [ChatTransport] onmessage triggered, has currentResponseHandler: true @ webpack-internal:///(app-pages-browser)/./lib/chat-transport.ts:41
[  156612ms] [LOG] [ChatTransport] responseHandler called, data: {"type":"delta","content":" ","error":null,"message_id":"14c8664e-0d7a-487a-8967-a6e5848eb3ee","conversation_id":null,"itinerary":null,"stage":null} @ webpack-internal:///(app-pages-browser)/./lib/chat-transport.ts:137
[  156681ms] [LOG] [ChatTransport] onmessage triggered, has currentResponseHandler: true @ webpack-internal:///(app-pages-browser)/./lib/chat-transport.ts:41
[  156681ms] [LOG] [ChatTransport] responseHandler called, data: {"type":"delta","content":"抹","error":null,"message_id":"14c8664e-0d7a-487a-8967-a6e5848eb3ee","conversation_id":null,"itinerary":null,"stage":null} @ webpack-internal:///(app-pages-browser)/./lib/chat-transport.ts:137
[  156700ms] [LOG] [ChatTransport] onmessage triggered, has currentResponseHandler: true @ webpack-internal:///(app-pages-browser)/./lib/chat-transport.ts:41
[  156700ms] [LOG] [ChatTransport] responseHandler called, data: {"type":"delta","content":"茶","error":null,"message_id":"14c8664e-0d7a-487a-8967-a6e5848eb3ee","conversation_id":null,"itinerary":null,"stage":null} @ webpack-internal:///(app-pages-browser)/./lib/chat-transport.ts:137
[  156721ms] [LOG] [ChatTransport] onmessage triggered, has currentResponseHandler: true @ webpack-internal:///(app-pages-browser)/./lib/chat-transport.ts:41
[  156721ms] [LOG] [ChatTransport] responseHandler called, data: {"type":"delta","content":"甜","error":null,"message_id":"14c8664e-0d7a-487a-8967-a6e5848eb3ee","conversation_id":null,"itinerary":null,"stage":null} @ webpack-internal:///(app-pages-browser)/./lib/chat-transport.ts:137
[  156781ms] [LOG] [ChatTransport] onmessage triggered, has currentResponseHandler: true @ webpack-internal:///(app-pages-browser)/./lib/chat-transport.ts:41
[  156781ms] [LOG] [ChatTransport] responseHandler called, data: {"type":"delta","content":"点","error":null,"message_id":"14c8664e-0d7a-487a-8967-a6e5848eb3ee","conversation_id":null,"itinerary":null,"stage":null} @ webpack-internal:///(app-pages-browser)/./lib/chat-transport.ts:137
[  156783ms] [LOG] [ChatTransport] onmessage triggered, has currentResponseHandler: true @ webpack-internal:///(app-pages-browser)/./lib/chat-transport.ts:41
[  156783ms] [LOG] [ChatTransport] responseHandler called, data: {"type":"delta","content":"、","error":null,"message_id":"14c8664e-0d7a-487a-8967-a6e5848eb3ee","conversation_id":null,"itinerary":null,"stage":null} @ webpack-internal:///(app-pages-browser)/./lib/chat-transport.ts:137
[  156829ms] [LOG] [ChatTransport] onmessage triggered, has currentResponseHandler: true @ webpack-internal:///(app-pages-browser)/./lib/chat-transport.ts:41
[  156829ms] [LOG] [ChatTransport] responseHandler called, data: {"type":"delta","content":"和","error":null,"message_id":"14c8664e-0d7a-487a-8967-a6e5848eb3ee","conversation_id":null,"itinerary":null,"stage":null} @ webpack-internal:///(app-pages-browser)/./lib/chat-transport.ts:137
[  156831ms] [LOG] [ChatTransport] onmessage triggered, has currentResponseHandler: true @ webpack-internal:///(app-pages-browser)/./lib/chat-transport.ts:41
[  156832ms] [LOG] [ChatTransport] responseHandler called, data: {"type":"delta","content":"果子","error":null,"message_id":"14c8664e-0d7a-487a-8967-a6e5848eb3ee","conversation_id":null,"itinerary":null,"stage":null} @ webpack-internal:///(app-pages-browser)/./lib/chat-transport.ts:137
[  156916ms] [LOG] [ChatTransport] onmessage triggered, has currentResponseHandler: true @ webpack-internal:///(app-pages-browser)/./lib/chat-transport.ts:41
[  156917ms] [LOG] [ChatTransport] responseHandler called, data: {"type":"delta","content":"等","error":null,"message_id":"14c8664e-0d7a-487a-8967-a6e5848eb3ee","conversation_id":null,"itinerary":null,"stage":null} @ webpack-internal:///(app-pages-browser)/./lib/chat-transport.ts:137
[  156917ms] [LOG] [ChatTransport] onmessage triggered, has currentResponseHandler: true @ webpack-internal:///(app-pages-browser)/./lib/chat-transport.ts:41
[  156917ms] [LOG] [ChatTransport] responseHandler called, data: {"type":"delta","content":"\n\n","error":null,"message_id":"14c8664e-0d7a-487a-8967-a6e5848eb3ee","conversation_id":null,"itinerary":null,"stage":null} @ webpack-internal:///(app-pages-browser)/./lib/chat-transport.ts:137
[  156955ms] [LOG] [ChatTransport] onmessage triggered, has currentResponseHandler: true @ webpack-internal:///(app-pages-browser)/./lib/chat-transport.ts:41
[  156955ms] [LOG] [ChatTransport] responseHandler called, data: {"type":"delta","content":"**","error":null,"message_id":"14c8664e-0d7a-487a-8967-a6e5848eb3ee","conversation_id":null,"itinerary":null,"stage":null} @ webpack-internal:///(app-pages-browser)/./lib/chat-transport.ts:137
[  156961ms] [LOG] [ChatTransport] onmessage triggered, has currentResponseHandler: true @ webpack-internal:///(app-pages-browser)/./lib/chat-transport.ts:41
[  156961ms] [LOG] [ChatTransport] responseHandler called, data: {"type":"delta","content":"特色","error":null,"message_id":"14c8664e-0d7a-487a-8967-a6e5848eb3ee","conversation_id":null,"itinerary":null,"stage":null} @ webpack-internal:///(app-pages-browser)/./lib/chat-transport.ts:137
[  157012ms] [LOG] [ChatTransport] onmessage triggered, has currentResponseHandler: true @ webpack-internal:///(app-pages-browser)/./lib/chat-transport.ts:41
[  157012ms] [LOG] [ChatTransport] responseHandler called, data: {"type":"delta","content":"区域","error":null,"message_id":"14c8664e-0d7a-487a-8967-a6e5848eb3ee","conversation_id":null,"itinerary":null,"stage":null} @ webpack-internal:///(app-pages-browser)/./lib/chat-transport.ts:137
[  157019ms] [LOG] [ChatTransport] onmessage triggered, has currentResponseHandler: true @ webpack-internal:///(app-pages-browser)/./lib/chat-transport.ts:41
[  157020ms] [LOG] [ChatTransport] responseHandler called, data: {"type":"delta","content":"：","error":null,"message_id":"14c8664e-0d7a-487a-8967-a6e5848eb3ee","conversation_id":null,"itinerary":null,"stage":null} @ webpack-internal:///(app-pages-browser)/./lib/chat-transport.ts:137
[  157140ms] [LOG] [ChatTransport] onmessage triggered, has currentResponseHandler: true @ webpack-internal:///(app-pages-browser)/./lib/chat-transport.ts:41
[  157140ms] [LOG] [ChatTransport] responseHandler called, data: {"type":"delta","content":"**\n","error":null,"message_id":"14c8664e-0d7a-487a-8967-a6e5848eb3ee","conversation_id":null,"itinerary":null,"stage":null} @ webpack-internal:///(app-pages-browser)/./lib/chat-transport.ts:137
[  157154ms] [LOG] [ChatTransport] onmessage triggered, has currentResponseHandler: true @ webpack-internal:///(app-pages-browser)/./lib/chat-transport.ts:41
[  157154ms] [LOG] [ChatTransport] responseHandler called, data: {"type":"delta","content":"-","error":null,"message_id":"14c8664e-0d7a-487a-8967-a6e5848eb3ee","conversation_id":null,"itinerary":null,"stage":null} @ webpack-internal:///(app-pages-browser)/./lib/chat-transport.ts:137
[  157169ms] [LOG] [ChatTransport] onmessage triggered, has currentResponseHandler: true @ webpack-internal:///(app-pages-browser)/./lib/chat-transport.ts:41
[  157169ms] [LOG] [ChatTransport] responseHandler called, data: {"type":"delta","content":" **","error":null,"message_id":"14c8664e-0d7a-487a-8967-a6e5848eb3ee","conversation_id":null,"itinerary":null,"stage":null} @ webpack-internal:///(app-pages-browser)/./lib/chat-transport.ts:137
[  157170ms] [LOG] [ChatTransport] onmessage triggered, has currentResponseHandler: true @ webpack-internal:///(app-pages-browser)/./lib/chat-transport.ts:41
[  157170ms] [LOG] [ChatTransport] responseHandler called, data: {"type":"delta","content":"银","error":null,"message_id":"14c8664e-0d7a-487a-8967-a6e5848eb3ee","conversation_id":null,"itinerary":null,"stage":null} @ webpack-internal:///(app-pages-browser)/./lib/chat-transport.ts:137
[  157195ms] [LOG] [ChatTransport] onmessage triggered, has currentResponseHandler: true @ webpack-internal:///(app-pages-browser)/./lib/chat-transport.ts:41
[  157196ms] [LOG] [ChatTransport] responseHandler called, data: {"type":"delta","content":"座","error":null,"message_id":"14c8664e-0d7a-487a-8967-a6e5848eb3ee","conversation_id":null,"itinerary":null,"stage":null} @ webpack-internal:///(app-pages-browser)/./lib/chat-transport.ts:137
[  157196ms] [LOG] [ChatTransport] onmessage triggered, has currentResponseHandler: true @ webpack-internal:///(app-pages-browser)/./lib/chat-transport.ts:41
[  157196ms] [LOG] [ChatTransport] responseHandler called, data: {"type":"delta","content":"**","error":null,"message_id":"14c8664e-0d7a-487a-8967-a6e5848eb3ee","conversation_id":null,"itinerary":null,"stage":null} @ webpack-internal:///(app-pages-browser)/./lib/chat-transport.ts:137
[  157301ms] [LOG] [ChatTransport] onmessage triggered, has currentResponseHandler: true @ webpack-internal:///(app-pages-browser)/./lib/chat-transport.ts:41
[  157301ms] [LOG] [ChatTransport] responseHandler called, data: {"type":"delta","content":"：","error":null,"message_id":"14c8664e-0d7a-487a-8967-a6e5848eb3ee","conversation_id":null,"itinerary":null,"stage":null} @ webpack-internal:///(app-pages-browser)/./lib/chat-transport.ts:137
[  157325ms] [LOG] [ChatTransport] onmessage triggered, has currentResponseHandler: true @ webpack-internal:///(app-pages-browser)/./lib/chat-transport.ts:41
[  157325ms] [LOG] [ChatTransport] responseHandler called, data: {"type":"delta","content":"高级","error":null,"message_id":"14c8664e-0d7a-487a-8967-a6e5848eb3ee","conversation_id":null,"itinerary":null,"stage":null} @ webpack-internal:///(app-pages-browser)/./lib/chat-transport.ts:137
[  157354ms] [LOG] [ChatTransport] onmessage triggered, has currentResponseHandler: true @ webpack-internal:///(app-pages-browser)/./lib/chat-transport.ts:41
[  157354ms] [LOG] [ChatTransport] responseHandler called, data: {"type":"delta","content":"餐厅","error":null,"message_id":"14c8664e-0d7a-487a-8967-a6e5848eb3ee","conversation_id":null,"itinerary":null,"stage":null} @ webpack-internal:///(app-pages-browser)/./lib/chat-transport.ts:137
[  157422ms] [LOG] [ChatTransport] onmessage triggered, has currentResponseHandler: true @ webpack-internal:///(app-pages-browser)/./lib/chat-transport.ts:41
[  157422ms] [LOG] [ChatTransport] responseHandler called, data: {"type":"delta","content":"和","error":null,"message_id":"14c8664e-0d7a-487a-8967-a6e5848eb3ee","conversation_id":null,"itinerary":null,"stage":null} @ webpack-internal:///(app-pages-browser)/./lib/chat-transport.ts:137
[  157423ms] [LOG] [ChatTransport] onmessage triggered, has currentResponseHandler: true @ webpack-internal:///(app-pages-browser)/./lib/chat-transport.ts:41
[  157423ms] [LOG] [ChatTransport] responseHandler called, data: {"type":"delta","content":"米","error":null,"message_id":"14c8664e-0d7a-487a-8967-a6e5848eb3ee","conversation_id":null,"itinerary":null,"stage":null} @ webpack-internal:///(app-pages-browser)/./lib/chat-transport.ts:137
[  157453ms] [LOG] [ChatTransport] onmessage triggered, has currentResponseHandler: true @ webpack-internal:///(app-pages-browser)/./lib/chat-transport.ts:41
[  157453ms] [LOG] [ChatTransport] responseHandler called, data: {"type":"delta","content":"其","error":null,"message_id":"14c8664e-0d7a-487a-8967-a6e5848eb3ee","conversation_id":null,"itinerary":null,"stage":null} @ webpack-internal:///(app-pages-browser)/./lib/chat-transport.ts:137
[  157454ms] [LOG] [ChatTransport] onmessage triggered, has currentResponseHandler: true @ webpack-internal:///(app-pages-browser)/./lib/chat-transport.ts:41
[  157454ms] [LOG] [ChatTransport] responseHandler called, data: {"type":"delta","content":"林","error":null,"message_id":"14c8664e-0d7a-487a-8967-a6e5848eb3ee","conversation_id":null,"itinerary":null,"stage":null} @ webpack-internal:///(app-pages-browser)/./lib/chat-transport.ts:137
[  157529ms] [LOG] [ChatTransport] onmessage triggered, has currentResponseHandler: true @ webpack-internal:///(app-pages-browser)/./lib/chat-transport.ts:41
[  157530ms] [LOG] [ChatTransport] responseHandler called, data: {"type":"delta","content":"星级","error":null,"message_id":"14c8664e-0d7a-487a-8967-a6e5848eb3ee","conversation_id":null,"itinerary":null,"stage":null} @ webpack-internal:///(app-pages-browser)/./lib/chat-transport.ts:137
[  157530ms] [LOG] [ChatTransport] onmessage triggered, has currentResponseHandler: true @ webpack-internal:///(app-pages-browser)/./lib/chat-transport.ts:41
[  157530ms] [LOG] [ChatTransport] responseHandler called, data: {"type":"delta","content":"餐厅","error":null,"message_id":"14c8664e-0d7a-487a-8967-a6e5848eb3ee","conversation_id":null,"itinerary":null,"stage":null} @ webpack-internal:///(app-pages-browser)/./lib/chat-transport.ts:137
[  157598ms] [LOG] [ChatTransport] onmessage triggered, has currentResponseHandler: true @ webpack-internal:///(app-pages-browser)/./lib/chat-transport.ts:41
[  157599ms] [LOG] [ChatTransport] responseHandler called, data: {"type":"delta","content":"集中","error":null,"message_id":"14c8664e-0d7a-487a-8967-a6e5848eb3ee","conversation_id":null,"itinerary":null,"stage":null} @ webpack-internal:///(app-pages-browser)/./lib/chat-transport.ts:137
[  157653ms] [LOG] [ChatTransport] onmessage triggered, has currentResponseHandler: true @ webpack-internal:///(app-pages-browser)/./lib/chat-transport.ts:41
[  157653ms] [LOG] [ChatTransport] responseHandler called, data: {"type":"delta","content":"地","error":null,"message_id":"14c8664e-0d7a-487a-8967-a6e5848eb3ee","conversation_id":null,"itinerary":null,"stage":null} @ webpack-internal:///(app-pages-browser)/./lib/chat-transport.ts:137
[  157675ms] [LOG] [ChatTransport] onmessage triggered, has currentResponseHandler: true @ webpack-internal:///(app-pages-browser)/./lib/chat-transport.ts:41
[  157675ms] [LOG] [ChatTransport] responseHandler called, data: {"type":"delta","content":"\n","error":null,"message_id":"14c8664e-0d7a-487a-8967-a6e5848eb3ee","conversation_id":null,"itinerary":null,"stage":null} @ webpack-internal:///(app-pages-browser)/./lib/chat-transport.ts:137
[  157708ms] [LOG] [ChatTransport] onmessage triggered, has currentResponseHandler: true @ webpack-internal:///(app-pages-browser)/./lib/chat-transport.ts:41
[  157709ms] [LOG] [ChatTransport] responseHandler called, data: {"type":"delta","content":"-","error":null,"message_id":"14c8664e-0d7a-487a-8967-a6e5848eb3ee","conversation_id":null,"itinerary":null,"stage":null} @ webpack-internal:///(app-pages-browser)/./lib/chat-transport.ts:137
[  157709ms] [LOG] [ChatTransport] onmessage triggered, has currentResponseHandler: true @ webpack-internal:///(app-pages-browser)/./lib/chat-transport.ts:41
[  157709ms] [LOG] [ChatTransport] responseHandler called, data: {"type":"delta","content":" **","error":null,"message_id":"14c8664e-0d7a-487a-8967-a6e5848eb3ee","conversation_id":null,"itinerary":null,"stage":null} @ webpack-internal:///(app-pages-browser)/./lib/chat-transport.ts:137
[  157772ms] [LOG] [ChatTransport] onmessage triggered, has currentResponseHandler: true @ webpack-internal:///(app-pages-browser)/./lib/chat-transport.ts:41
[  157772ms] [LOG] [ChatTransport] responseHandler called, data: {"type":"delta","content":"涩","error":null,"message_id":"14c8664e-0d7a-487a-8967-a6e5848eb3ee","conversation_id":null,"itinerary":null,"stage":null} @ webpack-internal:///(app-pages-browser)/./lib/chat-transport.ts:137
[  157843ms] [LOG] [ChatTransport] onmessage triggered, has currentResponseHandler: true @ webpack-internal:///(app-pages-browser)/./lib/chat-transport.ts:41
[  157843ms] [LOG] [ChatTransport] responseHandler called, data: {"type":"delta","content":"谷","error":null,"message_id":"14c8664e-0d7a-487a-8967-a6e5848eb3ee","conversation_id":null,"itinerary":null,"stage":null} @ webpack-internal:///(app-pages-browser)/./lib/chat-transport.ts:137
[  157844ms] [LOG] [ChatTransport] onmessage triggered, has currentResponseHandler: true @ webpack-internal:///(app-pages-browser)/./lib/chat-transport.ts:41
[  157844ms] [LOG] [ChatTransport] responseHandler called, data: {"type":"delta","content":"/","error":null,"message_id":"14c8664e-0d7a-487a-8967-a6e5848eb3ee","conversation_id":null,"itinerary":null,"stage":null} @ webpack-internal:///(app-pages-browser)/./lib/chat-transport.ts:137
[  157901ms] [LOG] [ChatTransport] onmessage triggered, has currentResponseHandler: true @ webpack-internal:///(app-pages-browser)/./lib/chat-transport.ts:41
[  157901ms] [LOG] [ChatTransport] responseHandler called, data: {"type":"delta","content":"原","error":null,"message_id":"14c8664e-0d7a-487a-8967-a6e5848eb3ee","conversation_id":null,"itinerary":null,"stage":null} @ webpack-internal:///(app-pages-browser)/./lib/chat-transport.ts:137
[  157962ms] [LOG] [ChatTransport] onmessage triggered, has currentResponseHandler: true @ webpack-internal:///(app-pages-browser)/./lib/chat-transport.ts:41
[  157962ms] [LOG] [ChatTransport] responseHandler called, data: {"type":"delta","content":"宿","error":null,"message_id":"14c8664e-0d7a-487a-8967-a6e5848eb3ee","conversation_id":null,"itinerary":null,"stage":null} @ webpack-internal:///(app-pages-browser)/./lib/chat-transport.ts:137
[  157962ms] [LOG] [ChatTransport] onmessage triggered, has currentResponseHandler: true @ webpack-internal:///(app-pages-browser)/./lib/chat-transport.ts:41
[  157963ms] [LOG] [ChatTransport] responseHandler called, data: {"type":"delta","content":"**","error":null,"message_id":"14c8664e-0d7a-487a-8967-a6e5848eb3ee","conversation_id":null,"itinerary":null,"stage":null} @ webpack-internal:///(app-pages-browser)/./lib/chat-transport.ts:137
[  158238ms] [LOG] [ChatTransport] onmessage triggered, has currentResponseHandler: true @ webpack-internal:///(app-pages-browser)/./lib/chat-transport.ts:41
[  158238ms] [LOG] [ChatTransport] responseHandler called, data: {"type":"delta","content":"：","error":null,"message_id":"14c8664e-0d7a-487a-8967-a6e5848eb3ee","conversation_id":null,"itinerary":null,"stage":null} @ webpack-internal:///(app-pages-browser)/./lib/chat-transport.ts:137
[  158239ms] [LOG] [ChatTransport] onmessage triggered, has currentResponseHandler: true @ webpack-internal:///(app-pages-browser)/./lib/chat-transport.ts:41
[  158239ms] [LOG] [ChatTransport] responseHandler called, data: {"type":"delta","content":"年轻","error":null,"message_id":"14c8664e-0d7a-487a-8967-a6e5848eb3ee","conversation_id":null,"itinerary":null,"stage":null} @ webpack-internal:///(app-pages-browser)/./lib/chat-transport.ts:137
[  158257ms] [LOG] [ChatTransport] onmessage triggered, has currentResponseHandler: true @ webpack-internal:///(app-pages-browser)/./lib/chat-transport.ts:41
[  158257ms] [LOG] [ChatTransport] responseHandler called, data: {"type":"delta","content":"时尚","error":null,"message_id":"14c8664e-0d7a-487a-8967-a6e5848eb3ee","conversation_id":null,"itinerary":null,"stage":null} @ webpack-internal:///(app-pages-browser)/./lib/chat-transport.ts:137
[  158259ms] [LOG] [ChatTransport] onmessage triggered, has currentResponseHandler: true @ webpack-internal:///(app-pages-browser)/./lib/chat-transport.ts:41
[  158259ms] [LOG] [ChatTransport] responseHandler called, data: {"type":"delta","content":"的","error":null,"message_id":"14c8664e-0d7a-487a-8967-a6e5848eb3ee","conversation_id":null,"itinerary":null,"stage":null} @ webpack-internal:///(app-pages-browser)/./lib/chat-transport.ts:137
[  158260ms] [LOG] [ChatTransport] onmessage triggered, has currentResponseHandler: true @ webpack-internal:///(app-pages-browser)/./lib/chat-transport.ts:41
[  158260ms] [LOG] [ChatTransport] responseHandler called, data: {"type":"delta","content":"餐厅","error":null,"message_id":"14c8664e-0d7a-487a-8967-a6e5848eb3ee","conversation_id":null,"itinerary":null,"stage":null} @ webpack-internal:///(app-pages-browser)/./lib/chat-transport.ts:137
[  158260ms] [LOG] [ChatTransport] onmessage triggered, has currentResponseHandler: true @ webpack-internal:///(app-pages-browser)/./lib/chat-transport.ts:41
[  158260ms] [LOG] [ChatTransport] responseHandler called, data: {"type":"delta","content":"和","error":null,"message_id":"14c8664e-0d7a-487a-8967-a6e5848eb3ee","conversation_id":null,"itinerary":null,"stage":null} @ webpack-internal:///(app-pages-browser)/./lib/chat-transport.ts:137
[  158260ms] [LOG] [ChatTransport] onmessage triggered, has currentResponseHandler: true @ webpack-internal:///(app-pages-browser)/./lib/chat-transport.ts:41
[  158261ms] [LOG] [ChatTransport] responseHandler called, data: {"type":"delta","content":"咖啡馆","error":null,"message_id":"14c8664e-0d7a-487a-8967-a6e5848eb3ee","conversation_id":null,"itinerary":null,"stage":null} @ webpack-internal:///(app-pages-browser)/./lib/chat-transport.ts:137
[  158283ms] [LOG] [ChatTransport] onmessage triggered, has currentResponseHandler: true @ webpack-internal:///(app-pages-browser)/./lib/chat-transport.ts:41
[  158283ms] [LOG] [ChatTransport] responseHandler called, data: {"type":"delta","content":"\n","error":null,"message_id":"14c8664e-0d7a-487a-8967-a6e5848eb3ee","conversation_id":null,"itinerary":null,"stage":null} @ webpack-internal:///(app-pages-browser)/./lib/chat-transport.ts:137
[  158311ms] [LOG] [ChatTransport] onmessage triggered, has currentResponseHandler: true @ webpack-internal:///(app-pages-browser)/./lib/chat-transport.ts:41
[  158311ms] [LOG] [ChatTransport] responseHandler called, data: {"type":"delta","content":"-","error":null,"message_id":"14c8664e-0d7a-487a-8967-a6e5848eb3ee","conversation_id":null,"itinerary":null,"stage":null} @ webpack-internal:///(app-pages-browser)/./lib/chat-transport.ts:137
[  158339ms] [LOG] [ChatTransport] onmessage triggered, has currentResponseHandler: true @ webpack-internal:///(app-pages-browser)/./lib/chat-transport.ts:41
[  158339ms] [LOG] [ChatTransport] responseHandler called, data: {"type":"delta","content":" **","error":null,"message_id":"14c8664e-0d7a-487a-8967-a6e5848eb3ee","conversation_id":null,"itinerary":null,"stage":null} @ webpack-internal:///(app-pages-browser)/./lib/chat-transport.ts:137
[  158339ms] [LOG] [ChatTransport] onmessage triggered, has currentResponseHandler: true @ webpack-internal:///(app-pages-browser)/./lib/chat-transport.ts:41
[  158339ms] [LOG] [ChatTransport] responseHandler called, data: {"type":"delta","content":"浅","error":null,"message_id":"14c8664e-0d7a-487a-8967-a6e5848eb3ee","conversation_id":null,"itinerary":null,"stage":null} @ webpack-internal:///(app-pages-browser)/./lib/chat-transport.ts:137
[  158386ms] [LOG] [ChatTransport] onmessage triggered, has currentResponseHandler: true @ webpack-internal:///(app-pages-browser)/./lib/chat-transport.ts:41
[  158386ms] [LOG] [ChatTransport] responseHandler called, data: {"type":"delta","content":"草","error":null,"message_id":"14c8664e-0d7a-487a-8967-a6e5848eb3ee","conversation_id":null,"itinerary":null,"stage":null} @ webpack-internal:///(app-pages-browser)/./lib/chat-transport.ts:137
[  158413ms] [LOG] [ChatTransport] onmessage triggered, has currentResponseHandler: true @ webpack-internal:///(app-pages-browser)/./lib/chat-transport.ts:41
[  158413ms] [LOG] [ChatTransport] responseHandler called, data: {"type":"delta","content":"**","error":null,"message_id":"14c8664e-0d7a-487a-8967-a6e5848eb3ee","conversation_id":null,"itinerary":null,"stage":null} @ webpack-internal:///(app-pages-browser)/./lib/chat-transport.ts:137
[  158449ms] [LOG] [ChatTransport] onmessage triggered, has currentResponseHandler: true @ webpack-internal:///(app-pages-browser)/./lib/chat-transport.ts:41
[  158449ms] [LOG] [ChatTransport] responseHandler called, data: {"type":"delta","content":"：","error":null,"message_id":"14c8664e-0d7a-487a-8967-a6e5848eb3ee","conversation_id":null,"itinerary":null,"stage":null} @ webpack-internal:///(app-pages-browser)/./lib/chat-transport.ts:137
[  158469ms] [LOG] [ChatTransport] onmessage triggered, has currentResponseHandler: true @ webpack-internal:///(app-pages-browser)/./lib/chat-transport.ts:41
[  158469ms] [LOG] [ChatTransport] responseHandler called, data: {"type":"delta","content":"传统","error":null,"message_id":"14c8664e-0d7a-487a-8967-a6e5848eb3ee","conversation_id":null,"itinerary":null,"stage":null} @ webpack-internal:///(app-pages-browser)/./lib/chat-transport.ts:137
[  158671ms] [LOG] [ChatTransport] onmessage triggered, has currentResponseHandler: true @ webpack-internal:///(app-pages-browser)/./lib/chat-transport.ts:41
[  158672ms] [LOG] [ChatTransport] responseHandler called, data: {"type":"delta","content":"日","error":null,"message_id":"14c8664e-0d7a-487a-8967-a6e5848eb3ee","conversation_id":null,"itinerary":null,"stage":null} @ webpack-internal:///(app-pages-browser)/./lib/chat-transport.ts:137
[  158688ms] [LOG] [ChatTransport] onmessage triggered, has currentResponseHandler: true @ webpack-internal:///(app-pages-browser)/./lib/chat-transport.ts:41
[  158689ms] [LOG] [ChatTransport] responseHandler called, data: {"type":"delta","content":"式","error":null,"message_id":"14c8664e-0d7a-487a-8967-a6e5848eb3ee","conversation_id":null,"itinerary":null,"stage":null} @ webpack-internal:///(app-pages-browser)/./lib/chat-transport.ts:137
[  158689ms] [LOG] [ChatTransport] onmessage triggered, has currentResponseHandler: true @ webpack-internal:///(app-pages-browser)/./lib/chat-transport.ts:41
[  158689ms] [LOG] [ChatTransport] responseHandler called, data: {"type":"delta","content":"料理","error":null,"message_id":"14c8664e-0d7a-487a-8967-a6e5848eb3ee","conversation_id":null,"itinerary":null,"stage":null} @ webpack-internal:///(app-pages-browser)/./lib/chat-transport.ts:137
[  158690ms] [LOG] [ChatTransport] onmessage triggered, has currentResponseHandler: true @ webpack-internal:///(app-pages-browser)/./lib/chat-transport.ts:41
[  158690ms] [LOG] [ChatTransport] responseHandler called, data: {"type":"delta","content":"和","error":null,"message_id":"14c8664e-0d7a-487a-8967-a6e5848eb3ee","conversation_id":null,"itinerary":null,"stage":null} @ webpack-internal:///(app-pages-browser)/./lib/chat-transport.ts:137
[  158690ms] [LOG] [ChatTransport] onmessage triggered, has currentResponseHandler: true @ webpack-internal:///(app-pages-browser)/./lib/chat-transport.ts:41
[  158691ms] [LOG] [ChatTransport] responseHandler called, data: {"type":"delta","content":"街头","error":null,"message_id":"14c8664e-0d7a-487a-8967-a6e5848eb3ee","conversation_id":null,"itinerary":null,"stage":null} @ webpack-internal:///(app-pages-browser)/./lib/chat-transport.ts:137
[  158713ms] [LOG] [ChatTransport] onmessage triggered, has currentResponseHandler: true @ webpack-internal:///(app-pages-browser)/./lib/chat-transport.ts:41
[  158713ms] [LOG] [ChatTransport] responseHandler called, data: {"type":"delta","content":"小吃","error":null,"message_id":"14c8664e-0d7a-487a-8967-a6e5848eb3ee","conversation_id":null,"itinerary":null,"stage":null} @ webpack-internal:///(app-pages-browser)/./lib/chat-transport.ts:137
[  158736ms] [LOG] [ChatTransport] onmessage triggered, has currentResponseHandler: true @ webpack-internal:///(app-pages-browser)/./lib/chat-transport.ts:41
[  158736ms] [LOG] [ChatTransport] responseHandler called, data: {"type":"delta","content":"\n","error":null,"message_id":"14c8664e-0d7a-487a-8967-a6e5848eb3ee","conversation_id":null,"itinerary":null,"stage":null} @ webpack-internal:///(app-pages-browser)/./lib/chat-transport.ts:137
[  158764ms] [LOG] [ChatTransport] onmessage triggered, has currentResponseHandler: true @ webpack-internal:///(app-pages-browser)/./lib/chat-transport.ts:41
[  158765ms] [LOG] [ChatTransport] responseHandler called, data: {"type":"delta","content":"-","error":null,"message_id":"14c8664e-0d7a-487a-8967-a6e5848eb3ee","conversation_id":null,"itinerary":null,"stage":null} @ webpack-internal:///(app-pages-browser)/./lib/chat-transport.ts:137
[  158787ms] [LOG] [ChatTransport] onmessage triggered, has currentResponseHandler: true @ webpack-internal:///(app-pages-browser)/./lib/chat-transport.ts:41
[  158787ms] [LOG] [ChatTransport] responseHandler called, data: {"type":"delta","content":" **","error":null,"message_id":"14c8664e-0d7a-487a-8967-a6e5848eb3ee","conversation_id":null,"itinerary":null,"stage":null} @ webpack-internal:///(app-pages-browser)/./lib/chat-transport.ts:137
[  158821ms] [LOG] [ChatTransport] onmessage triggered, has currentResponseHandler: true @ webpack-internal:///(app-pages-browser)/./lib/chat-transport.ts:41
[  158821ms] [LOG] [ChatTransport] responseHandler called, data: {"type":"delta","content":"新","error":null,"message_id":"14c8664e-0d7a-487a-8967-a6e5848eb3ee","conversation_id":null,"itinerary":null,"stage":null} @ webpack-internal:///(app-pages-browser)/./lib/chat-transport.ts:137
[  158847ms] [LOG] [ChatTransport] onmessage triggered, has currentResponseHandler: true @ webpack-internal:///(app-pages-browser)/./lib/chat-transport.ts:41
[  158847ms] [LOG] [ChatTransport] responseHandler called, data: {"type":"delta","content":"宿","error":null,"message_id":"14c8664e-0d7a-487a-8967-a6e5848eb3ee","conversation_id":null,"itinerary":null,"stage":null} @ webpack-internal:///(app-pages-browser)/./lib/chat-transport.ts:137
[  158888ms] [LOG] [ChatTransport] onmessage triggered, has currentResponseHandler: true @ webpack-internal:///(app-pages-browser)/./lib/chat-transport.ts:41
[  158889ms] [LOG] [ChatTransport] responseHandler called, data: {"type":"delta","content":"**","error":null,"message_id":"14c8664e-0d7a-487a-8967-a6e5848eb3ee","conversation_id":null,"itinerary":null,"stage":null} @ webpack-internal:///(app-pages-browser)/./lib/chat-transport.ts:137
[  158899ms] [LOG] [ChatTransport] onmessage triggered, has currentResponseHandler: true @ webpack-internal:///(app-pages-browser)/./lib/chat-transport.ts:41
[  158899ms] [LOG] [ChatTransport] responseHandler called, data: {"type":"delta","content":"：","error":null,"message_id":"14c8664e-0d7a-487a-8967-a6e5848eb3ee","conversation_id":null,"itinerary":null,"stage":null} @ webpack-internal:///(app-pages-browser)/./lib/chat-transport.ts:137
[  158968ms] [LOG] [ChatTransport] onmessage triggered, has currentResponseHandler: true @ webpack-internal:///(app-pages-browser)/./lib/chat-transport.ts:41
[  158968ms] [LOG] [ChatTransport] responseHandler called, data: {"type":"delta","content":"从","error":null,"message_id":"14c8664e-0d7a-487a-8967-a6e5848eb3ee","conversation_id":null,"itinerary":null,"stage":null} @ webpack-internal:///(app-pages-browser)/./lib/chat-transport.ts:137
[  158968ms] [LOG] [ChatTransport] onmessage triggered, has currentResponseHandler: true @ webpack-internal:///(app-pages-browser)/./lib/chat-transport.ts:41
[  158969ms] [LOG] [ChatTransport] responseHandler called, data: {"type":"delta","content":"平价","error":null,"message_id":"14c8664e-0d7a-487a-8967-a6e5848eb3ee","conversation_id":null,"itinerary":null,"stage":null} @ webpack-internal:///(app-pages-browser)/./lib/chat-transport.ts:137
[  159020ms] [LOG] [ChatTransport] onmessage triggered, has currentResponseHandler: true @ webpack-internal:///(app-pages-browser)/./lib/chat-transport.ts:41
[  159020ms] [LOG] [ChatTransport] responseHandler called, data: {"type":"delta","content":"到","error":null,"message_id":"14c8664e-0d7a-487a-8967-a6e5848eb3ee","conversation_id":null,"itinerary":null,"stage":null} @ webpack-internal:///(app-pages-browser)/./lib/chat-transport.ts:137
[  159026ms] [LOG] [ChatTransport] onmessage triggered, has currentResponseHandler: true @ webpack-internal:///(app-pages-browser)/./lib/chat-transport.ts:41
[  159026ms] [LOG] [ChatTransport] responseHandler called, data: {"type":"delta","content":"高","error":null,"message_id":"14c8664e-0d7a-487a-8967-a6e5848eb3ee","conversation_id":null,"itinerary":null,"stage":null} @ webpack-internal:///(app-pages-browser)/./lib/chat-transport.ts:137
[  159154ms] [LOG] [ChatTransport] onmessage triggered, has currentResponseHandler: true @ webpack-internal:///(app-pages-browser)/./lib/chat-transport.ts:41
[  159154ms] [LOG] [ChatTransport] responseHandler called, data: {"type":"delta","content":"端的","error":null,"message_id":"14c8664e-0d7a-487a-8967-a6e5848eb3ee","conversation_id":null,"itinerary":null,"stage":null} @ webpack-internal:///(app-pages-browser)/./lib/chat-transport.ts:137
[  159161ms] [LOG] [ChatTransport] onmessage triggered, has currentResponseHandler: true @ webpack-internal:///(app-pages-browser)/./lib/chat-transport.ts:41
[  159161ms] [LOG] [ChatTransport] responseHandler called, data: {"type":"delta","content":"各种","error":null,"message_id":"14c8664e-0d7a-487a-8967-a6e5848eb3ee","conversation_id":null,"itinerary":null,"stage":null} @ webpack-internal:///(app-pages-browser)/./lib/chat-transport.ts:137
[  159162ms] [LOG] [ChatTransport] onmessage triggered, has currentResponseHandler: true @ webpack-internal:///(app-pages-browser)/./lib/chat-transport.ts:41
[  159162ms] [LOG] [ChatTransport] responseHandler called, data: {"type":"delta","content":"选择","error":null,"message_id":"14c8664e-0d7a-487a-8967-a6e5848eb3ee","conversation_id":null,"itinerary":null,"stage":null} @ webpack-internal:///(app-pages-browser)/./lib/chat-transport.ts:137
[  159201ms] [LOG] [ChatTransport] onmessage triggered, has currentResponseHandler: true @ webpack-internal:///(app-pages-browser)/./lib/chat-transport.ts:41
[  159202ms] [LOG] [ChatTransport] responseHandler called, data: {"type":"delta","content":"\n\n","error":null,"message_id":"14c8664e-0d7a-487a-8967-a6e5848eb3ee","conversation_id":null,"itinerary":null,"stage":null} @ webpack-internal:///(app-pages-browser)/./lib/chat-transport.ts:137
[  159209ms] [LOG] [ChatTransport] onmessage triggered, has currentResponseHandler: true @ webpack-internal:///(app-pages-browser)/./lib/chat-transport.ts:41
[  159209ms] [LOG] [ChatTransport] responseHandler called, data: {"type":"delta","content":"您","error":null,"message_id":"14c8664e-0d7a-487a-8967-a6e5848eb3ee","conversation_id":null,"itinerary":null,"stage":null} @ webpack-internal:///(app-pages-browser)/./lib/chat-transport.ts:137
[  159261ms] [LOG] [ChatTransport] onmessage triggered, has currentResponseHandler: true @ webpack-internal:///(app-pages-browser)/./lib/chat-transport.ts:41
[  159262ms] [LOG] [ChatTransport] responseHandler called, data: {"type":"delta","content":"对","error":null,"message_id":"14c8664e-0d7a-487a-8967-a6e5848eb3ee","conversation_id":null,"itinerary":null,"stage":null} @ webpack-internal:///(app-pages-browser)/./lib/chat-transport.ts:137
[  159326ms] [LOG] [ChatTransport] onmessage triggered, has currentResponseHandler: true @ webpack-internal:///(app-pages-browser)/./lib/chat-transport.ts:41
[  159326ms] [LOG] [ChatTransport] responseHandler called, data: {"type":"delta","content":"哪种","error":null,"message_id":"14c8664e-0d7a-487a-8967-a6e5848eb3ee","conversation_id":null,"itinerary":null,"stage":null} @ webpack-internal:///(app-pages-browser)/./lib/chat-transport.ts:137
[  159351ms] [LOG] [ChatTransport] onmessage triggered, has currentResponseHandler: true @ webpack-internal:///(app-pages-browser)/./lib/chat-transport.ts:41
[  159352ms] [LOG] [ChatTransport] responseHandler called, data: {"type":"delta","content":"类型","error":null,"message_id":"14c8664e-0d7a-487a-8967-a6e5848eb3ee","conversation_id":null,"itinerary":null,"stage":null} @ webpack-internal:///(app-pages-browser)/./lib/chat-transport.ts:137
[  159396ms] [LOG] [ChatTransport] onmessage triggered, has currentResponseHandler: true @ webpack-internal:///(app-pages-browser)/./lib/chat-transport.ts:41
[  159397ms] [LOG] [ChatTransport] responseHandler called, data: {"type":"delta","content":"的美食","error":null,"message_id":"14c8664e-0d7a-487a-8967-a6e5848eb3ee","conversation_id":null,"itinerary":null,"stage":null} @ webpack-internal:///(app-pages-browser)/./lib/chat-transport.ts:137
[  159397ms] [LOG] [ChatTransport] onmessage triggered, has currentResponseHandler: true @ webpack-internal:///(app-pages-browser)/./lib/chat-transport.ts:41
[  159397ms] [LOG] [ChatTransport] responseHandler called, data: {"type":"delta","content":"特别","error":null,"message_id":"14c8664e-0d7a-487a-8967-a6e5848eb3ee","conversation_id":null,"itinerary":null,"stage":null} @ webpack-internal:///(app-pages-browser)/./lib/chat-transport.ts:137
[  159452ms] [LOG] [ChatTransport] onmessage triggered, has currentResponseHandler: true @ webpack-internal:///(app-pages-browser)/./lib/chat-transport.ts:41
[  159452ms] [LOG] [ChatTransport] responseHandler called, data: {"type":"delta","content":"感兴趣","error":null,"message_id":"14c8664e-0d7a-487a-8967-a6e5848eb3ee","conversation_id":null,"itinerary":null,"stage":null} @ webpack-internal:///(app-pages-browser)/./lib/chat-transport.ts:137
[  159483ms] [LOG] [ChatTransport] onmessage triggered, has currentResponseHandler: true @ webpack-internal:///(app-pages-browser)/./lib/chat-transport.ts:41
[  159483ms] [LOG] [ChatTransport] responseHandler called, data: {"type":"delta","content":"呢","error":null,"message_id":"14c8664e-0d7a-487a-8967-a6e5848eb3ee","conversation_id":null,"itinerary":null,"stage":null} @ webpack-internal:///(app-pages-browser)/./lib/chat-transport.ts:137
[  159580ms] [LOG] [ChatTransport] onmessage triggered, has currentResponseHandler: true @ webpack-internal:///(app-pages-browser)/./lib/chat-transport.ts:41
[  159580ms] [LOG] [ChatTransport] responseHandler called, data: {"type":"delta","content":"？","error":null,"message_id":"14c8664e-0d7a-487a-8967-a6e5848eb3ee","conversation_id":null,"itinerary":null,"stage":null} @ webpack-internal:///(app-pages-browser)/./lib/chat-transport.ts:137
[  159608ms] [LOG] [ChatTransport] onmessage triggered, has currentResponseHandler: true @ webpack-internal:///(app-pages-browser)/./lib/chat-transport.ts:41
[  159609ms] [LOG] [ChatTransport] responseHandler called, data: {"type":"delta","content":"我可以","error":null,"message_id":"14c8664e-0d7a-487a-8967-a6e5848eb3ee","conversation_id":null,"itinerary":null,"stage":null} @ webpack-internal:///(app-pages-browser)/./lib/chat-transport.ts:137
[  159635ms] [LOG] [ChatTransport] onmessage triggered, has currentResponseHandler: true @ webpack-internal:///(app-pages-browser)/./lib/chat-transport.ts:41
[  159635ms] [LOG] [ChatTransport] responseHandler called, data: {"type":"delta","content":"为您","error":null,"message_id":"14c8664e-0d7a-487a-8967-a6e5848eb3ee","conversation_id":null,"itinerary":null,"stage":null} @ webpack-internal:///(app-pages-browser)/./lib/chat-transport.ts:137
[  159635ms] [LOG] [ChatTransport] onmessage triggered, has currentResponseHandler: true @ webpack-internal:///(app-pages-browser)/./lib/chat-transport.ts:41
[  159636ms] [LOG] [ChatTransport] responseHandler called, data: {"type":"delta","content":"提供","error":null,"message_id":"14c8664e-0d7a-487a-8967-a6e5848eb3ee","conversation_id":null,"itinerary":null,"stage":null} @ webpack-internal:///(app-pages-browser)/./lib/chat-transport.ts:137
[  159705ms] [LOG] [ChatTransport] onmessage triggered, has currentResponseHandler: true @ webpack-internal:///(app-pages-browser)/./lib/chat-transport.ts:41
[  159705ms] [LOG] [ChatTransport] responseHandler called, data: {"type":"delta","content":"更","error":null,"message_id":"14c8664e-0d7a-487a-8967-a6e5848eb3ee","conversation_id":null,"itinerary":null,"stage":null} @ webpack-internal:///(app-pages-browser)/./lib/chat-transport.ts:137
[  159725ms] [LOG] [ChatTransport] onmessage triggered, has currentResponseHandler: true @ webpack-internal:///(app-pages-browser)/./lib/chat-transport.ts:41
[  159725ms] [LOG] [ChatTransport] responseHandler called, data: {"type":"delta","content":"具体的","error":null,"message_id":"14c8664e-0d7a-487a-8967-a6e5848eb3ee","conversation_id":null,"itinerary":null,"stage":null} @ webpack-internal:///(app-pages-browser)/./lib/chat-transport.ts:137
[  159751ms] [LOG] [ChatTransport] onmessage triggered, has currentResponseHandler: true @ webpack-internal:///(app-pages-browser)/./lib/chat-transport.ts:41
[  159752ms] [LOG] [ChatTransport] responseHandler called, data: {"type":"delta","content":"推荐","error":null,"message_id":"14c8664e-0d7a-487a-8967-a6e5848eb3ee","conversation_id":null,"itinerary":null,"stage":null} @ webpack-internal:///(app-pages-browser)/./lib/chat-transport.ts:137
[  159778ms] [LOG] [ChatTransport] onmessage triggered, has currentResponseHandler: true @ webpack-internal:///(app-pages-browser)/./lib/chat-transport.ts:41
[  159778ms] [LOG] [ChatTransport] responseHandler called, data: {"type":"delta","content":"。","error":null,"message_id":"14c8664e-0d7a-487a-8967-a6e5848eb3ee","conversation_id":null,"itinerary":null,"stage":null} @ webpack-internal:///(app-pages-browser)/./lib/chat-transport.ts:137
[  159844ms] [LOG] [ChatTransport] onmessage triggered, has currentResponseHandler: true @ webpack-internal:///(app-pages-browser)/./lib/chat-transport.ts:41
[  159845ms] [LOG] [ChatTransport] responseHandler called, data: {"type":"stage","content":null,"error":null,"message_id":"14c8664e-0d7a-487a-8967-a6e5848eb3ee","conversation_id":null,"itinerary":null,"stage":{"name":"6_LLM","status":"end","label":"✨ 生成回复","message":"正在生成回复内容..."}} @ webpack-internal:///(app-pages-browser)/./lib/chat-transport.ts:137
[  159845ms] [LOG] [ChatTransport] Stage update: {name: 6_LLM, status: end, label: ✨ 生成回复, message: 正在生成回复内容...} @ webpack-internal:///(app-pages-browser)/./lib/chat-transport.ts:147
[  159866ms] [LOG] [ChatTransport] onmessage triggered, has currentResponseHandler: true @ webpack-internal:///(app-pages-browser)/./lib/chat-transport.ts:41
[  159866ms] [LOG] [ChatTransport] responseHandler called, data: {"type":"stage","content":null,"error":null,"message_id":"14c8664e-0d7a-487a-8967-a6e5848eb3ee","conversation_id":null,"itinerary":null,"stage":{"name":"7_CTX_MANAGE","status":"start","label":"📊 上下文管理","message":"正在管理上下文窗口..."}} @ webpack-internal:///(app-pages-browser)/./lib/chat-transport.ts:137
[  159867ms] [LOG] [ChatTransport] Stage update: {name: 7_CTX_MANAGE, status: start, label: 📊 上下文管理, message: 正在管理上下文窗口...} @ webpack-internal:///(app-pages-browser)/./lib/chat-transport.ts:147
[  159884ms] [LOG] [ChatTransport] onmessage triggered, has currentResponseHandler: true @ webpack-internal:///(app-pages-browser)/./lib/chat-transport.ts:41
[  159885ms] [LOG] [ChatTransport] responseHandler called, data: {"type":"stage","content":null,"error":null,"message_id":"14c8664e-0d7a-487a-8967-a6e5848eb3ee","conversation_id":null,"itinerary":null,"stage":{"name":"7_CTX_MANAGE","status":"skip","label":"📊 上下文管理","message":"正在管理上下文窗口..."}} @ webpack-internal:///(app-pages-browser)/./lib/chat-transport.ts:137
[  159885ms] [LOG] [ChatTransport] Stage update: {name: 7_CTX_MANAGE, status: skip, label: 📊 上下文管理, message: 正在管理上下文窗口...} @ webpack-internal:///(app-pages-browser)/./lib/chat-transport.ts:147
[  159885ms] [LOG] [ChatTransport] onmessage triggered, has currentResponseHandler: true @ webpack-internal:///(app-pages-browser)/./lib/chat-transport.ts:41
[  159885ms] [LOG] [ChatTransport] responseHandler called, data: {"type":"stage","content":null,"error":null,"message_id":"14c8664e-0d7a-487a-8967-a6e5848eb3ee","conversation_id":null,"itinerary":null,"stage":{"name":"8_MEMORY","status":"start","label":"💾 记忆更新","message":"正在更新记忆信息..."}} @ webpack-internal:///(app-pages-browser)/./lib/chat-transport.ts:137
[  159885ms] [LOG] [ChatTransport] Stage update: {name: 8_MEMORY, status: start, label: 💾 记忆更新, message: 正在更新记忆信息...} @ webpack-internal:///(app-pages-browser)/./lib/chat-transport.ts:147
[  159886ms] [LOG] [ChatTransport] onmessage triggered, has currentResponseHandler: true @ webpack-internal:///(app-pages-browser)/./lib/chat-transport.ts:41
[  159886ms] [LOG] [ChatTransport] responseHandler called, data: {"type":"stage","content":null,"error":null,"message_id":"14c8664e-0d7a-487a-8967-a6e5848eb3ee","conversation_id":null,"itinerary":null,"stage":{"name":"8_MEMORY","status":"end","label":"💾 记忆更新","message":"正在更新记忆信息..."}} @ webpack-internal:///(app-pages-browser)/./lib/chat-transport.ts:137
[  159886ms] [LOG] [ChatTransport] Stage update: {name: 8_MEMORY, status: end, label: 💾 记忆更新, message: 正在更新记忆信息...} @ webpack-internal:///(app-pages-browser)/./lib/chat-transport.ts:147
[  159886ms] [LOG] [ChatTransport] onmessage triggered, has currentResponseHandler: true @ webpack-internal:///(app-pages-browser)/./lib/chat-transport.ts:41
[  159886ms] [LOG] [ChatTransport] responseHandler called, data: {"type":"done","content":"抱歉，刚才的查询出现了技术问题。让我重新为您查询东京的美食信息。\n\n```json\n{\n  \"location\": \"东京\",\n  \"keywords\": \"餐厅 美食\",\n  \"types\": \"050000\"\n}\n```\n\n东京作为世界闻名的美食之都，有各种各样的美食选择。让我为您介绍一些东京的特色美食：\n\n**传统日料：**\n1. **寿司** - 东京的筑地市场（现丰洲市场）是寿司爱好者的天堂\n2. **拉面** - 东京酱油拉面、沾面等各具特色\n3. **天妇罗** - 炸虾、蔬菜等，外酥里嫩\n4. **鳗鱼饭** - 夏季特别受欢迎的传统美食\n\n**现代美食：**\n1. **和牛烤肉** - 高品质的日本牛肉\n2. **居酒屋料理** - 各种下酒小菜和串烧\n3. **甜品** - 抹茶甜点、和果子等\n\n**特色区域：**\n- **银座**：高级餐厅和米其林星级餐厅集中地\n- **涩谷/原宿**：年轻时尚的餐厅和咖啡馆\n- **浅草**：传统日式料理和街头小吃\n- **新宿**：从平价到高端的各种选择\n\n您对哪种类型的美食特别感兴趣呢？我可以为您提供更具体的推荐。","error":null,"message_id":"14c8664e-0d7a-487a-8967-a6e5848eb3ee","conversation_id":"c9b60305-5275-4c4a-9f83-1d5b93707c97","itinerary":null,"stage":null} @ webpack-internal:///(app-pages-browser)/./lib/chat-transport.ts:137
[  159887ms] [LOG] [ChatTransport] Updated conversation_id: c9b60305-5275-4c4a-9f83-1d5b93707c97 @ webpack-internal:///(app-pages-browser)/./lib/chat-transport.ts:165
