[     564ms] [INFO] %cDownload the React DevTools for a better development experience: https://react.dev/link/react-devtools font-weight:bold @ webpack-internal:///(app-pages-browser)/./node_modules/next/dist/compiled/react-dom/cjs/react-dom-client.development.js:25630
[    1268ms] [LOG] [Auth] Synced user ID to userManager on init: f62f4ec5-1874-4821-97e9-b2c70b35805d @ webpack-internal:///(app-pages-browser)/./lib/store/auth-store.ts:59
[    1300ms] [LOG] [Chat] Store conversation changed: 5d6449b1-fd30-462d-b697-59f82b49f44c @ webpack-internal:///(app-pages-browser)/./app/chat/page.tsx:162
[    1303ms] [WARNING] WebSocket connection to 'ws://localhost:8000/ws/chat' failed: WebSocket is closed before the connection is established. @ webpack-internal:///(app-pages-browser)/./lib/chat-transport.ts:84
[    1306ms] [LOG] [Chat] Store conversation changed: 5d6449b1-fd30-462d-b697-59f82b49f44c @ webpack-internal:///(app-pages-browser)/./app/chat/page.tsx:162
[    1339ms] [ERROR] [ChatTransport] WebSocket error: Event @ webpack-internal:///(app-pages-browser)/./node_modules/next/dist/next-devtools/userspace/app/errors/intercept-console-error.js:56
[    1339ms] [ERROR] Event @ webpack-internal:///(app-pages-browser)/./node_modules/next/dist/next-devtools/userspace/app/errors/intercept-console-error.js:56
[    1340ms] [LOG] [ChatTransport] WebSocket disconnected 1006  @ webpack-internal:///(app-pages-browser)/./lib/chat-transport.ts:63
[    1340ms] [LOG] [ChatTransport] Reconnecting... (1/5) @ webpack-internal:///(app-pages-browser)/./lib/chat-transport.ts:69
[    1362ms] [LOG] [Chat] User initialized: f62f4ec5-1874-4821-97e9-b2c70b35805d @ webpack-internal:///(app-pages-browser)/./app/chat/page.tsx:55
[    1393ms] [LOG] [Chat] User ID set to transport: f62f4ec5-1874-4821-97e9-b2c70b35805d @ webpack-internal:///(app-pages-browser)/./app/chat/page.tsx:98
[    1394ms] [LOG] [Chat] User initialized: f62f4ec5-1874-4821-97e9-b2c70b35805d @ webpack-internal:///(app-pages-browser)/./app/chat/page.tsx:55
[    1619ms] [LOG] [ChatTransport] WebSocket connected @ webpack-internal:///(app-pages-browser)/./lib/chat-transport.ts:29
[    2661ms] [LOG] [ChatTransport] WebSocket connected @ webpack-internal:///(app-pages-browser)/./lib/chat-transport.ts:29
[   36936ms] [LOG] [ChatTransport] sendMessage called, content: 什么是日本签证？ @ webpack-internal:///(app-pages-browser)/./lib/chat-transport.ts:109
[   36936ms] [LOG] [ChatTransport] isConnected: true ws.readyState: 1 @ webpack-internal:///(app-pages-browser)/./lib/chat-transport.ts:110
[   36936ms] [LOG] [ChatTransport] has_image: false @ webpack-internal:///(app-pages-browser)/./lib/chat-transport.ts:111
[   36937ms] [LOG] [ChatTransport] Sending WebSocket message: msg_1776427015228_p8hk1y4 什么是日本签证？ @ webpack-internal:///(app-pages-browser)/./lib/chat-transport.ts:126
[   36937ms] [LOG] [ChatTransport] Setting currentResponseHandler @ webpack-internal:///(app-pages-browser)/./lib/chat-transport.ts:179
[   36937ms] [LOG] [ChatTransport] send() called, isConnected: true readyState: 1 @ webpack-internal:///(app-pages-browser)/./lib/chat-transport.ts:97
[   36937ms] [LOG] [ChatTransport] Sending WebSocket data: {"type":"message","session_id":"session_1776426979596_w36qybf","conversation_id":"5d6449b1-fd30-462d-b697-59f82b49f44c","user_id":"f62f4ec5-1874-4821-97e9-b2c70b35805d","content":"什么是日本签证？","has_image":false} @ webpack-internal:///(app-pages-browser)/./lib/chat-transport.ts:99
[   36980ms] [LOG] [ChatTransport] onmessage triggered, has currentResponseHandler: true @ webpack-internal:///(app-pages-browser)/./lib/chat-transport.ts:41
[   36980ms] [LOG] [ChatTransport] responseHandler called, data: {"type":"stage","content":null,"error":null,"message_id":"f438a9bb-daaa-4770-9a69-93c7f00ba631","conversation_id":null,"itinerary":null,"stage":{"name":"1_INTENT","status":"start","label":"🔍 意图识别","message":"正在分析您的需求..."}} @ webpack-internal:///(app-pages-browser)/./lib/chat-transport.ts:137
[   36981ms] [LOG] [ChatTransport] Stage update: {name: 1_INTENT, status: start, label: 🔍 意图识别, message: 正在分析您的需求...} @ webpack-internal:///(app-pages-browser)/./lib/chat-transport.ts:147
[   40161ms] [LOG] [ChatTransport] onmessage triggered, has currentResponseHandler: true @ webpack-internal:///(app-pages-browser)/./lib/chat-transport.ts:41
[   40161ms] [LOG] [ChatTransport] responseHandler called, data: {"type":"stage","content":null,"error":null,"message_id":"f438a9bb-daaa-4770-9a69-93c7f00ba631","conversation_id":null,"itinerary":null,"stage":{"name":"1_INTENT","status":"end","label":"🔍 意图识别","message":"正在分析您的需求..."}} @ webpack-internal:///(app-pages-browser)/./lib/chat-transport.ts:137
[   40161ms] [LOG] [ChatTransport] Stage update: {name: 1_INTENT, status: end, label: 🔍 意图识别, message: 正在分析您的需求...} @ webpack-internal:///(app-pages-browser)/./lib/chat-transport.ts:147
[   40176ms] [LOG] [ChatTransport] onmessage triggered, has currentResponseHandler: true @ webpack-internal:///(app-pages-browser)/./lib/chat-transport.ts:41
[   40179ms] [LOG] [ChatTransport] responseHandler called, data: {"type":"stage","content":null,"error":null,"message_id":"f438a9bb-daaa-4770-9a69-93c7f00ba631","conversation_id":null,"itinerary":null,"stage":{"name":"2_STORAGE","status":"start","label":"📚 加载历史","message":"正在加载对话历史..."}} @ webpack-internal:///(app-pages-browser)/./lib/chat-transport.ts:137
[   40179ms] [LOG] [ChatTransport] Stage update: {name: 2_STORAGE, status: start, label: 📚 加载历史, message: 正在加载对话历史...} @ webpack-internal:///(app-pages-browser)/./lib/chat-transport.ts:147
[   40216ms] [LOG] [ChatTransport] onmessage triggered, has currentResponseHandler: true @ webpack-internal:///(app-pages-browser)/./lib/chat-transport.ts:41
[   40216ms] [LOG] [ChatTransport] responseHandler called, data: {"type":"stage","content":null,"error":null,"message_id":"f438a9bb-daaa-4770-9a69-93c7f00ba631","conversation_id":null,"itinerary":null,"stage":{"name":"2_STORAGE","status":"end","label":"📚 加载历史","message":"正在加载对话历史..."}} @ webpack-internal:///(app-pages-browser)/./lib/chat-transport.ts:137
[   40217ms] [LOG] [ChatTransport] Stage update: {name: 2_STORAGE, status: end, label: 📚 加载历史, message: 正在加载对话历史...} @ webpack-internal:///(app-pages-browser)/./lib/chat-transport.ts:147
[   40217ms] [LOG] [ChatTransport] onmessage triggered, has currentResponseHandler: true @ webpack-internal:///(app-pages-browser)/./lib/chat-transport.ts:41
[   40217ms] [LOG] [ChatTransport] responseHandler called, data: {"type":"stage","content":null,"error":null,"message_id":"f438a9bb-daaa-4770-9a69-93c7f00ba631","conversation_id":null,"itinerary":null,"stage":{"name":"3_CTX_CLEAN","status":"start","label":"🧹 上下文清理","message":"正在整理上下文信息..."}} @ webpack-internal:///(app-pages-browser)/./lib/chat-transport.ts:137
[   40217ms] [LOG] [ChatTransport] Stage update: {name: 3_CTX_CLEAN, status: start, label: 🧹 上下文清理, message: 正在整理上下文信息...} @ webpack-internal:///(app-pages-browser)/./lib/chat-transport.ts:147
[   40218ms] [LOG] [ChatTransport] onmessage triggered, has currentResponseHandler: true @ webpack-internal:///(app-pages-browser)/./lib/chat-transport.ts:41
[   40218ms] [LOG] [ChatTransport] responseHandler called, data: {"type":"stage","content":null,"error":null,"message_id":"f438a9bb-daaa-4770-9a69-93c7f00ba631","conversation_id":null,"itinerary":null,"stage":{"name":"3_CTX_CLEAN","status":"skip","label":"🧹 上下文清理","message":"正在整理上下文信息..."}} @ webpack-internal:///(app-pages-browser)/./lib/chat-transport.ts:137
[   40218ms] [LOG] [ChatTransport] Stage update: {name: 3_CTX_CLEAN, status: skip, label: 🧹 上下文清理, message: 正在整理上下文信息...} @ webpack-internal:///(app-pages-browser)/./lib/chat-transport.ts:147
[   40218ms] [LOG] [ChatTransport] onmessage triggered, has currentResponseHandler: true @ webpack-internal:///(app-pages-browser)/./lib/chat-transport.ts:41
[   40219ms] [LOG] [ChatTransport] responseHandler called, data: {"type":"stage","content":null,"error":null,"message_id":"f438a9bb-daaa-4770-9a69-93c7f00ba631","conversation_id":null,"itinerary":null,"stage":{"name":"4_TOOLS","status":"start","label":"🔧 工具调用","message":"正在获取实时数据..."}} @ webpack-internal:///(app-pages-browser)/./lib/chat-transport.ts:137
[   40219ms] [LOG] [ChatTransport] Stage update: {name: 4_TOOLS, status: start, label: 🔧 工具调用, message: 正在获取实时数据...} @ webpack-internal:///(app-pages-browser)/./lib/chat-transport.ts:147
[   56137ms] [LOG] [ChatTransport] onmessage triggered, has currentResponseHandler: true @ webpack-internal:///(app-pages-browser)/./lib/chat-transport.ts:41
[   56137ms] [LOG] [ChatTransport] responseHandler called, data: {"type":"stage","content":null,"error":null,"message_id":"f438a9bb-daaa-4770-9a69-93c7f00ba631","conversation_id":null,"itinerary":null,"stage":{"name":"4_TOOLS","status":"end","label":"🔧 工具调用","message":"正在获取实时数据..."}} @ webpack-internal:///(app-pages-browser)/./lib/chat-transport.ts:137
[   56137ms] [LOG] [ChatTransport] Stage update: {name: 4_TOOLS, status: end, label: 🔧 工具调用, message: 正在获取实时数据...} @ webpack-internal:///(app-pages-browser)/./lib/chat-transport.ts:147
[   56165ms] [LOG] [ChatTransport] onmessage triggered, has currentResponseHandler: true @ webpack-internal:///(app-pages-browser)/./lib/chat-transport.ts:41
[   56165ms] [LOG] [ChatTransport] responseHandler called, data: {"type":"stage","content":null,"error":null,"message_id":"f438a9bb-daaa-4770-9a69-93c7f00ba631","conversation_id":null,"itinerary":null,"stage":{"name":"5_CONTEXT","status":"start","label":"🔗 整合信息","message":"正在整合相关信息..."}} @ webpack-internal:///(app-pages-browser)/./lib/chat-transport.ts:137
[   56165ms] [LOG] [ChatTransport] Stage update: {name: 5_CONTEXT, status: start, label: 🔗 整合信息, message: 正在整合相关信息...} @ webpack-internal:///(app-pages-browser)/./lib/chat-transport.ts:147
[   56199ms] [LOG] [ChatTransport] onmessage triggered, has currentResponseHandler: true @ webpack-internal:///(app-pages-browser)/./lib/chat-transport.ts:41
[   56199ms] [LOG] [ChatTransport] responseHandler called, data: {"type":"stage","content":null,"error":null,"message_id":"f438a9bb-daaa-4770-9a69-93c7f00ba631","conversation_id":null,"itinerary":null,"stage":{"name":"5_CONTEXT","status":"end","label":"🔗 整合信息","message":"正在整合相关信息..."}} @ webpack-internal:///(app-pages-browser)/./lib/chat-transport.ts:137
[   56199ms] [LOG] [ChatTransport] Stage update: {name: 5_CONTEXT, status: end, label: 🔗 整合信息, message: 正在整合相关信息...} @ webpack-internal:///(app-pages-browser)/./lib/chat-transport.ts:147
[   56200ms] [LOG] [ChatTransport] onmessage triggered, has currentResponseHandler: true @ webpack-internal:///(app-pages-browser)/./lib/chat-transport.ts:41
[   56200ms] [LOG] [ChatTransport] responseHandler called, data: {"type":"stage","content":null,"error":null,"message_id":"f438a9bb-daaa-4770-9a69-93c7f00ba631","conversation_id":null,"itinerary":null,"stage":{"name":"6_LLM","status":"start","label":"✨ 生成回复","message":"正在生成回复内容..."}} @ webpack-internal:///(app-pages-browser)/./lib/chat-transport.ts:137
[   56200ms] [LOG] [ChatTransport] Stage update: {name: 6_LLM, status: start, label: ✨ 生成回复, message: 正在生成回复内容...} @ webpack-internal:///(app-pages-browser)/./lib/chat-transport.ts:147
[   57711ms] [LOG] [ChatTransport] onmessage triggered, has currentResponseHandler: true @ webpack-internal:///(app-pages-browser)/./lib/chat-transport.ts:41
[   57711ms] [LOG] [ChatTransport] responseHandler called, data: {"type":"delta","content":"日本","error":null,"message_id":"f438a9bb-daaa-4770-9a69-93c7f00ba631","conversation_id":null,"itinerary":null,"stage":null} @ webpack-internal:///(app-pages-browser)/./lib/chat-transport.ts:137
[   57748ms] [LOG] [ChatTransport] onmessage triggered, has currentResponseHandler: true @ webpack-internal:///(app-pages-browser)/./lib/chat-transport.ts:41
[   57748ms] [LOG] [ChatTransport] responseHandler called, data: {"type":"delta","content":"签证","error":null,"message_id":"f438a9bb-daaa-4770-9a69-93c7f00ba631","conversation_id":null,"itinerary":null,"stage":null} @ webpack-internal:///(app-pages-browser)/./lib/chat-transport.ts:137
[   57775ms] [LOG] [ChatTransport] onmessage triggered, has currentResponseHandler: true @ webpack-internal:///(app-pages-browser)/./lib/chat-transport.ts:41
[   57775ms] [LOG] [ChatTransport] responseHandler called, data: {"type":"delta","content":"是","error":null,"message_id":"f438a9bb-daaa-4770-9a69-93c7f00ba631","conversation_id":null,"itinerary":null,"stage":null} @ webpack-internal:///(app-pages-browser)/./lib/chat-transport.ts:137
[   57798ms] [LOG] [ChatTransport] onmessage triggered, has currentResponseHandler: true @ webpack-internal:///(app-pages-browser)/./lib/chat-transport.ts:41
[   57799ms] [LOG] [ChatTransport] responseHandler called, data: {"type":"delta","content":"前往","error":null,"message_id":"f438a9bb-daaa-4770-9a69-93c7f00ba631","conversation_id":null,"itinerary":null,"stage":null} @ webpack-internal:///(app-pages-browser)/./lib/chat-transport.ts:137
[   57835ms] [LOG] [ChatTransport] onmessage triggered, has currentResponseHandler: true @ webpack-internal:///(app-pages-browser)/./lib/chat-transport.ts:41
[   57836ms] [LOG] [ChatTransport] responseHandler called, data: {"type":"delta","content":"日本","error":null,"message_id":"f438a9bb-daaa-4770-9a69-93c7f00ba631","conversation_id":null,"itinerary":null,"stage":null} @ webpack-internal:///(app-pages-browser)/./lib/chat-transport.ts:137
[   57862ms] [LOG] [ChatTransport] onmessage triggered, has currentResponseHandler: true @ webpack-internal:///(app-pages-browser)/./lib/chat-transport.ts:41
[   57862ms] [LOG] [ChatTransport] responseHandler called, data: {"type":"delta","content":"旅游","error":null,"message_id":"f438a9bb-daaa-4770-9a69-93c7f00ba631","conversation_id":null,"itinerary":null,"stage":null} @ webpack-internal:///(app-pages-browser)/./lib/chat-transport.ts:137
[   57937ms] [LOG] [ChatTransport] onmessage triggered, has currentResponseHandler: true @ webpack-internal:///(app-pages-browser)/./lib/chat-transport.ts:41
[   57937ms] [LOG] [ChatTransport] responseHandler called, data: {"type":"delta","content":"、","error":null,"message_id":"f438a9bb-daaa-4770-9a69-93c7f00ba631","conversation_id":null,"itinerary":null,"stage":null} @ webpack-internal:///(app-pages-browser)/./lib/chat-transport.ts:137
[   57937ms] [LOG] [ChatTransport] onmessage triggered, has currentResponseHandler: true @ webpack-internal:///(app-pages-browser)/./lib/chat-transport.ts:41
[   57938ms] [LOG] [ChatTransport] responseHandler called, data: {"type":"delta","content":"商务","error":null,"message_id":"f438a9bb-daaa-4770-9a69-93c7f00ba631","conversation_id":null,"itinerary":null,"stage":null} @ webpack-internal:///(app-pages-browser)/./lib/chat-transport.ts:137
[   57996ms] [LOG] [ChatTransport] onmessage triggered, has currentResponseHandler: true @ webpack-internal:///(app-pages-browser)/./lib/chat-transport.ts:41
[   57996ms] [LOG] [ChatTransport] responseHandler called, data: {"type":"delta","content":"、","error":null,"message_id":"f438a9bb-daaa-4770-9a69-93c7f00ba631","conversation_id":null,"itinerary":null,"stage":null} @ webpack-internal:///(app-pages-browser)/./lib/chat-transport.ts:137
[   58021ms] [LOG] [ChatTransport] onmessage triggered, has currentResponseHandler: true @ webpack-internal:///(app-pages-browser)/./lib/chat-transport.ts:41
[   58022ms] [LOG] [ChatTransport] responseHandler called, data: {"type":"delta","content":"探","error":null,"message_id":"f438a9bb-daaa-4770-9a69-93c7f00ba631","conversation_id":null,"itinerary":null,"stage":null} @ webpack-internal:///(app-pages-browser)/./lib/chat-transport.ts:137
[   58050ms] [LOG] [ChatTransport] onmessage triggered, has currentResponseHandler: true @ webpack-internal:///(app-pages-browser)/./lib/chat-transport.ts:41
[   58050ms] [LOG] [ChatTransport] responseHandler called, data: {"type":"delta","content":"亲","error":null,"message_id":"f438a9bb-daaa-4770-9a69-93c7f00ba631","conversation_id":null,"itinerary":null,"stage":null} @ webpack-internal:///(app-pages-browser)/./lib/chat-transport.ts:137
[   58050ms] [LOG] [ChatTransport] onmessage triggered, has currentResponseHandler: true @ webpack-internal:///(app-pages-browser)/./lib/chat-transport.ts:41
[   58050ms] [LOG] [ChatTransport] responseHandler called, data: {"type":"delta","content":"等","error":null,"message_id":"f438a9bb-daaa-4770-9a69-93c7f00ba631","conversation_id":null,"itinerary":null,"stage":null} @ webpack-internal:///(app-pages-browser)/./lib/chat-transport.ts:137
[   58102ms] [LOG] [ChatTransport] onmessage triggered, has currentResponseHandler: true @ webpack-internal:///(app-pages-browser)/./lib/chat-transport.ts:41
[   58103ms] [LOG] [ChatTransport] responseHandler called, data: {"type":"delta","content":"目的","error":null,"message_id":"f438a9bb-daaa-4770-9a69-93c7f00ba631","conversation_id":null,"itinerary":null,"stage":null} @ webpack-internal:///(app-pages-browser)/./lib/chat-transport.ts:137
[   58123ms] [LOG] [ChatTransport] onmessage triggered, has currentResponseHandler: true @ webpack-internal:///(app-pages-browser)/./lib/chat-transport.ts:41
[   58123ms] [LOG] [ChatTransport] responseHandler called, data: {"type":"delta","content":"所需的","error":null,"message_id":"f438a9bb-daaa-4770-9a69-93c7f00ba631","conversation_id":null,"itinerary":null,"stage":null} @ webpack-internal:///(app-pages-browser)/./lib/chat-transport.ts:137
[   58176ms] [LOG] [ChatTransport] onmessage triggered, has currentResponseHandler: true @ webpack-internal:///(app-pages-browser)/./lib/chat-transport.ts:41
[   58176ms] [LOG] [ChatTransport] responseHandler called, data: {"type":"delta","content":"入境","error":null,"message_id":"f438a9bb-daaa-4770-9a69-93c7f00ba631","conversation_id":null,"itinerary":null,"stage":null} @ webpack-internal:///(app-pages-browser)/./lib/chat-transport.ts:137
[   58212ms] [LOG] [ChatTransport] onmessage triggered, has currentResponseHandler: true @ webpack-internal:///(app-pages-browser)/./lib/chat-transport.ts:41
[   58213ms] [LOG] [ChatTransport] responseHandler called, data: {"type":"delta","content":"许可","error":null,"message_id":"f438a9bb-daaa-4770-9a69-93c7f00ba631","conversation_id":null,"itinerary":null,"stage":null} @ webpack-internal:///(app-pages-browser)/./lib/chat-transport.ts:137
[   58213ms] [LOG] [ChatTransport] onmessage triggered, has currentResponseHandler: true @ webpack-internal:///(app-pages-browser)/./lib/chat-transport.ts:41
[   58213ms] [LOG] [ChatTransport] responseHandler called, data: {"type":"delta","content":"文件","error":null,"message_id":"f438a9bb-daaa-4770-9a69-93c7f00ba631","conversation_id":null,"itinerary":null,"stage":null} @ webpack-internal:///(app-pages-browser)/./lib/chat-transport.ts:137
[   58276ms] [LOG] [ChatTransport] onmessage triggered, has currentResponseHandler: true @ webpack-internal:///(app-pages-browser)/./lib/chat-transport.ts:41
[   58276ms] [LOG] [ChatTransport] responseHandler called, data: {"type":"delta","content":"。","error":null,"message_id":"f438a9bb-daaa-4770-9a69-93c7f00ba631","conversation_id":null,"itinerary":null,"stage":null} @ webpack-internal:///(app-pages-browser)/./lib/chat-transport.ts:137
[   58276ms] [LOG] [ChatTransport] onmessage triggered, has currentResponseHandler: true @ webpack-internal:///(app-pages-browser)/./lib/chat-transport.ts:41
[   58277ms] [LOG] [ChatTransport] responseHandler called, data: {"type":"delta","content":"让我","error":null,"message_id":"f438a9bb-daaa-4770-9a69-93c7f00ba631","conversation_id":null,"itinerary":null,"stage":null} @ webpack-internal:///(app-pages-browser)/./lib/chat-transport.ts:137
[   58337ms] [LOG] [ChatTransport] onmessage triggered, has currentResponseHandler: true @ webpack-internal:///(app-pages-browser)/./lib/chat-transport.ts:41
[   58337ms] [LOG] [ChatTransport] responseHandler called, data: {"type":"delta","content":"为您","error":null,"message_id":"f438a9bb-daaa-4770-9a69-93c7f00ba631","conversation_id":null,"itinerary":null,"stage":null} @ webpack-internal:///(app-pages-browser)/./lib/chat-transport.ts:137
[   58337ms] [LOG] [ChatTransport] onmessage triggered, has currentResponseHandler: true @ webpack-internal:///(app-pages-browser)/./lib/chat-transport.ts:41
[   58337ms] [LOG] [ChatTransport] responseHandler called, data: {"type":"delta","content":"详细","error":null,"message_id":"f438a9bb-daaa-4770-9a69-93c7f00ba631","conversation_id":null,"itinerary":null,"stage":null} @ webpack-internal:///(app-pages-browser)/./lib/chat-transport.ts:137
[   58397ms] [LOG] [ChatTransport] onmessage triggered, has currentResponseHandler: true @ webpack-internal:///(app-pages-browser)/./lib/chat-transport.ts:41
[   58397ms] [LOG] [ChatTransport] responseHandler called, data: {"type":"delta","content":"介绍一下","error":null,"message_id":"f438a9bb-daaa-4770-9a69-93c7f00ba631","conversation_id":null,"itinerary":null,"stage":null} @ webpack-internal:///(app-pages-browser)/./lib/chat-transport.ts:137
[   58414ms] [LOG] [ChatTransport] onmessage triggered, has currentResponseHandler: true @ webpack-internal:///(app-pages-browser)/./lib/chat-transport.ts:41
[   58414ms] [LOG] [ChatTransport] responseHandler called, data: {"type":"delta","content":"：\n\n","error":null,"message_id":"f438a9bb-daaa-4770-9a69-93c7f00ba631","conversation_id":null,"itinerary":null,"stage":null} @ webpack-internal:///(app-pages-browser)/./lib/chat-transport.ts:137
[   58453ms] [LOG] [ChatTransport] onmessage triggered, has currentResponseHandler: true @ webpack-internal:///(app-pages-browser)/./lib/chat-transport.ts:41
[   58453ms] [LOG] [ChatTransport] responseHandler called, data: {"type":"delta","content":"##","error":null,"message_id":"f438a9bb-daaa-4770-9a69-93c7f00ba631","conversation_id":null,"itinerary":null,"stage":null} @ webpack-internal:///(app-pages-browser)/./lib/chat-transport.ts:137
[   58524ms] [LOG] [ChatTransport] onmessage triggered, has currentResponseHandler: true @ webpack-internal:///(app-pages-browser)/./lib/chat-transport.ts:41
[   58524ms] [LOG] [ChatTransport] responseHandler called, data: {"type":"delta","content":" 📋","error":null,"message_id":"f438a9bb-daaa-4770-9a69-93c7f00ba631","conversation_id":null,"itinerary":null,"stage":null} @ webpack-internal:///(app-pages-browser)/./lib/chat-transport.ts:137
[   58529ms] [LOG] [ChatTransport] onmessage triggered, has currentResponseHandler: true @ webpack-internal:///(app-pages-browser)/./lib/chat-transport.ts:41
[   58529ms] [LOG] [ChatTransport] responseHandler called, data: {"type":"delta","content":" ","error":null,"message_id":"f438a9bb-daaa-4770-9a69-93c7f00ba631","conversation_id":null,"itinerary":null,"stage":null} @ webpack-internal:///(app-pages-browser)/./lib/chat-transport.ts:137
[   58591ms] [LOG] [ChatTransport] onmessage triggered, has currentResponseHandler: true @ webpack-internal:///(app-pages-browser)/./lib/chat-transport.ts:41
[   58591ms] [LOG] [ChatTransport] responseHandler called, data: {"type":"delta","content":"日本","error":null,"message_id":"f438a9bb-daaa-4770-9a69-93c7f00ba631","conversation_id":null,"itinerary":null,"stage":null} @ webpack-internal:///(app-pages-browser)/./lib/chat-transport.ts:137
[   58593ms] [LOG] [ChatTransport] onmessage triggered, has currentResponseHandler: true @ webpack-internal:///(app-pages-browser)/./lib/chat-transport.ts:41
[   58593ms] [LOG] [ChatTransport] responseHandler called, data: {"type":"delta","content":"签证","error":null,"message_id":"f438a9bb-daaa-4770-9a69-93c7f00ba631","conversation_id":null,"itinerary":null,"stage":null} @ webpack-internal:///(app-pages-browser)/./lib/chat-transport.ts:137
[   58647ms] [LOG] [ChatTransport] onmessage triggered, has currentResponseHandler: true @ webpack-internal:///(app-pages-browser)/./lib/chat-transport.ts:41
[   58647ms] [LOG] [ChatTransport] responseHandler called, data: {"type":"delta","content":"基本","error":null,"message_id":"f438a9bb-daaa-4770-9a69-93c7f00ba631","conversation_id":null,"itinerary":null,"stage":null} @ webpack-internal:///(app-pages-browser)/./lib/chat-transport.ts:137
[   58651ms] [LOG] [ChatTransport] onmessage triggered, has currentResponseHandler: true @ webpack-internal:///(app-pages-browser)/./lib/chat-transport.ts:41
[   58651ms] [LOG] [ChatTransport] responseHandler called, data: {"type":"delta","content":"概念","error":null,"message_id":"f438a9bb-daaa-4770-9a69-93c7f00ba631","conversation_id":null,"itinerary":null,"stage":null} @ webpack-internal:///(app-pages-browser)/./lib/chat-transport.ts:137
[   58713ms] [LOG] [ChatTransport] onmessage triggered, has currentResponseHandler: true @ webpack-internal:///(app-pages-browser)/./lib/chat-transport.ts:41
[   58713ms] [LOG] [ChatTransport] responseHandler called, data: {"type":"delta","content":"\n\n","error":null,"message_id":"f438a9bb-daaa-4770-9a69-93c7f00ba631","conversation_id":null,"itinerary":null,"stage":null} @ webpack-internal:///(app-pages-browser)/./lib/chat-transport.ts:137
[   58736ms] [LOG] [ChatTransport] onmessage triggered, has currentResponseHandler: true @ webpack-internal:///(app-pages-browser)/./lib/chat-transport.ts:41
[   58736ms] [LOG] [ChatTransport] responseHandler called, data: {"type":"delta","content":"日本","error":null,"message_id":"f438a9bb-daaa-4770-9a69-93c7f00ba631","conversation_id":null,"itinerary":null,"stage":null} @ webpack-internal:///(app-pages-browser)/./lib/chat-transport.ts:137
[   58798ms] [LOG] [ChatTransport] onmessage triggered, has currentResponseHandler: true @ webpack-internal:///(app-pages-browser)/./lib/chat-transport.ts:41
[   58798ms] [LOG] [ChatTransport] responseHandler called, data: {"type":"delta","content":"签证","error":null,"message_id":"f438a9bb-daaa-4770-9a69-93c7f00ba631","conversation_id":null,"itinerary":null,"stage":null} @ webpack-internal:///(app-pages-browser)/./lib/chat-transport.ts:137
[   58826ms] [LOG] [ChatTransport] onmessage triggered, has currentResponseHandler: true @ webpack-internal:///(app-pages-browser)/./lib/chat-transport.ts:41
[   58826ms] [LOG] [ChatTransport] responseHandler called, data: {"type":"delta","content":"是","error":null,"message_id":"f438a9bb-daaa-4770-9a69-93c7f00ba631","conversation_id":null,"itinerary":null,"stage":null} @ webpack-internal:///(app-pages-browser)/./lib/chat-transport.ts:137
[   58851ms] [LOG] [ChatTransport] onmessage triggered, has currentResponseHandler: true @ webpack-internal:///(app-pages-browser)/./lib/chat-transport.ts:41
[   58852ms] [LOG] [ChatTransport] responseHandler called, data: {"type":"delta","content":"日本","error":null,"message_id":"f438a9bb-daaa-4770-9a69-93c7f00ba631","conversation_id":null,"itinerary":null,"stage":null} @ webpack-internal:///(app-pages-browser)/./lib/chat-transport.ts:137
[   58935ms] [LOG] [ChatTransport] onmessage triggered, has currentResponseHandler: true @ webpack-internal:///(app-pages-browser)/./lib/chat-transport.ts:41
[   58935ms] [LOG] [ChatTransport] responseHandler called, data: {"type":"delta","content":"政府","error":null,"message_id":"f438a9bb-daaa-4770-9a69-93c7f00ba631","conversation_id":null,"itinerary":null,"stage":null} @ webpack-internal:///(app-pages-browser)/./lib/chat-transport.ts:137
[   58959ms] [LOG] [ChatTransport] onmessage triggered, has currentResponseHandler: true @ webpack-internal:///(app-pages-browser)/./lib/chat-transport.ts:41
[   58959ms] [LOG] [ChatTransport] responseHandler called, data: {"type":"delta","content":"颁发","error":null,"message_id":"f438a9bb-daaa-4770-9a69-93c7f00ba631","conversation_id":null,"itinerary":null,"stage":null} @ webpack-internal:///(app-pages-browser)/./lib/chat-transport.ts:137
[   59063ms] [LOG] [ChatTransport] onmessage triggered, has currentResponseHandler: true @ webpack-internal:///(app-pages-browser)/./lib/chat-transport.ts:41
[   59063ms] [LOG] [ChatTransport] responseHandler called, data: {"type":"delta","content":"给","error":null,"message_id":"f438a9bb-daaa-4770-9a69-93c7f00ba631","conversation_id":null,"itinerary":null,"stage":null} @ webpack-internal:///(app-pages-browser)/./lib/chat-transport.ts:137
[   59092ms] [LOG] [ChatTransport] onmessage triggered, has currentResponseHandler: true @ webpack-internal:///(app-pages-browser)/./lib/chat-transport.ts:41
[   59092ms] [LOG] [ChatTransport] responseHandler called, data: {"type":"delta","content":"外国","error":null,"message_id":"f438a9bb-daaa-4770-9a69-93c7f00ba631","conversation_id":null,"itinerary":null,"stage":null} @ webpack-internal:///(app-pages-browser)/./lib/chat-transport.ts:137
[   59094ms] [LOG] [ChatTransport] onmessage triggered, has currentResponseHandler: true @ webpack-internal:///(app-pages-browser)/./lib/chat-transport.ts:41
[   59095ms] [LOG] [ChatTransport] responseHandler called, data: {"type":"delta","content":"公民","error":null,"message_id":"f438a9bb-daaa-4770-9a69-93c7f00ba631","conversation_id":null,"itinerary":null,"stage":null} @ webpack-internal:///(app-pages-browser)/./lib/chat-transport.ts:137
[   59095ms] [LOG] [ChatTransport] onmessage triggered, has currentResponseHandler: true @ webpack-internal:///(app-pages-browser)/./lib/chat-transport.ts:41
[   59095ms] [LOG] [ChatTransport] responseHandler called, data: {"type":"delta","content":"的","error":null,"message_id":"f438a9bb-daaa-4770-9a69-93c7f00ba631","conversation_id":null,"itinerary":null,"stage":null} @ webpack-internal:///(app-pages-browser)/./lib/chat-transport.ts:137
[   59123ms] [LOG] [ChatTransport] onmessage triggered, has currentResponseHandler: true @ webpack-internal:///(app-pages-browser)/./lib/chat-transport.ts:41
[   59123ms] [LOG] [ChatTransport] responseHandler called, data: {"type":"delta","content":"入境","error":null,"message_id":"f438a9bb-daaa-4770-9a69-93c7f00ba631","conversation_id":null,"itinerary":null,"stage":null} @ webpack-internal:///(app-pages-browser)/./lib/chat-transport.ts:137
[   59152ms] [LOG] [ChatTransport] onmessage triggered, has currentResponseHandler: true @ webpack-internal:///(app-pages-browser)/./lib/chat-transport.ts:41
[   59153ms] [LOG] [ChatTransport] responseHandler called, data: {"type":"delta","content":"许可","error":null,"message_id":"f438a9bb-daaa-4770-9a69-93c7f00ba631","conversation_id":null,"itinerary":null,"stage":null} @ webpack-internal:///(app-pages-browser)/./lib/chat-transport.ts:137
[   59180ms] [LOG] [ChatTransport] onmessage triggered, has currentResponseHandler: true @ webpack-internal:///(app-pages-browser)/./lib/chat-transport.ts:41
[   59180ms] [LOG] [ChatTransport] responseHandler called, data: {"type":"delta","content":"，","error":null,"message_id":"f438a9bb-daaa-4770-9a69-93c7f00ba631","conversation_id":null,"itinerary":null,"stage":null} @ webpack-internal:///(app-pages-browser)/./lib/chat-transport.ts:137
[   59207ms] [LOG] [ChatTransport] onmessage triggered, has currentResponseHandler: true @ webpack-internal:///(app-pages-browser)/./lib/chat-transport.ts:41
[   59207ms] [LOG] [ChatTransport] responseHandler called, data: {"type":"delta","content":"贴在","error":null,"message_id":"f438a9bb-daaa-4770-9a69-93c7f00ba631","conversation_id":null,"itinerary":null,"stage":null} @ webpack-internal:///(app-pages-browser)/./lib/chat-transport.ts:137
[   59235ms] [LOG] [ChatTransport] onmessage triggered, has currentResponseHandler: true @ webpack-internal:///(app-pages-browser)/./lib/chat-transport.ts:41
[   59235ms] [LOG] [ChatTransport] responseHandler called, data: {"type":"delta","content":"护照","error":null,"message_id":"f438a9bb-daaa-4770-9a69-93c7f00ba631","conversation_id":null,"itinerary":null,"stage":null} @ webpack-internal:///(app-pages-browser)/./lib/chat-transport.ts:137
[   59269ms] [LOG] [ChatTransport] onmessage triggered, has currentResponseHandler: true @ webpack-internal:///(app-pages-browser)/./lib/chat-transport.ts:41
[   59269ms] [LOG] [ChatTransport] responseHandler called, data: {"type":"delta","content":"上","error":null,"message_id":"f438a9bb-daaa-4770-9a69-93c7f00ba631","conversation_id":null,"itinerary":null,"stage":null} @ webpack-internal:///(app-pages-browser)/./lib/chat-transport.ts:137
[   59309ms] [LOG] [ChatTransport] onmessage triggered, has currentResponseHandler: true @ webpack-internal:///(app-pages-browser)/./lib/chat-transport.ts:41
[   59310ms] [LOG] [ChatTransport] responseHandler called, data: {"type":"delta","content":"，","error":null,"message_id":"f438a9bb-daaa-4770-9a69-93c7f00ba631","conversation_id":null,"itinerary":null,"stage":null} @ webpack-internal:///(app-pages-browser)/./lib/chat-transport.ts:137
[   59310ms] [LOG] [ChatTransport] onmessage triggered, has currentResponseHandler: true @ webpack-internal:///(app-pages-browser)/./lib/chat-transport.ts:41
[   59311ms] [LOG] [ChatTransport] responseHandler called, data: {"type":"delta","content":"允许","error":null,"message_id":"f438a9bb-daaa-4770-9a69-93c7f00ba631","conversation_id":null,"itinerary":null,"stage":null} @ webpack-internal:///(app-pages-browser)/./lib/chat-transport.ts:137
[   59338ms] [LOG] [ChatTransport] onmessage triggered, has currentResponseHandler: true @ webpack-internal:///(app-pages-browser)/./lib/chat-transport.ts:41
[   59339ms] [LOG] [ChatTransport] responseHandler called, data: {"type":"delta","content":"持","error":null,"message_id":"f438a9bb-daaa-4770-9a69-93c7f00ba631","conversation_id":null,"itinerary":null,"stage":null} @ webpack-internal:///(app-pages-browser)/./lib/chat-transport.ts:137
[   59358ms] [LOG] [ChatTransport] onmessage triggered, has currentResponseHandler: true @ webpack-internal:///(app-pages-browser)/./lib/chat-transport.ts:41
[   59359ms] [LOG] [ChatTransport] responseHandler called, data: {"type":"delta","content":"有人在","error":null,"message_id":"f438a9bb-daaa-4770-9a69-93c7f00ba631","conversation_id":null,"itinerary":null,"stage":null} @ webpack-internal:///(app-pages-browser)/./lib/chat-transport.ts:137
[   59397ms] [LOG] [ChatTransport] onmessage triggered, has currentResponseHandler: true @ webpack-internal:///(app-pages-browser)/./lib/chat-transport.ts:41
[   59397ms] [LOG] [ChatTransport] responseHandler called, data: {"type":"delta","content":"规定","error":null,"message_id":"f438a9bb-daaa-4770-9a69-93c7f00ba631","conversation_id":null,"itinerary":null,"stage":null} @ webpack-internal:///(app-pages-browser)/./lib/chat-transport.ts:137
[   59407ms] [LOG] [ChatTransport] onmessage triggered, has currentResponseHandler: true @ webpack-internal:///(app-pages-browser)/./lib/chat-transport.ts:41
[   59408ms] [LOG] [ChatTransport] responseHandler called, data: {"type":"delta","content":"时间内","error":null,"message_id":"f438a9bb-daaa-4770-9a69-93c7f00ba631","conversation_id":null,"itinerary":null,"stage":null} @ webpack-internal:///(app-pages-browser)/./lib/chat-transport.ts:137
[   59462ms] [LOG] [ChatTransport] onmessage triggered, has currentResponseHandler: true @ webpack-internal:///(app-pages-browser)/./lib/chat-transport.ts:41
[   59462ms] [LOG] [ChatTransport] responseHandler called, data: {"type":"delta","content":"进入","error":null,"message_id":"f438a9bb-daaa-4770-9a69-93c7f00ba631","conversation_id":null,"itinerary":null,"stage":null} @ webpack-internal:///(app-pages-browser)/./lib/chat-transport.ts:137
[   59524ms] [LOG] [ChatTransport] onmessage triggered, has currentResponseHandler: true @ webpack-internal:///(app-pages-browser)/./lib/chat-transport.ts:41
[   59524ms] [LOG] [ChatTransport] responseHandler called, data: {"type":"delta","content":"日本","error":null,"message_id":"f438a9bb-daaa-4770-9a69-93c7f00ba631","conversation_id":null,"itinerary":null,"stage":null} @ webpack-internal:///(app-pages-browser)/./lib/chat-transport.ts:137
[   59525ms] [LOG] [ChatTransport] onmessage triggered, has currentResponseHandler: true @ webpack-internal:///(app-pages-browser)/./lib/chat-transport.ts:41
[   59525ms] [LOG] [ChatTransport] responseHandler called, data: {"type":"delta","content":"。\n\n","error":null,"message_id":"f438a9bb-daaa-4770-9a69-93c7f00ba631","conversation_id":null,"itinerary":null,"stage":null} @ webpack-internal:///(app-pages-browser)/./lib/chat-transport.ts:137
[   59596ms] [LOG] [ChatTransport] onmessage triggered, has currentResponseHandler: true @ webpack-internal:///(app-pages-browser)/./lib/chat-transport.ts:41
[   59596ms] [LOG] [ChatTransport] responseHandler called, data: {"type":"delta","content":"##","error":null,"message_id":"f438a9bb-daaa-4770-9a69-93c7f00ba631","conversation_id":null,"itinerary":null,"stage":null} @ webpack-internal:///(app-pages-browser)/./lib/chat-transport.ts:137
[   59675ms] [LOG] [ChatTransport] onmessage triggered, has currentResponseHandler: true @ webpack-internal:///(app-pages-browser)/./lib/chat-transport.ts:41
[   59675ms] [LOG] [ChatTransport] responseHandler called, data: {"type":"delta","content":" 🎫","error":null,"message_id":"f438a9bb-daaa-4770-9a69-93c7f00ba631","conversation_id":null,"itinerary":null,"stage":null} @ webpack-internal:///(app-pages-browser)/./lib/chat-transport.ts:137
[   59763ms] [LOG] [ChatTransport] onmessage triggered, has currentResponseHandler: true @ webpack-internal:///(app-pages-browser)/./lib/chat-transport.ts:41
[   59763ms] [LOG] [ChatTransport] responseHandler called, data: {"type":"delta","content":" ","error":null,"message_id":"f438a9bb-daaa-4770-9a69-93c7f00ba631","conversation_id":null,"itinerary":null,"stage":null} @ webpack-internal:///(app-pages-browser)/./lib/chat-transport.ts:137
[   59786ms] [LOG] [ChatTransport] onmessage triggered, has currentResponseHandler: true @ webpack-internal:///(app-pages-browser)/./lib/chat-transport.ts:41
[   59787ms] [LOG] [ChatTransport] responseHandler called, data: {"type":"delta","content":"主要","error":null,"message_id":"f438a9bb-daaa-4770-9a69-93c7f00ba631","conversation_id":null,"itinerary":null,"stage":null} @ webpack-internal:///(app-pages-browser)/./lib/chat-transport.ts:137
[   59833ms] [LOG] [ChatTransport] onmessage triggered, has currentResponseHandler: true @ webpack-internal:///(app-pages-browser)/./lib/chat-transport.ts:41
[   59833ms] [LOG] [ChatTransport] responseHandler called, data: {"type":"delta","content":"签证","error":null,"message_id":"f438a9bb-daaa-4770-9a69-93c7f00ba631","conversation_id":null,"itinerary":null,"stage":null} @ webpack-internal:///(app-pages-browser)/./lib/chat-transport.ts:137
[   59834ms] [LOG] [ChatTransport] onmessage triggered, has currentResponseHandler: true @ webpack-internal:///(app-pages-browser)/./lib/chat-transport.ts:41
[   59834ms] [LOG] [ChatTransport] responseHandler called, data: {"type":"delta","content":"类型","error":null,"message_id":"f438a9bb-daaa-4770-9a69-93c7f00ba631","conversation_id":null,"itinerary":null,"stage":null} @ webpack-internal:///(app-pages-browser)/./lib/chat-transport.ts:137
[   59864ms] [LOG] [ChatTransport] onmessage triggered, has currentResponseHandler: true @ webpack-internal:///(app-pages-browser)/./lib/chat-transport.ts:41
[   59865ms] [LOG] [ChatTransport] responseHandler called, data: {"type":"delta","content":"\n\n","error":null,"message_id":"f438a9bb-daaa-4770-9a69-93c7f00ba631","conversation_id":null,"itinerary":null,"stage":null} @ webpack-internal:///(app-pages-browser)/./lib/chat-transport.ts:137
[   59887ms] [LOG] [ChatTransport] onmessage triggered, has currentResponseHandler: true @ webpack-internal:///(app-pages-browser)/./lib/chat-transport.ts:41
[   59887ms] [LOG] [ChatTransport] responseHandler called, data: {"type":"delta","content":"###","error":null,"message_id":"f438a9bb-daaa-4770-9a69-93c7f00ba631","conversation_id":null,"itinerary":null,"stage":null} @ webpack-internal:///(app-pages-browser)/./lib/chat-transport.ts:137
[   59912ms] [LOG] [ChatTransport] onmessage triggered, has currentResponseHandler: true @ webpack-internal:///(app-pages-browser)/./lib/chat-transport.ts:41
[   59912ms] [LOG] [ChatTransport] responseHandler called, data: {"type":"delta","content":" **","error":null,"message_id":"f438a9bb-daaa-4770-9a69-93c7f00ba631","conversation_id":null,"itinerary":null,"stage":null} @ webpack-internal:///(app-pages-browser)/./lib/chat-transport.ts:137
[   59934ms] [LOG] [ChatTransport] onmessage triggered, has currentResponseHandler: true @ webpack-internal:///(app-pages-browser)/./lib/chat-transport.ts:41
[   59934ms] [LOG] [ChatTransport] responseHandler called, data: {"type":"delta","content":"1","error":null,"message_id":"f438a9bb-daaa-4770-9a69-93c7f00ba631","conversation_id":null,"itinerary":null,"stage":null} @ webpack-internal:///(app-pages-browser)/./lib/chat-transport.ts:137
[   59957ms] [LOG] [ChatTransport] onmessage triggered, has currentResponseHandler: true @ webpack-internal:///(app-pages-browser)/./lib/chat-transport.ts:41
[   59957ms] [LOG] [ChatTransport] responseHandler called, data: {"type":"delta","content":".","error":null,"message_id":"f438a9bb-daaa-4770-9a69-93c7f00ba631","conversation_id":null,"itinerary":null,"stage":null} @ webpack-internal:///(app-pages-browser)/./lib/chat-transport.ts:137
[   59977ms] [LOG] [ChatTransport] onmessage triggered, has currentResponseHandler: true @ webpack-internal:///(app-pages-browser)/./lib/chat-transport.ts:41
[   59977ms] [LOG] [ChatTransport] responseHandler called, data: {"type":"delta","content":" ","error":null,"message_id":"f438a9bb-daaa-4770-9a69-93c7f00ba631","conversation_id":null,"itinerary":null,"stage":null} @ webpack-internal:///(app-pages-browser)/./lib/chat-transport.ts:137
[   60023ms] [LOG] [ChatTransport] onmessage triggered, has currentResponseHandler: true @ webpack-internal:///(app-pages-browser)/./lib/chat-transport.ts:41
[   60023ms] [LOG] [ChatTransport] responseHandler called, data: {"type":"delta","content":"旅游","error":null,"message_id":"f438a9bb-daaa-4770-9a69-93c7f00ba631","conversation_id":null,"itinerary":null,"stage":null} @ webpack-internal:///(app-pages-browser)/./lib/chat-transport.ts:137
[   60044ms] [LOG] [ChatTransport] onmessage triggered, has currentResponseHandler: true @ webpack-internal:///(app-pages-browser)/./lib/chat-transport.ts:41
[   60044ms] [LOG] [ChatTransport] responseHandler called, data: {"type":"delta","content":"签证","error":null,"message_id":"f438a9bb-daaa-4770-9a69-93c7f00ba631","conversation_id":null,"itinerary":null,"stage":null} @ webpack-internal:///(app-pages-browser)/./lib/chat-transport.ts:137
[   60083ms] [LOG] [ChatTransport] onmessage triggered, has currentResponseHandler: true @ webpack-internal:///(app-pages-browser)/./lib/chat-transport.ts:41
[   60083ms] [LOG] [ChatTransport] responseHandler called, data: {"type":"delta","content":"（","error":null,"message_id":"f438a9bb-daaa-4770-9a69-93c7f00ba631","conversation_id":null,"itinerary":null,"stage":null} @ webpack-internal:///(app-pages-browser)/./lib/chat-transport.ts:137
[   60083ms] [LOG] [ChatTransport] onmessage triggered, has currentResponseHandler: true @ webpack-internal:///(app-pages-browser)/./lib/chat-transport.ts:41
[   60083ms] [LOG] [ChatTransport] responseHandler called, data: {"type":"delta","content":"短期","error":null,"message_id":"f438a9bb-daaa-4770-9a69-93c7f00ba631","conversation_id":null,"itinerary":null,"stage":null} @ webpack-internal:///(app-pages-browser)/./lib/chat-transport.ts:137
[   60173ms] [LOG] [ChatTransport] onmessage triggered, has currentResponseHandler: true @ webpack-internal:///(app-pages-browser)/./lib/chat-transport.ts:41
[   60173ms] [LOG] [ChatTransport] responseHandler called, data: {"type":"delta","content":"滞","error":null,"message_id":"f438a9bb-daaa-4770-9a69-93c7f00ba631","conversation_id":null,"itinerary":null,"stage":null} @ webpack-internal:///(app-pages-browser)/./lib/chat-transport.ts:137
[   60191ms] [LOG] [ChatTransport] onmessage triggered, has currentResponseHandler: true @ webpack-internal:///(app-pages-browser)/./lib/chat-transport.ts:41
[   60191ms] [LOG] [ChatTransport] responseHandler called, data: {"type":"delta","content":"在","error":null,"message_id":"f438a9bb-daaa-4770-9a69-93c7f00ba631","conversation_id":null,"itinerary":null,"stage":null} @ webpack-internal:///(app-pages-browser)/./lib/chat-transport.ts:137
[   60212ms] [LOG] [ChatTransport] onmessage triggered, has currentResponseHandler: true @ webpack-internal:///(app-pages-browser)/./lib/chat-transport.ts:41
[   60212ms] [LOG] [ChatTransport] responseHandler called, data: {"type":"delta","content":"）","error":null,"message_id":"f438a9bb-daaa-4770-9a69-93c7f00ba631","conversation_id":null,"itinerary":null,"stage":null} @ webpack-internal:///(app-pages-browser)/./lib/chat-transport.ts:137
[   60274ms] [LOG] [ChatTransport] onmessage triggered, has currentResponseHandler: true @ webpack-internal:///(app-pages-browser)/./lib/chat-transport.ts:41
[   60274ms] [LOG] [ChatTransport] responseHandler called, data: {"type":"delta","content":"**\n","error":null,"message_id":"f438a9bb-daaa-4770-9a69-93c7f00ba631","conversation_id":null,"itinerary":null,"stage":null} @ webpack-internal:///(app-pages-browser)/./lib/chat-transport.ts:137
[   60295ms] [LOG] [ChatTransport] onmessage triggered, has currentResponseHandler: true @ webpack-internal:///(app-pages-browser)/./lib/chat-transport.ts:41
[   60296ms] [LOG] [ChatTransport] responseHandler called, data: {"type":"delta","content":"-","error":null,"message_id":"f438a9bb-daaa-4770-9a69-93c7f00ba631","conversation_id":null,"itinerary":null,"stage":null} @ webpack-internal:///(app-pages-browser)/./lib/chat-transport.ts:137
[   60334ms] [LOG] [ChatTransport] onmessage triggered, has currentResponseHandler: true @ webpack-internal:///(app-pages-browser)/./lib/chat-transport.ts:41
[   60334ms] [LOG] [ChatTransport] responseHandler called, data: {"type":"delta","content":" **","error":null,"message_id":"f438a9bb-daaa-4770-9a69-93c7f00ba631","conversation_id":null,"itinerary":null,"stage":null} @ webpack-internal:///(app-pages-browser)/./lib/chat-transport.ts:137
[   60335ms] [LOG] [ChatTransport] onmessage triggered, has currentResponseHandler: true @ webpack-internal:///(app-pages-browser)/./lib/chat-transport.ts:41
[   60335ms] [LOG] [ChatTransport] responseHandler called, data: {"type":"delta","content":"单","error":null,"message_id":"f438a9bb-daaa-4770-9a69-93c7f00ba631","conversation_id":null,"itinerary":null,"stage":null} @ webpack-internal:///(app-pages-browser)/./lib/chat-transport.ts:137
[   60395ms] [LOG] [ChatTransport] onmessage triggered, has currentResponseHandler: true @ webpack-internal:///(app-pages-browser)/./lib/chat-transport.ts:41
[   60395ms] [LOG] [ChatTransport] responseHandler called, data: {"type":"delta","content":"次","error":null,"message_id":"f438a9bb-daaa-4770-9a69-93c7f00ba631","conversation_id":null,"itinerary":null,"stage":null} @ webpack-internal:///(app-pages-browser)/./lib/chat-transport.ts:137
[   60402ms] [LOG] [ChatTransport] onmessage triggered, has currentResponseHandler: true @ webpack-internal:///(app-pages-browser)/./lib/chat-transport.ts:41
[   60403ms] [LOG] [ChatTransport] responseHandler called, data: {"type":"delta","content":"签证","error":null,"message_id":"f438a9bb-daaa-4770-9a69-93c7f00ba631","conversation_id":null,"itinerary":null,"stage":null} @ webpack-internal:///(app-pages-browser)/./lib/chat-transport.ts:137
[   60485ms] [LOG] [ChatTransport] onmessage triggered, has currentResponseHandler: true @ webpack-internal:///(app-pages-browser)/./lib/chat-transport.ts:41
[   60486ms] [LOG] [ChatTransport] responseHandler called, data: {"type":"delta","content":"**","error":null,"message_id":"f438a9bb-daaa-4770-9a69-93c7f00ba631","conversation_id":null,"itinerary":null,"stage":null} @ webpack-internal:///(app-pages-browser)/./lib/chat-transport.ts:137
[   60490ms] [LOG] [ChatTransport] onmessage triggered, has currentResponseHandler: true @ webpack-internal:///(app-pages-browser)/./lib/chat-transport.ts:41
[   60491ms] [LOG] [ChatTransport] responseHandler called, data: {"type":"delta","content":"：","error":null,"message_id":"f438a9bb-daaa-4770-9a69-93c7f00ba631","conversation_id":null,"itinerary":null,"stage":null} @ webpack-internal:///(app-pages-browser)/./lib/chat-transport.ts:137
[   60589ms] [LOG] [ChatTransport] onmessage triggered, has currentResponseHandler: true @ webpack-internal:///(app-pages-browser)/./lib/chat-transport.ts:41
[   60589ms] [LOG] [ChatTransport] responseHandler called, data: {"type":"delta","content":"有效期","error":null,"message_id":"f438a9bb-daaa-4770-9a69-93c7f00ba631","conversation_id":null,"itinerary":null,"stage":null} @ webpack-internal:///(app-pages-browser)/./lib/chat-transport.ts:137
[   60594ms] [LOG] [ChatTransport] onmessage triggered, has currentResponseHandler: true @ webpack-internal:///(app-pages-browser)/./lib/chat-transport.ts:41
[   60594ms] [LOG] [ChatTransport] responseHandler called, data: {"type":"delta","content":"3","error":null,"message_id":"f438a9bb-daaa-4770-9a69-93c7f00ba631","conversation_id":null,"itinerary":null,"stage":null} @ webpack-internal:///(app-pages-browser)/./lib/chat-transport.ts:137
[   60599ms] [LOG] [ChatTransport] onmessage triggered, has currentResponseHandler: true @ webpack-internal:///(app-pages-browser)/./lib/chat-transport.ts:41
[   60600ms] [LOG] [ChatTransport] responseHandler called, data: {"type":"delta","content":"个月","error":null,"message_id":"f438a9bb-daaa-4770-9a69-93c7f00ba631","conversation_id":null,"itinerary":null,"stage":null} @ webpack-internal:///(app-pages-browser)/./lib/chat-transport.ts:137
[   60603ms] [LOG] [ChatTransport] onmessage triggered, has currentResponseHandler: true @ webpack-internal:///(app-pages-browser)/./lib/chat-transport.ts:41
[   60603ms] [LOG] [ChatTransport] responseHandler called, data: {"type":"delta","content":"，","error":null,"message_id":"f438a9bb-daaa-4770-9a69-93c7f00ba631","conversation_id":null,"itinerary":null,"stage":null} @ webpack-internal:///(app-pages-browser)/./lib/chat-transport.ts:137
[   60645ms] [LOG] [ChatTransport] onmessage triggered, has currentResponseHandler: true @ webpack-internal:///(app-pages-browser)/./lib/chat-transport.ts:41
[   60645ms] [LOG] [ChatTransport] responseHandler called, data: {"type":"delta","content":"停留","error":null,"message_id":"f438a9bb-daaa-4770-9a69-93c7f00ba631","conversation_id":null,"itinerary":null,"stage":null} @ webpack-internal:///(app-pages-browser)/./lib/chat-transport.ts:137
[   60649ms] [LOG] [ChatTransport] onmessage triggered, has currentResponseHandler: true @ webpack-internal:///(app-pages-browser)/./lib/chat-transport.ts:41
[   60649ms] [LOG] [ChatTransport] responseHandler called, data: {"type":"delta","content":"期","error":null,"message_id":"f438a9bb-daaa-4770-9a69-93c7f00ba631","conversation_id":null,"itinerary":null,"stage":null} @ webpack-internal:///(app-pages-browser)/./lib/chat-transport.ts:137
[   60717ms] [LOG] [ChatTransport] onmessage triggered, has currentResponseHandler: true @ webpack-internal:///(app-pages-browser)/./lib/chat-transport.ts:41
[   60717ms] [LOG] [ChatTransport] responseHandler called, data: {"type":"delta","content":"15","error":null,"message_id":"f438a9bb-daaa-4770-9a69-93c7f00ba631","conversation_id":null,"itinerary":null,"stage":null} @ webpack-internal:///(app-pages-browser)/./lib/chat-transport.ts:137
[   60723ms] [LOG] [ChatTransport] onmessage triggered, has currentResponseHandler: true @ webpack-internal:///(app-pages-browser)/./lib/chat-transport.ts:41
[   60723ms] [LOG] [ChatTransport] responseHandler called, data: {"type":"delta","content":"天","error":null,"message_id":"f438a9bb-daaa-4770-9a69-93c7f00ba631","conversation_id":null,"itinerary":null,"stage":null} @ webpack-internal:///(app-pages-browser)/./lib/chat-transport.ts:137
[   60862ms] [LOG] [ChatTransport] onmessage triggered, has currentResponseHandler: true @ webpack-internal:///(app-pages-browser)/./lib/chat-transport.ts:41
[   60862ms] [LOG] [ChatTransport] responseHandler called, data: {"type":"delta","content":"或","error":null,"message_id":"f438a9bb-daaa-4770-9a69-93c7f00ba631","conversation_id":null,"itinerary":null,"stage":null} @ webpack-internal:///(app-pages-browser)/./lib/chat-transport.ts:137
[   60880ms] [LOG] [ChatTransport] onmessage triggered, has currentResponseHandler: true @ webpack-internal:///(app-pages-browser)/./lib/chat-transport.ts:41
[   60880ms] [LOG] [ChatTransport] responseHandler called, data: {"type":"delta","content":"30","error":null,"message_id":"f438a9bb-daaa-4770-9a69-93c7f00ba631","conversation_id":null,"itinerary":null,"stage":null} @ webpack-internal:///(app-pages-browser)/./lib/chat-transport.ts:137
[   60904ms] [LOG] [ChatTransport] onmessage triggered, has currentResponseHandler: true @ webpack-internal:///(app-pages-browser)/./lib/chat-transport.ts:41
[   60904ms] [LOG] [ChatTransport] responseHandler called, data: {"type":"delta","content":"天","error":null,"message_id":"f438a9bb-daaa-4770-9a69-93c7f00ba631","conversation_id":null,"itinerary":null,"stage":null} @ webpack-internal:///(app-pages-browser)/./lib/chat-transport.ts:137
[   60918ms] [LOG] [ChatTransport] onmessage triggered, has currentResponseHandler: true @ webpack-internal:///(app-pages-browser)/./lib/chat-transport.ts:41
[   60919ms] [LOG] [ChatTransport] responseHandler called, data: {"type":"delta","content":"\n","error":null,"message_id":"f438a9bb-daaa-4770-9a69-93c7f00ba631","conversation_id":null,"itinerary":null,"stage":null} @ webpack-internal:///(app-pages-browser)/./lib/chat-transport.ts:137
[   60919ms] [LOG] [ChatTransport] onmessage triggered, has currentResponseHandler: true @ webpack-internal:///(app-pages-browser)/./lib/chat-transport.ts:41
[   60919ms] [LOG] [ChatTransport] responseHandler called, data: {"type":"delta","content":"-","error":null,"message_id":"f438a9bb-daaa-4770-9a69-93c7f00ba631","conversation_id":null,"itinerary":null,"stage":null} @ webpack-internal:///(app-pages-browser)/./lib/chat-transport.ts:137
[   60919ms] [LOG] [ChatTransport] onmessage triggered, has currentResponseHandler: true @ webpack-internal:///(app-pages-browser)/./lib/chat-transport.ts:41
[   60919ms] [LOG] [ChatTransport] responseHandler called, data: {"type":"delta","content":" **","error":null,"message_id":"f438a9bb-daaa-4770-9a69-93c7f00ba631","conversation_id":null,"itinerary":null,"stage":null} @ webpack-internal:///(app-pages-browser)/./lib/chat-transport.ts:137
[   60960ms] [LOG] [ChatTransport] onmessage triggered, has currentResponseHandler: true @ webpack-internal:///(app-pages-browser)/./lib/chat-transport.ts:41
[   60960ms] [LOG] [ChatTransport] responseHandler called, data: {"type":"delta","content":"三年","error":null,"message_id":"f438a9bb-daaa-4770-9a69-93c7f00ba631","conversation_id":null,"itinerary":null,"stage":null} @ webpack-internal:///(app-pages-browser)/./lib/chat-transport.ts:137
[   61017ms] [LOG] [ChatTransport] onmessage triggered, has currentResponseHandler: true @ webpack-internal:///(app-pages-browser)/./lib/chat-transport.ts:41
[   61017ms] [LOG] [ChatTransport] responseHandler called, data: {"type":"delta","content":"多次","error":null,"message_id":"f438a9bb-daaa-4770-9a69-93c7f00ba631","conversation_id":null,"itinerary":null,"stage":null} @ webpack-internal:///(app-pages-browser)/./lib/chat-transport.ts:137
[   61017ms] [LOG] [ChatTransport] onmessage triggered, has currentResponseHandler: true @ webpack-internal:///(app-pages-browser)/./lib/chat-transport.ts:41
[   61018ms] [LOG] [ChatTransport] responseHandler called, data: {"type":"delta","content":"签证","error":null,"message_id":"f438a9bb-daaa-4770-9a69-93c7f00ba631","conversation_id":null,"itinerary":null,"stage":null} @ webpack-internal:///(app-pages-browser)/./lib/chat-transport.ts:137
[   61099ms] [LOG] [ChatTransport] onmessage triggered, has currentResponseHandler: true @ webpack-internal:///(app-pages-browser)/./lib/chat-transport.ts:41
[   61099ms] [LOG] [ChatTransport] responseHandler called, data: {"type":"delta","content":"**","error":null,"message_id":"f438a9bb-daaa-4770-9a69-93c7f00ba631","conversation_id":null,"itinerary":null,"stage":null} @ webpack-internal:///(app-pages-browser)/./lib/chat-transport.ts:137
[   61121ms] [LOG] [ChatTransport] onmessage triggered, has currentResponseHandler: true @ webpack-internal:///(app-pages-browser)/./lib/chat-transport.ts:41
[   61122ms] [LOG] [ChatTransport] responseHandler called, data: {"type":"delta","content":"：","error":null,"message_id":"f438a9bb-daaa-4770-9a69-93c7f00ba631","conversation_id":null,"itinerary":null,"stage":null} @ webpack-internal:///(app-pages-browser)/./lib/chat-transport.ts:137
[   61153ms] [LOG] [ChatTransport] onmessage triggered, has currentResponseHandler: true @ webpack-internal:///(app-pages-browser)/./lib/chat-transport.ts:41
[   61153ms] [LOG] [ChatTransport] responseHandler called, data: {"type":"delta","content":"有效期","error":null,"message_id":"f438a9bb-daaa-4770-9a69-93c7f00ba631","conversation_id":null,"itinerary":null,"stage":null} @ webpack-internal:///(app-pages-browser)/./lib/chat-transport.ts:137
[   61175ms] [LOG] [ChatTransport] onmessage triggered, has currentResponseHandler: true @ webpack-internal:///(app-pages-browser)/./lib/chat-transport.ts:41
[   61175ms] [LOG] [ChatTransport] responseHandler called, data: {"type":"delta","content":"3","error":null,"message_id":"f438a9bb-daaa-4770-9a69-93c7f00ba631","conversation_id":null,"itinerary":null,"stage":null} @ webpack-internal:///(app-pages-browser)/./lib/chat-transport.ts:137
[   61211ms] [LOG] [ChatTransport] onmessage triggered, has currentResponseHandler: true @ webpack-internal:///(app-pages-browser)/./lib/chat-transport.ts:41
[   61211ms] [LOG] [ChatTransport] responseHandler called, data: {"type":"delta","content":"年","error":null,"message_id":"f438a9bb-daaa-4770-9a69-93c7f00ba631","conversation_id":null,"itinerary":null,"stage":null} @ webpack-internal:///(app-pages-browser)/./lib/chat-transport.ts:137
[   61231ms] [LOG] [ChatTransport] onmessage triggered, has currentResponseHandler: true @ webpack-internal:///(app-pages-browser)/./lib/chat-transport.ts:41
[   61232ms] [LOG] [ChatTransport] responseHandler called, data: {"type":"delta","content":"，","error":null,"message_id":"f438a9bb-daaa-4770-9a69-93c7f00ba631","conversation_id":null,"itinerary":null,"stage":null} @ webpack-internal:///(app-pages-browser)/./lib/chat-transport.ts:137
[   61288ms] [LOG] [ChatTransport] onmessage triggered, has currentResponseHandler: true @ webpack-internal:///(app-pages-browser)/./lib/chat-transport.ts:41
[   61288ms] [LOG] [ChatTransport] responseHandler called, data: {"type":"delta","content":"每次","error":null,"message_id":"f438a9bb-daaa-4770-9a69-93c7f00ba631","conversation_id":null,"itinerary":null,"stage":null} @ webpack-internal:///(app-pages-browser)/./lib/chat-transport.ts:137
[   61288ms] [LOG] [ChatTransport] onmessage triggered, has currentResponseHandler: true @ webpack-internal:///(app-pages-browser)/./lib/chat-transport.ts:41
[   61288ms] [LOG] [ChatTransport] responseHandler called, data: {"type":"delta","content":"停留","error":null,"message_id":"f438a9bb-daaa-4770-9a69-93c7f00ba631","conversation_id":null,"itinerary":null,"stage":null} @ webpack-internal:///(app-pages-browser)/./lib/chat-transport.ts:137
[   61326ms] [LOG] [ChatTransport] onmessage triggered, has currentResponseHandler: true @ webpack-internal:///(app-pages-browser)/./lib/chat-transport.ts:41
[   61326ms] [LOG] [ChatTransport] responseHandler called, data: {"type":"delta","content":"最多","error":null,"message_id":"f438a9bb-daaa-4770-9a69-93c7f00ba631","conversation_id":null,"itinerary":null,"stage":null} @ webpack-internal:///(app-pages-browser)/./lib/chat-transport.ts:137
[   61389ms] [LOG] [ChatTransport] onmessage triggered, has currentResponseHandler: true @ webpack-internal:///(app-pages-browser)/./lib/chat-transport.ts:41
[   61389ms] [LOG] [ChatTransport] responseHandler called, data: {"type":"delta","content":"30","error":null,"message_id":"f438a9bb-daaa-4770-9a69-93c7f00ba631","conversation_id":null,"itinerary":null,"stage":null} @ webpack-internal:///(app-pages-browser)/./lib/chat-transport.ts:137
[   61405ms] [LOG] [ChatTransport] onmessage triggered, has currentResponseHandler: true @ webpack-internal:///(app-pages-browser)/./lib/chat-transport.ts:41
[   61405ms] [LOG] [ChatTransport] responseHandler called, data: {"type":"delta","content":"天","error":null,"message_id":"f438a9bb-daaa-4770-9a69-93c7f00ba631","conversation_id":null,"itinerary":null,"stage":null} @ webpack-internal:///(app-pages-browser)/./lib/chat-transport.ts:137
[   61456ms] [LOG] [ChatTransport] onmessage triggered, has currentResponseHandler: true @ webpack-internal:///(app-pages-browser)/./lib/chat-transport.ts:41
[   61457ms] [LOG] [ChatTransport] responseHandler called, data: {"type":"delta","content":"\n","error":null,"message_id":"f438a9bb-daaa-4770-9a69-93c7f00ba631","conversation_id":null,"itinerary":null,"stage":null} @ webpack-internal:///(app-pages-browser)/./lib/chat-transport.ts:137
[   61468ms] [LOG] [ChatTransport] onmessage triggered, has currentResponseHandler: true @ webpack-internal:///(app-pages-browser)/./lib/chat-transport.ts:41
[   61468ms] [LOG] [ChatTransport] responseHandler called, data: {"type":"delta","content":"-","error":null,"message_id":"f438a9bb-daaa-4770-9a69-93c7f00ba631","conversation_id":null,"itinerary":null,"stage":null} @ webpack-internal:///(app-pages-browser)/./lib/chat-transport.ts:137
[   61564ms] [LOG] [ChatTransport] onmessage triggered, has currentResponseHandler: true @ webpack-internal:///(app-pages-browser)/./lib/chat-transport.ts:41
[   61564ms] [LOG] [ChatTransport] responseHandler called, data: {"type":"delta","content":" **","error":null,"message_id":"f438a9bb-daaa-4770-9a69-93c7f00ba631","conversation_id":null,"itinerary":null,"stage":null} @ webpack-internal:///(app-pages-browser)/./lib/chat-transport.ts:137
[   61565ms] [LOG] [ChatTransport] onmessage triggered, has currentResponseHandler: true @ webpack-internal:///(app-pages-browser)/./lib/chat-transport.ts:41
[   61565ms] [LOG] [ChatTransport] responseHandler called, data: {"type":"delta","content":"五年","error":null,"message_id":"f438a9bb-daaa-4770-9a69-93c7f00ba631","conversation_id":null,"itinerary":null,"stage":null} @ webpack-internal:///(app-pages-browser)/./lib/chat-transport.ts:137
[   61582ms] [LOG] [ChatTransport] onmessage triggered, has currentResponseHandler: true @ webpack-internal:///(app-pages-browser)/./lib/chat-transport.ts:41
[   61583ms] [LOG] [ChatTransport] responseHandler called, data: {"type":"delta","content":"多次","error":null,"message_id":"f438a9bb-daaa-4770-9a69-93c7f00ba631","conversation_id":null,"itinerary":null,"stage":null} @ webpack-internal:///(app-pages-browser)/./lib/chat-transport.ts:137
[   61586ms] [LOG] [ChatTransport] onmessage triggered, has currentResponseHandler: true @ webpack-internal:///(app-pages-browser)/./lib/chat-transport.ts:41
[   61587ms] [LOG] [ChatTransport] responseHandler called, data: {"type":"delta","content":"签证","error":null,"message_id":"f438a9bb-daaa-4770-9a69-93c7f00ba631","conversation_id":null,"itinerary":null,"stage":null} @ webpack-internal:///(app-pages-browser)/./lib/chat-transport.ts:137
[   61640ms] [LOG] [ChatTransport] onmessage triggered, has currentResponseHandler: true @ webpack-internal:///(app-pages-browser)/./lib/chat-transport.ts:41
[   61640ms] [LOG] [ChatTransport] responseHandler called, data: {"type":"delta","content":"**","error":null,"message_id":"f438a9bb-daaa-4770-9a69-93c7f00ba631","conversation_id":null,"itinerary":null,"stage":null} @ webpack-internal:///(app-pages-browser)/./lib/chat-transport.ts:137
[   61642ms] [LOG] [ChatTransport] onmessage triggered, has currentResponseHandler: true @ webpack-internal:///(app-pages-browser)/./lib/chat-transport.ts:41
[   61642ms] [LOG] [ChatTransport] responseHandler called, data: {"type":"delta","content":"：","error":null,"message_id":"f438a9bb-daaa-4770-9a69-93c7f00ba631","conversation_id":null,"itinerary":null,"stage":null} @ webpack-internal:///(app-pages-browser)/./lib/chat-transport.ts:137
[   61710ms] [LOG] [ChatTransport] onmessage triggered, has currentResponseHandler: true @ webpack-internal:///(app-pages-browser)/./lib/chat-transport.ts:41
[   61710ms] [LOG] [ChatTransport] responseHandler called, data: {"type":"delta","content":"有效期","error":null,"message_id":"f438a9bb-daaa-4770-9a69-93c7f00ba631","conversation_id":null,"itinerary":null,"stage":null} @ webpack-internal:///(app-pages-browser)/./lib/chat-transport.ts:137
[   61713ms] [LOG] [ChatTransport] onmessage triggered, has currentResponseHandler: true @ webpack-internal:///(app-pages-browser)/./lib/chat-transport.ts:41
[   61713ms] [LOG] [ChatTransport] responseHandler called, data: {"type":"delta","content":"5","error":null,"message_id":"f438a9bb-daaa-4770-9a69-93c7f00ba631","conversation_id":null,"itinerary":null,"stage":null} @ webpack-internal:///(app-pages-browser)/./lib/chat-transport.ts:137
[   61785ms] [LOG] [ChatTransport] onmessage triggered, has currentResponseHandler: true @ webpack-internal:///(app-pages-browser)/./lib/chat-transport.ts:41
[   61785ms] [LOG] [ChatTransport] responseHandler called, data: {"type":"delta","content":"年","error":null,"message_id":"f438a9bb-daaa-4770-9a69-93c7f00ba631","conversation_id":null,"itinerary":null,"stage":null} @ webpack-internal:///(app-pages-browser)/./lib/chat-transport.ts:137
[   61788ms] [LOG] [ChatTransport] onmessage triggered, has currentResponseHandler: true @ webpack-internal:///(app-pages-browser)/./lib/chat-transport.ts:41
[   61788ms] [LOG] [ChatTransport] responseHandler called, data: {"type":"delta","content":"，","error":null,"message_id":"f438a9bb-daaa-4770-9a69-93c7f00ba631","conversation_id":null,"itinerary":null,"stage":null} @ webpack-internal:///(app-pages-browser)/./lib/chat-transport.ts:137
[   61822ms] [LOG] [ChatTransport] onmessage triggered, has currentResponseHandler: true @ webpack-internal:///(app-pages-browser)/./lib/chat-transport.ts:41
[   61822ms] [LOG] [ChatTransport] responseHandler called, data: {"type":"delta","content":"每次","error":null,"message_id":"f438a9bb-daaa-4770-9a69-93c7f00ba631","conversation_id":null,"itinerary":null,"stage":null} @ webpack-internal:///(app-pages-browser)/./lib/chat-transport.ts:137
[   61827ms] [LOG] [ChatTransport] onmessage triggered, has currentResponseHandler: true @ webpack-internal:///(app-pages-browser)/./lib/chat-transport.ts:41
[   61829ms] [LOG] [ChatTransport] responseHandler called, data: {"type":"delta","content":"停留","error":null,"message_id":"f438a9bb-daaa-4770-9a69-93c7f00ba631","conversation_id":null,"itinerary":null,"stage":null} @ webpack-internal:///(app-pages-browser)/./lib/chat-transport.ts:137
[   61887ms] [LOG] [ChatTransport] onmessage triggered, has currentResponseHandler: true @ webpack-internal:///(app-pages-browser)/./lib/chat-transport.ts:41
[   61888ms] [LOG] [ChatTransport] responseHandler called, data: {"type":"delta","content":"最多","error":null,"message_id":"f438a9bb-daaa-4770-9a69-93c7f00ba631","conversation_id":null,"itinerary":null,"stage":null} @ webpack-internal:///(app-pages-browser)/./lib/chat-transport.ts:137
[   61912ms] [LOG] [ChatTransport] onmessage triggered, has currentResponseHandler: true @ webpack-internal:///(app-pages-browser)/./lib/chat-transport.ts:41
[   61912ms] [LOG] [ChatTransport] responseHandler called, data: {"type":"delta","content":"90","error":null,"message_id":"f438a9bb-daaa-4770-9a69-93c7f00ba631","conversation_id":null,"itinerary":null,"stage":null} @ webpack-internal:///(app-pages-browser)/./lib/chat-transport.ts:137
[   61991ms] [LOG] [ChatTransport] onmessage triggered, has currentResponseHandler: true @ webpack-internal:///(app-pages-browser)/./lib/chat-transport.ts:41
[   61991ms] [LOG] [ChatTransport] responseHandler called, data: {"type":"delta","content":"天","error":null,"message_id":"f438a9bb-daaa-4770-9a69-93c7f00ba631","conversation_id":null,"itinerary":null,"stage":null} @ webpack-internal:///(app-pages-browser)/./lib/chat-transport.ts:137
[   62014ms] [LOG] [ChatTransport] onmessage triggered, has currentResponseHandler: true @ webpack-internal:///(app-pages-browser)/./lib/chat-transport.ts:41
[   62014ms] [LOG] [ChatTransport] responseHandler called, data: {"type":"delta","content":"\n\n","error":null,"message_id":"f438a9bb-daaa-4770-9a69-93c7f00ba631","conversation_id":null,"itinerary":null,"stage":null} @ webpack-internal:///(app-pages-browser)/./lib/chat-transport.ts:137
[   62034ms] [LOG] [ChatTransport] onmessage triggered, has currentResponseHandler: true @ webpack-internal:///(app-pages-browser)/./lib/chat-transport.ts:41
[   62034ms] [LOG] [ChatTransport] responseHandler called, data: {"type":"delta","content":"###","error":null,"message_id":"f438a9bb-daaa-4770-9a69-93c7f00ba631","conversation_id":null,"itinerary":null,"stage":null} @ webpack-internal:///(app-pages-browser)/./lib/chat-transport.ts:137
[   62046ms] [LOG] [ChatTransport] onmessage triggered, has currentResponseHandler: true @ webpack-internal:///(app-pages-browser)/./lib/chat-transport.ts:41
[   62046ms] [LOG] [ChatTransport] responseHandler called, data: {"type":"delta","content":" **","error":null,"message_id":"f438a9bb-daaa-4770-9a69-93c7f00ba631","conversation_id":null,"itinerary":null,"stage":null} @ webpack-internal:///(app-pages-browser)/./lib/chat-transport.ts:137
[   62076ms] [LOG] [ChatTransport] onmessage triggered, has currentResponseHandler: true @ webpack-internal:///(app-pages-browser)/./lib/chat-transport.ts:41
[   62076ms] [LOG] [ChatTransport] responseHandler called, data: {"type":"delta","content":"2","error":null,"message_id":"f438a9bb-daaa-4770-9a69-93c7f00ba631","conversation_id":null,"itinerary":null,"stage":null} @ webpack-internal:///(app-pages-browser)/./lib/chat-transport.ts:137
[   62088ms] [LOG] [ChatTransport] onmessage triggered, has currentResponseHandler: true @ webpack-internal:///(app-pages-browser)/./lib/chat-transport.ts:41
[   62088ms] [LOG] [ChatTransport] responseHandler called, data: {"type":"delta","content":".","error":null,"message_id":"f438a9bb-daaa-4770-9a69-93c7f00ba631","conversation_id":null,"itinerary":null,"stage":null} @ webpack-internal:///(app-pages-browser)/./lib/chat-transport.ts:137
[   62133ms] [LOG] [ChatTransport] onmessage triggered, has currentResponseHandler: true @ webpack-internal:///(app-pages-browser)/./lib/chat-transport.ts:41
[   62133ms] [LOG] [ChatTransport] responseHandler called, data: {"type":"delta","content":" ","error":null,"message_id":"f438a9bb-daaa-4770-9a69-93c7f00ba631","conversation_id":null,"itinerary":null,"stage":null} @ webpack-internal:///(app-pages-browser)/./lib/chat-transport.ts:137
[   62158ms] [LOG] [ChatTransport] onmessage triggered, has currentResponseHandler: true @ webpack-internal:///(app-pages-browser)/./lib/chat-transport.ts:41
[   62159ms] [LOG] [ChatTransport] responseHandler called, data: {"type":"delta","content":"其他","error":null,"message_id":"f438a9bb-daaa-4770-9a69-93c7f00ba631","conversation_id":null,"itinerary":null,"stage":null} @ webpack-internal:///(app-pages-browser)/./lib/chat-transport.ts:137
[   62196ms] [LOG] [ChatTransport] onmessage triggered, has currentResponseHandler: true @ webpack-internal:///(app-pages-browser)/./lib/chat-transport.ts:41
[   62196ms] [LOG] [ChatTransport] responseHandler called, data: {"type":"delta","content":"常见","error":null,"message_id":"f438a9bb-daaa-4770-9a69-93c7f00ba631","conversation_id":null,"itinerary":null,"stage":null} @ webpack-internal:///(app-pages-browser)/./lib/chat-transport.ts:137
[   62210ms] [LOG] [ChatTransport] onmessage triggered, has currentResponseHandler: true @ webpack-internal:///(app-pages-browser)/./lib/chat-transport.ts:41
[   62210ms] [LOG] [ChatTransport] responseHandler called, data: {"type":"delta","content":"类型","error":null,"message_id":"f438a9bb-daaa-4770-9a69-93c7f00ba631","conversation_id":null,"itinerary":null,"stage":null} @ webpack-internal:///(app-pages-browser)/./lib/chat-transport.ts:137
[   62254ms] [LOG] [ChatTransport] onmessage triggered, has currentResponseHandler: true @ webpack-internal:///(app-pages-browser)/./lib/chat-transport.ts:41
[   62254ms] [LOG] [ChatTransport] responseHandler called, data: {"type":"delta","content":"**\n","error":null,"message_id":"f438a9bb-daaa-4770-9a69-93c7f00ba631","conversation_id":null,"itinerary":null,"stage":null} @ webpack-internal:///(app-pages-browser)/./lib/chat-transport.ts:137
[   62279ms] [LOG] [ChatTransport] onmessage triggered, has currentResponseHandler: true @ webpack-internal:///(app-pages-browser)/./lib/chat-transport.ts:41
[   62279ms] [LOG] [ChatTransport] responseHandler called, data: {"type":"delta","content":"-","error":null,"message_id":"f438a9bb-daaa-4770-9a69-93c7f00ba631","conversation_id":null,"itinerary":null,"stage":null} @ webpack-internal:///(app-pages-browser)/./lib/chat-transport.ts:137
[   62319ms] [LOG] [ChatTransport] onmessage triggered, has currentResponseHandler: true @ webpack-internal:///(app-pages-browser)/./lib/chat-transport.ts:41
[   62319ms] [LOG] [ChatTransport] responseHandler called, data: {"type":"delta","content":" ","error":null,"message_id":"f438a9bb-daaa-4770-9a69-93c7f00ba631","conversation_id":null,"itinerary":null,"stage":null} @ webpack-internal:///(app-pages-browser)/./lib/chat-transport.ts:137
[   62342ms] [LOG] [ChatTransport] onmessage triggered, has currentResponseHandler: true @ webpack-internal:///(app-pages-browser)/./lib/chat-transport.ts:41
[   62343ms] [LOG] [ChatTransport] responseHandler called, data: {"type":"delta","content":"商务","error":null,"message_id":"f438a9bb-daaa-4770-9a69-93c7f00ba631","conversation_id":null,"itinerary":null,"stage":null} @ webpack-internal:///(app-pages-browser)/./lib/chat-transport.ts:137
[   62388ms] [LOG] [ChatTransport] onmessage triggered, has currentResponseHandler: true @ webpack-internal:///(app-pages-browser)/./lib/chat-transport.ts:41
[   62388ms] [LOG] [ChatTransport] responseHandler called, data: {"type":"delta","content":"签证","error":null,"message_id":"f438a9bb-daaa-4770-9a69-93c7f00ba631","conversation_id":null,"itinerary":null,"stage":null} @ webpack-internal:///(app-pages-browser)/./lib/chat-transport.ts:137
[   62412ms] [LOG] [ChatTransport] onmessage triggered, has currentResponseHandler: true @ webpack-internal:///(app-pages-browser)/./lib/chat-transport.ts:41
[   62412ms] [LOG] [ChatTransport] responseHandler called, data: {"type":"delta","content":"\n","error":null,"message_id":"f438a9bb-daaa-4770-9a69-93c7f00ba631","conversation_id":null,"itinerary":null,"stage":null} @ webpack-internal:///(app-pages-browser)/./lib/chat-transport.ts:137
[   62444ms] [LOG] [ChatTransport] onmessage triggered, has currentResponseHandler: true @ webpack-internal:///(app-pages-browser)/./lib/chat-transport.ts:41
[   62445ms] [LOG] [ChatTransport] responseHandler called, data: {"type":"delta","content":"-","error":null,"message_id":"f438a9bb-daaa-4770-9a69-93c7f00ba631","conversation_id":null,"itinerary":null,"stage":null} @ webpack-internal:///(app-pages-browser)/./lib/chat-transport.ts:137
[   62455ms] [LOG] [ChatTransport] onmessage triggered, has currentResponseHandler: true @ webpack-internal:///(app-pages-browser)/./lib/chat-transport.ts:41
[   62456ms] [LOG] [ChatTransport] responseHandler called, data: {"type":"delta","content":" ","error":null,"message_id":"f438a9bb-daaa-4770-9a69-93c7f00ba631","conversation_id":null,"itinerary":null,"stage":null} @ webpack-internal:///(app-pages-browser)/./lib/chat-transport.ts:137
[   62512ms] [LOG] [ChatTransport] onmessage triggered, has currentResponseHandler: true @ webpack-internal:///(app-pages-browser)/./lib/chat-transport.ts:41
[   62512ms] [LOG] [ChatTransport] responseHandler called, data: {"type":"delta","content":"探","error":null,"message_id":"f438a9bb-daaa-4770-9a69-93c7f00ba631","conversation_id":null,"itinerary":null,"stage":null} @ webpack-internal:///(app-pages-browser)/./lib/chat-transport.ts:137
[   62515ms] [LOG] [ChatTransport] onmessage triggered, has currentResponseHandler: true @ webpack-internal:///(app-pages-browser)/./lib/chat-transport.ts:41
[   62515ms] [LOG] [ChatTransport] responseHandler called, data: {"type":"delta","content":"亲","error":null,"message_id":"f438a9bb-daaa-4770-9a69-93c7f00ba631","conversation_id":null,"itinerary":null,"stage":null} @ webpack-internal:///(app-pages-browser)/./lib/chat-transport.ts:137
[   62579ms] [LOG] [ChatTransport] onmessage triggered, has currentResponseHandler: true @ webpack-internal:///(app-pages-browser)/./lib/chat-transport.ts:41
[   62579ms] [LOG] [ChatTransport] responseHandler called, data: {"type":"delta","content":"访","error":null,"message_id":"f438a9bb-daaa-4770-9a69-93c7f00ba631","conversation_id":null,"itinerary":null,"stage":null} @ webpack-internal:///(app-pages-browser)/./lib/chat-transport.ts:137
[   62586ms] [LOG] [ChatTransport] onmessage triggered, has currentResponseHandler: true @ webpack-internal:///(app-pages-browser)/./lib/chat-transport.ts:41
[   62586ms] [LOG] [ChatTransport] responseHandler called, data: {"type":"delta","content":"友","error":null,"message_id":"f438a9bb-daaa-4770-9a69-93c7f00ba631","conversation_id":null,"itinerary":null,"stage":null} @ webpack-internal:///(app-pages-browser)/./lib/chat-transport.ts:137
[   62636ms] [LOG] [ChatTransport] onmessage triggered, has currentResponseHandler: true @ webpack-internal:///(app-pages-browser)/./lib/chat-transport.ts:41
[   62636ms] [LOG] [ChatTransport] responseHandler called, data: {"type":"delta","content":"签证","error":null,"message_id":"f438a9bb-daaa-4770-9a69-93c7f00ba631","conversation_id":null,"itinerary":null,"stage":null} @ webpack-internal:///(app-pages-browser)/./lib/chat-transport.ts:137
[   62641ms] [LOG] [ChatTransport] onmessage triggered, has currentResponseHandler: true @ webpack-internal:///(app-pages-browser)/./lib/chat-transport.ts:41
[   62641ms] [LOG] [ChatTransport] responseHandler called, data: {"type":"delta","content":"\n","error":null,"message_id":"f438a9bb-daaa-4770-9a69-93c7f00ba631","conversation_id":null,"itinerary":null,"stage":null} @ webpack-internal:///(app-pages-browser)/./lib/chat-transport.ts:137
[   62694ms] [LOG] [ChatTransport] onmessage triggered, has currentResponseHandler: true @ webpack-internal:///(app-pages-browser)/./lib/chat-transport.ts:41
[   62694ms] [LOG] [ChatTransport] responseHandler called, data: {"type":"delta","content":"-","error":null,"message_id":"f438a9bb-daaa-4770-9a69-93c7f00ba631","conversation_id":null,"itinerary":null,"stage":null} @ webpack-internal:///(app-pages-browser)/./lib/chat-transport.ts:137
[   62701ms] [LOG] [ChatTransport] onmessage triggered, has currentResponseHandler: true @ webpack-internal:///(app-pages-browser)/./lib/chat-transport.ts:41
[   62701ms] [LOG] [ChatTransport] responseHandler called, data: {"type":"delta","content":" ","error":null,"message_id":"f438a9bb-daaa-4770-9a69-93c7f00ba631","conversation_id":null,"itinerary":null,"stage":null} @ webpack-internal:///(app-pages-browser)/./lib/chat-transport.ts:137
[   62758ms] [LOG] [ChatTransport] onmessage triggered, has currentResponseHandler: true @ webpack-internal:///(app-pages-browser)/./lib/chat-transport.ts:41
[   62758ms] [LOG] [ChatTransport] responseHandler called, data: {"type":"delta","content":"留学","error":null,"message_id":"f438a9bb-daaa-4770-9a69-93c7f00ba631","conversation_id":null,"itinerary":null,"stage":null} @ webpack-internal:///(app-pages-browser)/./lib/chat-transport.ts:137
[   62764ms] [LOG] [ChatTransport] onmessage triggered, has currentResponseHandler: true @ webpack-internal:///(app-pages-browser)/./lib/chat-transport.ts:41
[   62764ms] [LOG] [ChatTransport] responseHandler called, data: {"type":"delta","content":"签证","error":null,"message_id":"f438a9bb-daaa-4770-9a69-93c7f00ba631","conversation_id":null,"itinerary":null,"stage":null} @ webpack-internal:///(app-pages-browser)/./lib/chat-transport.ts:137
[   62814ms] [LOG] [ChatTransport] onmessage triggered, has currentResponseHandler: true @ webpack-internal:///(app-pages-browser)/./lib/chat-transport.ts:41
[   62814ms] [LOG] [ChatTransport] responseHandler called, data: {"type":"delta","content":"\n","error":null,"message_id":"f438a9bb-daaa-4770-9a69-93c7f00ba631","conversation_id":null,"itinerary":null,"stage":null} @ webpack-internal:///(app-pages-browser)/./lib/chat-transport.ts:137
[   62815ms] [LOG] [ChatTransport] onmessage triggered, has currentResponseHandler: true @ webpack-internal:///(app-pages-browser)/./lib/chat-transport.ts:41
[   62815ms] [LOG] [ChatTransport] responseHandler called, data: {"type":"delta","content":"-","error":null,"message_id":"f438a9bb-daaa-4770-9a69-93c7f00ba631","conversation_id":null,"itinerary":null,"stage":null} @ webpack-internal:///(app-pages-browser)/./lib/chat-transport.ts:137
[   62878ms] [LOG] [ChatTransport] onmessage triggered, has currentResponseHandler: true @ webpack-internal:///(app-pages-browser)/./lib/chat-transport.ts:41
[   62878ms] [LOG] [ChatTransport] responseHandler called, data: {"type":"delta","content":" ","error":null,"message_id":"f438a9bb-daaa-4770-9a69-93c7f00ba631","conversation_id":null,"itinerary":null,"stage":null} @ webpack-internal:///(app-pages-browser)/./lib/chat-transport.ts:137
[   62883ms] [LOG] [ChatTransport] onmessage triggered, has currentResponseHandler: true @ webpack-internal:///(app-pages-browser)/./lib/chat-transport.ts:41
[   62883ms] [LOG] [ChatTransport] responseHandler called, data: {"type":"delta","content":"工作","error":null,"message_id":"f438a9bb-daaa-4770-9a69-93c7f00ba631","conversation_id":null,"itinerary":null,"stage":null} @ webpack-internal:///(app-pages-browser)/./lib/chat-transport.ts:137
[   62945ms] [LOG] [ChatTransport] onmessage triggered, has currentResponseHandler: true @ webpack-internal:///(app-pages-browser)/./lib/chat-transport.ts:41
[   62946ms] [LOG] [ChatTransport] responseHandler called, data: {"type":"delta","content":"签证","error":null,"message_id":"f438a9bb-daaa-4770-9a69-93c7f00ba631","conversation_id":null,"itinerary":null,"stage":null} @ webpack-internal:///(app-pages-browser)/./lib/chat-transport.ts:137
[   62946ms] [LOG] [ChatTransport] onmessage triggered, has currentResponseHandler: true @ webpack-internal:///(app-pages-browser)/./lib/chat-transport.ts:41
[   62946ms] [LOG] [ChatTransport] responseHandler called, data: {"type":"delta","content":"\n\n","error":null,"message_id":"f438a9bb-daaa-4770-9a69-93c7f00ba631","conversation_id":null,"itinerary":null,"stage":null} @ webpack-internal:///(app-pages-browser)/./lib/chat-transport.ts:137
[   63058ms] [LOG] [ChatTransport] onmessage triggered, has currentResponseHandler: true @ webpack-internal:///(app-pages-browser)/./lib/chat-transport.ts:41
[   63058ms] [LOG] [ChatTransport] responseHandler called, data: {"type":"delta","content":"##","error":null,"message_id":"f438a9bb-daaa-4770-9a69-93c7f00ba631","conversation_id":null,"itinerary":null,"stage":null} @ webpack-internal:///(app-pages-browser)/./lib/chat-transport.ts:137
[   63080ms] [LOG] [ChatTransport] onmessage triggered, has currentResponseHandler: true @ webpack-internal:///(app-pages-browser)/./lib/chat-transport.ts:41
[   63080ms] [LOG] [ChatTransport] responseHandler called, data: {"type":"delta","content":" 📝","error":null,"message_id":"f438a9bb-daaa-4770-9a69-93c7f00ba631","conversation_id":null,"itinerary":null,"stage":null} @ webpack-internal:///(app-pages-browser)/./lib/chat-transport.ts:137
[   63108ms] [LOG] [ChatTransport] onmessage triggered, has currentResponseHandler: true @ webpack-internal:///(app-pages-browser)/./lib/chat-transport.ts:41
[   63108ms] [LOG] [ChatTransport] responseHandler called, data: {"type":"delta","content":" ","error":null,"message_id":"f438a9bb-daaa-4770-9a69-93c7f00ba631","conversation_id":null,"itinerary":null,"stage":null} @ webpack-internal:///(app-pages-browser)/./lib/chat-transport.ts:137
[   63129ms] [LOG] [ChatTransport] onmessage triggered, has currentResponseHandler: true @ webpack-internal:///(app-pages-browser)/./lib/chat-transport.ts:41
[   63129ms] [LOG] [ChatTransport] responseHandler called, data: {"type":"delta","content":"旅游","error":null,"message_id":"f438a9bb-daaa-4770-9a69-93c7f00ba631","conversation_id":null,"itinerary":null,"stage":null} @ webpack-internal:///(app-pages-browser)/./lib/chat-transport.ts:137
[   63181ms] [LOG] [ChatTransport] onmessage triggered, has currentResponseHandler: true @ webpack-internal:///(app-pages-browser)/./lib/chat-transport.ts:41
[   63181ms] [LOG] [ChatTransport] responseHandler called, data: {"type":"delta","content":"签证","error":null,"message_id":"f438a9bb-daaa-4770-9a69-93c7f00ba631","conversation_id":null,"itinerary":null,"stage":null} @ webpack-internal:///(app-pages-browser)/./lib/chat-transport.ts:137
[   63205ms] [LOG] [ChatTransport] onmessage triggered, has currentResponseHandler: true @ webpack-internal:///(app-pages-browser)/./lib/chat-transport.ts:41
[   63205ms] [LOG] [ChatTransport] responseHandler called, data: {"type":"delta","content":"申请","error":null,"message_id":"f438a9bb-daaa-4770-9a69-93c7f00ba631","conversation_id":null,"itinerary":null,"stage":null} @ webpack-internal:///(app-pages-browser)/./lib/chat-transport.ts:137
[   63253ms] [LOG] [ChatTransport] onmessage triggered, has currentResponseHandler: true @ webpack-internal:///(app-pages-browser)/./lib/chat-transport.ts:41
[   63253ms] [LOG] [ChatTransport] responseHandler called, data: {"type":"delta","content":"基本","error":null,"message_id":"f438a9bb-daaa-4770-9a69-93c7f00ba631","conversation_id":null,"itinerary":null,"stage":null} @ webpack-internal:///(app-pages-browser)/./lib/chat-transport.ts:137
[   63313ms] [LOG] [ChatTransport] onmessage triggered, has currentResponseHandler: true @ webpack-internal:///(app-pages-browser)/./lib/chat-transport.ts:41
[   63313ms] [LOG] [ChatTransport] responseHandler called, data: {"type":"delta","content":"材料","error":null,"message_id":"f438a9bb-daaa-4770-9a69-93c7f00ba631","conversation_id":null,"itinerary":null,"stage":null} @ webpack-internal:///(app-pages-browser)/./lib/chat-transport.ts:137
[   63402ms] [LOG] [ChatTransport] onmessage triggered, has currentResponseHandler: true @ webpack-internal:///(app-pages-browser)/./lib/chat-transport.ts:41
[   63403ms] [LOG] [ChatTransport] responseHandler called, data: {"type":"delta","content":"\n\n","error":null,"message_id":"f438a9bb-daaa-4770-9a69-93c7f00ba631","conversation_id":null,"itinerary":null,"stage":null} @ webpack-internal:///(app-pages-browser)/./lib/chat-transport.ts:137
[   63424ms] [LOG] [ChatTransport] onmessage triggered, has currentResponseHandler: true @ webpack-internal:///(app-pages-browser)/./lib/chat-transport.ts:41
[   63424ms] [LOG] [ChatTransport] responseHandler called, data: {"type":"delta","content":"**","error":null,"message_id":"f438a9bb-daaa-4770-9a69-93c7f00ba631","conversation_id":null,"itinerary":null,"stage":null} @ webpack-internal:///(app-pages-browser)/./lib/chat-transport.ts:137
[   63447ms] [LOG] [ChatTransport] onmessage triggered, has currentResponseHandler: true @ webpack-internal:///(app-pages-browser)/./lib/chat-transport.ts:41
[   63447ms] [LOG] [ChatTransport] responseHandler called, data: {"type":"delta","content":"通常","error":null,"message_id":"f438a9bb-daaa-4770-9a69-93c7f00ba631","conversation_id":null,"itinerary":null,"stage":null} @ webpack-internal:///(app-pages-browser)/./lib/chat-transport.ts:137
[   63500ms] [LOG] [ChatTransport] onmessage triggered, has currentResponseHandler: true @ webpack-internal:///(app-pages-browser)/./lib/chat-transport.ts:41
[   63500ms] [LOG] [ChatTransport] responseHandler called, data: {"type":"delta","content":"需要","error":null,"message_id":"f438a9bb-daaa-4770-9a69-93c7f00ba631","conversation_id":null,"itinerary":null,"stage":null} @ webpack-internal:///(app-pages-browser)/./lib/chat-transport.ts:137
[   63576ms] [LOG] [ChatTransport] onmessage triggered, has currentResponseHandler: true @ webpack-internal:///(app-pages-browser)/./lib/chat-transport.ts:41
[   63576ms] [LOG] [ChatTransport] responseHandler called, data: {"type":"delta","content":"：","error":null,"message_id":"f438a9bb-daaa-4770-9a69-93c7f00ba631","conversation_id":null,"itinerary":null,"stage":null} @ webpack-internal:///(app-pages-browser)/./lib/chat-transport.ts:137
[   63576ms] [LOG] [ChatTransport] onmessage triggered, has currentResponseHandler: true @ webpack-internal:///(app-pages-browser)/./lib/chat-transport.ts:41
[   63577ms] [LOG] [ChatTransport] responseHandler called, data: {"type":"delta","content":"**\n","error":null,"message_id":"f438a9bb-daaa-4770-9a69-93c7f00ba631","conversation_id":null,"itinerary":null,"stage":null} @ webpack-internal:///(app-pages-browser)/./lib/chat-transport.ts:137
[   63661ms] [LOG] [ChatTransport] onmessage triggered, has currentResponseHandler: true @ webpack-internal:///(app-pages-browser)/./lib/chat-transport.ts:41
[   63661ms] [LOG] [ChatTransport] responseHandler called, data: {"type":"delta","content":"1","error":null,"message_id":"f438a9bb-daaa-4770-9a69-93c7f00ba631","conversation_id":null,"itinerary":null,"stage":null} @ webpack-internal:///(app-pages-browser)/./lib/chat-transport.ts:137
[   63662ms] [LOG] [ChatTransport] onmessage triggered, has currentResponseHandler: true @ webpack-internal:///(app-pages-browser)/./lib/chat-transport.ts:41
[   63662ms] [LOG] [ChatTransport] responseHandler called, data: {"type":"delta","content":".","error":null,"message_id":"f438a9bb-daaa-4770-9a69-93c7f00ba631","conversation_id":null,"itinerary":null,"stage":null} @ webpack-internal:///(app-pages-browser)/./lib/chat-transport.ts:137
[   63689ms] [LOG] [ChatTransport] onmessage triggered, has currentResponseHandler: true @ webpack-internal:///(app-pages-browser)/./lib/chat-transport.ts:41
[   63689ms] [LOG] [ChatTransport] responseHandler called, data: {"type":"delta","content":" ","error":null,"message_id":"f438a9bb-daaa-4770-9a69-93c7f00ba631","conversation_id":null,"itinerary":null,"stage":null} @ webpack-internal:///(app-pages-browser)/./lib/chat-transport.ts:137
[   63739ms] [LOG] [ChatTransport] onmessage triggered, has currentResponseHandler: true @ webpack-internal:///(app-pages-browser)/./lib/chat-transport.ts:41
[   63739ms] [LOG] [ChatTransport] responseHandler called, data: {"type":"delta","content":"护照","error":null,"message_id":"f438a9bb-daaa-4770-9a69-93c7f00ba631","conversation_id":null,"itinerary":null,"stage":null} @ webpack-internal:///(app-pages-browser)/./lib/chat-transport.ts:137
[   63756ms] [LOG] [ChatTransport] onmessage triggered, has currentResponseHandler: true @ webpack-internal:///(app-pages-browser)/./lib/chat-transport.ts:41
[   63756ms] [LOG] [ChatTransport] responseHandler called, data: {"type":"delta","content":"原件","error":null,"message_id":"f438a9bb-daaa-4770-9a69-93c7f00ba631","conversation_id":null,"itinerary":null,"stage":null} @ webpack-internal:///(app-pages-browser)/./lib/chat-transport.ts:137
[   63839ms] [LOG] [ChatTransport] onmessage triggered, has currentResponseHandler: true @ webpack-internal:///(app-pages-browser)/./lib/chat-transport.ts:41
[   63839ms] [LOG] [ChatTransport] responseHandler called, data: {"type":"delta","content":"（","error":null,"message_id":"f438a9bb-daaa-4770-9a69-93c7f00ba631","conversation_id":null,"itinerary":null,"stage":null} @ webpack-internal:///(app-pages-browser)/./lib/chat-transport.ts:137
[   63840ms] [LOG] [ChatTransport] onmessage triggered, has currentResponseHandler: true @ webpack-internal:///(app-pages-browser)/./lib/chat-transport.ts:41
[   63840ms] [LOG] [ChatTransport] responseHandler called, data: {"type":"delta","content":"有效期","error":null,"message_id":"f438a9bb-daaa-4770-9a69-93c7f00ba631","conversation_id":null,"itinerary":null,"stage":null} @ webpack-internal:///(app-pages-browser)/./lib/chat-transport.ts:137
[   63866ms] [LOG] [ChatTransport] onmessage triggered, has currentResponseHandler: true @ webpack-internal:///(app-pages-browser)/./lib/chat-transport.ts:41
[   63866ms] [LOG] [ChatTransport] responseHandler called, data: {"type":"delta","content":"6","error":null,"message_id":"f438a9bb-daaa-4770-9a69-93c7f00ba631","conversation_id":null,"itinerary":null,"stage":null} @ webpack-internal:///(app-pages-browser)/./lib/chat-transport.ts:137
[   63866ms] [LOG] [ChatTransport] onmessage triggered, has currentResponseHandler: true @ webpack-internal:///(app-pages-browser)/./lib/chat-transport.ts:41
[   63866ms] [LOG] [ChatTransport] responseHandler called, data: {"type":"delta","content":"个月","error":null,"message_id":"f438a9bb-daaa-4770-9a69-93c7f00ba631","conversation_id":null,"itinerary":null,"stage":null} @ webpack-internal:///(app-pages-browser)/./lib/chat-transport.ts:137
[   63972ms] [LOG] [ChatTransport] onmessage triggered, has currentResponseHandler: true @ webpack-internal:///(app-pages-browser)/./lib/chat-transport.ts:41
[   63972ms] [LOG] [ChatTransport] responseHandler called, data: {"type":"delta","content":"以上","error":null,"message_id":"f438a9bb-daaa-4770-9a69-93c7f00ba631","conversation_id":null,"itinerary":null,"stage":null} @ webpack-internal:///(app-pages-browser)/./lib/chat-transport.ts:137
[   64000ms] [LOG] [ChatTransport] onmessage triggered, has currentResponseHandler: true @ webpack-internal:///(app-pages-browser)/./lib/chat-transport.ts:41
[   64001ms] [LOG] [ChatTransport] responseHandler called, data: {"type":"delta","content":"）\n","error":null,"message_id":"f438a9bb-daaa-4770-9a69-93c7f00ba631","conversation_id":null,"itinerary":null,"stage":null} @ webpack-internal:///(app-pages-browser)/./lib/chat-transport.ts:137
[   64023ms] [LOG] [ChatTransport] onmessage triggered, has currentResponseHandler: true @ webpack-internal:///(app-pages-browser)/./lib/chat-transport.ts:41
[   64024ms] [LOG] [ChatTransport] responseHandler called, data: {"type":"delta","content":"2","error":null,"message_id":"f438a9bb-daaa-4770-9a69-93c7f00ba631","conversation_id":null,"itinerary":null,"stage":null} @ webpack-internal:///(app-pages-browser)/./lib/chat-transport.ts:137
[   64024ms] [LOG] [ChatTransport] onmessage triggered, has currentResponseHandler: true @ webpack-internal:///(app-pages-browser)/./lib/chat-transport.ts:41
[   64024ms] [LOG] [ChatTransport] responseHandler called, data: {"type":"delta","content":".","error":null,"message_id":"f438a9bb-daaa-4770-9a69-93c7f00ba631","conversation_id":null,"itinerary":null,"stage":null} @ webpack-internal:///(app-pages-browser)/./lib/chat-transport.ts:137
[   64209ms] [LOG] [ChatTransport] onmessage triggered, has currentResponseHandler: true @ webpack-internal:///(app-pages-browser)/./lib/chat-transport.ts:41
[   64209ms] [LOG] [ChatTransport] responseHandler called, data: {"type":"delta","content":" ","error":null,"message_id":"f438a9bb-daaa-4770-9a69-93c7f00ba631","conversation_id":null,"itinerary":null,"stage":null} @ webpack-internal:///(app-pages-browser)/./lib/chat-transport.ts:137
[   64234ms] [LOG] [ChatTransport] onmessage triggered, has currentResponseHandler: true @ webpack-internal:///(app-pages-browser)/./lib/chat-transport.ts:41
[   64235ms] [LOG] [ChatTransport] responseHandler called, data: {"type":"delta","content":"签证","error":null,"message_id":"f438a9bb-daaa-4770-9a69-93c7f00ba631","conversation_id":null,"itinerary":null,"stage":null} @ webpack-internal:///(app-pages-browser)/./lib/chat-transport.ts:137
[   64264ms] [LOG] [ChatTransport] onmessage triggered, has currentResponseHandler: true @ webpack-internal:///(app-pages-browser)/./lib/chat-transport.ts:41
[   64264ms] [LOG] [ChatTransport] responseHandler called, data: {"type":"delta","content":"申请表","error":null,"message_id":"f438a9bb-daaa-4770-9a69-93c7f00ba631","conversation_id":null,"itinerary":null,"stage":null} @ webpack-internal:///(app-pages-browser)/./lib/chat-transport.ts:137
[   64265ms] [LOG] [ChatTransport] onmessage triggered, has currentResponseHandler: true @ webpack-internal:///(app-pages-browser)/./lib/chat-transport.ts:41
[   64265ms] [LOG] [ChatTransport] responseHandler called, data: {"type":"delta","content":"（","error":null,"message_id":"f438a9bb-daaa-4770-9a69-93c7f00ba631","conversation_id":null,"itinerary":null,"stage":null} @ webpack-internal:///(app-pages-browser)/./lib/chat-transport.ts:137
[   64265ms] [LOG] [ChatTransport] onmessage triggered, has currentResponseHandler: true @ webpack-internal:///(app-pages-browser)/./lib/chat-transport.ts:41
[   64266ms] [LOG] [ChatTransport] responseHandler called, data: {"type":"delta","content":"附","error":null,"message_id":"f438a9bb-daaa-4770-9a69-93c7f00ba631","conversation_id":null,"itinerary":null,"stage":null} @ webpack-internal:///(app-pages-browser)/./lib/chat-transport.ts:137
[   64266ms] [LOG] [ChatTransport] onmessage triggered, has currentResponseHandler: true @ webpack-internal:///(app-pages-browser)/./lib/chat-transport.ts:41
[   64266ms] [LOG] [ChatTransport] responseHandler called, data: {"type":"delta","content":"照片","error":null,"message_id":"f438a9bb-daaa-4770-9a69-93c7f00ba631","conversation_id":null,"itinerary":null,"stage":null} @ webpack-internal:///(app-pages-browser)/./lib/chat-transport.ts:137
[   64266ms] [LOG] [ChatTransport] onmessage triggered, has currentResponseHandler: true @ webpack-internal:///(app-pages-browser)/./lib/chat-transport.ts:41
[   64266ms] [LOG] [ChatTransport] responseHandler called, data: {"type":"delta","content":"）\n","error":null,"message_id":"f438a9bb-daaa-4770-9a69-93c7f00ba631","conversation_id":null,"itinerary":null,"stage":null} @ webpack-internal:///(app-pages-browser)/./lib/chat-transport.ts:137
[   64302ms] [LOG] [ChatTransport] onmessage triggered, has currentResponseHandler: true @ webpack-internal:///(app-pages-browser)/./lib/chat-transport.ts:41
[   64302ms] [LOG] [ChatTransport] responseHandler called, data: {"type":"delta","content":"3","error":null,"message_id":"f438a9bb-daaa-4770-9a69-93c7f00ba631","conversation_id":null,"itinerary":null,"stage":null} @ webpack-internal:///(app-pages-browser)/./lib/chat-transport.ts:137
[   64335ms] [LOG] [ChatTransport] onmessage triggered, has currentResponseHandler: true @ webpack-internal:///(app-pages-browser)/./lib/chat-transport.ts:41
[   64335ms] [LOG] [ChatTransport] responseHandler called, data: {"type":"delta","content":".","error":null,"message_id":"f438a9bb-daaa-4770-9a69-93c7f00ba631","conversation_id":null,"itinerary":null,"stage":null} @ webpack-internal:///(app-pages-browser)/./lib/chat-transport.ts:137
[   64382ms] [LOG] [ChatTransport] onmessage triggered, has currentResponseHandler: true @ webpack-internal:///(app-pages-browser)/./lib/chat-transport.ts:41
[   64382ms] [LOG] [ChatTransport] responseHandler called, data: {"type":"delta","content":" ","error":null,"message_id":"f438a9bb-daaa-4770-9a69-93c7f00ba631","conversation_id":null,"itinerary":null,"stage":null} @ webpack-internal:///(app-pages-browser)/./lib/chat-transport.ts:137
[   64383ms] [LOG] [ChatTransport] onmessage triggered, has currentResponseHandler: true @ webpack-internal:///(app-pages-browser)/./lib/chat-transport.ts:41
[   64383ms] [LOG] [ChatTransport] responseHandler called, data: {"type":"delta","content":"身份证","error":null,"message_id":"f438a9bb-daaa-4770-9a69-93c7f00ba631","conversation_id":null,"itinerary":null,"stage":null} @ webpack-internal:///(app-pages-browser)/./lib/chat-transport.ts:137
[   64418ms] [LOG] [ChatTransport] onmessage triggered, has currentResponseHandler: true @ webpack-internal:///(app-pages-browser)/./lib/chat-transport.ts:41
[   64418ms] [LOG] [ChatTransport] responseHandler called, data: {"type":"delta","content":"复印件","error":null,"message_id":"f438a9bb-daaa-4770-9a69-93c7f00ba631","conversation_id":null,"itinerary":null,"stage":null} @ webpack-internal:///(app-pages-browser)/./lib/chat-transport.ts:137
[   64437ms] [LOG] [ChatTransport] onmessage triggered, has currentResponseHandler: true @ webpack-internal:///(app-pages-browser)/./lib/chat-transport.ts:41
[   64437ms] [LOG] [ChatTransport] responseHandler called, data: {"type":"delta","content":"\n","error":null,"message_id":"f438a9bb-daaa-4770-9a69-93c7f00ba631","conversation_id":null,"itinerary":null,"stage":null} @ webpack-internal:///(app-pages-browser)/./lib/chat-transport.ts:137
[   64484ms] [LOG] [ChatTransport] onmessage triggered, has currentResponseHandler: true @ webpack-internal:///(app-pages-browser)/./lib/chat-transport.ts:41
[   64484ms] [LOG] [ChatTransport] responseHandler called, data: {"type":"delta","content":"4","error":null,"message_id":"f438a9bb-daaa-4770-9a69-93c7f00ba631","conversation_id":null,"itinerary":null,"stage":null} @ webpack-internal:///(app-pages-browser)/./lib/chat-transport.ts:137
[   64494ms] [LOG] [ChatTransport] onmessage triggered, has currentResponseHandler: true @ webpack-internal:///(app-pages-browser)/./lib/chat-transport.ts:41
[   64494ms] [LOG] [ChatTransport] responseHandler called, data: {"type":"delta","content":".","error":null,"message_id":"f438a9bb-daaa-4770-9a69-93c7f00ba631","conversation_id":null,"itinerary":null,"stage":null} @ webpack-internal:///(app-pages-browser)/./lib/chat-transport.ts:137
[   64541ms] [LOG] [ChatTransport] onmessage triggered, has currentResponseHandler: true @ webpack-internal:///(app-pages-browser)/./lib/chat-transport.ts:41
[   64541ms] [LOG] [ChatTransport] responseHandler called, data: {"type":"delta","content":" ","error":null,"message_id":"f438a9bb-daaa-4770-9a69-93c7f00ba631","conversation_id":null,"itinerary":null,"stage":null} @ webpack-internal:///(app-pages-browser)/./lib/chat-transport.ts:137
[   64542ms] [LOG] [ChatTransport] onmessage triggered, has currentResponseHandler: true @ webpack-internal:///(app-pages-browser)/./lib/chat-transport.ts:41
[   64542ms] [LOG] [ChatTransport] responseHandler called, data: {"type":"delta","content":"户口","error":null,"message_id":"f438a9bb-daaa-4770-9a69-93c7f00ba631","conversation_id":null,"itinerary":null,"stage":null} @ webpack-internal:///(app-pages-browser)/./lib/chat-transport.ts:137
[   64609ms] [LOG] [ChatTransport] onmessage triggered, has currentResponseHandler: true @ webpack-internal:///(app-pages-browser)/./lib/chat-transport.ts:41
[   64609ms] [LOG] [ChatTransport] responseHandler called, data: {"type":"delta","content":"本","error":null,"message_id":"f438a9bb-daaa-4770-9a69-93c7f00ba631","conversation_id":null,"itinerary":null,"stage":null} @ webpack-internal:///(app-pages-browser)/./lib/chat-transport.ts:137
[   64625ms] [LOG] [ChatTransport] onmessage triggered, has currentResponseHandler: true @ webpack-internal:///(app-pages-browser)/./lib/chat-transport.ts:41
[   64625ms] [LOG] [ChatTransport] responseHandler called, data: {"type":"delta","content":"复印件","error":null,"message_id":"f438a9bb-daaa-4770-9a69-93c7f00ba631","conversation_id":null,"itinerary":null,"stage":null} @ webpack-internal:///(app-pages-browser)/./lib/chat-transport.ts:137
[   64663ms] [LOG] [ChatTransport] onmessage triggered, has currentResponseHandler: true @ webpack-internal:///(app-pages-browser)/./lib/chat-transport.ts:41
[   64664ms] [LOG] [ChatTransport] responseHandler called, data: {"type":"delta","content":"\n","error":null,"message_id":"f438a9bb-daaa-4770-9a69-93c7f00ba631","conversation_id":null,"itinerary":null,"stage":null} @ webpack-internal:///(app-pages-browser)/./lib/chat-transport.ts:137
[   64684ms] [LOG] [ChatTransport] onmessage triggered, has currentResponseHandler: true @ webpack-internal:///(app-pages-browser)/./lib/chat-transport.ts:41
[   64684ms] [LOG] [ChatTransport] responseHandler called, data: {"type":"delta","content":"5","error":null,"message_id":"f438a9bb-daaa-4770-9a69-93c7f00ba631","conversation_id":null,"itinerary":null,"stage":null} @ webpack-internal:///(app-pages-browser)/./lib/chat-transport.ts:137
[   64752ms] [LOG] [ChatTransport] onmessage triggered, has currentResponseHandler: true @ webpack-internal:///(app-pages-browser)/./lib/chat-transport.ts:41
[   64752ms] [LOG] [ChatTransport] responseHandler called, data: {"type":"delta","content":".","error":null,"message_id":"f438a9bb-daaa-4770-9a69-93c7f00ba631","conversation_id":null,"itinerary":null,"stage":null} @ webpack-internal:///(app-pages-browser)/./lib/chat-transport.ts:137
[   64752ms] [LOG] [ChatTransport] onmessage triggered, has currentResponseHandler: true @ webpack-internal:///(app-pages-browser)/./lib/chat-transport.ts:41
[   64753ms] [LOG] [ChatTransport] responseHandler called, data: {"type":"delta","content":" ","error":null,"message_id":"f438a9bb-daaa-4770-9a69-93c7f00ba631","conversation_id":null,"itinerary":null,"stage":null} @ webpack-internal:///(app-pages-browser)/./lib/chat-transport.ts:137
[   64789ms] [LOG] [ChatTransport] onmessage triggered, has currentResponseHandler: true @ webpack-internal:///(app-pages-browser)/./lib/chat-transport.ts:41
[   64790ms] [LOG] [ChatTransport] responseHandler called, data: {"type":"delta","content":"在职","error":null,"message_id":"f438a9bb-daaa-4770-9a69-93c7f00ba631","conversation_id":null,"itinerary":null,"stage":null} @ webpack-internal:///(app-pages-browser)/./lib/chat-transport.ts:137
[   64790ms] [LOG] [ChatTransport] onmessage triggered, has currentResponseHandler: true @ webpack-internal:///(app-pages-browser)/./lib/chat-transport.ts:41
[   64790ms] [LOG] [ChatTransport] responseHandler called, data: {"type":"delta","content":"证明","error":null,"message_id":"f438a9bb-daaa-4770-9a69-93c7f00ba631","conversation_id":null,"itinerary":null,"stage":null} @ webpack-internal:///(app-pages-browser)/./lib/chat-transport.ts:137
[   64853ms] [LOG] [ChatTransport] onmessage triggered, has currentResponseHandler: true @ webpack-internal:///(app-pages-browser)/./lib/chat-transport.ts:41
[   64853ms] [LOG] [ChatTransport] responseHandler called, data: {"type":"delta","content":"/","error":null,"message_id":"f438a9bb-daaa-4770-9a69-93c7f00ba631","conversation_id":null,"itinerary":null,"stage":null} @ webpack-internal:///(app-pages-browser)/./lib/chat-transport.ts:137
[   64857ms] [LOG] [ChatTransport] onmessage triggered, has currentResponseHandler: true @ webpack-internal:///(app-pages-browser)/./lib/chat-transport.ts:41
[   64857ms] [LOG] [ChatTransport] responseHandler called, data: {"type":"delta","content":"在校","error":null,"message_id":"f438a9bb-daaa-4770-9a69-93c7f00ba631","conversation_id":null,"itinerary":null,"stage":null} @ webpack-internal:///(app-pages-browser)/./lib/chat-transport.ts:137
[   64911ms] [LOG] [ChatTransport] onmessage triggered, has currentResponseHandler: true @ webpack-internal:///(app-pages-browser)/./lib/chat-transport.ts:41
[   64911ms] [LOG] [ChatTransport] responseHandler called, data: {"type":"delta","content":"证明","error":null,"message_id":"f438a9bb-daaa-4770-9a69-93c7f00ba631","conversation_id":null,"itinerary":null,"stage":null} @ webpack-internal:///(app-pages-browser)/./lib/chat-transport.ts:137
[   64916ms] [LOG] [ChatTransport] onmessage triggered, has currentResponseHandler: true @ webpack-internal:///(app-pages-browser)/./lib/chat-transport.ts:41
[   64916ms] [LOG] [ChatTransport] responseHandler called, data: {"type":"delta","content":"/","error":null,"message_id":"f438a9bb-daaa-4770-9a69-93c7f00ba631","conversation_id":null,"itinerary":null,"stage":null} @ webpack-internal:///(app-pages-browser)/./lib/chat-transport.ts:137
[   65044ms] [LOG] [ChatTransport] onmessage triggered, has currentResponseHandler: true @ webpack-internal:///(app-pages-browser)/./lib/chat-transport.ts:41
[   65044ms] [LOG] [ChatTransport] responseHandler called, data: {"type":"delta","content":"退休","error":null,"message_id":"f438a9bb-daaa-4770-9a69-93c7f00ba631","conversation_id":null,"itinerary":null,"stage":null} @ webpack-internal:///(app-pages-browser)/./lib/chat-transport.ts:137
[   65064ms] [LOG] [ChatTransport] onmessage triggered, has currentResponseHandler: true @ webpack-internal:///(app-pages-browser)/./lib/chat-transport.ts:41
[   65064ms] [LOG] [ChatTransport] responseHandler called, data: {"type":"delta","content":"证明","error":null,"message_id":"f438a9bb-daaa-4770-9a69-93c7f00ba631","conversation_id":null,"itinerary":null,"stage":null} @ webpack-internal:///(app-pages-browser)/./lib/chat-transport.ts:137
[   65066ms] [LOG] [ChatTransport] onmessage triggered, has currentResponseHandler: true @ webpack-internal:///(app-pages-browser)/./lib/chat-transport.ts:41
[   65066ms] [LOG] [ChatTransport] responseHandler called, data: {"type":"delta","content":"\n","error":null,"message_id":"f438a9bb-daaa-4770-9a69-93c7f00ba631","conversation_id":null,"itinerary":null,"stage":null} @ webpack-internal:///(app-pages-browser)/./lib/chat-transport.ts:137
[   65066ms] [LOG] [ChatTransport] onmessage triggered, has currentResponseHandler: true @ webpack-internal:///(app-pages-browser)/./lib/chat-transport.ts:41
[   65066ms] [LOG] [ChatTransport] responseHandler called, data: {"type":"delta","content":"6","error":null,"message_id":"f438a9bb-daaa-4770-9a69-93c7f00ba631","conversation_id":null,"itinerary":null,"stage":null} @ webpack-internal:///(app-pages-browser)/./lib/chat-transport.ts:137
[   65104ms] [LOG] [ChatTransport] onmessage triggered, has currentResponseHandler: true @ webpack-internal:///(app-pages-browser)/./lib/chat-transport.ts:41
[   65104ms] [LOG] [ChatTransport] responseHandler called, data: {"type":"delta","content":".","error":null,"message_id":"f438a9bb-daaa-4770-9a69-93c7f00ba631","conversation_id":null,"itinerary":null,"stage":null} @ webpack-internal:///(app-pages-browser)/./lib/chat-transport.ts:137
[   65122ms] [LOG] [ChatTransport] onmessage triggered, has currentResponseHandler: true @ webpack-internal:///(app-pages-browser)/./lib/chat-transport.ts:41
[   65122ms] [LOG] [ChatTransport] responseHandler called, data: {"type":"delta","content":" ","error":null,"message_id":"f438a9bb-daaa-4770-9a69-93c7f00ba631","conversation_id":null,"itinerary":null,"stage":null} @ webpack-internal:///(app-pages-browser)/./lib/chat-transport.ts:137
[   65161ms] [LOG] [ChatTransport] onmessage triggered, has currentResponseHandler: true @ webpack-internal:///(app-pages-browser)/./lib/chat-transport.ts:41
[   65161ms] [LOG] [ChatTransport] responseHandler called, data: {"type":"delta","content":"资产","error":null,"message_id":"f438a9bb-daaa-4770-9a69-93c7f00ba631","conversation_id":null,"itinerary":null,"stage":null} @ webpack-internal:///(app-pages-browser)/./lib/chat-transport.ts:137
[   65177ms] [LOG] [ChatTransport] onmessage triggered, has currentResponseHandler: true @ webpack-internal:///(app-pages-browser)/./lib/chat-transport.ts:41
[   65177ms] [LOG] [ChatTransport] responseHandler called, data: {"type":"delta","content":"证明","error":null,"message_id":"f438a9bb-daaa-4770-9a69-93c7f00ba631","conversation_id":null,"itinerary":null,"stage":null} @ webpack-internal:///(app-pages-browser)/./lib/chat-transport.ts:137
[   65231ms] [LOG] [ChatTransport] onmessage triggered, has currentResponseHandler: true @ webpack-internal:///(app-pages-browser)/./lib/chat-transport.ts:41
[   65232ms] [LOG] [ChatTransport] responseHandler called, data: {"type":"delta","content":"（","error":null,"message_id":"f438a9bb-daaa-4770-9a69-93c7f00ba631","conversation_id":null,"itinerary":null,"stage":null} @ webpack-internal:///(app-pages-browser)/./lib/chat-transport.ts:137
[   65260ms] [LOG] [ChatTransport] onmessage triggered, has currentResponseHandler: true @ webpack-internal:///(app-pages-browser)/./lib/chat-transport.ts:41
[   65260ms] [LOG] [ChatTransport] responseHandler called, data: {"type":"delta","content":"银行存款","error":null,"message_id":"f438a9bb-daaa-4770-9a69-93c7f00ba631","conversation_id":null,"itinerary":null,"stage":null} @ webpack-internal:///(app-pages-browser)/./lib/chat-transport.ts:137
[   65291ms] [LOG] [ChatTransport] onmessage triggered, has currentResponseHandler: true @ webpack-internal:///(app-pages-browser)/./lib/chat-transport.ts:41
[   65292ms] [LOG] [ChatTransport] responseHandler called, data: {"type":"delta","content":"、","error":null,"message_id":"f438a9bb-daaa-4770-9a69-93c7f00ba631","conversation_id":null,"itinerary":null,"stage":null} @ webpack-internal:///(app-pages-browser)/./lib/chat-transport.ts:137
[   65317ms] [LOG] [ChatTransport] onmessage triggered, has currentResponseHandler: true @ webpack-internal:///(app-pages-browser)/./lib/chat-transport.ts:41
[   65317ms] [LOG] [ChatTransport] responseHandler called, data: {"type":"delta","content":"房产","error":null,"message_id":"f438a9bb-daaa-4770-9a69-93c7f00ba631","conversation_id":null,"itinerary":null,"stage":null} @ webpack-internal:///(app-pages-browser)/./lib/chat-transport.ts:137
[   65354ms] [LOG] [ChatTransport] onmessage triggered, has currentResponseHandler: true @ webpack-internal:///(app-pages-browser)/./lib/chat-transport.ts:41
[   65355ms] [LOG] [ChatTransport] responseHandler called, data: {"type":"delta","content":"、","error":null,"message_id":"f438a9bb-daaa-4770-9a69-93c7f00ba631","conversation_id":null,"itinerary":null,"stage":null} @ webpack-internal:///(app-pages-browser)/./lib/chat-transport.ts:137
[   65419ms] [LOG] [ChatTransport] onmessage triggered, has currentResponseHandler: true @ webpack-internal:///(app-pages-browser)/./lib/chat-transport.ts:41
[   65420ms] [LOG] [ChatTransport] responseHandler called, data: {"type":"delta","content":"车","error":null,"message_id":"f438a9bb-daaa-4770-9a69-93c7f00ba631","conversation_id":null,"itinerary":null,"stage":null} @ webpack-internal:///(app-pages-browser)/./lib/chat-transport.ts:137
[   65420ms] [LOG] [ChatTransport] onmessage triggered, has currentResponseHandler: true @ webpack-internal:///(app-pages-browser)/./lib/chat-transport.ts:41
[   65420ms] [LOG] [ChatTransport] responseHandler called, data: {"type":"delta","content":"产","error":null,"message_id":"f438a9bb-daaa-4770-9a69-93c7f00ba631","conversation_id":null,"itinerary":null,"stage":null} @ webpack-internal:///(app-pages-browser)/./lib/chat-transport.ts:137
[   65477ms] [LOG] [ChatTransport] onmessage triggered, has currentResponseHandler: true @ webpack-internal:///(app-pages-browser)/./lib/chat-transport.ts:41
[   65477ms] [LOG] [ChatTransport] responseHandler called, data: {"type":"delta","content":"等","error":null,"message_id":"f438a9bb-daaa-4770-9a69-93c7f00ba631","conversation_id":null,"itinerary":null,"stage":null} @ webpack-internal:///(app-pages-browser)/./lib/chat-transport.ts:137
[   65501ms] [LOG] [ChatTransport] onmessage triggered, has currentResponseHandler: true @ webpack-internal:///(app-pages-browser)/./lib/chat-transport.ts:41
[   65501ms] [LOG] [ChatTransport] responseHandler called, data: {"type":"delta","content":"）\n","error":null,"message_id":"f438a9bb-daaa-4770-9a69-93c7f00ba631","conversation_id":null,"itinerary":null,"stage":null} @ webpack-internal:///(app-pages-browser)/./lib/chat-transport.ts:137
[   65531ms] [LOG] [ChatTransport] onmessage triggered, has currentResponseHandler: true @ webpack-internal:///(app-pages-browser)/./lib/chat-transport.ts:41
[   65531ms] [LOG] [ChatTransport] responseHandler called, data: {"type":"delta","content":"7","error":null,"message_id":"f438a9bb-daaa-4770-9a69-93c7f00ba631","conversation_id":null,"itinerary":null,"stage":null} @ webpack-internal:///(app-pages-browser)/./lib/chat-transport.ts:137
[   65552ms] [LOG] [ChatTransport] onmessage triggered, has currentResponseHandler: true @ webpack-internal:///(app-pages-browser)/./lib/chat-transport.ts:41
[   65552ms] [LOG] [ChatTransport] responseHandler called, data: {"type":"delta","content":".","error":null,"message_id":"f438a9bb-daaa-4770-9a69-93c7f00ba631","conversation_id":null,"itinerary":null,"stage":null} @ webpack-internal:///(app-pages-browser)/./lib/chat-transport.ts:137
[   65590ms] [LOG] [ChatTransport] onmessage triggered, has currentResponseHandler: true @ webpack-internal:///(app-pages-browser)/./lib/chat-transport.ts:41
[   65590ms] [LOG] [ChatTransport] responseHandler called, data: {"type":"delta","content":" ","error":null,"message_id":"f438a9bb-daaa-4770-9a69-93c7f00ba631","conversation_id":null,"itinerary":null,"stage":null} @ webpack-internal:///(app-pages-browser)/./lib/chat-transport.ts:137
[   65613ms] [LOG] [ChatTransport] onmessage triggered, has currentResponseHandler: true @ webpack-internal:///(app-pages-browser)/./lib/chat-transport.ts:41
[   65613ms] [LOG] [ChatTransport] responseHandler called, data: {"type":"delta","content":"行程","error":null,"message_id":"f438a9bb-daaa-4770-9a69-93c7f00ba631","conversation_id":null,"itinerary":null,"stage":null} @ webpack-internal:///(app-pages-browser)/./lib/chat-transport.ts:137
[   65666ms] [LOG] [ChatTransport] onmessage triggered, has currentResponseHandler: true @ webpack-internal:///(app-pages-browser)/./lib/chat-transport.ts:41
[   65666ms] [LOG] [ChatTransport] responseHandler called, data: {"type":"delta","content":"计划","error":null,"message_id":"f438a9bb-daaa-4770-9a69-93c7f00ba631","conversation_id":null,"itinerary":null,"stage":null} @ webpack-internal:///(app-pages-browser)/./lib/chat-transport.ts:137
[   65670ms] [LOG] [ChatTransport] onmessage triggered, has currentResponseHandler: true @ webpack-internal:///(app-pages-browser)/./lib/chat-transport.ts:41
[   65670ms] [LOG] [ChatTransport] responseHandler called, data: {"type":"delta","content":"表","error":null,"message_id":"f438a9bb-daaa-4770-9a69-93c7f00ba631","conversation_id":null,"itinerary":null,"stage":null} @ webpack-internal:///(app-pages-browser)/./lib/chat-transport.ts:137
[   65736ms] [LOG] [ChatTransport] onmessage triggered, has currentResponseHandler: true @ webpack-internal:///(app-pages-browser)/./lib/chat-transport.ts:41
[   65736ms] [LOG] [ChatTransport] responseHandler called, data: {"type":"delta","content":"\n","error":null,"message_id":"f438a9bb-daaa-4770-9a69-93c7f00ba631","conversation_id":null,"itinerary":null,"stage":null} @ webpack-internal:///(app-pages-browser)/./lib/chat-transport.ts:137
[   65740ms] [LOG] [ChatTransport] onmessage triggered, has currentResponseHandler: true @ webpack-internal:///(app-pages-browser)/./lib/chat-transport.ts:41
[   65741ms] [LOG] [ChatTransport] responseHandler called, data: {"type":"delta","content":"8","error":null,"message_id":"f438a9bb-daaa-4770-9a69-93c7f00ba631","conversation_id":null,"itinerary":null,"stage":null} @ webpack-internal:///(app-pages-browser)/./lib/chat-transport.ts:137
[   65777ms] [LOG] [ChatTransport] onmessage triggered, has currentResponseHandler: true @ webpack-internal:///(app-pages-browser)/./lib/chat-transport.ts:41
[   65777ms] [LOG] [ChatTransport] responseHandler called, data: {"type":"delta","content":".","error":null,"message_id":"f438a9bb-daaa-4770-9a69-93c7f00ba631","conversation_id":null,"itinerary":null,"stage":null} @ webpack-internal:///(app-pages-browser)/./lib/chat-transport.ts:137
[   65777ms] [LOG] [ChatTransport] onmessage triggered, has currentResponseHandler: true @ webpack-internal:///(app-pages-browser)/./lib/chat-transport.ts:41
[   65777ms] [LOG] [ChatTransport] responseHandler called, data: {"type":"delta","content":" ","error":null,"message_id":"f438a9bb-daaa-4770-9a69-93c7f00ba631","conversation_id":null,"itinerary":null,"stage":null} @ webpack-internal:///(app-pages-browser)/./lib/chat-transport.ts:137
[   65871ms] [LOG] [ChatTransport] onmessage triggered, has currentResponseHandler: true @ webpack-internal:///(app-pages-browser)/./lib/chat-transport.ts:41
[   65871ms] [LOG] [ChatTransport] responseHandler called, data: {"type":"delta","content":"机票","error":null,"message_id":"f438a9bb-daaa-4770-9a69-93c7f00ba631","conversation_id":null,"itinerary":null,"stage":null} @ webpack-internal:///(app-pages-browser)/./lib/chat-transport.ts:137
[   65871ms] [LOG] [ChatTransport] onmessage triggered, has currentResponseHandler: true @ webpack-internal:///(app-pages-browser)/./lib/chat-transport.ts:41
[   65871ms] [LOG] [ChatTransport] responseHandler called, data: {"type":"delta","content":"和","error":null,"message_id":"f438a9bb-daaa-4770-9a69-93c7f00ba631","conversation_id":null,"itinerary":null,"stage":null} @ webpack-internal:///(app-pages-browser)/./lib/chat-transport.ts:137
[   65905ms] [LOG] [ChatTransport] onmessage triggered, has currentResponseHandler: true @ webpack-internal:///(app-pages-browser)/./lib/chat-transport.ts:41
[   65905ms] [LOG] [ChatTransport] responseHandler called, data: {"type":"delta","content":"酒店","error":null,"message_id":"f438a9bb-daaa-4770-9a69-93c7f00ba631","conversation_id":null,"itinerary":null,"stage":null} @ webpack-internal:///(app-pages-browser)/./lib/chat-transport.ts:137
[   65909ms] [LOG] [ChatTransport] onmessage triggered, has currentResponseHandler: true @ webpack-internal:///(app-pages-browser)/./lib/chat-transport.ts:41
[   65909ms] [LOG] [ChatTransport] responseHandler called, data: {"type":"delta","content":"预订","error":null,"message_id":"f438a9bb-daaa-4770-9a69-93c7f00ba631","conversation_id":null,"itinerary":null,"stage":null} @ webpack-internal:///(app-pages-browser)/./lib/chat-transport.ts:137
[   65972ms] [LOG] [ChatTransport] onmessage triggered, has currentResponseHandler: true @ webpack-internal:///(app-pages-browser)/./lib/chat-transport.ts:41
[   65972ms] [LOG] [ChatTransport] responseHandler called, data: {"type":"delta","content":"信息","error":null,"message_id":"f438a9bb-daaa-4770-9a69-93c7f00ba631","conversation_id":null,"itinerary":null,"stage":null} @ webpack-internal:///(app-pages-browser)/./lib/chat-transport.ts:137
[   66035ms] [LOG] [ChatTransport] onmessage triggered, has currentResponseHandler: true @ webpack-internal:///(app-pages-browser)/./lib/chat-transport.ts:41
[   66035ms] [LOG] [ChatTransport] responseHandler called, data: {"type":"delta","content":"\n\n","error":null,"message_id":"f438a9bb-daaa-4770-9a69-93c7f00ba631","conversation_id":null,"itinerary":null,"stage":null} @ webpack-internal:///(app-pages-browser)/./lib/chat-transport.ts:137
[   66109ms] [LOG] [ChatTransport] onmessage triggered, has currentResponseHandler: true @ webpack-internal:///(app-pages-browser)/./lib/chat-transport.ts:41
[   66109ms] [LOG] [ChatTransport] responseHandler called, data: {"type":"delta","content":"##","error":null,"message_id":"f438a9bb-daaa-4770-9a69-93c7f00ba631","conversation_id":null,"itinerary":null,"stage":null} @ webpack-internal:///(app-pages-browser)/./lib/chat-transport.ts:137
[   66181ms] [LOG] [ChatTransport] onmessage triggered, has currentResponseHandler: true @ webpack-internal:///(app-pages-browser)/./lib/chat-transport.ts:41
[   66181ms] [LOG] [ChatTransport] responseHandler called, data: {"type":"delta","content":" ⚠","error":null,"message_id":"f438a9bb-daaa-4770-9a69-93c7f00ba631","conversation_id":null,"itinerary":null,"stage":null} @ webpack-internal:///(app-pages-browser)/./lib/chat-transport.ts:137
[   66212ms] [LOG] [ChatTransport] onmessage triggered, has currentResponseHandler: true @ webpack-internal:///(app-pages-browser)/./lib/chat-transport.ts:41
[   66212ms] [LOG] [ChatTransport] responseHandler called, data: {"type":"delta","content":"️","error":null,"message_id":"f438a9bb-daaa-4770-9a69-93c7f00ba631","conversation_id":null,"itinerary":null,"stage":null} @ webpack-internal:///(app-pages-browser)/./lib/chat-transport.ts:137
[   66229ms] [LOG] [ChatTransport] onmessage triggered, has currentResponseHandler: true @ webpack-internal:///(app-pages-browser)/./lib/chat-transport.ts:41
[   66229ms] [LOG] [ChatTransport] responseHandler called, data: {"type":"delta","content":" ","error":null,"message_id":"f438a9bb-daaa-4770-9a69-93c7f00ba631","conversation_id":null,"itinerary":null,"stage":null} @ webpack-internal:///(app-pages-browser)/./lib/chat-transport.ts:137
[   66279ms] [LOG] [ChatTransport] onmessage triggered, has currentResponseHandler: true @ webpack-internal:///(app-pages-browser)/./lib/chat-transport.ts:41
[   66280ms] [LOG] [ChatTransport] responseHandler called, data: {"type":"delta","content":"重要","error":null,"message_id":"f438a9bb-daaa-4770-9a69-93c7f00ba631","conversation_id":null,"itinerary":null,"stage":null} @ webpack-internal:///(app-pages-browser)/./lib/chat-transport.ts:137
[   66280ms] [LOG] [ChatTransport] onmessage triggered, has currentResponseHandler: true @ webpack-internal:///(app-pages-browser)/./lib/chat-transport.ts:41
[   66280ms] [LOG] [ChatTransport] responseHandler called, data: {"type":"delta","content":"注意事项","error":null,"message_id":"f438a9bb-daaa-4770-9a69-93c7f00ba631","conversation_id":null,"itinerary":null,"stage":null} @ webpack-internal:///(app-pages-browser)/./lib/chat-transport.ts:137
[   66341ms] [LOG] [ChatTransport] onmessage triggered, has currentResponseHandler: true @ webpack-internal:///(app-pages-browser)/./lib/chat-transport.ts:41
[   66342ms] [LOG] [ChatTransport] responseHandler called, data: {"type":"delta","content":"\n\n","error":null,"message_id":"f438a9bb-daaa-4770-9a69-93c7f00ba631","conversation_id":null,"itinerary":null,"stage":null} @ webpack-internal:///(app-pages-browser)/./lib/chat-transport.ts:137
[   66360ms] [LOG] [ChatTransport] onmessage triggered, has currentResponseHandler: true @ webpack-internal:///(app-pages-browser)/./lib/chat-transport.ts:41
[   66360ms] [LOG] [ChatTransport] responseHandler called, data: {"type":"delta","content":"###","error":null,"message_id":"f438a9bb-daaa-4770-9a69-93c7f00ba631","conversation_id":null,"itinerary":null,"stage":null} @ webpack-internal:///(app-pages-browser)/./lib/chat-transport.ts:137
[   66407ms] [LOG] [ChatTransport] onmessage triggered, has currentResponseHandler: true @ webpack-internal:///(app-pages-browser)/./lib/chat-transport.ts:41
[   66407ms] [LOG] [ChatTransport] responseHandler called, data: {"type":"delta","content":" **","error":null,"message_id":"f438a9bb-daaa-4770-9a69-93c7f00ba631","conversation_id":null,"itinerary":null,"stage":null} @ webpack-internal:///(app-pages-browser)/./lib/chat-transport.ts:137
[   66425ms] [LOG] [ChatTransport] onmessage triggered, has currentResponseHandler: true @ webpack-internal:///(app-pages-browser)/./lib/chat-transport.ts:41
[   66425ms] [LOG] [ChatTransport] responseHandler called, data: {"type":"delta","content":"申请","error":null,"message_id":"f438a9bb-daaa-4770-9a69-93c7f00ba631","conversation_id":null,"itinerary":null,"stage":null} @ webpack-internal:///(app-pages-browser)/./lib/chat-transport.ts:137
[   66464ms] [LOG] [ChatTransport] onmessage triggered, has currentResponseHandler: true @ webpack-internal:///(app-pages-browser)/./lib/chat-transport.ts:41
[   66464ms] [LOG] [ChatTransport] responseHandler called, data: {"type":"delta","content":"渠道","error":null,"message_id":"f438a9bb-daaa-4770-9a69-93c7f00ba631","conversation_id":null,"itinerary":null,"stage":null} @ webpack-internal:///(app-pages-browser)/./lib/chat-transport.ts:137
[   66557ms] [LOG] [ChatTransport] onmessage triggered, has currentResponseHandler: true @ webpack-internal:///(app-pages-browser)/./lib/chat-transport.ts:41
[   66558ms] [LOG] [ChatTransport] responseHandler called, data: {"type":"delta","content":"**\n","error":null,"message_id":"f438a9bb-daaa-4770-9a69-93c7f00ba631","conversation_id":null,"itinerary":null,"stage":null} @ webpack-internal:///(app-pages-browser)/./lib/chat-transport.ts:137
[   66558ms] [LOG] [ChatTransport] onmessage triggered, has currentResponseHandler: true @ webpack-internal:///(app-pages-browser)/./lib/chat-transport.ts:41
[   66558ms] [LOG] [ChatTransport] responseHandler called, data: {"type":"delta","content":"-","error":null,"message_id":"f438a9bb-daaa-4770-9a69-93c7f00ba631","conversation_id":null,"itinerary":null,"stage":null} @ webpack-internal:///(app-pages-browser)/./lib/chat-transport.ts:137
[   66589ms] [LOG] [ChatTransport] onmessage triggered, has currentResponseHandler: true @ webpack-internal:///(app-pages-browser)/./lib/chat-transport.ts:41
[   66589ms] [LOG] [ChatTransport] responseHandler called, data: {"type":"delta","content":" ","error":null,"message_id":"f438a9bb-daaa-4770-9a69-93c7f00ba631","conversation_id":null,"itinerary":null,"stage":null} @ webpack-internal:///(app-pages-browser)/./lib/chat-transport.ts:137
[   66605ms] [LOG] [ChatTransport] onmessage triggered, has currentResponseHandler: true @ webpack-internal:///(app-pages-browser)/./lib/chat-transport.ts:41
[   66605ms] [LOG] [ChatTransport] responseHandler called, data: {"type":"delta","content":"必须","error":null,"message_id":"f438a9bb-daaa-4770-9a69-93c7f00ba631","conversation_id":null,"itinerary":null,"stage":null} @ webpack-internal:///(app-pages-browser)/./lib/chat-transport.ts:137
[   66647ms] [LOG] [ChatTransport] onmessage triggered, has currentResponseHandler: true @ webpack-internal:///(app-pages-browser)/./lib/chat-transport.ts:41
[   66647ms] [LOG] [ChatTransport] responseHandler called, data: {"type":"delta","content":"通过","error":null,"message_id":"f438a9bb-daaa-4770-9a69-93c7f00ba631","conversation_id":null,"itinerary":null,"stage":null} @ webpack-internal:///(app-pages-browser)/./lib/chat-transport.ts:137
[   66662ms] [LOG] [ChatTransport] onmessage triggered, has currentResponseHandler: true @ webpack-internal:///(app-pages-browser)/./lib/chat-transport.ts:41
[   66662ms] [LOG] [ChatTransport] responseHandler called, data: {"type":"delta","content":"日本","error":null,"message_id":"f438a9bb-daaa-4770-9a69-93c7f00ba631","conversation_id":null,"itinerary":null,"stage":null} @ webpack-internal:///(app-pages-browser)/./lib/chat-transport.ts:137
[   66747ms] [LOG] [ChatTransport] onmessage triggered, has currentResponseHandler: true @ webpack-internal:///(app-pages-browser)/./lib/chat-transport.ts:41
[   66747ms] [LOG] [ChatTransport] responseHandler called, data: {"type":"delta","content":"驻","error":null,"message_id":"f438a9bb-daaa-4770-9a69-93c7f00ba631","conversation_id":null,"itinerary":null,"stage":null} @ webpack-internal:///(app-pages-browser)/./lib/chat-transport.ts:137
[   66770ms] [LOG] [ChatTransport] onmessage triggered, has currentResponseHandler: true @ webpack-internal:///(app-pages-browser)/./lib/chat-transport.ts:41
[   66770ms] [LOG] [ChatTransport] responseHandler called, data: {"type":"delta","content":"华","error":null,"message_id":"f438a9bb-daaa-4770-9a69-93c7f00ba631","conversation_id":null,"itinerary":null,"stage":null} @ webpack-internal:///(app-pages-browser)/./lib/chat-transport.ts:137
[   66813ms] [LOG] [ChatTransport] onmessage triggered, has currentResponseHandler: true @ webpack-internal:///(app-pages-browser)/./lib/chat-transport.ts:41
[   66813ms] [LOG] [ChatTransport] responseHandler called, data: {"type":"delta","content":"使","error":null,"message_id":"f438a9bb-daaa-4770-9a69-93c7f00ba631","conversation_id":null,"itinerary":null,"stage":null} @ webpack-internal:///(app-pages-browser)/./lib/chat-transport.ts:137
[   66827ms] [LOG] [ChatTransport] onmessage triggered, has currentResponseHandler: true @ webpack-internal:///(app-pages-browser)/./lib/chat-transport.ts:41
[   66827ms] [LOG] [ChatTransport] responseHandler called, data: {"type":"delta","content":"领","error":null,"message_id":"f438a9bb-daaa-4770-9a69-93c7f00ba631","conversation_id":null,"itinerary":null,"stage":null} @ webpack-internal:///(app-pages-browser)/./lib/chat-transport.ts:137
[   66833ms] [LOG] [ChatTransport] onmessage triggered, has currentResponseHandler: true @ webpack-internal:///(app-pages-browser)/./lib/chat-transport.ts:41
[   66833ms] [LOG] [ChatTransport] responseHandler called, data: {"type":"delta","content":"馆","error":null,"message_id":"f438a9bb-daaa-4770-9a69-93c7f00ba631","conversation_id":null,"itinerary":null,"stage":null} @ webpack-internal:///(app-pages-browser)/./lib/chat-transport.ts:137
[   66838ms] [LOG] [ChatTransport] onmessage triggered, has currentResponseHandler: true @ webpack-internal:///(app-pages-browser)/./lib/chat-transport.ts:41
[   66838ms] [LOG] [ChatTransport] responseHandler called, data: {"type":"delta","content":"指定的","error":null,"message_id":"f438a9bb-daaa-4770-9a69-93c7f00ba631","conversation_id":null,"itinerary":null,"stage":null} @ webpack-internal:///(app-pages-browser)/./lib/chat-transport.ts:137
[   66890ms] [LOG] [ChatTransport] onmessage triggered, has currentResponseHandler: true @ webpack-internal:///(app-pages-browser)/./lib/chat-transport.ts:41
[   66890ms] [LOG] [ChatTransport] responseHandler called, data: {"type":"delta","content":"代办","error":null,"message_id":"f438a9bb-daaa-4770-9a69-93c7f00ba631","conversation_id":null,"itinerary":null,"stage":null} @ webpack-internal:///(app-pages-browser)/./lib/chat-transport.ts:137
[   66894ms] [LOG] [ChatTransport] onmessage triggered, has currentResponseHandler: true @ webpack-internal:///(app-pages-browser)/./lib/chat-transport.ts:41
[   66894ms] [LOG] [ChatTransport] responseHandler called, data: {"type":"delta","content":"机构","error":null,"message_id":"f438a9bb-daaa-4770-9a69-93c7f00ba631","conversation_id":null,"itinerary":null,"stage":null} @ webpack-internal:///(app-pages-browser)/./lib/chat-transport.ts:137
[   66982ms] [LOG] [ChatTransport] onmessage triggered, has currentResponseHandler: true @ webpack-internal:///(app-pages-browser)/./lib/chat-transport.ts:41
[   66982ms] [LOG] [ChatTransport] responseHandler called, data: {"type":"delta","content":"申请","error":null,"message_id":"f438a9bb-daaa-4770-9a69-93c7f00ba631","conversation_id":null,"itinerary":null,"stage":null} @ webpack-internal:///(app-pages-browser)/./lib/chat-transport.ts:137
[   67031ms] [LOG] [ChatTransport] onmessage triggered, has currentResponseHandler: true @ webpack-internal:///(app-pages-browser)/./lib/chat-transport.ts:41
[   67031ms] [LOG] [ChatTransport] responseHandler called, data: {"type":"delta","content":"\n","error":null,"message_id":"f438a9bb-daaa-4770-9a69-93c7f00ba631","conversation_id":null,"itinerary":null,"stage":null} @ webpack-internal:///(app-pages-browser)/./lib/chat-transport.ts:137
[   67031ms] [LOG] [ChatTransport] onmessage triggered, has currentResponseHandler: true @ webpack-internal:///(app-pages-browser)/./lib/chat-transport.ts:41
[   67031ms] [LOG] [ChatTransport] responseHandler called, data: {"type":"delta","content":"-","error":null,"message_id":"f438a9bb-daaa-4770-9a69-93c7f00ba631","conversation_id":null,"itinerary":null,"stage":null} @ webpack-internal:///(app-pages-browser)/./lib/chat-transport.ts:137
[   67072ms] [LOG] [ChatTransport] onmessage triggered, has currentResponseHandler: true @ webpack-internal:///(app-pages-browser)/./lib/chat-transport.ts:41
[   67072ms] [LOG] [ChatTransport] responseHandler called, data: {"type":"delta","content":" **","error":null,"message_id":"f438a9bb-daaa-4770-9a69-93c7f00ba631","conversation_id":null,"itinerary":null,"stage":null} @ webpack-internal:///(app-pages-browser)/./lib/chat-transport.ts:137
[   67078ms] [LOG] [ChatTransport] onmessage triggered, has currentResponseHandler: true @ webpack-internal:///(app-pages-browser)/./lib/chat-transport.ts:41
[   67079ms] [LOG] [ChatTransport] responseHandler called, data: {"type":"delta","content":"不能","error":null,"message_id":"f438a9bb-daaa-4770-9a69-93c7f00ba631","conversation_id":null,"itinerary":null,"stage":null} @ webpack-internal:///(app-pages-browser)/./lib/chat-transport.ts:137
[   67150ms] [LOG] [ChatTransport] onmessage triggered, has currentResponseHandler: true @ webpack-internal:///(app-pages-browser)/./lib/chat-transport.ts:41
[   67150ms] [LOG] [ChatTransport] responseHandler called, data: {"type":"delta","content":"直接","error":null,"message_id":"f438a9bb-daaa-4770-9a69-93c7f00ba631","conversation_id":null,"itinerary":null,"stage":null} @ webpack-internal:///(app-pages-browser)/./lib/chat-transport.ts:137
[   67151ms] [LOG] [ChatTransport] onmessage triggered, has currentResponseHandler: true @ webpack-internal:///(app-pages-browser)/./lib/chat-transport.ts:41
[   67151ms] [LOG] [ChatTransport] responseHandler called, data: {"type":"delta","content":"向","error":null,"message_id":"f438a9bb-daaa-4770-9a69-93c7f00ba631","conversation_id":null,"itinerary":null,"stage":null} @ webpack-internal:///(app-pages-browser)/./lib/chat-transport.ts:137
[   67199ms] [LOG] [ChatTransport] onmessage triggered, has currentResponseHandler: true @ webpack-internal:///(app-pages-browser)/./lib/chat-transport.ts:41
[   67199ms] [LOG] [ChatTransport] responseHandler called, data: {"type":"delta","content":"使","error":null,"message_id":"f438a9bb-daaa-4770-9a69-93c7f00ba631","conversation_id":null,"itinerary":null,"stage":null} @ webpack-internal:///(app-pages-browser)/./lib/chat-transport.ts:137
[   67212ms] [LOG] [ChatTransport] onmessage triggered, has currentResponseHandler: true @ webpack-internal:///(app-pages-browser)/./lib/chat-transport.ts:41
[   67212ms] [LOG] [ChatTransport] responseHandler called, data: {"type":"delta","content":"领","error":null,"message_id":"f438a9bb-daaa-4770-9a69-93c7f00ba631","conversation_id":null,"itinerary":null,"stage":null} @ webpack-internal:///(app-pages-browser)/./lib/chat-transport.ts:137
[   67262ms] [LOG] [ChatTransport] onmessage triggered, has currentResponseHandler: true @ webpack-internal:///(app-pages-browser)/./lib/chat-transport.ts:41
[   67262ms] [LOG] [ChatTransport] responseHandler called, data: {"type":"delta","content":"馆","error":null,"message_id":"f438a9bb-daaa-4770-9a69-93c7f00ba631","conversation_id":null,"itinerary":null,"stage":null} @ webpack-internal:///(app-pages-browser)/./lib/chat-transport.ts:137
[   67262ms] [LOG] [ChatTransport] onmessage triggered, has currentResponseHandler: true @ webpack-internal:///(app-pages-browser)/./lib/chat-transport.ts:41
[   67262ms] [LOG] [ChatTransport] responseHandler called, data: {"type":"delta","content":"递交","error":null,"message_id":"f438a9bb-daaa-4770-9a69-93c7f00ba631","conversation_id":null,"itinerary":null,"stage":null} @ webpack-internal:///(app-pages-browser)/./lib/chat-transport.ts:137
[   67315ms] [LOG] [ChatTransport] onmessage triggered, has currentResponseHandler: true @ webpack-internal:///(app-pages-browser)/./lib/chat-transport.ts:41
[   67316ms] [LOG] [ChatTransport] responseHandler called, data: {"type":"delta","content":"**\n","error":null,"message_id":"f438a9bb-daaa-4770-9a69-93c7f00ba631","conversation_id":null,"itinerary":null,"stage":null} @ webpack-internal:///(app-pages-browser)/./lib/chat-transport.ts:137
[   67382ms] [LOG] [ChatTransport] onmessage triggered, has currentResponseHandler: true @ webpack-internal:///(app-pages-browser)/./lib/chat-transport.ts:41
[   67382ms] [LOG] [ChatTransport] responseHandler called, data: {"type":"delta","content":"-","error":null,"message_id":"f438a9bb-daaa-4770-9a69-93c7f00ba631","conversation_id":null,"itinerary":null,"stage":null} @ webpack-internal:///(app-pages-browser)/./lib/chat-transport.ts:137
[   67382ms] [LOG] [ChatTransport] onmessage triggered, has currentResponseHandler: true @ webpack-internal:///(app-pages-browser)/./lib/chat-transport.ts:41
[   67382ms] [LOG] [ChatTransport] responseHandler called, data: {"type":"delta","content":" ","error":null,"message_id":"f438a9bb-daaa-4770-9a69-93c7f00ba631","conversation_id":null,"itinerary":null,"stage":null} @ webpack-internal:///(app-pages-browser)/./lib/chat-transport.ts:137
[   67440ms] [LOG] [ChatTransport] onmessage triggered, has currentResponseHandler: true @ webpack-internal:///(app-pages-browser)/./lib/chat-transport.ts:41
[   67440ms] [LOG] [ChatTransport] responseHandler called, data: {"type":"delta","content":"不同","error":null,"message_id":"f438a9bb-daaa-4770-9a69-93c7f00ba631","conversation_id":null,"itinerary":null,"stage":null} @ webpack-internal:///(app-pages-browser)/./lib/chat-transport.ts:137
[   67464ms] [LOG] [ChatTransport] onmessage triggered, has currentResponseHandler: true @ webpack-internal:///(app-pages-browser)/./lib/chat-transport.ts:41
[   67464ms] [LOG] [ChatTransport] responseHandler called, data: {"type":"delta","content":"领","error":null,"message_id":"f438a9bb-daaa-4770-9a69-93c7f00ba631","conversation_id":null,"itinerary":null,"stage":null} @ webpack-internal:///(app-pages-browser)/./lib/chat-transport.ts:137
[   67506ms] [LOG] [ChatTransport] onmessage triggered, has currentResponseHandler: true @ webpack-internal:///(app-pages-browser)/./lib/chat-transport.ts:41
[   67506ms] [LOG] [ChatTransport] responseHandler called, data: {"type":"delta","content":"区","error":null,"message_id":"f438a9bb-daaa-4770-9a69-93c7f00ba631","conversation_id":null,"itinerary":null,"stage":null} @ webpack-internal:///(app-pages-browser)/./lib/chat-transport.ts:137
[   67524ms] [LOG] [ChatTransport] onmessage triggered, has currentResponseHandler: true @ webpack-internal:///(app-pages-browser)/./lib/chat-transport.ts:41
[   67524ms] [LOG] [ChatTransport] responseHandler called, data: {"type":"delta","content":"（","error":null,"message_id":"f438a9bb-daaa-4770-9a69-93c7f00ba631","conversation_id":null,"itinerary":null,"stage":null} @ webpack-internal:///(app-pages-browser)/./lib/chat-transport.ts:137
[   67568ms] [LOG] [ChatTransport] onmessage triggered, has currentResponseHandler: true @ webpack-internal:///(app-pages-browser)/./lib/chat-transport.ts:41
[   67568ms] [LOG] [ChatTransport] responseHandler called, data: {"type":"delta","content":"北京","error":null,"message_id":"f438a9bb-daaa-4770-9a69-93c7f00ba631","conversation_id":null,"itinerary":null,"stage":null} @ webpack-internal:///(app-pages-browser)/./lib/chat-transport.ts:137
[   67591ms] [LOG] [ChatTransport] onmessage triggered, has currentResponseHandler: true @ webpack-internal:///(app-pages-browser)/./lib/chat-transport.ts:41
[   67592ms] [LOG] [ChatTransport] responseHandler called, data: {"type":"delta","content":"、","error":null,"message_id":"f438a9bb-daaa-4770-9a69-93c7f00ba631","conversation_id":null,"itinerary":null,"stage":null} @ webpack-internal:///(app-pages-browser)/./lib/chat-transport.ts:137
[   67627ms] [LOG] [ChatTransport] onmessage triggered, has currentResponseHandler: true @ webpack-internal:///(app-pages-browser)/./lib/chat-transport.ts:41
[   67627ms] [LOG] [ChatTransport] responseHandler called, data: {"type":"delta","content":"上海","error":null,"message_id":"f438a9bb-daaa-4770-9a69-93c7f00ba631","conversation_id":null,"itinerary":null,"stage":null} @ webpack-internal:///(app-pages-browser)/./lib/chat-transport.ts:137
[   67651ms] [LOG] [ChatTransport] onmessage triggered, has currentResponseHandler: true @ webpack-internal:///(app-pages-browser)/./lib/chat-transport.ts:41
[   67652ms] [LOG] [ChatTransport] responseHandler called, data: {"type":"delta","content":"、","error":null,"message_id":"f438a9bb-daaa-4770-9a69-93c7f00ba631","conversation_id":null,"itinerary":null,"stage":null} @ webpack-internal:///(app-pages-browser)/./lib/chat-transport.ts:137
[   67687ms] [LOG] [ChatTransport] onmessage triggered, has currentResponseHandler: true @ webpack-internal:///(app-pages-browser)/./lib/chat-transport.ts:41
[   67688ms] [LOG] [ChatTransport] responseHandler called, data: {"type":"delta","content":"广州","error":null,"message_id":"f438a9bb-daaa-4770-9a69-93c7f00ba631","conversation_id":null,"itinerary":null,"stage":null} @ webpack-internal:///(app-pages-browser)/./lib/chat-transport.ts:137
[   67705ms] [LOG] [ChatTransport] onmessage triggered, has currentResponseHandler: true @ webpack-internal:///(app-pages-browser)/./lib/chat-transport.ts:41
[   67705ms] [LOG] [ChatTransport] responseHandler called, data: {"type":"delta","content":"等","error":null,"message_id":"f438a9bb-daaa-4770-9a69-93c7f00ba631","conversation_id":null,"itinerary":null,"stage":null} @ webpack-internal:///(app-pages-browser)/./lib/chat-transport.ts:137
[   67752ms] [LOG] [ChatTransport] onmessage triggered, has currentResponseHandler: true @ webpack-internal:///(app-pages-browser)/./lib/chat-transport.ts:41
[   67752ms] [LOG] [ChatTransport] responseHandler called, data: {"type":"delta","content":"）","error":null,"message_id":"f438a9bb-daaa-4770-9a69-93c7f00ba631","conversation_id":null,"itinerary":null,"stage":null} @ webpack-internal:///(app-pages-browser)/./lib/chat-transport.ts:137
[   67773ms] [LOG] [ChatTransport] onmessage triggered, has currentResponseHandler: true @ webpack-internal:///(app-pages-browser)/./lib/chat-transport.ts:41
[   67773ms] [LOG] [ChatTransport] responseHandler called, data: {"type":"delta","content":"要求","error":null,"message_id":"f438a9bb-daaa-4770-9a69-93c7f00ba631","conversation_id":null,"itinerary":null,"stage":null} @ webpack-internal:///(app-pages-browser)/./lib/chat-transport.ts:137
[   67837ms] [LOG] [ChatTransport] onmessage triggered, has currentResponseHandler: true @ webpack-internal:///(app-pages-browser)/./lib/chat-transport.ts:41
[   67838ms] [LOG] [ChatTransport] responseHandler called, data: {"type":"delta","content":"可能","error":null,"message_id":"f438a9bb-daaa-4770-9a69-93c7f00ba631","conversation_id":null,"itinerary":null,"stage":null} @ webpack-internal:///(app-pages-browser)/./lib/chat-transport.ts:137
[   67838ms] [LOG] [ChatTransport] onmessage triggered, has currentResponseHandler: true @ webpack-internal:///(app-pages-browser)/./lib/chat-transport.ts:41
[   67838ms] [LOG] [ChatTransport] responseHandler called, data: {"type":"delta","content":"略有","error":null,"message_id":"f438a9bb-daaa-4770-9a69-93c7f00ba631","conversation_id":null,"itinerary":null,"stage":null} @ webpack-internal:///(app-pages-browser)/./lib/chat-transport.ts:137
[   67894ms] [LOG] [ChatTransport] onmessage triggered, has currentResponseHandler: true @ webpack-internal:///(app-pages-browser)/./lib/chat-transport.ts:41
[   67894ms] [LOG] [ChatTransport] responseHandler called, data: {"type":"delta","content":"差异","error":null,"message_id":"f438a9bb-daaa-4770-9a69-93c7f00ba631","conversation_id":null,"itinerary":null,"stage":null} @ webpack-internal:///(app-pages-browser)/./lib/chat-transport.ts:137
[   67898ms] [LOG] [ChatTransport] onmessage triggered, has currentResponseHandler: true @ webpack-internal:///(app-pages-browser)/./lib/chat-transport.ts:41
[   67898ms] [LOG] [ChatTransport] responseHandler called, data: {"type":"delta","content":"\n\n","error":null,"message_id":"f438a9bb-daaa-4770-9a69-93c7f00ba631","conversation_id":null,"itinerary":null,"stage":null} @ webpack-internal:///(app-pages-browser)/./lib/chat-transport.ts:137
[   67974ms] [LOG] [ChatTransport] onmessage triggered, has currentResponseHandler: true @ webpack-internal:///(app-pages-browser)/./lib/chat-transport.ts:41
[   67974ms] [LOG] [ChatTransport] responseHandler called, data: {"type":"delta","content":"###","error":null,"message_id":"f438a9bb-daaa-4770-9a69-93c7f00ba631","conversation_id":null,"itinerary":null,"stage":null} @ webpack-internal:///(app-pages-browser)/./lib/chat-transport.ts:137
[   67977ms] [LOG] [ChatTransport] onmessage triggered, has currentResponseHandler: true @ webpack-internal:///(app-pages-browser)/./lib/chat-transport.ts:41
[   67977ms] [LOG] [ChatTransport] responseHandler called, data: {"type":"delta","content":" **","error":null,"message_id":"f438a9bb-daaa-4770-9a69-93c7f00ba631","conversation_id":null,"itinerary":null,"stage":null} @ webpack-internal:///(app-pages-browser)/./lib/chat-transport.ts:137
[   68020ms] [LOG] [ChatTransport] onmessage triggered, has currentResponseHandler: true @ webpack-internal:///(app-pages-browser)/./lib/chat-transport.ts:41
[   68020ms] [LOG] [ChatTransport] responseHandler called, data: {"type":"delta","content":"最新","error":null,"message_id":"f438a9bb-daaa-4770-9a69-93c7f00ba631","conversation_id":null,"itinerary":null,"stage":null} @ webpack-internal:///(app-pages-browser)/./lib/chat-transport.ts:137
[   68024ms] [LOG] [ChatTransport] onmessage triggered, has currentResponseHandler: true @ webpack-internal:///(app-pages-browser)/./lib/chat-transport.ts:41
[   68025ms] [LOG] [ChatTransport] responseHandler called, data: {"type":"delta","content":"政策","error":null,"message_id":"f438a9bb-daaa-4770-9a69-93c7f00ba631","conversation_id":null,"itinerary":null,"stage":null} @ webpack-internal:///(app-pages-browser)/./lib/chat-transport.ts:137
[   68171ms] [LOG] [ChatTransport] onmessage triggered, has currentResponseHandler: true @ webpack-internal:///(app-pages-browser)/./lib/chat-transport.ts:41
[   68171ms] [LOG] [ChatTransport] responseHandler called, data: {"type":"delta","content":"（","error":null,"message_id":"f438a9bb-daaa-4770-9a69-93c7f00ba631","conversation_id":null,"itinerary":null,"stage":null} @ webpack-internal:///(app-pages-browser)/./lib/chat-transport.ts:137
[   68186ms] [LOG] [ChatTransport] onmessage triggered, has currentResponseHandler: true @ webpack-internal:///(app-pages-browser)/./lib/chat-transport.ts:41
[   68186ms] [LOG] [ChatTransport] responseHandler called, data: {"type":"delta","content":"202","error":null,"message_id":"f438a9bb-daaa-4770-9a69-93c7f00ba631","conversation_id":null,"itinerary":null,"stage":null} @ webpack-internal:///(app-pages-browser)/./lib/chat-transport.ts:137
[   68199ms] [LOG] [ChatTransport] onmessage triggered, has currentResponseHandler: true @ webpack-internal:///(app-pages-browser)/./lib/chat-transport.ts:41
[   68199ms] [LOG] [ChatTransport] responseHandler called, data: {"type":"delta","content":"4","error":null,"message_id":"f438a9bb-daaa-4770-9a69-93c7f00ba631","conversation_id":null,"itinerary":null,"stage":null} @ webpack-internal:///(app-pages-browser)/./lib/chat-transport.ts:137
[   68200ms] [LOG] [ChatTransport] onmessage triggered, has currentResponseHandler: true @ webpack-internal:///(app-pages-browser)/./lib/chat-transport.ts:41
[   68200ms] [LOG] [ChatTransport] responseHandler called, data: {"type":"delta","content":"年","error":null,"message_id":"f438a9bb-daaa-4770-9a69-93c7f00ba631","conversation_id":null,"itinerary":null,"stage":null} @ webpack-internal:///(app-pages-browser)/./lib/chat-transport.ts:137
[   68216ms] [LOG] [ChatTransport] onmessage triggered, has currentResponseHandler: true @ webpack-internal:///(app-pages-browser)/./lib/chat-transport.ts:41
[   68216ms] [LOG] [ChatTransport] responseHandler called, data: {"type":"delta","content":"）","error":null,"message_id":"f438a9bb-daaa-4770-9a69-93c7f00ba631","conversation_id":null,"itinerary":null,"stage":null} @ webpack-internal:///(app-pages-browser)/./lib/chat-transport.ts:137
[   68229ms] [LOG] [ChatTransport] onmessage triggered, has currentResponseHandler: true @ webpack-internal:///(app-pages-browser)/./lib/chat-transport.ts:41
[   68229ms] [LOG] [ChatTransport] responseHandler called, data: {"type":"delta","content":"**\n","error":null,"message_id":"f438a9bb-daaa-4770-9a69-93c7f00ba631","conversation_id":null,"itinerary":null,"stage":null} @ webpack-internal:///(app-pages-browser)/./lib/chat-transport.ts:137
[   68251ms] [LOG] [ChatTransport] onmessage triggered, has currentResponseHandler: true @ webpack-internal:///(app-pages-browser)/./lib/chat-transport.ts:41
[   68251ms] [LOG] [ChatTransport] responseHandler called, data: {"type":"delta","content":"1","error":null,"message_id":"f438a9bb-daaa-4770-9a69-93c7f00ba631","conversation_id":null,"itinerary":null,"stage":null} @ webpack-internal:///(app-pages-browser)/./lib/chat-transport.ts:137
[   68317ms] [LOG] [ChatTransport] onmessage triggered, has currentResponseHandler: true @ webpack-internal:///(app-pages-browser)/./lib/chat-transport.ts:41
[   68318ms] [LOG] [ChatTransport] responseHandler called, data: {"type":"delta","content":".","error":null,"message_id":"f438a9bb-daaa-4770-9a69-93c7f00ba631","conversation_id":null,"itinerary":null,"stage":null} @ webpack-internal:///(app-pages-browser)/./lib/chat-transport.ts:137
[   68333ms] [LOG] [ChatTransport] onmessage triggered, has currentResponseHandler: true @ webpack-internal:///(app-pages-browser)/./lib/chat-transport.ts:41
[   68333ms] [LOG] [ChatTransport] responseHandler called, data: {"type":"delta","content":" **","error":null,"message_id":"f438a9bb-daaa-4770-9a69-93c7f00ba631","conversation_id":null,"itinerary":null,"stage":null} @ webpack-internal:///(app-pages-browser)/./lib/chat-transport.ts:137
[   68369ms] [LOG] [ChatTransport] onmessage triggered, has currentResponseHandler: true @ webpack-internal:///(app-pages-browser)/./lib/chat-transport.ts:41
[   68369ms] [LOG] [ChatTransport] responseHandler called, data: {"type":"delta","content":"电子","error":null,"message_id":"f438a9bb-daaa-4770-9a69-93c7f00ba631","conversation_id":null,"itinerary":null,"stage":null} @ webpack-internal:///(app-pages-browser)/./lib/chat-transport.ts:137
[   68388ms] [LOG] [ChatTransport] onmessage triggered, has currentResponseHandler: true @ webpack-internal:///(app-pages-browser)/./lib/chat-transport.ts:41
[   68389ms] [LOG] [ChatTransport] responseHandler called, data: {"type":"delta","content":"签","error":null,"message_id":"f438a9bb-daaa-4770-9a69-93c7f00ba631","conversation_id":null,"itinerary":null,"stage":null} @ webpack-internal:///(app-pages-browser)/./lib/chat-transport.ts:137
[   68437ms] [LOG] [ChatTransport] onmessage triggered, has currentResponseHandler: true @ webpack-internal:///(app-pages-browser)/./lib/chat-transport.ts:41
[   68438ms] [LOG] [ChatTransport] responseHandler called, data: {"type":"delta","content":"试点","error":null,"message_id":"f438a9bb-daaa-4770-9a69-93c7f00ba631","conversation_id":null,"itinerary":null,"stage":null} @ webpack-internal:///(app-pages-browser)/./lib/chat-transport.ts:137
[   68488ms] [LOG] [ChatTransport] onmessage triggered, has currentResponseHandler: true @ webpack-internal:///(app-pages-browser)/./lib/chat-transport.ts:41
[   68488ms] [LOG] [ChatTransport] responseHandler called, data: {"type":"delta","content":"**","error":null,"message_id":"f438a9bb-daaa-4770-9a69-93c7f00ba631","conversation_id":null,"itinerary":null,"stage":null} @ webpack-internal:///(app-pages-browser)/./lib/chat-transport.ts:137
[   68501ms] [LOG] [ChatTransport] onmessage triggered, has currentResponseHandler: true @ webpack-internal:///(app-pages-browser)/./lib/chat-transport.ts:41
[   68501ms] [LOG] [ChatTransport] responseHandler called, data: {"type":"delta","content":"：","error":null,"message_id":"f438a9bb-daaa-4770-9a69-93c7f00ba631","conversation_id":null,"itinerary":null,"stage":null} @ webpack-internal:///(app-pages-browser)/./lib/chat-transport.ts:137
[   68552ms] [LOG] [ChatTransport] onmessage triggered, has currentResponseHandler: true @ webpack-internal:///(app-pages-browser)/./lib/chat-transport.ts:41
[   68552ms] [LOG] [ChatTransport] responseHandler called, data: {"type":"delta","content":"部分","error":null,"message_id":"f438a9bb-daaa-4770-9a69-93c7f00ba631","conversation_id":null,"itinerary":null,"stage":null} @ webpack-internal:///(app-pages-browser)/./lib/chat-transport.ts:137
[   68571ms] [LOG] [ChatTransport] onmessage triggered, has currentResponseHandler: true @ webpack-internal:///(app-pages-browser)/./lib/chat-transport.ts:41
[   68571ms] [LOG] [ChatTransport] responseHandler called, data: {"type":"delta","content":"领","error":null,"message_id":"f438a9bb-daaa-4770-9a69-93c7f00ba631","conversation_id":null,"itinerary":null,"stage":null} @ webpack-internal:///(app-pages-browser)/./lib/chat-transport.ts:137
[   68609ms] [LOG] [ChatTransport] onmessage triggered, has currentResponseHandler: true @ webpack-internal:///(app-pages-browser)/./lib/chat-transport.ts:41
[   68609ms] [LOG] [ChatTransport] responseHandler called, data: {"type":"delta","content":"区","error":null,"message_id":"f438a9bb-daaa-4770-9a69-93c7f00ba631","conversation_id":null,"itinerary":null,"stage":null} @ webpack-internal:///(app-pages-browser)/./lib/chat-transport.ts:137
[   68623ms] [LOG] [ChatTransport] onmessage triggered, has currentResponseHandler: true @ webpack-internal:///(app-pages-browser)/./lib/chat-transport.ts:41
[   68623ms] [LOG] [ChatTransport] responseHandler called, data: {"type":"delta","content":"开始","error":null,"message_id":"f438a9bb-daaa-4770-9a69-93c7f00ba631","conversation_id":null,"itinerary":null,"stage":null} @ webpack-internal:///(app-pages-browser)/./lib/chat-transport.ts:137
[   68671ms] [LOG] [ChatTransport] onmessage triggered, has currentResponseHandler: true @ webpack-internal:///(app-pages-browser)/./lib/chat-transport.ts:41
[   68671ms] [LOG] [ChatTransport] responseHandler called, data: {"type":"delta","content":"试行","error":null,"message_id":"f438a9bb-daaa-4770-9a69-93c7f00ba631","conversation_id":null,"itinerary":null,"stage":null} @ webpack-internal:///(app-pages-browser)/./lib/chat-transport.ts:137
[   68685ms] [LOG] [ChatTransport] onmessage triggered, has currentResponseHandler: true @ webpack-internal:///(app-pages-browser)/./lib/chat-transport.ts:41
[   68685ms] [LOG] [ChatTransport] responseHandler called, data: {"type":"delta","content":"电子","error":null,"message_id":"f438a9bb-daaa-4770-9a69-93c7f00ba631","conversation_id":null,"itinerary":null,"stage":null} @ webpack-internal:///(app-pages-browser)/./lib/chat-transport.ts:137
[   68738ms] [LOG] [ChatTransport] onmessage triggered, has currentResponseHandler: true @ webpack-internal:///(app-pages-browser)/./lib/chat-transport.ts:41
[   68738ms] [LOG] [ChatTransport] responseHandler called, data: {"type":"delta","content":"签证","error":null,"message_id":"f438a9bb-daaa-4770-9a69-93c7f00ba631","conversation_id":null,"itinerary":null,"stage":null} @ webpack-internal:///(app-pages-browser)/./lib/chat-transport.ts:137
[   68739ms] [LOG] [ChatTransport] onmessage triggered, has currentResponseHandler: true @ webpack-internal:///(app-pages-browser)/./lib/chat-transport.ts:41
[   68739ms] [LOG] [ChatTransport] responseHandler called, data: {"type":"delta","content":"\n","error":null,"message_id":"f438a9bb-daaa-4770-9a69-93c7f00ba631","conversation_id":null,"itinerary":null,"stage":null} @ webpack-internal:///(app-pages-browser)/./lib/chat-transport.ts:137
[   68836ms] [LOG] [ChatTransport] onmessage triggered, has currentResponseHandler: true @ webpack-internal:///(app-pages-browser)/./lib/chat-transport.ts:41
[   68836ms] [LOG] [ChatTransport] responseHandler called, data: {"type":"delta","content":"2","error":null,"message_id":"f438a9bb-daaa-4770-9a69-93c7f00ba631","conversation_id":null,"itinerary":null,"stage":null} @ webpack-internal:///(app-pages-browser)/./lib/chat-transport.ts:137
[   68838ms] [LOG] [ChatTransport] onmessage triggered, has currentResponseHandler: true @ webpack-internal:///(app-pages-browser)/./lib/chat-transport.ts:41
[   68838ms] [LOG] [ChatTransport] responseHandler called, data: {"type":"delta","content":".","error":null,"message_id":"f438a9bb-daaa-4770-9a69-93c7f00ba631","conversation_id":null,"itinerary":null,"stage":null} @ webpack-internal:///(app-pages-browser)/./lib/chat-transport.ts:137
[   68861ms] [LOG] [ChatTransport] onmessage triggered, has currentResponseHandler: true @ webpack-internal:///(app-pages-browser)/./lib/chat-transport.ts:41
[   68862ms] [LOG] [ChatTransport] responseHandler called, data: {"type":"delta","content":" **","error":null,"message_id":"f438a9bb-daaa-4770-9a69-93c7f00ba631","conversation_id":null,"itinerary":null,"stage":null} @ webpack-internal:///(app-pages-browser)/./lib/chat-transport.ts:137
[   68865ms] [LOG] [ChatTransport] onmessage triggered, has currentResponseHandler: true @ webpack-internal:///(app-pages-browser)/./lib/chat-transport.ts:41
[   68865ms] [LOG] [ChatTransport] responseHandler called, data: {"type":"delta","content":"简化","error":null,"message_id":"f438a9bb-daaa-4770-9a69-93c7f00ba631","conversation_id":null,"itinerary":null,"stage":null} @ webpack-internal:///(app-pages-browser)/./lib/chat-transport.ts:137
[   68925ms] [LOG] [ChatTransport] onmessage triggered, has currentResponseHandler: true @ webpack-internal:///(app-pages-browser)/./lib/chat-transport.ts:41
[   68925ms] [LOG] [ChatTransport] responseHandler called, data: {"type":"delta","content":"材料","error":null,"message_id":"f438a9bb-daaa-4770-9a69-93c7f00ba631","conversation_id":null,"itinerary":null,"stage":null} @ webpack-internal:///(app-pages-browser)/./lib/chat-transport.ts:137
[   68929ms] [LOG] [ChatTransport] onmessage triggered, has currentResponseHandler: true @ webpack-internal:///(app-pages-browser)/./lib/chat-transport.ts:41
[   68929ms] [LOG] [ChatTransport] responseHandler called, data: {"type":"delta","content":"**","error":null,"message_id":"f438a9bb-daaa-4770-9a69-93c7f00ba631","conversation_id":null,"itinerary":null,"stage":null} @ webpack-internal:///(app-pages-browser)/./lib/chat-transport.ts:137
[   68979ms] [LOG] [ChatTransport] onmessage triggered, has currentResponseHandler: true @ webpack-internal:///(app-pages-browser)/./lib/chat-transport.ts:41
[   68979ms] [LOG] [ChatTransport] responseHandler called, data: {"type":"delta","content":"：","error":null,"message_id":"f438a9bb-daaa-4770-9a69-93c7f00ba631","conversation_id":null,"itinerary":null,"stage":null} @ webpack-internal:///(app-pages-browser)/./lib/chat-transport.ts:137
[   68987ms] [LOG] [ChatTransport] onmessage triggered, has currentResponseHandler: true @ webpack-internal:///(app-pages-browser)/./lib/chat-transport.ts:41
[   68988ms] [LOG] [ChatTransport] responseHandler called, data: {"type":"delta","content":"部分","error":null,"message_id":"f438a9bb-daaa-4770-9a69-93c7f00ba631","conversation_id":null,"itinerary":null,"stage":null} @ webpack-internal:///(app-pages-browser)/./lib/chat-transport.ts:137
[   69040ms] [LOG] [ChatTransport] onmessage triggered, has currentResponseHandler: true @ webpack-internal:///(app-pages-browser)/./lib/chat-transport.ts:41
[   69040ms] [LOG] [ChatTransport] responseHandler called, data: {"type":"delta","content":"优质","error":null,"message_id":"f438a9bb-daaa-4770-9a69-93c7f00ba631","conversation_id":null,"itinerary":null,"stage":null} @ webpack-internal:///(app-pages-browser)/./lib/chat-transport.ts:137
[   69110ms] [LOG] [ChatTransport] onmessage triggered, has currentResponseHandler: true @ webpack-internal:///(app-pages-browser)/./lib/chat-transport.ts:41
[   69110ms] [LOG] [ChatTransport] responseHandler called, data: {"type":"delta","content":"客户","error":null,"message_id":"f438a9bb-daaa-4770-9a69-93c7f00ba631","conversation_id":null,"itinerary":null,"stage":null} @ webpack-internal:///(app-pages-browser)/./lib/chat-transport.ts:137
[   69117ms] [LOG] [ChatTransport] onmessage triggered, has currentResponseHandler: true @ webpack-internal:///(app-pages-browser)/./lib/chat-transport.ts:41
[   69117ms] [LOG] [ChatTransport] responseHandler called, data: {"type":"delta","content":"可","error":null,"message_id":"f438a9bb-daaa-4770-9a69-93c7f00ba631","conversation_id":null,"itinerary":null,"stage":null} @ webpack-internal:///(app-pages-browser)/./lib/chat-transport.ts:137
[   69177ms] [LOG] [ChatTransport] onmessage triggered, has currentResponseHandler: true @ webpack-internal:///(app-pages-browser)/./lib/chat-transport.ts:41
[   69177ms] [LOG] [ChatTransport] responseHandler called, data: {"type":"delta","content":"简化","error":null,"message_id":"f438a9bb-daaa-4770-9a69-93c7f00ba631","conversation_id":null,"itinerary":null,"stage":null} @ webpack-internal:///(app-pages-browser)/./lib/chat-transport.ts:137
[   69196ms] [LOG] [ChatTransport] onmessage triggered, has currentResponseHandler: true @ webpack-internal:///(app-pages-browser)/./lib/chat-transport.ts:41
[   69197ms] [LOG] [ChatTransport] responseHandler called, data: {"type":"delta","content":"资产","error":null,"message_id":"f438a9bb-daaa-4770-9a69-93c7f00ba631","conversation_id":null,"itinerary":null,"stage":null} @ webpack-internal:///(app-pages-browser)/./lib/chat-transport.ts:137
[   69227ms] [LOG] [ChatTransport] onmessage triggered, has currentResponseHandler: true @ webpack-internal:///(app-pages-browser)/./lib/chat-transport.ts:41
[   69227ms] [LOG] [ChatTransport] responseHandler called, data: {"type":"delta","content":"证明","error":null,"message_id":"f438a9bb-daaa-4770-9a69-93c7f00ba631","conversation_id":null,"itinerary":null,"stage":null} @ webpack-internal:///(app-pages-browser)/./lib/chat-transport.ts:137
[   69246ms] [LOG] [ChatTransport] onmessage triggered, has currentResponseHandler: true @ webpack-internal:///(app-pages-browser)/./lib/chat-transport.ts:41
[   69246ms] [LOG] [ChatTransport] responseHandler called, data: {"type":"delta","content":"\n","error":null,"message_id":"f438a9bb-daaa-4770-9a69-93c7f00ba631","conversation_id":null,"itinerary":null,"stage":null} @ webpack-internal:///(app-pages-browser)/./lib/chat-transport.ts:137
[   69317ms] [LOG] [ChatTransport] onmessage triggered, has currentResponseHandler: true @ webpack-internal:///(app-pages-browser)/./lib/chat-transport.ts:41
[   69317ms] [LOG] [ChatTransport] responseHandler called, data: {"type":"delta","content":"3","error":null,"message_id":"f438a9bb-daaa-4770-9a69-93c7f00ba631","conversation_id":null,"itinerary":null,"stage":null} @ webpack-internal:///(app-pages-browser)/./lib/chat-transport.ts:137
[   69323ms] [LOG] [ChatTransport] onmessage triggered, has currentResponseHandler: true @ webpack-internal:///(app-pages-browser)/./lib/chat-transport.ts:41
[   69323ms] [LOG] [ChatTransport] responseHandler called, data: {"type":"delta","content":".","error":null,"message_id":"f438a9bb-daaa-4770-9a69-93c7f00ba631","conversation_id":null,"itinerary":null,"stage":null} @ webpack-internal:///(app-pages-browser)/./lib/chat-transport.ts:137
[   69351ms] [LOG] [ChatTransport] onmessage triggered, has currentResponseHandler: true @ webpack-internal:///(app-pages-browser)/./lib/chat-transport.ts:41
[   69351ms] [LOG] [ChatTransport] responseHandler called, data: {"type":"delta","content":" **","error":null,"message_id":"f438a9bb-daaa-4770-9a69-93c7f00ba631","conversation_id":null,"itinerary":null,"stage":null} @ webpack-internal:///(app-pages-browser)/./lib/chat-transport.ts:137
[   69360ms] [LOG] [ChatTransport] onmessage triggered, has currentResponseHandler: true @ webpack-internal:///(app-pages-browser)/./lib/chat-transport.ts:41
[   69360ms] [LOG] [ChatTransport] responseHandler called, data: {"type":"delta","content":"多次","error":null,"message_id":"f438a9bb-daaa-4770-9a69-93c7f00ba631","conversation_id":null,"itinerary":null,"stage":null} @ webpack-internal:///(app-pages-browser)/./lib/chat-transport.ts:137
[   69412ms] [LOG] [ChatTransport] onmessage triggered, has currentResponseHandler: true @ webpack-internal:///(app-pages-browser)/./lib/chat-transport.ts:41
[   69412ms] [LOG] [ChatTransport] responseHandler called, data: {"type":"delta","content":"签证","error":null,"message_id":"f438a9bb-daaa-4770-9a69-93c7f00ba631","conversation_id":null,"itinerary":null,"stage":null} @ webpack-internal:///(app-pages-browser)/./lib/chat-transport.ts:137
[   69425ms] [LOG] [ChatTransport] onmessage triggered, has currentResponseHandler: true @ webpack-internal:///(app-pages-browser)/./lib/chat-transport.ts:41
[   69425ms] [LOG] [ChatTransport] responseHandler called, data: {"type":"delta","content":"条件","error":null,"message_id":"f438a9bb-daaa-4770-9a69-93c7f00ba631","conversation_id":null,"itinerary":null,"stage":null} @ webpack-internal:///(app-pages-browser)/./lib/chat-transport.ts:137
[   69505ms] [LOG] [ChatTransport] onmessage triggered, has currentResponseHandler: true @ webpack-internal:///(app-pages-browser)/./lib/chat-transport.ts:41
[   69505ms] [LOG] [ChatTransport] responseHandler called, data: {"type":"delta","content":"放宽","error":null,"message_id":"f438a9bb-daaa-4770-9a69-93c7f00ba631","conversation_id":null,"itinerary":null,"stage":null} @ webpack-internal:///(app-pages-browser)/./lib/chat-transport.ts:137
[   69518ms] [LOG] [ChatTransport] onmessage triggered, has currentResponseHandler: true @ webpack-internal:///(app-pages-browser)/./lib/chat-transport.ts:41
[   69518ms] [LOG] [ChatTransport] responseHandler called, data: {"type":"delta","content":"**","error":null,"message_id":"f438a9bb-daaa-4770-9a69-93c7f00ba631","conversation_id":null,"itinerary":null,"stage":null} @ webpack-internal:///(app-pages-browser)/./lib/chat-transport.ts:137
[   69567ms] [LOG] [ChatTransport] onmessage triggered, has currentResponseHandler: true @ webpack-internal:///(app-pages-browser)/./lib/chat-transport.ts:41
[   69567ms] [LOG] [ChatTransport] responseHandler called, data: {"type":"delta","content":"：","error":null,"message_id":"f438a9bb-daaa-4770-9a69-93c7f00ba631","conversation_id":null,"itinerary":null,"stage":null} @ webpack-internal:///(app-pages-browser)/./lib/chat-transport.ts:137
[   69580ms] [LOG] [ChatTransport] onmessage triggered, has currentResponseHandler: true @ webpack-internal:///(app-pages-browser)/./lib/chat-transport.ts:41
[   69581ms] [LOG] [ChatTransport] responseHandler called, data: {"type":"delta","content":"收入","error":null,"message_id":"f438a9bb-daaa-4770-9a69-93c7f00ba631","conversation_id":null,"itinerary":null,"stage":null} @ webpack-internal:///(app-pages-browser)/./lib/chat-transport.ts:137
[   69596ms] [LOG] [ChatTransport] onmessage triggered, has currentResponseHandler: true @ webpack-internal:///(app-pages-browser)/./lib/chat-transport.ts:41
[   69596ms] [LOG] [ChatTransport] responseHandler called, data: {"type":"delta","content":"要求","error":null,"message_id":"f438a9bb-daaa-4770-9a69-93c7f00ba631","conversation_id":null,"itinerary":null,"stage":null} @ webpack-internal:///(app-pages-browser)/./lib/chat-transport.ts:137
[   69596ms] [LOG] [ChatTransport] onmessage triggered, has currentResponseHandler: true @ webpack-internal:///(app-pages-browser)/./lib/chat-transport.ts:41
[   69596ms] [LOG] [ChatTransport] responseHandler called, data: {"type":"delta","content":"有所","error":null,"message_id":"f438a9bb-daaa-4770-9a69-93c7f00ba631","conversation_id":null,"itinerary":null,"stage":null} @ webpack-internal:///(app-pages-browser)/./lib/chat-transport.ts:137
[   69693ms] [LOG] [ChatTransport] onmessage triggered, has currentResponseHandler: true @ webpack-internal:///(app-pages-browser)/./lib/chat-transport.ts:41
[   69693ms] [LOG] [ChatTransport] responseHandler called, data: {"type":"delta","content":"调整","error":null,"message_id":"f438a9bb-daaa-4770-9a69-93c7f00ba631","conversation_id":null,"itinerary":null,"stage":null} @ webpack-internal:///(app-pages-browser)/./lib/chat-transport.ts:137
[   69700ms] [LOG] [ChatTransport] onmessage triggered, has currentResponseHandler: true @ webpack-internal:///(app-pages-browser)/./lib/chat-transport.ts:41
[   69700ms] [LOG] [ChatTransport] responseHandler called, data: {"type":"delta","content":"\n\n","error":null,"message_id":"f438a9bb-daaa-4770-9a69-93c7f00ba631","conversation_id":null,"itinerary":null,"stage":null} @ webpack-internal:///(app-pages-browser)/./lib/chat-transport.ts:137
[   69717ms] [LOG] [ChatTransport] onmessage triggered, has currentResponseHandler: true @ webpack-internal:///(app-pages-browser)/./lib/chat-transport.ts:41
[   69718ms] [LOG] [ChatTransport] responseHandler called, data: {"type":"delta","content":"###","error":null,"message_id":"f438a9bb-daaa-4770-9a69-93c7f00ba631","conversation_id":null,"itinerary":null,"stage":null} @ webpack-internal:///(app-pages-browser)/./lib/chat-transport.ts:137
[   69718ms] [LOG] [ChatTransport] onmessage triggered, has currentResponseHandler: true @ webpack-internal:///(app-pages-browser)/./lib/chat-transport.ts:41
[   69718ms] [LOG] [ChatTransport] responseHandler called, data: {"type":"delta","content":" **","error":null,"message_id":"f438a9bb-daaa-4770-9a69-93c7f00ba631","conversation_id":null,"itinerary":null,"stage":null} @ webpack-internal:///(app-pages-browser)/./lib/chat-transport.ts:137
[   69783ms] [LOG] [ChatTransport] onmessage triggered, has currentResponseHandler: true @ webpack-internal:///(app-pages-browser)/./lib/chat-transport.ts:41
[   69783ms] [LOG] [ChatTransport] responseHandler called, data: {"type":"delta","content":"处理","error":null,"message_id":"f438a9bb-daaa-4770-9a69-93c7f00ba631","conversation_id":null,"itinerary":null,"stage":null} @ webpack-internal:///(app-pages-browser)/./lib/chat-transport.ts:137
[   69849ms] [LOG] [ChatTransport] onmessage triggered, has currentResponseHandler: true @ webpack-internal:///(app-pages-browser)/./lib/chat-transport.ts:41
[   69849ms] [LOG] [ChatTransport] responseHandler called, data: {"type":"delta","content":"时间","error":null,"message_id":"f438a9bb-daaa-4770-9a69-93c7f00ba631","conversation_id":null,"itinerary":null,"stage":null} @ webpack-internal:///(app-pages-browser)/./lib/chat-transport.ts:137
[   69851ms] [LOG] [ChatTransport] onmessage triggered, has currentResponseHandler: true @ webpack-internal:///(app-pages-browser)/./lib/chat-transport.ts:41
[   69851ms] [LOG] [ChatTransport] responseHandler called, data: {"type":"delta","content":"**\n","error":null,"message_id":"f438a9bb-daaa-4770-9a69-93c7f00ba631","conversation_id":null,"itinerary":null,"stage":null} @ webpack-internal:///(app-pages-browser)/./lib/chat-transport.ts:137
[   69900ms] [LOG] [ChatTransport] onmessage triggered, has currentResponseHandler: true @ webpack-internal:///(app-pages-browser)/./lib/chat-transport.ts:41
[   69901ms] [LOG] [ChatTransport] responseHandler called, data: {"type":"delta","content":"-","error":null,"message_id":"f438a9bb-daaa-4770-9a69-93c7f00ba631","conversation_id":null,"itinerary":null,"stage":null} @ webpack-internal:///(app-pages-browser)/./lib/chat-transport.ts:137
[   69902ms] [LOG] [ChatTransport] onmessage triggered, has currentResponseHandler: true @ webpack-internal:///(app-pages-browser)/./lib/chat-transport.ts:41
[   69902ms] [LOG] [ChatTransport] responseHandler called, data: {"type":"delta","content":" ","error":null,"message_id":"f438a9bb-daaa-4770-9a69-93c7f00ba631","conversation_id":null,"itinerary":null,"stage":null} @ webpack-internal:///(app-pages-browser)/./lib/chat-transport.ts:137
[   69982ms] [LOG] [ChatTransport] onmessage triggered, has currentResponseHandler: true @ webpack-internal:///(app-pages-browser)/./lib/chat-transport.ts:41
[   69982ms] [LOG] [ChatTransport] responseHandler called, data: {"type":"delta","content":"通常","error":null,"message_id":"f438a9bb-daaa-4770-9a69-93c7f00ba631","conversation_id":null,"itinerary":null,"stage":null} @ webpack-internal:///(app-pages-browser)/./lib/chat-transport.ts:137
[   69983ms] [LOG] [ChatTransport] onmessage triggered, has currentResponseHandler: true @ webpack-internal:///(app-pages-browser)/./lib/chat-transport.ts:41
[   69983ms] [LOG] [ChatTransport] responseHandler called, data: {"type":"delta","content":"5","error":null,"message_id":"f438a9bb-daaa-4770-9a69-93c7f00ba631","conversation_id":null,"itinerary":null,"stage":null} @ webpack-internal:///(app-pages-browser)/./lib/chat-transport.ts:137
[   70024ms] [LOG] [ChatTransport] onmessage triggered, has currentResponseHandler: true @ webpack-internal:///(app-pages-browser)/./lib/chat-transport.ts:41
[   70024ms] [LOG] [ChatTransport] responseHandler called, data: {"type":"delta","content":"-","error":null,"message_id":"f438a9bb-daaa-4770-9a69-93c7f00ba631","conversation_id":null,"itinerary":null,"stage":null} @ webpack-internal:///(app-pages-browser)/./lib/chat-transport.ts:137
[   70025ms] [LOG] [ChatTransport] onmessage triggered, has currentResponseHandler: true @ webpack-internal:///(app-pages-browser)/./lib/chat-transport.ts:41
[   70026ms] [LOG] [ChatTransport] responseHandler called, data: {"type":"delta","content":"10","error":null,"message_id":"f438a9bb-daaa-4770-9a69-93c7f00ba631","conversation_id":null,"itinerary":null,"stage":null} @ webpack-internal:///(app-pages-browser)/./lib/chat-transport.ts:137
[   70088ms] [LOG] [ChatTransport] onmessage triggered, has currentResponseHandler: true @ webpack-internal:///(app-pages-browser)/./lib/chat-transport.ts:41
[   70089ms] [LOG] [ChatTransport] responseHandler called, data: {"type":"delta","content":"个","error":null,"message_id":"f438a9bb-daaa-4770-9a69-93c7f00ba631","conversation_id":null,"itinerary":null,"stage":null} @ webpack-internal:///(app-pages-browser)/./lib/chat-transport.ts:137
[   70091ms] [LOG] [ChatTransport] onmessage triggered, has currentResponseHandler: true @ webpack-internal:///(app-pages-browser)/./lib/chat-transport.ts:41
[   70091ms] [LOG] [ChatTransport] responseHandler called, data: {"type":"delta","content":"工作日","error":null,"message_id":"f438a9bb-daaa-4770-9a69-93c7f00ba631","conversation_id":null,"itinerary":null,"stage":null} @ webpack-internal:///(app-pages-browser)/./lib/chat-transport.ts:137
[   70143ms] [LOG] [ChatTransport] onmessage triggered, has currentResponseHandler: true @ webpack-internal:///(app-pages-browser)/./lib/chat-transport.ts:41
[   70143ms] [LOG] [ChatTransport] responseHandler called, data: {"type":"delta","content":"\n","error":null,"message_id":"f438a9bb-daaa-4770-9a69-93c7f00ba631","conversation_id":null,"itinerary":null,"stage":null} @ webpack-internal:///(app-pages-browser)/./lib/chat-transport.ts:137
[   70145ms] [LOG] [ChatTransport] onmessage triggered, has currentResponseHandler: true @ webpack-internal:///(app-pages-browser)/./lib/chat-transport.ts:41
[   70145ms] [LOG] [ChatTransport] responseHandler called, data: {"type":"delta","content":"-","error":null,"message_id":"f438a9bb-daaa-4770-9a69-93c7f00ba631","conversation_id":null,"itinerary":null,"stage":null} @ webpack-internal:///(app-pages-browser)/./lib/chat-transport.ts:137
[   70222ms] [LOG] [ChatTransport] onmessage triggered, has currentResponseHandler: true @ webpack-internal:///(app-pages-browser)/./lib/chat-transport.ts:41
[   70222ms] [LOG] [ChatTransport] responseHandler called, data: {"type":"delta","content":" ","error":null,"message_id":"f438a9bb-daaa-4770-9a69-93c7f00ba631","conversation_id":null,"itinerary":null,"stage":null} @ webpack-internal:///(app-pages-browser)/./lib/chat-transport.ts:137
[   70232ms] [LOG] [ChatTransport] onmessage triggered, has currentResponseHandler: true @ webpack-internal:///(app-pages-browser)/./lib/chat-transport.ts:41
[   70232ms] [LOG] [ChatTransport] responseHandler called, data: {"type":"delta","content":"旺季","error":null,"message_id":"f438a9bb-daaa-4770-9a69-93c7f00ba631","conversation_id":null,"itinerary":null,"stage":null} @ webpack-internal:///(app-pages-browser)/./lib/chat-transport.ts:137
[   70275ms] [LOG] [ChatTransport] onmessage triggered, has currentResponseHandler: true @ webpack-internal:///(app-pages-browser)/./lib/chat-transport.ts:41
[   70275ms] [LOG] [ChatTransport] responseHandler called, data: {"type":"delta","content":"可能需要","error":null,"message_id":"f438a9bb-daaa-4770-9a69-93c7f00ba631","conversation_id":null,"itinerary":null,"stage":null} @ webpack-internal:///(app-pages-browser)/./lib/chat-transport.ts:137
[   70334ms] [LOG] [ChatTransport] onmessage triggered, has currentResponseHandler: true @ webpack-internal:///(app-pages-browser)/./lib/chat-transport.ts:41
[   70334ms] [LOG] [ChatTransport] responseHandler called, data: {"type":"delta","content":"更","error":null,"message_id":"f438a9bb-daaa-4770-9a69-93c7f00ba631","conversation_id":null,"itinerary":null,"stage":null} @ webpack-internal:///(app-pages-browser)/./lib/chat-transport.ts:137
[   70344ms] [LOG] [ChatTransport] onmessage triggered, has currentResponseHandler: true @ webpack-internal:///(app-pages-browser)/./lib/chat-transport.ts:41
[   70344ms] [LOG] [ChatTransport] responseHandler called, data: {"type":"delta","content":"长时间","error":null,"message_id":"f438a9bb-daaa-4770-9a69-93c7f00ba631","conversation_id":null,"itinerary":null,"stage":null} @ webpack-internal:///(app-pages-browser)/./lib/chat-transport.ts:137
[   70396ms] [LOG] [ChatTransport] onmessage triggered, has currentResponseHandler: true @ webpack-internal:///(app-pages-browser)/./lib/chat-transport.ts:41
[   70396ms] [LOG] [ChatTransport] responseHandler called, data: {"type":"delta","content":"\n\n","error":null,"message_id":"f438a9bb-daaa-4770-9a69-93c7f00ba631","conversation_id":null,"itinerary":null,"stage":null} @ webpack-internal:///(app-pages-browser)/./lib/chat-transport.ts:137
[   70396ms] [LOG] [ChatTransport] onmessage triggered, has currentResponseHandler: true @ webpack-internal:///(app-pages-browser)/./lib/chat-transport.ts:41
[   70396ms] [LOG] [ChatTransport] responseHandler called, data: {"type":"delta","content":"##","error":null,"message_id":"f438a9bb-daaa-4770-9a69-93c7f00ba631","conversation_id":null,"itinerary":null,"stage":null} @ webpack-internal:///(app-pages-browser)/./lib/chat-transport.ts:137
[   70455ms] [LOG] [ChatTransport] onmessage triggered, has currentResponseHandler: true @ webpack-internal:///(app-pages-browser)/./lib/chat-transport.ts:41
[   70455ms] [LOG] [ChatTransport] responseHandler called, data: {"type":"delta","content":" 💡","error":null,"message_id":"f438a9bb-daaa-4770-9a69-93c7f00ba631","conversation_id":null,"itinerary":null,"stage":null} @ webpack-internal:///(app-pages-browser)/./lib/chat-transport.ts:137
[   70649ms] [LOG] [ChatTransport] onmessage triggered, has currentResponseHandler: true @ webpack-internal:///(app-pages-browser)/./lib/chat-transport.ts:41
[   70649ms] [LOG] [ChatTransport] responseHandler called, data: {"type":"delta","content":" ","error":null,"message_id":"f438a9bb-daaa-4770-9a69-93c7f00ba631","conversation_id":null,"itinerary":null,"stage":null} @ webpack-internal:///(app-pages-browser)/./lib/chat-transport.ts:137
[   70663ms] [LOG] [ChatTransport] onmessage triggered, has currentResponseHandler: true @ webpack-internal:///(app-pages-browser)/./lib/chat-transport.ts:41
[   70663ms] [LOG] [ChatTransport] responseHandler called, data: {"type":"delta","content":"实用","error":null,"message_id":"f438a9bb-daaa-4770-9a69-93c7f00ba631","conversation_id":null,"itinerary":null,"stage":null} @ webpack-internal:///(app-pages-browser)/./lib/chat-transport.ts:137
[   70670ms] [LOG] [ChatTransport] onmessage triggered, has currentResponseHandler: true @ webpack-internal:///(app-pages-browser)/./lib/chat-transport.ts:41
[   70670ms] [LOG] [ChatTransport] responseHandler called, data: {"type":"delta","content":"建议","error":null,"message_id":"f438a9bb-daaa-4770-9a69-93c7f00ba631","conversation_id":null,"itinerary":null,"stage":null} @ webpack-internal:///(app-pages-browser)/./lib/chat-transport.ts:137
[   70670ms] [LOG] [ChatTransport] onmessage triggered, has currentResponseHandler: true @ webpack-internal:///(app-pages-browser)/./lib/chat-transport.ts:41
[   70670ms] [LOG] [ChatTransport] responseHandler called, data: {"type":"delta","content":"\n\n","error":null,"message_id":"f438a9bb-daaa-4770-9a69-93c7f00ba631","conversation_id":null,"itinerary":null,"stage":null} @ webpack-internal:///(app-pages-browser)/./lib/chat-transport.ts:137
[   70695ms] [LOG] [ChatTransport] onmessage triggered, has currentResponseHandler: true @ webpack-internal:///(app-pages-browser)/./lib/chat-transport.ts:41
[   70696ms] [LOG] [ChatTransport] responseHandler called, data: {"type":"delta","content":"1","error":null,"message_id":"f438a9bb-daaa-4770-9a69-93c7f00ba631","conversation_id":null,"itinerary":null,"stage":null} @ webpack-internal:///(app-pages-browser)/./lib/chat-transport.ts:137
[   70702ms] [LOG] [ChatTransport] onmessage triggered, has currentResponseHandler: true @ webpack-internal:///(app-pages-browser)/./lib/chat-transport.ts:41
[   70702ms] [LOG] [ChatTransport] responseHandler called, data: {"type":"delta","content":".","error":null,"message_id":"f438a9bb-daaa-4770-9a69-93c7f00ba631","conversation_id":null,"itinerary":null,"stage":null} @ webpack-internal:///(app-pages-browser)/./lib/chat-transport.ts:137
[   70719ms] [LOG] [ChatTransport] onmessage triggered, has currentResponseHandler: true @ webpack-internal:///(app-pages-browser)/./lib/chat-transport.ts:41
[   70719ms] [LOG] [ChatTransport] responseHandler called, data: {"type":"delta","content":" **","error":null,"message_id":"f438a9bb-daaa-4770-9a69-93c7f00ba631","conversation_id":null,"itinerary":null,"stage":null} @ webpack-internal:///(app-pages-browser)/./lib/chat-transport.ts:137
[   70726ms] [LOG] [ChatTransport] onmessage triggered, has currentResponseHandler: true @ webpack-internal:///(app-pages-browser)/./lib/chat-transport.ts:41
[   70726ms] [LOG] [ChatTransport] responseHandler called, data: {"type":"delta","content":"提前","error":null,"message_id":"f438a9bb-daaa-4770-9a69-93c7f00ba631","conversation_id":null,"itinerary":null,"stage":null} @ webpack-internal:///(app-pages-browser)/./lib/chat-transport.ts:137
[   70761ms] [LOG] [ChatTransport] onmessage triggered, has currentResponseHandler: true @ webpack-internal:///(app-pages-browser)/./lib/chat-transport.ts:41
[   70761ms] [LOG] [ChatTransport] responseHandler called, data: {"type":"delta","content":"规划","error":null,"message_id":"f438a9bb-daaa-4770-9a69-93c7f00ba631","conversation_id":null,"itinerary":null,"stage":null} @ webpack-internal:///(app-pages-browser)/./lib/chat-transport.ts:137
[   70761ms] [LOG] [ChatTransport] onmessage triggered, has currentResponseHandler: true @ webpack-internal:///(app-pages-browser)/./lib/chat-transport.ts:41
[   70761ms] [LOG] [ChatTransport] responseHandler called, data: {"type":"delta","content":"**","error":null,"message_id":"f438a9bb-daaa-4770-9a69-93c7f00ba631","conversation_id":null,"itinerary":null,"stage":null} @ webpack-internal:///(app-pages-browser)/./lib/chat-transport.ts:137
[   70923ms] [LOG] [ChatTransport] onmessage triggered, has currentResponseHandler: true @ webpack-internal:///(app-pages-browser)/./lib/chat-transport.ts:41
[   70923ms] [LOG] [ChatTransport] responseHandler called, data: {"type":"delta","content":"：","error":null,"message_id":"f438a9bb-daaa-4770-9a69-93c7f00ba631","conversation_id":null,"itinerary":null,"stage":null} @ webpack-internal:///(app-pages-browser)/./lib/chat-transport.ts:137
[   70935ms] [LOG] [ChatTransport] onmessage triggered, has currentResponseHandler: true @ webpack-internal:///(app-pages-browser)/./lib/chat-transport.ts:41
[   70935ms] [LOG] [ChatTransport] responseHandler called, data: {"type":"delta","content":"建议","error":null,"message_id":"f438a9bb-daaa-4770-9a69-93c7f00ba631","conversation_id":null,"itinerary":null,"stage":null} @ webpack-internal:///(app-pages-browser)/./lib/chat-transport.ts:137
[   70944ms] [LOG] [ChatTransport] onmessage triggered, has currentResponseHandler: true @ webpack-internal:///(app-pages-browser)/./lib/chat-transport.ts:41
[   70944ms] [LOG] [ChatTransport] responseHandler called, data: {"type":"delta","content":"出发","error":null,"message_id":"f438a9bb-daaa-4770-9a69-93c7f00ba631","conversation_id":null,"itinerary":null,"stage":null} @ webpack-internal:///(app-pages-browser)/./lib/chat-transport.ts:137
[   70958ms] [LOG] [ChatTransport] onmessage triggered, has currentResponseHandler: true @ webpack-internal:///(app-pages-browser)/./lib/chat-transport.ts:41
[   70958ms] [LOG] [ChatTransport] responseHandler called, data: {"type":"delta","content":"前","error":null,"message_id":"f438a9bb-daaa-4770-9a69-93c7f00ba631","conversation_id":null,"itinerary":null,"stage":null} @ webpack-internal:///(app-pages-browser)/./lib/chat-transport.ts:137
[   70961ms] [LOG] [ChatTransport] onmessage triggered, has currentResponseHandler: true @ webpack-internal:///(app-pages-browser)/./lib/chat-transport.ts:41
[   70961ms] [LOG] [ChatTransport] responseHandler called, data: {"type":"delta","content":"1","error":null,"message_id":"f438a9bb-daaa-4770-9a69-93c7f00ba631","conversation_id":null,"itinerary":null,"stage":null} @ webpack-internal:///(app-pages-browser)/./lib/chat-transport.ts:137
[   71033ms] [LOG] [ChatTransport] onmessage triggered, has currentResponseHandler: true @ webpack-internal:///(app-pages-browser)/./lib/chat-transport.ts:41
[   71034ms] [LOG] [ChatTransport] responseHandler called, data: {"type":"delta","content":"-","error":null,"message_id":"f438a9bb-daaa-4770-9a69-93c7f00ba631","conversation_id":null,"itinerary":null,"stage":null} @ webpack-internal:///(app-pages-browser)/./lib/chat-transport.ts:137
[   71036ms] [LOG] [ChatTransport] onmessage triggered, has currentResponseHandler: true @ webpack-internal:///(app-pages-browser)/./lib/chat-transport.ts:41
[   71036ms] [LOG] [ChatTransport] responseHandler called, data: {"type":"delta","content":"2","error":null,"message_id":"f438a9bb-daaa-4770-9a69-93c7f00ba631","conversation_id":null,"itinerary":null,"stage":null} @ webpack-internal:///(app-pages-browser)/./lib/chat-transport.ts:137
[   71072ms] [LOG] [ChatTransport] onmessage triggered, has currentResponseHandler: true @ webpack-internal:///(app-pages-browser)/./lib/chat-transport.ts:41
[   71072ms] [LOG] [ChatTransport] responseHandler called, data: {"type":"delta","content":"个月","error":null,"message_id":"f438a9bb-daaa-4770-9a69-93c7f00ba631","conversation_id":null,"itinerary":null,"stage":null} @ webpack-internal:///(app-pages-browser)/./lib/chat-transport.ts:137
[   71074ms] [LOG] [ChatTransport] onmessage triggered, has currentResponseHandler: true @ webpack-internal:///(app-pages-browser)/./lib/chat-transport.ts:41
[   71074ms] [LOG] [ChatTransport] responseHandler called, data: {"type":"delta","content":"开始","error":null,"message_id":"f438a9bb-daaa-4770-9a69-93c7f00ba631","conversation_id":null,"itinerary":null,"stage":null} @ webpack-internal:///(app-pages-browser)/./lib/chat-transport.ts:137
[   71347ms] [LOG] [ChatTransport] onmessage triggered, has currentResponseHandler: true @ webpack-internal:///(app-pages-browser)/./lib/chat-transport.ts:41
[   71348ms] [LOG] [ChatTransport] responseHandler called, data: {"type":"delta","content":"准备","error":null,"message_id":"f438a9bb-daaa-4770-9a69-93c7f00ba631","conversation_id":null,"itinerary":null,"stage":null} @ webpack-internal:///(app-pages-browser)/./lib/chat-transport.ts:137
[   71348ms] [LOG] [ChatTransport] onmessage triggered, has currentResponseHandler: true @ webpack-internal:///(app-pages-browser)/./lib/chat-transport.ts:41
[   71348ms] [LOG] [ChatTransport] responseHandler called, data: {"type":"delta","content":"\n","error":null,"message_id":"f438a9bb-daaa-4770-9a69-93c7f00ba631","conversation_id":null,"itinerary":null,"stage":null} @ webpack-internal:///(app-pages-browser)/./lib/chat-transport.ts:137
[   71357ms] [LOG] [ChatTransport] onmessage triggered, has currentResponseHandler: true @ webpack-internal:///(app-pages-browser)/./lib/chat-transport.ts:41
[   71357ms] [LOG] [ChatTransport] responseHandler called, data: {"type":"delta","content":"2","error":null,"message_id":"f438a9bb-daaa-4770-9a69-93c7f00ba631","conversation_id":null,"itinerary":null,"stage":null} @ webpack-internal:///(app-pages-browser)/./lib/chat-transport.ts:137
[   71366ms] [LOG] [ChatTransport] onmessage triggered, has currentResponseHandler: true @ webpack-internal:///(app-pages-browser)/./lib/chat-transport.ts:41
[   71366ms] [LOG] [ChatTransport] responseHandler called, data: {"type":"delta","content":".","error":null,"message_id":"f438a9bb-daaa-4770-9a69-93c7f00ba631","conversation_id":null,"itinerary":null,"stage":null} @ webpack-internal:///(app-pages-browser)/./lib/chat-transport.ts:137
[   71366ms] [LOG] [ChatTransport] onmessage triggered, has currentResponseHandler: true @ webpack-internal:///(app-pages-browser)/./lib/chat-transport.ts:41
[   71366ms] [LOG] [ChatTransport] responseHandler called, data: {"type":"delta","content":" **","error":null,"message_id":"f438a9bb-daaa-4770-9a69-93c7f00ba631","conversation_id":null,"itinerary":null,"stage":null} @ webpack-internal:///(app-pages-browser)/./lib/chat-transport.ts:137
[   71366ms] [LOG] [ChatTransport] onmessage triggered, has currentResponseHandler: true @ webpack-internal:///(app-pages-browser)/./lib/chat-transport.ts:41
[   71366ms] [LOG] [ChatTransport] responseHandler called, data: {"type":"delta","content":"选择","error":null,"message_id":"f438a9bb-daaa-4770-9a69-93c7f00ba631","conversation_id":null,"itinerary":null,"stage":null} @ webpack-internal:///(app-pages-browser)/./lib/chat-transport.ts:137
[   71366ms] [LOG] [ChatTransport] onmessage triggered, has currentResponseHandler: true @ webpack-internal:///(app-pages-browser)/./lib/chat-transport.ts:41
[   71366ms] [LOG] [ChatTransport] responseHandler called, data: {"type":"delta","content":"可靠","error":null,"message_id":"f438a9bb-daaa-4770-9a69-93c7f00ba631","conversation_id":null,"itinerary":null,"stage":null} @ webpack-internal:///(app-pages-browser)/./lib/chat-transport.ts:137
[   71390ms] [LOG] [ChatTransport] onmessage triggered, has currentResponseHandler: true @ webpack-internal:///(app-pages-browser)/./lib/chat-transport.ts:41
[   71390ms] [LOG] [ChatTransport] responseHandler called, data: {"type":"delta","content":"代办","error":null,"message_id":"f438a9bb-daaa-4770-9a69-93c7f00ba631","conversation_id":null,"itinerary":null,"stage":null} @ webpack-internal:///(app-pages-browser)/./lib/chat-transport.ts:137
[   71399ms] [LOG] [ChatTransport] onmessage triggered, has currentResponseHandler: true @ webpack-internal:///(app-pages-browser)/./lib/chat-transport.ts:41
[   71399ms] [LOG] [ChatTransport] responseHandler called, data: {"type":"delta","content":"**","error":null,"message_id":"f438a9bb-daaa-4770-9a69-93c7f00ba631","conversation_id":null,"itinerary":null,"stage":null} @ webpack-internal:///(app-pages-browser)/./lib/chat-transport.ts:137
[   71449ms] [LOG] [ChatTransport] onmessage triggered, has currentResponseHandler: true @ webpack-internal:///(app-pages-browser)/./lib/chat-transport.ts:41
[   71449ms] [LOG] [ChatTransport] responseHandler called, data: {"type":"delta","content":"：","error":null,"message_id":"f438a9bb-daaa-4770-9a69-93c7f00ba631","conversation_id":null,"itinerary":null,"stage":null} @ webpack-internal:///(app-pages-browser)/./lib/chat-transport.ts:137
[   71458ms] [LOG] [ChatTransport] onmessage triggered, has currentResponseHandler: true @ webpack-internal:///(app-pages-browser)/./lib/chat-transport.ts:41
[   71458ms] [LOG] [ChatTransport] responseHandler called, data: {"type":"delta","content":"选择","error":null,"message_id":"f438a9bb-daaa-4770-9a69-93c7f00ba631","conversation_id":null,"itinerary":null,"stage":null} @ webpack-internal:///(app-pages-browser)/./lib/chat-transport.ts:137
[   71508ms] [LOG] [ChatTransport] onmessage triggered, has currentResponseHandler: true @ webpack-internal:///(app-pages-browser)/./lib/chat-transport.ts:41
[   71508ms] [LOG] [ChatTransport] responseHandler called, data: {"type":"delta","content":"正规","error":null,"message_id":"f438a9bb-daaa-4770-9a69-93c7f00ba631","conversation_id":null,"itinerary":null,"stage":null} @ webpack-internal:///(app-pages-browser)/./lib/chat-transport.ts:137
[   71559ms] [LOG] [ChatTransport] onmessage triggered, has currentResponseHandler: true @ webpack-internal:///(app-pages-browser)/./lib/chat-transport.ts:41
[   71559ms] [LOG] [ChatTransport] responseHandler called, data: {"type":"delta","content":"旅行社","error":null,"message_id":"f438a9bb-daaa-4770-9a69-93c7f00ba631","conversation_id":null,"itinerary":null,"stage":null} @ webpack-internal:///(app-pages-browser)/./lib/chat-transport.ts:137
[   71568ms] [LOG] [ChatTransport] onmessage triggered, has currentResponseHandler: true @ webpack-internal:///(app-pages-browser)/./lib/chat-transport.ts:41
[   71568ms] [LOG] [ChatTransport] responseHandler called, data: {"type":"delta","content":"或","error":null,"message_id":"f438a9bb-daaa-4770-9a69-93c7f00ba631","conversation_id":null,"itinerary":null,"stage":null} @ webpack-internal:///(app-pages-browser)/./lib/chat-transport.ts:137
[   71625ms] [LOG] [ChatTransport] onmessage triggered, has currentResponseHandler: true @ webpack-internal:///(app-pages-browser)/./lib/chat-transport.ts:41
[   71625ms] [LOG] [ChatTransport] responseHandler called, data: {"type":"delta","content":"签证","error":null,"message_id":"f438a9bb-daaa-4770-9a69-93c7f00ba631","conversation_id":null,"itinerary":null,"stage":null} @ webpack-internal:///(app-pages-browser)/./lib/chat-transport.ts:137
[   71768ms] [LOG] [ChatTransport] onmessage triggered, has currentResponseHandler: true @ webpack-internal:///(app-pages-browser)/./lib/chat-transport.ts:41
[   71768ms] [LOG] [ChatTransport] responseHandler called, data: {"type":"delta","content":"中心","error":null,"message_id":"f438a9bb-daaa-4770-9a69-93c7f00ba631","conversation_id":null,"itinerary":null,"stage":null} @ webpack-internal:///(app-pages-browser)/./lib/chat-transport.ts:137
[   71777ms] [LOG] [ChatTransport] onmessage triggered, has currentResponseHandler: true @ webpack-internal:///(app-pages-browser)/./lib/chat-transport.ts:41
[   71777ms] [LOG] [ChatTransport] responseHandler called, data: {"type":"delta","content":"\n","error":null,"message_id":"f438a9bb-daaa-4770-9a69-93c7f00ba631","conversation_id":null,"itinerary":null,"stage":null} @ webpack-internal:///(app-pages-browser)/./lib/chat-transport.ts:137
[   71778ms] [LOG] [ChatTransport] onmessage triggered, has currentResponseHandler: true @ webpack-internal:///(app-pages-browser)/./lib/chat-transport.ts:41
[   71778ms] [LOG] [ChatTransport] responseHandler called, data: {"type":"delta","content":"3","error":null,"message_id":"f438a9bb-daaa-4770-9a69-93c7f00ba631","conversation_id":null,"itinerary":null,"stage":null} @ webpack-internal:///(app-pages-browser)/./lib/chat-transport.ts:137
[   71802ms] [LOG] [ChatTransport] onmessage triggered, has currentResponseHandler: true @ webpack-internal:///(app-pages-browser)/./lib/chat-transport.ts:41
[   71802ms] [LOG] [ChatTransport] responseHandler called, data: {"type":"delta","content":".","error":null,"message_id":"f438a9bb-daaa-4770-9a69-93c7f00ba631","conversation_id":null,"itinerary":null,"stage":null} @ webpack-internal:///(app-pages-browser)/./lib/chat-transport.ts:137
[   71802ms] [LOG] [ChatTransport] onmessage triggered, has currentResponseHandler: true @ webpack-internal:///(app-pages-browser)/./lib/chat-transport.ts:41
[   71802ms] [LOG] [ChatTransport] responseHandler called, data: {"type":"delta","content":" **","error":null,"message_id":"f438a9bb-daaa-4770-9a69-93c7f00ba631","conversation_id":null,"itinerary":null,"stage":null} @ webpack-internal:///(app-pages-browser)/./lib/chat-transport.ts:137
[   71887ms] [LOG] [ChatTransport] onmessage triggered, has currentResponseHandler: true @ webpack-internal:///(app-pages-browser)/./lib/chat-transport.ts:41
[   71887ms] [LOG] [ChatTransport] responseHandler called, data: {"type":"delta","content":"材料","error":null,"message_id":"f438a9bb-daaa-4770-9a69-93c7f00ba631","conversation_id":null,"itinerary":null,"stage":null} @ webpack-internal:///(app-pages-browser)/./lib/chat-transport.ts:137
[   71895ms] [LOG] [ChatTransport] onmessage triggered, has currentResponseHandler: true @ webpack-internal:///(app-pages-browser)/./lib/chat-transport.ts:41
[   71895ms] [LOG] [ChatTransport] responseHandler called, data: {"type":"delta","content":"真实","error":null,"message_id":"f438a9bb-daaa-4770-9a69-93c7f00ba631","conversation_id":null,"itinerary":null,"stage":null} @ webpack-internal:///(app-pages-browser)/./lib/chat-transport.ts:137
[   71928ms] [LOG] [ChatTransport] onmessage triggered, has currentResponseHandler: true @ webpack-internal:///(app-pages-browser)/./lib/chat-transport.ts:41
[   71929ms] [LOG] [ChatTransport] responseHandler called, data: {"type":"delta","content":"**","error":null,"message_id":"f438a9bb-daaa-4770-9a69-93c7f00ba631","conversation_id":null,"itinerary":null,"stage":null} @ webpack-internal:///(app-pages-browser)/./lib/chat-transport.ts:137
[   71935ms] [LOG] [ChatTransport] onmessage triggered, has currentResponseHandler: true @ webpack-internal:///(app-pages-browser)/./lib/chat-transport.ts:41
[   71935ms] [LOG] [ChatTransport] responseHandler called, data: {"type":"delta","content":"：","error":null,"message_id":"f438a9bb-daaa-4770-9a69-93c7f00ba631","conversation_id":null,"itinerary":null,"stage":null} @ webpack-internal:///(app-pages-browser)/./lib/chat-transport.ts:137
[   72159ms] [LOG] [ChatTransport] onmessage triggered, has currentResponseHandler: true @ webpack-internal:///(app-pages-browser)/./lib/chat-transport.ts:41
[   72159ms] [LOG] [ChatTransport] responseHandler called, data: {"type":"delta","content":"所有","error":null,"message_id":"f438a9bb-daaa-4770-9a69-93c7f00ba631","conversation_id":null,"itinerary":null,"stage":null} @ webpack-internal:///(app-pages-browser)/./lib/chat-transport.ts:137
[   72159ms] [LOG] [ChatTransport] onmessage triggered, has currentResponseHandler: true @ webpack-internal:///(app-pages-browser)/./lib/chat-transport.ts:41
[   72159ms] [LOG] [ChatTransport] responseHandler called, data: {"type":"delta","content":"材料","error":null,"message_id":"f438a9bb-daaa-4770-9a69-93c7f00ba631","conversation_id":null,"itinerary":null,"stage":null} @ webpack-internal:///(app-pages-browser)/./lib/chat-transport.ts:137
[   72163ms] [LOG] [ChatTransport] onmessage triggered, has currentResponseHandler: true @ webpack-internal:///(app-pages-browser)/./lib/chat-transport.ts:41
[   72163ms] [LOG] [ChatTransport] responseHandler called, data: {"type":"delta","content":"必须","error":null,"message_id":"f438a9bb-daaa-4770-9a69-93c7f00ba631","conversation_id":null,"itinerary":null,"stage":null} @ webpack-internal:///(app-pages-browser)/./lib/chat-transport.ts:137
[   72165ms] [LOG] [ChatTransport] onmessage triggered, has currentResponseHandler: true @ webpack-internal:///(app-pages-browser)/./lib/chat-transport.ts:41
[   72165ms] [LOG] [ChatTransport] responseHandler called, data: {"type":"delta","content":"真实","error":null,"message_id":"f438a9bb-daaa-4770-9a69-93c7f00ba631","conversation_id":null,"itinerary":null,"stage":null} @ webpack-internal:///(app-pages-browser)/./lib/chat-transport.ts:137
[   72165ms] [LOG] [ChatTransport] onmessage triggered, has currentResponseHandler: true @ webpack-internal:///(app-pages-browser)/./lib/chat-transport.ts:41
[   72165ms] [LOG] [ChatTransport] responseHandler called, data: {"type":"delta","content":"有效","error":null,"message_id":"f438a9bb-daaa-4770-9a69-93c7f00ba631","conversation_id":null,"itinerary":null,"stage":null} @ webpack-internal:///(app-pages-browser)/./lib/chat-transport.ts:137
[   72165ms] [LOG] [ChatTransport] onmessage triggered, has currentResponseHandler: true @ webpack-internal:///(app-pages-browser)/./lib/chat-transport.ts:41
[   72165ms] [LOG] [ChatTransport] responseHandler called, data: {"type":"delta","content":"\n","error":null,"message_id":"f438a9bb-daaa-4770-9a69-93c7f00ba631","conversation_id":null,"itinerary":null,"stage":null} @ webpack-internal:///(app-pages-browser)/./lib/chat-transport.ts:137
[   72181ms] [LOG] [ChatTransport] onmessage triggered, has currentResponseHandler: true @ webpack-internal:///(app-pages-browser)/./lib/chat-transport.ts:41
[   72181ms] [LOG] [ChatTransport] responseHandler called, data: {"type":"delta","content":"4","error":null,"message_id":"f438a9bb-daaa-4770-9a69-93c7f00ba631","conversation_id":null,"itinerary":null,"stage":null} @ webpack-internal:///(app-pages-browser)/./lib/chat-transport.ts:137
[   72182ms] [LOG] [ChatTransport] onmessage triggered, has currentResponseHandler: true @ webpack-internal:///(app-pages-browser)/./lib/chat-transport.ts:41
[   72182ms] [LOG] [ChatTransport] responseHandler called, data: {"type":"delta","content":".","error":null,"message_id":"f438a9bb-daaa-4770-9a69-93c7f00ba631","conversation_id":null,"itinerary":null,"stage":null} @ webpack-internal:///(app-pages-browser)/./lib/chat-transport.ts:137
[   72239ms] [LOG] [ChatTransport] onmessage triggered, has currentResponseHandler: true @ webpack-internal:///(app-pages-browser)/./lib/chat-transport.ts:41
[   72239ms] [LOG] [ChatTransport] responseHandler called, data: {"type":"delta","content":" **","error":null,"message_id":"f438a9bb-daaa-4770-9a69-93c7f00ba631","conversation_id":null,"itinerary":null,"stage":null} @ webpack-internal:///(app-pages-browser)/./lib/chat-transport.ts:137
[   72241ms] [LOG] [ChatTransport] onmessage triggered, has currentResponseHandler: true @ webpack-internal:///(app-pages-browser)/./lib/chat-transport.ts:41
[   72241ms] [LOG] [ChatTransport] responseHandler called, data: {"type":"delta","content":"关注","error":null,"message_id":"f438a9bb-daaa-4770-9a69-93c7f00ba631","conversation_id":null,"itinerary":null,"stage":null} @ webpack-internal:///(app-pages-browser)/./lib/chat-transport.ts:137
[   72295ms] [LOG] [ChatTransport] onmessage triggered, has currentResponseHandler: true @ webpack-internal:///(app-pages-browser)/./lib/chat-transport.ts:41
[   72295ms] [LOG] [ChatTransport] responseHandler called, data: {"type":"delta","content":"官网","error":null,"message_id":"f438a9bb-daaa-4770-9a69-93c7f00ba631","conversation_id":null,"itinerary":null,"stage":null} @ webpack-internal:///(app-pages-browser)/./lib/chat-transport.ts:137
[   72356ms] [LOG] [ChatTransport] onmessage triggered, has currentResponseHandler: true @ webpack-internal:///(app-pages-browser)/./lib/chat-transport.ts:41
[   72356ms] [LOG] [ChatTransport] responseHandler called, data: {"type":"delta","content":"**","error":null,"message_id":"f438a9bb-daaa-4770-9a69-93c7f00ba631","conversation_id":null,"itinerary":null,"stage":null} @ webpack-internal:///(app-pages-browser)/./lib/chat-transport.ts:137
[   72372ms] [LOG] [ChatTransport] onmessage triggered, has currentResponseHandler: true @ webpack-internal:///(app-pages-browser)/./lib/chat-transport.ts:41
[   72372ms] [LOG] [ChatTransport] responseHandler called, data: {"type":"delta","content":"：","error":null,"message_id":"f438a9bb-daaa-4770-9a69-93c7f00ba631","conversation_id":null,"itinerary":null,"stage":null} @ webpack-internal:///(app-pages-browser)/./lib/chat-transport.ts:137
[   72420ms] [LOG] [ChatTransport] onmessage triggered, has currentResponseHandler: true @ webpack-internal:///(app-pages-browser)/./lib/chat-transport.ts:41
[   72420ms] [LOG] [ChatTransport] responseHandler called, data: {"type":"delta","content":"政策","error":null,"message_id":"f438a9bb-daaa-4770-9a69-93c7f00ba631","conversation_id":null,"itinerary":null,"stage":null} @ webpack-internal:///(app-pages-browser)/./lib/chat-transport.ts:137
[   72493ms] [LOG] [ChatTransport] onmessage triggered, has currentResponseHandler: true @ webpack-internal:///(app-pages-browser)/./lib/chat-transport.ts:41
[   72493ms] [LOG] [ChatTransport] responseHandler called, data: {"type":"delta","content":"可能","error":null,"message_id":"f438a9bb-daaa-4770-9a69-93c7f00ba631","conversation_id":null,"itinerary":null,"stage":null} @ webpack-internal:///(app-pages-browser)/./lib/chat-transport.ts:137
[   72504ms] [LOG] [ChatTransport] onmessage triggered, has currentResponseHandler: true @ webpack-internal:///(app-pages-browser)/./lib/chat-transport.ts:41
[   72504ms] [LOG] [ChatTransport] responseHandler called, data: {"type":"delta","content":"调整","error":null,"message_id":"f438a9bb-daaa-4770-9a69-93c7f00ba631","conversation_id":null,"itinerary":null,"stage":null} @ webpack-internal:///(app-pages-browser)/./lib/chat-transport.ts:137
[   72554ms] [LOG] [ChatTransport] onmessage triggered, has currentResponseHandler: true @ webpack-internal:///(app-pages-browser)/./lib/chat-transport.ts:41
[   72554ms] [LOG] [ChatTransport] responseHandler called, data: {"type":"delta","content":"，","error":null,"message_id":"f438a9bb-daaa-4770-9a69-93c7f00ba631","conversation_id":null,"itinerary":null,"stage":null} @ webpack-internal:///(app-pages-browser)/./lib/chat-transport.ts:137
[   72564ms] [LOG] [ChatTransport] onmessage triggered, has currentResponseHandler: true @ webpack-internal:///(app-pages-browser)/./lib/chat-transport.ts:41
[   72564ms] [LOG] [ChatTransport] responseHandler called, data: {"type":"delta","content":"关注","error":null,"message_id":"f438a9bb-daaa-4770-9a69-93c7f00ba631","conversation_id":null,"itinerary":null,"stage":null} @ webpack-internal:///(app-pages-browser)/./lib/chat-transport.ts:137
[   72612ms] [LOG] [ChatTransport] onmessage triggered, has currentResponseHandler: true @ webpack-internal:///(app-pages-browser)/./lib/chat-transport.ts:41
[   72612ms] [LOG] [ChatTransport] responseHandler called, data: {"type":"delta","content":"日本","error":null,"message_id":"f438a9bb-daaa-4770-9a69-93c7f00ba631","conversation_id":null,"itinerary":null,"stage":null} @ webpack-internal:///(app-pages-browser)/./lib/chat-transport.ts:137
[   72612ms] [LOG] [ChatTransport] onmessage triggered, has currentResponseHandler: true @ webpack-internal:///(app-pages-browser)/./lib/chat-transport.ts:41
[   72612ms] [LOG] [ChatTransport] responseHandler called, data: {"type":"delta","content":"驻","error":null,"message_id":"f438a9bb-daaa-4770-9a69-93c7f00ba631","conversation_id":null,"itinerary":null,"stage":null} @ webpack-internal:///(app-pages-browser)/./lib/chat-transport.ts:137
[   72787ms] [LOG] [ChatTransport] onmessage triggered, has currentResponseHandler: true @ webpack-internal:///(app-pages-browser)/./lib/chat-transport.ts:41
[   72787ms] [LOG] [ChatTransport] responseHandler called, data: {"type":"delta","content":"华","error":null,"message_id":"f438a9bb-daaa-4770-9a69-93c7f00ba631","conversation_id":null,"itinerary":null,"stage":null} @ webpack-internal:///(app-pages-browser)/./lib/chat-transport.ts:137
[   72787ms] [LOG] [ChatTransport] onmessage triggered, has currentResponseHandler: true @ webpack-internal:///(app-pages-browser)/./lib/chat-transport.ts:41
[   72788ms] [LOG] [ChatTransport] responseHandler called, data: {"type":"delta","content":"使","error":null,"message_id":"f438a9bb-daaa-4770-9a69-93c7f00ba631","conversation_id":null,"itinerary":null,"stage":null} @ webpack-internal:///(app-pages-browser)/./lib/chat-transport.ts:137
[   72796ms] [LOG] [ChatTransport] onmessage triggered, has currentResponseHandler: true @ webpack-internal:///(app-pages-browser)/./lib/chat-transport.ts:41
[   72796ms] [LOG] [ChatTransport] responseHandler called, data: {"type":"delta","content":"领","error":null,"message_id":"f438a9bb-daaa-4770-9a69-93c7f00ba631","conversation_id":null,"itinerary":null,"stage":null} @ webpack-internal:///(app-pages-browser)/./lib/chat-transport.ts:137
[   72803ms] [LOG] [ChatTransport] onmessage triggered, has currentResponseHandler: true @ webpack-internal:///(app-pages-browser)/./lib/chat-transport.ts:41
[   72804ms] [LOG] [ChatTransport] responseHandler called, data: {"type":"delta","content":"馆","error":null,"message_id":"f438a9bb-daaa-4770-9a69-93c7f00ba631","conversation_id":null,"itinerary":null,"stage":null} @ webpack-internal:///(app-pages-browser)/./lib/chat-transport.ts:137
[   72804ms] [LOG] [ChatTransport] onmessage triggered, has currentResponseHandler: true @ webpack-internal:///(app-pages-browser)/./lib/chat-transport.ts:41
[   72804ms] [LOG] [ChatTransport] responseHandler called, data: {"type":"delta","content":"官网","error":null,"message_id":"f438a9bb-daaa-4770-9a69-93c7f00ba631","conversation_id":null,"itinerary":null,"stage":null} @ webpack-internal:///(app-pages-browser)/./lib/chat-transport.ts:137
[   72804ms] [LOG] [ChatTransport] onmessage triggered, has currentResponseHandler: true @ webpack-internal:///(app-pages-browser)/./lib/chat-transport.ts:41
[   72804ms] [LOG] [ChatTransport] responseHandler called, data: {"type":"delta","content":"\n\n","error":null,"message_id":"f438a9bb-daaa-4770-9a69-93c7f00ba631","conversation_id":null,"itinerary":null,"stage":null} @ webpack-internal:///(app-pages-browser)/./lib/chat-transport.ts:137
[   72860ms] [LOG] [ChatTransport] onmessage triggered, has currentResponseHandler: true @ webpack-internal:///(app-pages-browser)/./lib/chat-transport.ts:41
[   72860ms] [LOG] [ChatTransport] responseHandler called, data: {"type":"delta","content":"##","error":null,"message_id":"f438a9bb-daaa-4770-9a69-93c7f00ba631","conversation_id":null,"itinerary":null,"stage":null} @ webpack-internal:///(app-pages-browser)/./lib/chat-transport.ts:137
[   72919ms] [LOG] [ChatTransport] onmessage triggered, has currentResponseHandler: true @ webpack-internal:///(app-pages-browser)/./lib/chat-transport.ts:41
[   72919ms] [LOG] [ChatTransport] responseHandler called, data: {"type":"delta","content":" 🔍","error":null,"message_id":"f438a9bb-daaa-4770-9a69-93c7f00ba631","conversation_id":null,"itinerary":null,"stage":null} @ webpack-internal:///(app-pages-browser)/./lib/chat-transport.ts:137
[   72919ms] [LOG] [ChatTransport] onmessage triggered, has currentResponseHandler: true @ webpack-internal:///(app-pages-browser)/./lib/chat-transport.ts:41
[   72920ms] [LOG] [ChatTransport] responseHandler called, data: {"type":"delta","content":" ","error":null,"message_id":"f438a9bb-daaa-4770-9a69-93c7f00ba631","conversation_id":null,"itinerary":null,"stage":null} @ webpack-internal:///(app-pages-browser)/./lib/chat-transport.ts:137
[   72993ms] [LOG] [ChatTransport] onmessage triggered, has currentResponseHandler: true @ webpack-internal:///(app-pages-browser)/./lib/chat-transport.ts:41
[   72993ms] [LOG] [ChatTransport] responseHandler called, data: {"type":"delta","content":"特别","error":null,"message_id":"f438a9bb-daaa-4770-9a69-93c7f00ba631","conversation_id":null,"itinerary":null,"stage":null} @ webpack-internal:///(app-pages-browser)/./lib/chat-transport.ts:137
[   72993ms] [LOG] [ChatTransport] onmessage triggered, has currentResponseHandler: true @ webpack-internal:///(app-pages-browser)/./lib/chat-transport.ts:41
[   72993ms] [LOG] [ChatTransport] responseHandler called, data: {"type":"delta","content":"提醒","error":null,"message_id":"f438a9bb-daaa-4770-9a69-93c7f00ba631","conversation_id":null,"itinerary":null,"stage":null} @ webpack-internal:///(app-pages-browser)/./lib/chat-transport.ts:137
[   73052ms] [LOG] [ChatTransport] onmessage triggered, has currentResponseHandler: true @ webpack-internal:///(app-pages-browser)/./lib/chat-transport.ts:41
[   73052ms] [LOG] [ChatTransport] responseHandler called, data: {"type":"delta","content":"\n\n","error":null,"message_id":"f438a9bb-daaa-4770-9a69-93c7f00ba631","conversation_id":null,"itinerary":null,"stage":null} @ webpack-internal:///(app-pages-browser)/./lib/chat-transport.ts:137
[   73063ms] [LOG] [ChatTransport] onmessage triggered, has currentResponseHandler: true @ webpack-internal:///(app-pages-browser)/./lib/chat-transport.ts:41
[   73063ms] [LOG] [ChatTransport] responseHandler called, data: {"type":"delta","content":"-","error":null,"message_id":"f438a9bb-daaa-4770-9a69-93c7f00ba631","conversation_id":null,"itinerary":null,"stage":null} @ webpack-internal:///(app-pages-browser)/./lib/chat-transport.ts:137
[   73118ms] [LOG] [ChatTransport] onmessage triggered, has currentResponseHandler: true @ webpack-internal:///(app-pages-browser)/./lib/chat-transport.ts:41
[   73118ms] [LOG] [ChatTransport] responseHandler called, data: {"type":"delta","content":" ","error":null,"message_id":"f438a9bb-daaa-4770-9a69-93c7f00ba631","conversation_id":null,"itinerary":null,"stage":null} @ webpack-internal:///(app-pages-browser)/./lib/chat-transport.ts:137
[   73182ms] [LOG] [ChatTransport] onmessage triggered, has currentResponseHandler: true @ webpack-internal:///(app-pages-browser)/./lib/chat-transport.ts:41
[   73182ms] [LOG] [ChatTransport] responseHandler called, data: {"type":"delta","content":"签证","error":null,"message_id":"f438a9bb-daaa-4770-9a69-93c7f00ba631","conversation_id":null,"itinerary":null,"stage":null} @ webpack-internal:///(app-pages-browser)/./lib/chat-transport.ts:137
[   73231ms] [LOG] [ChatTransport] onmessage triggered, has currentResponseHandler: true @ webpack-internal:///(app-pages-browser)/./lib/chat-transport.ts:41
[   73231ms] [LOG] [ChatTransport] responseHandler called, data: {"type":"delta","content":"≠","error":null,"message_id":"f438a9bb-daaa-4770-9a69-93c7f00ba631","conversation_id":null,"itinerary":null,"stage":null} @ webpack-internal:///(app-pages-browser)/./lib/chat-transport.ts:137
[   73453ms] [LOG] [ChatTransport] onmessage triggered, has currentResponseHandler: true @ webpack-internal:///(app-pages-browser)/./lib/chat-transport.ts:41
[   73453ms] [LOG] [ChatTransport] responseHandler called, data: {"type":"delta","content":"入境","error":null,"message_id":"f438a9bb-daaa-4770-9a69-93c7f00ba631","conversation_id":null,"itinerary":null,"stage":null} @ webpack-internal:///(app-pages-browser)/./lib/chat-transport.ts:137
[   73471ms] [LOG] [ChatTransport] onmessage triggered, has currentResponseHandler: true @ webpack-internal:///(app-pages-browser)/./lib/chat-transport.ts:41
[   73471ms] [LOG] [ChatTransport] responseHandler called, data: {"type":"delta","content":"许可","error":null,"message_id":"f438a9bb-daaa-4770-9a69-93c7f00ba631","conversation_id":null,"itinerary":null,"stage":null} @ webpack-internal:///(app-pages-browser)/./lib/chat-transport.ts:137
[   73484ms] [LOG] [ChatTransport] onmessage triggered, has currentResponseHandler: true @ webpack-internal:///(app-pages-browser)/./lib/chat-transport.ts:41
[   73484ms] [LOG] [ChatTransport] responseHandler called, data: {"type":"delta","content":"，","error":null,"message_id":"f438a9bb-daaa-4770-9a69-93c7f00ba631","conversation_id":null,"itinerary":null,"stage":null} @ webpack-internal:///(app-pages-browser)/./lib/chat-transport.ts:137
[   73484ms] [LOG] [ChatTransport] onmessage triggered, has currentResponseHandler: true @ webpack-internal:///(app-pages-browser)/./lib/chat-transport.ts:41
[   73484ms] [LOG] [ChatTransport] responseHandler called, data: {"type":"delta","content":"入境","error":null,"message_id":"f438a9bb-daaa-4770-9a69-93c7f00ba631","conversation_id":null,"itinerary":null,"stage":null} @ webpack-internal:///(app-pages-browser)/./lib/chat-transport.ts:137
[   73485ms] [LOG] [ChatTransport] onmessage triggered, has currentResponseHandler: true @ webpack-internal:///(app-pages-browser)/./lib/chat-transport.ts:41
[   73485ms] [LOG] [ChatTransport] responseHandler called, data: {"type":"delta","content":"时","error":null,"message_id":"f438a9bb-daaa-4770-9a69-93c7f00ba631","conversation_id":null,"itinerary":null,"stage":null} @ webpack-internal:///(app-pages-browser)/./lib/chat-transport.ts:137
[   73485ms] [LOG] [ChatTransport] onmessage triggered, has currentResponseHandler: true @ webpack-internal:///(app-pages-browser)/./lib/chat-transport.ts:41
[   73485ms] [LOG] [ChatTransport] responseHandler called, data: {"type":"delta","content":"移民","error":null,"message_id":"f438a9bb-daaa-4770-9a69-93c7f00ba631","conversation_id":null,"itinerary":null,"stage":null} @ webpack-internal:///(app-pages-browser)/./lib/chat-transport.ts:137
[   73493ms] [LOG] [ChatTransport] onmessage triggered, has currentResponseHandler: true @ webpack-internal:///(app-pages-browser)/./lib/chat-transport.ts:41
[   73493ms] [LOG] [ChatTransport] responseHandler called, data: {"type":"delta","content":"官","error":null,"message_id":"f438a9bb-daaa-4770-9a69-93c7f00ba631","conversation_id":null,"itinerary":null,"stage":null} @ webpack-internal:///(app-pages-browser)/./lib/chat-transport.ts:137
[   73493ms] [LOG] [ChatTransport] onmessage triggered, has currentResponseHandler: true @ webpack-internal:///(app-pages-browser)/./lib/chat-transport.ts:41
[   73493ms] [LOG] [ChatTransport] responseHandler called, data: {"type":"delta","content":"有","error":null,"message_id":"f438a9bb-daaa-4770-9a69-93c7f00ba631","conversation_id":null,"itinerary":null,"stage":null} @ webpack-internal:///(app-pages-browser)/./lib/chat-transport.ts:137
[   73560ms] [LOG] [ChatTransport] onmessage triggered, has currentResponseHandler: true @ webpack-internal:///(app-pages-browser)/./lib/chat-transport.ts:41
[   73561ms] [LOG] [ChatTransport] responseHandler called, data: {"type":"delta","content":"最终","error":null,"message_id":"f438a9bb-daaa-4770-9a69-93c7f00ba631","conversation_id":null,"itinerary":null,"stage":null} @ webpack-internal:///(app-pages-browser)/./lib/chat-transport.ts:137
[   73574ms] [LOG] [ChatTransport] onmessage triggered, has currentResponseHandler: true @ webpack-internal:///(app-pages-browser)/./lib/chat-transport.ts:41
[   73574ms] [LOG] [ChatTransport] responseHandler called, data: {"type":"delta","content":"决定","error":null,"message_id":"f438a9bb-daaa-4770-9a69-93c7f00ba631","conversation_id":null,"itinerary":null,"stage":null} @ webpack-internal:///(app-pages-browser)/./lib/chat-transport.ts:137
[   73651ms] [LOG] [ChatTransport] onmessage triggered, has currentResponseHandler: true @ webpack-internal:///(app-pages-browser)/./lib/chat-transport.ts:41
[   73651ms] [LOG] [ChatTransport] responseHandler called, data: {"type":"delta","content":"权","error":null,"message_id":"f438a9bb-daaa-4770-9a69-93c7f00ba631","conversation_id":null,"itinerary":null,"stage":null} @ webpack-internal:///(app-pages-browser)/./lib/chat-transport.ts:137
[   73662ms] [LOG] [ChatTransport] onmessage triggered, has currentResponseHandler: true @ webpack-internal:///(app-pages-browser)/./lib/chat-transport.ts:41
[   73662ms] [LOG] [ChatTransport] responseHandler called, data: {"type":"delta","content":"\n","error":null,"message_id":"f438a9bb-daaa-4770-9a69-93c7f00ba631","conversation_id":null,"itinerary":null,"stage":null} @ webpack-internal:///(app-pages-browser)/./lib/chat-transport.ts:137
[   73671ms] [LOG] [ChatTransport] onmessage triggered, has currentResponseHandler: true @ webpack-internal:///(app-pages-browser)/./lib/chat-transport.ts:41
[   73671ms] [LOG] [ChatTransport] responseHandler called, data: {"type":"delta","content":"-","error":null,"message_id":"f438a9bb-daaa-4770-9a69-93c7f00ba631","conversation_id":null,"itinerary":null,"stage":null} @ webpack-internal:///(app-pages-browser)/./lib/chat-transport.ts:137
[   73679ms] [LOG] [ChatTransport] onmessage triggered, has currentResponseHandler: true @ webpack-internal:///(app-pages-browser)/./lib/chat-transport.ts:41
[   73679ms] [LOG] [ChatTransport] responseHandler called, data: {"type":"delta","content":" ","error":null,"message_id":"f438a9bb-daaa-4770-9a69-93c7f00ba631","conversation_id":null,"itinerary":null,"stage":null} @ webpack-internal:///(app-pages-browser)/./lib/chat-transport.ts:137
[   73749ms] [LOG] [ChatTransport] onmessage triggered, has currentResponseHandler: true @ webpack-internal:///(app-pages-browser)/./lib/chat-transport.ts:41
[   73750ms] [LOG] [ChatTransport] responseHandler called, data: {"type":"delta","content":"持有","error":null,"message_id":"f438a9bb-daaa-4770-9a69-93c7f00ba631","conversation_id":null,"itinerary":null,"stage":null} @ webpack-internal:///(app-pages-browser)/./lib/chat-transport.ts:137
[   73750ms] [LOG] [ChatTransport] onmessage triggered, has currentResponseHandler: true @ webpack-internal:///(app-pages-browser)/./lib/chat-transport.ts:41
[   73750ms] [LOG] [ChatTransport] responseHandler called, data: {"type":"delta","content":"签证","error":null,"message_id":"f438a9bb-daaa-4770-9a69-93c7f00ba631","conversation_id":null,"itinerary":null,"stage":null} @ webpack-internal:///(app-pages-browser)/./lib/chat-transport.ts:137
[   73789ms] [LOG] [ChatTransport] onmessage triggered, has currentResponseHandler: true @ webpack-internal:///(app-pages-browser)/./lib/chat-transport.ts:41
[   73789ms] [LOG] [ChatTransport] responseHandler called, data: {"type":"delta","content":"不代表","error":null,"message_id":"f438a9bb-daaa-4770-9a69-93c7f00ba631","conversation_id":null,"itinerary":null,"stage":null} @ webpack-internal:///(app-pages-browser)/./lib/chat-transport.ts:137
[   73801ms] [LOG] [ChatTransport] onmessage triggered, has currentResponseHandler: true @ webpack-internal:///(app-pages-browser)/./lib/chat-transport.ts:41
[   73801ms] [LOG] [ChatTransport] responseHandler called, data: {"type":"delta","content":"一定能","error":null,"message_id":"f438a9bb-daaa-4770-9a69-93c7f00ba631","conversation_id":null,"itinerary":null,"stage":null} @ webpack-internal:///(app-pages-browser)/./lib/chat-transport.ts:137
[   73857ms] [LOG] [ChatTransport] onmessage triggered, has currentResponseHandler: true @ webpack-internal:///(app-pages-browser)/./lib/chat-transport.ts:41
[   73857ms] [LOG] [ChatTransport] responseHandler called, data: {"type":"delta","content":"入境","error":null,"message_id":"f438a9bb-daaa-4770-9a69-93c7f00ba631","conversation_id":null,"itinerary":null,"stage":null} @ webpack-internal:///(app-pages-browser)/./lib/chat-transport.ts:137
[   73866ms] [LOG] [ChatTransport] onmessage triggered, has currentResponseHandler: true @ webpack-internal:///(app-pages-browser)/./lib/chat-transport.ts:41
[   73866ms] [LOG] [ChatTransport] responseHandler called, data: {"type":"delta","content":"\n","error":null,"message_id":"f438a9bb-daaa-4770-9a69-93c7f00ba631","conversation_id":null,"itinerary":null,"stage":null} @ webpack-internal:///(app-pages-browser)/./lib/chat-transport.ts:137
[   73914ms] [LOG] [ChatTransport] onmessage triggered, has currentResponseHandler: true @ webpack-internal:///(app-pages-browser)/./lib/chat-transport.ts:41
[   73914ms] [LOG] [ChatTransport] responseHandler called, data: {"type":"delta","content":"-","error":null,"message_id":"f438a9bb-daaa-4770-9a69-93c7f00ba631","conversation_id":null,"itinerary":null,"stage":null} @ webpack-internal:///(app-pages-browser)/./lib/chat-transport.ts:137
[   73922ms] [LOG] [ChatTransport] onmessage triggered, has currentResponseHandler: true @ webpack-internal:///(app-pages-browser)/./lib/chat-transport.ts:41
[   73922ms] [LOG] [ChatTransport] responseHandler called, data: {"type":"delta","content":" ","error":null,"message_id":"f438a9bb-daaa-4770-9a69-93c7f00ba631","conversation_id":null,"itinerary":null,"stage":null} @ webpack-internal:///(app-pages-browser)/./lib/chat-transport.ts:137
[   73982ms] [LOG] [ChatTransport] onmessage triggered, has currentResponseHandler: true @ webpack-internal:///(app-pages-browser)/./lib/chat-transport.ts:41
[   73982ms] [LOG] [ChatTransport] responseHandler called, data: {"type":"delta","content":"入境","error":null,"message_id":"f438a9bb-daaa-4770-9a69-93c7f00ba631","conversation_id":null,"itinerary":null,"stage":null} @ webpack-internal:///(app-pages-browser)/./lib/chat-transport.ts:137
[   74041ms] [LOG] [ChatTransport] onmessage triggered, has currentResponseHandler: true @ webpack-internal:///(app-pages-browser)/./lib/chat-transport.ts:41
[   74041ms] [LOG] [ChatTransport] responseHandler called, data: {"type":"delta","content":"时","error":null,"message_id":"f438a9bb-daaa-4770-9a69-93c7f00ba631","conversation_id":null,"itinerary":null,"stage":null} @ webpack-internal:///(app-pages-browser)/./lib/chat-transport.ts:137
[   74122ms] [LOG] [ChatTransport] onmessage triggered, has currentResponseHandler: true @ webpack-internal:///(app-pages-browser)/./lib/chat-transport.ts:41
[   74122ms] [LOG] [ChatTransport] responseHandler called, data: {"type":"delta","content":"可能需要","error":null,"message_id":"f438a9bb-daaa-4770-9a69-93c7f00ba631","conversation_id":null,"itinerary":null,"stage":null} @ webpack-internal:///(app-pages-browser)/./lib/chat-transport.ts:137
[   74191ms] [LOG] [ChatTransport] onmessage triggered, has currentResponseHandler: true @ webpack-internal:///(app-pages-browser)/./lib/chat-transport.ts:41
[   74191ms] [LOG] [ChatTransport] responseHandler called, data: {"type":"delta","content":"出示","error":null,"message_id":"f438a9bb-daaa-4770-9a69-93c7f00ba631","conversation_id":null,"itinerary":null,"stage":null} @ webpack-internal:///(app-pages-browser)/./lib/chat-transport.ts:137
[   74338ms] [LOG] [ChatTransport] onmessage triggered, has currentResponseHandler: true @ webpack-internal:///(app-pages-browser)/./lib/chat-transport.ts:41
[   74338ms] [LOG] [ChatTransport] responseHandler called, data: {"type":"delta","content":"返","error":null,"message_id":"f438a9bb-daaa-4770-9a69-93c7f00ba631","conversation_id":null,"itinerary":null,"stage":null} @ webpack-internal:///(app-pages-browser)/./lib/chat-transport.ts:137
[   74340ms] [LOG] [ChatTransport] onmessage triggered, has currentResponseHandler: true @ webpack-internal:///(app-pages-browser)/./lib/chat-transport.ts:41
[   74340ms] [LOG] [ChatTransport] responseHandler called, data: {"type":"delta","content":"程","error":null,"message_id":"f438a9bb-daaa-4770-9a69-93c7f00ba631","conversation_id":null,"itinerary":null,"stage":null} @ webpack-internal:///(app-pages-browser)/./lib/chat-transport.ts:137
[   74343ms] [LOG] [ChatTransport] onmessage triggered, has currentResponseHandler: true @ webpack-internal:///(app-pages-browser)/./lib/chat-transport.ts:41
[   74343ms] [LOG] [ChatTransport] responseHandler called, data: {"type":"delta","content":"机票","error":null,"message_id":"f438a9bb-daaa-4770-9a69-93c7f00ba631","conversation_id":null,"itinerary":null,"stage":null} @ webpack-internal:///(app-pages-browser)/./lib/chat-transport.ts:137
[   74343ms] [LOG] [ChatTransport] onmessage triggered, has currentResponseHandler: true @ webpack-internal:///(app-pages-browser)/./lib/chat-transport.ts:41
[   74343ms] [LOG] [ChatTransport] responseHandler called, data: {"type":"delta","content":"、","error":null,"message_id":"f438a9bb-daaa-4770-9a69-93c7f00ba631","conversation_id":null,"itinerary":null,"stage":null} @ webpack-internal:///(app-pages-browser)/./lib/chat-transport.ts:137
[   74352ms] [LOG] [ChatTransport] onmessage triggered, has currentResponseHandler: true @ webpack-internal:///(app-pages-browser)/./lib/chat-transport.ts:41
[   74352ms] [LOG] [ChatTransport] responseHandler called, data: {"type":"delta","content":"酒店","error":null,"message_id":"f438a9bb-daaa-4770-9a69-93c7f00ba631","conversation_id":null,"itinerary":null,"stage":null} @ webpack-internal:///(app-pages-browser)/./lib/chat-transport.ts:137
[   74352ms] [LOG] [ChatTransport] onmessage triggered, has currentResponseHandler: true @ webpack-internal:///(app-pages-browser)/./lib/chat-transport.ts:41
[   74352ms] [LOG] [ChatTransport] responseHandler called, data: {"type":"delta","content":"预订","error":null,"message_id":"f438a9bb-daaa-4770-9a69-93c7f00ba631","conversation_id":null,"itinerary":null,"stage":null} @ webpack-internal:///(app-pages-browser)/./lib/chat-transport.ts:137
[   74414ms] [LOG] [ChatTransport] onmessage triggered, has currentResponseHandler: true @ webpack-internal:///(app-pages-browser)/./lib/chat-transport.ts:41
[   74414ms] [LOG] [ChatTransport] responseHandler called, data: {"type":"delta","content":"等","error":null,"message_id":"f438a9bb-daaa-4770-9a69-93c7f00ba631","conversation_id":null,"itinerary":null,"stage":null} @ webpack-internal:///(app-pages-browser)/./lib/chat-transport.ts:137
[   74416ms] [LOG] [ChatTransport] onmessage triggered, has currentResponseHandler: true @ webpack-internal:///(app-pages-browser)/./lib/chat-transport.ts:41
[   74416ms] [LOG] [ChatTransport] responseHandler called, data: {"type":"delta","content":"材料","error":null,"message_id":"f438a9bb-daaa-4770-9a69-93c7f00ba631","conversation_id":null,"itinerary":null,"stage":null} @ webpack-internal:///(app-pages-browser)/./lib/chat-transport.ts:137
[   74478ms] [LOG] [ChatTransport] onmessage triggered, has currentResponseHandler: true @ webpack-internal:///(app-pages-browser)/./lib/chat-transport.ts:41
[   74478ms] [LOG] [ChatTransport] responseHandler called, data: {"type":"delta","content":"\n\n","error":null,"message_id":"f438a9bb-daaa-4770-9a69-93c7f00ba631","conversation_id":null,"itinerary":null,"stage":null} @ webpack-internal:///(app-pages-browser)/./lib/chat-transport.ts:137
[   74485ms] [LOG] [ChatTransport] onmessage triggered, has currentResponseHandler: true @ webpack-internal:///(app-pages-browser)/./lib/chat-transport.ts:41
[   74485ms] [LOG] [ChatTransport] responseHandler called, data: {"type":"delta","content":"您","error":null,"message_id":"f438a9bb-daaa-4770-9a69-93c7f00ba631","conversation_id":null,"itinerary":null,"stage":null} @ webpack-internal:///(app-pages-browser)/./lib/chat-transport.ts:137
[   74716ms] [LOG] [ChatTransport] onmessage triggered, has currentResponseHandler: true @ webpack-internal:///(app-pages-browser)/./lib/chat-transport.ts:41
[   74716ms] [LOG] [ChatTransport] responseHandler called, data: {"type":"delta","content":"计划","error":null,"message_id":"f438a9bb-daaa-4770-9a69-93c7f00ba631","conversation_id":null,"itinerary":null,"stage":null} @ webpack-internal:///(app-pages-browser)/./lib/chat-transport.ts:137
[   74717ms] [LOG] [ChatTransport] onmessage triggered, has currentResponseHandler: true @ webpack-internal:///(app-pages-browser)/./lib/chat-transport.ts:41
[   74717ms] [LOG] [ChatTransport] responseHandler called, data: {"type":"delta","content":"什么时候","error":null,"message_id":"f438a9bb-daaa-4770-9a69-93c7f00ba631","conversation_id":null,"itinerary":null,"stage":null} @ webpack-internal:///(app-pages-browser)/./lib/chat-transport.ts:137
[   74724ms] [LOG] [ChatTransport] onmessage triggered, has currentResponseHandler: true @ webpack-internal:///(app-pages-browser)/./lib/chat-transport.ts:41
[   74724ms] [LOG] [ChatTransport] responseHandler called, data: {"type":"delta","content":"去","error":null,"message_id":"f438a9bb-daaa-4770-9a69-93c7f00ba631","conversation_id":null,"itinerary":null,"stage":null} @ webpack-internal:///(app-pages-browser)/./lib/chat-transport.ts:137
[   74731ms] [LOG] [ChatTransport] onmessage triggered, has currentResponseHandler: true @ webpack-internal:///(app-pages-browser)/./lib/chat-transport.ts:41
[   74731ms] [LOG] [ChatTransport] responseHandler called, data: {"type":"delta","content":"日本","error":null,"message_id":"f438a9bb-daaa-4770-9a69-93c7f00ba631","conversation_id":null,"itinerary":null,"stage":null} @ webpack-internal:///(app-pages-browser)/./lib/chat-transport.ts:137
[   74731ms] [LOG] [ChatTransport] onmessage triggered, has currentResponseHandler: true @ webpack-internal:///(app-pages-browser)/./lib/chat-transport.ts:41
[   74731ms] [LOG] [ChatTransport] responseHandler called, data: {"type":"delta","content":"呢","error":null,"message_id":"f438a9bb-daaa-4770-9a69-93c7f00ba631","conversation_id":null,"itinerary":null,"stage":null} @ webpack-internal:///(app-pages-browser)/./lib/chat-transport.ts:137
[   74731ms] [LOG] [ChatTransport] onmessage triggered, has currentResponseHandler: true @ webpack-internal:///(app-pages-browser)/./lib/chat-transport.ts:41
[   74731ms] [LOG] [ChatTransport] responseHandler called, data: {"type":"delta","content":"？","error":null,"message_id":"f438a9bb-daaa-4770-9a69-93c7f00ba631","conversation_id":null,"itinerary":null,"stage":null} @ webpack-internal:///(app-pages-browser)/./lib/chat-transport.ts:137
[   74731ms] [LOG] [ChatTransport] onmessage triggered, has currentResponseHandler: true @ webpack-internal:///(app-pages-browser)/./lib/chat-transport.ts:41
[   74731ms] [LOG] [ChatTransport] responseHandler called, data: {"type":"delta","content":"我可以","error":null,"message_id":"f438a9bb-daaa-4770-9a69-93c7f00ba631","conversation_id":null,"itinerary":null,"stage":null} @ webpack-internal:///(app-pages-browser)/./lib/chat-transport.ts:137
[   74799ms] [LOG] [ChatTransport] onmessage triggered, has currentResponseHandler: true @ webpack-internal:///(app-pages-browser)/./lib/chat-transport.ts:41
[   74799ms] [LOG] [ChatTransport] responseHandler called, data: {"type":"delta","content":"根据","error":null,"message_id":"f438a9bb-daaa-4770-9a69-93c7f00ba631","conversation_id":null,"itinerary":null,"stage":null} @ webpack-internal:///(app-pages-browser)/./lib/chat-transport.ts:137
[   74807ms] [LOG] [ChatTransport] onmessage triggered, has currentResponseHandler: true @ webpack-internal:///(app-pages-browser)/./lib/chat-transport.ts:41
[   74808ms] [LOG] [ChatTransport] responseHandler called, data: {"type":"delta","content":"您的","error":null,"message_id":"f438a9bb-daaa-4770-9a69-93c7f00ba631","conversation_id":null,"itinerary":null,"stage":null} @ webpack-internal:///(app-pages-browser)/./lib/chat-transport.ts:137
[   74857ms] [LOG] [ChatTransport] onmessage triggered, has currentResponseHandler: true @ webpack-internal:///(app-pages-browser)/./lib/chat-transport.ts:41
[   74857ms] [LOG] [ChatTransport] responseHandler called, data: {"type":"delta","content":"具体情况","error":null,"message_id":"f438a9bb-daaa-4770-9a69-93c7f00ba631","conversation_id":null,"itinerary":null,"stage":null} @ webpack-internal:///(app-pages-browser)/./lib/chat-transport.ts:137
[   74867ms] [LOG] [ChatTransport] onmessage triggered, has currentResponseHandler: true @ webpack-internal:///(app-pages-browser)/./lib/chat-transport.ts:41
[   74867ms] [LOG] [ChatTransport] responseHandler called, data: {"type":"delta","content":"（","error":null,"message_id":"f438a9bb-daaa-4770-9a69-93c7f00ba631","conversation_id":null,"itinerary":null,"stage":null} @ webpack-internal:///(app-pages-browser)/./lib/chat-transport.ts:137
[   74952ms] [LOG] [ChatTransport] onmessage triggered, has currentResponseHandler: true @ webpack-internal:///(app-pages-browser)/./lib/chat-transport.ts:41
[   74952ms] [LOG] [ChatTransport] responseHandler called, data: {"type":"delta","content":"如","error":null,"message_id":"f438a9bb-daaa-4770-9a69-93c7f00ba631","conversation_id":null,"itinerary":null,"stage":null} @ webpack-internal:///(app-pages-browser)/./lib/chat-transport.ts:137
[   74965ms] [LOG] [ChatTransport] onmessage triggered, has currentResponseHandler: true @ webpack-internal:///(app-pages-browser)/./lib/chat-transport.ts:41
[   74965ms] [LOG] [ChatTransport] responseHandler called, data: {"type":"delta","content":"首次","error":null,"message_id":"f438a9bb-daaa-4770-9a69-93c7f00ba631","conversation_id":null,"itinerary":null,"stage":null} @ webpack-internal:///(app-pages-browser)/./lib/chat-transport.ts:137
[   75007ms] [LOG] [ChatTransport] onmessage triggered, has currentResponseHandler: true @ webpack-internal:///(app-pages-browser)/./lib/chat-transport.ts:41
[   75007ms] [LOG] [ChatTransport] responseHandler called, data: {"type":"delta","content":"申请","error":null,"message_id":"f438a9bb-daaa-4770-9a69-93c7f00ba631","conversation_id":null,"itinerary":null,"stage":null} @ webpack-internal:///(app-pages-browser)/./lib/chat-transport.ts:137
[   75017ms] [LOG] [ChatTransport] onmessage triggered, has currentResponseHandler: true @ webpack-internal:///(app-pages-browser)/./lib/chat-transport.ts:41
[   75017ms] [LOG] [ChatTransport] responseHandler called, data: {"type":"delta","content":"、","error":null,"message_id":"f438a9bb-daaa-4770-9a69-93c7f00ba631","conversation_id":null,"itinerary":null,"stage":null} @ webpack-internal:///(app-pages-browser)/./lib/chat-transport.ts:137
[   75038ms] [LOG] [ChatTransport] onmessage triggered, has currentResponseHandler: true @ webpack-internal:///(app-pages-browser)/./lib/chat-transport.ts:41
[   75038ms] [LOG] [ChatTransport] responseHandler called, data: {"type":"delta","content":"已有","error":null,"message_id":"f438a9bb-daaa-4770-9a69-93c7f00ba631","conversation_id":null,"itinerary":null,"stage":null} @ webpack-internal:///(app-pages-browser)/./lib/chat-transport.ts:137
[   75038ms] [LOG] [ChatTransport] onmessage triggered, has currentResponseHandler: true @ webpack-internal:///(app-pages-browser)/./lib/chat-transport.ts:41
[   75038ms] [LOG] [ChatTransport] responseHandler called, data: {"type":"delta","content":"日本","error":null,"message_id":"f438a9bb-daaa-4770-9a69-93c7f00ba631","conversation_id":null,"itinerary":null,"stage":null} @ webpack-internal:///(app-pages-browser)/./lib/chat-transport.ts:137
[   75107ms] [LOG] [ChatTransport] onmessage triggered, has currentResponseHandler: true @ webpack-internal:///(app-pages-browser)/./lib/chat-transport.ts:41
[   75107ms] [LOG] [ChatTransport] responseHandler called, data: {"type":"delta","content":"旅行","error":null,"message_id":"f438a9bb-daaa-4770-9a69-93c7f00ba631","conversation_id":null,"itinerary":null,"stage":null} @ webpack-internal:///(app-pages-browser)/./lib/chat-transport.ts:137
[   75168ms] [LOG] [ChatTransport] onmessage triggered, has currentResponseHandler: true @ webpack-internal:///(app-pages-browser)/./lib/chat-transport.ts:41
[   75169ms] [LOG] [ChatTransport] responseHandler called, data: {"type":"delta","content":"记录","error":null,"message_id":"f438a9bb-daaa-4770-9a69-93c7f00ba631","conversation_id":null,"itinerary":null,"stage":null} @ webpack-internal:///(app-pages-browser)/./lib/chat-transport.ts:137
[   75175ms] [LOG] [ChatTransport] onmessage triggered, has currentResponseHandler: true @ webpack-internal:///(app-pages-browser)/./lib/chat-transport.ts:41
[   75175ms] [LOG] [ChatTransport] responseHandler called, data: {"type":"delta","content":"等","error":null,"message_id":"f438a9bb-daaa-4770-9a69-93c7f00ba631","conversation_id":null,"itinerary":null,"stage":null} @ webpack-internal:///(app-pages-browser)/./lib/chat-transport.ts:137
[   75217ms] [LOG] [ChatTransport] onmessage triggered, has currentResponseHandler: true @ webpack-internal:///(app-pages-browser)/./lib/chat-transport.ts:41
[   75218ms] [LOG] [ChatTransport] responseHandler called, data: {"type":"delta","content":"）","error":null,"message_id":"f438a9bb-daaa-4770-9a69-93c7f00ba631","conversation_id":null,"itinerary":null,"stage":null} @ webpack-internal:///(app-pages-browser)/./lib/chat-transport.ts:137
[   75226ms] [LOG] [ChatTransport] onmessage triggered, has currentResponseHandler: true @ webpack-internal:///(app-pages-browser)/./lib/chat-transport.ts:41
[   75226ms] [LOG] [ChatTransport] responseHandler called, data: {"type":"delta","content":"给您","error":null,"message_id":"f438a9bb-daaa-4770-9a69-93c7f00ba631","conversation_id":null,"itinerary":null,"stage":null} @ webpack-internal:///(app-pages-browser)/./lib/chat-transport.ts:137
[   75293ms] [LOG] [ChatTransport] onmessage triggered, has currentResponseHandler: true @ webpack-internal:///(app-pages-browser)/./lib/chat-transport.ts:41
[   75293ms] [LOG] [ChatTransport] responseHandler called, data: {"type":"delta","content":"更","error":null,"message_id":"f438a9bb-daaa-4770-9a69-93c7f00ba631","conversation_id":null,"itinerary":null,"stage":null} @ webpack-internal:///(app-pages-browser)/./lib/chat-transport.ts:137
[   75294ms] [LOG] [ChatTransport] onmessage triggered, has currentResponseHandler: true @ webpack-internal:///(app-pages-browser)/./lib/chat-transport.ts:41
[   75294ms] [LOG] [ChatTransport] responseHandler called, data: {"type":"delta","content":"针对","error":null,"message_id":"f438a9bb-daaa-4770-9a69-93c7f00ba631","conversation_id":null,"itinerary":null,"stage":null} @ webpack-internal:///(app-pages-browser)/./lib/chat-transport.ts:137
[   75351ms] [LOG] [ChatTransport] onmessage triggered, has currentResponseHandler: true @ webpack-internal:///(app-pages-browser)/./lib/chat-transport.ts:41
[   75351ms] [LOG] [ChatTransport] responseHandler called, data: {"type":"delta","content":"性的","error":null,"message_id":"f438a9bb-daaa-4770-9a69-93c7f00ba631","conversation_id":null,"itinerary":null,"stage":null} @ webpack-internal:///(app-pages-browser)/./lib/chat-transport.ts:137
[   75353ms] [LOG] [ChatTransport] onmessage triggered, has currentResponseHandler: true @ webpack-internal:///(app-pages-browser)/./lib/chat-transport.ts:41
[   75353ms] [LOG] [ChatTransport] responseHandler called, data: {"type":"delta","content":"建议","error":null,"message_id":"f438a9bb-daaa-4770-9a69-93c7f00ba631","conversation_id":null,"itinerary":null,"stage":null} @ webpack-internal:///(app-pages-browser)/./lib/chat-transport.ts:137
[   75422ms] [LOG] [ChatTransport] onmessage triggered, has currentResponseHandler: true @ webpack-internal:///(app-pages-browser)/./lib/chat-transport.ts:41
[   75422ms] [LOG] [ChatTransport] responseHandler called, data: {"type":"delta","content":"。","error":null,"message_id":"f438a9bb-daaa-4770-9a69-93c7f00ba631","conversation_id":null,"itinerary":null,"stage":null} @ webpack-internal:///(app-pages-browser)/./lib/chat-transport.ts:137
[   75423ms] [LOG] [ChatTransport] onmessage triggered, has currentResponseHandler: true @ webpack-internal:///(app-pages-browser)/./lib/chat-transport.ts:41
[   75423ms] [LOG] [ChatTransport] responseHandler called, data: {"type":"delta","content":"另外","error":null,"message_id":"f438a9bb-daaa-4770-9a69-93c7f00ba631","conversation_id":null,"itinerary":null,"stage":null} @ webpack-internal:///(app-pages-browser)/./lib/chat-transport.ts:137
[   75469ms] [LOG] [ChatTransport] onmessage triggered, has currentResponseHandler: true @ webpack-internal:///(app-pages-browser)/./lib/chat-transport.ts:41
[   75469ms] [LOG] [ChatTransport] responseHandler called, data: {"type":"delta","content":"，","error":null,"message_id":"f438a9bb-daaa-4770-9a69-93c7f00ba631","conversation_id":null,"itinerary":null,"stage":null} @ webpack-internal:///(app-pages-browser)/./lib/chat-transport.ts:137
[   75471ms] [LOG] [ChatTransport] onmessage triggered, has currentResponseHandler: true @ webpack-internal:///(app-pages-browser)/./lib/chat-transport.ts:41
[   75471ms] [LOG] [ChatTransport] responseHandler called, data: {"type":"delta","content":"如果您","error":null,"message_id":"f438a9bb-daaa-4770-9a69-93c7f00ba631","conversation_id":null,"itinerary":null,"stage":null} @ webpack-internal:///(app-pages-browser)/./lib/chat-transport.ts:137
[   75532ms] [LOG] [ChatTransport] onmessage triggered, has currentResponseHandler: true @ webpack-internal:///(app-pages-browser)/./lib/chat-transport.ts:41
[   75533ms] [LOG] [ChatTransport] responseHandler called, data: {"type":"delta","content":"需要","error":null,"message_id":"f438a9bb-daaa-4770-9a69-93c7f00ba631","conversation_id":null,"itinerary":null,"stage":null} @ webpack-internal:///(app-pages-browser)/./lib/chat-transport.ts:137
[   75622ms] [LOG] [ChatTransport] onmessage triggered, has currentResponseHandler: true @ webpack-internal:///(app-pages-browser)/./lib/chat-transport.ts:41
[   75622ms] [LOG] [ChatTransport] responseHandler called, data: {"type":"delta","content":"查询","error":null,"message_id":"f438a9bb-daaa-4770-9a69-93c7f00ba631","conversation_id":null,"itinerary":null,"stage":null} @ webpack-internal:///(app-pages-browser)/./lib/chat-transport.ts:137
[   75660ms] [LOG] [ChatTransport] onmessage triggered, has currentResponseHandler: true @ webpack-internal:///(app-pages-browser)/./lib/chat-transport.ts:41
[   75660ms] [LOG] [ChatTransport] responseHandler called, data: {"type":"delta","content":"东京","error":null,"message_id":"f438a9bb-daaa-4770-9a69-93c7f00ba631","conversation_id":null,"itinerary":null,"stage":null} @ webpack-internal:///(app-pages-browser)/./lib/chat-transport.ts:137
[   75749ms] [LOG] [ChatTransport] onmessage triggered, has currentResponseHandler: true @ webpack-internal:///(app-pages-browser)/./lib/chat-transport.ts:41
[   75749ms] [LOG] [ChatTransport] responseHandler called, data: {"type":"delta","content":"的具体","error":null,"message_id":"f438a9bb-daaa-4770-9a69-93c7f00ba631","conversation_id":null,"itinerary":null,"stage":null} @ webpack-internal:///(app-pages-browser)/./lib/chat-transport.ts:137
[   75749ms] [LOG] [ChatTransport] onmessage triggered, has currentResponseHandler: true @ webpack-internal:///(app-pages-browser)/./lib/chat-transport.ts:41
[   75749ms] [LOG] [ChatTransport] responseHandler called, data: {"type":"delta","content":"天气","error":null,"message_id":"f438a9bb-daaa-4770-9a69-93c7f00ba631","conversation_id":null,"itinerary":null,"stage":null} @ webpack-internal:///(app-pages-browser)/./lib/chat-transport.ts:137
[   75803ms] [LOG] [ChatTransport] onmessage triggered, has currentResponseHandler: true @ webpack-internal:///(app-pages-browser)/./lib/chat-transport.ts:41
[   75803ms] [LOG] [ChatTransport] responseHandler called, data: {"type":"delta","content":"或","error":null,"message_id":"f438a9bb-daaa-4770-9a69-93c7f00ba631","conversation_id":null,"itinerary":null,"stage":null} @ webpack-internal:///(app-pages-browser)/./lib/chat-transport.ts:137
[   75811ms] [LOG] [ChatTransport] onmessage triggered, has currentResponseHandler: true @ webpack-internal:///(app-pages-browser)/./lib/chat-transport.ts:41
[   75811ms] [LOG] [ChatTransport] responseHandler called, data: {"type":"delta","content":"景点","error":null,"message_id":"f438a9bb-daaa-4770-9a69-93c7f00ba631","conversation_id":null,"itinerary":null,"stage":null} @ webpack-internal:///(app-pages-browser)/./lib/chat-transport.ts:137
[   75848ms] [LOG] [ChatTransport] onmessage triggered, has currentResponseHandler: true @ webpack-internal:///(app-pages-browser)/./lib/chat-transport.ts:41
[   75848ms] [LOG] [ChatTransport] responseHandler called, data: {"type":"delta","content":"信息","error":null,"message_id":"f438a9bb-daaa-4770-9a69-93c7f00ba631","conversation_id":null,"itinerary":null,"stage":null} @ webpack-internal:///(app-pages-browser)/./lib/chat-transport.ts:137
[   75856ms] [LOG] [ChatTransport] onmessage triggered, has currentResponseHandler: true @ webpack-internal:///(app-pages-browser)/./lib/chat-transport.ts:41
[   75856ms] [LOG] [ChatTransport] responseHandler called, data: {"type":"delta","content":"，","error":null,"message_id":"f438a9bb-daaa-4770-9a69-93c7f00ba631","conversation_id":null,"itinerary":null,"stage":null} @ webpack-internal:///(app-pages-browser)/./lib/chat-transport.ts:137
[   75986ms] [LOG] [ChatTransport] onmessage triggered, has currentResponseHandler: true @ webpack-internal:///(app-pages-browser)/./lib/chat-transport.ts:41
[   75987ms] [LOG] [ChatTransport] responseHandler called, data: {"type":"delta","content":"我","error":null,"message_id":"f438a9bb-daaa-4770-9a69-93c7f00ba631","conversation_id":null,"itinerary":null,"stage":null} @ webpack-internal:///(app-pages-browser)/./lib/chat-transport.ts:137
[   75995ms] [LOG] [ChatTransport] onmessage triggered, has currentResponseHandler: true @ webpack-internal:///(app-pages-browser)/./lib/chat-transport.ts:41
[   75995ms] [LOG] [ChatTransport] responseHandler called, data: {"type":"delta","content":"也可以","error":null,"message_id":"f438a9bb-daaa-4770-9a69-93c7f00ba631","conversation_id":null,"itinerary":null,"stage":null} @ webpack-internal:///(app-pages-browser)/./lib/chat-transport.ts:137
[   76002ms] [LOG] [ChatTransport] onmessage triggered, has currentResponseHandler: true @ webpack-internal:///(app-pages-browser)/./lib/chat-transport.ts:41
[   76002ms] [LOG] [ChatTransport] responseHandler called, data: {"type":"delta","content":"帮","error":null,"message_id":"f438a9bb-daaa-4770-9a69-93c7f00ba631","conversation_id":null,"itinerary":null,"stage":null} @ webpack-internal:///(app-pages-browser)/./lib/chat-transport.ts:137
[   76002ms] [LOG] [ChatTransport] onmessage triggered, has currentResponseHandler: true @ webpack-internal:///(app-pages-browser)/./lib/chat-transport.ts:41
[   76002ms] [LOG] [ChatTransport] responseHandler called, data: {"type":"delta","content":"您","error":null,"message_id":"f438a9bb-daaa-4770-9a69-93c7f00ba631","conversation_id":null,"itinerary":null,"stage":null} @ webpack-internal:///(app-pages-browser)/./lib/chat-transport.ts:137
[   76049ms] [LOG] [ChatTransport] onmessage triggered, has currentResponseHandler: true @ webpack-internal:///(app-pages-browser)/./lib/chat-transport.ts:41
[   76049ms] [LOG] [ChatTransport] responseHandler called, data: {"type":"delta","content":"获取","error":null,"message_id":"f438a9bb-daaa-4770-9a69-93c7f00ba631","conversation_id":null,"itinerary":null,"stage":null} @ webpack-internal:///(app-pages-browser)/./lib/chat-transport.ts:137
[   76060ms] [LOG] [ChatTransport] onmessage triggered, has currentResponseHandler: true @ webpack-internal:///(app-pages-browser)/./lib/chat-transport.ts:41
[   76060ms] [LOG] [ChatTransport] responseHandler called, data: {"type":"delta","content":"实时","error":null,"message_id":"f438a9bb-daaa-4770-9a69-93c7f00ba631","conversation_id":null,"itinerary":null,"stage":null} @ webpack-internal:///(app-pages-browser)/./lib/chat-transport.ts:137
[   76092ms] [LOG] [ChatTransport] onmessage triggered, has currentResponseHandler: true @ webpack-internal:///(app-pages-browser)/./lib/chat-transport.ts:41
[   76092ms] [LOG] [ChatTransport] responseHandler called, data: {"type":"delta","content":"数据","error":null,"message_id":"f438a9bb-daaa-4770-9a69-93c7f00ba631","conversation_id":null,"itinerary":null,"stage":null} @ webpack-internal:///(app-pages-browser)/./lib/chat-transport.ts:137
[   76147ms] [LOG] [ChatTransport] onmessage triggered, has currentResponseHandler: true @ webpack-internal:///(app-pages-browser)/./lib/chat-transport.ts:41
[   76147ms] [LOG] [ChatTransport] responseHandler called, data: {"type":"delta","content":"！","error":null,"message_id":"f438a9bb-daaa-4770-9a69-93c7f00ba631","conversation_id":null,"itinerary":null,"stage":null} @ webpack-internal:///(app-pages-browser)/./lib/chat-transport.ts:137
[   76155ms] [LOG] [ChatTransport] onmessage triggered, has currentResponseHandler: true @ webpack-internal:///(app-pages-browser)/./lib/chat-transport.ts:41
[   76155ms] [LOG] [ChatTransport] responseHandler called, data: {"type":"stage","content":null,"error":null,"message_id":"f438a9bb-daaa-4770-9a69-93c7f00ba631","conversation_id":null,"itinerary":null,"stage":{"name":"6_LLM","status":"end","label":"✨ 生成回复","message":"正在生成回复内容..."}} @ webpack-internal:///(app-pages-browser)/./lib/chat-transport.ts:137
[   76155ms] [LOG] [ChatTransport] Stage update: {name: 6_LLM, status: end, label: ✨ 生成回复, message: 正在生成回复内容...} @ webpack-internal:///(app-pages-browser)/./lib/chat-transport.ts:147
[   76163ms] [LOG] [ChatTransport] onmessage triggered, has currentResponseHandler: true @ webpack-internal:///(app-pages-browser)/./lib/chat-transport.ts:41
[   76163ms] [LOG] [ChatTransport] responseHandler called, data: {"type":"stage","content":null,"error":null,"message_id":"f438a9bb-daaa-4770-9a69-93c7f00ba631","conversation_id":null,"itinerary":null,"stage":{"name":"7_CTX_MANAGE","status":"start","label":"📊 上下文管理","message":"正在管理上下文窗口..."}} @ webpack-internal:///(app-pages-browser)/./lib/chat-transport.ts:137
[   76164ms] [LOG] [ChatTransport] Stage update: {name: 7_CTX_MANAGE, status: start, label: 📊 上下文管理, message: 正在管理上下文窗口...} @ webpack-internal:///(app-pages-browser)/./lib/chat-transport.ts:147
[   76164ms] [LOG] [ChatTransport] onmessage triggered, has currentResponseHandler: true @ webpack-internal:///(app-pages-browser)/./lib/chat-transport.ts:41
[   76164ms] [LOG] [ChatTransport] responseHandler called, data: {"type":"stage","content":null,"error":null,"message_id":"f438a9bb-daaa-4770-9a69-93c7f00ba631","conversation_id":null,"itinerary":null,"stage":{"name":"7_CTX_MANAGE","status":"skip","label":"📊 上下文管理","message":"正在管理上下文窗口..."}} @ webpack-internal:///(app-pages-browser)/./lib/chat-transport.ts:137
[   76164ms] [LOG] [ChatTransport] Stage update: {name: 7_CTX_MANAGE, status: skip, label: 📊 上下文管理, message: 正在管理上下文窗口...} @ webpack-internal:///(app-pages-browser)/./lib/chat-transport.ts:147
[   76164ms] [LOG] [ChatTransport] onmessage triggered, has currentResponseHandler: true @ webpack-internal:///(app-pages-browser)/./lib/chat-transport.ts:41
[   76164ms] [LOG] [ChatTransport] responseHandler called, data: {"type":"stage","content":null,"error":null,"message_id":"f438a9bb-daaa-4770-9a69-93c7f00ba631","conversation_id":null,"itinerary":null,"stage":{"name":"8_MEMORY","status":"start","label":"💾 记忆更新","message":"正在更新记忆信息..."}} @ webpack-internal:///(app-pages-browser)/./lib/chat-transport.ts:137
[   76164ms] [LOG] [ChatTransport] Stage update: {name: 8_MEMORY, status: start, label: 💾 记忆更新, message: 正在更新记忆信息...} @ webpack-internal:///(app-pages-browser)/./lib/chat-transport.ts:147
[   76164ms] [LOG] [ChatTransport] onmessage triggered, has currentResponseHandler: true @ webpack-internal:///(app-pages-browser)/./lib/chat-transport.ts:41
[   76164ms] [LOG] [ChatTransport] responseHandler called, data: {"type":"stage","content":null,"error":null,"message_id":"f438a9bb-daaa-4770-9a69-93c7f00ba631","conversation_id":null,"itinerary":null,"stage":{"name":"8_MEMORY","status":"end","label":"💾 记忆更新","message":"正在更新记忆信息..."}} @ webpack-internal:///(app-pages-browser)/./lib/chat-transport.ts:137
[   76164ms] [LOG] [ChatTransport] Stage update: {name: 8_MEMORY, status: end, label: 💾 记忆更新, message: 正在更新记忆信息...} @ webpack-internal:///(app-pages-browser)/./lib/chat-transport.ts:147
[   76164ms] [LOG] [ChatTransport] onmessage triggered, has currentResponseHandler: true @ webpack-internal:///(app-pages-browser)/./lib/chat-transport.ts:41
[   76164ms] [LOG] [ChatTransport] responseHandler called, data: {"type":"done","content":"日本签证是前往日本旅游、商务、探亲等目的所需的入境许可文件。让我为您详细介绍一下：\n\n## 📋 日本签证基本概念\n\n日本签证是日本政府颁发给外国公民的入境许可，贴在护照上，允许持有人在规定时间内进入日本。\n\n## 🎫 主要签证类型\n\n### **1. 旅游签证（短期滞在）**\n- **单次签证**：有效期3个月，停留期15天或30天\n- **三年多次签证**：有效期3年，每次停留最多30天\n- **五年多次签证**：有效期5年，每次停留最多90天\n\n### **2. 其他常见类型**\n- 商务签证\n- 探亲访友签证\n- 留学签证\n- 工作签证\n\n## 📝 旅游签证申请基本材料\n\n**通常需要：**\n1. 护照原件（有效期6个月以上）\n2. 签证申请表（附照片）\n3. 身份证复印件\n4. 户口本复印件\n5. 在职证明/在校证明/退休证明\n6. 资产证明（银行存款、房产、车产等）\n7. 行程计划表\n8. 机票和酒店预订信息\n\n## ⚠️ 重要注意事项\n\n### **申请渠道**\n- 必须通过日本驻华使领馆指定的代办机构申请\n- **不能直接向使领馆递交**\n- 不同领区（北京、上海、广州等）要求可能略有差异\n\n### **最新政策（2024年）**\n1. **电子签试点**：部分领区开始试行电子签证\n2. **简化材料**：部分优质客户可简化资产证明\n3. **多次签证条件放宽**：收入要求有所调整\n\n### **处理时间**\n- 通常5-10个工作日\n- 旺季可能需要更长时间\n\n## 💡 实用建议\n\n1. **提前规划**：建议出发前1-2个月开始准备\n2. **选择可靠代办**：选择正规旅行社或签证中心\n3. **材料真实**：所有材料必须真实有效\n4. **关注官网**：政策可能调整，关注日本驻华使领馆官网\n\n## 🔍 特别提醒\n\n- 签证≠入境许可，入境时移民官有最终决定权\n- 持有签证不代表一定能入境\n- 入境时可能需要出示返程机票、酒店预订等材料\n\n您计划什么时候去日本呢？我可以根据您的具体情况（如首次申请、已有日本旅行记录等）给您更针对性的建议。另外，如果您需要查询东京的具体天气或景点信息，我也可以帮您获取实时数据！","error":null,"message_id":"f438a9bb-daaa-4770-9a69-93c7f00ba631","conversation_id":"5d6449b1-fd30-462d-b697-59f82b49f44c","itinerary":null,"stage":null} @ webpack-internal:///(app-pages-browser)/./lib/chat-transport.ts:137
[   76164ms] [LOG] [ChatTransport] Updated conversation_id: 5d6449b1-fd30-462d-b697-59f82b49f44c @ webpack-internal:///(app-pages-browser)/./lib/chat-transport.ts:165
