[    1379ms] [INFO] %cDownload the React DevTools for a better development experience: https://react.dev/link/react-devtools font-weight:bold @ webpack-internal:///(app-pages-browser)/./node_modules/next/dist/compiled/react-dom/cjs/react-dom-client.development.js:25630
[    1985ms] [LOG] [Auth] Synced user ID to userManager on init: f62f4ec5-1874-4821-97e9-b2c70b35805d @ webpack-internal:///(app-pages-browser)/./lib/store/auth-store.ts:59
[    2053ms] [WARNING] WebSocket connection to 'ws://localhost:8000/ws/chat' failed: WebSocket is closed before the connection is established. @ webpack-internal:///(app-pages-browser)/./lib/chat-transport.ts:84
[    2074ms] [ERROR] [ChatTransport] WebSocket error: Event @ webpack-internal:///(app-pages-browser)/./node_modules/next/dist/next-devtools/userspace/app/errors/intercept-console-error.js:56
[    2075ms] [ERROR] Event @ webpack-internal:///(app-pages-browser)/./node_modules/next/dist/next-devtools/userspace/app/errors/intercept-console-error.js:56
[    2075ms] [LOG] [ChatTransport] WebSocket disconnected 1006  @ webpack-internal:///(app-pages-browser)/./lib/chat-transport.ts:63
[    2075ms] [LOG] [ChatTransport] Reconnecting... (1/5) @ webpack-internal:///(app-pages-browser)/./lib/chat-transport.ts:69
[    2124ms] [LOG] [Chat] User initialized: f62f4ec5-1874-4821-97e9-b2c70b35805d @ webpack-internal:///(app-pages-browser)/./app/chat/page.tsx:55
[    2155ms] [LOG] [Chat] User ID set to transport: f62f4ec5-1874-4821-97e9-b2c70b35805d @ webpack-internal:///(app-pages-browser)/./app/chat/page.tsx:98
[    2184ms] [LOG] [Chat] User initialized: f62f4ec5-1874-4821-97e9-b2c70b35805d @ webpack-internal:///(app-pages-browser)/./app/chat/page.tsx:55
[    2379ms] [LOG] [ChatTransport] WebSocket connected @ webpack-internal:///(app-pages-browser)/./lib/chat-transport.ts:29
[    3389ms] [LOG] [ChatTransport] WebSocket connected @ webpack-internal:///(app-pages-browser)/./lib/chat-transport.ts:29
[  169336ms] [LOG] [Chat] Initializing from store: 756e4e1f-1958-4f26-a450-1652e7b6d92c @ webpack-internal:///(app-pages-browser)/./app/chat/page.tsx:141
[  169338ms] [LOG] [Chat] Store conversation changed: 756e4e1f-1958-4f26-a450-1652e7b6d92c @ webpack-internal:///(app-pages-browser)/./app/chat/page.tsx:162
[  169339ms] [LOG] [ChatPage] handleConversationSelect called: {conversationId: 756e4e1f-1958-4f26-a450-1652e7b6d92c, currentConversationId: null, isLoading: false} @ webpack-internal:///(app-pages-browser)/./app/chat/page.tsx:423
[  169340ms] [LOG] [ChatPage] Loading messages for conversation: 756e4e1f-1958-4f26-a450-1652e7b6d92c @ webpack-internal:///(app-pages-browser)/./app/chat/page.tsx:463
[  169361ms] [LOG] [ChatPage] Messages loaded: 0 @ webpack-internal:///(app-pages-browser)/./app/chat/page.tsx:467
[  207208ms] [LOG] [ChatTransport] sendMessage called, content: 推荐上海周边适合周末出游的地方 @ webpack-internal:///(app-pages-browser)/./lib/chat-transport.ts:109
[  207208ms] [LOG] [ChatTransport] isConnected: true ws.readyState: 1 @ webpack-internal:///(app-pages-browser)/./lib/chat-transport.ts:110
[  207208ms] [LOG] [ChatTransport] has_image: false @ webpack-internal:///(app-pages-browser)/./lib/chat-transport.ts:111
[  207208ms] [LOG] [ChatTransport] Sending WebSocket message: msg_1776395286124_hmjsf6m 推荐上海周边适合周末出游的地方 @ webpack-internal:///(app-pages-browser)/./lib/chat-transport.ts:126
[  207208ms] [LOG] [ChatTransport] Setting currentResponseHandler @ webpack-internal:///(app-pages-browser)/./lib/chat-transport.ts:179
[  207209ms] [LOG] [ChatTransport] send() called, isConnected: true readyState: 1 @ webpack-internal:///(app-pages-browser)/./lib/chat-transport.ts:97
[  207209ms] [LOG] [ChatTransport] Sending WebSocket data: {"type":"message","session_id":"session_1776395080972_p04vb9b","conversation_id":"756e4e1f-1958-4f26-a450-1652e7b6d92c","user_id":"f62f4ec5-1874-4821-97e9-b2c70b35805d","content":"推荐上海周边适合周末出游的地方","has_image":false} @ webpack-internal:///(app-pages-browser)/./lib/chat-transport.ts:99
[  207233ms] [LOG] [ChatTransport] onmessage triggered, has currentResponseHandler: true @ webpack-internal:///(app-pages-browser)/./lib/chat-transport.ts:41
[  207233ms] [LOG] [ChatTransport] responseHandler called, data: {"type":"stage","content":null,"error":null,"message_id":"4a7d14a1-196f-4b08-9a60-0fb97d3c0f5d","conversation_id":null,"itinerary":null,"stage":{"name":"1_INTENT","status":"start","label":"🔍 意图识别","message":"正在分析您的需求..."}} @ webpack-internal:///(app-pages-browser)/./lib/chat-transport.ts:137
[  207233ms] [LOG] [ChatTransport] Stage update: {name: 1_INTENT, status: start, label: 🔍 意图识别, message: 正在分析您的需求...} @ webpack-internal:///(app-pages-browser)/./lib/chat-transport.ts:147
[  207250ms] [LOG] [ChatTransport] onmessage triggered, has currentResponseHandler: true @ webpack-internal:///(app-pages-browser)/./lib/chat-transport.ts:41
[  207250ms] [LOG] [ChatTransport] responseHandler called, data: {"type":"stage","content":null,"error":null,"message_id":"4a7d14a1-196f-4b08-9a60-0fb97d3c0f5d","conversation_id":null,"itinerary":null,"stage":{"name":"2_STORAGE","status":"start","label":"📚 加载历史","message":"正在加载对话历史..."}} @ webpack-internal:///(app-pages-browser)/./lib/chat-transport.ts:137
[  207250ms] [LOG] [ChatTransport] Stage update: {name: 2_STORAGE, status: start, label: 📚 加载历史, message: 正在加载对话历史...} @ webpack-internal:///(app-pages-browser)/./lib/chat-transport.ts:147
[  207250ms] [LOG] [ChatTransport] onmessage triggered, has currentResponseHandler: true @ webpack-internal:///(app-pages-browser)/./lib/chat-transport.ts:41
[  207250ms] [LOG] [ChatTransport] responseHandler called, data: {"type":"stage","content":null,"error":null,"message_id":"4a7d14a1-196f-4b08-9a60-0fb97d3c0f5d","conversation_id":null,"itinerary":null,"stage":{"name":"3_CTX_CLEAN","status":"start","label":"🧹 上下文清理","message":"正在整理上下文信息..."}} @ webpack-internal:///(app-pages-browser)/./lib/chat-transport.ts:137
[  207250ms] [LOG] [ChatTransport] Stage update: {name: 3_CTX_CLEAN, status: start, label: 🧹 上下文清理, message: 正在整理上下文信息...} @ webpack-internal:///(app-pages-browser)/./lib/chat-transport.ts:147
[  207251ms] [LOG] [ChatTransport] onmessage triggered, has currentResponseHandler: true @ webpack-internal:///(app-pages-browser)/./lib/chat-transport.ts:41
[  207251ms] [LOG] [ChatTransport] responseHandler called, data: {"type":"stage","content":null,"error":null,"message_id":"4a7d14a1-196f-4b08-9a60-0fb97d3c0f5d","conversation_id":null,"itinerary":null,"stage":{"name":"4_TOOLS","status":"start","label":"🔧 工具调用","message":"正在获取实时数据..."}} @ webpack-internal:///(app-pages-browser)/./lib/chat-transport.ts:137
[  207251ms] [LOG] [ChatTransport] Stage update: {name: 4_TOOLS, status: start, label: 🔧 工具调用, message: 正在获取实时数据...} @ webpack-internal:///(app-pages-browser)/./lib/chat-transport.ts:147
[  215537ms] [LOG] [ChatTransport] onmessage triggered, has currentResponseHandler: true @ webpack-internal:///(app-pages-browser)/./lib/chat-transport.ts:41
[  215538ms] [LOG] [ChatTransport] responseHandler called, data: {"type":"stage","content":null,"error":null,"message_id":"4a7d14a1-196f-4b08-9a60-0fb97d3c0f5d","conversation_id":null,"itinerary":null,"stage":{"name":"5_CONTEXT","status":"start","label":"🔗 整合信息","message":"正在整合相关信息..."}} @ webpack-internal:///(app-pages-browser)/./lib/chat-transport.ts:137
[  215538ms] [LOG] [ChatTransport] Stage update: {name: 5_CONTEXT, status: start, label: 🔗 整合信息, message: 正在整合相关信息...} @ webpack-internal:///(app-pages-browser)/./lib/chat-transport.ts:147
[  215560ms] [LOG] [ChatTransport] onmessage triggered, has currentResponseHandler: true @ webpack-internal:///(app-pages-browser)/./lib/chat-transport.ts:41
[  215560ms] [LOG] [ChatTransport] responseHandler called, data: {"type":"stage","content":null,"error":null,"message_id":"4a7d14a1-196f-4b08-9a60-0fb97d3c0f5d","conversation_id":null,"itinerary":null,"stage":{"name":"6_LLM","status":"start","label":"✨ 生成回复","message":"正在生成回复内容..."}} @ webpack-internal:///(app-pages-browser)/./lib/chat-transport.ts:137
[  215561ms] [LOG] [ChatTransport] Stage update: {name: 6_LLM, status: start, label: ✨ 生成回复, message: 正在生成回复内容...} @ webpack-internal:///(app-pages-browser)/./lib/chat-transport.ts:147
[  216982ms] [LOG] [ChatTransport] onmessage triggered, has currentResponseHandler: true @ webpack-internal:///(app-pages-browser)/./lib/chat-transport.ts:41
[  216982ms] [LOG] [ChatTransport] responseHandler called, data: {"type":"delta","content":"根据","error":null,"message_id":"4a7d14a1-196f-4b08-9a60-0fb97d3c0f5d","conversation_id":null,"itinerary":null,"stage":null} @ webpack-internal:///(app-pages-browser)/./lib/chat-transport.ts:137
[  217471ms] [LOG] [ChatTransport] onmessage triggered, has currentResponseHandler: true @ webpack-internal:///(app-pages-browser)/./lib/chat-transport.ts:41
[  217471ms] [LOG] [ChatTransport] responseHandler called, data: {"type":"delta","content":"搜索结果","error":null,"message_id":"4a7d14a1-196f-4b08-9a60-0fb97d3c0f5d","conversation_id":null,"itinerary":null,"stage":null} @ webpack-internal:///(app-pages-browser)/./lib/chat-transport.ts:137
[  217497ms] [LOG] [ChatTransport] onmessage triggered, has currentResponseHandler: true @ webpack-internal:///(app-pages-browser)/./lib/chat-transport.ts:41
[  217497ms] [LOG] [ChatTransport] responseHandler called, data: {"type":"delta","content":"，","error":null,"message_id":"4a7d14a1-196f-4b08-9a60-0fb97d3c0f5d","conversation_id":null,"itinerary":null,"stage":null} @ webpack-internal:///(app-pages-browser)/./lib/chat-transport.ts:137
[  217497ms] [LOG] [ChatTransport] onmessage triggered, has currentResponseHandler: true @ webpack-internal:///(app-pages-browser)/./lib/chat-transport.ts:41
[  217498ms] [LOG] [ChatTransport] responseHandler called, data: {"type":"delta","content":"我","error":null,"message_id":"4a7d14a1-196f-4b08-9a60-0fb97d3c0f5d","conversation_id":null,"itinerary":null,"stage":null} @ webpack-internal:///(app-pages-browser)/./lib/chat-transport.ts:137
[  217498ms] [LOG] [ChatTransport] onmessage triggered, has currentResponseHandler: true @ webpack-internal:///(app-pages-browser)/./lib/chat-transport.ts:41
[  217498ms] [LOG] [ChatTransport] responseHandler called, data: {"type":"delta","content":"为您","error":null,"message_id":"4a7d14a1-196f-4b08-9a60-0fb97d3c0f5d","conversation_id":null,"itinerary":null,"stage":null} @ webpack-internal:///(app-pages-browser)/./lib/chat-transport.ts:137
[  217499ms] [LOG] [ChatTransport] onmessage triggered, has currentResponseHandler: true @ webpack-internal:///(app-pages-browser)/./lib/chat-transport.ts:41
[  217499ms] [LOG] [ChatTransport] responseHandler called, data: {"type":"delta","content":"推荐","error":null,"message_id":"4a7d14a1-196f-4b08-9a60-0fb97d3c0f5d","conversation_id":null,"itinerary":null,"stage":null} @ webpack-internal:///(app-pages-browser)/./lib/chat-transport.ts:137
[  217499ms] [LOG] [ChatTransport] onmessage triggered, has currentResponseHandler: true @ webpack-internal:///(app-pages-browser)/./lib/chat-transport.ts:41
[  217500ms] [LOG] [ChatTransport] responseHandler called, data: {"type":"delta","content":"几个","error":null,"message_id":"4a7d14a1-196f-4b08-9a60-0fb97d3c0f5d","conversation_id":null,"itinerary":null,"stage":null} @ webpack-internal:///(app-pages-browser)/./lib/chat-transport.ts:137
[  217500ms] [LOG] [ChatTransport] onmessage triggered, has currentResponseHandler: true @ webpack-internal:///(app-pages-browser)/./lib/chat-transport.ts:41
[  217500ms] [LOG] [ChatTransport] responseHandler called, data: {"type":"delta","content":"上海","error":null,"message_id":"4a7d14a1-196f-4b08-9a60-0fb97d3c0f5d","conversation_id":null,"itinerary":null,"stage":null} @ webpack-internal:///(app-pages-browser)/./lib/chat-transport.ts:137
[  217524ms] [LOG] [ChatTransport] onmessage triggered, has currentResponseHandler: true @ webpack-internal:///(app-pages-browser)/./lib/chat-transport.ts:41
[  217524ms] [LOG] [ChatTransport] responseHandler called, data: {"type":"delta","content":"周边","error":null,"message_id":"4a7d14a1-196f-4b08-9a60-0fb97d3c0f5d","conversation_id":null,"itinerary":null,"stage":null} @ webpack-internal:///(app-pages-browser)/./lib/chat-transport.ts:137
[  217525ms] [LOG] [ChatTransport] onmessage triggered, has currentResponseHandler: true @ webpack-internal:///(app-pages-browser)/./lib/chat-transport.ts:41
[  217525ms] [LOG] [ChatTransport] responseHandler called, data: {"type":"delta","content":"适合","error":null,"message_id":"4a7d14a1-196f-4b08-9a60-0fb97d3c0f5d","conversation_id":null,"itinerary":null,"stage":null} @ webpack-internal:///(app-pages-browser)/./lib/chat-transport.ts:137
[  217525ms] [LOG] [ChatTransport] onmessage triggered, has currentResponseHandler: true @ webpack-internal:///(app-pages-browser)/./lib/chat-transport.ts:41
[  217525ms] [LOG] [ChatTransport] responseHandler called, data: {"type":"delta","content":"周末","error":null,"message_id":"4a7d14a1-196f-4b08-9a60-0fb97d3c0f5d","conversation_id":null,"itinerary":null,"stage":null} @ webpack-internal:///(app-pages-browser)/./lib/chat-transport.ts:137
[  217525ms] [LOG] [ChatTransport] onmessage triggered, has currentResponseHandler: true @ webpack-internal:///(app-pages-browser)/./lib/chat-transport.ts:41
[  217525ms] [LOG] [ChatTransport] responseHandler called, data: {"type":"delta","content":"出游","error":null,"message_id":"4a7d14a1-196f-4b08-9a60-0fb97d3c0f5d","conversation_id":null,"itinerary":null,"stage":null} @ webpack-internal:///(app-pages-browser)/./lib/chat-transport.ts:137
[  217525ms] [LOG] [ChatTransport] onmessage triggered, has currentResponseHandler: true @ webpack-internal:///(app-pages-browser)/./lib/chat-transport.ts:41
[  217526ms] [LOG] [ChatTransport] responseHandler called, data: {"type":"delta","content":"的地方","error":null,"message_id":"4a7d14a1-196f-4b08-9a60-0fb97d3c0f5d","conversation_id":null,"itinerary":null,"stage":null} @ webpack-internal:///(app-pages-browser)/./lib/chat-transport.ts:137
[  217778ms] [LOG] [ChatTransport] onmessage triggered, has currentResponseHandler: true @ webpack-internal:///(app-pages-browser)/./lib/chat-transport.ts:41
[  217778ms] [LOG] [ChatTransport] responseHandler called, data: {"type":"delta","content":"。","error":null,"message_id":"4a7d14a1-196f-4b08-9a60-0fb97d3c0f5d","conversation_id":null,"itinerary":null,"stage":null} @ webpack-internal:///(app-pages-browser)/./lib/chat-transport.ts:137
[  217779ms] [LOG] [ChatTransport] onmessage triggered, has currentResponseHandler: true @ webpack-internal:///(app-pages-browser)/./lib/chat-transport.ts:41
[  217779ms] [LOG] [ChatTransport] responseHandler called, data: {"type":"delta","content":"这些","error":null,"message_id":"4a7d14a1-196f-4b08-9a60-0fb97d3c0f5d","conversation_id":null,"itinerary":null,"stage":null} @ webpack-internal:///(app-pages-browser)/./lib/chat-transport.ts:137
[  217807ms] [LOG] [ChatTransport] onmessage triggered, has currentResponseHandler: true @ webpack-internal:///(app-pages-browser)/./lib/chat-transport.ts:41
[  217807ms] [LOG] [ChatTransport] responseHandler called, data: {"type":"delta","content":"地方","error":null,"message_id":"4a7d14a1-196f-4b08-9a60-0fb97d3c0f5d","conversation_id":null,"itinerary":null,"stage":null} @ webpack-internal:///(app-pages-browser)/./lib/chat-transport.ts:137
[  217837ms] [LOG] [ChatTransport] onmessage triggered, has currentResponseHandler: true @ webpack-internal:///(app-pages-browser)/./lib/chat-transport.ts:41
[  217837ms] [LOG] [ChatTransport] responseHandler called, data: {"type":"delta","content":"大多","error":null,"message_id":"4a7d14a1-196f-4b08-9a60-0fb97d3c0f5d","conversation_id":null,"itinerary":null,"stage":null} @ webpack-internal:///(app-pages-browser)/./lib/chat-transport.ts:137
[  217837ms] [LOG] [ChatTransport] onmessage triggered, has currentResponseHandler: true @ webpack-internal:///(app-pages-browser)/./lib/chat-transport.ts:41
[  217838ms] [LOG] [ChatTransport] responseHandler called, data: {"type":"delta","content":"保留了","error":null,"message_id":"4a7d14a1-196f-4b08-9a60-0fb97d3c0f5d","conversation_id":null,"itinerary":null,"stage":null} @ webpack-internal:///(app-pages-browser)/./lib/chat-transport.ts:137
[  217838ms] [LOG] [ChatTransport] onmessage triggered, has currentResponseHandler: true @ webpack-internal:///(app-pages-browser)/./lib/chat-transport.ts:41
[  217838ms] [LOG] [ChatTransport] responseHandler called, data: {"type":"delta","content":"古镇","error":null,"message_id":"4a7d14a1-196f-4b08-9a60-0fb97d3c0f5d","conversation_id":null,"itinerary":null,"stage":null} @ webpack-internal:///(app-pages-browser)/./lib/chat-transport.ts:137
[  217839ms] [LOG] [ChatTransport] onmessage triggered, has currentResponseHandler: true @ webpack-internal:///(app-pages-browser)/./lib/chat-transport.ts:41
[  217839ms] [LOG] [ChatTransport] responseHandler called, data: {"type":"delta","content":"风貌","error":null,"message_id":"4a7d14a1-196f-4b08-9a60-0fb97d3c0f5d","conversation_id":null,"itinerary":null,"stage":null} @ webpack-internal:///(app-pages-browser)/./lib/chat-transport.ts:137
[  217839ms] [LOG] [ChatTransport] onmessage triggered, has currentResponseHandler: true @ webpack-internal:///(app-pages-browser)/./lib/chat-transport.ts:41
[  217840ms] [LOG] [ChatTransport] responseHandler called, data: {"type":"delta","content":"，","error":null,"message_id":"4a7d14a1-196f-4b08-9a60-0fb97d3c0f5d","conversation_id":null,"itinerary":null,"stage":null} @ webpack-internal:///(app-pages-browser)/./lib/chat-transport.ts:137
[  217840ms] [LOG] [ChatTransport] onmessage triggered, has currentResponseHandler: true @ webpack-internal:///(app-pages-browser)/./lib/chat-transport.ts:41
[  217841ms] [LOG] [ChatTransport] responseHandler called, data: {"type":"delta","content":"交通","error":null,"message_id":"4a7d14a1-196f-4b08-9a60-0fb97d3c0f5d","conversation_id":null,"itinerary":null,"stage":null} @ webpack-internal:///(app-pages-browser)/./lib/chat-transport.ts:137
[  217867ms] [LOG] [ChatTransport] onmessage triggered, has currentResponseHandler: true @ webpack-internal:///(app-pages-browser)/./lib/chat-transport.ts:41
[  217867ms] [LOG] [ChatTransport] responseHandler called, data: {"type":"delta","content":"便利","error":null,"message_id":"4a7d14a1-196f-4b08-9a60-0fb97d3c0f5d","conversation_id":null,"itinerary":null,"stage":null} @ webpack-internal:///(app-pages-browser)/./lib/chat-transport.ts:137
[  217890ms] [LOG] [ChatTransport] onmessage triggered, has currentResponseHandler: true @ webpack-internal:///(app-pages-browser)/./lib/chat-transport.ts:41
[  217890ms] [LOG] [ChatTransport] responseHandler called, data: {"type":"delta","content":"，","error":null,"message_id":"4a7d14a1-196f-4b08-9a60-0fb97d3c0f5d","conversation_id":null,"itinerary":null,"stage":null} @ webpack-internal:///(app-pages-browser)/./lib/chat-transport.ts:137
[  217919ms] [LOG] [ChatTransport] onmessage triggered, has currentResponseHandler: true @ webpack-internal:///(app-pages-browser)/./lib/chat-transport.ts:41
[  217919ms] [LOG] [ChatTransport] responseHandler called, data: {"type":"delta","content":"非常适合","error":null,"message_id":"4a7d14a1-196f-4b08-9a60-0fb97d3c0f5d","conversation_id":null,"itinerary":null,"stage":null} @ webpack-internal:///(app-pages-browser)/./lib/chat-transport.ts:137
[  217969ms] [LOG] [ChatTransport] onmessage triggered, has currentResponseHandler: true @ webpack-internal:///(app-pages-browser)/./lib/chat-transport.ts:41
[  217969ms] [LOG] [ChatTransport] responseHandler called, data: {"type":"delta","content":"1","error":null,"message_id":"4a7d14a1-196f-4b08-9a60-0fb97d3c0f5d","conversation_id":null,"itinerary":null,"stage":null} @ webpack-internal:///(app-pages-browser)/./lib/chat-transport.ts:137
[  218038ms] [LOG] [ChatTransport] onmessage triggered, has currentResponseHandler: true @ webpack-internal:///(app-pages-browser)/./lib/chat-transport.ts:41
[  218038ms] [LOG] [ChatTransport] responseHandler called, data: {"type":"delta","content":"-","error":null,"message_id":"4a7d14a1-196f-4b08-9a60-0fb97d3c0f5d","conversation_id":null,"itinerary":null,"stage":null} @ webpack-internal:///(app-pages-browser)/./lib/chat-transport.ts:137
[  218038ms] [LOG] [ChatTransport] onmessage triggered, has currentResponseHandler: true @ webpack-internal:///(app-pages-browser)/./lib/chat-transport.ts:41
[  218039ms] [LOG] [ChatTransport] responseHandler called, data: {"type":"delta","content":"2","error":null,"message_id":"4a7d14a1-196f-4b08-9a60-0fb97d3c0f5d","conversation_id":null,"itinerary":null,"stage":null} @ webpack-internal:///(app-pages-browser)/./lib/chat-transport.ts:137
[  218101ms] [LOG] [ChatTransport] onmessage triggered, has currentResponseHandler: true @ webpack-internal:///(app-pages-browser)/./lib/chat-transport.ts:41
[  218101ms] [LOG] [ChatTransport] responseHandler called, data: {"type":"delta","content":"天的","error":null,"message_id":"4a7d14a1-196f-4b08-9a60-0fb97d3c0f5d","conversation_id":null,"itinerary":null,"stage":null} @ webpack-internal:///(app-pages-browser)/./lib/chat-transport.ts:137
[  218125ms] [LOG] [ChatTransport] onmessage triggered, has currentResponseHandler: true @ webpack-internal:///(app-pages-browser)/./lib/chat-transport.ts:41
[  218127ms] [LOG] [ChatTransport] responseHandler called, data: {"type":"delta","content":"短","error":null,"message_id":"4a7d14a1-196f-4b08-9a60-0fb97d3c0f5d","conversation_id":null,"itinerary":null,"stage":null} @ webpack-internal:///(app-pages-browser)/./lib/chat-transport.ts:137
[  218161ms] [LOG] [ChatTransport] onmessage triggered, has currentResponseHandler: true @ webpack-internal:///(app-pages-browser)/./lib/chat-transport.ts:41
[  218161ms] [LOG] [ChatTransport] responseHandler called, data: {"type":"delta","content":"途","error":null,"message_id":"4a7d14a1-196f-4b08-9a60-0fb97d3c0f5d","conversation_id":null,"itinerary":null,"stage":null} @ webpack-internal:///(app-pages-browser)/./lib/chat-transport.ts:137
[  218187ms] [LOG] [ChatTransport] onmessage triggered, has currentResponseHandler: true @ webpack-internal:///(app-pages-browser)/./lib/chat-transport.ts:41
[  218187ms] [LOG] [ChatTransport] responseHandler called, data: {"type":"delta","content":"旅行","error":null,"message_id":"4a7d14a1-196f-4b08-9a60-0fb97d3c0f5d","conversation_id":null,"itinerary":null,"stage":null} @ webpack-internal:///(app-pages-browser)/./lib/chat-transport.ts:137
[  218220ms] [LOG] [ChatTransport] onmessage triggered, has currentResponseHandler: true @ webpack-internal:///(app-pages-browser)/./lib/chat-transport.ts:41
[  218220ms] [LOG] [ChatTransport] responseHandler called, data: {"type":"delta","content":"：\n\n","error":null,"message_id":"4a7d14a1-196f-4b08-9a60-0fb97d3c0f5d","conversation_id":null,"itinerary":null,"stage":null} @ webpack-internal:///(app-pages-browser)/./lib/chat-transport.ts:137
[  218221ms] [LOG] [ChatTransport] onmessage triggered, has currentResponseHandler: true @ webpack-internal:///(app-pages-browser)/./lib/chat-transport.ts:41
[  218221ms] [LOG] [ChatTransport] responseHandler called, data: {"type":"delta","content":"##","error":null,"message_id":"4a7d14a1-196f-4b08-9a60-0fb97d3c0f5d","conversation_id":null,"itinerary":null,"stage":null} @ webpack-internal:///(app-pages-browser)/./lib/chat-transport.ts:137
[  218413ms] [LOG] [ChatTransport] onmessage triggered, has currentResponseHandler: true @ webpack-internal:///(app-pages-browser)/./lib/chat-transport.ts:41
[  218413ms] [LOG] [ChatTransport] responseHandler called, data: {"type":"delta","content":" 🌟","error":null,"message_id":"4a7d14a1-196f-4b08-9a60-0fb97d3c0f5d","conversation_id":null,"itinerary":null,"stage":null} @ webpack-internal:///(app-pages-browser)/./lib/chat-transport.ts:137
[  218430ms] [LOG] [ChatTransport] onmessage triggered, has currentResponseHandler: true @ webpack-internal:///(app-pages-browser)/./lib/chat-transport.ts:41
[  218431ms] [LOG] [ChatTransport] responseHandler called, data: {"type":"delta","content":" ","error":null,"message_id":"4a7d14a1-196f-4b08-9a60-0fb97d3c0f5d","conversation_id":null,"itinerary":null,"stage":null} @ webpack-internal:///(app-pages-browser)/./lib/chat-transport.ts:137
[  218447ms] [LOG] [ChatTransport] onmessage triggered, has currentResponseHandler: true @ webpack-internal:///(app-pages-browser)/./lib/chat-transport.ts:41
[  218448ms] [LOG] [ChatTransport] responseHandler called, data: {"type":"delta","content":"热门","error":null,"message_id":"4a7d14a1-196f-4b08-9a60-0fb97d3c0f5d","conversation_id":null,"itinerary":null,"stage":null} @ webpack-internal:///(app-pages-browser)/./lib/chat-transport.ts:137
[  218448ms] [LOG] [ChatTransport] onmessage triggered, has currentResponseHandler: true @ webpack-internal:///(app-pages-browser)/./lib/chat-transport.ts:41
[  218448ms] [LOG] [ChatTransport] responseHandler called, data: {"type":"delta","content":"推荐","error":null,"message_id":"4a7d14a1-196f-4b08-9a60-0fb97d3c0f5d","conversation_id":null,"itinerary":null,"stage":null} @ webpack-internal:///(app-pages-browser)/./lib/chat-transport.ts:137
[  218464ms] [LOG] [ChatTransport] onmessage triggered, has currentResponseHandler: true @ webpack-internal:///(app-pages-browser)/./lib/chat-transport.ts:41
[  218464ms] [LOG] [ChatTransport] responseHandler called, data: {"type":"delta","content":"\n\n","error":null,"message_id":"4a7d14a1-196f-4b08-9a60-0fb97d3c0f5d","conversation_id":null,"itinerary":null,"stage":null} @ webpack-internal:///(app-pages-browser)/./lib/chat-transport.ts:137
[  218476ms] [LOG] [ChatTransport] onmessage triggered, has currentResponseHandler: true @ webpack-internal:///(app-pages-browser)/./lib/chat-transport.ts:41
[  218476ms] [LOG] [ChatTransport] responseHandler called, data: {"type":"delta","content":"###","error":null,"message_id":"4a7d14a1-196f-4b08-9a60-0fb97d3c0f5d","conversation_id":null,"itinerary":null,"stage":null} @ webpack-internal:///(app-pages-browser)/./lib/chat-transport.ts:137
[  218526ms] [LOG] [ChatTransport] onmessage triggered, has currentResponseHandler: true @ webpack-internal:///(app-pages-browser)/./lib/chat-transport.ts:41
[  218527ms] [LOG] [ChatTransport] responseHandler called, data: {"type":"delta","content":" ","error":null,"message_id":"4a7d14a1-196f-4b08-9a60-0fb97d3c0f5d","conversation_id":null,"itinerary":null,"stage":null} @ webpack-internal:///(app-pages-browser)/./lib/chat-transport.ts:137
[  218555ms] [LOG] [ChatTransport] onmessage triggered, has currentResponseHandler: true @ webpack-internal:///(app-pages-browser)/./lib/chat-transport.ts:41
[  218555ms] [LOG] [ChatTransport] responseHandler called, data: {"type":"delta","content":"1","error":null,"message_id":"4a7d14a1-196f-4b08-9a60-0fb97d3c0f5d","conversation_id":null,"itinerary":null,"stage":null} @ webpack-internal:///(app-pages-browser)/./lib/chat-transport.ts:137
[  218586ms] [LOG] [ChatTransport] onmessage triggered, has currentResponseHandler: true @ webpack-internal:///(app-pages-browser)/./lib/chat-transport.ts:41
[  218586ms] [LOG] [ChatTransport] responseHandler called, data: {"type":"delta","content":".","error":null,"message_id":"4a7d14a1-196f-4b08-9a60-0fb97d3c0f5d","conversation_id":null,"itinerary":null,"stage":null} @ webpack-internal:///(app-pages-browser)/./lib/chat-transport.ts:137
[  218605ms] [LOG] [ChatTransport] onmessage triggered, has currentResponseHandler: true @ webpack-internal:///(app-pages-browser)/./lib/chat-transport.ts:41
[  218606ms] [LOG] [ChatTransport] responseHandler called, data: {"type":"delta","content":" **","error":null,"message_id":"4a7d14a1-196f-4b08-9a60-0fb97d3c0f5d","conversation_id":null,"itinerary":null,"stage":null} @ webpack-internal:///(app-pages-browser)/./lib/chat-transport.ts:137
[  218737ms] [LOG] [ChatTransport] onmessage triggered, has currentResponseHandler: true @ webpack-internal:///(app-pages-browser)/./lib/chat-transport.ts:41
[  218738ms] [LOG] [ChatTransport] responseHandler called, data: {"type":"delta","content":"朱","error":null,"message_id":"4a7d14a1-196f-4b08-9a60-0fb97d3c0f5d","conversation_id":null,"itinerary":null,"stage":null} @ webpack-internal:///(app-pages-browser)/./lib/chat-transport.ts:137
[  218738ms] [LOG] [ChatTransport] onmessage triggered, has currentResponseHandler: true @ webpack-internal:///(app-pages-browser)/./lib/chat-transport.ts:41
[  218738ms] [LOG] [ChatTransport] responseHandler called, data: {"type":"delta","content":"家","error":null,"message_id":"4a7d14a1-196f-4b08-9a60-0fb97d3c0f5d","conversation_id":null,"itinerary":null,"stage":null} @ webpack-internal:///(app-pages-browser)/./lib/chat-transport.ts:137
[  218763ms] [LOG] [ChatTransport] onmessage triggered, has currentResponseHandler: true @ webpack-internal:///(app-pages-browser)/./lib/chat-transport.ts:41
[  218764ms] [LOG] [ChatTransport] responseHandler called, data: {"type":"delta","content":"角","error":null,"message_id":"4a7d14a1-196f-4b08-9a60-0fb97d3c0f5d","conversation_id":null,"itinerary":null,"stage":null} @ webpack-internal:///(app-pages-browser)/./lib/chat-transport.ts:137
[  218764ms] [LOG] [ChatTransport] onmessage triggered, has currentResponseHandler: true @ webpack-internal:///(app-pages-browser)/./lib/chat-transport.ts:41
[  218764ms] [LOG] [ChatTransport] responseHandler called, data: {"type":"delta","content":"古镇","error":null,"message_id":"4a7d14a1-196f-4b08-9a60-0fb97d3c0f5d","conversation_id":null,"itinerary":null,"stage":null} @ webpack-internal:///(app-pages-browser)/./lib/chat-transport.ts:137
[  218796ms] [LOG] [ChatTransport] onmessage triggered, has currentResponseHandler: true @ webpack-internal:///(app-pages-browser)/./lib/chat-transport.ts:41
[  218797ms] [LOG] [ChatTransport] responseHandler called, data: {"type":"delta","content":"**\n","error":null,"message_id":"4a7d14a1-196f-4b08-9a60-0fb97d3c0f5d","conversation_id":null,"itinerary":null,"stage":null} @ webpack-internal:///(app-pages-browser)/./lib/chat-transport.ts:137
[  218797ms] [LOG] [ChatTransport] onmessage triggered, has currentResponseHandler: true @ webpack-internal:///(app-pages-browser)/./lib/chat-transport.ts:41
[  218797ms] [LOG] [ChatTransport] responseHandler called, data: {"type":"delta","content":"-","error":null,"message_id":"4a7d14a1-196f-4b08-9a60-0fb97d3c0f5d","conversation_id":null,"itinerary":null,"stage":null} @ webpack-internal:///(app-pages-browser)/./lib/chat-transport.ts:137
[  218837ms] [LOG] [ChatTransport] onmessage triggered, has currentResponseHandler: true @ webpack-internal:///(app-pages-browser)/./lib/chat-transport.ts:41
[  218837ms] [LOG] [ChatTransport] responseHandler called, data: {"type":"delta","content":" **","error":null,"message_id":"4a7d14a1-196f-4b08-9a60-0fb97d3c0f5d","conversation_id":null,"itinerary":null,"stage":null} @ webpack-internal:///(app-pages-browser)/./lib/chat-transport.ts:137
[  218850ms] [LOG] [ChatTransport] onmessage triggered, has currentResponseHandler: true @ webpack-internal:///(app-pages-browser)/./lib/chat-transport.ts:41
[  218850ms] [LOG] [ChatTransport] responseHandler called, data: {"type":"delta","content":"特色","error":null,"message_id":"4a7d14a1-196f-4b08-9a60-0fb97d3c0f5d","conversation_id":null,"itinerary":null,"stage":null} @ webpack-internal:///(app-pages-browser)/./lib/chat-transport.ts:137
[  218924ms] [LOG] [ChatTransport] onmessage triggered, has currentResponseHandler: true @ webpack-internal:///(app-pages-browser)/./lib/chat-transport.ts:41
[  218924ms] [LOG] [ChatTransport] responseHandler called, data: {"type":"delta","content":"**","error":null,"message_id":"4a7d14a1-196f-4b08-9a60-0fb97d3c0f5d","conversation_id":null,"itinerary":null,"stage":null} @ webpack-internal:///(app-pages-browser)/./lib/chat-transport.ts:137
[  218924ms] [LOG] [ChatTransport] onmessage triggered, has currentResponseHandler: true @ webpack-internal:///(app-pages-browser)/./lib/chat-transport.ts:41
[  218924ms] [LOG] [ChatTransport] responseHandler called, data: {"type":"delta","content":"：","error":null,"message_id":"4a7d14a1-196f-4b08-9a60-0fb97d3c0f5d","conversation_id":null,"itinerary":null,"stage":null} @ webpack-internal:///(app-pages-browser)/./lib/chat-transport.ts:137
[  219005ms] [LOG] [ChatTransport] onmessage triggered, has currentResponseHandler: true @ webpack-internal:///(app-pages-browser)/./lib/chat-transport.ts:41
[  219006ms] [LOG] [ChatTransport] responseHandler called, data: {"type":"delta","content":"国家级","error":null,"message_id":"4a7d14a1-196f-4b08-9a60-0fb97d3c0f5d","conversation_id":null,"itinerary":null,"stage":null} @ webpack-internal:///(app-pages-browser)/./lib/chat-transport.ts:137
[  219027ms] [LOG] [ChatTransport] onmessage triggered, has currentResponseHandler: true @ webpack-internal:///(app-pages-browser)/./lib/chat-transport.ts:41
[  219028ms] [LOG] [ChatTransport] responseHandler called, data: {"type":"delta","content":"景点","error":null,"message_id":"4a7d14a1-196f-4b08-9a60-0fb97d3c0f5d","conversation_id":null,"itinerary":null,"stage":null} @ webpack-internal:///(app-pages-browser)/./lib/chat-transport.ts:137
[  219077ms] [LOG] [ChatTransport] onmessage triggered, has currentResponseHandler: true @ webpack-internal:///(app-pages-browser)/./lib/chat-transport.ts:41
[  219077ms] [LOG] [ChatTransport] responseHandler called, data: {"type":"delta","content":"，","error":null,"message_id":"4a7d14a1-196f-4b08-9a60-0fb97d3c0f5d","conversation_id":null,"itinerary":null,"stage":null} @ webpack-internal:///(app-pages-browser)/./lib/chat-transport.ts:137
[  219100ms] [LOG] [ChatTransport] onmessage triggered, has currentResponseHandler: true @ webpack-internal:///(app-pages-browser)/./lib/chat-transport.ts:41
[  219101ms] [LOG] [ChatTransport] responseHandler called, data: {"type":"delta","content":"被誉为","error":null,"message_id":"4a7d14a1-196f-4b08-9a60-0fb97d3c0f5d","conversation_id":null,"itinerary":null,"stage":null} @ webpack-internal:///(app-pages-browser)/./lib/chat-transport.ts:137
[  219134ms] [LOG] [ChatTransport] onmessage triggered, has currentResponseHandler: true @ webpack-internal:///(app-pages-browser)/./lib/chat-transport.ts:41
[  219134ms] [LOG] [ChatTransport] responseHandler called, data: {"type":"delta","content":"“","error":null,"message_id":"4a7d14a1-196f-4b08-9a60-0fb97d3c0f5d","conversation_id":null,"itinerary":null,"stage":null} @ webpack-internal:///(app-pages-browser)/./lib/chat-transport.ts:137
[  219195ms] [LOG] [ChatTransport] onmessage triggered, has currentResponseHandler: true @ webpack-internal:///(app-pages-browser)/./lib/chat-transport.ts:41
[  219195ms] [LOG] [ChatTransport] responseHandler called, data: {"type":"delta","content":"上海","error":null,"message_id":"4a7d14a1-196f-4b08-9a60-0fb97d3c0f5d","conversation_id":null,"itinerary":null,"stage":null} @ webpack-internal:///(app-pages-browser)/./lib/chat-transport.ts:137
[  219196ms] [LOG] [ChatTransport] onmessage triggered, has currentResponseHandler: true @ webpack-internal:///(app-pages-browser)/./lib/chat-transport.ts:41
[  219196ms] [LOG] [ChatTransport] responseHandler called, data: {"type":"delta","content":"威尼斯","error":null,"message_id":"4a7d14a1-196f-4b08-9a60-0fb97d3c0f5d","conversation_id":null,"itinerary":null,"stage":null} @ webpack-internal:///(app-pages-browser)/./lib/chat-transport.ts:137
[  219258ms] [LOG] [ChatTransport] onmessage triggered, has currentResponseHandler: true @ webpack-internal:///(app-pages-browser)/./lib/chat-transport.ts:41
[  219258ms] [LOG] [ChatTransport] responseHandler called, data: {"type":"delta","content":"”，","error":null,"message_id":"4a7d14a1-196f-4b08-9a60-0fb97d3c0f5d","conversation_id":null,"itinerary":null,"stage":null} @ webpack-internal:///(app-pages-browser)/./lib/chat-transport.ts:137
[  219280ms] [LOG] [ChatTransport] onmessage triggered, has currentResponseHandler: true @ webpack-internal:///(app-pages-browser)/./lib/chat-transport.ts:41
[  219281ms] [LOG] [ChatTransport] responseHandler called, data: {"type":"delta","content":"水","error":null,"message_id":"4a7d14a1-196f-4b08-9a60-0fb97d3c0f5d","conversation_id":null,"itinerary":null,"stage":null} @ webpack-internal:///(app-pages-browser)/./lib/chat-transport.ts:137
[  219531ms] [LOG] [ChatTransport] onmessage triggered, has currentResponseHandler: true @ webpack-internal:///(app-pages-browser)/./lib/chat-transport.ts:41
[  219532ms] [LOG] [ChatTransport] responseHandler called, data: {"type":"delta","content":"乡","error":null,"message_id":"4a7d14a1-196f-4b08-9a60-0fb97d3c0f5d","conversation_id":null,"itinerary":null,"stage":null} @ webpack-internal:///(app-pages-browser)/./lib/chat-transport.ts:137
[  219532ms] [LOG] [ChatTransport] onmessage triggered, has currentResponseHandler: true @ webpack-internal:///(app-pages-browser)/./lib/chat-transport.ts:41
[  219532ms] [LOG] [ChatTransport] responseHandler called, data: {"type":"delta","content":"风情","error":null,"message_id":"4a7d14a1-196f-4b08-9a60-0fb97d3c0f5d","conversation_id":null,"itinerary":null,"stage":null} @ webpack-internal:///(app-pages-browser)/./lib/chat-transport.ts:137
[  219549ms] [LOG] [ChatTransport] onmessage triggered, has currentResponseHandler: true @ webpack-internal:///(app-pages-browser)/./lib/chat-transport.ts:41
[  219549ms] [LOG] [ChatTransport] responseHandler called, data: {"type":"delta","content":"浓郁","error":null,"message_id":"4a7d14a1-196f-4b08-9a60-0fb97d3c0f5d","conversation_id":null,"itinerary":null,"stage":null} @ webpack-internal:///(app-pages-browser)/./lib/chat-transport.ts:137
[  219549ms] [LOG] [ChatTransport] onmessage triggered, has currentResponseHandler: true @ webpack-internal:///(app-pages-browser)/./lib/chat-transport.ts:41
[  219554ms] [LOG] [ChatTransport] responseHandler called, data: {"type":"delta","content":"\n","error":null,"message_id":"4a7d14a1-196f-4b08-9a60-0fb97d3c0f5d","conversation_id":null,"itinerary":null,"stage":null} @ webpack-internal:///(app-pages-browser)/./lib/chat-transport.ts:137
[  219554ms] [LOG] [ChatTransport] onmessage triggered, has currentResponseHandler: true @ webpack-internal:///(app-pages-browser)/./lib/chat-transport.ts:41
[  219554ms] [LOG] [ChatTransport] responseHandler called, data: {"type":"delta","content":"-","error":null,"message_id":"4a7d14a1-196f-4b08-9a60-0fb97d3c0f5d","conversation_id":null,"itinerary":null,"stage":null} @ webpack-internal:///(app-pages-browser)/./lib/chat-transport.ts:137
[  219579ms] [LOG] [ChatTransport] onmessage triggered, has currentResponseHandler: true @ webpack-internal:///(app-pages-browser)/./lib/chat-transport.ts:41
[  219579ms] [LOG] [ChatTransport] responseHandler called, data: {"type":"delta","content":" **","error":null,"message_id":"4a7d14a1-196f-4b08-9a60-0fb97d3c0f5d","conversation_id":null,"itinerary":null,"stage":null} @ webpack-internal:///(app-pages-browser)/./lib/chat-transport.ts:137
[  219580ms] [LOG] [ChatTransport] onmessage triggered, has currentResponseHandler: true @ webpack-internal:///(app-pages-browser)/./lib/chat-transport.ts:41
[  219580ms] [LOG] [ChatTransport] responseHandler called, data: {"type":"delta","content":"地址","error":null,"message_id":"4a7d14a1-196f-4b08-9a60-0fb97d3c0f5d","conversation_id":null,"itinerary":null,"stage":null} @ webpack-internal:///(app-pages-browser)/./lib/chat-transport.ts:137
[  219613ms] [LOG] [ChatTransport] onmessage triggered, has currentResponseHandler: true @ webpack-internal:///(app-pages-browser)/./lib/chat-transport.ts:41
[  219613ms] [LOG] [ChatTransport] responseHandler called, data: {"type":"delta","content":"**","error":null,"message_id":"4a7d14a1-196f-4b08-9a60-0fb97d3c0f5d","conversation_id":null,"itinerary":null,"stage":null} @ webpack-internal:///(app-pages-browser)/./lib/chat-transport.ts:137
[  219642ms] [LOG] [ChatTransport] onmessage triggered, has currentResponseHandler: true @ webpack-internal:///(app-pages-browser)/./lib/chat-transport.ts:41
[  219643ms] [LOG] [ChatTransport] responseHandler called, data: {"type":"delta","content":"：","error":null,"message_id":"4a7d14a1-196f-4b08-9a60-0fb97d3c0f5d","conversation_id":null,"itinerary":null,"stage":null} @ webpack-internal:///(app-pages-browser)/./lib/chat-transport.ts:137
[  219672ms] [LOG] [ChatTransport] onmessage triggered, has currentResponseHandler: true @ webpack-internal:///(app-pages-browser)/./lib/chat-transport.ts:41
[  219672ms] [LOG] [ChatTransport] responseHandler called, data: {"type":"delta","content":"朱","error":null,"message_id":"4a7d14a1-196f-4b08-9a60-0fb97d3c0f5d","conversation_id":null,"itinerary":null,"stage":null} @ webpack-internal:///(app-pages-browser)/./lib/chat-transport.ts:137
[  219673ms] [LOG] [ChatTransport] onmessage triggered, has currentResponseHandler: true @ webpack-internal:///(app-pages-browser)/./lib/chat-transport.ts:41
[  219673ms] [LOG] [ChatTransport] responseHandler called, data: {"type":"delta","content":"家","error":null,"message_id":"4a7d14a1-196f-4b08-9a60-0fb97d3c0f5d","conversation_id":null,"itinerary":null,"stage":null} @ webpack-internal:///(app-pages-browser)/./lib/chat-transport.ts:137
[  219702ms] [LOG] [ChatTransport] onmessage triggered, has currentResponseHandler: true @ webpack-internal:///(app-pages-browser)/./lib/chat-transport.ts:41
[  219702ms] [LOG] [ChatTransport] responseHandler called, data: {"type":"delta","content":"角","error":null,"message_id":"4a7d14a1-196f-4b08-9a60-0fb97d3c0f5d","conversation_id":null,"itinerary":null,"stage":null} @ webpack-internal:///(app-pages-browser)/./lib/chat-transport.ts:137
[  219702ms] [LOG] [ChatTransport] onmessage triggered, has currentResponseHandler: true @ webpack-internal:///(app-pages-browser)/./lib/chat-transport.ts:41
[  219702ms] [LOG] [ChatTransport] responseHandler called, data: {"type":"delta","content":"镇","error":null,"message_id":"4a7d14a1-196f-4b08-9a60-0fb97d3c0f5d","conversation_id":null,"itinerary":null,"stage":null} @ webpack-internal:///(app-pages-browser)/./lib/chat-transport.ts:137
[  219766ms] [LOG] [ChatTransport] onmessage triggered, has currentResponseHandler: true @ webpack-internal:///(app-pages-browser)/./lib/chat-transport.ts:41
[  219767ms] [LOG] [ChatTransport] responseHandler called, data: {"type":"delta","content":"课","error":null,"message_id":"4a7d14a1-196f-4b08-9a60-0fb97d3c0f5d","conversation_id":null,"itinerary":null,"stage":null} @ webpack-internal:///(app-pages-browser)/./lib/chat-transport.ts:137
[  219788ms] [LOG] [ChatTransport] onmessage triggered, has currentResponseHandler: true @ webpack-internal:///(app-pages-browser)/./lib/chat-transport.ts:41
[  219788ms] [LOG] [ChatTransport] responseHandler called, data: {"type":"delta","content":"植","error":null,"message_id":"4a7d14a1-196f-4b08-9a60-0fb97d3c0f5d","conversation_id":null,"itinerary":null,"stage":null} @ webpack-internal:///(app-pages-browser)/./lib/chat-transport.ts:137
[  219820ms] [LOG] [ChatTransport] onmessage triggered, has currentResponseHandler: true @ webpack-internal:///(app-pages-browser)/./lib/chat-transport.ts:41
[  219820ms] [LOG] [ChatTransport] responseHandler called, data: {"type":"delta","content":"园","error":null,"message_id":"4a7d14a1-196f-4b08-9a60-0fb97d3c0f5d","conversation_id":null,"itinerary":null,"stage":null} @ webpack-internal:///(app-pages-browser)/./lib/chat-transport.ts:137
[  219841ms] [LOG] [ChatTransport] onmessage triggered, has currentResponseHandler: true @ webpack-internal:///(app-pages-browser)/./lib/chat-transport.ts:41
[  219841ms] [LOG] [ChatTransport] responseHandler called, data: {"type":"delta","content":"路","error":null,"message_id":"4a7d14a1-196f-4b08-9a60-0fb97d3c0f5d","conversation_id":null,"itinerary":null,"stage":null} @ webpack-internal:///(app-pages-browser)/./lib/chat-transport.ts:137
[  219891ms] [LOG] [ChatTransport] onmessage triggered, has currentResponseHandler: true @ webpack-internal:///(app-pages-browser)/./lib/chat-transport.ts:41
[  219892ms] [LOG] [ChatTransport] responseHandler called, data: {"type":"delta","content":"555","error":null,"message_id":"4a7d14a1-196f-4b08-9a60-0fb97d3c0f5d","conversation_id":null,"itinerary":null,"stage":null} @ webpack-internal:///(app-pages-browser)/./lib/chat-transport.ts:137
[  219892ms] [LOG] [ChatTransport] onmessage triggered, has currentResponseHandler: true @ webpack-internal:///(app-pages-browser)/./lib/chat-transport.ts:41
[  219892ms] [LOG] [ChatTransport] responseHandler called, data: {"type":"delta","content":"号","error":null,"message_id":"4a7d14a1-196f-4b08-9a60-0fb97d3c0f5d","conversation_id":null,"itinerary":null,"stage":null} @ webpack-internal:///(app-pages-browser)/./lib/chat-transport.ts:137
[  219939ms] [LOG] [ChatTransport] onmessage triggered, has currentResponseHandler: true @ webpack-internal:///(app-pages-browser)/./lib/chat-transport.ts:41
[  219939ms] [LOG] [ChatTransport] responseHandler called, data: {"type":"delta","content":"\n","error":null,"message_id":"4a7d14a1-196f-4b08-9a60-0fb97d3c0f5d","conversation_id":null,"itinerary":null,"stage":null} @ webpack-internal:///(app-pages-browser)/./lib/chat-transport.ts:137
[  219954ms] [LOG] [ChatTransport] onmessage triggered, has currentResponseHandler: true @ webpack-internal:///(app-pages-browser)/./lib/chat-transport.ts:41
[  219954ms] [LOG] [ChatTransport] responseHandler called, data: {"type":"delta","content":"-","error":null,"message_id":"4a7d14a1-196f-4b08-9a60-0fb97d3c0f5d","conversation_id":null,"itinerary":null,"stage":null} @ webpack-internal:///(app-pages-browser)/./lib/chat-transport.ts:137
[  220075ms] [LOG] [ChatTransport] onmessage triggered, has currentResponseHandler: true @ webpack-internal:///(app-pages-browser)/./lib/chat-transport.ts:41
[  220075ms] [LOG] [ChatTransport] responseHandler called, data: {"type":"delta","content":" **","error":null,"message_id":"4a7d14a1-196f-4b08-9a60-0fb97d3c0f5d","conversation_id":null,"itinerary":null,"stage":null} @ webpack-internal:///(app-pages-browser)/./lib/chat-transport.ts:137
[  220098ms] [LOG] [ChatTransport] onmessage triggered, has currentResponseHandler: true @ webpack-internal:///(app-pages-browser)/./lib/chat-transport.ts:41
[  220099ms] [LOG] [ChatTransport] responseHandler called, data: {"type":"delta","content":"亮点","error":null,"message_id":"4a7d14a1-196f-4b08-9a60-0fb97d3c0f5d","conversation_id":null,"itinerary":null,"stage":null} @ webpack-internal:///(app-pages-browser)/./lib/chat-transport.ts:137
[  220344ms] [LOG] [ChatTransport] onmessage triggered, has currentResponseHandler: true @ webpack-internal:///(app-pages-browser)/./lib/chat-transport.ts:41
[  220344ms] [LOG] [ChatTransport] responseHandler called, data: {"type":"delta","content":"**","error":null,"message_id":"4a7d14a1-196f-4b08-9a60-0fb97d3c0f5d","conversation_id":null,"itinerary":null,"stage":null} @ webpack-internal:///(app-pages-browser)/./lib/chat-transport.ts:137
[  220345ms] [LOG] [ChatTransport] onmessage triggered, has currentResponseHandler: true @ webpack-internal:///(app-pages-browser)/./lib/chat-transport.ts:41
[  220345ms] [LOG] [ChatTransport] responseHandler called, data: {"type":"delta","content":"：","error":null,"message_id":"4a7d14a1-196f-4b08-9a60-0fb97d3c0f5d","conversation_id":null,"itinerary":null,"stage":null} @ webpack-internal:///(app-pages-browser)/./lib/chat-transport.ts:137
[  220371ms] [LOG] [ChatTransport] onmessage triggered, has currentResponseHandler: true @ webpack-internal:///(app-pages-browser)/./lib/chat-transport.ts:41
[  220371ms] [LOG] [ChatTransport] responseHandler called, data: {"type":"delta","content":"小","error":null,"message_id":"4a7d14a1-196f-4b08-9a60-0fb97d3c0f5d","conversation_id":null,"itinerary":null,"stage":null} @ webpack-internal:///(app-pages-browser)/./lib/chat-transport.ts:137
[  220387ms] [LOG] [ChatTransport] onmessage triggered, has currentResponseHandler: true @ webpack-internal:///(app-pages-browser)/./lib/chat-transport.ts:41
[  220387ms] [LOG] [ChatTransport] responseHandler called, data: {"type":"delta","content":"桥","error":null,"message_id":"4a7d14a1-196f-4b08-9a60-0fb97d3c0f5d","conversation_id":null,"itinerary":null,"stage":null} @ webpack-internal:///(app-pages-browser)/./lib/chat-transport.ts:137
[  220387ms] [LOG] [ChatTransport] onmessage triggered, has currentResponseHandler: true @ webpack-internal:///(app-pages-browser)/./lib/chat-transport.ts:41
[  220387ms] [LOG] [ChatTransport] responseHandler called, data: {"type":"delta","content":"流水","error":null,"message_id":"4a7d14a1-196f-4b08-9a60-0fb97d3c0f5d","conversation_id":null,"itinerary":null,"stage":null} @ webpack-internal:///(app-pages-browser)/./lib/chat-transport.ts:137
[  220388ms] [LOG] [ChatTransport] onmessage triggered, has currentResponseHandler: true @ webpack-internal:///(app-pages-browser)/./lib/chat-transport.ts:41
[  220388ms] [LOG] [ChatTransport] responseHandler called, data: {"type":"delta","content":"、","error":null,"message_id":"4a7d14a1-196f-4b08-9a60-0fb97d3c0f5d","conversation_id":null,"itinerary":null,"stage":null} @ webpack-internal:///(app-pages-browser)/./lib/chat-transport.ts:137
[  220388ms] [LOG] [ChatTransport] onmessage triggered, has currentResponseHandler: true @ webpack-internal:///(app-pages-browser)/./lib/chat-transport.ts:41
[  220388ms] [LOG] [ChatTransport] responseHandler called, data: {"type":"delta","content":"明清","error":null,"message_id":"4a7d14a1-196f-4b08-9a60-0fb97d3c0f5d","conversation_id":null,"itinerary":null,"stage":null} @ webpack-internal:///(app-pages-browser)/./lib/chat-transport.ts:137
[  220388ms] [LOG] [ChatTransport] onmessage triggered, has currentResponseHandler: true @ webpack-internal:///(app-pages-browser)/./lib/chat-transport.ts:41
[  220388ms] [LOG] [ChatTransport] responseHandler called, data: {"type":"delta","content":"建筑","error":null,"message_id":"4a7d14a1-196f-4b08-9a60-0fb97d3c0f5d","conversation_id":null,"itinerary":null,"stage":null} @ webpack-internal:///(app-pages-browser)/./lib/chat-transport.ts:137
[  220388ms] [LOG] [ChatTransport] onmessage triggered, has currentResponseHandler: true @ webpack-internal:///(app-pages-browser)/./lib/chat-transport.ts:41
[  220388ms] [LOG] [ChatTransport] responseHandler called, data: {"type":"delta","content":"、","error":null,"message_id":"4a7d14a1-196f-4b08-9a60-0fb97d3c0f5d","conversation_id":null,"itinerary":null,"stage":null} @ webpack-internal:///(app-pages-browser)/./lib/chat-transport.ts:137
[  220388ms] [LOG] [ChatTransport] onmessage triggered, has currentResponseHandler: true @ webpack-internal:///(app-pages-browser)/./lib/chat-transport.ts:41
[  220388ms] [LOG] [ChatTransport] responseHandler called, data: {"type":"delta","content":"特色","error":null,"message_id":"4a7d14a1-196f-4b08-9a60-0fb97d3c0f5d","conversation_id":null,"itinerary":null,"stage":null} @ webpack-internal:///(app-pages-browser)/./lib/chat-transport.ts:137
[  220402ms] [LOG] [ChatTransport] onmessage triggered, has currentResponseHandler: true @ webpack-internal:///(app-pages-browser)/./lib/chat-transport.ts:41
[  220402ms] [LOG] [ChatTransport] responseHandler called, data: {"type":"delta","content":"小吃","error":null,"message_id":"4a7d14a1-196f-4b08-9a60-0fb97d3c0f5d","conversation_id":null,"itinerary":null,"stage":null} @ webpack-internal:///(app-pages-browser)/./lib/chat-transport.ts:137
[  220402ms] [LOG] [ChatTransport] onmessage triggered, has currentResponseHandler: true @ webpack-internal:///(app-pages-browser)/./lib/chat-transport.ts:41
[  220402ms] [LOG] [ChatTransport] responseHandler called, data: {"type":"delta","content":"\n","error":null,"message_id":"4a7d14a1-196f-4b08-9a60-0fb97d3c0f5d","conversation_id":null,"itinerary":null,"stage":null} @ webpack-internal:///(app-pages-browser)/./lib/chat-transport.ts:137
[  220436ms] [LOG] [ChatTransport] onmessage triggered, has currentResponseHandler: true @ webpack-internal:///(app-pages-browser)/./lib/chat-transport.ts:41
[  220436ms] [LOG] [ChatTransport] responseHandler called, data: {"type":"delta","content":"-","error":null,"message_id":"4a7d14a1-196f-4b08-9a60-0fb97d3c0f5d","conversation_id":null,"itinerary":null,"stage":null} @ webpack-internal:///(app-pages-browser)/./lib/chat-transport.ts:137
[  220436ms] [LOG] [ChatTransport] onmessage triggered, has currentResponseHandler: true @ webpack-internal:///(app-pages-browser)/./lib/chat-transport.ts:41
[  220436ms] [LOG] [ChatTransport] responseHandler called, data: {"type":"delta","content":" **","error":null,"message_id":"4a7d14a1-196f-4b08-9a60-0fb97d3c0f5d","conversation_id":null,"itinerary":null,"stage":null} @ webpack-internal:///(app-pages-browser)/./lib/chat-transport.ts:137
[  220497ms] [LOG] [ChatTransport] onmessage triggered, has currentResponseHandler: true @ webpack-internal:///(app-pages-browser)/./lib/chat-transport.ts:41
[  220497ms] [LOG] [ChatTransport] responseHandler called, data: {"type":"delta","content":"适合","error":null,"message_id":"4a7d14a1-196f-4b08-9a60-0fb97d3c0f5d","conversation_id":null,"itinerary":null,"stage":null} @ webpack-internal:///(app-pages-browser)/./lib/chat-transport.ts:137
[  220563ms] [LOG] [ChatTransport] onmessage triggered, has currentResponseHandler: true @ webpack-internal:///(app-pages-browser)/./lib/chat-transport.ts:41
[  220563ms] [LOG] [ChatTransport] responseHandler called, data: {"type":"delta","content":"**","error":null,"message_id":"4a7d14a1-196f-4b08-9a60-0fb97d3c0f5d","conversation_id":null,"itinerary":null,"stage":null} @ webpack-internal:///(app-pages-browser)/./lib/chat-transport.ts:137
[  220579ms] [LOG] [ChatTransport] onmessage triggered, has currentResponseHandler: true @ webpack-internal:///(app-pages-browser)/./lib/chat-transport.ts:41
[  220579ms] [LOG] [ChatTransport] responseHandler called, data: {"type":"delta","content":"：","error":null,"message_id":"4a7d14a1-196f-4b08-9a60-0fb97d3c0f5d","conversation_id":null,"itinerary":null,"stage":null} @ webpack-internal:///(app-pages-browser)/./lib/chat-transport.ts:137
[  220622ms] [LOG] [ChatTransport] onmessage triggered, has currentResponseHandler: true @ webpack-internal:///(app-pages-browser)/./lib/chat-transport.ts:41
[  220622ms] [LOG] [ChatTransport] responseHandler called, data: {"type":"delta","content":"喜欢","error":null,"message_id":"4a7d14a1-196f-4b08-9a60-0fb97d3c0f5d","conversation_id":null,"itinerary":null,"stage":null} @ webpack-internal:///(app-pages-browser)/./lib/chat-transport.ts:137
[  220640ms] [LOG] [ChatTransport] onmessage triggered, has currentResponseHandler: true @ webpack-internal:///(app-pages-browser)/./lib/chat-transport.ts:41
[  220641ms] [LOG] [ChatTransport] responseHandler called, data: {"type":"delta","content":"水","error":null,"message_id":"4a7d14a1-196f-4b08-9a60-0fb97d3c0f5d","conversation_id":null,"itinerary":null,"stage":null} @ webpack-internal:///(app-pages-browser)/./lib/chat-transport.ts:137
[  220704ms] [LOG] [ChatTransport] onmessage triggered, has currentResponseHandler: true @ webpack-internal:///(app-pages-browser)/./lib/chat-transport.ts:41
[  220705ms] [LOG] [ChatTransport] responseHandler called, data: {"type":"delta","content":"乡","error":null,"message_id":"4a7d14a1-196f-4b08-9a60-0fb97d3c0f5d","conversation_id":null,"itinerary":null,"stage":null} @ webpack-internal:///(app-pages-browser)/./lib/chat-transport.ts:137
[  220721ms] [LOG] [ChatTransport] onmessage triggered, has currentResponseHandler: true @ webpack-internal:///(app-pages-browser)/./lib/chat-transport.ts:41
[  220721ms] [LOG] [ChatTransport] responseHandler called, data: {"type":"delta","content":"文化","error":null,"message_id":"4a7d14a1-196f-4b08-9a60-0fb97d3c0f5d","conversation_id":null,"itinerary":null,"stage":null} @ webpack-internal:///(app-pages-browser)/./lib/chat-transport.ts:137
[  220961ms] [LOG] [ChatTransport] onmessage triggered, has currentResponseHandler: true @ webpack-internal:///(app-pages-browser)/./lib/chat-transport.ts:41
[  220961ms] [LOG] [ChatTransport] responseHandler called, data: {"type":"delta","content":"、","error":null,"message_id":"4a7d14a1-196f-4b08-9a60-0fb97d3c0f5d","conversation_id":null,"itinerary":null,"stage":null} @ webpack-internal:///(app-pages-browser)/./lib/chat-transport.ts:137
[  220961ms] [LOG] [ChatTransport] onmessage triggered, has currentResponseHandler: true @ webpack-internal:///(app-pages-browser)/./lib/chat-transport.ts:41
[  220961ms] [LOG] [ChatTransport] responseHandler called, data: {"type":"delta","content":"拍照","error":null,"message_id":"4a7d14a1-196f-4b08-9a60-0fb97d3c0f5d","conversation_id":null,"itinerary":null,"stage":null} @ webpack-internal:///(app-pages-browser)/./lib/chat-transport.ts:137
[  220975ms] [LOG] [ChatTransport] onmessage triggered, has currentResponseHandler: true @ webpack-internal:///(app-pages-browser)/./lib/chat-transport.ts:41
[  220975ms] [LOG] [ChatTransport] responseHandler called, data: {"type":"delta","content":"打卡","error":null,"message_id":"4a7d14a1-196f-4b08-9a60-0fb97d3c0f5d","conversation_id":null,"itinerary":null,"stage":null} @ webpack-internal:///(app-pages-browser)/./lib/chat-transport.ts:137
[  220975ms] [LOG] [ChatTransport] onmessage triggered, has currentResponseHandler: true @ webpack-internal:///(app-pages-browser)/./lib/chat-transport.ts:41
[  220975ms] [LOG] [ChatTransport] responseHandler called, data: {"type":"delta","content":"的","error":null,"message_id":"4a7d14a1-196f-4b08-9a60-0fb97d3c0f5d","conversation_id":null,"itinerary":null,"stage":null} @ webpack-internal:///(app-pages-browser)/./lib/chat-transport.ts:137
[  220975ms] [LOG] [ChatTransport] onmessage triggered, has currentResponseHandler: true @ webpack-internal:///(app-pages-browser)/./lib/chat-transport.ts:41
[  220975ms] [LOG] [ChatTransport] responseHandler called, data: {"type":"delta","content":"游客","error":null,"message_id":"4a7d14a1-196f-4b08-9a60-0fb97d3c0f5d","conversation_id":null,"itinerary":null,"stage":null} @ webpack-internal:///(app-pages-browser)/./lib/chat-transport.ts:137
[  220975ms] [LOG] [ChatTransport] onmessage triggered, has currentResponseHandler: true @ webpack-internal:///(app-pages-browser)/./lib/chat-transport.ts:41
[  220975ms] [LOG] [ChatTransport] responseHandler called, data: {"type":"delta","content":"\n\n","error":null,"message_id":"4a7d14a1-196f-4b08-9a60-0fb97d3c0f5d","conversation_id":null,"itinerary":null,"stage":null} @ webpack-internal:///(app-pages-browser)/./lib/chat-transport.ts:137
[  220991ms] [LOG] [ChatTransport] onmessage triggered, has currentResponseHandler: true @ webpack-internal:///(app-pages-browser)/./lib/chat-transport.ts:41
[  220991ms] [LOG] [ChatTransport] responseHandler called, data: {"type":"delta","content":"###","error":null,"message_id":"4a7d14a1-196f-4b08-9a60-0fb97d3c0f5d","conversation_id":null,"itinerary":null,"stage":null} @ webpack-internal:///(app-pages-browser)/./lib/chat-transport.ts:137
[  220992ms] [LOG] [ChatTransport] onmessage triggered, has currentResponseHandler: true @ webpack-internal:///(app-pages-browser)/./lib/chat-transport.ts:41
[  220992ms] [LOG] [ChatTransport] responseHandler called, data: {"type":"delta","content":" ","error":null,"message_id":"4a7d14a1-196f-4b08-9a60-0fb97d3c0f5d","conversation_id":null,"itinerary":null,"stage":null} @ webpack-internal:///(app-pages-browser)/./lib/chat-transport.ts:137
[  221010ms] [LOG] [ChatTransport] onmessage triggered, has currentResponseHandler: true @ webpack-internal:///(app-pages-browser)/./lib/chat-transport.ts:41
[  221010ms] [LOG] [ChatTransport] responseHandler called, data: {"type":"delta","content":"2","error":null,"message_id":"4a7d14a1-196f-4b08-9a60-0fb97d3c0f5d","conversation_id":null,"itinerary":null,"stage":null} @ webpack-internal:///(app-pages-browser)/./lib/chat-transport.ts:137
[  221010ms] [LOG] [ChatTransport] onmessage triggered, has currentResponseHandler: true @ webpack-internal:///(app-pages-browser)/./lib/chat-transport.ts:41
[  221010ms] [LOG] [ChatTransport] responseHandler called, data: {"type":"delta","content":".","error":null,"message_id":"4a7d14a1-196f-4b08-9a60-0fb97d3c0f5d","conversation_id":null,"itinerary":null,"stage":null} @ webpack-internal:///(app-pages-browser)/./lib/chat-transport.ts:137
[  221043ms] [LOG] [ChatTransport] onmessage triggered, has currentResponseHandler: true @ webpack-internal:///(app-pages-browser)/./lib/chat-transport.ts:41
[  221043ms] [LOG] [ChatTransport] responseHandler called, data: {"type":"delta","content":" **","error":null,"message_id":"4a7d14a1-196f-4b08-9a60-0fb97d3c0f5d","conversation_id":null,"itinerary":null,"stage":null} @ webpack-internal:///(app-pages-browser)/./lib/chat-transport.ts:137
[  221043ms] [LOG] [ChatTransport] onmessage triggered, has currentResponseHandler: true @ webpack-internal:///(app-pages-browser)/./lib/chat-transport.ts:41
[  221043ms] [LOG] [ChatTransport] responseHandler called, data: {"type":"delta","content":"七","error":null,"message_id":"4a7d14a1-196f-4b08-9a60-0fb97d3c0f5d","conversation_id":null,"itinerary":null,"stage":null} @ webpack-internal:///(app-pages-browser)/./lib/chat-transport.ts:137
[  221105ms] [LOG] [ChatTransport] onmessage triggered, has currentResponseHandler: true @ webpack-internal:///(app-pages-browser)/./lib/chat-transport.ts:41
[  221105ms] [LOG] [ChatTransport] responseHandler called, data: {"type":"delta","content":"宝","error":null,"message_id":"4a7d14a1-196f-4b08-9a60-0fb97d3c0f5d","conversation_id":null,"itinerary":null,"stage":null} @ webpack-internal:///(app-pages-browser)/./lib/chat-transport.ts:137
[  221126ms] [LOG] [ChatTransport] onmessage triggered, has currentResponseHandler: true @ webpack-internal:///(app-pages-browser)/./lib/chat-transport.ts:41
[  221127ms] [LOG] [ChatTransport] responseHandler called, data: {"type":"delta","content":"古镇","error":null,"message_id":"4a7d14a1-196f-4b08-9a60-0fb97d3c0f5d","conversation_id":null,"itinerary":null,"stage":null} @ webpack-internal:///(app-pages-browser)/./lib/chat-transport.ts:137
[  221256ms] [LOG] [ChatTransport] onmessage triggered, has currentResponseHandler: true @ webpack-internal:///(app-pages-browser)/./lib/chat-transport.ts:41
[  221257ms] [LOG] [ChatTransport] responseHandler called, data: {"type":"delta","content":"**\n","error":null,"message_id":"4a7d14a1-196f-4b08-9a60-0fb97d3c0f5d","conversation_id":null,"itinerary":null,"stage":null} @ webpack-internal:///(app-pages-browser)/./lib/chat-transport.ts:137
[  221282ms] [LOG] [ChatTransport] onmessage triggered, has currentResponseHandler: true @ webpack-internal:///(app-pages-browser)/./lib/chat-transport.ts:41
[  221283ms] [LOG] [ChatTransport] responseHandler called, data: {"type":"delta","content":"-","error":null,"message_id":"4a7d14a1-196f-4b08-9a60-0fb97d3c0f5d","conversation_id":null,"itinerary":null,"stage":null} @ webpack-internal:///(app-pages-browser)/./lib/chat-transport.ts:137
[  221312ms] [LOG] [ChatTransport] onmessage triggered, has currentResponseHandler: true @ webpack-internal:///(app-pages-browser)/./lib/chat-transport.ts:41
[  221312ms] [LOG] [ChatTransport] responseHandler called, data: {"type":"delta","content":" **","error":null,"message_id":"4a7d14a1-196f-4b08-9a60-0fb97d3c0f5d","conversation_id":null,"itinerary":null,"stage":null} @ webpack-internal:///(app-pages-browser)/./lib/chat-transport.ts:137
[  221313ms] [LOG] [ChatTransport] onmessage triggered, has currentResponseHandler: true @ webpack-internal:///(app-pages-browser)/./lib/chat-transport.ts:41
[  221313ms] [LOG] [ChatTransport] responseHandler called, data: {"type":"delta","content":"特色","error":null,"message_id":"4a7d14a1-196f-4b08-9a60-0fb97d3c0f5d","conversation_id":null,"itinerary":null,"stage":null} @ webpack-internal:///(app-pages-browser)/./lib/chat-transport.ts:137
[  221341ms] [LOG] [ChatTransport] onmessage triggered, has currentResponseHandler: true @ webpack-internal:///(app-pages-browser)/./lib/chat-transport.ts:41
[  221341ms] [LOG] [ChatTransport] responseHandler called, data: {"type":"delta","content":"**","error":null,"message_id":"4a7d14a1-196f-4b08-9a60-0fb97d3c0f5d","conversation_id":null,"itinerary":null,"stage":null} @ webpack-internal:///(app-pages-browser)/./lib/chat-transport.ts:137
[  221341ms] [LOG] [ChatTransport] onmessage triggered, has currentResponseHandler: true @ webpack-internal:///(app-pages-browser)/./lib/chat-transport.ts:41
[  221341ms] [LOG] [ChatTransport] responseHandler called, data: {"type":"delta","content":"：","error":null,"message_id":"4a7d14a1-196f-4b08-9a60-0fb97d3c0f5d","conversation_id":null,"itinerary":null,"stage":null} @ webpack-internal:///(app-pages-browser)/./lib/chat-transport.ts:137
[  221413ms] [LOG] [ChatTransport] onmessage triggered, has currentResponseHandler: true @ webpack-internal:///(app-pages-browser)/./lib/chat-transport.ts:41
[  221414ms] [LOG] [ChatTransport] responseHandler called, data: {"type":"delta","content":"距离","error":null,"message_id":"4a7d14a1-196f-4b08-9a60-0fb97d3c0f5d","conversation_id":null,"itinerary":null,"stage":null} @ webpack-internal:///(app-pages-browser)/./lib/chat-transport.ts:137
[  221437ms] [LOG] [ChatTransport] onmessage triggered, has currentResponseHandler: true @ webpack-internal:///(app-pages-browser)/./lib/chat-transport.ts:41
[  221437ms] [LOG] [ChatTransport] responseHandler called, data: {"type":"delta","content":"市区","error":null,"message_id":"4a7d14a1-196f-4b08-9a60-0fb97d3c0f5d","conversation_id":null,"itinerary":null,"stage":null} @ webpack-internal:///(app-pages-browser)/./lib/chat-transport.ts:137
[  221508ms] [LOG] [ChatTransport] onmessage triggered, has currentResponseHandler: true @ webpack-internal:///(app-pages-browser)/./lib/chat-transport.ts:41
[  221508ms] [LOG] [ChatTransport] responseHandler called, data: {"type":"delta","content":"最近","error":null,"message_id":"4a7d14a1-196f-4b08-9a60-0fb97d3c0f5d","conversation_id":null,"itinerary":null,"stage":null} @ webpack-internal:///(app-pages-browser)/./lib/chat-transport.ts:137
[  221508ms] [LOG] [ChatTransport] onmessage triggered, has currentResponseHandler: true @ webpack-internal:///(app-pages-browser)/./lib/chat-transport.ts:41
[  221508ms] [LOG] [ChatTransport] responseHandler called, data: {"type":"delta","content":"，","error":null,"message_id":"4a7d14a1-196f-4b08-9a60-0fb97d3c0f5d","conversation_id":null,"itinerary":null,"stage":null} @ webpack-internal:///(app-pages-browser)/./lib/chat-transport.ts:137
[  221538ms] [LOG] [ChatTransport] onmessage triggered, has currentResponseHandler: true @ webpack-internal:///(app-pages-browser)/./lib/chat-transport.ts:41
[  221538ms] [LOG] [ChatTransport] responseHandler called, data: {"type":"delta","content":"交通","error":null,"message_id":"4a7d14a1-196f-4b08-9a60-0fb97d3c0f5d","conversation_id":null,"itinerary":null,"stage":null} @ webpack-internal:///(app-pages-browser)/./lib/chat-transport.ts:137
[  221539ms] [LOG] [ChatTransport] onmessage triggered, has currentResponseHandler: true @ webpack-internal:///(app-pages-browser)/./lib/chat-transport.ts:41
[  221539ms] [LOG] [ChatTransport] responseHandler called, data: {"type":"delta","content":"最","error":null,"message_id":"4a7d14a1-196f-4b08-9a60-0fb97d3c0f5d","conversation_id":null,"itinerary":null,"stage":null} @ webpack-internal:///(app-pages-browser)/./lib/chat-transport.ts:137
[  221596ms] [LOG] [ChatTransport] onmessage triggered, has currentResponseHandler: true @ webpack-internal:///(app-pages-browser)/./lib/chat-transport.ts:41
[  221597ms] [LOG] [ChatTransport] responseHandler called, data: {"type":"delta","content":"便利","error":null,"message_id":"4a7d14a1-196f-4b08-9a60-0fb97d3c0f5d","conversation_id":null,"itinerary":null,"stage":null} @ webpack-internal:///(app-pages-browser)/./lib/chat-transport.ts:137
[  221615ms] [LOG] [ChatTransport] onmessage triggered, has currentResponseHandler: true @ webpack-internal:///(app-pages-browser)/./lib/chat-transport.ts:41
[  221616ms] [LOG] [ChatTransport] responseHandler called, data: {"type":"delta","content":"\n","error":null,"message_id":"4a7d14a1-196f-4b08-9a60-0fb97d3c0f5d","conversation_id":null,"itinerary":null,"stage":null} @ webpack-internal:///(app-pages-browser)/./lib/chat-transport.ts:137
[  221665ms] [LOG] [ChatTransport] onmessage triggered, has currentResponseHandler: true @ webpack-internal:///(app-pages-browser)/./lib/chat-transport.ts:41
[  221665ms] [LOG] [ChatTransport] responseHandler called, data: {"type":"delta","content":"-","error":null,"message_id":"4a7d14a1-196f-4b08-9a60-0fb97d3c0f5d","conversation_id":null,"itinerary":null,"stage":null} @ webpack-internal:///(app-pages-browser)/./lib/chat-transport.ts:137
[  221692ms] [LOG] [ChatTransport] onmessage triggered, has currentResponseHandler: true @ webpack-internal:///(app-pages-browser)/./lib/chat-transport.ts:41
[  221693ms] [LOG] [ChatTransport] responseHandler called, data: {"type":"delta","content":" **","error":null,"message_id":"4a7d14a1-196f-4b08-9a60-0fb97d3c0f5d","conversation_id":null,"itinerary":null,"stage":null} @ webpack-internal:///(app-pages-browser)/./lib/chat-transport.ts:137
[  221773ms] [LOG] [ChatTransport] onmessage triggered, has currentResponseHandler: true @ webpack-internal:///(app-pages-browser)/./lib/chat-transport.ts:41
[  221774ms] [LOG] [ChatTransport] responseHandler called, data: {"type":"delta","content":"地址","error":null,"message_id":"4a7d14a1-196f-4b08-9a60-0fb97d3c0f5d","conversation_id":null,"itinerary":null,"stage":null} @ webpack-internal:///(app-pages-browser)/./lib/chat-transport.ts:137
[  221795ms] [LOG] [ChatTransport] onmessage triggered, has currentResponseHandler: true @ webpack-internal:///(app-pages-browser)/./lib/chat-transport.ts:41
[  221796ms] [LOG] [ChatTransport] responseHandler called, data: {"type":"delta","content":"**","error":null,"message_id":"4a7d14a1-196f-4b08-9a60-0fb97d3c0f5d","conversation_id":null,"itinerary":null,"stage":null} @ webpack-internal:///(app-pages-browser)/./lib/chat-transport.ts:137
[  221853ms] [LOG] [ChatTransport] onmessage triggered, has currentResponseHandler: true @ webpack-internal:///(app-pages-browser)/./lib/chat-transport.ts:41
[  221853ms] [LOG] [ChatTransport] responseHandler called, data: {"type":"delta","content":"：","error":null,"message_id":"4a7d14a1-196f-4b08-9a60-0fb97d3c0f5d","conversation_id":null,"itinerary":null,"stage":null} @ webpack-internal:///(app-pages-browser)/./lib/chat-transport.ts:137
[  221853ms] [LOG] [ChatTransport] onmessage triggered, has currentResponseHandler: true @ webpack-internal:///(app-pages-browser)/./lib/chat-transport.ts:41
[  221853ms] [LOG] [ChatTransport] responseHandler called, data: {"type":"delta","content":"横","error":null,"message_id":"4a7d14a1-196f-4b08-9a60-0fb97d3c0f5d","conversation_id":null,"itinerary":null,"stage":null} @ webpack-internal:///(app-pages-browser)/./lib/chat-transport.ts:137
[  221870ms] [LOG] [ChatTransport] onmessage triggered, has currentResponseHandler: true @ webpack-internal:///(app-pages-browser)/./lib/chat-transport.ts:41
[  221871ms] [LOG] [ChatTransport] responseHandler called, data: {"type":"delta","content":"沥","error":null,"message_id":"4a7d14a1-196f-4b08-9a60-0fb97d3c0f5d","conversation_id":null,"itinerary":null,"stage":null} @ webpack-internal:///(app-pages-browser)/./lib/chat-transport.ts:137
[  221898ms] [LOG] [ChatTransport] onmessage triggered, has currentResponseHandler: true @ webpack-internal:///(app-pages-browser)/./lib/chat-transport.ts:41
[  221899ms] [LOG] [ChatTransport] responseHandler called, data: {"type":"delta","content":"路","error":null,"message_id":"4a7d14a1-196f-4b08-9a60-0fb97d3c0f5d","conversation_id":null,"itinerary":null,"stage":null} @ webpack-internal:///(app-pages-browser)/./lib/chat-transport.ts:137
[  221924ms] [LOG] [ChatTransport] onmessage triggered, has currentResponseHandler: true @ webpack-internal:///(app-pages-browser)/./lib/chat-transport.ts:41
[  221924ms] [LOG] [ChatTransport] responseHandler called, data: {"type":"delta","content":"108","error":null,"message_id":"4a7d14a1-196f-4b08-9a60-0fb97d3c0f5d","conversation_id":null,"itinerary":null,"stage":null} @ webpack-internal:///(app-pages-browser)/./lib/chat-transport.ts:137
[  221943ms] [LOG] [ChatTransport] onmessage triggered, has currentResponseHandler: true @ webpack-internal:///(app-pages-browser)/./lib/chat-transport.ts:41
[  221943ms] [LOG] [ChatTransport] responseHandler called, data: {"type":"delta","content":"号","error":null,"message_id":"4a7d14a1-196f-4b08-9a60-0fb97d3c0f5d","conversation_id":null,"itinerary":null,"stage":null} @ webpack-internal:///(app-pages-browser)/./lib/chat-transport.ts:137
[  221979ms] [LOG] [ChatTransport] onmessage triggered, has currentResponseHandler: true @ webpack-internal:///(app-pages-browser)/./lib/chat-transport.ts:41
[  221980ms] [LOG] [ChatTransport] responseHandler called, data: {"type":"delta","content":"\n","error":null,"message_id":"4a7d14a1-196f-4b08-9a60-0fb97d3c0f5d","conversation_id":null,"itinerary":null,"stage":null} @ webpack-internal:///(app-pages-browser)/./lib/chat-transport.ts:137
[  221980ms] [LOG] [ChatTransport] onmessage triggered, has currentResponseHandler: true @ webpack-internal:///(app-pages-browser)/./lib/chat-transport.ts:41
[  221980ms] [LOG] [ChatTransport] responseHandler called, data: {"type":"delta","content":"-","error":null,"message_id":"4a7d14a1-196f-4b08-9a60-0fb97d3c0f5d","conversation_id":null,"itinerary":null,"stage":null} @ webpack-internal:///(app-pages-browser)/./lib/chat-transport.ts:137
[  222023ms] [LOG] [ChatTransport] onmessage triggered, has currentResponseHandler: true @ webpack-internal:///(app-pages-browser)/./lib/chat-transport.ts:41
[  222023ms] [LOG] [ChatTransport] responseHandler called, data: {"type":"delta","content":" **","error":null,"message_id":"4a7d14a1-196f-4b08-9a60-0fb97d3c0f5d","conversation_id":null,"itinerary":null,"stage":null} @ webpack-internal:///(app-pages-browser)/./lib/chat-transport.ts:137
[  222023ms] [LOG] [ChatTransport] onmessage triggered, has currentResponseHandler: true @ webpack-internal:///(app-pages-browser)/./lib/chat-transport.ts:41
[  222023ms] [LOG] [ChatTransport] responseHandler called, data: {"type":"delta","content":"亮点","error":null,"message_id":"4a7d14a1-196f-4b08-9a60-0fb97d3c0f5d","conversation_id":null,"itinerary":null,"stage":null} @ webpack-internal:///(app-pages-browser)/./lib/chat-transport.ts:137
[  222087ms] [LOG] [ChatTransport] onmessage triggered, has currentResponseHandler: true @ webpack-internal:///(app-pages-browser)/./lib/chat-transport.ts:41
[  222088ms] [LOG] [ChatTransport] responseHandler called, data: {"type":"delta","content":"**","error":null,"message_id":"4a7d14a1-196f-4b08-9a60-0fb97d3c0f5d","conversation_id":null,"itinerary":null,"stage":null} @ webpack-internal:///(app-pages-browser)/./lib/chat-transport.ts:137
[  222088ms] [LOG] [ChatTransport] onmessage triggered, has currentResponseHandler: true @ webpack-internal:///(app-pages-browser)/./lib/chat-transport.ts:41
[  222088ms] [LOG] [ChatTransport] responseHandler called, data: {"type":"delta","content":"：","error":null,"message_id":"4a7d14a1-196f-4b08-9a60-0fb97d3c0f5d","conversation_id":null,"itinerary":null,"stage":null} @ webpack-internal:///(app-pages-browser)/./lib/chat-transport.ts:137
[  222154ms] [LOG] [ChatTransport] onmessage triggered, has currentResponseHandler: true @ webpack-internal:///(app-pages-browser)/./lib/chat-transport.ts:41
[  222154ms] [LOG] [ChatTransport] responseHandler called, data: {"type":"delta","content":"古","error":null,"message_id":"4a7d14a1-196f-4b08-9a60-0fb97d3c0f5d","conversation_id":null,"itinerary":null,"stage":null} @ webpack-internal:///(app-pages-browser)/./lib/chat-transport.ts:137
[  222212ms] [LOG] [ChatTransport] onmessage triggered, has currentResponseHandler: true @ webpack-internal:///(app-pages-browser)/./lib/chat-transport.ts:41
[  222212ms] [LOG] [ChatTransport] responseHandler called, data: {"type":"delta","content":"色","error":null,"message_id":"4a7d14a1-196f-4b08-9a60-0fb97d3c0f5d","conversation_id":null,"itinerary":null,"stage":null} @ webpack-internal:///(app-pages-browser)/./lib/chat-transport.ts:137
[  222233ms] [LOG] [ChatTransport] onmessage triggered, has currentResponseHandler: true @ webpack-internal:///(app-pages-browser)/./lib/chat-transport.ts:41
[  222233ms] [LOG] [ChatTransport] responseHandler called, data: {"type":"delta","content":"古","error":null,"message_id":"4a7d14a1-196f-4b08-9a60-0fb97d3c0f5d","conversation_id":null,"itinerary":null,"stage":null} @ webpack-internal:///(app-pages-browser)/./lib/chat-transport.ts:137
[  222385ms] [LOG] [ChatTransport] onmessage triggered, has currentResponseHandler: true @ webpack-internal:///(app-pages-browser)/./lib/chat-transport.ts:41
[  222386ms] [LOG] [ChatTransport] responseHandler called, data: {"type":"delta","content":"香的","error":null,"message_id":"4a7d14a1-196f-4b08-9a60-0fb97d3c0f5d","conversation_id":null,"itinerary":null,"stage":null} @ webpack-internal:///(app-pages-browser)/./lib/chat-transport.ts:137
[  222386ms] [LOG] [ChatTransport] onmessage triggered, has currentResponseHandler: true @ webpack-internal:///(app-pages-browser)/./lib/chat-transport.ts:41
[  222386ms] [LOG] [ChatTransport] responseHandler called, data: {"type":"delta","content":"街道","error":null,"message_id":"4a7d14a1-196f-4b08-9a60-0fb97d3c0f5d","conversation_id":null,"itinerary":null,"stage":null} @ webpack-internal:///(app-pages-browser)/./lib/chat-transport.ts:137
[  222414ms] [LOG] [ChatTransport] onmessage triggered, has currentResponseHandler: true @ webpack-internal:///(app-pages-browser)/./lib/chat-transport.ts:41
[  222414ms] [LOG] [ChatTransport] responseHandler called, data: {"type":"delta","content":"、","error":null,"message_id":"4a7d14a1-196f-4b08-9a60-0fb97d3c0f5d","conversation_id":null,"itinerary":null,"stage":null} @ webpack-internal:///(app-pages-browser)/./lib/chat-transport.ts:137
[  222414ms] [LOG] [ChatTransport] onmessage triggered, has currentResponseHandler: true @ webpack-internal:///(app-pages-browser)/./lib/chat-transport.ts:41
[  222415ms] [LOG] [ChatTransport] responseHandler called, data: {"type":"delta","content":"各种","error":null,"message_id":"4a7d14a1-196f-4b08-9a60-0fb97d3c0f5d","conversation_id":null,"itinerary":null,"stage":null} @ webpack-internal:///(app-pages-browser)/./lib/chat-transport.ts:137
[  222444ms] [LOG] [ChatTransport] onmessage triggered, has currentResponseHandler: true @ webpack-internal:///(app-pages-browser)/./lib/chat-transport.ts:41
[  222444ms] [LOG] [ChatTransport] responseHandler called, data: {"type":"delta","content":"小吃","error":null,"message_id":"4a7d14a1-196f-4b08-9a60-0fb97d3c0f5d","conversation_id":null,"itinerary":null,"stage":null} @ webpack-internal:///(app-pages-browser)/./lib/chat-transport.ts:137
[  222467ms] [LOG] [ChatTransport] onmessage triggered, has currentResponseHandler: true @ webpack-internal:///(app-pages-browser)/./lib/chat-transport.ts:41
[  222467ms] [LOG] [ChatTransport] responseHandler called, data: {"type":"delta","content":"（","error":null,"message_id":"4a7d14a1-196f-4b08-9a60-0fb97d3c0f5d","conversation_id":null,"itinerary":null,"stage":null} @ webpack-internal:///(app-pages-browser)/./lib/chat-transport.ts:137
[  222529ms] [LOG] [ChatTransport] onmessage triggered, has currentResponseHandler: true @ webpack-internal:///(app-pages-browser)/./lib/chat-transport.ts:41
[  222529ms] [LOG] [ChatTransport] responseHandler called, data: {"type":"delta","content":"七","error":null,"message_id":"4a7d14a1-196f-4b08-9a60-0fb97d3c0f5d","conversation_id":null,"itinerary":null,"stage":null} @ webpack-internal:///(app-pages-browser)/./lib/chat-transport.ts:137
[  222530ms] [LOG] [ChatTransport] onmessage triggered, has currentResponseHandler: true @ webpack-internal:///(app-pages-browser)/./lib/chat-transport.ts:41
[  222530ms] [LOG] [ChatTransport] responseHandler called, data: {"type":"delta","content":"宝","error":null,"message_id":"4a7d14a1-196f-4b08-9a60-0fb97d3c0f5d","conversation_id":null,"itinerary":null,"stage":null} @ webpack-internal:///(app-pages-browser)/./lib/chat-transport.ts:137
[  222578ms] [LOG] [ChatTransport] onmessage triggered, has currentResponseHandler: true @ webpack-internal:///(app-pages-browser)/./lib/chat-transport.ts:41
[  222579ms] [LOG] [ChatTransport] responseHandler called, data: {"type":"delta","content":"羊肉","error":null,"message_id":"4a7d14a1-196f-4b08-9a60-0fb97d3c0f5d","conversation_id":null,"itinerary":null,"stage":null} @ webpack-internal:///(app-pages-browser)/./lib/chat-transport.ts:137
[  222605ms] [LOG] [ChatTransport] onmessage triggered, has currentResponseHandler: true @ webpack-internal:///(app-pages-browser)/./lib/chat-transport.ts:41
[  222606ms] [LOG] [ChatTransport] responseHandler called, data: {"type":"delta","content":"、","error":null,"message_id":"4a7d14a1-196f-4b08-9a60-0fb97d3c0f5d","conversation_id":null,"itinerary":null,"stage":null} @ webpack-internal:///(app-pages-browser)/./lib/chat-transport.ts:137
[  222659ms] [LOG] [ChatTransport] onmessage triggered, has currentResponseHandler: true @ webpack-internal:///(app-pages-browser)/./lib/chat-transport.ts:41
[  222659ms] [LOG] [ChatTransport] responseHandler called, data: {"type":"delta","content":"汤","error":null,"message_id":"4a7d14a1-196f-4b08-9a60-0fb97d3c0f5d","conversation_id":null,"itinerary":null,"stage":null} @ webpack-internal:///(app-pages-browser)/./lib/chat-transport.ts:137
[  222680ms] [LOG] [ChatTransport] onmessage triggered, has currentResponseHandler: true @ webpack-internal:///(app-pages-browser)/./lib/chat-transport.ts:41
[  222680ms] [LOG] [ChatTransport] responseHandler called, data: {"type":"delta","content":"圆","error":null,"message_id":"4a7d14a1-196f-4b08-9a60-0fb97d3c0f5d","conversation_id":null,"itinerary":null,"stage":null} @ webpack-internal:///(app-pages-browser)/./lib/chat-transport.ts:137
[  222716ms] [LOG] [ChatTransport] onmessage triggered, has currentResponseHandler: true @ webpack-internal:///(app-pages-browser)/./lib/chat-transport.ts:41
[  222716ms] [LOG] [ChatTransport] responseHandler called, data: {"type":"delta","content":"等","error":null,"message_id":"4a7d14a1-196f-4b08-9a60-0fb97d3c0f5d","conversation_id":null,"itinerary":null,"stage":null} @ webpack-internal:///(app-pages-browser)/./lib/chat-transport.ts:137
[  222716ms] [LOG] [ChatTransport] onmessage triggered, has currentResponseHandler: true @ webpack-internal:///(app-pages-browser)/./lib/chat-transport.ts:41
[  222716ms] [LOG] [ChatTransport] responseHandler called, data: {"type":"delta","content":"）\n","error":null,"message_id":"4a7d14a1-196f-4b08-9a60-0fb97d3c0f5d","conversation_id":null,"itinerary":null,"stage":null} @ webpack-internal:///(app-pages-browser)/./lib/chat-transport.ts:137
[  222793ms] [LOG] [ChatTransport] onmessage triggered, has currentResponseHandler: true @ webpack-internal:///(app-pages-browser)/./lib/chat-transport.ts:41
[  222794ms] [LOG] [ChatTransport] responseHandler called, data: {"type":"delta","content":"-","error":null,"message_id":"4a7d14a1-196f-4b08-9a60-0fb97d3c0f5d","conversation_id":null,"itinerary":null,"stage":null} @ webpack-internal:///(app-pages-browser)/./lib/chat-transport.ts:137
[  222814ms] [LOG] [ChatTransport] onmessage triggered, has currentResponseHandler: true @ webpack-internal:///(app-pages-browser)/./lib/chat-transport.ts:41
[  222815ms] [LOG] [ChatTransport] responseHandler called, data: {"type":"delta","content":" **","error":null,"message_id":"4a7d14a1-196f-4b08-9a60-0fb97d3c0f5d","conversation_id":null,"itinerary":null,"stage":null} @ webpack-internal:///(app-pages-browser)/./lib/chat-transport.ts:137
[  222836ms] [LOG] [ChatTransport] onmessage triggered, has currentResponseHandler: true @ webpack-internal:///(app-pages-browser)/./lib/chat-transport.ts:41
[  222836ms] [LOG] [ChatTransport] responseHandler called, data: {"type":"delta","content":"适合","error":null,"message_id":"4a7d14a1-196f-4b08-9a60-0fb97d3c0f5d","conversation_id":null,"itinerary":null,"stage":null} @ webpack-internal:///(app-pages-browser)/./lib/chat-transport.ts:137
[  222837ms] [LOG] [ChatTransport] onmessage triggered, has currentResponseHandler: true @ webpack-internal:///(app-pages-browser)/./lib/chat-transport.ts:41
[  222837ms] [LOG] [ChatTransport] responseHandler called, data: {"type":"delta","content":"**","error":null,"message_id":"4a7d14a1-196f-4b08-9a60-0fb97d3c0f5d","conversation_id":null,"itinerary":null,"stage":null} @ webpack-internal:///(app-pages-browser)/./lib/chat-transport.ts:137
[  222903ms] [LOG] [ChatTransport] onmessage triggered, has currentResponseHandler: true @ webpack-internal:///(app-pages-browser)/./lib/chat-transport.ts:41
[  222903ms] [LOG] [ChatTransport] responseHandler called, data: {"type":"delta","content":"：","error":null,"message_id":"4a7d14a1-196f-4b08-9a60-0fb97d3c0f5d","conversation_id":null,"itinerary":null,"stage":null} @ webpack-internal:///(app-pages-browser)/./lib/chat-transport.ts:137
[  222904ms] [LOG] [ChatTransport] onmessage triggered, has currentResponseHandler: true @ webpack-internal:///(app-pages-browser)/./lib/chat-transport.ts:41
[  222904ms] [LOG] [ChatTransport] responseHandler called, data: {"type":"delta","content":"时间","error":null,"message_id":"4a7d14a1-196f-4b08-9a60-0fb97d3c0f5d","conversation_id":null,"itinerary":null,"stage":null} @ webpack-internal:///(app-pages-browser)/./lib/chat-transport.ts:137
[  222962ms] [LOG] [ChatTransport] onmessage triggered, has currentResponseHandler: true @ webpack-internal:///(app-pages-browser)/./lib/chat-transport.ts:41
[  222963ms] [LOG] [ChatTransport] responseHandler called, data: {"type":"delta","content":"有限","error":null,"message_id":"4a7d14a1-196f-4b08-9a60-0fb97d3c0f5d","conversation_id":null,"itinerary":null,"stage":null} @ webpack-internal:///(app-pages-browser)/./lib/chat-transport.ts:137
[  222979ms] [LOG] [ChatTransport] onmessage triggered, has currentResponseHandler: true @ webpack-internal:///(app-pages-browser)/./lib/chat-transport.ts:41
[  222980ms] [LOG] [ChatTransport] responseHandler called, data: {"type":"delta","content":"，","error":null,"message_id":"4a7d14a1-196f-4b08-9a60-0fb97d3c0f5d","conversation_id":null,"itinerary":null,"stage":null} @ webpack-internal:///(app-pages-browser)/./lib/chat-transport.ts:137
[  223213ms] [LOG] [ChatTransport] onmessage triggered, has currentResponseHandler: true @ webpack-internal:///(app-pages-browser)/./lib/chat-transport.ts:41
[  223213ms] [LOG] [ChatTransport] responseHandler called, data: {"type":"delta","content":"想","error":null,"message_id":"4a7d14a1-196f-4b08-9a60-0fb97d3c0f5d","conversation_id":null,"itinerary":null,"stage":null} @ webpack-internal:///(app-pages-browser)/./lib/chat-transport.ts:137
[  223232ms] [LOG] [ChatTransport] onmessage triggered, has currentResponseHandler: true @ webpack-internal:///(app-pages-browser)/./lib/chat-transport.ts:41
[  223233ms] [LOG] [ChatTransport] responseHandler called, data: {"type":"delta","content":"体验","error":null,"message_id":"4a7d14a1-196f-4b08-9a60-0fb97d3c0f5d","conversation_id":null,"itinerary":null,"stage":null} @ webpack-internal:///(app-pages-browser)/./lib/chat-transport.ts:137
[  223250ms] [LOG] [ChatTransport] onmessage triggered, has currentResponseHandler: true @ webpack-internal:///(app-pages-browser)/./lib/chat-transport.ts:41
[  223250ms] [LOG] [ChatTransport] responseHandler called, data: {"type":"delta","content":"古镇","error":null,"message_id":"4a7d14a1-196f-4b08-9a60-0fb97d3c0f5d","conversation_id":null,"itinerary":null,"stage":null} @ webpack-internal:///(app-pages-browser)/./lib/chat-transport.ts:137
[  223251ms] [LOG] [ChatTransport] onmessage triggered, has currentResponseHandler: true @ webpack-internal:///(app-pages-browser)/./lib/chat-transport.ts:41
[  223251ms] [LOG] [ChatTransport] responseHandler called, data: {"type":"delta","content":"风情","error":null,"message_id":"4a7d14a1-196f-4b08-9a60-0fb97d3c0f5d","conversation_id":null,"itinerary":null,"stage":null} @ webpack-internal:///(app-pages-browser)/./lib/chat-transport.ts:137
[  223251ms] [LOG] [ChatTransport] onmessage triggered, has currentResponseHandler: true @ webpack-internal:///(app-pages-browser)/./lib/chat-transport.ts:41
[  223251ms] [LOG] [ChatTransport] responseHandler called, data: {"type":"delta","content":"又","error":null,"message_id":"4a7d14a1-196f-4b08-9a60-0fb97d3c0f5d","conversation_id":null,"itinerary":null,"stage":null} @ webpack-internal:///(app-pages-browser)/./lib/chat-transport.ts:137
[  223252ms] [LOG] [ChatTransport] onmessage triggered, has currentResponseHandler: true @ webpack-internal:///(app-pages-browser)/./lib/chat-transport.ts:41
[  223252ms] [LOG] [ChatTransport] responseHandler called, data: {"type":"delta","content":"不想","error":null,"message_id":"4a7d14a1-196f-4b08-9a60-0fb97d3c0f5d","conversation_id":null,"itinerary":null,"stage":null} @ webpack-internal:///(app-pages-browser)/./lib/chat-transport.ts:137
[  223291ms] [LOG] [ChatTransport] onmessage triggered, has currentResponseHandler: true @ webpack-internal:///(app-pages-browser)/./lib/chat-transport.ts:41
[  223291ms] [LOG] [ChatTransport] responseHandler called, data: {"type":"delta","content":"走","error":null,"message_id":"4a7d14a1-196f-4b08-9a60-0fb97d3c0f5d","conversation_id":null,"itinerary":null,"stage":null} @ webpack-internal:///(app-pages-browser)/./lib/chat-transport.ts:137
[  223311ms] [LOG] [ChatTransport] onmessage triggered, has currentResponseHandler: true @ webpack-internal:///(app-pages-browser)/./lib/chat-transport.ts:41
[  223311ms] [LOG] [ChatTransport] responseHandler called, data: {"type":"delta","content":"太","error":null,"message_id":"4a7d14a1-196f-4b08-9a60-0fb97d3c0f5d","conversation_id":null,"itinerary":null,"stage":null} @ webpack-internal:///(app-pages-browser)/./lib/chat-transport.ts:137
[  223335ms] [LOG] [ChatTransport] onmessage triggered, has currentResponseHandler: true @ webpack-internal:///(app-pages-browser)/./lib/chat-transport.ts:41
[  223335ms] [LOG] [ChatTransport] responseHandler called, data: {"type":"delta","content":"远","error":null,"message_id":"4a7d14a1-196f-4b08-9a60-0fb97d3c0f5d","conversation_id":null,"itinerary":null,"stage":null} @ webpack-internal:///(app-pages-browser)/./lib/chat-transport.ts:137
[  223371ms] [LOG] [ChatTransport] onmessage triggered, has currentResponseHandler: true @ webpack-internal:///(app-pages-browser)/./lib/chat-transport.ts:41
[  223371ms] [LOG] [ChatTransport] responseHandler called, data: {"type":"delta","content":"\n\n","error":null,"message_id":"4a7d14a1-196f-4b08-9a60-0fb97d3c0f5d","conversation_id":null,"itinerary":null,"stage":null} @ webpack-internal:///(app-pages-browser)/./lib/chat-transport.ts:137
[  223371ms] [LOG] [ChatTransport] onmessage triggered, has currentResponseHandler: true @ webpack-internal:///(app-pages-browser)/./lib/chat-transport.ts:41
[  223371ms] [LOG] [ChatTransport] responseHandler called, data: {"type":"delta","content":"###","error":null,"message_id":"4a7d14a1-196f-4b08-9a60-0fb97d3c0f5d","conversation_id":null,"itinerary":null,"stage":null} @ webpack-internal:///(app-pages-browser)/./lib/chat-transport.ts:137
[  223495ms] [LOG] [ChatTransport] onmessage triggered, has currentResponseHandler: true @ webpack-internal:///(app-pages-browser)/./lib/chat-transport.ts:41
[  223495ms] [LOG] [ChatTransport] responseHandler called, data: {"type":"delta","content":" ","error":null,"message_id":"4a7d14a1-196f-4b08-9a60-0fb97d3c0f5d","conversation_id":null,"itinerary":null,"stage":null} @ webpack-internal:///(app-pages-browser)/./lib/chat-transport.ts:137
[  223495ms] [LOG] [ChatTransport] onmessage triggered, has currentResponseHandler: true @ webpack-internal:///(app-pages-browser)/./lib/chat-transport.ts:41
[  223495ms] [LOG] [ChatTransport] responseHandler called, data: {"type":"delta","content":"3","error":null,"message_id":"4a7d14a1-196f-4b08-9a60-0fb97d3c0f5d","conversation_id":null,"itinerary":null,"stage":null} @ webpack-internal:///(app-pages-browser)/./lib/chat-transport.ts:137
[  223534ms] [LOG] [ChatTransport] onmessage triggered, has currentResponseHandler: true @ webpack-internal:///(app-pages-browser)/./lib/chat-transport.ts:41
[  223535ms] [LOG] [ChatTransport] responseHandler called, data: {"type":"delta","content":".","error":null,"message_id":"4a7d14a1-196f-4b08-9a60-0fb97d3c0f5d","conversation_id":null,"itinerary":null,"stage":null} @ webpack-internal:///(app-pages-browser)/./lib/chat-transport.ts:137
[  223548ms] [LOG] [ChatTransport] onmessage triggered, has currentResponseHandler: true @ webpack-internal:///(app-pages-browser)/./lib/chat-transport.ts:41
[  223548ms] [LOG] [ChatTransport] responseHandler called, data: {"type":"delta","content":" **","error":null,"message_id":"4a7d14a1-196f-4b08-9a60-0fb97d3c0f5d","conversation_id":null,"itinerary":null,"stage":null} @ webpack-internal:///(app-pages-browser)/./lib/chat-transport.ts:137
[  223567ms] [LOG] [ChatTransport] onmessage triggered, has currentResponseHandler: true @ webpack-internal:///(app-pages-browser)/./lib/chat-transport.ts:41
[  223568ms] [LOG] [ChatTransport] responseHandler called, data: {"type":"delta","content":"南","error":null,"message_id":"4a7d14a1-196f-4b08-9a60-0fb97d3c0f5d","conversation_id":null,"itinerary":null,"stage":null} @ webpack-internal:///(app-pages-browser)/./lib/chat-transport.ts:137
[  223624ms] [LOG] [ChatTransport] onmessage triggered, has currentResponseHandler: true @ webpack-internal:///(app-pages-browser)/./lib/chat-transport.ts:41
[  223625ms] [LOG] [ChatTransport] responseHandler called, data: {"type":"delta","content":"翔","error":null,"message_id":"4a7d14a1-196f-4b08-9a60-0fb97d3c0f5d","conversation_id":null,"itinerary":null,"stage":null} @ webpack-internal:///(app-pages-browser)/./lib/chat-transport.ts:137
[  223645ms] [LOG] [ChatTransport] onmessage triggered, has currentResponseHandler: true @ webpack-internal:///(app-pages-browser)/./lib/chat-transport.ts:41
[  223646ms] [LOG] [ChatTransport] responseHandler called, data: {"type":"delta","content":"古镇","error":null,"message_id":"4a7d14a1-196f-4b08-9a60-0fb97d3c0f5d","conversation_id":null,"itinerary":null,"stage":null} @ webpack-internal:///(app-pages-browser)/./lib/chat-transport.ts:137
[  223678ms] [LOG] [ChatTransport] onmessage triggered, has currentResponseHandler: true @ webpack-internal:///(app-pages-browser)/./lib/chat-transport.ts:41
[  223678ms] [LOG] [ChatTransport] responseHandler called, data: {"type":"delta","content":"**\n","error":null,"message_id":"4a7d14a1-196f-4b08-9a60-0fb97d3c0f5d","conversation_id":null,"itinerary":null,"stage":null} @ webpack-internal:///(app-pages-browser)/./lib/chat-transport.ts:137
[  223679ms] [LOG] [ChatTransport] onmessage triggered, has currentResponseHandler: true @ webpack-internal:///(app-pages-browser)/./lib/chat-transport.ts:41
[  223679ms] [LOG] [ChatTransport] responseHandler called, data: {"type":"delta","content":"-","error":null,"message_id":"4a7d14a1-196f-4b08-9a60-0fb97d3c0f5d","conversation_id":null,"itinerary":null,"stage":null} @ webpack-internal:///(app-pages-browser)/./lib/chat-transport.ts:137
[  223756ms] [LOG] [ChatTransport] onmessage triggered, has currentResponseHandler: true @ webpack-internal:///(app-pages-browser)/./lib/chat-transport.ts:41
[  223756ms] [LOG] [ChatTransport] responseHandler called, data: {"type":"delta","content":" **","error":null,"message_id":"4a7d14a1-196f-4b08-9a60-0fb97d3c0f5d","conversation_id":null,"itinerary":null,"stage":null} @ webpack-internal:///(app-pages-browser)/./lib/chat-transport.ts:137
[  223771ms] [LOG] [ChatTransport] onmessage triggered, has currentResponseHandler: true @ webpack-internal:///(app-pages-browser)/./lib/chat-transport.ts:41
[  223771ms] [LOG] [ChatTransport] responseHandler called, data: {"type":"delta","content":"特色","error":null,"message_id":"4a7d14a1-196f-4b08-9a60-0fb97d3c0f5d","conversation_id":null,"itinerary":null,"stage":null} @ webpack-internal:///(app-pages-browser)/./lib/chat-transport.ts:137
[  223811ms] [LOG] [ChatTransport] onmessage triggered, has currentResponseHandler: true @ webpack-internal:///(app-pages-browser)/./lib/chat-transport.ts:41
[  223811ms] [LOG] [ChatTransport] responseHandler called, data: {"type":"delta","content":"**","error":null,"message_id":"4a7d14a1-196f-4b08-9a60-0fb97d3c0f5d","conversation_id":null,"itinerary":null,"stage":null} @ webpack-internal:///(app-pages-browser)/./lib/chat-transport.ts:137
[  223823ms] [LOG] [ChatTransport] onmessage triggered, has currentResponseHandler: true @ webpack-internal:///(app-pages-browser)/./lib/chat-transport.ts:41
[  223824ms] [LOG] [ChatTransport] responseHandler called, data: {"type":"delta","content":"：","error":null,"message_id":"4a7d14a1-196f-4b08-9a60-0fb97d3c0f5d","conversation_id":null,"itinerary":null,"stage":null} @ webpack-internal:///(app-pages-browser)/./lib/chat-transport.ts:137
[  223858ms] [LOG] [ChatTransport] onmessage triggered, has currentResponseHandler: true @ webpack-internal:///(app-pages-browser)/./lib/chat-transport.ts:41
[  223858ms] [LOG] [ChatTransport] responseHandler called, data: {"type":"delta","content":"以","error":null,"message_id":"4a7d14a1-196f-4b08-9a60-0fb97d3c0f5d","conversation_id":null,"itinerary":null,"stage":null} @ webpack-internal:///(app-pages-browser)/./lib/chat-transport.ts:137
[  223869ms] [LOG] [ChatTransport] onmessage triggered, has currentResponseHandler: true @ webpack-internal:///(app-pages-browser)/./lib/chat-transport.ts:41
[  223870ms] [LOG] [ChatTransport] responseHandler called, data: {"type":"delta","content":"“","error":null,"message_id":"4a7d14a1-196f-4b08-9a60-0fb97d3c0f5d","conversation_id":null,"itinerary":null,"stage":null} @ webpack-internal:///(app-pages-browser)/./lib/chat-transport.ts:137
[  223925ms] [LOG] [ChatTransport] onmessage triggered, has currentResponseHandler: true @ webpack-internal:///(app-pages-browser)/./lib/chat-transport.ts:41
[  223925ms] [LOG] [ChatTransport] responseHandler called, data: {"type":"delta","content":"南","error":null,"message_id":"4a7d14a1-196f-4b08-9a60-0fb97d3c0f5d","conversation_id":null,"itinerary":null,"stage":null} @ webpack-internal:///(app-pages-browser)/./lib/chat-transport.ts:137
[  223926ms] [LOG] [ChatTransport] onmessage triggered, has currentResponseHandler: true @ webpack-internal:///(app-pages-browser)/./lib/chat-transport.ts:41
[  223926ms] [LOG] [ChatTransport] responseHandler called, data: {"type":"delta","content":"翔","error":null,"message_id":"4a7d14a1-196f-4b08-9a60-0fb97d3c0f5d","conversation_id":null,"itinerary":null,"stage":null} @ webpack-internal:///(app-pages-browser)/./lib/chat-transport.ts:137
[  224001ms] [LOG] [ChatTransport] onmessage triggered, has currentResponseHandler: true @ webpack-internal:///(app-pages-browser)/./lib/chat-transport.ts:41
[  224002ms] [LOG] [ChatTransport] responseHandler called, data: {"type":"delta","content":"小","error":null,"message_id":"4a7d14a1-196f-4b08-9a60-0fb97d3c0f5d","conversation_id":null,"itinerary":null,"stage":null} @ webpack-internal:///(app-pages-browser)/./lib/chat-transport.ts:137
[  224021ms] [LOG] [ChatTransport] onmessage triggered, has currentResponseHandler: true @ webpack-internal:///(app-pages-browser)/./lib/chat-transport.ts:41
[  224021ms] [LOG] [ChatTransport] responseHandler called, data: {"type":"delta","content":"笼","error":null,"message_id":"4a7d14a1-196f-4b08-9a60-0fb97d3c0f5d","conversation_id":null,"itinerary":null,"stage":null} @ webpack-internal:///(app-pages-browser)/./lib/chat-transport.ts:137
[  224049ms] [LOG] [ChatTransport] onmessage triggered, has currentResponseHandler: true @ webpack-internal:///(app-pages-browser)/./lib/chat-transport.ts:41
[  224049ms] [LOG] [ChatTransport] responseHandler called, data: {"type":"delta","content":"包","error":null,"message_id":"4a7d14a1-196f-4b08-9a60-0fb97d3c0f5d","conversation_id":null,"itinerary":null,"stage":null} @ webpack-internal:///(app-pages-browser)/./lib/chat-transport.ts:137
[  224054ms] [LOG] [ChatTransport] onmessage triggered, has currentResponseHandler: true @ webpack-internal:///(app-pages-browser)/./lib/chat-transport.ts:41
[  224054ms] [LOG] [ChatTransport] responseHandler called, data: {"type":"delta","content":"”","error":null,"message_id":"4a7d14a1-196f-4b08-9a60-0fb97d3c0f5d","conversation_id":null,"itinerary":null,"stage":null} @ webpack-internal:///(app-pages-browser)/./lib/chat-transport.ts:137
[  224130ms] [LOG] [ChatTransport] onmessage triggered, has currentResponseHandler: true @ webpack-internal:///(app-pages-browser)/./lib/chat-transport.ts:41
[  224130ms] [LOG] [ChatTransport] responseHandler called, data: {"type":"delta","content":"闻名","error":null,"message_id":"4a7d14a1-196f-4b08-9a60-0fb97d3c0f5d","conversation_id":null,"itinerary":null,"stage":null} @ webpack-internal:///(app-pages-browser)/./lib/chat-transport.ts:137
[  224134ms] [LOG] [ChatTransport] onmessage triggered, has currentResponseHandler: true @ webpack-internal:///(app-pages-browser)/./lib/chat-transport.ts:41
[  224135ms] [LOG] [ChatTransport] responseHandler called, data: {"type":"delta","content":"\n","error":null,"message_id":"4a7d14a1-196f-4b08-9a60-0fb97d3c0f5d","conversation_id":null,"itinerary":null,"stage":null} @ webpack-internal:///(app-pages-browser)/./lib/chat-transport.ts:137
[  224159ms] [LOG] [ChatTransport] onmessage triggered, has currentResponseHandler: true @ webpack-internal:///(app-pages-browser)/./lib/chat-transport.ts:41
[  224159ms] [LOG] [ChatTransport] responseHandler called, data: {"type":"delta","content":"-","error":null,"message_id":"4a7d14a1-196f-4b08-9a60-0fb97d3c0f5d","conversation_id":null,"itinerary":null,"stage":null} @ webpack-internal:///(app-pages-browser)/./lib/chat-transport.ts:137
[  224162ms] [LOG] [ChatTransport] onmessage triggered, has currentResponseHandler: true @ webpack-internal:///(app-pages-browser)/./lib/chat-transport.ts:41
[  224163ms] [LOG] [ChatTransport] responseHandler called, data: {"type":"delta","content":" **","error":null,"message_id":"4a7d14a1-196f-4b08-9a60-0fb97d3c0f5d","conversation_id":null,"itinerary":null,"stage":null} @ webpack-internal:///(app-pages-browser)/./lib/chat-transport.ts:137
[  224227ms] [LOG] [ChatTransport] onmessage triggered, has currentResponseHandler: true @ webpack-internal:///(app-pages-browser)/./lib/chat-transport.ts:41
[  224227ms] [LOG] [ChatTransport] responseHandler called, data: {"type":"delta","content":"地址","error":null,"message_id":"4a7d14a1-196f-4b08-9a60-0fb97d3c0f5d","conversation_id":null,"itinerary":null,"stage":null} @ webpack-internal:///(app-pages-browser)/./lib/chat-transport.ts:137
[  224227ms] [LOG] [ChatTransport] onmessage triggered, has currentResponseHandler: true @ webpack-internal:///(app-pages-browser)/./lib/chat-transport.ts:41
[  224228ms] [LOG] [ChatTransport] responseHandler called, data: {"type":"delta","content":"**","error":null,"message_id":"4a7d14a1-196f-4b08-9a60-0fb97d3c0f5d","conversation_id":null,"itinerary":null,"stage":null} @ webpack-internal:///(app-pages-browser)/./lib/chat-transport.ts:137
[  224299ms] [LOG] [ChatTransport] onmessage triggered, has currentResponseHandler: true @ webpack-internal:///(app-pages-browser)/./lib/chat-transport.ts:41
[  224299ms] [LOG] [ChatTransport] responseHandler called, data: {"type":"delta","content":"：","error":null,"message_id":"4a7d14a1-196f-4b08-9a60-0fb97d3c0f5d","conversation_id":null,"itinerary":null,"stage":null} @ webpack-internal:///(app-pages-browser)/./lib/chat-transport.ts:137
[  224299ms] [LOG] [ChatTransport] onmessage triggered, has currentResponseHandler: true @ webpack-internal:///(app-pages-browser)/./lib/chat-transport.ts:41
[  224300ms] [LOG] [ChatTransport] responseHandler called, data: {"type":"delta","content":"解放","error":null,"message_id":"4a7d14a1-196f-4b08-9a60-0fb97d3c0f5d","conversation_id":null,"itinerary":null,"stage":null} @ webpack-internal:///(app-pages-browser)/./lib/chat-transport.ts:137
[  224348ms] [LOG] [ChatTransport] onmessage triggered, has currentResponseHandler: true @ webpack-internal:///(app-pages-browser)/./lib/chat-transport.ts:41
[  224348ms] [LOG] [ChatTransport] responseHandler called, data: {"type":"delta","content":"街","error":null,"message_id":"4a7d14a1-196f-4b08-9a60-0fb97d3c0f5d","conversation_id":null,"itinerary":null,"stage":null} @ webpack-internal:///(app-pages-browser)/./lib/chat-transport.ts:137
[  224349ms] [LOG] [ChatTransport] onmessage triggered, has currentResponseHandler: true @ webpack-internal:///(app-pages-browser)/./lib/chat-transport.ts:41
[  224350ms] [LOG] [ChatTransport] responseHandler called, data: {"type":"delta","content":"206","error":null,"message_id":"4a7d14a1-196f-4b08-9a60-0fb97d3c0f5d","conversation_id":null,"itinerary":null,"stage":null} @ webpack-internal:///(app-pages-browser)/./lib/chat-transport.ts:137
[  224398ms] [LOG] [ChatTransport] onmessage triggered, has currentResponseHandler: true @ webpack-internal:///(app-pages-browser)/./lib/chat-transport.ts:41
[  224398ms] [LOG] [ChatTransport] responseHandler called, data: {"type":"delta","content":"号","error":null,"message_id":"4a7d14a1-196f-4b08-9a60-0fb97d3c0f5d","conversation_id":null,"itinerary":null,"stage":null} @ webpack-internal:///(app-pages-browser)/./lib/chat-transport.ts:137
[  224419ms] [LOG] [ChatTransport] onmessage triggered, has currentResponseHandler: true @ webpack-internal:///(app-pages-browser)/./lib/chat-transport.ts:41
[  224419ms] [LOG] [ChatTransport] responseHandler called, data: {"type":"delta","content":"\n","error":null,"message_id":"4a7d14a1-196f-4b08-9a60-0fb97d3c0f5d","conversation_id":null,"itinerary":null,"stage":null} @ webpack-internal:///(app-pages-browser)/./lib/chat-transport.ts:137
[  224537ms] [LOG] [ChatTransport] onmessage triggered, has currentResponseHandler: true @ webpack-internal:///(app-pages-browser)/./lib/chat-transport.ts:41
[  224538ms] [LOG] [ChatTransport] responseHandler called, data: {"type":"delta","content":"-","error":null,"message_id":"4a7d14a1-196f-4b08-9a60-0fb97d3c0f5d","conversation_id":null,"itinerary":null,"stage":null} @ webpack-internal:///(app-pages-browser)/./lib/chat-transport.ts:137
[  224538ms] [LOG] [ChatTransport] onmessage triggered, has currentResponseHandler: true @ webpack-internal:///(app-pages-browser)/./lib/chat-transport.ts:41
[  224538ms] [LOG] [ChatTransport] responseHandler called, data: {"type":"delta","content":" **","error":null,"message_id":"4a7d14a1-196f-4b08-9a60-0fb97d3c0f5d","conversation_id":null,"itinerary":null,"stage":null} @ webpack-internal:///(app-pages-browser)/./lib/chat-transport.ts:137
[  224554ms] [LOG] [ChatTransport] onmessage triggered, has currentResponseHandler: true @ webpack-internal:///(app-pages-browser)/./lib/chat-transport.ts:41
[  224555ms] [LOG] [ChatTransport] responseHandler called, data: {"type":"delta","content":"亮点","error":null,"message_id":"4a7d14a1-196f-4b08-9a60-0fb97d3c0f5d","conversation_id":null,"itinerary":null,"stage":null} @ webpack-internal:///(app-pages-browser)/./lib/chat-transport.ts:137
[  224555ms] [LOG] [ChatTransport] onmessage triggered, has currentResponseHandler: true @ webpack-internal:///(app-pages-browser)/./lib/chat-transport.ts:41
[  224555ms] [LOG] [ChatTransport] responseHandler called, data: {"type":"delta","content":"**","error":null,"message_id":"4a7d14a1-196f-4b08-9a60-0fb97d3c0f5d","conversation_id":null,"itinerary":null,"stage":null} @ webpack-internal:///(app-pages-browser)/./lib/chat-transport.ts:137
[  224576ms] [LOG] [ChatTransport] onmessage triggered, has currentResponseHandler: true @ webpack-internal:///(app-pages-browser)/./lib/chat-transport.ts:41
[  224576ms] [LOG] [ChatTransport] responseHandler called, data: {"type":"delta","content":"：","error":null,"message_id":"4a7d14a1-196f-4b08-9a60-0fb97d3c0f5d","conversation_id":null,"itinerary":null,"stage":null} @ webpack-internal:///(app-pages-browser)/./lib/chat-transport.ts:137
[  224577ms] [LOG] [ChatTransport] onmessage triggered, has currentResponseHandler: true @ webpack-internal:///(app-pages-browser)/./lib/chat-transport.ts:41
[  224577ms] [LOG] [ChatTransport] responseHandler called, data: {"type":"delta","content":"古","error":null,"message_id":"4a7d14a1-196f-4b08-9a60-0fb97d3c0f5d","conversation_id":null,"itinerary":null,"stage":null} @ webpack-internal:///(app-pages-browser)/./lib/chat-transport.ts:137
[  224650ms] [LOG] [ChatTransport] onmessage triggered, has currentResponseHandler: true @ webpack-internal:///(app-pages-browser)/./lib/chat-transport.ts:41
[  224650ms] [LOG] [ChatTransport] responseHandler called, data: {"type":"delta","content":"猗","error":null,"message_id":"4a7d14a1-196f-4b08-9a60-0fb97d3c0f5d","conversation_id":null,"itinerary":null,"stage":null} @ webpack-internal:///(app-pages-browser)/./lib/chat-transport.ts:137
[  224744ms] [LOG] [ChatTransport] onmessage triggered, has currentResponseHandler: true @ webpack-internal:///(app-pages-browser)/./lib/chat-transport.ts:41
[  224745ms] [LOG] [ChatTransport] responseHandler called, data: {"type":"delta","content":"园","error":null,"message_id":"4a7d14a1-196f-4b08-9a60-0fb97d3c0f5d","conversation_id":null,"itinerary":null,"stage":null} @ webpack-internal:///(app-pages-browser)/./lib/chat-transport.ts:137
[  224772ms] [LOG] [ChatTransport] onmessage triggered, has currentResponseHandler: true @ webpack-internal:///(app-pages-browser)/./lib/chat-transport.ts:41
[  224773ms] [LOG] [ChatTransport] responseHandler called, data: {"type":"delta","content":"、","error":null,"message_id":"4a7d14a1-196f-4b08-9a60-0fb97d3c0f5d","conversation_id":null,"itinerary":null,"stage":null} @ webpack-internal:///(app-pages-browser)/./lib/chat-transport.ts:137
[  224797ms] [LOG] [ChatTransport] onmessage triggered, has currentResponseHandler: true @ webpack-internal:///(app-pages-browser)/./lib/chat-transport.ts:41
[  224797ms] [LOG] [ChatTransport] responseHandler called, data: {"type":"delta","content":"云","error":null,"message_id":"4a7d14a1-196f-4b08-9a60-0fb97d3c0f5d","conversation_id":null,"itinerary":null,"stage":null} @ webpack-internal:///(app-pages-browser)/./lib/chat-transport.ts:137
[  224822ms] [LOG] [ChatTransport] onmessage triggered, has currentResponseHandler: true @ webpack-internal:///(app-pages-browser)/./lib/chat-transport.ts:41
[  224822ms] [LOG] [ChatTransport] responseHandler called, data: {"type":"delta","content":"翔","error":null,"message_id":"4a7d14a1-196f-4b08-9a60-0fb97d3c0f5d","conversation_id":null,"itinerary":null,"stage":null} @ webpack-internal:///(app-pages-browser)/./lib/chat-transport.ts:137
[  224837ms] [LOG] [ChatTransport] onmessage triggered, has currentResponseHandler: true @ webpack-internal:///(app-pages-browser)/./lib/chat-transport.ts:41
[  224837ms] [LOG] [ChatTransport] responseHandler called, data: {"type":"delta","content":"寺","error":null,"message_id":"4a7d14a1-196f-4b08-9a60-0fb97d3c0f5d","conversation_id":null,"itinerary":null,"stage":null} @ webpack-internal:///(app-pages-browser)/./lib/chat-transport.ts:137
[  224887ms] [LOG] [ChatTransport] onmessage triggered, has currentResponseHandler: true @ webpack-internal:///(app-pages-browser)/./lib/chat-transport.ts:41
[  224887ms] [LOG] [ChatTransport] responseHandler called, data: {"type":"delta","content":"、","error":null,"message_id":"4a7d14a1-196f-4b08-9a60-0fb97d3c0f5d","conversation_id":null,"itinerary":null,"stage":null} @ webpack-internal:///(app-pages-browser)/./lib/chat-transport.ts:137
[  224912ms] [LOG] [ChatTransport] onmessage triggered, has currentResponseHandler: true @ webpack-internal:///(app-pages-browser)/./lib/chat-transport.ts:41
[  224912ms] [LOG] [ChatTransport] responseHandler called, data: {"type":"delta","content":"正宗","error":null,"message_id":"4a7d14a1-196f-4b08-9a60-0fb97d3c0f5d","conversation_id":null,"itinerary":null,"stage":null} @ webpack-internal:///(app-pages-browser)/./lib/chat-transport.ts:137
[  225031ms] [LOG] [ChatTransport] onmessage triggered, has currentResponseHandler: true @ webpack-internal:///(app-pages-browser)/./lib/chat-transport.ts:41
[  225031ms] [LOG] [ChatTransport] responseHandler called, data: {"type":"delta","content":"小","error":null,"message_id":"4a7d14a1-196f-4b08-9a60-0fb97d3c0f5d","conversation_id":null,"itinerary":null,"stage":null} @ webpack-internal:///(app-pages-browser)/./lib/chat-transport.ts:137
[  225031ms] [LOG] [ChatTransport] onmessage triggered, has currentResponseHandler: true @ webpack-internal:///(app-pages-browser)/./lib/chat-transport.ts:41
[  225031ms] [LOG] [ChatTransport] responseHandler called, data: {"type":"delta","content":"笼","error":null,"message_id":"4a7d14a1-196f-4b08-9a60-0fb97d3c0f5d","conversation_id":null,"itinerary":null,"stage":null} @ webpack-internal:///(app-pages-browser)/./lib/chat-transport.ts:137
[  225057ms] [LOG] [ChatTransport] onmessage triggered, has currentResponseHandler: true @ webpack-internal:///(app-pages-browser)/./lib/chat-transport.ts:41
[  225057ms] [LOG] [ChatTransport] responseHandler called, data: {"type":"delta","content":"包","error":null,"message_id":"4a7d14a1-196f-4b08-9a60-0fb97d3c0f5d","conversation_id":null,"itinerary":null,"stage":null} @ webpack-internal:///(app-pages-browser)/./lib/chat-transport.ts:137
[  225085ms] [LOG] [ChatTransport] onmessage triggered, has currentResponseHandler: true @ webpack-internal:///(app-pages-browser)/./lib/chat-transport.ts:41
[  225085ms] [LOG] [ChatTransport] responseHandler called, data: {"type":"delta","content":"\n","error":null,"message_id":"4a7d14a1-196f-4b08-9a60-0fb97d3c0f5d","conversation_id":null,"itinerary":null,"stage":null} @ webpack-internal:///(app-pages-browser)/./lib/chat-transport.ts:137
[  225106ms] [LOG] [ChatTransport] onmessage triggered, has currentResponseHandler: true @ webpack-internal:///(app-pages-browser)/./lib/chat-transport.ts:41
[  225106ms] [LOG] [ChatTransport] responseHandler called, data: {"type":"delta","content":"-","error":null,"message_id":"4a7d14a1-196f-4b08-9a60-0fb97d3c0f5d","conversation_id":null,"itinerary":null,"stage":null} @ webpack-internal:///(app-pages-browser)/./lib/chat-transport.ts:137
[  225126ms] [LOG] [ChatTransport] onmessage triggered, has currentResponseHandler: true @ webpack-internal:///(app-pages-browser)/./lib/chat-transport.ts:41
[  225126ms] [LOG] [ChatTransport] responseHandler called, data: {"type":"delta","content":" **","error":null,"message_id":"4a7d14a1-196f-4b08-9a60-0fb97d3c0f5d","conversation_id":null,"itinerary":null,"stage":null} @ webpack-internal:///(app-pages-browser)/./lib/chat-transport.ts:137
[  225142ms] [LOG] [ChatTransport] onmessage triggered, has currentResponseHandler: true @ webpack-internal:///(app-pages-browser)/./lib/chat-transport.ts:41
[  225142ms] [LOG] [ChatTransport] responseHandler called, data: {"type":"delta","content":"适合","error":null,"message_id":"4a7d14a1-196f-4b08-9a60-0fb97d3c0f5d","conversation_id":null,"itinerary":null,"stage":null} @ webpack-internal:///(app-pages-browser)/./lib/chat-transport.ts:137
[  225158ms] [LOG] [ChatTransport] onmessage triggered, has currentResponseHandler: true @ webpack-internal:///(app-pages-browser)/./lib/chat-transport.ts:41
[  225158ms] [LOG] [ChatTransport] responseHandler called, data: {"type":"delta","content":"**","error":null,"message_id":"4a7d14a1-196f-4b08-9a60-0fb97d3c0f5d","conversation_id":null,"itinerary":null,"stage":null} @ webpack-internal:///(app-pages-browser)/./lib/chat-transport.ts:137
[  225175ms] [LOG] [ChatTransport] onmessage triggered, has currentResponseHandler: true @ webpack-internal:///(app-pages-browser)/./lib/chat-transport.ts:41
[  225175ms] [LOG] [ChatTransport] responseHandler called, data: {"type":"delta","content":"：","error":null,"message_id":"4a7d14a1-196f-4b08-9a60-0fb97d3c0f5d","conversation_id":null,"itinerary":null,"stage":null} @ webpack-internal:///(app-pages-browser)/./lib/chat-transport.ts:137
[  225176ms] [LOG] [ChatTransport] onmessage triggered, has currentResponseHandler: true @ webpack-internal:///(app-pages-browser)/./lib/chat-transport.ts:41
[  225176ms] [LOG] [ChatTransport] responseHandler called, data: {"type":"delta","content":"美食","error":null,"message_id":"4a7d14a1-196f-4b08-9a60-0fb97d3c0f5d","conversation_id":null,"itinerary":null,"stage":null} @ webpack-internal:///(app-pages-browser)/./lib/chat-transport.ts:137
[  225265ms] [LOG] [ChatTransport] onmessage triggered, has currentResponseHandler: true @ webpack-internal:///(app-pages-browser)/./lib/chat-transport.ts:41
[  225265ms] [LOG] [ChatTransport] responseHandler called, data: {"type":"delta","content":"爱好者","error":null,"message_id":"4a7d14a1-196f-4b08-9a60-0fb97d3c0f5d","conversation_id":null,"itinerary":null,"stage":null} @ webpack-internal:///(app-pages-browser)/./lib/chat-transport.ts:137
[  225266ms] [LOG] [ChatTransport] onmessage triggered, has currentResponseHandler: true @ webpack-internal:///(app-pages-browser)/./lib/chat-transport.ts:41
[  225266ms] [LOG] [ChatTransport] responseHandler called, data: {"type":"delta","content":"，","error":null,"message_id":"4a7d14a1-196f-4b08-9a60-0fb97d3c0f5d","conversation_id":null,"itinerary":null,"stage":null} @ webpack-internal:///(app-pages-browser)/./lib/chat-transport.ts:137
[  225326ms] [LOG] [ChatTransport] onmessage triggered, has currentResponseHandler: true @ webpack-internal:///(app-pages-browser)/./lib/chat-transport.ts:41
[  225326ms] [LOG] [ChatTransport] responseHandler called, data: {"type":"delta","content":"想","error":null,"message_id":"4a7d14a1-196f-4b08-9a60-0fb97d3c0f5d","conversation_id":null,"itinerary":null,"stage":null} @ webpack-internal:///(app-pages-browser)/./lib/chat-transport.ts:137
[  225346ms] [LOG] [ChatTransport] onmessage triggered, has currentResponseHandler: true @ webpack-internal:///(app-pages-browser)/./lib/chat-transport.ts:41
[  225346ms] [LOG] [ChatTransport] responseHandler called, data: {"type":"delta","content":"品尝","error":null,"message_id":"4a7d14a1-196f-4b08-9a60-0fb97d3c0f5d","conversation_id":null,"itinerary":null,"stage":null} @ webpack-internal:///(app-pages-browser)/./lib/chat-transport.ts:137
[  225483ms] [LOG] [ChatTransport] onmessage triggered, has currentResponseHandler: true @ webpack-internal:///(app-pages-browser)/./lib/chat-transport.ts:41
[  225483ms] [LOG] [ChatTransport] responseHandler called, data: {"type":"delta","content":"地道","error":null,"message_id":"4a7d14a1-196f-4b08-9a60-0fb97d3c0f5d","conversation_id":null,"itinerary":null,"stage":null} @ webpack-internal:///(app-pages-browser)/./lib/chat-transport.ts:137
[  225503ms] [LOG] [ChatTransport] onmessage triggered, has currentResponseHandler: true @ webpack-internal:///(app-pages-browser)/./lib/chat-transport.ts:41
[  225503ms] [LOG] [ChatTransport] responseHandler called, data: {"type":"delta","content":"上海","error":null,"message_id":"4a7d14a1-196f-4b08-9a60-0fb97d3c0f5d","conversation_id":null,"itinerary":null,"stage":null} @ webpack-internal:///(app-pages-browser)/./lib/chat-transport.ts:137
[  225522ms] [LOG] [ChatTransport] onmessage triggered, has currentResponseHandler: true @ webpack-internal:///(app-pages-browser)/./lib/chat-transport.ts:41
[  225522ms] [LOG] [ChatTransport] responseHandler called, data: {"type":"delta","content":"小吃","error":null,"message_id":"4a7d14a1-196f-4b08-9a60-0fb97d3c0f5d","conversation_id":null,"itinerary":null,"stage":null} @ webpack-internal:///(app-pages-browser)/./lib/chat-transport.ts:137
[  225523ms] [LOG] [ChatTransport] onmessage triggered, has currentResponseHandler: true @ webpack-internal:///(app-pages-browser)/./lib/chat-transport.ts:41
[  225523ms] [LOG] [ChatTransport] responseHandler called, data: {"type":"delta","content":"\n\n","error":null,"message_id":"4a7d14a1-196f-4b08-9a60-0fb97d3c0f5d","conversation_id":null,"itinerary":null,"stage":null} @ webpack-internal:///(app-pages-browser)/./lib/chat-transport.ts:137
[  225524ms] [LOG] [ChatTransport] onmessage triggered, has currentResponseHandler: true @ webpack-internal:///(app-pages-browser)/./lib/chat-transport.ts:41
[  225524ms] [LOG] [ChatTransport] responseHandler called, data: {"type":"delta","content":"###","error":null,"message_id":"4a7d14a1-196f-4b08-9a60-0fb97d3c0f5d","conversation_id":null,"itinerary":null,"stage":null} @ webpack-internal:///(app-pages-browser)/./lib/chat-transport.ts:137
[  225553ms] [LOG] [ChatTransport] onmessage triggered, has currentResponseHandler: true @ webpack-internal:///(app-pages-browser)/./lib/chat-transport.ts:41
[  225553ms] [LOG] [ChatTransport] responseHandler called, data: {"type":"delta","content":" ","error":null,"message_id":"4a7d14a1-196f-4b08-9a60-0fb97d3c0f5d","conversation_id":null,"itinerary":null,"stage":null} @ webpack-internal:///(app-pages-browser)/./lib/chat-transport.ts:137
[  225553ms] [LOG] [ChatTransport] onmessage triggered, has currentResponseHandler: true @ webpack-internal:///(app-pages-browser)/./lib/chat-transport.ts:41
[  225553ms] [LOG] [ChatTransport] responseHandler called, data: {"type":"delta","content":"4","error":null,"message_id":"4a7d14a1-196f-4b08-9a60-0fb97d3c0f5d","conversation_id":null,"itinerary":null,"stage":null} @ webpack-internal:///(app-pages-browser)/./lib/chat-transport.ts:137
[  225613ms] [LOG] [ChatTransport] onmessage triggered, has currentResponseHandler: true @ webpack-internal:///(app-pages-browser)/./lib/chat-transport.ts:41
[  225613ms] [LOG] [ChatTransport] responseHandler called, data: {"type":"delta","content":".","error":null,"message_id":"4a7d14a1-196f-4b08-9a60-0fb97d3c0f5d","conversation_id":null,"itinerary":null,"stage":null} @ webpack-internal:///(app-pages-browser)/./lib/chat-transport.ts:137
[  225614ms] [LOG] [ChatTransport] onmessage triggered, has currentResponseHandler: true @ webpack-internal:///(app-pages-browser)/./lib/chat-transport.ts:41
[  225614ms] [LOG] [ChatTransport] responseHandler called, data: {"type":"delta","content":" **","error":null,"message_id":"4a7d14a1-196f-4b08-9a60-0fb97d3c0f5d","conversation_id":null,"itinerary":null,"stage":null} @ webpack-internal:///(app-pages-browser)/./lib/chat-transport.ts:137
[  225669ms] [LOG] [ChatTransport] onmessage triggered, has currentResponseHandler: true @ webpack-internal:///(app-pages-browser)/./lib/chat-transport.ts:41
[  225669ms] [LOG] [ChatTransport] responseHandler called, data: {"type":"delta","content":"周","error":null,"message_id":"4a7d14a1-196f-4b08-9a60-0fb97d3c0f5d","conversation_id":null,"itinerary":null,"stage":null} @ webpack-internal:///(app-pages-browser)/./lib/chat-transport.ts:137
[  225690ms] [LOG] [ChatTransport] onmessage triggered, has currentResponseHandler: true @ webpack-internal:///(app-pages-browser)/./lib/chat-transport.ts:41
[  225690ms] [LOG] [ChatTransport] responseHandler called, data: {"type":"delta","content":"庄","error":null,"message_id":"4a7d14a1-196f-4b08-9a60-0fb97d3c0f5d","conversation_id":null,"itinerary":null,"stage":null} @ webpack-internal:///(app-pages-browser)/./lib/chat-transport.ts:137
[  225782ms] [LOG] [ChatTransport] onmessage triggered, has currentResponseHandler: true @ webpack-internal:///(app-pages-browser)/./lib/chat-transport.ts:41
[  225782ms] [LOG] [ChatTransport] responseHandler called, data: {"type":"delta","content":"古镇","error":null,"message_id":"4a7d14a1-196f-4b08-9a60-0fb97d3c0f5d","conversation_id":null,"itinerary":null,"stage":null} @ webpack-internal:///(app-pages-browser)/./lib/chat-transport.ts:137
[  225783ms] [LOG] [ChatTransport] onmessage triggered, has currentResponseHandler: true @ webpack-internal:///(app-pages-browser)/./lib/chat-transport.ts:41
[  225783ms] [LOG] [ChatTransport] responseHandler called, data: {"type":"delta","content":"**\n","error":null,"message_id":"4a7d14a1-196f-4b08-9a60-0fb97d3c0f5d","conversation_id":null,"itinerary":null,"stage":null} @ webpack-internal:///(app-pages-browser)/./lib/chat-transport.ts:137
[  225801ms] [LOG] [ChatTransport] onmessage triggered, has currentResponseHandler: true @ webpack-internal:///(app-pages-browser)/./lib/chat-transport.ts:41
[  225803ms] [LOG] [ChatTransport] responseHandler called, data: {"type":"delta","content":"-","error":null,"message_id":"4a7d14a1-196f-4b08-9a60-0fb97d3c0f5d","conversation_id":null,"itinerary":null,"stage":null} @ webpack-internal:///(app-pages-browser)/./lib/chat-transport.ts:137
[  225816ms] [LOG] [ChatTransport] onmessage triggered, has currentResponseHandler: true @ webpack-internal:///(app-pages-browser)/./lib/chat-transport.ts:41
[  225816ms] [LOG] [ChatTransport] responseHandler called, data: {"type":"delta","content":" **","error":null,"message_id":"4a7d14a1-196f-4b08-9a60-0fb97d3c0f5d","conversation_id":null,"itinerary":null,"stage":null} @ webpack-internal:///(app-pages-browser)/./lib/chat-transport.ts:137
[  225845ms] [LOG] [ChatTransport] onmessage triggered, has currentResponseHandler: true @ webpack-internal:///(app-pages-browser)/./lib/chat-transport.ts:41
[  225845ms] [LOG] [ChatTransport] responseHandler called, data: {"type":"delta","content":"特色","error":null,"message_id":"4a7d14a1-196f-4b08-9a60-0fb97d3c0f5d","conversation_id":null,"itinerary":null,"stage":null} @ webpack-internal:///(app-pages-browser)/./lib/chat-transport.ts:137
[  225863ms] [LOG] [ChatTransport] onmessage triggered, has currentResponseHandler: true @ webpack-internal:///(app-pages-browser)/./lib/chat-transport.ts:41
[  225863ms] [LOG] [ChatTransport] responseHandler called, data: {"type":"delta","content":"**","error":null,"message_id":"4a7d14a1-196f-4b08-9a60-0fb97d3c0f5d","conversation_id":null,"itinerary":null,"stage":null} @ webpack-internal:///(app-pages-browser)/./lib/chat-transport.ts:137
[  225908ms] [LOG] [ChatTransport] onmessage triggered, has currentResponseHandler: true @ webpack-internal:///(app-pages-browser)/./lib/chat-transport.ts:41
[  225908ms] [LOG] [ChatTransport] responseHandler called, data: {"type":"delta","content":"：","error":null,"message_id":"4a7d14a1-196f-4b08-9a60-0fb97d3c0f5d","conversation_id":null,"itinerary":null,"stage":null} @ webpack-internal:///(app-pages-browser)/./lib/chat-transport.ts:137
[  225909ms] [LOG] [ChatTransport] onmessage triggered, has currentResponseHandler: true @ webpack-internal:///(app-pages-browser)/./lib/chat-transport.ts:41
[  225909ms] [LOG] [ChatTransport] responseHandler called, data: {"type":"delta","content":"虽然","error":null,"message_id":"4a7d14a1-196f-4b08-9a60-0fb97d3c0f5d","conversation_id":null,"itinerary":null,"stage":null} @ webpack-internal:///(app-pages-browser)/./lib/chat-transport.ts:137
[  226071ms] [LOG] [ChatTransport] onmessage triggered, has currentResponseHandler: true @ webpack-internal:///(app-pages-browser)/./lib/chat-transport.ts:41
[  226071ms] [LOG] [ChatTransport] responseHandler called, data: {"type":"delta","content":"严格","error":null,"message_id":"4a7d14a1-196f-4b08-9a60-0fb97d3c0f5d","conversation_id":null,"itinerary":null,"stage":null} @ webpack-internal:///(app-pages-browser)/./lib/chat-transport.ts:137
[  226096ms] [LOG] [ChatTransport] onmessage triggered, has currentResponseHandler: true @ webpack-internal:///(app-pages-browser)/./lib/chat-transport.ts:41
[  226097ms] [LOG] [ChatTransport] responseHandler called, data: {"type":"delta","content":"来说","error":null,"message_id":"4a7d14a1-196f-4b08-9a60-0fb97d3c0f5d","conversation_id":null,"itinerary":null,"stage":null} @ webpack-internal:///(app-pages-browser)/./lib/chat-transport.ts:137
[  226120ms] [LOG] [ChatTransport] onmessage triggered, has currentResponseHandler: true @ webpack-internal:///(app-pages-browser)/./lib/chat-transport.ts:41
[  226120ms] [LOG] [ChatTransport] responseHandler called, data: {"type":"delta","content":"属于","error":null,"message_id":"4a7d14a1-196f-4b08-9a60-0fb97d3c0f5d","conversation_id":null,"itinerary":null,"stage":null} @ webpack-internal:///(app-pages-browser)/./lib/chat-transport.ts:137
[  226121ms] [LOG] [ChatTransport] onmessage triggered, has currentResponseHandler: true @ webpack-internal:///(app-pages-browser)/./lib/chat-transport.ts:41
[  226121ms] [LOG] [ChatTransport] responseHandler called, data: {"type":"delta","content":"江苏","error":null,"message_id":"4a7d14a1-196f-4b08-9a60-0fb97d3c0f5d","conversation_id":null,"itinerary":null,"stage":null} @ webpack-internal:///(app-pages-browser)/./lib/chat-transport.ts:137
[  226121ms] [LOG] [ChatTransport] onmessage triggered, has currentResponseHandler: true @ webpack-internal:///(app-pages-browser)/./lib/chat-transport.ts:41
[  226121ms] [LOG] [ChatTransport] responseHandler called, data: {"type":"delta","content":"，","error":null,"message_id":"4a7d14a1-196f-4b08-9a60-0fb97d3c0f5d","conversation_id":null,"itinerary":null,"stage":null} @ webpack-internal:///(app-pages-browser)/./lib/chat-transport.ts:137
[  226152ms] [LOG] [ChatTransport] onmessage triggered, has currentResponseHandler: true @ webpack-internal:///(app-pages-browser)/./lib/chat-transport.ts:41
[  226153ms] [LOG] [ChatTransport] responseHandler called, data: {"type":"delta","content":"但从","error":null,"message_id":"4a7d14a1-196f-4b08-9a60-0fb97d3c0f5d","conversation_id":null,"itinerary":null,"stage":null} @ webpack-internal:///(app-pages-browser)/./lib/chat-transport.ts:137
[  226208ms] [LOG] [ChatTransport] onmessage triggered, has currentResponseHandler: true @ webpack-internal:///(app-pages-browser)/./lib/chat-transport.ts:41
[  226208ms] [LOG] [ChatTransport] responseHandler called, data: {"type":"delta","content":"上海","error":null,"message_id":"4a7d14a1-196f-4b08-9a60-0fb97d3c0f5d","conversation_id":null,"itinerary":null,"stage":null} @ webpack-internal:///(app-pages-browser)/./lib/chat-transport.ts:137
[  226228ms] [LOG] [ChatTransport] onmessage triggered, has currentResponseHandler: true @ webpack-internal:///(app-pages-browser)/./lib/chat-transport.ts:41
[  226228ms] [LOG] [ChatTransport] responseHandler called, data: {"type":"delta","content":"出发","error":null,"message_id":"4a7d14a1-196f-4b08-9a60-0fb97d3c0f5d","conversation_id":null,"itinerary":null,"stage":null} @ webpack-internal:///(app-pages-browser)/./lib/chat-transport.ts:137
[  226275ms] [LOG] [ChatTransport] onmessage triggered, has currentResponseHandler: true @ webpack-internal:///(app-pages-browser)/./lib/chat-transport.ts:41
[  226276ms] [LOG] [ChatTransport] responseHandler called, data: {"type":"delta","content":"非常","error":null,"message_id":"4a7d14a1-196f-4b08-9a60-0fb97d3c0f5d","conversation_id":null,"itinerary":null,"stage":null} @ webpack-internal:///(app-pages-browser)/./lib/chat-transport.ts:137
[  226298ms] [LOG] [ChatTransport] onmessage triggered, has currentResponseHandler: true @ webpack-internal:///(app-pages-browser)/./lib/chat-transport.ts:41
[  226299ms] [LOG] [ChatTransport] responseHandler called, data: {"type":"delta","content":"方便","error":null,"message_id":"4a7d14a1-196f-4b08-9a60-0fb97d3c0f5d","conversation_id":null,"itinerary":null,"stage":null} @ webpack-internal:///(app-pages-browser)/./lib/chat-transport.ts:137
[  226341ms] [LOG] [ChatTransport] onmessage triggered, has currentResponseHandler: true @ webpack-internal:///(app-pages-browser)/./lib/chat-transport.ts:41
[  226341ms] [LOG] [ChatTransport] responseHandler called, data: {"type":"delta","content":"\n","error":null,"message_id":"4a7d14a1-196f-4b08-9a60-0fb97d3c0f5d","conversation_id":null,"itinerary":null,"stage":null} @ webpack-internal:///(app-pages-browser)/./lib/chat-transport.ts:137
[  226342ms] [LOG] [ChatTransport] onmessage triggered, has currentResponseHandler: true @ webpack-internal:///(app-pages-browser)/./lib/chat-transport.ts:41
[  226342ms] [LOG] [ChatTransport] responseHandler called, data: {"type":"delta","content":"-","error":null,"message_id":"4a7d14a1-196f-4b08-9a60-0fb97d3c0f5d","conversation_id":null,"itinerary":null,"stage":null} @ webpack-internal:///(app-pages-browser)/./lib/chat-transport.ts:137
[  226391ms] [LOG] [ChatTransport] onmessage triggered, has currentResponseHandler: true @ webpack-internal:///(app-pages-browser)/./lib/chat-transport.ts:41
[  226391ms] [LOG] [ChatTransport] responseHandler called, data: {"type":"delta","content":" **","error":null,"message_id":"4a7d14a1-196f-4b08-9a60-0fb97d3c0f5d","conversation_id":null,"itinerary":null,"stage":null} @ webpack-internal:///(app-pages-browser)/./lib/chat-transport.ts:137
[  226392ms] [LOG] [ChatTransport] onmessage triggered, has currentResponseHandler: true @ webpack-internal:///(app-pages-browser)/./lib/chat-transport.ts:41
[  226392ms] [LOG] [ChatTransport] responseHandler called, data: {"type":"delta","content":"地址","error":null,"message_id":"4a7d14a1-196f-4b08-9a60-0fb97d3c0f5d","conversation_id":null,"itinerary":null,"stage":null} @ webpack-internal:///(app-pages-browser)/./lib/chat-transport.ts:137
[  226577ms] [LOG] [ChatTransport] onmessage triggered, has currentResponseHandler: true @ webpack-internal:///(app-pages-browser)/./lib/chat-transport.ts:41
[  226577ms] [LOG] [ChatTransport] responseHandler called, data: {"type":"delta","content":"**","error":null,"message_id":"4a7d14a1-196f-4b08-9a60-0fb97d3c0f5d","conversation_id":null,"itinerary":null,"stage":null} @ webpack-internal:///(app-pages-browser)/./lib/chat-transport.ts:137
[  226592ms] [LOG] [ChatTransport] onmessage triggered, has currentResponseHandler: true @ webpack-internal:///(app-pages-browser)/./lib/chat-transport.ts:41
[  226593ms] [LOG] [ChatTransport] responseHandler called, data: {"type":"delta","content":"：","error":null,"message_id":"4a7d14a1-196f-4b08-9a60-0fb97d3c0f5d","conversation_id":null,"itinerary":null,"stage":null} @ webpack-internal:///(app-pages-browser)/./lib/chat-transport.ts:137
[  226614ms] [LOG] [ChatTransport] onmessage triggered, has currentResponseHandler: true @ webpack-internal:///(app-pages-browser)/./lib/chat-transport.ts:41
[  226615ms] [LOG] [ChatTransport] responseHandler called, data: {"type":"delta","content":"周","error":null,"message_id":"4a7d14a1-196f-4b08-9a60-0fb97d3c0f5d","conversation_id":null,"itinerary":null,"stage":null} @ webpack-internal:///(app-pages-browser)/./lib/chat-transport.ts:137
[  226615ms] [LOG] [ChatTransport] onmessage triggered, has currentResponseHandler: true @ webpack-internal:///(app-pages-browser)/./lib/chat-transport.ts:41
[  226616ms] [LOG] [ChatTransport] responseHandler called, data: {"type":"delta","content":"庄","error":null,"message_id":"4a7d14a1-196f-4b08-9a60-0fb97d3c0f5d","conversation_id":null,"itinerary":null,"stage":null} @ webpack-internal:///(app-pages-browser)/./lib/chat-transport.ts:137
[  226639ms] [LOG] [ChatTransport] onmessage triggered, has currentResponseHandler: true @ webpack-internal:///(app-pages-browser)/./lib/chat-transport.ts:41
[  226639ms] [LOG] [ChatTransport] responseHandler called, data: {"type":"delta","content":"镇","error":null,"message_id":"4a7d14a1-196f-4b08-9a60-0fb97d3c0f5d","conversation_id":null,"itinerary":null,"stage":null} @ webpack-internal:///(app-pages-browser)/./lib/chat-transport.ts:137
[  226640ms] [LOG] [ChatTransport] onmessage triggered, has currentResponseHandler: true @ webpack-internal:///(app-pages-browser)/./lib/chat-transport.ts:41
[  226640ms] [LOG] [ChatTransport] responseHandler called, data: {"type":"delta","content":"全","error":null,"message_id":"4a7d14a1-196f-4b08-9a60-0fb97d3c0f5d","conversation_id":null,"itinerary":null,"stage":null} @ webpack-internal:///(app-pages-browser)/./lib/chat-transport.ts:137
[  226654ms] [LOG] [ChatTransport] onmessage triggered, has currentResponseHandler: true @ webpack-internal:///(app-pages-browser)/./lib/chat-transport.ts:41
[  226654ms] [LOG] [ChatTransport] responseHandler called, data: {"type":"delta","content":"福","error":null,"message_id":"4a7d14a1-196f-4b08-9a60-0fb97d3c0f5d","conversation_id":null,"itinerary":null,"stage":null} @ webpack-internal:///(app-pages-browser)/./lib/chat-transport.ts:137
[  226655ms] [LOG] [ChatTransport] onmessage triggered, has currentResponseHandler: true @ webpack-internal:///(app-pages-browser)/./lib/chat-transport.ts:41
[  226655ms] [LOG] [ChatTransport] responseHandler called, data: {"type":"delta","content":"路","error":null,"message_id":"4a7d14a1-196f-4b08-9a60-0fb97d3c0f5d","conversation_id":null,"itinerary":null,"stage":null} @ webpack-internal:///(app-pages-browser)/./lib/chat-transport.ts:137
[  226693ms] [LOG] [ChatTransport] onmessage triggered, has currentResponseHandler: true @ webpack-internal:///(app-pages-browser)/./lib/chat-transport.ts:41
[  226693ms] [LOG] [ChatTransport] responseHandler called, data: {"type":"delta","content":"42","error":null,"message_id":"4a7d14a1-196f-4b08-9a60-0fb97d3c0f5d","conversation_id":null,"itinerary":null,"stage":null} @ webpack-internal:///(app-pages-browser)/./lib/chat-transport.ts:137
[  226714ms] [LOG] [ChatTransport] onmessage triggered, has currentResponseHandler: true @ webpack-internal:///(app-pages-browser)/./lib/chat-transport.ts:41
[  226714ms] [LOG] [ChatTransport] responseHandler called, data: {"type":"delta","content":"号","error":null,"message_id":"4a7d14a1-196f-4b08-9a60-0fb97d3c0f5d","conversation_id":null,"itinerary":null,"stage":null} @ webpack-internal:///(app-pages-browser)/./lib/chat-transport.ts:137
[  226752ms] [LOG] [ChatTransport] onmessage triggered, has currentResponseHandler: true @ webpack-internal:///(app-pages-browser)/./lib/chat-transport.ts:41
[  226752ms] [LOG] [ChatTransport] responseHandler called, data: {"type":"delta","content":"（","error":null,"message_id":"4a7d14a1-196f-4b08-9a60-0fb97d3c0f5d","conversation_id":null,"itinerary":null,"stage":null} @ webpack-internal:///(app-pages-browser)/./lib/chat-transport.ts:137
[  226773ms] [LOG] [ChatTransport] onmessage triggered, has currentResponseHandler: true @ webpack-internal:///(app-pages-browser)/./lib/chat-transport.ts:41
[  226773ms] [LOG] [ChatTransport] responseHandler called, data: {"type":"delta","content":"江苏","error":null,"message_id":"4a7d14a1-196f-4b08-9a60-0fb97d3c0f5d","conversation_id":null,"itinerary":null,"stage":null} @ webpack-internal:///(app-pages-browser)/./lib/chat-transport.ts:137
[  226815ms] [LOG] [ChatTransport] onmessage triggered, has currentResponseHandler: true @ webpack-internal:///(app-pages-browser)/./lib/chat-transport.ts:41
[  226816ms] [LOG] [ChatTransport] responseHandler called, data: {"type":"delta","content":"昆","error":null,"message_id":"4a7d14a1-196f-4b08-9a60-0fb97d3c0f5d","conversation_id":null,"itinerary":null,"stage":null} @ webpack-internal:///(app-pages-browser)/./lib/chat-transport.ts:137
[  226816ms] [LOG] [ChatTransport] onmessage triggered, has currentResponseHandler: true @ webpack-internal:///(app-pages-browser)/./lib/chat-transport.ts:41
[  226816ms] [LOG] [ChatTransport] responseHandler called, data: {"type":"delta","content":"山","error":null,"message_id":"4a7d14a1-196f-4b08-9a60-0fb97d3c0f5d","conversation_id":null,"itinerary":null,"stage":null} @ webpack-internal:///(app-pages-browser)/./lib/chat-transport.ts:137
[  227055ms] [LOG] [ChatTransport] onmessage triggered, has currentResponseHandler: true @ webpack-internal:///(app-pages-browser)/./lib/chat-transport.ts:41
[  227055ms] [LOG] [ChatTransport] responseHandler called, data: {"type":"delta","content":"）\n","error":null,"message_id":"4a7d14a1-196f-4b08-9a60-0fb97d3c0f5d","conversation_id":null,"itinerary":null,"stage":null} @ webpack-internal:///(app-pages-browser)/./lib/chat-transport.ts:137
[  227056ms] [LOG] [ChatTransport] onmessage triggered, has currentResponseHandler: true @ webpack-internal:///(app-pages-browser)/./lib/chat-transport.ts:41
[  227056ms] [LOG] [ChatTransport] responseHandler called, data: {"type":"delta","content":"-","error":null,"message_id":"4a7d14a1-196f-4b08-9a60-0fb97d3c0f5d","conversation_id":null,"itinerary":null,"stage":null} @ webpack-internal:///(app-pages-browser)/./lib/chat-transport.ts:137
[  227074ms] [LOG] [ChatTransport] onmessage triggered, has currentResponseHandler: true @ webpack-internal:///(app-pages-browser)/./lib/chat-transport.ts:41
[  227077ms] [LOG] [ChatTransport] responseHandler called, data: {"type":"delta","content":" **","error":null,"message_id":"4a7d14a1-196f-4b08-9a60-0fb97d3c0f5d","conversation_id":null,"itinerary":null,"stage":null} @ webpack-internal:///(app-pages-browser)/./lib/chat-transport.ts:137
[  227077ms] [LOG] [ChatTransport] onmessage triggered, has currentResponseHandler: true @ webpack-internal:///(app-pages-browser)/./lib/chat-transport.ts:41
[  227078ms] [LOG] [ChatTransport] responseHandler called, data: {"type":"delta","content":"亮点","error":null,"message_id":"4a7d14a1-196f-4b08-9a60-0fb97d3c0f5d","conversation_id":null,"itinerary":null,"stage":null} @ webpack-internal:///(app-pages-browser)/./lib/chat-transport.ts:137
[  227078ms] [LOG] [ChatTransport] onmessage triggered, has currentResponseHandler: true @ webpack-internal:///(app-pages-browser)/./lib/chat-transport.ts:41
[  227078ms] [LOG] [ChatTransport] responseHandler called, data: {"type":"delta","content":"**","error":null,"message_id":"4a7d14a1-196f-4b08-9a60-0fb97d3c0f5d","conversation_id":null,"itinerary":null,"stage":null} @ webpack-internal:///(app-pages-browser)/./lib/chat-transport.ts:137
[  227079ms] [LOG] [ChatTransport] onmessage triggered, has currentResponseHandler: true @ webpack-internal:///(app-pages-browser)/./lib/chat-transport.ts:41
[  227079ms] [LOG] [ChatTransport] responseHandler called, data: {"type":"delta","content":"：","error":null,"message_id":"4a7d14a1-196f-4b08-9a60-0fb97d3c0f5d","conversation_id":null,"itinerary":null,"stage":null} @ webpack-internal:///(app-pages-browser)/./lib/chat-transport.ts:137
[  227105ms] [LOG] [ChatTransport] onmessage triggered, has currentResponseHandler: true @ webpack-internal:///(app-pages-browser)/./lib/chat-transport.ts:41
[  227105ms] [LOG] [ChatTransport] responseHandler called, data: {"type":"delta","content":"中国","error":null,"message_id":"4a7d14a1-196f-4b08-9a60-0fb97d3c0f5d","conversation_id":null,"itinerary":null,"stage":null} @ webpack-internal:///(app-pages-browser)/./lib/chat-transport.ts:137
[  227106ms] [LOG] [ChatTransport] onmessage triggered, has currentResponseHandler: true @ webpack-internal:///(app-pages-browser)/./lib/chat-transport.ts:41
[  227106ms] [LOG] [ChatTransport] responseHandler called, data: {"type":"delta","content":"第一","error":null,"message_id":"4a7d14a1-196f-4b08-9a60-0fb97d3c0f5d","conversation_id":null,"itinerary":null,"stage":null} @ webpack-internal:///(app-pages-browser)/./lib/chat-transport.ts:137
[  227132ms] [LOG] [ChatTransport] onmessage triggered, has currentResponseHandler: true @ webpack-internal:///(app-pages-browser)/./lib/chat-transport.ts:41
[  227133ms] [LOG] [ChatTransport] responseHandler called, data: {"type":"delta","content":"水","error":null,"message_id":"4a7d14a1-196f-4b08-9a60-0fb97d3c0f5d","conversation_id":null,"itinerary":null,"stage":null} @ webpack-internal:///(app-pages-browser)/./lib/chat-transport.ts:137
[  227153ms] [LOG] [ChatTransport] onmessage triggered, has currentResponseHandler: true @ webpack-internal:///(app-pages-browser)/./lib/chat-transport.ts:41
[  227153ms] [LOG] [ChatTransport] responseHandler called, data: {"type":"delta","content":"乡","error":null,"message_id":"4a7d14a1-196f-4b08-9a60-0fb97d3c0f5d","conversation_id":null,"itinerary":null,"stage":null} @ webpack-internal:///(app-pages-browser)/./lib/chat-transport.ts:137
[  227173ms] [LOG] [ChatTransport] onmessage triggered, has currentResponseHandler: true @ webpack-internal:///(app-pages-browser)/./lib/chat-transport.ts:41
[  227174ms] [LOG] [ChatTransport] responseHandler called, data: {"type":"delta","content":"，","error":null,"message_id":"4a7d14a1-196f-4b08-9a60-0fb97d3c0f5d","conversation_id":null,"itinerary":null,"stage":null} @ webpack-internal:///(app-pages-browser)/./lib/chat-transport.ts:137
[  227175ms] [LOG] [ChatTransport] onmessage triggered, has currentResponseHandler: true @ webpack-internal:///(app-pages-browser)/./lib/chat-transport.ts:41
[  227175ms] [LOG] [ChatTransport] responseHandler called, data: {"type":"delta","content":"双","error":null,"message_id":"4a7d14a1-196f-4b08-9a60-0fb97d3c0f5d","conversation_id":null,"itinerary":null,"stage":null} @ webpack-internal:///(app-pages-browser)/./lib/chat-transport.ts:137
[  227238ms] [LOG] [ChatTransport] onmessage triggered, has currentResponseHandler: true @ webpack-internal:///(app-pages-browser)/./lib/chat-transport.ts:41
[  227238ms] [LOG] [ChatTransport] responseHandler called, data: {"type":"delta","content":"桥","error":null,"message_id":"4a7d14a1-196f-4b08-9a60-0fb97d3c0f5d","conversation_id":null,"itinerary":null,"stage":null} @ webpack-internal:///(app-pages-browser)/./lib/chat-transport.ts:137
[  227238ms] [LOG] [ChatTransport] onmessage triggered, has currentResponseHandler: true @ webpack-internal:///(app-pages-browser)/./lib/chat-transport.ts:41
[  227239ms] [LOG] [ChatTransport] responseHandler called, data: {"type":"delta","content":"、","error":null,"message_id":"4a7d14a1-196f-4b08-9a60-0fb97d3c0f5d","conversation_id":null,"itinerary":null,"stage":null} @ webpack-internal:///(app-pages-browser)/./lib/chat-transport.ts:137
[  227338ms] [LOG] [ChatTransport] onmessage triggered, has currentResponseHandler: true @ webpack-internal:///(app-pages-browser)/./lib/chat-transport.ts:41
[  227339ms] [LOG] [ChatTransport] responseHandler called, data: {"type":"delta","content":"沈","error":null,"message_id":"4a7d14a1-196f-4b08-9a60-0fb97d3c0f5d","conversation_id":null,"itinerary":null,"stage":null} @ webpack-internal:///(app-pages-browser)/./lib/chat-transport.ts:137
[  227353ms] [LOG] [ChatTransport] onmessage triggered, has currentResponseHandler: true @ webpack-internal:///(app-pages-browser)/./lib/chat-transport.ts:41
[  227353ms] [LOG] [ChatTransport] responseHandler called, data: {"type":"delta","content":"厅","error":null,"message_id":"4a7d14a1-196f-4b08-9a60-0fb97d3c0f5d","conversation_id":null,"itinerary":null,"stage":null} @ webpack-internal:///(app-pages-browser)/./lib/chat-transport.ts:137
[  227370ms] [LOG] [ChatTransport] onmessage triggered, has currentResponseHandler: true @ webpack-internal:///(app-pages-browser)/./lib/chat-transport.ts:41
[  227370ms] [LOG] [ChatTransport] responseHandler called, data: {"type":"delta","content":"、","error":null,"message_id":"4a7d14a1-196f-4b08-9a60-0fb97d3c0f5d","conversation_id":null,"itinerary":null,"stage":null} @ webpack-internal:///(app-pages-browser)/./lib/chat-transport.ts:137
[  227416ms] [LOG] [ChatTransport] onmessage triggered, has currentResponseHandler: true @ webpack-internal:///(app-pages-browser)/./lib/chat-transport.ts:41
[  227417ms] [LOG] [ChatTransport] responseHandler called, data: {"type":"delta","content":"张","error":null,"message_id":"4a7d14a1-196f-4b08-9a60-0fb97d3c0f5d","conversation_id":null,"itinerary":null,"stage":null} @ webpack-internal:///(app-pages-browser)/./lib/chat-transport.ts:137
[  227437ms] [LOG] [ChatTransport] onmessage triggered, has currentResponseHandler: true @ webpack-internal:///(app-pages-browser)/./lib/chat-transport.ts:41
[  227437ms] [LOG] [ChatTransport] responseHandler called, data: {"type":"delta","content":"厅","error":null,"message_id":"4a7d14a1-196f-4b08-9a60-0fb97d3c0f5d","conversation_id":null,"itinerary":null,"stage":null} @ webpack-internal:///(app-pages-browser)/./lib/chat-transport.ts:137
[  227481ms] [LOG] [ChatTransport] onmessage triggered, has currentResponseHandler: true @ webpack-internal:///(app-pages-browser)/./lib/chat-transport.ts:41
[  227481ms] [LOG] [ChatTransport] responseHandler called, data: {"type":"delta","content":"等","error":null,"message_id":"4a7d14a1-196f-4b08-9a60-0fb97d3c0f5d","conversation_id":null,"itinerary":null,"stage":null} @ webpack-internal:///(app-pages-browser)/./lib/chat-transport.ts:137
[  227482ms] [LOG] [ChatTransport] onmessage triggered, has currentResponseHandler: true @ webpack-internal:///(app-pages-browser)/./lib/chat-transport.ts:41
[  227482ms] [LOG] [ChatTransport] responseHandler called, data: {"type":"delta","content":"著名","error":null,"message_id":"4a7d14a1-196f-4b08-9a60-0fb97d3c0f5d","conversation_id":null,"itinerary":null,"stage":null} @ webpack-internal:///(app-pages-browser)/./lib/chat-transport.ts:137
[  227541ms] [LOG] [ChatTransport] onmessage triggered, has currentResponseHandler: true @ webpack-internal:///(app-pages-browser)/./lib/chat-transport.ts:41
[  227542ms] [LOG] [ChatTransport] responseHandler called, data: {"type":"delta","content":"景点","error":null,"message_id":"4a7d14a1-196f-4b08-9a60-0fb97d3c0f5d","conversation_id":null,"itinerary":null,"stage":null} @ webpack-internal:///(app-pages-browser)/./lib/chat-transport.ts:137
[  227562ms] [LOG] [ChatTransport] onmessage triggered, has currentResponseHandler: true @ webpack-internal:///(app-pages-browser)/./lib/chat-transport.ts:41
[  227563ms] [LOG] [ChatTransport] responseHandler called, data: {"type":"delta","content":"\n","error":null,"message_id":"4a7d14a1-196f-4b08-9a60-0fb97d3c0f5d","conversation_id":null,"itinerary":null,"stage":null} @ webpack-internal:///(app-pages-browser)/./lib/chat-transport.ts:137
[  227596ms] [LOG] [ChatTransport] onmessage triggered, has currentResponseHandler: true @ webpack-internal:///(app-pages-browser)/./lib/chat-transport.ts:41
[  227596ms] [LOG] [ChatTransport] responseHandler called, data: {"type":"delta","content":"-","error":null,"message_id":"4a7d14a1-196f-4b08-9a60-0fb97d3c0f5d","conversation_id":null,"itinerary":null,"stage":null} @ webpack-internal:///(app-pages-browser)/./lib/chat-transport.ts:137
[  227609ms] [LOG] [ChatTransport] onmessage triggered, has currentResponseHandler: true @ webpack-internal:///(app-pages-browser)/./lib/chat-transport.ts:41
[  227609ms] [LOG] [ChatTransport] responseHandler called, data: {"type":"delta","content":" **","error":null,"message_id":"4a7d14a1-196f-4b08-9a60-0fb97d3c0f5d","conversation_id":null,"itinerary":null,"stage":null} @ webpack-internal:///(app-pages-browser)/./lib/chat-transport.ts:137
[  227665ms] [LOG] [ChatTransport] onmessage triggered, has currentResponseHandler: true @ webpack-internal:///(app-pages-browser)/./lib/chat-transport.ts:41
[  227666ms] [LOG] [ChatTransport] responseHandler called, data: {"type":"delta","content":"适合","error":null,"message_id":"4a7d14a1-196f-4b08-9a60-0fb97d3c0f5d","conversation_id":null,"itinerary":null,"stage":null} @ webpack-internal:///(app-pages-browser)/./lib/chat-transport.ts:137
[  227686ms] [LOG] [ChatTransport] onmessage triggered, has currentResponseHandler: true @ webpack-internal:///(app-pages-browser)/./lib/chat-transport.ts:41
[  227686ms] [LOG] [ChatTransport] responseHandler called, data: {"type":"delta","content":"**","error":null,"message_id":"4a7d14a1-196f-4b08-9a60-0fb97d3c0f5d","conversation_id":null,"itinerary":null,"stage":null} @ webpack-internal:///(app-pages-browser)/./lib/chat-transport.ts:137
[  227727ms] [LOG] [ChatTransport] onmessage triggered, has currentResponseHandler: true @ webpack-internal:///(app-pages-browser)/./lib/chat-transport.ts:41
[  227728ms] [LOG] [ChatTransport] responseHandler called, data: {"type":"delta","content":"：","error":null,"message_id":"4a7d14a1-196f-4b08-9a60-0fb97d3c0f5d","conversation_id":null,"itinerary":null,"stage":null} @ webpack-internal:///(app-pages-browser)/./lib/chat-transport.ts:137
[  227728ms] [LOG] [ChatTransport] onmessage triggered, has currentResponseHandler: true @ webpack-internal:///(app-pages-browser)/./lib/chat-transport.ts:41
[  227729ms] [LOG] [ChatTransport] responseHandler called, data: {"type":"delta","content":"想要","error":null,"message_id":"4a7d14a1-196f-4b08-9a60-0fb97d3c0f5d","conversation_id":null,"itinerary":null,"stage":null} @ webpack-internal:///(app-pages-browser)/./lib/chat-transport.ts:137
[  227852ms] [LOG] [ChatTransport] onmessage triggered, has currentResponseHandler: true @ webpack-internal:///(app-pages-browser)/./lib/chat-transport.ts:41
[  227853ms] [LOG] [ChatTransport] responseHandler called, data: {"type":"delta","content":"深度","error":null,"message_id":"4a7d14a1-196f-4b08-9a60-0fb97d3c0f5d","conversation_id":null,"itinerary":null,"stage":null} @ webpack-internal:///(app-pages-browser)/./lib/chat-transport.ts:137
[  227853ms] [LOG] [ChatTransport] onmessage triggered, has currentResponseHandler: true @ webpack-internal:///(app-pages-browser)/./lib/chat-transport.ts:41
[  227853ms] [LOG] [ChatTransport] responseHandler called, data: {"type":"delta","content":"体验","error":null,"message_id":"4a7d14a1-196f-4b08-9a60-0fb97d3c0f5d","conversation_id":null,"itinerary":null,"stage":null} @ webpack-internal:///(app-pages-browser)/./lib/chat-transport.ts:137
[  227874ms] [LOG] [ChatTransport] onmessage triggered, has currentResponseHandler: true @ webpack-internal:///(app-pages-browser)/./lib/chat-transport.ts:41
[  227875ms] [LOG] [ChatTransport] responseHandler called, data: {"type":"delta","content":"江南","error":null,"message_id":"4a7d14a1-196f-4b08-9a60-0fb97d3c0f5d","conversation_id":null,"itinerary":null,"stage":null} @ webpack-internal:///(app-pages-browser)/./lib/chat-transport.ts:137
[  227890ms] [LOG] [ChatTransport] onmessage triggered, has currentResponseHandler: true @ webpack-internal:///(app-pages-browser)/./lib/chat-transport.ts:41
[  227891ms] [LOG] [ChatTransport] responseHandler called, data: {"type":"delta","content":"水","error":null,"message_id":"4a7d14a1-196f-4b08-9a60-0fb97d3c0f5d","conversation_id":null,"itinerary":null,"stage":null} @ webpack-internal:///(app-pages-browser)/./lib/chat-transport.ts:137
[  227910ms] [LOG] [ChatTransport] onmessage triggered, has currentResponseHandler: true @ webpack-internal:///(app-pages-browser)/./lib/chat-transport.ts:41
[  227910ms] [LOG] [ChatTransport] responseHandler called, data: {"type":"delta","content":"乡","error":null,"message_id":"4a7d14a1-196f-4b08-9a60-0fb97d3c0f5d","conversation_id":null,"itinerary":null,"stage":null} @ webpack-internal:///(app-pages-browser)/./lib/chat-transport.ts:137
[  227910ms] [LOG] [ChatTransport] onmessage triggered, has currentResponseHandler: true @ webpack-internal:///(app-pages-browser)/./lib/chat-transport.ts:41
[  227911ms] [LOG] [ChatTransport] responseHandler called, data: {"type":"delta","content":"文化的","error":null,"message_id":"4a7d14a1-196f-4b08-9a60-0fb97d3c0f5d","conversation_id":null,"itinerary":null,"stage":null} @ webpack-internal:///(app-pages-browser)/./lib/chat-transport.ts:137
[  227959ms] [LOG] [ChatTransport] onmessage triggered, has currentResponseHandler: true @ webpack-internal:///(app-pages-browser)/./lib/chat-transport.ts:41
[  227959ms] [LOG] [ChatTransport] responseHandler called, data: {"type":"delta","content":"游客","error":null,"message_id":"4a7d14a1-196f-4b08-9a60-0fb97d3c0f5d","conversation_id":null,"itinerary":null,"stage":null} @ webpack-internal:///(app-pages-browser)/./lib/chat-transport.ts:137
[  227959ms] [LOG] [ChatTransport] onmessage triggered, has currentResponseHandler: true @ webpack-internal:///(app-pages-browser)/./lib/chat-transport.ts:41
[  227959ms] [LOG] [ChatTransport] responseHandler called, data: {"type":"delta","content":"\n\n","error":null,"message_id":"4a7d14a1-196f-4b08-9a60-0fb97d3c0f5d","conversation_id":null,"itinerary":null,"stage":null} @ webpack-internal:///(app-pages-browser)/./lib/chat-transport.ts:137
[  228019ms] [LOG] [ChatTransport] onmessage triggered, has currentResponseHandler: true @ webpack-internal:///(app-pages-browser)/./lib/chat-transport.ts:41
[  228019ms] [LOG] [ChatTransport] responseHandler called, data: {"type":"delta","content":"##","error":null,"message_id":"4a7d14a1-196f-4b08-9a60-0fb97d3c0f5d","conversation_id":null,"itinerary":null,"stage":null} @ webpack-internal:///(app-pages-browser)/./lib/chat-transport.ts:137
[  228078ms] [LOG] [ChatTransport] onmessage triggered, has currentResponseHandler: true @ webpack-internal:///(app-pages-browser)/./lib/chat-transport.ts:41
[  228078ms] [LOG] [ChatTransport] responseHandler called, data: {"type":"delta","content":" 🏮","error":null,"message_id":"4a7d14a1-196f-4b08-9a60-0fb97d3c0f5d","conversation_id":null,"itinerary":null,"stage":null} @ webpack-internal:///(app-pages-browser)/./lib/chat-transport.ts:137
[  228154ms] [LOG] [ChatTransport] onmessage triggered, has currentResponseHandler: true @ webpack-internal:///(app-pages-browser)/./lib/chat-transport.ts:41
[  228155ms] [LOG] [ChatTransport] responseHandler called, data: {"type":"delta","content":" ","error":null,"message_id":"4a7d14a1-196f-4b08-9a60-0fb97d3c0f5d","conversation_id":null,"itinerary":null,"stage":null} @ webpack-internal:///(app-pages-browser)/./lib/chat-transport.ts:137
[  228177ms] [LOG] [ChatTransport] onmessage triggered, has currentResponseHandler: true @ webpack-internal:///(app-pages-browser)/./lib/chat-transport.ts:41
[  228177ms] [LOG] [ChatTransport] responseHandler called, data: {"type":"delta","content":"其他","error":null,"message_id":"4a7d14a1-196f-4b08-9a60-0fb97d3c0f5d","conversation_id":null,"itinerary":null,"stage":null} @ webpack-internal:///(app-pages-browser)/./lib/chat-transport.ts:137
[  228245ms] [LOG] [ChatTransport] onmessage triggered, has currentResponseHandler: true @ webpack-internal:///(app-pages-browser)/./lib/chat-transport.ts:41
[  228246ms] [LOG] [ChatTransport] responseHandler called, data: {"type":"delta","content":"值得","error":null,"message_id":"4a7d14a1-196f-4b08-9a60-0fb97d3c0f5d","conversation_id":null,"itinerary":null,"stage":null} @ webpack-internal:///(app-pages-browser)/./lib/chat-transport.ts:137
[  228252ms] [LOG] [ChatTransport] onmessage triggered, has currentResponseHandler: true @ webpack-internal:///(app-pages-browser)/./lib/chat-transport.ts:41
[  228252ms] [LOG] [ChatTransport] responseHandler called, data: {"type":"delta","content":"一","error":null,"message_id":"4a7d14a1-196f-4b08-9a60-0fb97d3c0f5d","conversation_id":null,"itinerary":null,"stage":null} @ webpack-internal:///(app-pages-browser)/./lib/chat-transport.ts:137
[  228272ms] [LOG] [ChatTransport] onmessage triggered, has currentResponseHandler: true @ webpack-internal:///(app-pages-browser)/./lib/chat-transport.ts:41
[  228272ms] [LOG] [ChatTransport] responseHandler called, data: {"type":"delta","content":"游","error":null,"message_id":"4a7d14a1-196f-4b08-9a60-0fb97d3c0f5d","conversation_id":null,"itinerary":null,"stage":null} @ webpack-internal:///(app-pages-browser)/./lib/chat-transport.ts:137
[  228272ms] [LOG] [ChatTransport] onmessage triggered, has currentResponseHandler: true @ webpack-internal:///(app-pages-browser)/./lib/chat-transport.ts:41
[  228272ms] [LOG] [ChatTransport] responseHandler called, data: {"type":"delta","content":"的","error":null,"message_id":"4a7d14a1-196f-4b08-9a60-0fb97d3c0f5d","conversation_id":null,"itinerary":null,"stage":null} @ webpack-internal:///(app-pages-browser)/./lib/chat-transport.ts:137
[  228325ms] [LOG] [ChatTransport] onmessage triggered, has currentResponseHandler: true @ webpack-internal:///(app-pages-browser)/./lib/chat-transport.ts:41
[  228325ms] [LOG] [ChatTransport] responseHandler called, data: {"type":"delta","content":"古镇","error":null,"message_id":"4a7d14a1-196f-4b08-9a60-0fb97d3c0f5d","conversation_id":null,"itinerary":null,"stage":null} @ webpack-internal:///(app-pages-browser)/./lib/chat-transport.ts:137
[  228330ms] [LOG] [ChatTransport] onmessage triggered, has currentResponseHandler: true @ webpack-internal:///(app-pages-browser)/./lib/chat-transport.ts:41
[  228330ms] [LOG] [ChatTransport] responseHandler called, data: {"type":"delta","content":"\n\n","error":null,"message_id":"4a7d14a1-196f-4b08-9a60-0fb97d3c0f5d","conversation_id":null,"itinerary":null,"stage":null} @ webpack-internal:///(app-pages-browser)/./lib/chat-transport.ts:137
[  228396ms] [LOG] [ChatTransport] onmessage triggered, has currentResponseHandler: true @ webpack-internal:///(app-pages-browser)/./lib/chat-transport.ts:41
[  228397ms] [LOG] [ChatTransport] responseHandler called, data: {"type":"delta","content":"-","error":null,"message_id":"4a7d14a1-196f-4b08-9a60-0fb97d3c0f5d","conversation_id":null,"itinerary":null,"stage":null} @ webpack-internal:///(app-pages-browser)/./lib/chat-transport.ts:137
[  228397ms] [LOG] [ChatTransport] onmessage triggered, has currentResponseHandler: true @ webpack-internal:///(app-pages-browser)/./lib/chat-transport.ts:41
[  228397ms] [LOG] [ChatTransport] responseHandler called, data: {"type":"delta","content":" **","error":null,"message_id":"4a7d14a1-196f-4b08-9a60-0fb97d3c0f5d","conversation_id":null,"itinerary":null,"stage":null} @ webpack-internal:///(app-pages-browser)/./lib/chat-transport.ts:137
[  228658ms] [LOG] [ChatTransport] onmessage triggered, has currentResponseHandler: true @ webpack-internal:///(app-pages-browser)/./lib/chat-transport.ts:41
[  228658ms] [LOG] [ChatTransport] responseHandler called, data: {"type":"delta","content":"泗","error":null,"message_id":"4a7d14a1-196f-4b08-9a60-0fb97d3c0f5d","conversation_id":null,"itinerary":null,"stage":null} @ webpack-internal:///(app-pages-browser)/./lib/chat-transport.ts:137
[  228659ms] [LOG] [ChatTransport] onmessage triggered, has currentResponseHandler: true @ webpack-internal:///(app-pages-browser)/./lib/chat-transport.ts:41
[  228659ms] [LOG] [ChatTransport] responseHandler called, data: {"type":"delta","content":"泾","error":null,"message_id":"4a7d14a1-196f-4b08-9a60-0fb97d3c0f5d","conversation_id":null,"itinerary":null,"stage":null} @ webpack-internal:///(app-pages-browser)/./lib/chat-transport.ts:137
[  228675ms] [LOG] [ChatTransport] onmessage triggered, has currentResponseHandler: true @ webpack-internal:///(app-pages-browser)/./lib/chat-transport.ts:41
[  228675ms] [LOG] [ChatTransport] responseHandler called, data: {"type":"delta","content":"古镇","error":null,"message_id":"4a7d14a1-196f-4b08-9a60-0fb97d3c0f5d","conversation_id":null,"itinerary":null,"stage":null} @ webpack-internal:///(app-pages-browser)/./lib/chat-transport.ts:137
[  228676ms] [LOG] [ChatTransport] onmessage triggered, has currentResponseHandler: true @ webpack-internal:///(app-pages-browser)/./lib/chat-transport.ts:41
[  228676ms] [LOG] [ChatTransport] responseHandler called, data: {"type":"delta","content":"**","error":null,"message_id":"4a7d14a1-196f-4b08-9a60-0fb97d3c0f5d","conversation_id":null,"itinerary":null,"stage":null} @ webpack-internal:///(app-pages-browser)/./lib/chat-transport.ts:137
[  228676ms] [LOG] [ChatTransport] onmessage triggered, has currentResponseHandler: true @ webpack-internal:///(app-pages-browser)/./lib/chat-transport.ts:41
[  228676ms] [LOG] [ChatTransport] responseHandler called, data: {"type":"delta","content":"：","error":null,"message_id":"4a7d14a1-196f-4b08-9a60-0fb97d3c0f5d","conversation_id":null,"itinerary":null,"stage":null} @ webpack-internal:///(app-pages-browser)/./lib/chat-transport.ts:137
[  228676ms] [LOG] [ChatTransport] onmessage triggered, has currentResponseHandler: true @ webpack-internal:///(app-pages-browser)/./lib/chat-transport.ts:41
[  228676ms] [LOG] [ChatTransport] responseHandler called, data: {"type":"delta","content":"历史","error":null,"message_id":"4a7d14a1-196f-4b08-9a60-0fb97d3c0f5d","conversation_id":null,"itinerary":null,"stage":null} @ webpack-internal:///(app-pages-browser)/./lib/chat-transport.ts:137
[  228697ms] [LOG] [ChatTransport] onmessage triggered, has currentResponseHandler: true @ webpack-internal:///(app-pages-browser)/./lib/chat-transport.ts:41
[  228697ms] [LOG] [ChatTransport] responseHandler called, data: {"type":"delta","content":"悠","error":null,"message_id":"4a7d14a1-196f-4b08-9a60-0fb97d3c0f5d","conversation_id":null,"itinerary":null,"stage":null} @ webpack-internal:///(app-pages-browser)/./lib/chat-transport.ts:137
[  228721ms] [LOG] [ChatTransport] onmessage triggered, has currentResponseHandler: true @ webpack-internal:///(app-pages-browser)/./lib/chat-transport.ts:41
[  228721ms] [LOG] [ChatTransport] responseHandler called, data: {"type":"delta","content":"久的","error":null,"message_id":"4a7d14a1-196f-4b08-9a60-0fb97d3c0f5d","conversation_id":null,"itinerary":null,"stage":null} @ webpack-internal:///(app-pages-browser)/./lib/chat-transport.ts:137
[  228721ms] [LOG] [ChatTransport] onmessage triggered, has currentResponseHandler: true @ webpack-internal:///(app-pages-browser)/./lib/chat-transport.ts:41
[  228722ms] [LOG] [ChatTransport] responseHandler called, data: {"type":"delta","content":"古镇","error":null,"message_id":"4a7d14a1-196f-4b08-9a60-0fb97d3c0f5d","conversation_id":null,"itinerary":null,"stage":null} @ webpack-internal:///(app-pages-browser)/./lib/chat-transport.ts:137
[  228750ms] [LOG] [ChatTransport] onmessage triggered, has currentResponseHandler: true @ webpack-internal:///(app-pages-browser)/./lib/chat-transport.ts:41
[  228751ms] [LOG] [ChatTransport] responseHandler called, data: {"type":"delta","content":"，","error":null,"message_id":"4a7d14a1-196f-4b08-9a60-0fb97d3c0f5d","conversation_id":null,"itinerary":null,"stage":null} @ webpack-internal:///(app-pages-browser)/./lib/chat-transport.ts:137
[  228772ms] [LOG] [ChatTransport] onmessage triggered, has currentResponseHandler: true @ webpack-internal:///(app-pages-browser)/./lib/chat-transport.ts:41
[  228772ms] [LOG] [ChatTransport] responseHandler called, data: {"type":"delta","content":"有","error":null,"message_id":"4a7d14a1-196f-4b08-9a60-0fb97d3c0f5d","conversation_id":null,"itinerary":null,"stage":null} @ webpack-internal:///(app-pages-browser)/./lib/chat-transport.ts:137
[  228802ms] [LOG] [ChatTransport] onmessage triggered, has currentResponseHandler: true @ webpack-internal:///(app-pages-browser)/./lib/chat-transport.ts:41
[  228803ms] [LOG] [ChatTransport] responseHandler called, data: {"type":"delta","content":"安","error":null,"message_id":"4a7d14a1-196f-4b08-9a60-0fb97d3c0f5d","conversation_id":null,"itinerary":null,"stage":null} @ webpack-internal:///(app-pages-browser)/./lib/chat-transport.ts:137
[  228818ms] [LOG] [ChatTransport] onmessage triggered, has currentResponseHandler: true @ webpack-internal:///(app-pages-browser)/./lib/chat-transport.ts:41
[  228819ms] [LOG] [ChatTransport] responseHandler called, data: {"type":"delta","content":"方","error":null,"message_id":"4a7d14a1-196f-4b08-9a60-0fb97d3c0f5d","conversation_id":null,"itinerary":null,"stage":null} @ webpack-internal:///(app-pages-browser)/./lib/chat-transport.ts:137
[  228882ms] [LOG] [ChatTransport] onmessage triggered, has currentResponseHandler: true @ webpack-internal:///(app-pages-browser)/./lib/chat-transport.ts:41
[  228882ms] [LOG] [ChatTransport] responseHandler called, data: {"type":"delta","content":"塔","error":null,"message_id":"4a7d14a1-196f-4b08-9a60-0fb97d3c0f5d","conversation_id":null,"itinerary":null,"stage":null} @ webpack-internal:///(app-pages-browser)/./lib/chat-transport.ts:137
[  228882ms] [LOG] [ChatTransport] onmessage triggered, has currentResponseHandler: true @ webpack-internal:///(app-pages-browser)/./lib/chat-transport.ts:41
[  228883ms] [LOG] [ChatTransport] responseHandler called, data: {"type":"delta","content":"等","error":null,"message_id":"4a7d14a1-196f-4b08-9a60-0fb97d3c0f5d","conversation_id":null,"itinerary":null,"stage":null} @ webpack-internal:///(app-pages-browser)/./lib/chat-transport.ts:137
[  228930ms] [LOG] [ChatTransport] onmessage triggered, has currentResponseHandler: true @ webpack-internal:///(app-pages-browser)/./lib/chat-transport.ts:41
[  228931ms] [LOG] [ChatTransport] responseHandler called, data: {"type":"delta","content":"古迹","error":null,"message_id":"4a7d14a1-196f-4b08-9a60-0fb97d3c0f5d","conversation_id":null,"itinerary":null,"stage":null} @ webpack-internal:///(app-pages-browser)/./lib/chat-transport.ts:137
[  228931ms] [LOG] [ChatTransport] onmessage triggered, has currentResponseHandler: true @ webpack-internal:///(app-pages-browser)/./lib/chat-transport.ts:41
[  228931ms] [LOG] [ChatTransport] responseHandler called, data: {"type":"delta","content":"\n","error":null,"message_id":"4a7d14a1-196f-4b08-9a60-0fb97d3c0f5d","conversation_id":null,"itinerary":null,"stage":null} @ webpack-internal:///(app-pages-browser)/./lib/chat-transport.ts:137
[  228980ms] [LOG] [ChatTransport] onmessage triggered, has currentResponseHandler: true @ webpack-internal:///(app-pages-browser)/./lib/chat-transport.ts:41
[  228980ms] [LOG] [ChatTransport] responseHandler called, data: {"type":"delta","content":"-","error":null,"message_id":"4a7d14a1-196f-4b08-9a60-0fb97d3c0f5d","conversation_id":null,"itinerary":null,"stage":null} @ webpack-internal:///(app-pages-browser)/./lib/chat-transport.ts:137
[  228981ms] [LOG] [ChatTransport] onmessage triggered, has currentResponseHandler: true @ webpack-internal:///(app-pages-browser)/./lib/chat-transport.ts:41
[  228981ms] [LOG] [ChatTransport] responseHandler called, data: {"type":"delta","content":" **","error":null,"message_id":"4a7d14a1-196f-4b08-9a60-0fb97d3c0f5d","conversation_id":null,"itinerary":null,"stage":null} @ webpack-internal:///(app-pages-browser)/./lib/chat-transport.ts:137
[  229043ms] [LOG] [ChatTransport] onmessage triggered, has currentResponseHandler: true @ webpack-internal:///(app-pages-browser)/./lib/chat-transport.ts:41
[  229043ms] [LOG] [ChatTransport] responseHandler called, data: {"type":"delta","content":"练","error":null,"message_id":"4a7d14a1-196f-4b08-9a60-0fb97d3c0f5d","conversation_id":null,"itinerary":null,"stage":null} @ webpack-internal:///(app-pages-browser)/./lib/chat-transport.ts:137
[  229044ms] [LOG] [ChatTransport] onmessage triggered, has currentResponseHandler: true @ webpack-internal:///(app-pages-browser)/./lib/chat-transport.ts:41
[  229044ms] [LOG] [ChatTransport] responseHandler called, data: {"type":"delta","content":"塘","error":null,"message_id":"4a7d14a1-196f-4b08-9a60-0fb97d3c0f5d","conversation_id":null,"itinerary":null,"stage":null} @ webpack-internal:///(app-pages-browser)/./lib/chat-transport.ts:137
[  229111ms] [LOG] [ChatTransport] onmessage triggered, has currentResponseHandler: true @ webpack-internal:///(app-pages-browser)/./lib/chat-transport.ts:41
[  229111ms] [LOG] [ChatTransport] responseHandler called, data: {"type":"delta","content":"古镇","error":null,"message_id":"4a7d14a1-196f-4b08-9a60-0fb97d3c0f5d","conversation_id":null,"itinerary":null,"stage":null} @ webpack-internal:///(app-pages-browser)/./lib/chat-transport.ts:137
[  229136ms] [LOG] [ChatTransport] onmessage triggered, has currentResponseHandler: true @ webpack-internal:///(app-pages-browser)/./lib/chat-transport.ts:41
[  229137ms] [LOG] [ChatTransport] responseHandler called, data: {"type":"delta","content":"**","error":null,"message_id":"4a7d14a1-196f-4b08-9a60-0fb97d3c0f5d","conversation_id":null,"itinerary":null,"stage":null} @ webpack-internal:///(app-pages-browser)/./lib/chat-transport.ts:137
[  229168ms] [LOG] [ChatTransport] onmessage triggered, has currentResponseHandler: true @ webpack-internal:///(app-pages-browser)/./lib/chat-transport.ts:41
[  229169ms] [LOG] [ChatTransport] responseHandler called, data: {"type":"delta","content":"：","error":null,"message_id":"4a7d14a1-196f-4b08-9a60-0fb97d3c0f5d","conversation_id":null,"itinerary":null,"stage":null} @ webpack-internal:///(app-pages-browser)/./lib/chat-transport.ts:137
[  229184ms] [LOG] [ChatTransport] onmessage triggered, has currentResponseHandler: true @ webpack-internal:///(app-pages-browser)/./lib/chat-transport.ts:41
[  229184ms] [LOG] [ChatTransport] responseHandler called, data: {"type":"delta","content":"陈","error":null,"message_id":"4a7d14a1-196f-4b08-9a60-0fb97d3c0f5d","conversation_id":null,"itinerary":null,"stage":null} @ webpack-internal:///(app-pages-browser)/./lib/chat-transport.ts:137
[  229277ms] [LOG] [ChatTransport] onmessage triggered, has currentResponseHandler: true @ webpack-internal:///(app-pages-browser)/./lib/chat-transport.ts:41
[  229277ms] [LOG] [ChatTransport] responseHandler called, data: {"type":"delta","content":"云","error":null,"message_id":"4a7d14a1-196f-4b08-9a60-0fb97d3c0f5d","conversation_id":null,"itinerary":null,"stage":null} @ webpack-internal:///(app-pages-browser)/./lib/chat-transport.ts:137
[  229278ms] [LOG] [ChatTransport] onmessage triggered, has currentResponseHandler: true @ webpack-internal:///(app-pages-browser)/./lib/chat-transport.ts:41
[  229278ms] [LOG] [ChatTransport] responseHandler called, data: {"type":"delta","content":"故","error":null,"message_id":"4a7d14a1-196f-4b08-9a60-0fb97d3c0f5d","conversation_id":null,"itinerary":null,"stage":null} @ webpack-internal:///(app-pages-browser)/./lib/chat-transport.ts:137
[  229308ms] [LOG] [ChatTransport] onmessage triggered, has currentResponseHandler: true @ webpack-internal:///(app-pages-browser)/./lib/chat-transport.ts:41
[  229308ms] [LOG] [ChatTransport] responseHandler called, data: {"type":"delta","content":"里","error":null,"message_id":"4a7d14a1-196f-4b08-9a60-0fb97d3c0f5d","conversation_id":null,"itinerary":null,"stage":null} @ webpack-internal:///(app-pages-browser)/./lib/chat-transport.ts:137
[  229309ms] [LOG] [ChatTransport] onmessage triggered, has currentResponseHandler: true @ webpack-internal:///(app-pages-browser)/./lib/chat-transport.ts:41
[  229309ms] [LOG] [ChatTransport] responseHandler called, data: {"type":"delta","content":"，","error":null,"message_id":"4a7d14a1-196f-4b08-9a60-0fb97d3c0f5d","conversation_id":null,"itinerary":null,"stage":null} @ webpack-internal:///(app-pages-browser)/./lib/chat-transport.ts:137
[  229331ms] [LOG] [ChatTransport] onmessage triggered, has currentResponseHandler: true @ webpack-internal:///(app-pages-browser)/./lib/chat-transport.ts:41
[  229331ms] [LOG] [ChatTransport] responseHandler called, data: {"type":"delta","content":"红色","error":null,"message_id":"4a7d14a1-196f-4b08-9a60-0fb97d3c0f5d","conversation_id":null,"itinerary":null,"stage":null} @ webpack-internal:///(app-pages-browser)/./lib/chat-transport.ts:137
[  229343ms] [LOG] [ChatTransport] onmessage triggered, has currentResponseHandler: true @ webpack-internal:///(app-pages-browser)/./lib/chat-transport.ts:41
[  229343ms] [LOG] [ChatTransport] responseHandler called, data: {"type":"delta","content":"旅游","error":null,"message_id":"4a7d14a1-196f-4b08-9a60-0fb97d3c0f5d","conversation_id":null,"itinerary":null,"stage":null} @ webpack-internal:///(app-pages-browser)/./lib/chat-transport.ts:137
[  229547ms] [LOG] [ChatTransport] onmessage triggered, has currentResponseHandler: true @ webpack-internal:///(app-pages-browser)/./lib/chat-transport.ts:41
[  229547ms] [LOG] [ChatTransport] responseHandler called, data: {"type":"delta","content":"与","error":null,"message_id":"4a7d14a1-196f-4b08-9a60-0fb97d3c0f5d","conversation_id":null,"itinerary":null,"stage":null} @ webpack-internal:///(app-pages-browser)/./lib/chat-transport.ts:137
[  229547ms] [LOG] [ChatTransport] onmessage triggered, has currentResponseHandler: true @ webpack-internal:///(app-pages-browser)/./lib/chat-transport.ts:41
[  229547ms] [LOG] [ChatTransport] responseHandler called, data: {"type":"delta","content":"古镇","error":null,"message_id":"4a7d14a1-196f-4b08-9a60-0fb97d3c0f5d","conversation_id":null,"itinerary":null,"stage":null} @ webpack-internal:///(app-pages-browser)/./lib/chat-transport.ts:137
[  229570ms] [LOG] [ChatTransport] onmessage triggered, has currentResponseHandler: true @ webpack-internal:///(app-pages-browser)/./lib/chat-transport.ts:41
[  229571ms] [LOG] [ChatTransport] responseHandler called, data: {"type":"delta","content":"结合","error":null,"message_id":"4a7d14a1-196f-4b08-9a60-0fb97d3c0f5d","conversation_id":null,"itinerary":null,"stage":null} @ webpack-internal:///(app-pages-browser)/./lib/chat-transport.ts:137
[  229572ms] [LOG] [ChatTransport] onmessage triggered, has currentResponseHandler: true @ webpack-internal:///(app-pages-browser)/./lib/chat-transport.ts:41
[  229572ms] [LOG] [ChatTransport] responseHandler called, data: {"type":"delta","content":"\n","error":null,"message_id":"4a7d14a1-196f-4b08-9a60-0fb97d3c0f5d","conversation_id":null,"itinerary":null,"stage":null} @ webpack-internal:///(app-pages-browser)/./lib/chat-transport.ts:137
[  229596ms] [LOG] [ChatTransport] onmessage triggered, has currentResponseHandler: true @ webpack-internal:///(app-pages-browser)/./lib/chat-transport.ts:41
[  229596ms] [LOG] [ChatTransport] responseHandler called, data: {"type":"delta","content":"-","error":null,"message_id":"4a7d14a1-196f-4b08-9a60-0fb97d3c0f5d","conversation_id":null,"itinerary":null,"stage":null} @ webpack-internal:///(app-pages-browser)/./lib/chat-transport.ts:137
[  229597ms] [LOG] [ChatTransport] onmessage triggered, has currentResponseHandler: true @ webpack-internal:///(app-pages-browser)/./lib/chat-transport.ts:41
[  229597ms] [LOG] [ChatTransport] responseHandler called, data: {"type":"delta","content":" **","error":null,"message_id":"4a7d14a1-196f-4b08-9a60-0fb97d3c0f5d","conversation_id":null,"itinerary":null,"stage":null} @ webpack-internal:///(app-pages-browser)/./lib/chat-transport.ts:137
[  229624ms] [LOG] [ChatTransport] onmessage triggered, has currentResponseHandler: true @ webpack-internal:///(app-pages-browser)/./lib/chat-transport.ts:41
[  229625ms] [LOG] [ChatTransport] responseHandler called, data: {"type":"delta","content":"川","error":null,"message_id":"4a7d14a1-196f-4b08-9a60-0fb97d3c0f5d","conversation_id":null,"itinerary":null,"stage":null} @ webpack-internal:///(app-pages-browser)/./lib/chat-transport.ts:137
[  229625ms] [LOG] [ChatTransport] onmessage triggered, has currentResponseHandler: true @ webpack-internal:///(app-pages-browser)/./lib/chat-transport.ts:41
[  229625ms] [LOG] [ChatTransport] responseHandler called, data: {"type":"delta","content":"沙","error":null,"message_id":"4a7d14a1-196f-4b08-9a60-0fb97d3c0f5d","conversation_id":null,"itinerary":null,"stage":null} @ webpack-internal:///(app-pages-browser)/./lib/chat-transport.ts:137
[  229678ms] [LOG] [ChatTransport] onmessage triggered, has currentResponseHandler: true @ webpack-internal:///(app-pages-browser)/./lib/chat-transport.ts:41
[  229678ms] [LOG] [ChatTransport] responseHandler called, data: {"type":"delta","content":"古镇","error":null,"message_id":"4a7d14a1-196f-4b08-9a60-0fb97d3c0f5d","conversation_id":null,"itinerary":null,"stage":null} @ webpack-internal:///(app-pages-browser)/./lib/chat-transport.ts:137
[  229701ms] [LOG] [ChatTransport] onmessage triggered, has currentResponseHandler: true @ webpack-internal:///(app-pages-browser)/./lib/chat-transport.ts:41
[  229702ms] [LOG] [ChatTransport] responseHandler called, data: {"type":"delta","content":"**","error":null,"message_id":"4a7d14a1-196f-4b08-9a60-0fb97d3c0f5d","conversation_id":null,"itinerary":null,"stage":null} @ webpack-internal:///(app-pages-browser)/./lib/chat-transport.ts:137
[  229723ms] [LOG] [ChatTransport] onmessage triggered, has currentResponseHandler: true @ webpack-internal:///(app-pages-browser)/./lib/chat-transport.ts:41
[  229724ms] [LOG] [ChatTransport] responseHandler called, data: {"type":"delta","content":"：","error":null,"message_id":"4a7d14a1-196f-4b08-9a60-0fb97d3c0f5d","conversation_id":null,"itinerary":null,"stage":null} @ webpack-internal:///(app-pages-browser)/./lib/chat-transport.ts:137
[  229741ms] [LOG] [ChatTransport] onmessage triggered, has currentResponseHandler: true @ webpack-internal:///(app-pages-browser)/./lib/chat-transport.ts:41
[  229741ms] [LOG] [ChatTransport] responseHandler called, data: {"type":"delta","content":"靠近","error":null,"message_id":"4a7d14a1-196f-4b08-9a60-0fb97d3c0f5d","conversation_id":null,"itinerary":null,"stage":null} @ webpack-internal:///(app-pages-browser)/./lib/chat-transport.ts:137
[  229782ms] [LOG] [ChatTransport] onmessage triggered, has currentResponseHandler: true @ webpack-internal:///(app-pages-browser)/./lib/chat-transport.ts:41
[  229782ms] [LOG] [ChatTransport] responseHandler called, data: {"type":"delta","content":"迪士尼","error":null,"message_id":"4a7d14a1-196f-4b08-9a60-0fb97d3c0f5d","conversation_id":null,"itinerary":null,"stage":null} @ webpack-internal:///(app-pages-browser)/./lib/chat-transport.ts:137
[  229797ms] [LOG] [ChatTransport] onmessage triggered, has currentResponseHandler: true @ webpack-internal:///(app-pages-browser)/./lib/chat-transport.ts:41
[  229797ms] [LOG] [ChatTransport] responseHandler called, data: {"type":"delta","content":"，","error":null,"message_id":"4a7d14a1-196f-4b08-9a60-0fb97d3c0f5d","conversation_id":null,"itinerary":null,"stage":null} @ webpack-internal:///(app-pages-browser)/./lib/chat-transport.ts:137
[  229943ms] [LOG] [ChatTransport] onmessage triggered, has currentResponseHandler: true @ webpack-internal:///(app-pages-browser)/./lib/chat-transport.ts:41
[  229943ms] [LOG] [ChatTransport] responseHandler called, data: {"type":"delta","content":"可以","error":null,"message_id":"4a7d14a1-196f-4b08-9a60-0fb97d3c0f5d","conversation_id":null,"itinerary":null,"stage":null} @ webpack-internal:///(app-pages-browser)/./lib/chat-transport.ts:137
[  229943ms] [LOG] [ChatTransport] onmessage triggered, has currentResponseHandler: true @ webpack-internal:///(app-pages-browser)/./lib/chat-transport.ts:41
[  229943ms] [LOG] [ChatTransport] responseHandler called, data: {"type":"delta","content":"结合","error":null,"message_id":"4a7d14a1-196f-4b08-9a60-0fb97d3c0f5d","conversation_id":null,"itinerary":null,"stage":null} @ webpack-internal:///(app-pages-browser)/./lib/chat-transport.ts:137
[  229963ms] [LOG] [ChatTransport] onmessage triggered, has currentResponseHandler: true @ webpack-internal:///(app-pages-browser)/./lib/chat-transport.ts:41
[  229964ms] [LOG] [ChatTransport] responseHandler called, data: {"type":"delta","content":"游玩","error":null,"message_id":"4a7d14a1-196f-4b08-9a60-0fb97d3c0f5d","conversation_id":null,"itinerary":null,"stage":null} @ webpack-internal:///(app-pages-browser)/./lib/chat-transport.ts:137
[  229980ms] [LOG] [ChatTransport] onmessage triggered, has currentResponseHandler: true @ webpack-internal:///(app-pages-browser)/./lib/chat-transport.ts:41
[  229980ms] [LOG] [ChatTransport] responseHandler called, data: {"type":"delta","content":"\n","error":null,"message_id":"4a7d14a1-196f-4b08-9a60-0fb97d3c0f5d","conversation_id":null,"itinerary":null,"stage":null} @ webpack-internal:///(app-pages-browser)/./lib/chat-transport.ts:137
[  229980ms] [LOG] [ChatTransport] onmessage triggered, has currentResponseHandler: true @ webpack-internal:///(app-pages-browser)/./lib/chat-transport.ts:41
[  229981ms] [LOG] [ChatTransport] responseHandler called, data: {"type":"delta","content":"-","error":null,"message_id":"4a7d14a1-196f-4b08-9a60-0fb97d3c0f5d","conversation_id":null,"itinerary":null,"stage":null} @ webpack-internal:///(app-pages-browser)/./lib/chat-transport.ts:137
[  230008ms] [LOG] [ChatTransport] onmessage triggered, has currentResponseHandler: true @ webpack-internal:///(app-pages-browser)/./lib/chat-transport.ts:41
[  230008ms] [LOG] [ChatTransport] responseHandler called, data: {"type":"delta","content":" **","error":null,"message_id":"4a7d14a1-196f-4b08-9a60-0fb97d3c0f5d","conversation_id":null,"itinerary":null,"stage":null} @ webpack-internal:///(app-pages-browser)/./lib/chat-transport.ts:137
[  230030ms] [LOG] [ChatTransport] onmessage triggered, has currentResponseHandler: true @ webpack-internal:///(app-pages-browser)/./lib/chat-transport.ts:41
[  230031ms] [LOG] [ChatTransport] responseHandler called, data: {"type":"delta","content":"青","error":null,"message_id":"4a7d14a1-196f-4b08-9a60-0fb97d3c0f5d","conversation_id":null,"itinerary":null,"stage":null} @ webpack-internal:///(app-pages-browser)/./lib/chat-transport.ts:137
[  230058ms] [LOG] [ChatTransport] onmessage triggered, has currentResponseHandler: true @ webpack-internal:///(app-pages-browser)/./lib/chat-transport.ts:41
[  230058ms] [LOG] [ChatTransport] responseHandler called, data: {"type":"delta","content":"溪","error":null,"message_id":"4a7d14a1-196f-4b08-9a60-0fb97d3c0f5d","conversation_id":null,"itinerary":null,"stage":null} @ webpack-internal:///(app-pages-browser)/./lib/chat-transport.ts:137
[  230081ms] [LOG] [ChatTransport] onmessage triggered, has currentResponseHandler: true @ webpack-internal:///(app-pages-browser)/./lib/chat-transport.ts:41
[  230082ms] [LOG] [ChatTransport] responseHandler called, data: {"type":"delta","content":"古镇","error":null,"message_id":"4a7d14a1-196f-4b08-9a60-0fb97d3c0f5d","conversation_id":null,"itinerary":null,"stage":null} @ webpack-internal:///(app-pages-browser)/./lib/chat-transport.ts:137
[  230126ms] [LOG] [ChatTransport] onmessage triggered, has currentResponseHandler: true @ webpack-internal:///(app-pages-browser)/./lib/chat-transport.ts:41
[  230126ms] [LOG] [ChatTransport] responseHandler called, data: {"type":"delta","content":"**","error":null,"message_id":"4a7d14a1-196f-4b08-9a60-0fb97d3c0f5d","conversation_id":null,"itinerary":null,"stage":null} @ webpack-internal:///(app-pages-browser)/./lib/chat-transport.ts:137
[  230146ms] [LOG] [ChatTransport] onmessage triggered, has currentResponseHandler: true @ webpack-internal:///(app-pages-browser)/./lib/chat-transport.ts:41
[  230146ms] [LOG] [ChatTransport] responseHandler called, data: {"type":"delta","content":"：","error":null,"message_id":"4a7d14a1-196f-4b08-9a60-0fb97d3c0f5d","conversation_id":null,"itinerary":null,"stage":null} @ webpack-internal:///(app-pages-browser)/./lib/chat-transport.ts:137
[  230176ms] [LOG] [ChatTransport] onmessage triggered, has currentResponseHandler: true @ webpack-internal:///(app-pages-browser)/./lib/chat-transport.ts:41
[  230176ms] [LOG] [ChatTransport] responseHandler called, data: {"type":"delta","content":"奉","error":null,"message_id":"4a7d14a1-196f-4b08-9a60-0fb97d3c0f5d","conversation_id":null,"itinerary":null,"stage":null} @ webpack-internal:///(app-pages-browser)/./lib/chat-transport.ts:137
[  230187ms] [LOG] [ChatTransport] onmessage triggered, has currentResponseHandler: true @ webpack-internal:///(app-pages-browser)/./lib/chat-transport.ts:41
[  230187ms] [LOG] [ChatTransport] responseHandler called, data: {"type":"delta","content":"贤","error":null,"message_id":"4a7d14a1-196f-4b08-9a60-0fb97d3c0f5d","conversation_id":null,"itinerary":null,"stage":null} @ webpack-internal:///(app-pages-browser)/./lib/chat-transport.ts:137
[  230238ms] [LOG] [ChatTransport] onmessage triggered, has currentResponseHandler: true @ webpack-internal:///(app-pages-browser)/./lib/chat-transport.ts:41
[  230238ms] [LOG] [ChatTransport] responseHandler called, data: {"type":"delta","content":"区的","error":null,"message_id":"4a7d14a1-196f-4b08-9a60-0fb97d3c0f5d","conversation_id":null,"itinerary":null,"stage":null} @ webpack-internal:///(app-pages-browser)/./lib/chat-transport.ts:137
[  230304ms] [LOG] [ChatTransport] onmessage triggered, has currentResponseHandler: true @ webpack-internal:///(app-pages-browser)/./lib/chat-transport.ts:41
[  230304ms] [LOG] [ChatTransport] responseHandler called, data: {"type":"delta","content":"古镇","error":null,"message_id":"4a7d14a1-196f-4b08-9a60-0fb97d3c0f5d","conversation_id":null,"itinerary":null,"stage":null} @ webpack-internal:///(app-pages-browser)/./lib/chat-transport.ts:137
[  230305ms] [LOG] [ChatTransport] onmessage triggered, has currentResponseHandler: true @ webpack-internal:///(app-pages-browser)/./lib/chat-transport.ts:41
[  230305ms] [LOG] [ChatTransport] responseHandler called, data: {"type":"delta","content":"，","error":null,"message_id":"4a7d14a1-196f-4b08-9a60-0fb97d3c0f5d","conversation_id":null,"itinerary":null,"stage":null} @ webpack-internal:///(app-pages-browser)/./lib/chat-transport.ts:137
[  230388ms] [LOG] [ChatTransport] onmessage triggered, has currentResponseHandler: true @ webpack-internal:///(app-pages-browser)/./lib/chat-transport.ts:41
[  230388ms] [LOG] [ChatTransport] responseHandler called, data: {"type":"delta","content":"相对","error":null,"message_id":"4a7d14a1-196f-4b08-9a60-0fb97d3c0f5d","conversation_id":null,"itinerary":null,"stage":null} @ webpack-internal:///(app-pages-browser)/./lib/chat-transport.ts:137
[  230391ms] [LOG] [ChatTransport] onmessage triggered, has currentResponseHandler: true @ webpack-internal:///(app-pages-browser)/./lib/chat-transport.ts:41
[  230392ms] [LOG] [ChatTransport] responseHandler called, data: {"type":"delta","content":"小众","error":null,"message_id":"4a7d14a1-196f-4b08-9a60-0fb97d3c0f5d","conversation_id":null,"itinerary":null,"stage":null} @ webpack-internal:///(app-pages-browser)/./lib/chat-transport.ts:137
[  230414ms] [LOG] [ChatTransport] onmessage triggered, has currentResponseHandler: true @ webpack-internal:///(app-pages-browser)/./lib/chat-transport.ts:41
[  230415ms] [LOG] [ChatTransport] responseHandler called, data: {"type":"delta","content":"安静","error":null,"message_id":"4a7d14a1-196f-4b08-9a60-0fb97d3c0f5d","conversation_id":null,"itinerary":null,"stage":null} @ webpack-internal:///(app-pages-browser)/./lib/chat-transport.ts:137
[  230491ms] [LOG] [ChatTransport] onmessage triggered, has currentResponseHandler: true @ webpack-internal:///(app-pages-browser)/./lib/chat-transport.ts:41
[  230491ms] [LOG] [ChatTransport] responseHandler called, data: {"type":"delta","content":"\n\n","error":null,"message_id":"4a7d14a1-196f-4b08-9a60-0fb97d3c0f5d","conversation_id":null,"itinerary":null,"stage":null} @ webpack-internal:///(app-pages-browser)/./lib/chat-transport.ts:137
[  230496ms] [LOG] [ChatTransport] onmessage triggered, has currentResponseHandler: true @ webpack-internal:///(app-pages-browser)/./lib/chat-transport.ts:41
[  230497ms] [LOG] [ChatTransport] responseHandler called, data: {"type":"delta","content":"##","error":null,"message_id":"4a7d14a1-196f-4b08-9a60-0fb97d3c0f5d","conversation_id":null,"itinerary":null,"stage":null} @ webpack-internal:///(app-pages-browser)/./lib/chat-transport.ts:137
[  230532ms] [LOG] [ChatTransport] onmessage triggered, has currentResponseHandler: true @ webpack-internal:///(app-pages-browser)/./lib/chat-transport.ts:41
[  230532ms] [LOG] [ChatTransport] responseHandler called, data: {"type":"delta","content":" 📝","error":null,"message_id":"4a7d14a1-196f-4b08-9a60-0fb97d3c0f5d","conversation_id":null,"itinerary":null,"stage":null} @ webpack-internal:///(app-pages-browser)/./lib/chat-transport.ts:137
[  230595ms] [LOG] [ChatTransport] onmessage triggered, has currentResponseHandler: true @ webpack-internal:///(app-pages-browser)/./lib/chat-transport.ts:41
[  230596ms] [LOG] [ChatTransport] responseHandler called, data: {"type":"delta","content":" ","error":null,"message_id":"4a7d14a1-196f-4b08-9a60-0fb97d3c0f5d","conversation_id":null,"itinerary":null,"stage":null} @ webpack-internal:///(app-pages-browser)/./lib/chat-transport.ts:137
[  230608ms] [LOG] [ChatTransport] onmessage triggered, has currentResponseHandler: true @ webpack-internal:///(app-pages-browser)/./lib/chat-transport.ts:41
[  230609ms] [LOG] [ChatTransport] responseHandler called, data: {"type":"delta","content":"出行","error":null,"message_id":"4a7d14a1-196f-4b08-9a60-0fb97d3c0f5d","conversation_id":null,"itinerary":null,"stage":null} @ webpack-internal:///(app-pages-browser)/./lib/chat-transport.ts:137
[  230648ms] [LOG] [ChatTransport] onmessage triggered, has currentResponseHandler: true @ webpack-internal:///(app-pages-browser)/./lib/chat-transport.ts:41
[  230648ms] [LOG] [ChatTransport] responseHandler called, data: {"type":"delta","content":"建议","error":null,"message_id":"4a7d14a1-196f-4b08-9a60-0fb97d3c0f5d","conversation_id":null,"itinerary":null,"stage":null} @ webpack-internal:///(app-pages-browser)/./lib/chat-transport.ts:137
[  230667ms] [LOG] [ChatTransport] onmessage triggered, has currentResponseHandler: true @ webpack-internal:///(app-pages-browser)/./lib/chat-transport.ts:41
[  230667ms] [LOG] [ChatTransport] responseHandler called, data: {"type":"delta","content":"\n\n","error":null,"message_id":"4a7d14a1-196f-4b08-9a60-0fb97d3c0f5d","conversation_id":null,"itinerary":null,"stage":null} @ webpack-internal:///(app-pages-browser)/./lib/chat-transport.ts:137
[  230900ms] [LOG] [ChatTransport] onmessage triggered, has currentResponseHandler: true @ webpack-internal:///(app-pages-browser)/./lib/chat-transport.ts:41
[  230900ms] [LOG] [ChatTransport] responseHandler called, data: {"type":"delta","content":"1","error":null,"message_id":"4a7d14a1-196f-4b08-9a60-0fb97d3c0f5d","conversation_id":null,"itinerary":null,"stage":null} @ webpack-internal:///(app-pages-browser)/./lib/chat-transport.ts:137
[  230918ms] [LOG] [ChatTransport] onmessage triggered, has currentResponseHandler: true @ webpack-internal:///(app-pages-browser)/./lib/chat-transport.ts:41
[  230918ms] [LOG] [ChatTransport] responseHandler called, data: {"type":"delta","content":".","error":null,"message_id":"4a7d14a1-196f-4b08-9a60-0fb97d3c0f5d","conversation_id":null,"itinerary":null,"stage":null} @ webpack-internal:///(app-pages-browser)/./lib/chat-transport.ts:137
[  230918ms] [LOG] [ChatTransport] onmessage triggered, has currentResponseHandler: true @ webpack-internal:///(app-pages-browser)/./lib/chat-transport.ts:41
[  230919ms] [LOG] [ChatTransport] responseHandler called, data: {"type":"delta","content":" **","error":null,"message_id":"4a7d14a1-196f-4b08-9a60-0fb97d3c0f5d","conversation_id":null,"itinerary":null,"stage":null} @ webpack-internal:///(app-pages-browser)/./lib/chat-transport.ts:137
[  230919ms] [LOG] [ChatTransport] onmessage triggered, has currentResponseHandler: true @ webpack-internal:///(app-pages-browser)/./lib/chat-transport.ts:41
[  230919ms] [LOG] [ChatTransport] responseHandler called, data: {"type":"delta","content":"交通","error":null,"message_id":"4a7d14a1-196f-4b08-9a60-0fb97d3c0f5d","conversation_id":null,"itinerary":null,"stage":null} @ webpack-internal:///(app-pages-browser)/./lib/chat-transport.ts:137
[  230944ms] [LOG] [ChatTransport] onmessage triggered, has currentResponseHandler: true @ webpack-internal:///(app-pages-browser)/./lib/chat-transport.ts:41
[  230944ms] [LOG] [ChatTransport] responseHandler called, data: {"type":"delta","content":"方式","error":null,"message_id":"4a7d14a1-196f-4b08-9a60-0fb97d3c0f5d","conversation_id":null,"itinerary":null,"stage":null} @ webpack-internal:///(app-pages-browser)/./lib/chat-transport.ts:137
[  230945ms] [LOG] [ChatTransport] onmessage triggered, has currentResponseHandler: true @ webpack-internal:///(app-pages-browser)/./lib/chat-transport.ts:41
[  230945ms] [LOG] [ChatTransport] responseHandler called, data: {"type":"delta","content":"**","error":null,"message_id":"4a7d14a1-196f-4b08-9a60-0fb97d3c0f5d","conversation_id":null,"itinerary":null,"stage":null} @ webpack-internal:///(app-pages-browser)/./lib/chat-transport.ts:137
[  230945ms] [LOG] [ChatTransport] onmessage triggered, has currentResponseHandler: true @ webpack-internal:///(app-pages-browser)/./lib/chat-transport.ts:41
[  230946ms] [LOG] [ChatTransport] responseHandler called, data: {"type":"delta","content":"：\n","error":null,"message_id":"4a7d14a1-196f-4b08-9a60-0fb97d3c0f5d","conversation_id":null,"itinerary":null,"stage":null} @ webpack-internal:///(app-pages-browser)/./lib/chat-transport.ts:137
[  231049ms] [LOG] [ChatTransport] onmessage triggered, has currentResponseHandler: true @ webpack-internal:///(app-pages-browser)/./lib/chat-transport.ts:41
[  231049ms] [LOG] [ChatTransport] responseHandler called, data: {"type":"delta","content":"  ","error":null,"message_id":"4a7d14a1-196f-4b08-9a60-0fb97d3c0f5d","conversation_id":null,"itinerary":null,"stage":null} @ webpack-internal:///(app-pages-browser)/./lib/chat-transport.ts:137
[  231067ms] [LOG] [ChatTransport] onmessage triggered, has currentResponseHandler: true @ webpack-internal:///(app-pages-browser)/./lib/chat-transport.ts:41
[  231067ms] [LOG] [ChatTransport] responseHandler called, data: {"type":"delta","content":" -","error":null,"message_id":"4a7d14a1-196f-4b08-9a60-0fb97d3c0f5d","conversation_id":null,"itinerary":null,"stage":null} @ webpack-internal:///(app-pages-browser)/./lib/chat-transport.ts:137
[  231084ms] [LOG] [ChatTransport] onmessage triggered, has currentResponseHandler: true @ webpack-internal:///(app-pages-browser)/./lib/chat-transport.ts:41
[  231084ms] [LOG] [ChatTransport] responseHandler called, data: {"type":"delta","content":" ","error":null,"message_id":"4a7d14a1-196f-4b08-9a60-0fb97d3c0f5d","conversation_id":null,"itinerary":null,"stage":null} @ webpack-internal:///(app-pages-browser)/./lib/chat-transport.ts:137
[  231085ms] [LOG] [ChatTransport] onmessage triggered, has currentResponseHandler: true @ webpack-internal:///(app-pages-browser)/./lib/chat-transport.ts:41
[  231085ms] [LOG] [ChatTransport] responseHandler called, data: {"type":"delta","content":"七","error":null,"message_id":"4a7d14a1-196f-4b08-9a60-0fb97d3c0f5d","conversation_id":null,"itinerary":null,"stage":null} @ webpack-internal:///(app-pages-browser)/./lib/chat-transport.ts:137
[  231098ms] [LOG] [ChatTransport] onmessage triggered, has currentResponseHandler: true @ webpack-internal:///(app-pages-browser)/./lib/chat-transport.ts:41
[  231098ms] [LOG] [ChatTransport] responseHandler called, data: {"type":"delta","content":"宝","error":null,"message_id":"4a7d14a1-196f-4b08-9a60-0fb97d3c0f5d","conversation_id":null,"itinerary":null,"stage":null} @ webpack-internal:///(app-pages-browser)/./lib/chat-transport.ts:137
[  231099ms] [LOG] [ChatTransport] onmessage triggered, has currentResponseHandler: true @ webpack-internal:///(app-pages-browser)/./lib/chat-transport.ts:41
[  231099ms] [LOG] [ChatTransport] responseHandler called, data: {"type":"delta","content":"、","error":null,"message_id":"4a7d14a1-196f-4b08-9a60-0fb97d3c0f5d","conversation_id":null,"itinerary":null,"stage":null} @ webpack-internal:///(app-pages-browser)/./lib/chat-transport.ts:137
[  231162ms] [LOG] [ChatTransport] onmessage triggered, has currentResponseHandler: true @ webpack-internal:///(app-pages-browser)/./lib/chat-transport.ts:41
[  231162ms] [LOG] [ChatTransport] responseHandler called, data: {"type":"delta","content":"南","error":null,"message_id":"4a7d14a1-196f-4b08-9a60-0fb97d3c0f5d","conversation_id":null,"itinerary":null,"stage":null} @ webpack-internal:///(app-pages-browser)/./lib/chat-transport.ts:137
[  231178ms] [LOG] [ChatTransport] onmessage triggered, has currentResponseHandler: true @ webpack-internal:///(app-pages-browser)/./lib/chat-transport.ts:41
[  231179ms] [LOG] [ChatTransport] responseHandler called, data: {"type":"delta","content":"翔","error":null,"message_id":"4a7d14a1-196f-4b08-9a60-0fb97d3c0f5d","conversation_id":null,"itinerary":null,"stage":null} @ webpack-internal:///(app-pages-browser)/./lib/chat-transport.ts:137
[  231240ms] [LOG] [ChatTransport] onmessage triggered, has currentResponseHandler: true @ webpack-internal:///(app-pages-browser)/./lib/chat-transport.ts:41
[  231240ms] [LOG] [ChatTransport] responseHandler called, data: {"type":"delta","content":"可","error":null,"message_id":"4a7d14a1-196f-4b08-9a60-0fb97d3c0f5d","conversation_id":null,"itinerary":null,"stage":null} @ webpack-internal:///(app-pages-browser)/./lib/chat-transport.ts:137
[  231259ms] [LOG] [ChatTransport] onmessage triggered, has currentResponseHandler: true @ webpack-internal:///(app-pages-browser)/./lib/chat-transport.ts:41
[  231260ms] [LOG] [ChatTransport] responseHandler called, data: {"type":"delta","content":"乘坐","error":null,"message_id":"4a7d14a1-196f-4b08-9a60-0fb97d3c0f5d","conversation_id":null,"itinerary":null,"stage":null} @ webpack-internal:///(app-pages-browser)/./lib/chat-transport.ts:137
[  231309ms] [LOG] [ChatTransport] onmessage triggered, has currentResponseHandler: true @ webpack-internal:///(app-pages-browser)/./lib/chat-transport.ts:41
[  231310ms] [LOG] [ChatTransport] responseHandler called, data: {"type":"delta","content":"地铁","error":null,"message_id":"4a7d14a1-196f-4b08-9a60-0fb97d3c0f5d","conversation_id":null,"itinerary":null,"stage":null} @ webpack-internal:///(app-pages-browser)/./lib/chat-transport.ts:137
[  231334ms] [LOG] [ChatTransport] onmessage triggered, has currentResponseHandler: true @ webpack-internal:///(app-pages-browser)/./lib/chat-transport.ts:41
[  231335ms] [LOG] [ChatTransport] responseHandler called, data: {"type":"delta","content":"直达","error":null,"message_id":"4a7d14a1-196f-4b08-9a60-0fb97d3c0f5d","conversation_id":null,"itinerary":null,"stage":null} @ webpack-internal:///(app-pages-browser)/./lib/chat-transport.ts:137
[  231365ms] [LOG] [ChatTransport] onmessage triggered, has currentResponseHandler: true @ webpack-internal:///(app-pages-browser)/./lib/chat-transport.ts:41
[  231365ms] [LOG] [ChatTransport] responseHandler called, data: {"type":"delta","content":"\n","error":null,"message_id":"4a7d14a1-196f-4b08-9a60-0fb97d3c0f5d","conversation_id":null,"itinerary":null,"stage":null} @ webpack-internal:///(app-pages-browser)/./lib/chat-transport.ts:137
[  231380ms] [LOG] [ChatTransport] onmessage triggered, has currentResponseHandler: true @ webpack-internal:///(app-pages-browser)/./lib/chat-transport.ts:41
[  231381ms] [LOG] [ChatTransport] responseHandler called, data: {"type":"delta","content":"  ","error":null,"message_id":"4a7d14a1-196f-4b08-9a60-0fb97d3c0f5d","conversation_id":null,"itinerary":null,"stage":null} @ webpack-internal:///(app-pages-browser)/./lib/chat-transport.ts:137
[  231431ms] [LOG] [ChatTransport] onmessage triggered, has currentResponseHandler: true @ webpack-internal:///(app-pages-browser)/./lib/chat-transport.ts:41
[  231431ms] [LOG] [ChatTransport] responseHandler called, data: {"type":"delta","content":" -","error":null,"message_id":"4a7d14a1-196f-4b08-9a60-0fb97d3c0f5d","conversation_id":null,"itinerary":null,"stage":null} @ webpack-internal:///(app-pages-browser)/./lib/chat-transport.ts:137
[  231431ms] [LOG] [ChatTransport] onmessage triggered, has currentResponseHandler: true @ webpack-internal:///(app-pages-browser)/./lib/chat-transport.ts:41
[  231431ms] [LOG] [ChatTransport] responseHandler called, data: {"type":"delta","content":" ","error":null,"message_id":"4a7d14a1-196f-4b08-9a60-0fb97d3c0f5d","conversation_id":null,"itinerary":null,"stage":null} @ webpack-internal:///(app-pages-browser)/./lib/chat-transport.ts:137
[  231509ms] [LOG] [ChatTransport] onmessage triggered, has currentResponseHandler: true @ webpack-internal:///(app-pages-browser)/./lib/chat-transport.ts:41
[  231509ms] [LOG] [ChatTransport] responseHandler called, data: {"type":"delta","content":"朱","error":null,"message_id":"4a7d14a1-196f-4b08-9a60-0fb97d3c0f5d","conversation_id":null,"itinerary":null,"stage":null} @ webpack-internal:///(app-pages-browser)/./lib/chat-transport.ts:137
[  231525ms] [LOG] [ChatTransport] onmessage triggered, has currentResponseHandler: true @ webpack-internal:///(app-pages-browser)/./lib/chat-transport.ts:41
[  231525ms] [LOG] [ChatTransport] responseHandler called, data: {"type":"delta","content":"家","error":null,"message_id":"4a7d14a1-196f-4b08-9a60-0fb97d3c0f5d","conversation_id":null,"itinerary":null,"stage":null} @ webpack-internal:///(app-pages-browser)/./lib/chat-transport.ts:137
[  231542ms] [LOG] [ChatTransport] onmessage triggered, has currentResponseHandler: true @ webpack-internal:///(app-pages-browser)/./lib/chat-transport.ts:41
[  231542ms] [LOG] [ChatTransport] responseHandler called, data: {"type":"delta","content":"角","error":null,"message_id":"4a7d14a1-196f-4b08-9a60-0fb97d3c0f5d","conversation_id":null,"itinerary":null,"stage":null} @ webpack-internal:///(app-pages-browser)/./lib/chat-transport.ts:137
[  231545ms] [LOG] [ChatTransport] onmessage triggered, has currentResponseHandler: true @ webpack-internal:///(app-pages-browser)/./lib/chat-transport.ts:41
[  231545ms] [LOG] [ChatTransport] responseHandler called, data: {"type":"delta","content":"、","error":null,"message_id":"4a7d14a1-196f-4b08-9a60-0fb97d3c0f5d","conversation_id":null,"itinerary":null,"stage":null} @ webpack-internal:///(app-pages-browser)/./lib/chat-transport.ts:137
[  231611ms] [LOG] [ChatTransport] onmessage triggered, has currentResponseHandler: true @ webpack-internal:///(app-pages-browser)/./lib/chat-transport.ts:41
[  231611ms] [LOG] [ChatTransport] responseHandler called, data: {"type":"delta","content":"周","error":null,"message_id":"4a7d14a1-196f-4b08-9a60-0fb97d3c0f5d","conversation_id":null,"itinerary":null,"stage":null} @ webpack-internal:///(app-pages-browser)/./lib/chat-transport.ts:137
[  231631ms] [LOG] [ChatTransport] onmessage triggered, has currentResponseHandler: true @ webpack-internal:///(app-pages-browser)/./lib/chat-transport.ts:41
[  231632ms] [LOG] [ChatTransport] responseHandler called, data: {"type":"delta","content":"庄","error":null,"message_id":"4a7d14a1-196f-4b08-9a60-0fb97d3c0f5d","conversation_id":null,"itinerary":null,"stage":null} @ webpack-internal:///(app-pages-browser)/./lib/chat-transport.ts:137
[  231666ms] [LOG] [ChatTransport] onmessage triggered, has currentResponseHandler: true @ webpack-internal:///(app-pages-browser)/./lib/chat-transport.ts:41
[  231666ms] [LOG] [ChatTransport] responseHandler called, data: {"type":"delta","content":"建议","error":null,"message_id":"4a7d14a1-196f-4b08-9a60-0fb97d3c0f5d","conversation_id":null,"itinerary":null,"stage":null} @ webpack-internal:///(app-pages-browser)/./lib/chat-transport.ts:137
[  231716ms] [LOG] [ChatTransport] onmessage triggered, has currentResponseHandler: true @ webpack-internal:///(app-pages-browser)/./lib/chat-transport.ts:41
[  231717ms] [LOG] [ChatTransport] responseHandler called, data: {"type":"delta","content":"自驾","error":null,"message_id":"4a7d14a1-196f-4b08-9a60-0fb97d3c0f5d","conversation_id":null,"itinerary":null,"stage":null} @ webpack-internal:///(app-pages-browser)/./lib/chat-transport.ts:137
[  231736ms] [LOG] [ChatTransport] onmessage triggered, has currentResponseHandler: true @ webpack-internal:///(app-pages-browser)/./lib/chat-transport.ts:41
[  231736ms] [LOG] [ChatTransport] responseHandler called, data: {"type":"delta","content":"或","error":null,"message_id":"4a7d14a1-196f-4b08-9a60-0fb97d3c0f5d","conversation_id":null,"itinerary":null,"stage":null} @ webpack-internal:///(app-pages-browser)/./lib/chat-transport.ts:137
[  231803ms] [LOG] [ChatTransport] onmessage triggered, has currentResponseHandler: true @ webpack-internal:///(app-pages-browser)/./lib/chat-transport.ts:41
[  231803ms] [LOG] [ChatTransport] responseHandler called, data: {"type":"delta","content":"乘坐","error":null,"message_id":"4a7d14a1-196f-4b08-9a60-0fb97d3c0f5d","conversation_id":null,"itinerary":null,"stage":null} @ webpack-internal:///(app-pages-browser)/./lib/chat-transport.ts:137
[  231823ms] [LOG] [ChatTransport] onmessage triggered, has currentResponseHandler: true @ webpack-internal:///(app-pages-browser)/./lib/chat-transport.ts:41
[  231824ms] [LOG] [ChatTransport] responseHandler called, data: {"type":"delta","content":"旅游","error":null,"message_id":"4a7d14a1-196f-4b08-9a60-0fb97d3c0f5d","conversation_id":null,"itinerary":null,"stage":null} @ webpack-internal:///(app-pages-browser)/./lib/chat-transport.ts:137
[  231854ms] [LOG] [ChatTransport] onmessage triggered, has currentResponseHandler: true @ webpack-internal:///(app-pages-browser)/./lib/chat-transport.ts:41
[  231855ms] [LOG] [ChatTransport] responseHandler called, data: {"type":"delta","content":"专","error":null,"message_id":"4a7d14a1-196f-4b08-9a60-0fb97d3c0f5d","conversation_id":null,"itinerary":null,"stage":null} @ webpack-internal:///(app-pages-browser)/./lib/chat-transport.ts:137
[  231881ms] [LOG] [ChatTransport] onmessage triggered, has currentResponseHandler: true @ webpack-internal:///(app-pages-browser)/./lib/chat-transport.ts:41
[  231881ms] [LOG] [ChatTransport] responseHandler called, data: {"type":"delta","content":"线","error":null,"message_id":"4a7d14a1-196f-4b08-9a60-0fb97d3c0f5d","conversation_id":null,"itinerary":null,"stage":null} @ webpack-internal:///(app-pages-browser)/./lib/chat-transport.ts:137
[  231900ms] [LOG] [ChatTransport] onmessage triggered, has currentResponseHandler: true @ webpack-internal:///(app-pages-browser)/./lib/chat-transport.ts:41
[  231900ms] [LOG] [ChatTransport] responseHandler called, data: {"type":"delta","content":"\n","error":null,"message_id":"4a7d14a1-196f-4b08-9a60-0fb97d3c0f5d","conversation_id":null,"itinerary":null,"stage":null} @ webpack-internal:///(app-pages-browser)/./lib/chat-transport.ts:137
[  231915ms] [LOG] [ChatTransport] onmessage triggered, has currentResponseHandler: true @ webpack-internal:///(app-pages-browser)/./lib/chat-transport.ts:41
[  231916ms] [LOG] [ChatTransport] responseHandler called, data: {"type":"delta","content":"  ","error":null,"message_id":"4a7d14a1-196f-4b08-9a60-0fb97d3c0f5d","conversation_id":null,"itinerary":null,"stage":null} @ webpack-internal:///(app-pages-browser)/./lib/chat-transport.ts:137
[  231952ms] [LOG] [ChatTransport] onmessage triggered, has currentResponseHandler: true @ webpack-internal:///(app-pages-browser)/./lib/chat-transport.ts:41
[  231952ms] [LOG] [ChatTransport] responseHandler called, data: {"type":"delta","content":" -","error":null,"message_id":"4a7d14a1-196f-4b08-9a60-0fb97d3c0f5d","conversation_id":null,"itinerary":null,"stage":null} @ webpack-internal:///(app-pages-browser)/./lib/chat-transport.ts:137
[  231952ms] [LOG] [ChatTransport] onmessage triggered, has currentResponseHandler: true @ webpack-internal:///(app-pages-browser)/./lib/chat-transport.ts:41
[  231953ms] [LOG] [ChatTransport] responseHandler called, data: {"type":"delta","content":" ","error":null,"message_id":"4a7d14a1-196f-4b08-9a60-0fb97d3c0f5d","conversation_id":null,"itinerary":null,"stage":null} @ webpack-internal:///(app-pages-browser)/./lib/chat-transport.ts:137
[  232009ms] [LOG] [ChatTransport] onmessage triggered, has currentResponseHandler: true @ webpack-internal:///(app-pages-browser)/./lib/chat-transport.ts:41
[  232010ms] [LOG] [ChatTransport] responseHandler called, data: {"type":"delta","content":"其他","error":null,"message_id":"4a7d14a1-196f-4b08-9a60-0fb97d3c0f5d","conversation_id":null,"itinerary":null,"stage":null} @ webpack-internal:///(app-pages-browser)/./lib/chat-transport.ts:137
[  232074ms] [LOG] [ChatTransport] onmessage triggered, has currentResponseHandler: true @ webpack-internal:///(app-pages-browser)/./lib/chat-transport.ts:41
[  232074ms] [LOG] [ChatTransport] responseHandler called, data: {"type":"delta","content":"古镇","error":null,"message_id":"4a7d14a1-196f-4b08-9a60-0fb97d3c0f5d","conversation_id":null,"itinerary":null,"stage":null} @ webpack-internal:///(app-pages-browser)/./lib/chat-transport.ts:137
[  232095ms] [LOG] [ChatTransport] onmessage triggered, has currentResponseHandler: true @ webpack-internal:///(app-pages-browser)/./lib/chat-transport.ts:41
[  232096ms] [LOG] [ChatTransport] responseHandler called, data: {"type":"delta","content":"建议","error":null,"message_id":"4a7d14a1-196f-4b08-9a60-0fb97d3c0f5d","conversation_id":null,"itinerary":null,"stage":null} @ webpack-internal:///(app-pages-browser)/./lib/chat-transport.ts:137
[  232145ms] [LOG] [ChatTransport] onmessage triggered, has currentResponseHandler: true @ webpack-internal:///(app-pages-browser)/./lib/chat-transport.ts:41
[  232146ms] [LOG] [ChatTransport] responseHandler called, data: {"type":"delta","content":"自驾","error":null,"message_id":"4a7d14a1-196f-4b08-9a60-0fb97d3c0f5d","conversation_id":null,"itinerary":null,"stage":null} @ webpack-internal:///(app-pages-browser)/./lib/chat-transport.ts:137
[  232148ms] [LOG] [ChatTransport] onmessage triggered, has currentResponseHandler: true @ webpack-internal:///(app-pages-browser)/./lib/chat-transport.ts:41
[  232148ms] [LOG] [ChatTransport] responseHandler called, data: {"type":"delta","content":"前往","error":null,"message_id":"4a7d14a1-196f-4b08-9a60-0fb97d3c0f5d","conversation_id":null,"itinerary":null,"stage":null} @ webpack-internal:///(app-pages-browser)/./lib/chat-transport.ts:137
[  232189ms] [LOG] [ChatTransport] onmessage triggered, has currentResponseHandler: true @ webpack-internal:///(app-pages-browser)/./lib/chat-transport.ts:41
[  232189ms] [LOG] [ChatTransport] responseHandler called, data: {"type":"delta","content":"\n\n","error":null,"message_id":"4a7d14a1-196f-4b08-9a60-0fb97d3c0f5d","conversation_id":null,"itinerary":null,"stage":null} @ webpack-internal:///(app-pages-browser)/./lib/chat-transport.ts:137
[  232209ms] [LOG] [ChatTransport] onmessage triggered, has currentResponseHandler: true @ webpack-internal:///(app-pages-browser)/./lib/chat-transport.ts:41
[  232209ms] [LOG] [ChatTransport] responseHandler called, data: {"type":"delta","content":"2","error":null,"message_id":"4a7d14a1-196f-4b08-9a60-0fb97d3c0f5d","conversation_id":null,"itinerary":null,"stage":null} @ webpack-internal:///(app-pages-browser)/./lib/chat-transport.ts:137
[  232244ms] [LOG] [ChatTransport] onmessage triggered, has currentResponseHandler: true @ webpack-internal:///(app-pages-browser)/./lib/chat-transport.ts:41
[  232244ms] [LOG] [ChatTransport] responseHandler called, data: {"type":"delta","content":".","error":null,"message_id":"4a7d14a1-196f-4b08-9a60-0fb97d3c0f5d","conversation_id":null,"itinerary":null,"stage":null} @ webpack-internal:///(app-pages-browser)/./lib/chat-transport.ts:137
[  232266ms] [LOG] [ChatTransport] onmessage triggered, has currentResponseHandler: true @ webpack-internal:///(app-pages-browser)/./lib/chat-transport.ts:41
[  232266ms] [LOG] [ChatTransport] responseHandler called, data: {"type":"delta","content":" **","error":null,"message_id":"4a7d14a1-196f-4b08-9a60-0fb97d3c0f5d","conversation_id":null,"itinerary":null,"stage":null} @ webpack-internal:///(app-pages-browser)/./lib/chat-transport.ts:137
[  232302ms] [LOG] [ChatTransport] onmessage triggered, has currentResponseHandler: true @ webpack-internal:///(app-pages-browser)/./lib/chat-transport.ts:41
[  232302ms] [LOG] [ChatTransport] responseHandler called, data: {"type":"delta","content":"最佳","error":null,"message_id":"4a7d14a1-196f-4b08-9a60-0fb97d3c0f5d","conversation_id":null,"itinerary":null,"stage":null} @ webpack-internal:///(app-pages-browser)/./lib/chat-transport.ts:137
[  232318ms] [LOG] [ChatTransport] onmessage triggered, has currentResponseHandler: true @ webpack-internal:///(app-pages-browser)/./lib/chat-transport.ts:41
[  232318ms] [LOG] [ChatTransport] responseHandler called, data: {"type":"delta","content":"时间","error":null,"message_id":"4a7d14a1-196f-4b08-9a60-0fb97d3c0f5d","conversation_id":null,"itinerary":null,"stage":null} @ webpack-internal:///(app-pages-browser)/./lib/chat-transport.ts:137
[  232364ms] [LOG] [ChatTransport] onmessage triggered, has currentResponseHandler: true @ webpack-internal:///(app-pages-browser)/./lib/chat-transport.ts:41
[  232364ms] [LOG] [ChatTransport] responseHandler called, data: {"type":"delta","content":"**","error":null,"message_id":"4a7d14a1-196f-4b08-9a60-0fb97d3c0f5d","conversation_id":null,"itinerary":null,"stage":null} @ webpack-internal:///(app-pages-browser)/./lib/chat-transport.ts:137
[  232369ms] [LOG] [ChatTransport] onmessage triggered, has currentResponseHandler: true @ webpack-internal:///(app-pages-browser)/./lib/chat-transport.ts:41
[  232370ms] [LOG] [ChatTransport] responseHandler called, data: {"type":"delta","content":"：\n","error":null,"message_id":"4a7d14a1-196f-4b08-9a60-0fb97d3c0f5d","conversation_id":null,"itinerary":null,"stage":null} @ webpack-internal:///(app-pages-browser)/./lib/chat-transport.ts:137
[  232431ms] [LOG] [ChatTransport] onmessage triggered, has currentResponseHandler: true @ webpack-internal:///(app-pages-browser)/./lib/chat-transport.ts:41
[  232431ms] [LOG] [ChatTransport] responseHandler called, data: {"type":"delta","content":"  ","error":null,"message_id":"4a7d14a1-196f-4b08-9a60-0fb97d3c0f5d","conversation_id":null,"itinerary":null,"stage":null} @ webpack-internal:///(app-pages-browser)/./lib/chat-transport.ts:137
[  232438ms] [LOG] [ChatTransport] onmessage triggered, has currentResponseHandler: true @ webpack-internal:///(app-pages-browser)/./lib/chat-transport.ts:41
[  232439ms] [LOG] [ChatTransport] responseHandler called, data: {"type":"delta","content":" -","error":null,"message_id":"4a7d14a1-196f-4b08-9a60-0fb97d3c0f5d","conversation_id":null,"itinerary":null,"stage":null} @ webpack-internal:///(app-pages-browser)/./lib/chat-transport.ts:137
[  232509ms] [LOG] [ChatTransport] onmessage triggered, has currentResponseHandler: true @ webpack-internal:///(app-pages-browser)/./lib/chat-transport.ts:41
[  232509ms] [LOG] [ChatTransport] responseHandler called, data: {"type":"delta","content":" ","error":null,"message_id":"4a7d14a1-196f-4b08-9a60-0fb97d3c0f5d","conversation_id":null,"itinerary":null,"stage":null} @ webpack-internal:///(app-pages-browser)/./lib/chat-transport.ts:137
[  232516ms] [LOG] [ChatTransport] onmessage triggered, has currentResponseHandler: true @ webpack-internal:///(app-pages-browser)/./lib/chat-transport.ts:41
[  232516ms] [LOG] [ChatTransport] responseHandler called, data: {"type":"delta","content":"春秋","error":null,"message_id":"4a7d14a1-196f-4b08-9a60-0fb97d3c0f5d","conversation_id":null,"itinerary":null,"stage":null} @ webpack-internal:///(app-pages-browser)/./lib/chat-transport.ts:137
[  232681ms] [LOG] [ChatTransport] onmessage triggered, has currentResponseHandler: true @ webpack-internal:///(app-pages-browser)/./lib/chat-transport.ts:41
[  232681ms] [LOG] [ChatTransport] responseHandler called, data: {"type":"delta","content":"季节","error":null,"message_id":"4a7d14a1-196f-4b08-9a60-0fb97d3c0f5d","conversation_id":null,"itinerary":null,"stage":null} @ webpack-internal:///(app-pages-browser)/./lib/chat-transport.ts:137
[  232682ms] [LOG] [ChatTransport] onmessage triggered, has currentResponseHandler: true @ webpack-internal:///(app-pages-browser)/./lib/chat-transport.ts:41
[  232682ms] [LOG] [ChatTransport] responseHandler called, data: {"type":"delta","content":"（","error":null,"message_id":"4a7d14a1-196f-4b08-9a60-0fb97d3c0f5d","conversation_id":null,"itinerary":null,"stage":null} @ webpack-internal:///(app-pages-browser)/./lib/chat-transport.ts:137
[  232707ms] [LOG] [ChatTransport] onmessage triggered, has currentResponseHandler: true @ webpack-internal:///(app-pages-browser)/./lib/chat-transport.ts:41
[  232707ms] [LOG] [ChatTransport] responseHandler called, data: {"type":"delta","content":"3","error":null,"message_id":"4a7d14a1-196f-4b08-9a60-0fb97d3c0f5d","conversation_id":null,"itinerary":null,"stage":null} @ webpack-internal:///(app-pages-browser)/./lib/chat-transport.ts:137
[  232738ms] [LOG] [ChatTransport] onmessage triggered, has currentResponseHandler: true @ webpack-internal:///(app-pages-browser)/./lib/chat-transport.ts:41
[  232739ms] [LOG] [ChatTransport] responseHandler called, data: {"type":"delta","content":"-","error":null,"message_id":"4a7d14a1-196f-4b08-9a60-0fb97d3c0f5d","conversation_id":null,"itinerary":null,"stage":null} @ webpack-internal:///(app-pages-browser)/./lib/chat-transport.ts:137
[  232739ms] [LOG] [ChatTransport] onmessage triggered, has currentResponseHandler: true @ webpack-internal:///(app-pages-browser)/./lib/chat-transport.ts:41
[  232739ms] [LOG] [ChatTransport] responseHandler called, data: {"type":"delta","content":"5","error":null,"message_id":"4a7d14a1-196f-4b08-9a60-0fb97d3c0f5d","conversation_id":null,"itinerary":null,"stage":null} @ webpack-internal:///(app-pages-browser)/./lib/chat-transport.ts:137
[  232762ms] [LOG] [ChatTransport] onmessage triggered, has currentResponseHandler: true @ webpack-internal:///(app-pages-browser)/./lib/chat-transport.ts:41
[  232762ms] [LOG] [ChatTransport] responseHandler called, data: {"type":"delta","content":"月","error":null,"message_id":"4a7d14a1-196f-4b08-9a60-0fb97d3c0f5d","conversation_id":null,"itinerary":null,"stage":null} @ webpack-internal:///(app-pages-browser)/./lib/chat-transport.ts:137
[  232786ms] [LOG] [ChatTransport] onmessage triggered, has currentResponseHandler: true @ webpack-internal:///(app-pages-browser)/./lib/chat-transport.ts:41
[  232786ms] [LOG] [ChatTransport] responseHandler called, data: {"type":"delta","content":"，","error":null,"message_id":"4a7d14a1-196f-4b08-9a60-0fb97d3c0f5d","conversation_id":null,"itinerary":null,"stage":null} @ webpack-internal:///(app-pages-browser)/./lib/chat-transport.ts:137
[  232810ms] [LOG] [ChatTransport] onmessage triggered, has currentResponseHandler: true @ webpack-internal:///(app-pages-browser)/./lib/chat-transport.ts:41
[  232811ms] [LOG] [ChatTransport] responseHandler called, data: {"type":"delta","content":"9","error":null,"message_id":"4a7d14a1-196f-4b08-9a60-0fb97d3c0f5d","conversation_id":null,"itinerary":null,"stage":null} @ webpack-internal:///(app-pages-browser)/./lib/chat-transport.ts:137
[  232811ms] [LOG] [ChatTransport] onmessage triggered, has currentResponseHandler: true @ webpack-internal:///(app-pages-browser)/./lib/chat-transport.ts:41
[  232812ms] [LOG] [ChatTransport] responseHandler called, data: {"type":"delta","content":"-","error":null,"message_id":"4a7d14a1-196f-4b08-9a60-0fb97d3c0f5d","conversation_id":null,"itinerary":null,"stage":null} @ webpack-internal:///(app-pages-browser)/./lib/chat-transport.ts:137
[  232887ms] [LOG] [ChatTransport] onmessage triggered, has currentResponseHandler: true @ webpack-internal:///(app-pages-browser)/./lib/chat-transport.ts:41
[  232888ms] [LOG] [ChatTransport] responseHandler called, data: {"type":"delta","content":"11","error":null,"message_id":"4a7d14a1-196f-4b08-9a60-0fb97d3c0f5d","conversation_id":null,"itinerary":null,"stage":null} @ webpack-internal:///(app-pages-browser)/./lib/chat-transport.ts:137
[  232889ms] [LOG] [ChatTransport] onmessage triggered, has currentResponseHandler: true @ webpack-internal:///(app-pages-browser)/./lib/chat-transport.ts:41
[  232889ms] [LOG] [ChatTransport] responseHandler called, data: {"type":"delta","content":"月","error":null,"message_id":"4a7d14a1-196f-4b08-9a60-0fb97d3c0f5d","conversation_id":null,"itinerary":null,"stage":null} @ webpack-internal:///(app-pages-browser)/./lib/chat-transport.ts:137
[  232906ms] [LOG] [ChatTransport] onmessage triggered, has currentResponseHandler: true @ webpack-internal:///(app-pages-browser)/./lib/chat-transport.ts:41
[  232907ms] [LOG] [ChatTransport] responseHandler called, data: {"type":"delta","content":"）","error":null,"message_id":"4a7d14a1-196f-4b08-9a60-0fb97d3c0f5d","conversation_id":null,"itinerary":null,"stage":null} @ webpack-internal:///(app-pages-browser)/./lib/chat-transport.ts:137
[  232926ms] [LOG] [ChatTransport] onmessage triggered, has currentResponseHandler: true @ webpack-internal:///(app-pages-browser)/./lib/chat-transport.ts:41
[  232926ms] [LOG] [ChatTransport] responseHandler called, data: {"type":"delta","content":"气候","error":null,"message_id":"4a7d14a1-196f-4b08-9a60-0fb97d3c0f5d","conversation_id":null,"itinerary":null,"stage":null} @ webpack-internal:///(app-pages-browser)/./lib/chat-transport.ts:137
[  232950ms] [LOG] [ChatTransport] onmessage triggered, has currentResponseHandler: true @ webpack-internal:///(app-pages-browser)/./lib/chat-transport.ts:41
[  232950ms] [LOG] [ChatTransport] responseHandler called, data: {"type":"delta","content":"宜","error":null,"message_id":"4a7d14a1-196f-4b08-9a60-0fb97d3c0f5d","conversation_id":null,"itinerary":null,"stage":null} @ webpack-internal:///(app-pages-browser)/./lib/chat-transport.ts:137
[  233019ms] [LOG] [ChatTransport] onmessage triggered, has currentResponseHandler: true @ webpack-internal:///(app-pages-browser)/./lib/chat-transport.ts:41
[  233019ms] [LOG] [ChatTransport] responseHandler called, data: {"type":"delta","content":"人","error":null,"message_id":"4a7d14a1-196f-4b08-9a60-0fb97d3c0f5d","conversation_id":null,"itinerary":null,"stage":null} @ webpack-internal:///(app-pages-browser)/./lib/chat-transport.ts:137
[  233019ms] [LOG] [ChatTransport] onmessage triggered, has currentResponseHandler: true @ webpack-internal:///(app-pages-browser)/./lib/chat-transport.ts:41
[  233019ms] [LOG] [ChatTransport] responseHandler called, data: {"type":"delta","content":"\n","error":null,"message_id":"4a7d14a1-196f-4b08-9a60-0fb97d3c0f5d","conversation_id":null,"itinerary":null,"stage":null} @ webpack-internal:///(app-pages-browser)/./lib/chat-transport.ts:137
[  233066ms] [LOG] [ChatTransport] onmessage triggered, has currentResponseHandler: true @ webpack-internal:///(app-pages-browser)/./lib/chat-transport.ts:41
[  233066ms] [LOG] [ChatTransport] responseHandler called, data: {"type":"delta","content":"  ","error":null,"message_id":"4a7d14a1-196f-4b08-9a60-0fb97d3c0f5d","conversation_id":null,"itinerary":null,"stage":null} @ webpack-internal:///(app-pages-browser)/./lib/chat-transport.ts:137
[  233079ms] [LOG] [ChatTransport] onmessage triggered, has currentResponseHandler: true @ webpack-internal:///(app-pages-browser)/./lib/chat-transport.ts:41
[  233079ms] [LOG] [ChatTransport] responseHandler called, data: {"type":"delta","content":" -","error":null,"message_id":"4a7d14a1-196f-4b08-9a60-0fb97d3c0f5d","conversation_id":null,"itinerary":null,"stage":null} @ webpack-internal:///(app-pages-browser)/./lib/chat-transport.ts:137
[  233181ms] [LOG] [ChatTransport] onmessage triggered, has currentResponseHandler: true @ webpack-internal:///(app-pages-browser)/./lib/chat-transport.ts:41
[  233182ms] [LOG] [ChatTransport] responseHandler called, data: {"type":"delta","content":" ","error":null,"message_id":"4a7d14a1-196f-4b08-9a60-0fb97d3c0f5d","conversation_id":null,"itinerary":null,"stage":null} @ webpack-internal:///(app-pages-browser)/./lib/chat-transport.ts:137
[  233201ms] [LOG] [ChatTransport] onmessage triggered, has currentResponseHandler: true @ webpack-internal:///(app-pages-browser)/./lib/chat-transport.ts:41
[  233202ms] [LOG] [ChatTransport] responseHandler called, data: {"type":"delta","content":"避开","error":null,"message_id":"4a7d14a1-196f-4b08-9a60-0fb97d3c0f5d","conversation_id":null,"itinerary":null,"stage":null} @ webpack-internal:///(app-pages-browser)/./lib/chat-transport.ts:137
[  233224ms] [LOG] [ChatTransport] onmessage triggered, has currentResponseHandler: true @ webpack-internal:///(app-pages-browser)/./lib/chat-transport.ts:41
[  233225ms] [LOG] [ChatTransport] responseHandler called, data: {"type":"delta","content":"节假日","error":null,"message_id":"4a7d14a1-196f-4b08-9a60-0fb97d3c0f5d","conversation_id":null,"itinerary":null,"stage":null} @ webpack-internal:///(app-pages-browser)/./lib/chat-transport.ts:137
[  233225ms] [LOG] [ChatTransport] onmessage triggered, has currentResponseHandler: true @ webpack-internal:///(app-pages-browser)/./lib/chat-transport.ts:41
[  233225ms] [LOG] [ChatTransport] responseHandler called, data: {"type":"delta","content":"高峰期","error":null,"message_id":"4a7d14a1-196f-4b08-9a60-0fb97d3c0f5d","conversation_id":null,"itinerary":null,"stage":null} @ webpack-internal:///(app-pages-browser)/./lib/chat-transport.ts:137
[  233309ms] [LOG] [ChatTransport] onmessage triggered, has currentResponseHandler: true @ webpack-internal:///(app-pages-browser)/./lib/chat-transport.ts:41
[  233309ms] [LOG] [ChatTransport] responseHandler called, data: {"type":"delta","content":"，","error":null,"message_id":"4a7d14a1-196f-4b08-9a60-0fb97d3c0f5d","conversation_id":null,"itinerary":null,"stage":null} @ webpack-internal:///(app-pages-browser)/./lib/chat-transport.ts:137
[  233309ms] [LOG] [ChatTransport] onmessage triggered, has currentResponseHandler: true @ webpack-internal:///(app-pages-browser)/./lib/chat-transport.ts:41
[  233309ms] [LOG] [ChatTransport] responseHandler called, data: {"type":"delta","content":"体验","error":null,"message_id":"4a7d14a1-196f-4b08-9a60-0fb97d3c0f5d","conversation_id":null,"itinerary":null,"stage":null} @ webpack-internal:///(app-pages-browser)/./lib/chat-transport.ts:137
[  233331ms] [LOG] [ChatTransport] onmessage triggered, has currentResponseHandler: true @ webpack-internal:///(app-pages-browser)/./lib/chat-transport.ts:41
[  233332ms] [LOG] [ChatTransport] responseHandler called, data: {"type":"delta","content":"更","error":null,"message_id":"4a7d14a1-196f-4b08-9a60-0fb97d3c0f5d","conversation_id":null,"itinerary":null,"stage":null} @ webpack-internal:///(app-pages-browser)/./lib/chat-transport.ts:137
[  233356ms] [LOG] [ChatTransport] onmessage triggered, has currentResponseHandler: true @ webpack-internal:///(app-pages-browser)/./lib/chat-transport.ts:41
[  233356ms] [LOG] [ChatTransport] responseHandler called, data: {"type":"delta","content":"佳","error":null,"message_id":"4a7d14a1-196f-4b08-9a60-0fb97d3c0f5d","conversation_id":null,"itinerary":null,"stage":null} @ webpack-internal:///(app-pages-browser)/./lib/chat-transport.ts:137
[  233378ms] [LOG] [ChatTransport] onmessage triggered, has currentResponseHandler: true @ webpack-internal:///(app-pages-browser)/./lib/chat-transport.ts:41
[  233378ms] [LOG] [ChatTransport] responseHandler called, data: {"type":"delta","content":"\n\n","error":null,"message_id":"4a7d14a1-196f-4b08-9a60-0fb97d3c0f5d","conversation_id":null,"itinerary":null,"stage":null} @ webpack-internal:///(app-pages-browser)/./lib/chat-transport.ts:137
[  233397ms] [LOG] [ChatTransport] onmessage triggered, has currentResponseHandler: true @ webpack-internal:///(app-pages-browser)/./lib/chat-transport.ts:41
[  233398ms] [LOG] [ChatTransport] responseHandler called, data: {"type":"delta","content":"3","error":null,"message_id":"4a7d14a1-196f-4b08-9a60-0fb97d3c0f5d","conversation_id":null,"itinerary":null,"stage":null} @ webpack-internal:///(app-pages-browser)/./lib/chat-transport.ts:137
[  233425ms] [LOG] [ChatTransport] onmessage triggered, has currentResponseHandler: true @ webpack-internal:///(app-pages-browser)/./lib/chat-transport.ts:41
[  233426ms] [LOG] [ChatTransport] responseHandler called, data: {"type":"delta","content":".","error":null,"message_id":"4a7d14a1-196f-4b08-9a60-0fb97d3c0f5d","conversation_id":null,"itinerary":null,"stage":null} @ webpack-internal:///(app-pages-browser)/./lib/chat-transport.ts:137
[  233438ms] [LOG] [ChatTransport] onmessage triggered, has currentResponseHandler: true @ webpack-internal:///(app-pages-browser)/./lib/chat-transport.ts:41
[  233439ms] [LOG] [ChatTransport] responseHandler called, data: {"type":"delta","content":" **","error":null,"message_id":"4a7d14a1-196f-4b08-9a60-0fb97d3c0f5d","conversation_id":null,"itinerary":null,"stage":null} @ webpack-internal:///(app-pages-browser)/./lib/chat-transport.ts:137
[  233478ms] [LOG] [ChatTransport] onmessage triggered, has currentResponseHandler: true @ webpack-internal:///(app-pages-browser)/./lib/chat-transport.ts:41
[  233479ms] [LOG] [ChatTransport] responseHandler called, data: {"type":"delta","content":"行程","error":null,"message_id":"4a7d14a1-196f-4b08-9a60-0fb97d3c0f5d","conversation_id":null,"itinerary":null,"stage":null} @ webpack-internal:///(app-pages-browser)/./lib/chat-transport.ts:137
[  233486ms] [LOG] [ChatTransport] onmessage triggered, has currentResponseHandler: true @ webpack-internal:///(app-pages-browser)/./lib/chat-transport.ts:41
[  233486ms] [LOG] [ChatTransport] responseHandler called, data: {"type":"delta","content":"安排","error":null,"message_id":"4a7d14a1-196f-4b08-9a60-0fb97d3c0f5d","conversation_id":null,"itinerary":null,"stage":null} @ webpack-internal:///(app-pages-browser)/./lib/chat-transport.ts:137
[  233536ms] [LOG] [ChatTransport] onmessage triggered, has currentResponseHandler: true @ webpack-internal:///(app-pages-browser)/./lib/chat-transport.ts:41
[  233536ms] [LOG] [ChatTransport] responseHandler called, data: {"type":"delta","content":"**","error":null,"message_id":"4a7d14a1-196f-4b08-9a60-0fb97d3c0f5d","conversation_id":null,"itinerary":null,"stage":null} @ webpack-internal:///(app-pages-browser)/./lib/chat-transport.ts:137
[  233537ms] [LOG] [ChatTransport] onmessage triggered, has currentResponseHandler: true @ webpack-internal:///(app-pages-browser)/./lib/chat-transport.ts:41
[  233537ms] [LOG] [ChatTransport] responseHandler called, data: {"type":"delta","content":"：\n","error":null,"message_id":"4a7d14a1-196f-4b08-9a60-0fb97d3c0f5d","conversation_id":null,"itinerary":null,"stage":null} @ webpack-internal:///(app-pages-browser)/./lib/chat-transport.ts:137
[  233591ms] [LOG] [ChatTransport] onmessage triggered, has currentResponseHandler: true @ webpack-internal:///(app-pages-browser)/./lib/chat-transport.ts:41
[  233591ms] [LOG] [ChatTransport] responseHandler called, data: {"type":"delta","content":"  ","error":null,"message_id":"4a7d14a1-196f-4b08-9a60-0fb97d3c0f5d","conversation_id":null,"itinerary":null,"stage":null} @ webpack-internal:///(app-pages-browser)/./lib/chat-transport.ts:137
[  233592ms] [LOG] [ChatTransport] onmessage triggered, has currentResponseHandler: true @ webpack-internal:///(app-pages-browser)/./lib/chat-transport.ts:41
[  233592ms] [LOG] [ChatTransport] responseHandler called, data: {"type":"delta","content":" -","error":null,"message_id":"4a7d14a1-196f-4b08-9a60-0fb97d3c0f5d","conversation_id":null,"itinerary":null,"stage":null} @ webpack-internal:///(app-pages-browser)/./lib/chat-transport.ts:137
[  233647ms] [LOG] [ChatTransport] onmessage triggered, has currentResponseHandler: true @ webpack-internal:///(app-pages-browser)/./lib/chat-transport.ts:41
[  233648ms] [LOG] [ChatTransport] responseHandler called, data: {"type":"delta","content":" ","error":null,"message_id":"4a7d14a1-196f-4b08-9a60-0fb97d3c0f5d","conversation_id":null,"itinerary":null,"stage":null} @ webpack-internal:///(app-pages-browser)/./lib/chat-transport.ts:137
[  233653ms] [LOG] [ChatTransport] onmessage triggered, has currentResponseHandler: true @ webpack-internal:///(app-pages-browser)/./lib/chat-transport.ts:41
[  233653ms] [LOG] [ChatTransport] responseHandler called, data: {"type":"delta","content":"一日","error":null,"message_id":"4a7d14a1-196f-4b08-9a60-0fb97d3c0f5d","conversation_id":null,"itinerary":null,"stage":null} @ webpack-internal:///(app-pages-browser)/./lib/chat-transport.ts:137
[  233714ms] [LOG] [ChatTransport] onmessage triggered, has currentResponseHandler: true @ webpack-internal:///(app-pages-browser)/./lib/chat-transport.ts:41
[  233714ms] [LOG] [ChatTransport] responseHandler called, data: {"type":"delta","content":"游","error":null,"message_id":"4a7d14a1-196f-4b08-9a60-0fb97d3c0f5d","conversation_id":null,"itinerary":null,"stage":null} @ webpack-internal:///(app-pages-browser)/./lib/chat-transport.ts:137
[  233715ms] [LOG] [ChatTransport] onmessage triggered, has currentResponseHandler: true @ webpack-internal:///(app-pages-browser)/./lib/chat-transport.ts:41
[  233715ms] [LOG] [ChatTransport] responseHandler called, data: {"type":"delta","content":"：","error":null,"message_id":"4a7d14a1-196f-4b08-9a60-0fb97d3c0f5d","conversation_id":null,"itinerary":null,"stage":null} @ webpack-internal:///(app-pages-browser)/./lib/chat-transport.ts:137
[  233764ms] [LOG] [ChatTransport] onmessage triggered, has currentResponseHandler: true @ webpack-internal:///(app-pages-browser)/./lib/chat-transport.ts:41
[  233765ms] [LOG] [ChatTransport] responseHandler called, data: {"type":"delta","content":"选择一个","error":null,"message_id":"4a7d14a1-196f-4b08-9a60-0fb97d3c0f5d","conversation_id":null,"itinerary":null,"stage":null} @ webpack-internal:///(app-pages-browser)/./lib/chat-transport.ts:137
[  233835ms] [LOG] [ChatTransport] onmessage triggered, has currentResponseHandler: true @ webpack-internal:///(app-pages-browser)/./lib/chat-transport.ts:41
[  233836ms] [LOG] [ChatTransport] responseHandler called, data: {"type":"delta","content":"古镇","error":null,"message_id":"4a7d14a1-196f-4b08-9a60-0fb97d3c0f5d","conversation_id":null,"itinerary":null,"stage":null} @ webpack-internal:///(app-pages-browser)/./lib/chat-transport.ts:137
[  233858ms] [LOG] [ChatTransport] onmessage triggered, has currentResponseHandler: true @ webpack-internal:///(app-pages-browser)/./lib/chat-transport.ts:41
[  233859ms] [LOG] [ChatTransport] responseHandler called, data: {"type":"delta","content":"深度","error":null,"message_id":"4a7d14a1-196f-4b08-9a60-0fb97d3c0f5d","conversation_id":null,"itinerary":null,"stage":null} @ webpack-internal:///(app-pages-browser)/./lib/chat-transport.ts:137
[  233887ms] [LOG] [ChatTransport] onmessage triggered, has currentResponseHandler: true @ webpack-internal:///(app-pages-browser)/./lib/chat-transport.ts:41
[  233888ms] [LOG] [ChatTransport] responseHandler called, data: {"type":"delta","content":"游玩","error":null,"message_id":"4a7d14a1-196f-4b08-9a60-0fb97d3c0f5d","conversation_id":null,"itinerary":null,"stage":null} @ webpack-internal:///(app-pages-browser)/./lib/chat-transport.ts:137
[  233913ms] [LOG] [ChatTransport] onmessage triggered, has currentResponseHandler: true @ webpack-internal:///(app-pages-browser)/./lib/chat-transport.ts:41
[  233914ms] [LOG] [ChatTransport] responseHandler called, data: {"type":"delta","content":"\n","error":null,"message_id":"4a7d14a1-196f-4b08-9a60-0fb97d3c0f5d","conversation_id":null,"itinerary":null,"stage":null} @ webpack-internal:///(app-pages-browser)/./lib/chat-transport.ts:137
[  233958ms] [LOG] [ChatTransport] onmessage triggered, has currentResponseHandler: true @ webpack-internal:///(app-pages-browser)/./lib/chat-transport.ts:41
[  233959ms] [LOG] [ChatTransport] responseHandler called, data: {"type":"delta","content":"  ","error":null,"message_id":"4a7d14a1-196f-4b08-9a60-0fb97d3c0f5d","conversation_id":null,"itinerary":null,"stage":null} @ webpack-internal:///(app-pages-browser)/./lib/chat-transport.ts:137
[  233984ms] [LOG] [ChatTransport] onmessage triggered, has currentResponseHandler: true @ webpack-internal:///(app-pages-browser)/./lib/chat-transport.ts:41
[  233984ms] [LOG] [ChatTransport] responseHandler called, data: {"type":"delta","content":" -","error":null,"message_id":"4a7d14a1-196f-4b08-9a60-0fb97d3c0f5d","conversation_id":null,"itinerary":null,"stage":null} @ webpack-internal:///(app-pages-browser)/./lib/chat-transport.ts:137
[  234017ms] [LOG] [ChatTransport] onmessage triggered, has currentResponseHandler: true @ webpack-internal:///(app-pages-browser)/./lib/chat-transport.ts:41
[  234017ms] [LOG] [ChatTransport] responseHandler called, data: {"type":"delta","content":" ","error":null,"message_id":"4a7d14a1-196f-4b08-9a60-0fb97d3c0f5d","conversation_id":null,"itinerary":null,"stage":null} @ webpack-internal:///(app-pages-browser)/./lib/chat-transport.ts:137
[  234039ms] [LOG] [ChatTransport] onmessage triggered, has currentResponseHandler: true @ webpack-internal:///(app-pages-browser)/./lib/chat-transport.ts:41
[  234039ms] [LOG] [ChatTransport] responseHandler called, data: {"type":"delta","content":"两","error":null,"message_id":"4a7d14a1-196f-4b08-9a60-0fb97d3c0f5d","conversation_id":null,"itinerary":null,"stage":null} @ webpack-internal:///(app-pages-browser)/./lib/chat-transport.ts:137
[  234129ms] [LOG] [ChatTransport] onmessage triggered, has currentResponseHandler: true @ webpack-internal:///(app-pages-browser)/./lib/chat-transport.ts:41
[  234129ms] [LOG] [ChatTransport] responseHandler called, data: {"type":"delta","content":"日","error":null,"message_id":"4a7d14a1-196f-4b08-9a60-0fb97d3c0f5d","conversation_id":null,"itinerary":null,"stage":null} @ webpack-internal:///(app-pages-browser)/./lib/chat-transport.ts:137
[  234142ms] [LOG] [ChatTransport] onmessage triggered, has currentResponseHandler: true @ webpack-internal:///(app-pages-browser)/./lib/chat-transport.ts:41
[  234143ms] [LOG] [ChatTransport] responseHandler called, data: {"type":"delta","content":"游","error":null,"message_id":"4a7d14a1-196f-4b08-9a60-0fb97d3c0f5d","conversation_id":null,"itinerary":null,"stage":null} @ webpack-internal:///(app-pages-browser)/./lib/chat-transport.ts:137
[  234143ms] [LOG] [ChatTransport] onmessage triggered, has currentResponseHandler: true @ webpack-internal:///(app-pages-browser)/./lib/chat-transport.ts:41
[  234143ms] [LOG] [ChatTransport] responseHandler called, data: {"type":"delta","content":"：","error":null,"message_id":"4a7d14a1-196f-4b08-9a60-0fb97d3c0f5d","conversation_id":null,"itinerary":null,"stage":null} @ webpack-internal:///(app-pages-browser)/./lib/chat-transport.ts:137
[  234143ms] [LOG] [ChatTransport] onmessage triggered, has currentResponseHandler: true @ webpack-internal:///(app-pages-browser)/./lib/chat-transport.ts:41
[  234144ms] [LOG] [ChatTransport] responseHandler called, data: {"type":"delta","content":"可以","error":null,"message_id":"4a7d14a1-196f-4b08-9a60-0fb97d3c0f5d","conversation_id":null,"itinerary":null,"stage":null} @ webpack-internal:///(app-pages-browser)/./lib/chat-transport.ts:137
[  234175ms] [LOG] [ChatTransport] onmessage triggered, has currentResponseHandler: true @ webpack-internal:///(app-pages-browser)/./lib/chat-transport.ts:41
[  234175ms] [LOG] [ChatTransport] responseHandler called, data: {"type":"delta","content":"组合","error":null,"message_id":"4a7d14a1-196f-4b08-9a60-0fb97d3c0f5d","conversation_id":null,"itinerary":null,"stage":null} @ webpack-internal:///(app-pages-browser)/./lib/chat-transport.ts:137
[  234176ms] [LOG] [ChatTransport] onmessage triggered, has currentResponseHandler: true @ webpack-internal:///(app-pages-browser)/./lib/chat-transport.ts:41
[  234176ms] [LOG] [ChatTransport] responseHandler called, data: {"type":"delta","content":"两个","error":null,"message_id":"4a7d14a1-196f-4b08-9a60-0fb97d3c0f5d","conversation_id":null,"itinerary":null,"stage":null} @ webpack-internal:///(app-pages-browser)/./lib/chat-transport.ts:137
[  234332ms] [LOG] [ChatTransport] onmessage triggered, has currentResponseHandler: true @ webpack-internal:///(app-pages-browser)/./lib/chat-transport.ts:41
[  234333ms] [LOG] [ChatTransport] responseHandler called, data: {"type":"delta","content":"距离","error":null,"message_id":"4a7d14a1-196f-4b08-9a60-0fb97d3c0f5d","conversation_id":null,"itinerary":null,"stage":null} @ webpack-internal:///(app-pages-browser)/./lib/chat-transport.ts:137
[  234380ms] [LOG] [ChatTransport] onmessage triggered, has currentResponseHandler: true @ webpack-internal:///(app-pages-browser)/./lib/chat-transport.ts:41
[  234380ms] [LOG] [ChatTransport] responseHandler called, data: {"type":"delta","content":"较","error":null,"message_id":"4a7d14a1-196f-4b08-9a60-0fb97d3c0f5d","conversation_id":null,"itinerary":null,"stage":null} @ webpack-internal:///(app-pages-browser)/./lib/chat-transport.ts:137
[  234400ms] [LOG] [ChatTransport] onmessage triggered, has currentResponseHandler: true @ webpack-internal:///(app-pages-browser)/./lib/chat-transport.ts:41
[  234400ms] [LOG] [ChatTransport] responseHandler called, data: {"type":"delta","content":"近","error":null,"message_id":"4a7d14a1-196f-4b08-9a60-0fb97d3c0f5d","conversation_id":null,"itinerary":null,"stage":null} @ webpack-internal:///(app-pages-browser)/./lib/chat-transport.ts:137
[  234400ms] [LOG] [ChatTransport] onmessage triggered, has currentResponseHandler: true @ webpack-internal:///(app-pages-browser)/./lib/chat-transport.ts:41
[  234400ms] [LOG] [ChatTransport] responseHandler called, data: {"type":"delta","content":"的","error":null,"message_id":"4a7d14a1-196f-4b08-9a60-0fb97d3c0f5d","conversation_id":null,"itinerary":null,"stage":null} @ webpack-internal:///(app-pages-browser)/./lib/chat-transport.ts:137
[  234401ms] [LOG] [ChatTransport] onmessage triggered, has currentResponseHandler: true @ webpack-internal:///(app-pages-browser)/./lib/chat-transport.ts:41
[  234401ms] [LOG] [ChatTransport] responseHandler called, data: {"type":"delta","content":"古镇","error":null,"message_id":"4a7d14a1-196f-4b08-9a60-0fb97d3c0f5d","conversation_id":null,"itinerary":null,"stage":null} @ webpack-internal:///(app-pages-browser)/./lib/chat-transport.ts:137
[  234429ms] [LOG] [ChatTransport] onmessage triggered, has currentResponseHandler: true @ webpack-internal:///(app-pages-browser)/./lib/chat-transport.ts:41
[  234429ms] [LOG] [ChatTransport] responseHandler called, data: {"type":"delta","content":"\n\n","error":null,"message_id":"4a7d14a1-196f-4b08-9a60-0fb97d3c0f5d","conversation_id":null,"itinerary":null,"stage":null} @ webpack-internal:///(app-pages-browser)/./lib/chat-transport.ts:137
[  234451ms] [LOG] [ChatTransport] onmessage triggered, has currentResponseHandler: true @ webpack-internal:///(app-pages-browser)/./lib/chat-transport.ts:41
[  234452ms] [LOG] [ChatTransport] responseHandler called, data: {"type":"delta","content":"您","error":null,"message_id":"4a7d14a1-196f-4b08-9a60-0fb97d3c0f5d","conversation_id":null,"itinerary":null,"stage":null} @ webpack-internal:///(app-pages-browser)/./lib/chat-transport.ts:137
[  234561ms] [LOG] [ChatTransport] onmessage triggered, has currentResponseHandler: true @ webpack-internal:///(app-pages-browser)/./lib/chat-transport.ts:41
[  234561ms] [LOG] [ChatTransport] responseHandler called, data: {"type":"delta","content":"对","error":null,"message_id":"4a7d14a1-196f-4b08-9a60-0fb97d3c0f5d","conversation_id":null,"itinerary":null,"stage":null} @ webpack-internal:///(app-pages-browser)/./lib/chat-transport.ts:137
[  234585ms] [LOG] [ChatTransport] onmessage triggered, has currentResponseHandler: true @ webpack-internal:///(app-pages-browser)/./lib/chat-transport.ts:41
[  234589ms] [LOG] [ChatTransport] responseHandler called, data: {"type":"delta","content":"哪个","error":null,"message_id":"4a7d14a1-196f-4b08-9a60-0fb97d3c0f5d","conversation_id":null,"itinerary":null,"stage":null} @ webpack-internal:///(app-pages-browser)/./lib/chat-transport.ts:137
[  234614ms] [LOG] [ChatTransport] onmessage triggered, has currentResponseHandler: true @ webpack-internal:///(app-pages-browser)/./lib/chat-transport.ts:41
[  234614ms] [LOG] [ChatTransport] responseHandler called, data: {"type":"delta","content":"古镇","error":null,"message_id":"4a7d14a1-196f-4b08-9a60-0fb97d3c0f5d","conversation_id":null,"itinerary":null,"stage":null} @ webpack-internal:///(app-pages-browser)/./lib/chat-transport.ts:137
[  234615ms] [LOG] [ChatTransport] onmessage triggered, has currentResponseHandler: true @ webpack-internal:///(app-pages-browser)/./lib/chat-transport.ts:41
[  234615ms] [LOG] [ChatTransport] responseHandler called, data: {"type":"delta","content":"比较","error":null,"message_id":"4a7d14a1-196f-4b08-9a60-0fb97d3c0f5d","conversation_id":null,"itinerary":null,"stage":null} @ webpack-internal:///(app-pages-browser)/./lib/chat-transport.ts:137
[  234639ms] [LOG] [ChatTransport] onmessage triggered, has currentResponseHandler: true @ webpack-internal:///(app-pages-browser)/./lib/chat-transport.ts:41
[  234639ms] [LOG] [ChatTransport] responseHandler called, data: {"type":"delta","content":"感兴趣","error":null,"message_id":"4a7d14a1-196f-4b08-9a60-0fb97d3c0f5d","conversation_id":null,"itinerary":null,"stage":null} @ webpack-internal:///(app-pages-browser)/./lib/chat-transport.ts:137
[  234651ms] [LOG] [ChatTransport] onmessage triggered, has currentResponseHandler: true @ webpack-internal:///(app-pages-browser)/./lib/chat-transport.ts:41
[  234651ms] [LOG] [ChatTransport] responseHandler called, data: {"type":"delta","content":"？","error":null,"message_id":"4a7d14a1-196f-4b08-9a60-0fb97d3c0f5d","conversation_id":null,"itinerary":null,"stage":null} @ webpack-internal:///(app-pages-browser)/./lib/chat-transport.ts:137
[  234894ms] [LOG] [ChatTransport] onmessage triggered, has currentResponseHandler: true @ webpack-internal:///(app-pages-browser)/./lib/chat-transport.ts:41
[  234895ms] [LOG] [ChatTransport] responseHandler called, data: {"type":"delta","content":"或者","error":null,"message_id":"4a7d14a1-196f-4b08-9a60-0fb97d3c0f5d","conversation_id":null,"itinerary":null,"stage":null} @ webpack-internal:///(app-pages-browser)/./lib/chat-transport.ts:137
[  234911ms] [LOG] [ChatTransport] onmessage triggered, has currentResponseHandler: true @ webpack-internal:///(app-pages-browser)/./lib/chat-transport.ts:41
[  234911ms] [LOG] [ChatTransport] responseHandler called, data: {"type":"delta","content":"您","error":null,"message_id":"4a7d14a1-196f-4b08-9a60-0fb97d3c0f5d","conversation_id":null,"itinerary":null,"stage":null} @ webpack-internal:///(app-pages-browser)/./lib/chat-transport.ts:137
[  234912ms] [LOG] [ChatTransport] onmessage triggered, has currentResponseHandler: true @ webpack-internal:///(app-pages-browser)/./lib/chat-transport.ts:41
[  234912ms] [LOG] [ChatTransport] responseHandler called, data: {"type":"delta","content":"有","error":null,"message_id":"4a7d14a1-196f-4b08-9a60-0fb97d3c0f5d","conversation_id":null,"itinerary":null,"stage":null} @ webpack-internal:///(app-pages-browser)/./lib/chat-transport.ts:137
[  234929ms] [LOG] [ChatTransport] onmessage triggered, has currentResponseHandler: true @ webpack-internal:///(app-pages-browser)/./lib/chat-transport.ts:41
[  234929ms] [LOG] [ChatTransport] responseHandler called, data: {"type":"delta","content":"特定的","error":null,"message_id":"4a7d14a1-196f-4b08-9a60-0fb97d3c0f5d","conversation_id":null,"itinerary":null,"stage":null} @ webpack-internal:///(app-pages-browser)/./lib/chat-transport.ts:137
[  234929ms] [LOG] [ChatTransport] onmessage triggered, has currentResponseHandler: true @ webpack-internal:///(app-pages-browser)/./lib/chat-transport.ts:41
[  234929ms] [LOG] [ChatTransport] responseHandler called, data: {"type":"delta","content":"偏好","error":null,"message_id":"4a7d14a1-196f-4b08-9a60-0fb97d3c0f5d","conversation_id":null,"itinerary":null,"stage":null} @ webpack-internal:///(app-pages-browser)/./lib/chat-transport.ts:137
[  234929ms] [LOG] [ChatTransport] onmessage triggered, has currentResponseHandler: true @ webpack-internal:///(app-pages-browser)/./lib/chat-transport.ts:41
[  234929ms] [LOG] [ChatTransport] responseHandler called, data: {"type":"delta","content":"（","error":null,"message_id":"4a7d14a1-196f-4b08-9a60-0fb97d3c0f5d","conversation_id":null,"itinerary":null,"stage":null} @ webpack-internal:///(app-pages-browser)/./lib/chat-transport.ts:137
[  234930ms] [LOG] [ChatTransport] onmessage triggered, has currentResponseHandler: true @ webpack-internal:///(app-pages-browser)/./lib/chat-transport.ts:41
[  234930ms] [LOG] [ChatTransport] responseHandler called, data: {"type":"delta","content":"比如","error":null,"message_id":"4a7d14a1-196f-4b08-9a60-0fb97d3c0f5d","conversation_id":null,"itinerary":null,"stage":null} @ webpack-internal:///(app-pages-browser)/./lib/chat-transport.ts:137
[  234930ms] [LOG] [ChatTransport] onmessage triggered, has currentResponseHandler: true @ webpack-internal:///(app-pages-browser)/./lib/chat-transport.ts:41
[  234930ms] [LOG] [ChatTransport] responseHandler called, data: {"type":"delta","content":"喜欢","error":null,"message_id":"4a7d14a1-196f-4b08-9a60-0fb97d3c0f5d","conversation_id":null,"itinerary":null,"stage":null} @ webpack-internal:///(app-pages-browser)/./lib/chat-transport.ts:137
[  234946ms] [LOG] [ChatTransport] onmessage triggered, has currentResponseHandler: true @ webpack-internal:///(app-pages-browser)/./lib/chat-transport.ts:41
[  234946ms] [LOG] [ChatTransport] responseHandler called, data: {"type":"delta","content":"安静","error":null,"message_id":"4a7d14a1-196f-4b08-9a60-0fb97d3c0f5d","conversation_id":null,"itinerary":null,"stage":null} @ webpack-internal:///(app-pages-browser)/./lib/chat-transport.ts:137
[  234947ms] [LOG] [ChatTransport] onmessage triggered, has currentResponseHandler: true @ webpack-internal:///(app-pages-browser)/./lib/chat-transport.ts:41
[  234947ms] [LOG] [ChatTransport] responseHandler called, data: {"type":"delta","content":"小众","error":null,"message_id":"4a7d14a1-196f-4b08-9a60-0fb97d3c0f5d","conversation_id":null,"itinerary":null,"stage":null} @ webpack-internal:///(app-pages-browser)/./lib/chat-transport.ts:137
[  234976ms] [LOG] [ChatTransport] onmessage triggered, has currentResponseHandler: true @ webpack-internal:///(app-pages-browser)/./lib/chat-transport.ts:41
[  234976ms] [LOG] [ChatTransport] responseHandler called, data: {"type":"delta","content":"的","error":null,"message_id":"4a7d14a1-196f-4b08-9a60-0fb97d3c0f5d","conversation_id":null,"itinerary":null,"stage":null} @ webpack-internal:///(app-pages-browser)/./lib/chat-transport.ts:137
[  234976ms] [LOG] [ChatTransport] onmessage triggered, has currentResponseHandler: true @ webpack-internal:///(app-pages-browser)/./lib/chat-transport.ts:41
[  234976ms] [LOG] [ChatTransport] responseHandler called, data: {"type":"delta","content":"，","error":null,"message_id":"4a7d14a1-196f-4b08-9a60-0fb97d3c0f5d","conversation_id":null,"itinerary":null,"stage":null} @ webpack-internal:///(app-pages-browser)/./lib/chat-transport.ts:137
[  235042ms] [LOG] [ChatTransport] onmessage triggered, has currentResponseHandler: true @ webpack-internal:///(app-pages-browser)/./lib/chat-transport.ts:41
[  235042ms] [LOG] [ChatTransport] responseHandler called, data: {"type":"delta","content":"还是","error":null,"message_id":"4a7d14a1-196f-4b08-9a60-0fb97d3c0f5d","conversation_id":null,"itinerary":null,"stage":null} @ webpack-internal:///(app-pages-browser)/./lib/chat-transport.ts:137
[  235043ms] [LOG] [ChatTransport] onmessage triggered, has currentResponseHandler: true @ webpack-internal:///(app-pages-browser)/./lib/chat-transport.ts:41
[  235043ms] [LOG] [ChatTransport] responseHandler called, data: {"type":"delta","content":"热闹","error":null,"message_id":"4a7d14a1-196f-4b08-9a60-0fb97d3c0f5d","conversation_id":null,"itinerary":null,"stage":null} @ webpack-internal:///(app-pages-browser)/./lib/chat-transport.ts:137
[  235086ms] [LOG] [ChatTransport] onmessage triggered, has currentResponseHandler: true @ webpack-internal:///(app-pages-browser)/./lib/chat-transport.ts:41
[  235086ms] [LOG] [ChatTransport] responseHandler called, data: {"type":"delta","content":"有","error":null,"message_id":"4a7d14a1-196f-4b08-9a60-0fb97d3c0f5d","conversation_id":null,"itinerary":null,"stage":null} @ webpack-internal:///(app-pages-browser)/./lib/chat-transport.ts:137
[  235139ms] [LOG] [ChatTransport] onmessage triggered, has currentResponseHandler: true @ webpack-internal:///(app-pages-browser)/./lib/chat-transport.ts:41
[  235140ms] [LOG] [ChatTransport] responseHandler called, data: {"type":"delta","content":"美食","error":null,"message_id":"4a7d14a1-196f-4b08-9a60-0fb97d3c0f5d","conversation_id":null,"itinerary":null,"stage":null} @ webpack-internal:///(app-pages-browser)/./lib/chat-transport.ts:137
[  235193ms] [LOG] [ChatTransport] onmessage triggered, has currentResponseHandler: true @ webpack-internal:///(app-pages-browser)/./lib/chat-transport.ts:41
[  235194ms] [LOG] [ChatTransport] responseHandler called, data: {"type":"delta","content":"的","error":null,"message_id":"4a7d14a1-196f-4b08-9a60-0fb97d3c0f5d","conversation_id":null,"itinerary":null,"stage":null} @ webpack-internal:///(app-pages-browser)/./lib/chat-transport.ts:137
[  235194ms] [LOG] [ChatTransport] onmessage triggered, has currentResponseHandler: true @ webpack-internal:///(app-pages-browser)/./lib/chat-transport.ts:41
[  235194ms] [LOG] [ChatTransport] responseHandler called, data: {"type":"delta","content":"）","error":null,"message_id":"4a7d14a1-196f-4b08-9a60-0fb97d3c0f5d","conversation_id":null,"itinerary":null,"stage":null} @ webpack-internal:///(app-pages-browser)/./lib/chat-transport.ts:137
[  235275ms] [LOG] [ChatTransport] onmessage triggered, has currentResponseHandler: true @ webpack-internal:///(app-pages-browser)/./lib/chat-transport.ts:41
[  235276ms] [LOG] [ChatTransport] responseHandler called, data: {"type":"delta","content":"？","error":null,"message_id":"4a7d14a1-196f-4b08-9a60-0fb97d3c0f5d","conversation_id":null,"itinerary":null,"stage":null} @ webpack-internal:///(app-pages-browser)/./lib/chat-transport.ts:137
[  235287ms] [LOG] [ChatTransport] onmessage triggered, has currentResponseHandler: true @ webpack-internal:///(app-pages-browser)/./lib/chat-transport.ts:41
[  235287ms] [LOG] [ChatTransport] responseHandler called, data: {"type":"delta","content":"我可以","error":null,"message_id":"4a7d14a1-196f-4b08-9a60-0fb97d3c0f5d","conversation_id":null,"itinerary":null,"stage":null} @ webpack-internal:///(app-pages-browser)/./lib/chat-transport.ts:137
[  235337ms] [LOG] [ChatTransport] onmessage triggered, has currentResponseHandler: true @ webpack-internal:///(app-pages-browser)/./lib/chat-transport.ts:41
[  235337ms] [LOG] [ChatTransport] responseHandler called, data: {"type":"delta","content":"为您","error":null,"message_id":"4a7d14a1-196f-4b08-9a60-0fb97d3c0f5d","conversation_id":null,"itinerary":null,"stage":null} @ webpack-internal:///(app-pages-browser)/./lib/chat-transport.ts:137
[  235337ms] [LOG] [ChatTransport] onmessage triggered, has currentResponseHandler: true @ webpack-internal:///(app-pages-browser)/./lib/chat-transport.ts:41
[  235338ms] [LOG] [ChatTransport] responseHandler called, data: {"type":"delta","content":"提供","error":null,"message_id":"4a7d14a1-196f-4b08-9a60-0fb97d3c0f5d","conversation_id":null,"itinerary":null,"stage":null} @ webpack-internal:///(app-pages-browser)/./lib/chat-transport.ts:137
[  235367ms] [LOG] [ChatTransport] onmessage triggered, has currentResponseHandler: true @ webpack-internal:///(app-pages-browser)/./lib/chat-transport.ts:41
[  235368ms] [LOG] [ChatTransport] responseHandler called, data: {"type":"delta","content":"更","error":null,"message_id":"4a7d14a1-196f-4b08-9a60-0fb97d3c0f5d","conversation_id":null,"itinerary":null,"stage":null} @ webpack-internal:///(app-pages-browser)/./lib/chat-transport.ts:137
[  235386ms] [LOG] [ChatTransport] onmessage triggered, has currentResponseHandler: true @ webpack-internal:///(app-pages-browser)/./lib/chat-transport.ts:41
[  235387ms] [LOG] [ChatTransport] responseHandler called, data: {"type":"delta","content":"详细的","error":null,"message_id":"4a7d14a1-196f-4b08-9a60-0fb97d3c0f5d","conversation_id":null,"itinerary":null,"stage":null} @ webpack-internal:///(app-pages-browser)/./lib/chat-transport.ts:137
[  235439ms] [LOG] [ChatTransport] onmessage triggered, has currentResponseHandler: true @ webpack-internal:///(app-pages-browser)/./lib/chat-transport.ts:41
[  235440ms] [LOG] [ChatTransport] responseHandler called, data: {"type":"delta","content":"建议","error":null,"message_id":"4a7d14a1-196f-4b08-9a60-0fb97d3c0f5d","conversation_id":null,"itinerary":null,"stage":null} @ webpack-internal:///(app-pages-browser)/./lib/chat-transport.ts:137
[  235460ms] [LOG] [ChatTransport] onmessage triggered, has currentResponseHandler: true @ webpack-internal:///(app-pages-browser)/./lib/chat-transport.ts:41
[  235461ms] [LOG] [ChatTransport] responseHandler called, data: {"type":"delta","content":"。","error":null,"message_id":"4a7d14a1-196f-4b08-9a60-0fb97d3c0f5d","conversation_id":null,"itinerary":null,"stage":null} @ webpack-internal:///(app-pages-browser)/./lib/chat-transport.ts:137
[  235584ms] [LOG] [ChatTransport] onmessage triggered, has currentResponseHandler: true @ webpack-internal:///(app-pages-browser)/./lib/chat-transport.ts:41
[  235584ms] [LOG] [ChatTransport] responseHandler called, data: {"type":"stage","content":null,"error":null,"message_id":"4a7d14a1-196f-4b08-9a60-0fb97d3c0f5d","conversation_id":null,"itinerary":null,"stage":{"name":"7_CTX_MANAGE","status":"start","label":"📊 上下文管理","message":"正在管理上下文窗口..."}} @ webpack-internal:///(app-pages-browser)/./lib/chat-transport.ts:137
[  235584ms] [LOG] [ChatTransport] Stage update: {name: 7_CTX_MANAGE, status: start, label: 📊 上下文管理, message: 正在管理上下文窗口...} @ webpack-internal:///(app-pages-browser)/./lib/chat-transport.ts:147
[  235608ms] [LOG] [ChatTransport] onmessage triggered, has currentResponseHandler: true @ webpack-internal:///(app-pages-browser)/./lib/chat-transport.ts:41
[  235609ms] [LOG] [ChatTransport] responseHandler called, data: {"type":"stage","content":null,"error":null,"message_id":"4a7d14a1-196f-4b08-9a60-0fb97d3c0f5d","conversation_id":null,"itinerary":null,"stage":{"name":"8_MEMORY","status":"start","label":"💾 记忆更新","message":"正在更新记忆信息..."}} @ webpack-internal:///(app-pages-browser)/./lib/chat-transport.ts:137
[  235609ms] [LOG] [ChatTransport] Stage update: {name: 8_MEMORY, status: start, label: 💾 记忆更新, message: 正在更新记忆信息...} @ webpack-internal:///(app-pages-browser)/./lib/chat-transport.ts:147
[  235635ms] [LOG] [ChatTransport] onmessage triggered, has currentResponseHandler: true @ webpack-internal:///(app-pages-browser)/./lib/chat-transport.ts:41
[  235635ms] [LOG] [ChatTransport] responseHandler called, data: {"type":"done","content":"根据搜索结果，我为您推荐几个上海周边适合周末出游的地方。这些地方大多保留了古镇风貌，交通便利，非常适合1-2天的短途旅行：\n\n## 🌟 热门推荐\n\n### 1. **朱家角古镇**\n- **特色**：国家级景点，被誉为“上海威尼斯”，水乡风情浓郁\n- **地址**：朱家角镇课植园路555号\n- **亮点**：小桥流水、明清建筑、特色小吃\n- **适合**：喜欢水乡文化、拍照打卡的游客\n\n### 2. **七宝古镇**\n- **特色**：距离市区最近，交通最便利\n- **地址**：横沥路108号\n- **亮点**：古色古香的街道、各种小吃（七宝羊肉、汤圆等）\n- **适合**：时间有限，想体验古镇风情又不想走太远\n\n### 3. **南翔古镇**\n- **特色**：以“南翔小笼包”闻名\n- **地址**：解放街206号\n- **亮点**：古猗园、云翔寺、正宗小笼包\n- **适合**：美食爱好者，想品尝地道上海小吃\n\n### 4. **周庄古镇**\n- **特色**：虽然严格来说属于江苏，但从上海出发非常方便\n- **地址**：周庄镇全福路42号（江苏昆山）\n- **亮点**：中国第一水乡，双桥、沈厅、张厅等著名景点\n- **适合**：想要深度体验江南水乡文化的游客\n\n## 🏮 其他值得一游的古镇\n\n- **泗泾古镇**：历史悠久的古镇，有安方塔等古迹\n- **练塘古镇**：陈云故里，红色旅游与古镇结合\n- **川沙古镇**：靠近迪士尼，可以结合游玩\n- **青溪古镇**：奉贤区的古镇，相对小众安静\n\n## 📝 出行建议\n\n1. **交通方式**：\n   - 七宝、南翔可乘坐地铁直达\n   - 朱家角、周庄建议自驾或乘坐旅游专线\n   - 其他古镇建议自驾前往\n\n2. **最佳时间**：\n   - 春秋季节（3-5月，9-11月）气候宜人\n   - 避开节假日高峰期，体验更佳\n\n3. **行程安排**：\n   - 一日游：选择一个古镇深度游玩\n   - 两日游：可以组合两个距离较近的古镇\n\n您对哪个古镇比较感兴趣？或者您有特定的偏好（比如喜欢安静小众的，还是热闹有美食的）？我可以为您提供更详细的建议。","error":null,"message_id":"4a7d14a1-196f-4b08-9a60-0fb97d3c0f5d","conversation_id":"756e4e1f-1958-4f26-a450-1652e7b6d92c","itinerary":null,"stage":null} @ webpack-internal:///(app-pages-browser)/./lib/chat-transport.ts:137
[  235635ms] [LOG] [ChatTransport] Updated conversation_id: 756e4e1f-1958-4f26-a450-1652e7b6d92c @ webpack-internal:///(app-pages-browser)/./lib/chat-transport.ts:165
[  237238ms] [LOG] [ChatTransport] onmessage triggered, has currentResponseHandler: false @ webpack-internal:///(app-pages-browser)/./lib/chat-transport.ts:41
[  237239ms] [LOG] [ChatTransport] Title update received: 上海周边周末出游推荐 @ webpack-internal:///(app-pages-browser)/./lib/chat-transport.ts:47
[  237239ms] [LOG] [Chat] Title updated: 上海周边周末出游推荐 @ webpack-internal:///(app-pages-browser)/./app/chat/page.tsx:361
