[     680ms] [INFO] %cDownload the React DevTools for a better development experience: https://react.dev/link/react-devtools font-weight:bold @ webpack-internal:///(app-pages-browser)/./node_modules/next/dist/compiled/react-dom/cjs/react-dom-client.development.js:25630
[    1142ms] [LOG] [Auth] Synced user ID to userManager on init: f62f4ec5-1874-4821-97e9-b2c70b35805d @ webpack-internal:///(app-pages-browser)/./lib/store/auth-store.ts:59
[    1156ms] [WARNING] WebSocket connection to 'ws://localhost:8000/ws/monitor?token=eyJhbGciOiJIUzI1NiIsInR5cCI6IkpXVCJ9.eyJzdWIiOiJmNjJmNGVjNS0xODc0LTQ4MjEtOTdlOS1iMmM3MGIzNTgwNWQiLCJ0eXBlIjoiYWNjZXNzIiwiZXhwIjoxNzc2MzM4NDA3LCJpYXQiOjE3NzYzMzY2MDd9.MxxJy8_FQJ3qSXD_pga-RKkavBukXO6bc43GJWZpQW0' failed: WebSocket is closed before the connection is established. @ webpack-internal:///(app-pages-browser)/./lib/monitor-socket.ts:48
[    1166ms] [LOG] [MonitorSocket] Disconnected @ webpack-internal:///(app-pages-browser)/./lib/monitor-socket.ts:27
[    1166ms] [LOG] [MonitorSocket] Reconnecting in 1000ms... @ webpack-internal:///(app-pages-browser)/./lib/monitor-socket.ts:33
[    1473ms] [LOG] [MonitorSocket] Connected @ webpack-internal:///(app-pages-browser)/./lib/monitor-socket.ts:11
[    1479ms] [LOG] [MonitorStore] Received message: stats_update {intent_stats: Object, memory_stats: Object, context_stats: Object} @ webpack-internal:///(app-pages-browser)/./lib/store/monitor-store.ts:30
[    1479ms] [LOG] [MonitorStore] intent_stats: {strategy_counts: Object, confidence_distribution: Object, avg_latency_ms: Object, recent_classifications: Array(0)} @ webpack-internal:///(app-pages-browser)/./lib/store/monitor-store.ts:31
[    1480ms] [LOG] [MonitorStore] memory_stats: {hierarchy: Object, promotions: Array(0), memories: Array(0)} @ webpack-internal:///(app-pages-browser)/./lib/store/monitor-store.ts:32
[    1480ms] [LOG] [MonitorStore] context_stats: {current_tokens: 0, threshold: 0.75, compressions_triggered: 0, token_history: Array(0), last_compression: null} @ webpack-internal:///(app-pages-browser)/./lib/store/monitor-store.ts:33
[    1480ms] [LOG] [MonitorStore] Updating stats: {intent_stats: Object, memory_stats: Object, context_stats: Object} @ webpack-internal:///(app-pages-browser)/./lib/store/monitor-store.ts:57
[    1480ms] [LOG] [MonitorStore] State updated, intentStats: {strategy_counts: Object, confidence_distribution: Object, avg_latency_ms: Object, recent_classifications: Array(0)} @ webpack-internal:///(app-pages-browser)/./lib/store/monitor-store.ts:63
[    1488ms] [WARNING] The width(-1) and height(-1) of chart should be greater than 0,
       please check the style of container, or the props width(100%) and height(100%),
       or add a minWidth(0) or minHeight(undefined) or use aspect(undefined) to control the
       height and width. @ webpack-internal:///(app-pages-browser)/./node_modules/recharts/es6/util/LogUtils.js:18
[    1490ms] [WARNING] The width(-1) and height(-1) of chart should be greater than 0,
       please check the style of container, or the props width(100%) and height(100%),
       or add a minWidth(0) or minHeight(undefined) or use aspect(undefined) to control the
       height and width. @ webpack-internal:///(app-pages-browser)/./node_modules/recharts/es6/util/LogUtils.js:18
[    1501ms] [WARNING] The width(-1) and height(-1) of chart should be greater than 0,
       please check the style of container, or the props width(100%) and height(100%),
       or add a minWidth(0) or minHeight(undefined) or use aspect(undefined) to control the
       height and width. @ webpack-internal:///(app-pages-browser)/./node_modules/recharts/es6/util/LogUtils.js:18
[    1501ms] [WARNING] The width(-1) and height(-1) of chart should be greater than 0,
       please check the style of container, or the props width(100%) and height(100%),
       or add a minWidth(0) or minHeight(undefined) or use aspect(undefined) to control the
       height and width. @ webpack-internal:///(app-pages-browser)/./node_modules/recharts/es6/util/LogUtils.js:18
[    2477ms] [LOG] [MonitorStore] Received message: stats_update {intent_stats: Object, memory_stats: Object, context_stats: Object} @ webpack-internal:///(app-pages-browser)/./lib/store/monitor-store.ts:30
[    2477ms] [LOG] [MonitorStore] intent_stats: {strategy_counts: Object, confidence_distribution: Object, avg_latency_ms: Object, recent_classifications: Array(0)} @ webpack-internal:///(app-pages-browser)/./lib/store/monitor-store.ts:31
[    2477ms] [LOG] [MonitorStore] memory_stats: {hierarchy: Object, promotions: Array(0), memories: Array(0)} @ webpack-internal:///(app-pages-browser)/./lib/store/monitor-store.ts:32
[    2477ms] [LOG] [MonitorStore] context_stats: {current_tokens: 0, threshold: 0.75, compressions_triggered: 0, token_history: Array(0), last_compression: null} @ webpack-internal:///(app-pages-browser)/./lib/store/monitor-store.ts:33
[    2477ms] [LOG] [MonitorStore] Updating stats: {intent_stats: Object, memory_stats: Object, context_stats: Object} @ webpack-internal:///(app-pages-browser)/./lib/store/monitor-store.ts:57
[    2478ms] [LOG] [MonitorStore] State updated, intentStats: {strategy_counts: Object, confidence_distribution: Object, avg_latency_ms: Object, recent_classifications: Array(0)} @ webpack-internal:///(app-pages-browser)/./lib/store/monitor-store.ts:63
[    2548ms] [LOG] [MonitorSocket] Connected @ webpack-internal:///(app-pages-browser)/./lib/monitor-socket.ts:11
[    2603ms] [LOG] [MonitorStore] Received message: stats_update {intent_stats: Object, memory_stats: Object, context_stats: Object} @ webpack-internal:///(app-pages-browser)/./lib/store/monitor-store.ts:30
[    2604ms] [LOG] [MonitorStore] intent_stats: {strategy_counts: Object, confidence_distribution: Object, avg_latency_ms: Object, recent_classifications: Array(0)} @ webpack-internal:///(app-pages-browser)/./lib/store/monitor-store.ts:31
[    2604ms] [LOG] [MonitorStore] memory_stats: {hierarchy: Object, promotions: Array(0), memories: Array(0)} @ webpack-internal:///(app-pages-browser)/./lib/store/monitor-store.ts:32
[    2604ms] [LOG] [MonitorStore] context_stats: {current_tokens: 0, threshold: 0.75, compressions_triggered: 0, token_history: Array(0), last_compression: null} @ webpack-internal:///(app-pages-browser)/./lib/store/monitor-store.ts:33
[    2604ms] [LOG] [MonitorStore] Updating stats: {intent_stats: Object, memory_stats: Object, context_stats: Object} @ webpack-internal:///(app-pages-browser)/./lib/store/monitor-store.ts:57
[    2604ms] [LOG] [MonitorStore] State updated, intentStats: {strategy_counts: Object, confidence_distribution: Object, avg_latency_ms: Object, recent_classifications: Array(0)} @ webpack-internal:///(app-pages-browser)/./lib/store/monitor-store.ts:63
[    3486ms] [LOG] [MonitorStore] Received message: stats_update {intent_stats: Object, memory_stats: Object, context_stats: Object} @ webpack-internal:///(app-pages-browser)/./lib/store/monitor-store.ts:30
[    3486ms] [LOG] [MonitorStore] intent_stats: {strategy_counts: Object, confidence_distribution: Object, avg_latency_ms: Object, recent_classifications: Array(0)} @ webpack-internal:///(app-pages-browser)/./lib/store/monitor-store.ts:31
[    3487ms] [LOG] [MonitorStore] memory_stats: {hierarchy: Object, promotions: Array(0), memories: Array(0)} @ webpack-internal:///(app-pages-browser)/./lib/store/monitor-store.ts:32
[    3487ms] [LOG] [MonitorStore] context_stats: {current_tokens: 0, threshold: 0.75, compressions_triggered: 0, token_history: Array(0), last_compression: null} @ webpack-internal:///(app-pages-browser)/./lib/store/monitor-store.ts:33
[    3487ms] [LOG] [MonitorStore] Updating stats: {intent_stats: Object, memory_stats: Object, context_stats: Object} @ webpack-internal:///(app-pages-browser)/./lib/store/monitor-store.ts:57
[    3487ms] [LOG] [MonitorStore] State updated, intentStats: {strategy_counts: Object, confidence_distribution: Object, avg_latency_ms: Object, recent_classifications: Array(0)} @ webpack-internal:///(app-pages-browser)/./lib/store/monitor-store.ts:63
[    3531ms] [LOG] [MonitorStore] Received message: stats_update {intent_stats: Object, memory_stats: Object, context_stats: Object} @ webpack-internal:///(app-pages-browser)/./lib/store/monitor-store.ts:30
[    3531ms] [LOG] [MonitorStore] intent_stats: {strategy_counts: Object, confidence_distribution: Object, avg_latency_ms: Object, recent_classifications: Array(0)} @ webpack-internal:///(app-pages-browser)/./lib/store/monitor-store.ts:31
[    3531ms] [LOG] [MonitorStore] memory_stats: {hierarchy: Object, promotions: Array(0), memories: Array(0)} @ webpack-internal:///(app-pages-browser)/./lib/store/monitor-store.ts:32
[    3531ms] [LOG] [MonitorStore] context_stats: {current_tokens: 0, threshold: 0.75, compressions_triggered: 0, token_history: Array(0), last_compression: null} @ webpack-internal:///(app-pages-browser)/./lib/store/monitor-store.ts:33
[    3531ms] [LOG] [MonitorStore] Updating stats: {intent_stats: Object, memory_stats: Object, context_stats: Object} @ webpack-internal:///(app-pages-browser)/./lib/store/monitor-store.ts:57
[    3531ms] [LOG] [MonitorStore] State updated, intentStats: {strategy_counts: Object, confidence_distribution: Object, avg_latency_ms: Object, recent_classifications: Array(0)} @ webpack-internal:///(app-pages-browser)/./lib/store/monitor-store.ts:63
[    4492ms] [LOG] [MonitorStore] Received message: stats_update {intent_stats: Object, memory_stats: Object, context_stats: Object} @ webpack-internal:///(app-pages-browser)/./lib/store/monitor-store.ts:30
[    4492ms] [LOG] [MonitorStore] intent_stats: {strategy_counts: Object, confidence_distribution: Object, avg_latency_ms: Object, recent_classifications: Array(0)} @ webpack-internal:///(app-pages-browser)/./lib/store/monitor-store.ts:31
[    4492ms] [LOG] [MonitorStore] memory_stats: {hierarchy: Object, promotions: Array(0), memories: Array(0)} @ webpack-internal:///(app-pages-browser)/./lib/store/monitor-store.ts:32
[    4492ms] [LOG] [MonitorStore] context_stats: {current_tokens: 0, threshold: 0.75, compressions_triggered: 0, token_history: Array(0), last_compression: null} @ webpack-internal:///(app-pages-browser)/./lib/store/monitor-store.ts:33
[    4492ms] [LOG] [MonitorStore] Updating stats: {intent_stats: Object, memory_stats: Object, context_stats: Object} @ webpack-internal:///(app-pages-browser)/./lib/store/monitor-store.ts:57
[    4492ms] [LOG] [MonitorStore] State updated, intentStats: {strategy_counts: Object, confidence_distribution: Object, avg_latency_ms: Object, recent_classifications: Array(0)} @ webpack-internal:///(app-pages-browser)/./lib/store/monitor-store.ts:63
[    4552ms] [LOG] [MonitorStore] Received message: stats_update {intent_stats: Object, memory_stats: Object, context_stats: Object} @ webpack-internal:///(app-pages-browser)/./lib/store/monitor-store.ts:30
[    4552ms] [LOG] [MonitorStore] intent_stats: {strategy_counts: Object, confidence_distribution: Object, avg_latency_ms: Object, recent_classifications: Array(0)} @ webpack-internal:///(app-pages-browser)/./lib/store/monitor-store.ts:31
[    4552ms] [LOG] [MonitorStore] memory_stats: {hierarchy: Object, promotions: Array(0), memories: Array(0)} @ webpack-internal:///(app-pages-browser)/./lib/store/monitor-store.ts:32
[    4552ms] [LOG] [MonitorStore] context_stats: {current_tokens: 0, threshold: 0.75, compressions_triggered: 0, token_history: Array(0), last_compression: null} @ webpack-internal:///(app-pages-browser)/./lib/store/monitor-store.ts:33
[    4552ms] [LOG] [MonitorStore] Updating stats: {intent_stats: Object, memory_stats: Object, context_stats: Object} @ webpack-internal:///(app-pages-browser)/./lib/store/monitor-store.ts:57
[    4552ms] [LOG] [MonitorStore] State updated, intentStats: {strategy_counts: Object, confidence_distribution: Object, avg_latency_ms: Object, recent_classifications: Array(0)} @ webpack-internal:///(app-pages-browser)/./lib/store/monitor-store.ts:63
[    5505ms] [LOG] [MonitorStore] Received message: stats_update {intent_stats: Object, memory_stats: Object, context_stats: Object} @ webpack-internal:///(app-pages-browser)/./lib/store/monitor-store.ts:30
[    5505ms] [LOG] [MonitorStore] intent_stats: {strategy_counts: Object, confidence_distribution: Object, avg_latency_ms: Object, recent_classifications: Array(0)} @ webpack-internal:///(app-pages-browser)/./lib/store/monitor-store.ts:31
[    5505ms] [LOG] [MonitorStore] memory_stats: {hierarchy: Object, promotions: Array(0), memories: Array(0)} @ webpack-internal:///(app-pages-browser)/./lib/store/monitor-store.ts:32
[    5505ms] [LOG] [MonitorStore] context_stats: {current_tokens: 0, threshold: 0.75, compressions_triggered: 0, token_history: Array(0), last_compression: null} @ webpack-internal:///(app-pages-browser)/./lib/store/monitor-store.ts:33
[    5505ms] [LOG] [MonitorStore] Updating stats: {intent_stats: Object, memory_stats: Object, context_stats: Object} @ webpack-internal:///(app-pages-browser)/./lib/store/monitor-store.ts:57
[    5506ms] [LOG] [MonitorStore] State updated, intentStats: {strategy_counts: Object, confidence_distribution: Object, avg_latency_ms: Object, recent_classifications: Array(0)} @ webpack-internal:///(app-pages-browser)/./lib/store/monitor-store.ts:63
[    5567ms] [LOG] [MonitorStore] Received message: stats_update {intent_stats: Object, memory_stats: Object, context_stats: Object} @ webpack-internal:///(app-pages-browser)/./lib/store/monitor-store.ts:30
[    5568ms] [LOG] [MonitorStore] intent_stats: {strategy_counts: Object, confidence_distribution: Object, avg_latency_ms: Object, recent_classifications: Array(0)} @ webpack-internal:///(app-pages-browser)/./lib/store/monitor-store.ts:31
[    5568ms] [LOG] [MonitorStore] memory_stats: {hierarchy: Object, promotions: Array(0), memories: Array(0)} @ webpack-internal:///(app-pages-browser)/./lib/store/monitor-store.ts:32
[    5568ms] [LOG] [MonitorStore] context_stats: {current_tokens: 0, threshold: 0.75, compressions_triggered: 0, token_history: Array(0), last_compression: null} @ webpack-internal:///(app-pages-browser)/./lib/store/monitor-store.ts:33
[    5568ms] [LOG] [MonitorStore] Updating stats: {intent_stats: Object, memory_stats: Object, context_stats: Object} @ webpack-internal:///(app-pages-browser)/./lib/store/monitor-store.ts:57
[    5568ms] [LOG] [MonitorStore] State updated, intentStats: {strategy_counts: Object, confidence_distribution: Object, avg_latency_ms: Object, recent_classifications: Array(0)} @ webpack-internal:///(app-pages-browser)/./lib/store/monitor-store.ts:63
[    6514ms] [LOG] [MonitorStore] Received message: stats_update {intent_stats: Object, memory_stats: Object, context_stats: Object} @ webpack-internal:///(app-pages-browser)/./lib/store/monitor-store.ts:30
[    6515ms] [LOG] [MonitorStore] intent_stats: {strategy_counts: Object, confidence_distribution: Object, avg_latency_ms: Object, recent_classifications: Array(0)} @ webpack-internal:///(app-pages-browser)/./lib/store/monitor-store.ts:31
[    6515ms] [LOG] [MonitorStore] memory_stats: {hierarchy: Object, promotions: Array(0), memories: Array(0)} @ webpack-internal:///(app-pages-browser)/./lib/store/monitor-store.ts:32
[    6515ms] [LOG] [MonitorStore] context_stats: {current_tokens: 0, threshold: 0.75, compressions_triggered: 0, token_history: Array(0), last_compression: null} @ webpack-internal:///(app-pages-browser)/./lib/store/monitor-store.ts:33
[    6515ms] [LOG] [MonitorStore] Updating stats: {intent_stats: Object, memory_stats: Object, context_stats: Object} @ webpack-internal:///(app-pages-browser)/./lib/store/monitor-store.ts:57
[    6515ms] [LOG] [MonitorStore] State updated, intentStats: {strategy_counts: Object, confidence_distribution: Object, avg_latency_ms: Object, recent_classifications: Array(0)} @ webpack-internal:///(app-pages-browser)/./lib/store/monitor-store.ts:63
[    6590ms] [LOG] [MonitorStore] Received message: stats_update {intent_stats: Object, memory_stats: Object, context_stats: Object} @ webpack-internal:///(app-pages-browser)/./lib/store/monitor-store.ts:30
[    6591ms] [LOG] [MonitorStore] intent_stats: {strategy_counts: Object, confidence_distribution: Object, avg_latency_ms: Object, recent_classifications: Array(0)} @ webpack-internal:///(app-pages-browser)/./lib/store/monitor-store.ts:31
[    6591ms] [LOG] [MonitorStore] memory_stats: {hierarchy: Object, promotions: Array(0), memories: Array(0)} @ webpack-internal:///(app-pages-browser)/./lib/store/monitor-store.ts:32
[    6591ms] [LOG] [MonitorStore] context_stats: {current_tokens: 0, threshold: 0.75, compressions_triggered: 0, token_history: Array(0), last_compression: null} @ webpack-internal:///(app-pages-browser)/./lib/store/monitor-store.ts:33
[    6591ms] [LOG] [MonitorStore] Updating stats: {intent_stats: Object, memory_stats: Object, context_stats: Object} @ webpack-internal:///(app-pages-browser)/./lib/store/monitor-store.ts:57
[    6591ms] [LOG] [MonitorStore] State updated, intentStats: {strategy_counts: Object, confidence_distribution: Object, avg_latency_ms: Object, recent_classifications: Array(0)} @ webpack-internal:///(app-pages-browser)/./lib/store/monitor-store.ts:63
[    7528ms] [LOG] [MonitorStore] Received message: stats_update {intent_stats: Object, memory_stats: Object, context_stats: Object} @ webpack-internal:///(app-pages-browser)/./lib/store/monitor-store.ts:30
[    7528ms] [LOG] [MonitorStore] intent_stats: {strategy_counts: Object, confidence_distribution: Object, avg_latency_ms: Object, recent_classifications: Array(0)} @ webpack-internal:///(app-pages-browser)/./lib/store/monitor-store.ts:31
[    7528ms] [LOG] [MonitorStore] memory_stats: {hierarchy: Object, promotions: Array(0), memories: Array(0)} @ webpack-internal:///(app-pages-browser)/./lib/store/monitor-store.ts:32
[    7529ms] [LOG] [MonitorStore] context_stats: {current_tokens: 0, threshold: 0.75, compressions_triggered: 0, token_history: Array(0), last_compression: null} @ webpack-internal:///(app-pages-browser)/./lib/store/monitor-store.ts:33
[    7529ms] [LOG] [MonitorStore] Updating stats: {intent_stats: Object, memory_stats: Object, context_stats: Object} @ webpack-internal:///(app-pages-browser)/./lib/store/monitor-store.ts:57
[    7529ms] [LOG] [MonitorStore] State updated, intentStats: {strategy_counts: Object, confidence_distribution: Object, avg_latency_ms: Object, recent_classifications: Array(0)} @ webpack-internal:///(app-pages-browser)/./lib/store/monitor-store.ts:63
[    7577ms] [LOG] [MonitorStore] Received message: stats_update {intent_stats: Object, memory_stats: Object, context_stats: Object} @ webpack-internal:///(app-pages-browser)/./lib/store/monitor-store.ts:30
[    7577ms] [LOG] [MonitorStore] intent_stats: {strategy_counts: Object, confidence_distribution: Object, avg_latency_ms: Object, recent_classifications: Array(0)} @ webpack-internal:///(app-pages-browser)/./lib/store/monitor-store.ts:31
[    7578ms] [LOG] [MonitorStore] memory_stats: {hierarchy: Object, promotions: Array(0), memories: Array(0)} @ webpack-internal:///(app-pages-browser)/./lib/store/monitor-store.ts:32
[    7578ms] [LOG] [MonitorStore] context_stats: {current_tokens: 0, threshold: 0.75, compressions_triggered: 0, token_history: Array(0), last_compression: null} @ webpack-internal:///(app-pages-browser)/./lib/store/monitor-store.ts:33
[    7578ms] [LOG] [MonitorStore] Updating stats: {intent_stats: Object, memory_stats: Object, context_stats: Object} @ webpack-internal:///(app-pages-browser)/./lib/store/monitor-store.ts:57
[    7578ms] [LOG] [MonitorStore] State updated, intentStats: {strategy_counts: Object, confidence_distribution: Object, avg_latency_ms: Object, recent_classifications: Array(0)} @ webpack-internal:///(app-pages-browser)/./lib/store/monitor-store.ts:63
[    8544ms] [LOG] [MonitorStore] Received message: stats_update {intent_stats: Object, memory_stats: Object, context_stats: Object} @ webpack-internal:///(app-pages-browser)/./lib/store/monitor-store.ts:30
[    8545ms] [LOG] [MonitorStore] intent_stats: {strategy_counts: Object, confidence_distribution: Object, avg_latency_ms: Object, recent_classifications: Array(0)} @ webpack-internal:///(app-pages-browser)/./lib/store/monitor-store.ts:31
[    8545ms] [LOG] [MonitorStore] memory_stats: {hierarchy: Object, promotions: Array(0), memories: Array(0)} @ webpack-internal:///(app-pages-browser)/./lib/store/monitor-store.ts:32
[    8545ms] [LOG] [MonitorStore] context_stats: {current_tokens: 0, threshold: 0.75, compressions_triggered: 0, token_history: Array(0), last_compression: null} @ webpack-internal:///(app-pages-browser)/./lib/store/monitor-store.ts:33
[    8545ms] [LOG] [MonitorStore] Updating stats: {intent_stats: Object, memory_stats: Object, context_stats: Object} @ webpack-internal:///(app-pages-browser)/./lib/store/monitor-store.ts:57
[    8545ms] [LOG] [MonitorStore] State updated, intentStats: {strategy_counts: Object, confidence_distribution: Object, avg_latency_ms: Object, recent_classifications: Array(0)} @ webpack-internal:///(app-pages-browser)/./lib/store/monitor-store.ts:63
[    8602ms] [LOG] [MonitorStore] Received message: stats_update {intent_stats: Object, memory_stats: Object, context_stats: Object} @ webpack-internal:///(app-pages-browser)/./lib/store/monitor-store.ts:30
[    8603ms] [LOG] [MonitorStore] intent_stats: {strategy_counts: Object, confidence_distribution: Object, avg_latency_ms: Object, recent_classifications: Array(0)} @ webpack-internal:///(app-pages-browser)/./lib/store/monitor-store.ts:31
[    8603ms] [LOG] [MonitorStore] memory_stats: {hierarchy: Object, promotions: Array(0), memories: Array(0)} @ webpack-internal:///(app-pages-browser)/./lib/store/monitor-store.ts:32
[    8603ms] [LOG] [MonitorStore] context_stats: {current_tokens: 0, threshold: 0.75, compressions_triggered: 0, token_history: Array(0), last_compression: null} @ webpack-internal:///(app-pages-browser)/./lib/store/monitor-store.ts:33
[    8603ms] [LOG] [MonitorStore] Updating stats: {intent_stats: Object, memory_stats: Object, context_stats: Object} @ webpack-internal:///(app-pages-browser)/./lib/store/monitor-store.ts:57
[    8603ms] [LOG] [MonitorStore] State updated, intentStats: {strategy_counts: Object, confidence_distribution: Object, avg_latency_ms: Object, recent_classifications: Array(0)} @ webpack-internal:///(app-pages-browser)/./lib/store/monitor-store.ts:63
[    9559ms] [LOG] [MonitorStore] Received message: stats_update {intent_stats: Object, memory_stats: Object, context_stats: Object} @ webpack-internal:///(app-pages-browser)/./lib/store/monitor-store.ts:30
[    9559ms] [LOG] [MonitorStore] intent_stats: {strategy_counts: Object, confidence_distribution: Object, avg_latency_ms: Object, recent_classifications: Array(0)} @ webpack-internal:///(app-pages-browser)/./lib/store/monitor-store.ts:31
[    9559ms] [LOG] [MonitorStore] memory_stats: {hierarchy: Object, promotions: Array(0), memories: Array(0)} @ webpack-internal:///(app-pages-browser)/./lib/store/monitor-store.ts:32
[    9559ms] [LOG] [MonitorStore] context_stats: {current_tokens: 0, threshold: 0.75, compressions_triggered: 0, token_history: Array(0), last_compression: null} @ webpack-internal:///(app-pages-browser)/./lib/store/monitor-store.ts:33
[    9560ms] [LOG] [MonitorStore] Updating stats: {intent_stats: Object, memory_stats: Object, context_stats: Object} @ webpack-internal:///(app-pages-browser)/./lib/store/monitor-store.ts:57
[    9560ms] [LOG] [MonitorStore] State updated, intentStats: {strategy_counts: Object, confidence_distribution: Object, avg_latency_ms: Object, recent_classifications: Array(0)} @ webpack-internal:///(app-pages-browser)/./lib/store/monitor-store.ts:63
[    9622ms] [LOG] [MonitorStore] Received message: stats_update {intent_stats: Object, memory_stats: Object, context_stats: Object} @ webpack-internal:///(app-pages-browser)/./lib/store/monitor-store.ts:30
[    9622ms] [LOG] [MonitorStore] intent_stats: {strategy_counts: Object, confidence_distribution: Object, avg_latency_ms: Object, recent_classifications: Array(0)} @ webpack-internal:///(app-pages-browser)/./lib/store/monitor-store.ts:31
[    9622ms] [LOG] [MonitorStore] memory_stats: {hierarchy: Object, promotions: Array(0), memories: Array(0)} @ webpack-internal:///(app-pages-browser)/./lib/store/monitor-store.ts:32
[    9623ms] [LOG] [MonitorStore] context_stats: {current_tokens: 0, threshold: 0.75, compressions_triggered: 0, token_history: Array(0), last_compression: null} @ webpack-internal:///(app-pages-browser)/./lib/store/monitor-store.ts:33
[    9623ms] [LOG] [MonitorStore] Updating stats: {intent_stats: Object, memory_stats: Object, context_stats: Object} @ webpack-internal:///(app-pages-browser)/./lib/store/monitor-store.ts:57
[    9623ms] [LOG] [MonitorStore] State updated, intentStats: {strategy_counts: Object, confidence_distribution: Object, avg_latency_ms: Object, recent_classifications: Array(0)} @ webpack-internal:///(app-pages-browser)/./lib/store/monitor-store.ts:63
[   10570ms] [LOG] [MonitorStore] Received message: stats_update {intent_stats: Object, memory_stats: Object, context_stats: Object} @ webpack-internal:///(app-pages-browser)/./lib/store/monitor-store.ts:30
[   10570ms] [LOG] [MonitorStore] intent_stats: {strategy_counts: Object, confidence_distribution: Object, avg_latency_ms: Object, recent_classifications: Array(0)} @ webpack-internal:///(app-pages-browser)/./lib/store/monitor-store.ts:31
[   10570ms] [LOG] [MonitorStore] memory_stats: {hierarchy: Object, promotions: Array(0), memories: Array(0)} @ webpack-internal:///(app-pages-browser)/./lib/store/monitor-store.ts:32
[   10570ms] [LOG] [MonitorStore] context_stats: {current_tokens: 0, threshold: 0.75, compressions_triggered: 0, token_history: Array(0), last_compression: null} @ webpack-internal:///(app-pages-browser)/./lib/store/monitor-store.ts:33
[   10571ms] [LOG] [MonitorStore] Updating stats: {intent_stats: Object, memory_stats: Object, context_stats: Object} @ webpack-internal:///(app-pages-browser)/./lib/store/monitor-store.ts:57
[   10571ms] [LOG] [MonitorStore] State updated, intentStats: {strategy_counts: Object, confidence_distribution: Object, avg_latency_ms: Object, recent_classifications: Array(0)} @ webpack-internal:///(app-pages-browser)/./lib/store/monitor-store.ts:63
[   10619ms] [LOG] [MonitorStore] Received message: stats_update {intent_stats: Object, memory_stats: Object, context_stats: Object} @ webpack-internal:///(app-pages-browser)/./lib/store/monitor-store.ts:30
[   10619ms] [LOG] [MonitorStore] intent_stats: {strategy_counts: Object, confidence_distribution: Object, avg_latency_ms: Object, recent_classifications: Array(0)} @ webpack-internal:///(app-pages-browser)/./lib/store/monitor-store.ts:31
[   10619ms] [LOG] [MonitorStore] memory_stats: {hierarchy: Object, promotions: Array(0), memories: Array(0)} @ webpack-internal:///(app-pages-browser)/./lib/store/monitor-store.ts:32
[   10619ms] [LOG] [MonitorStore] context_stats: {current_tokens: 0, threshold: 0.75, compressions_triggered: 0, token_history: Array(0), last_compression: null} @ webpack-internal:///(app-pages-browser)/./lib/store/monitor-store.ts:33
[   10619ms] [LOG] [MonitorStore] Updating stats: {intent_stats: Object, memory_stats: Object, context_stats: Object} @ webpack-internal:///(app-pages-browser)/./lib/store/monitor-store.ts:57
[   10619ms] [LOG] [MonitorStore] State updated, intentStats: {strategy_counts: Object, confidence_distribution: Object, avg_latency_ms: Object, recent_classifications: Array(0)} @ webpack-internal:///(app-pages-browser)/./lib/store/monitor-store.ts:63
[   11576ms] [LOG] [MonitorStore] Received message: stats_update {intent_stats: Object, memory_stats: Object, context_stats: Object} @ webpack-internal:///(app-pages-browser)/./lib/store/monitor-store.ts:30
[   11576ms] [LOG] [MonitorStore] intent_stats: {strategy_counts: Object, confidence_distribution: Object, avg_latency_ms: Object, recent_classifications: Array(0)} @ webpack-internal:///(app-pages-browser)/./lib/store/monitor-store.ts:31
[   11576ms] [LOG] [MonitorStore] memory_stats: {hierarchy: Object, promotions: Array(0), memories: Array(0)} @ webpack-internal:///(app-pages-browser)/./lib/store/monitor-store.ts:32
[   11576ms] [LOG] [MonitorStore] context_stats: {current_tokens: 0, threshold: 0.75, compressions_triggered: 0, token_history: Array(0), last_compression: null} @ webpack-internal:///(app-pages-browser)/./lib/store/monitor-store.ts:33
[   11576ms] [LOG] [MonitorStore] Updating stats: {intent_stats: Object, memory_stats: Object, context_stats: Object} @ webpack-internal:///(app-pages-browser)/./lib/store/monitor-store.ts:57
[   11577ms] [LOG] [MonitorStore] State updated, intentStats: {strategy_counts: Object, confidence_distribution: Object, avg_latency_ms: Object, recent_classifications: Array(0)} @ webpack-internal:///(app-pages-browser)/./lib/store/monitor-store.ts:63
[   11633ms] [LOG] [MonitorStore] Received message: stats_update {intent_stats: Object, memory_stats: Object, context_stats: Object} @ webpack-internal:///(app-pages-browser)/./lib/store/monitor-store.ts:30
[   11633ms] [LOG] [MonitorStore] intent_stats: {strategy_counts: Object, confidence_distribution: Object, avg_latency_ms: Object, recent_classifications: Array(0)} @ webpack-internal:///(app-pages-browser)/./lib/store/monitor-store.ts:31
[   11633ms] [LOG] [MonitorStore] memory_stats: {hierarchy: Object, promotions: Array(0), memories: Array(0)} @ webpack-internal:///(app-pages-browser)/./lib/store/monitor-store.ts:32
[   11634ms] [LOG] [MonitorStore] context_stats: {current_tokens: 0, threshold: 0.75, compressions_triggered: 0, token_history: Array(0), last_compression: null} @ webpack-internal:///(app-pages-browser)/./lib/store/monitor-store.ts:33
[   11634ms] [LOG] [MonitorStore] Updating stats: {intent_stats: Object, memory_stats: Object, context_stats: Object} @ webpack-internal:///(app-pages-browser)/./lib/store/monitor-store.ts:57
[   11634ms] [LOG] [MonitorStore] State updated, intentStats: {strategy_counts: Object, confidence_distribution: Object, avg_latency_ms: Object, recent_classifications: Array(0)} @ webpack-internal:///(app-pages-browser)/./lib/store/monitor-store.ts:63
[   12582ms] [LOG] [MonitorStore] Received message: stats_update {intent_stats: Object, memory_stats: Object, context_stats: Object} @ webpack-internal:///(app-pages-browser)/./lib/store/monitor-store.ts:30
[   12582ms] [LOG] [MonitorStore] intent_stats: {strategy_counts: Object, confidence_distribution: Object, avg_latency_ms: Object, recent_classifications: Array(0)} @ webpack-internal:///(app-pages-browser)/./lib/store/monitor-store.ts:31
[   12582ms] [LOG] [MonitorStore] memory_stats: {hierarchy: Object, promotions: Array(0), memories: Array(0)} @ webpack-internal:///(app-pages-browser)/./lib/store/monitor-store.ts:32
[   12582ms] [LOG] [MonitorStore] context_stats: {current_tokens: 0, threshold: 0.75, compressions_triggered: 0, token_history: Array(0), last_compression: null} @ webpack-internal:///(app-pages-browser)/./lib/store/monitor-store.ts:33
[   12582ms] [LOG] [MonitorStore] Updating stats: {intent_stats: Object, memory_stats: Object, context_stats: Object} @ webpack-internal:///(app-pages-browser)/./lib/store/monitor-store.ts:57
[   12582ms] [LOG] [MonitorStore] State updated, intentStats: {strategy_counts: Object, confidence_distribution: Object, avg_latency_ms: Object, recent_classifications: Array(0)} @ webpack-internal:///(app-pages-browser)/./lib/store/monitor-store.ts:63
[   12655ms] [LOG] [MonitorStore] Received message: stats_update {intent_stats: Object, memory_stats: Object, context_stats: Object} @ webpack-internal:///(app-pages-browser)/./lib/store/monitor-store.ts:30
[   12656ms] [LOG] [MonitorStore] intent_stats: {strategy_counts: Object, confidence_distribution: Object, avg_latency_ms: Object, recent_classifications: Array(0)} @ webpack-internal:///(app-pages-browser)/./lib/store/monitor-store.ts:31
[   12656ms] [LOG] [MonitorStore] memory_stats: {hierarchy: Object, promotions: Array(0), memories: Array(0)} @ webpack-internal:///(app-pages-browser)/./lib/store/monitor-store.ts:32
[   12657ms] [LOG] [MonitorStore] context_stats: {current_tokens: 0, threshold: 0.75, compressions_triggered: 0, token_history: Array(0), last_compression: null} @ webpack-internal:///(app-pages-browser)/./lib/store/monitor-store.ts:33
[   12657ms] [LOG] [MonitorStore] Updating stats: {intent_stats: Object, memory_stats: Object, context_stats: Object} @ webpack-internal:///(app-pages-browser)/./lib/store/monitor-store.ts:57
[   12657ms] [LOG] [MonitorStore] State updated, intentStats: {strategy_counts: Object, confidence_distribution: Object, avg_latency_ms: Object, recent_classifications: Array(0)} @ webpack-internal:///(app-pages-browser)/./lib/store/monitor-store.ts:63
[   13594ms] [LOG] [MonitorStore] Received message: stats_update {intent_stats: Object, memory_stats: Object, context_stats: Object} @ webpack-internal:///(app-pages-browser)/./lib/store/monitor-store.ts:30
[   13594ms] [LOG] [MonitorStore] intent_stats: {strategy_counts: Object, confidence_distribution: Object, avg_latency_ms: Object, recent_classifications: Array(0)} @ webpack-internal:///(app-pages-browser)/./lib/store/monitor-store.ts:31
[   13594ms] [LOG] [MonitorStore] memory_stats: {hierarchy: Object, promotions: Array(0), memories: Array(0)} @ webpack-internal:///(app-pages-browser)/./lib/store/monitor-store.ts:32
[   13594ms] [LOG] [MonitorStore] context_stats: {current_tokens: 0, threshold: 0.75, compressions_triggered: 0, token_history: Array(0), last_compression: null} @ webpack-internal:///(app-pages-browser)/./lib/store/monitor-store.ts:33
[   13594ms] [LOG] [MonitorStore] Updating stats: {intent_stats: Object, memory_stats: Object, context_stats: Object} @ webpack-internal:///(app-pages-browser)/./lib/store/monitor-store.ts:57
[   13594ms] [LOG] [MonitorStore] State updated, intentStats: {strategy_counts: Object, confidence_distribution: Object, avg_latency_ms: Object, recent_classifications: Array(0)} @ webpack-internal:///(app-pages-browser)/./lib/store/monitor-store.ts:63
[   13657ms] [LOG] [MonitorStore] Received message: stats_update {intent_stats: Object, memory_stats: Object, context_stats: Object} @ webpack-internal:///(app-pages-browser)/./lib/store/monitor-store.ts:30
[   13657ms] [LOG] [MonitorStore] intent_stats: {strategy_counts: Object, confidence_distribution: Object, avg_latency_ms: Object, recent_classifications: Array(0)} @ webpack-internal:///(app-pages-browser)/./lib/store/monitor-store.ts:31
[   13657ms] [LOG] [MonitorStore] memory_stats: {hierarchy: Object, promotions: Array(0), memories: Array(0)} @ webpack-internal:///(app-pages-browser)/./lib/store/monitor-store.ts:32
[   13657ms] [LOG] [MonitorStore] context_stats: {current_tokens: 0, threshold: 0.75, compressions_triggered: 0, token_history: Array(0), last_compression: null} @ webpack-internal:///(app-pages-browser)/./lib/store/monitor-store.ts:33
[   13657ms] [LOG] [MonitorStore] Updating stats: {intent_stats: Object, memory_stats: Object, context_stats: Object} @ webpack-internal:///(app-pages-browser)/./lib/store/monitor-store.ts:57
[   13658ms] [LOG] [MonitorStore] State updated, intentStats: {strategy_counts: Object, confidence_distribution: Object, avg_latency_ms: Object, recent_classifications: Array(0)} @ webpack-internal:///(app-pages-browser)/./lib/store/monitor-store.ts:63
[   14602ms] [LOG] [MonitorStore] Received message: stats_update {intent_stats: Object, memory_stats: Object, context_stats: Object} @ webpack-internal:///(app-pages-browser)/./lib/store/monitor-store.ts:30
[   14603ms] [LOG] [MonitorStore] intent_stats: {strategy_counts: Object, confidence_distribution: Object, avg_latency_ms: Object, recent_classifications: Array(0)} @ webpack-internal:///(app-pages-browser)/./lib/store/monitor-store.ts:31
[   14603ms] [LOG] [MonitorStore] memory_stats: {hierarchy: Object, promotions: Array(0), memories: Array(0)} @ webpack-internal:///(app-pages-browser)/./lib/store/monitor-store.ts:32
[   14603ms] [LOG] [MonitorStore] context_stats: {current_tokens: 0, threshold: 0.75, compressions_triggered: 0, token_history: Array(0), last_compression: null} @ webpack-internal:///(app-pages-browser)/./lib/store/monitor-store.ts:33
[   14603ms] [LOG] [MonitorStore] Updating stats: {intent_stats: Object, memory_stats: Object, context_stats: Object} @ webpack-internal:///(app-pages-browser)/./lib/store/monitor-store.ts:57
[   14603ms] [LOG] [MonitorStore] State updated, intentStats: {strategy_counts: Object, confidence_distribution: Object, avg_latency_ms: Object, recent_classifications: Array(0)} @ webpack-internal:///(app-pages-browser)/./lib/store/monitor-store.ts:63
[   14663ms] [LOG] [MonitorStore] Received message: stats_update {intent_stats: Object, memory_stats: Object, context_stats: Object} @ webpack-internal:///(app-pages-browser)/./lib/store/monitor-store.ts:30
[   14663ms] [LOG] [MonitorStore] intent_stats: {strategy_counts: Object, confidence_distribution: Object, avg_latency_ms: Object, recent_classifications: Array(0)} @ webpack-internal:///(app-pages-browser)/./lib/store/monitor-store.ts:31
[   14664ms] [LOG] [MonitorStore] memory_stats: {hierarchy: Object, promotions: Array(0), memories: Array(0)} @ webpack-internal:///(app-pages-browser)/./lib/store/monitor-store.ts:32
[   14664ms] [LOG] [MonitorStore] context_stats: {current_tokens: 0, threshold: 0.75, compressions_triggered: 0, token_history: Array(0), last_compression: null} @ webpack-internal:///(app-pages-browser)/./lib/store/monitor-store.ts:33
[   14664ms] [LOG] [MonitorStore] Updating stats: {intent_stats: Object, memory_stats: Object, context_stats: Object} @ webpack-internal:///(app-pages-browser)/./lib/store/monitor-store.ts:57
[   14664ms] [LOG] [MonitorStore] State updated, intentStats: {strategy_counts: Object, confidence_distribution: Object, avg_latency_ms: Object, recent_classifications: Array(0)} @ webpack-internal:///(app-pages-browser)/./lib/store/monitor-store.ts:63
[   15611ms] [LOG] [MonitorStore] Received message: stats_update {intent_stats: Object, memory_stats: Object, context_stats: Object} @ webpack-internal:///(app-pages-browser)/./lib/store/monitor-store.ts:30
[   15611ms] [LOG] [MonitorStore] intent_stats: {strategy_counts: Object, confidence_distribution: Object, avg_latency_ms: Object, recent_classifications: Array(0)} @ webpack-internal:///(app-pages-browser)/./lib/store/monitor-store.ts:31
[   15611ms] [LOG] [MonitorStore] memory_stats: {hierarchy: Object, promotions: Array(0), memories: Array(0)} @ webpack-internal:///(app-pages-browser)/./lib/store/monitor-store.ts:32
[   15611ms] [LOG] [MonitorStore] context_stats: {current_tokens: 0, threshold: 0.75, compressions_triggered: 0, token_history: Array(0), last_compression: null} @ webpack-internal:///(app-pages-browser)/./lib/store/monitor-store.ts:33
[   15611ms] [LOG] [MonitorStore] Updating stats: {intent_stats: Object, memory_stats: Object, context_stats: Object} @ webpack-internal:///(app-pages-browser)/./lib/store/monitor-store.ts:57
[   15611ms] [LOG] [MonitorStore] State updated, intentStats: {strategy_counts: Object, confidence_distribution: Object, avg_latency_ms: Object, recent_classifications: Array(0)} @ webpack-internal:///(app-pages-browser)/./lib/store/monitor-store.ts:63
[   15648ms] [LOG] [MonitorStore] Received message: stats_update {intent_stats: Object, memory_stats: Object, context_stats: Object} @ webpack-internal:///(app-pages-browser)/./lib/store/monitor-store.ts:30
[   15648ms] [LOG] [MonitorStore] intent_stats: {strategy_counts: Object, confidence_distribution: Object, avg_latency_ms: Object, recent_classifications: Array(0)} @ webpack-internal:///(app-pages-browser)/./lib/store/monitor-store.ts:31
[   15648ms] [LOG] [MonitorStore] memory_stats: {hierarchy: Object, promotions: Array(0), memories: Array(0)} @ webpack-internal:///(app-pages-browser)/./lib/store/monitor-store.ts:32
[   15648ms] [LOG] [MonitorStore] context_stats: {current_tokens: 0, threshold: 0.75, compressions_triggered: 0, token_history: Array(0), last_compression: null} @ webpack-internal:///(app-pages-browser)/./lib/store/monitor-store.ts:33
[   15648ms] [LOG] [MonitorStore] Updating stats: {intent_stats: Object, memory_stats: Object, context_stats: Object} @ webpack-internal:///(app-pages-browser)/./lib/store/monitor-store.ts:57
[   15648ms] [LOG] [MonitorStore] State updated, intentStats: {strategy_counts: Object, confidence_distribution: Object, avg_latency_ms: Object, recent_classifications: Array(0)} @ webpack-internal:///(app-pages-browser)/./lib/store/monitor-store.ts:63
[   16617ms] [LOG] [MonitorStore] Received message: stats_update {intent_stats: Object, memory_stats: Object, context_stats: Object} @ webpack-internal:///(app-pages-browser)/./lib/store/monitor-store.ts:30
[   16617ms] [LOG] [MonitorStore] intent_stats: {strategy_counts: Object, confidence_distribution: Object, avg_latency_ms: Object, recent_classifications: Array(0)} @ webpack-internal:///(app-pages-browser)/./lib/store/monitor-store.ts:31
[   16618ms] [LOG] [MonitorStore] memory_stats: {hierarchy: Object, promotions: Array(0), memories: Array(0)} @ webpack-internal:///(app-pages-browser)/./lib/store/monitor-store.ts:32
[   16618ms] [LOG] [MonitorStore] context_stats: {current_tokens: 0, threshold: 0.75, compressions_triggered: 0, token_history: Array(0), last_compression: null} @ webpack-internal:///(app-pages-browser)/./lib/store/monitor-store.ts:33
[   16618ms] [LOG] [MonitorStore] Updating stats: {intent_stats: Object, memory_stats: Object, context_stats: Object} @ webpack-internal:///(app-pages-browser)/./lib/store/monitor-store.ts:57
[   16618ms] [LOG] [MonitorStore] State updated, intentStats: {strategy_counts: Object, confidence_distribution: Object, avg_latency_ms: Object, recent_classifications: Array(0)} @ webpack-internal:///(app-pages-browser)/./lib/store/monitor-store.ts:63
[   16671ms] [LOG] [MonitorStore] Received message: stats_update {intent_stats: Object, memory_stats: Object, context_stats: Object} @ webpack-internal:///(app-pages-browser)/./lib/store/monitor-store.ts:30
[   16672ms] [LOG] [MonitorStore] intent_stats: {strategy_counts: Object, confidence_distribution: Object, avg_latency_ms: Object, recent_classifications: Array(0)} @ webpack-internal:///(app-pages-browser)/./lib/store/monitor-store.ts:31
[   16672ms] [LOG] [MonitorStore] memory_stats: {hierarchy: Object, promotions: Array(0), memories: Array(0)} @ webpack-internal:///(app-pages-browser)/./lib/store/monitor-store.ts:32
[   16672ms] [LOG] [MonitorStore] context_stats: {current_tokens: 0, threshold: 0.75, compressions_triggered: 0, token_history: Array(0), last_compression: null} @ webpack-internal:///(app-pages-browser)/./lib/store/monitor-store.ts:33
[   16672ms] [LOG] [MonitorStore] Updating stats: {intent_stats: Object, memory_stats: Object, context_stats: Object} @ webpack-internal:///(app-pages-browser)/./lib/store/monitor-store.ts:57
[   16672ms] [LOG] [MonitorStore] State updated, intentStats: {strategy_counts: Object, confidence_distribution: Object, avg_latency_ms: Object, recent_classifications: Array(0)} @ webpack-internal:///(app-pages-browser)/./lib/store/monitor-store.ts:63
[   17631ms] [LOG] [MonitorStore] Received message: stats_update {intent_stats: Object, memory_stats: Object, context_stats: Object} @ webpack-internal:///(app-pages-browser)/./lib/store/monitor-store.ts:30
[   17631ms] [LOG] [MonitorStore] intent_stats: {strategy_counts: Object, confidence_distribution: Object, avg_latency_ms: Object, recent_classifications: Array(0)} @ webpack-internal:///(app-pages-browser)/./lib/store/monitor-store.ts:31
[   17631ms] [LOG] [MonitorStore] memory_stats: {hierarchy: Object, promotions: Array(0), memories: Array(0)} @ webpack-internal:///(app-pages-browser)/./lib/store/monitor-store.ts:32
[   17632ms] [LOG] [MonitorStore] context_stats: {current_tokens: 0, threshold: 0.75, compressions_triggered: 0, token_history: Array(0), last_compression: null} @ webpack-internal:///(app-pages-browser)/./lib/store/monitor-store.ts:33
[   17632ms] [LOG] [MonitorStore] Updating stats: {intent_stats: Object, memory_stats: Object, context_stats: Object} @ webpack-internal:///(app-pages-browser)/./lib/store/monitor-store.ts:57
[   17632ms] [LOG] [MonitorStore] State updated, intentStats: {strategy_counts: Object, confidence_distribution: Object, avg_latency_ms: Object, recent_classifications: Array(0)} @ webpack-internal:///(app-pages-browser)/./lib/store/monitor-store.ts:63
[   17678ms] [LOG] [MonitorStore] Received message: stats_update {intent_stats: Object, memory_stats: Object, context_stats: Object} @ webpack-internal:///(app-pages-browser)/./lib/store/monitor-store.ts:30
[   17678ms] [LOG] [MonitorStore] intent_stats: {strategy_counts: Object, confidence_distribution: Object, avg_latency_ms: Object, recent_classifications: Array(0)} @ webpack-internal:///(app-pages-browser)/./lib/store/monitor-store.ts:31
[   17678ms] [LOG] [MonitorStore] memory_stats: {hierarchy: Object, promotions: Array(0), memories: Array(0)} @ webpack-internal:///(app-pages-browser)/./lib/store/monitor-store.ts:32
[   17678ms] [LOG] [MonitorStore] context_stats: {current_tokens: 0, threshold: 0.75, compressions_triggered: 0, token_history: Array(0), last_compression: null} @ webpack-internal:///(app-pages-browser)/./lib/store/monitor-store.ts:33
[   17679ms] [LOG] [MonitorStore] Updating stats: {intent_stats: Object, memory_stats: Object, context_stats: Object} @ webpack-internal:///(app-pages-browser)/./lib/store/monitor-store.ts:57
[   17679ms] [LOG] [MonitorStore] State updated, intentStats: {strategy_counts: Object, confidence_distribution: Object, avg_latency_ms: Object, recent_classifications: Array(0)} @ webpack-internal:///(app-pages-browser)/./lib/store/monitor-store.ts:63
[   18641ms] [LOG] [MonitorStore] Received message: stats_update {intent_stats: Object, memory_stats: Object, context_stats: Object} @ webpack-internal:///(app-pages-browser)/./lib/store/monitor-store.ts:30
[   18641ms] [LOG] [MonitorStore] intent_stats: {strategy_counts: Object, confidence_distribution: Object, avg_latency_ms: Object, recent_classifications: Array(0)} @ webpack-internal:///(app-pages-browser)/./lib/store/monitor-store.ts:31
[   18642ms] [LOG] [MonitorStore] memory_stats: {hierarchy: Object, promotions: Array(0), memories: Array(0)} @ webpack-internal:///(app-pages-browser)/./lib/store/monitor-store.ts:32
[   18642ms] [LOG] [MonitorStore] context_stats: {current_tokens: 0, threshold: 0.75, compressions_triggered: 0, token_history: Array(0), last_compression: null} @ webpack-internal:///(app-pages-browser)/./lib/store/monitor-store.ts:33
[   18642ms] [LOG] [MonitorStore] Updating stats: {intent_stats: Object, memory_stats: Object, context_stats: Object} @ webpack-internal:///(app-pages-browser)/./lib/store/monitor-store.ts:57
[   18642ms] [LOG] [MonitorStore] State updated, intentStats: {strategy_counts: Object, confidence_distribution: Object, avg_latency_ms: Object, recent_classifications: Array(0)} @ webpack-internal:///(app-pages-browser)/./lib/store/monitor-store.ts:63
[   18700ms] [LOG] [MonitorStore] Received message: stats_update {intent_stats: Object, memory_stats: Object, context_stats: Object} @ webpack-internal:///(app-pages-browser)/./lib/store/monitor-store.ts:30
[   18700ms] [LOG] [MonitorStore] intent_stats: {strategy_counts: Object, confidence_distribution: Object, avg_latency_ms: Object, recent_classifications: Array(0)} @ webpack-internal:///(app-pages-browser)/./lib/store/monitor-store.ts:31
[   18700ms] [LOG] [MonitorStore] memory_stats: {hierarchy: Object, promotions: Array(0), memories: Array(0)} @ webpack-internal:///(app-pages-browser)/./lib/store/monitor-store.ts:32
[   18700ms] [LOG] [MonitorStore] context_stats: {current_tokens: 0, threshold: 0.75, compressions_triggered: 0, token_history: Array(0), last_compression: null} @ webpack-internal:///(app-pages-browser)/./lib/store/monitor-store.ts:33
[   18700ms] [LOG] [MonitorStore] Updating stats: {intent_stats: Object, memory_stats: Object, context_stats: Object} @ webpack-internal:///(app-pages-browser)/./lib/store/monitor-store.ts:57
[   18700ms] [LOG] [MonitorStore] State updated, intentStats: {strategy_counts: Object, confidence_distribution: Object, avg_latency_ms: Object, recent_classifications: Array(0)} @ webpack-internal:///(app-pages-browser)/./lib/store/monitor-store.ts:63
[   19655ms] [LOG] [MonitorStore] Received message: stats_update {intent_stats: Object, memory_stats: Object, context_stats: Object} @ webpack-internal:///(app-pages-browser)/./lib/store/monitor-store.ts:30
[   19656ms] [LOG] [MonitorStore] intent_stats: {strategy_counts: Object, confidence_distribution: Object, avg_latency_ms: Object, recent_classifications: Array(0)} @ webpack-internal:///(app-pages-browser)/./lib/store/monitor-store.ts:31
[   19656ms] [LOG] [MonitorStore] memory_stats: {hierarchy: Object, promotions: Array(0), memories: Array(0)} @ webpack-internal:///(app-pages-browser)/./lib/store/monitor-store.ts:32
[   19656ms] [LOG] [MonitorStore] context_stats: {current_tokens: 0, threshold: 0.75, compressions_triggered: 0, token_history: Array(0), last_compression: null} @ webpack-internal:///(app-pages-browser)/./lib/store/monitor-store.ts:33
[   19656ms] [LOG] [MonitorStore] Updating stats: {intent_stats: Object, memory_stats: Object, context_stats: Object} @ webpack-internal:///(app-pages-browser)/./lib/store/monitor-store.ts:57
[   19656ms] [LOG] [MonitorStore] State updated, intentStats: {strategy_counts: Object, confidence_distribution: Object, avg_latency_ms: Object, recent_classifications: Array(0)} @ webpack-internal:///(app-pages-browser)/./lib/store/monitor-store.ts:63
[   19724ms] [LOG] [MonitorStore] Received message: stats_update {intent_stats: Object, memory_stats: Object, context_stats: Object} @ webpack-internal:///(app-pages-browser)/./lib/store/monitor-store.ts:30
[   19725ms] [LOG] [MonitorStore] intent_stats: {strategy_counts: Object, confidence_distribution: Object, avg_latency_ms: Object, recent_classifications: Array(0)} @ webpack-internal:///(app-pages-browser)/./lib/store/monitor-store.ts:31
[   19726ms] [LOG] [MonitorStore] memory_stats: {hierarchy: Object, promotions: Array(0), memories: Array(0)} @ webpack-internal:///(app-pages-browser)/./lib/store/monitor-store.ts:32
[   19726ms] [LOG] [MonitorStore] context_stats: {current_tokens: 0, threshold: 0.75, compressions_triggered: 0, token_history: Array(0), last_compression: null} @ webpack-internal:///(app-pages-browser)/./lib/store/monitor-store.ts:33
[   19726ms] [LOG] [MonitorStore] Updating stats: {intent_stats: Object, memory_stats: Object, context_stats: Object} @ webpack-internal:///(app-pages-browser)/./lib/store/monitor-store.ts:57
[   19726ms] [LOG] [MonitorStore] State updated, intentStats: {strategy_counts: Object, confidence_distribution: Object, avg_latency_ms: Object, recent_classifications: Array(0)} @ webpack-internal:///(app-pages-browser)/./lib/store/monitor-store.ts:63
[   20658ms] [LOG] [MonitorStore] Received message: stats_update {intent_stats: Object, memory_stats: Object, context_stats: Object} @ webpack-internal:///(app-pages-browser)/./lib/store/monitor-store.ts:30
[   20658ms] [LOG] [MonitorStore] intent_stats: {strategy_counts: Object, confidence_distribution: Object, avg_latency_ms: Object, recent_classifications: Array(0)} @ webpack-internal:///(app-pages-browser)/./lib/store/monitor-store.ts:31
[   20658ms] [LOG] [MonitorStore] memory_stats: {hierarchy: Object, promotions: Array(0), memories: Array(0)} @ webpack-internal:///(app-pages-browser)/./lib/store/monitor-store.ts:32
[   20658ms] [LOG] [MonitorStore] context_stats: {current_tokens: 0, threshold: 0.75, compressions_triggered: 0, token_history: Array(0), last_compression: null} @ webpack-internal:///(app-pages-browser)/./lib/store/monitor-store.ts:33
[   20659ms] [LOG] [MonitorStore] Updating stats: {intent_stats: Object, memory_stats: Object, context_stats: Object} @ webpack-internal:///(app-pages-browser)/./lib/store/monitor-store.ts:57
[   20659ms] [LOG] [MonitorStore] State updated, intentStats: {strategy_counts: Object, confidence_distribution: Object, avg_latency_ms: Object, recent_classifications: Array(0)} @ webpack-internal:///(app-pages-browser)/./lib/store/monitor-store.ts:63
[   20699ms] [LOG] [MonitorStore] Received message: stats_update {intent_stats: Object, memory_stats: Object, context_stats: Object} @ webpack-internal:///(app-pages-browser)/./lib/store/monitor-store.ts:30
[   20699ms] [LOG] [MonitorStore] intent_stats: {strategy_counts: Object, confidence_distribution: Object, avg_latency_ms: Object, recent_classifications: Array(0)} @ webpack-internal:///(app-pages-browser)/./lib/store/monitor-store.ts:31
[   20699ms] [LOG] [MonitorStore] memory_stats: {hierarchy: Object, promotions: Array(0), memories: Array(0)} @ webpack-internal:///(app-pages-browser)/./lib/store/monitor-store.ts:32
[   20699ms] [LOG] [MonitorStore] context_stats: {current_tokens: 0, threshold: 0.75, compressions_triggered: 0, token_history: Array(0), last_compression: null} @ webpack-internal:///(app-pages-browser)/./lib/store/monitor-store.ts:33
[   20699ms] [LOG] [MonitorStore] Updating stats: {intent_stats: Object, memory_stats: Object, context_stats: Object} @ webpack-internal:///(app-pages-browser)/./lib/store/monitor-store.ts:57
[   20699ms] [LOG] [MonitorStore] State updated, intentStats: {strategy_counts: Object, confidence_distribution: Object, avg_latency_ms: Object, recent_classifications: Array(0)} @ webpack-internal:///(app-pages-browser)/./lib/store/monitor-store.ts:63
[   21661ms] [LOG] [MonitorStore] Received message: stats_update {intent_stats: Object, memory_stats: Object, context_stats: Object} @ webpack-internal:///(app-pages-browser)/./lib/store/monitor-store.ts:30
[   21661ms] [LOG] [MonitorStore] intent_stats: {strategy_counts: Object, confidence_distribution: Object, avg_latency_ms: Object, recent_classifications: Array(0)} @ webpack-internal:///(app-pages-browser)/./lib/store/monitor-store.ts:31
[   21661ms] [LOG] [MonitorStore] memory_stats: {hierarchy: Object, promotions: Array(0), memories: Array(0)} @ webpack-internal:///(app-pages-browser)/./lib/store/monitor-store.ts:32
[   21661ms] [LOG] [MonitorStore] context_stats: {current_tokens: 0, threshold: 0.75, compressions_triggered: 0, token_history: Array(0), last_compression: null} @ webpack-internal:///(app-pages-browser)/./lib/store/monitor-store.ts:33
[   21661ms] [LOG] [MonitorStore] Updating stats: {intent_stats: Object, memory_stats: Object, context_stats: Object} @ webpack-internal:///(app-pages-browser)/./lib/store/monitor-store.ts:57
[   21662ms] [LOG] [MonitorStore] State updated, intentStats: {strategy_counts: Object, confidence_distribution: Object, avg_latency_ms: Object, recent_classifications: Array(0)} @ webpack-internal:///(app-pages-browser)/./lib/store/monitor-store.ts:63
[   21720ms] [LOG] [MonitorStore] Received message: stats_update {intent_stats: Object, memory_stats: Object, context_stats: Object} @ webpack-internal:///(app-pages-browser)/./lib/store/monitor-store.ts:30
[   21721ms] [LOG] [MonitorStore] intent_stats: {strategy_counts: Object, confidence_distribution: Object, avg_latency_ms: Object, recent_classifications: Array(0)} @ webpack-internal:///(app-pages-browser)/./lib/store/monitor-store.ts:31
[   21721ms] [LOG] [MonitorStore] memory_stats: {hierarchy: Object, promotions: Array(0), memories: Array(0)} @ webpack-internal:///(app-pages-browser)/./lib/store/monitor-store.ts:32
[   21721ms] [LOG] [MonitorStore] context_stats: {current_tokens: 0, threshold: 0.75, compressions_triggered: 0, token_history: Array(0), last_compression: null} @ webpack-internal:///(app-pages-browser)/./lib/store/monitor-store.ts:33
[   21721ms] [LOG] [MonitorStore] Updating stats: {intent_stats: Object, memory_stats: Object, context_stats: Object} @ webpack-internal:///(app-pages-browser)/./lib/store/monitor-store.ts:57
[   21721ms] [LOG] [MonitorStore] State updated, intentStats: {strategy_counts: Object, confidence_distribution: Object, avg_latency_ms: Object, recent_classifications: Array(0)} @ webpack-internal:///(app-pages-browser)/./lib/store/monitor-store.ts:63
[   22675ms] [LOG] [MonitorStore] Received message: stats_update {intent_stats: Object, memory_stats: Object, context_stats: Object} @ webpack-internal:///(app-pages-browser)/./lib/store/monitor-store.ts:30
[   22675ms] [LOG] [MonitorStore] intent_stats: {strategy_counts: Object, confidence_distribution: Object, avg_latency_ms: Object, recent_classifications: Array(0)} @ webpack-internal:///(app-pages-browser)/./lib/store/monitor-store.ts:31
[   22675ms] [LOG] [MonitorStore] memory_stats: {hierarchy: Object, promotions: Array(0), memories: Array(0)} @ webpack-internal:///(app-pages-browser)/./lib/store/monitor-store.ts:32
[   22675ms] [LOG] [MonitorStore] context_stats: {current_tokens: 0, threshold: 0.75, compressions_triggered: 0, token_history: Array(0), last_compression: null} @ webpack-internal:///(app-pages-browser)/./lib/store/monitor-store.ts:33
[   22675ms] [LOG] [MonitorStore] Updating stats: {intent_stats: Object, memory_stats: Object, context_stats: Object} @ webpack-internal:///(app-pages-browser)/./lib/store/monitor-store.ts:57
[   22676ms] [LOG] [MonitorStore] State updated, intentStats: {strategy_counts: Object, confidence_distribution: Object, avg_latency_ms: Object, recent_classifications: Array(0)} @ webpack-internal:///(app-pages-browser)/./lib/store/monitor-store.ts:63
[   22718ms] [LOG] [MonitorStore] Received message: stats_update {intent_stats: Object, memory_stats: Object, context_stats: Object} @ webpack-internal:///(app-pages-browser)/./lib/store/monitor-store.ts:30
[   22719ms] [LOG] [MonitorStore] intent_stats: {strategy_counts: Object, confidence_distribution: Object, avg_latency_ms: Object, recent_classifications: Array(0)} @ webpack-internal:///(app-pages-browser)/./lib/store/monitor-store.ts:31
[   22719ms] [LOG] [MonitorStore] memory_stats: {hierarchy: Object, promotions: Array(0), memories: Array(0)} @ webpack-internal:///(app-pages-browser)/./lib/store/monitor-store.ts:32
[   22719ms] [LOG] [MonitorStore] context_stats: {current_tokens: 0, threshold: 0.75, compressions_triggered: 0, token_history: Array(0), last_compression: null} @ webpack-internal:///(app-pages-browser)/./lib/store/monitor-store.ts:33
[   22719ms] [LOG] [MonitorStore] Updating stats: {intent_stats: Object, memory_stats: Object, context_stats: Object} @ webpack-internal:///(app-pages-browser)/./lib/store/monitor-store.ts:57
[   22719ms] [LOG] [MonitorStore] State updated, intentStats: {strategy_counts: Object, confidence_distribution: Object, avg_latency_ms: Object, recent_classifications: Array(0)} @ webpack-internal:///(app-pages-browser)/./lib/store/monitor-store.ts:63
[   23688ms] [LOG] [MonitorStore] Received message: stats_update {intent_stats: Object, memory_stats: Object, context_stats: Object} @ webpack-internal:///(app-pages-browser)/./lib/store/monitor-store.ts:30
[   23688ms] [LOG] [MonitorStore] intent_stats: {strategy_counts: Object, confidence_distribution: Object, avg_latency_ms: Object, recent_classifications: Array(0)} @ webpack-internal:///(app-pages-browser)/./lib/store/monitor-store.ts:31
[   23688ms] [LOG] [MonitorStore] memory_stats: {hierarchy: Object, promotions: Array(0), memories: Array(0)} @ webpack-internal:///(app-pages-browser)/./lib/store/monitor-store.ts:32
[   23688ms] [LOG] [MonitorStore] context_stats: {current_tokens: 0, threshold: 0.75, compressions_triggered: 0, token_history: Array(0), last_compression: null} @ webpack-internal:///(app-pages-browser)/./lib/store/monitor-store.ts:33
[   23688ms] [LOG] [MonitorStore] Updating stats: {intent_stats: Object, memory_stats: Object, context_stats: Object} @ webpack-internal:///(app-pages-browser)/./lib/store/monitor-store.ts:57
[   23688ms] [LOG] [MonitorStore] State updated, intentStats: {strategy_counts: Object, confidence_distribution: Object, avg_latency_ms: Object, recent_classifications: Array(0)} @ webpack-internal:///(app-pages-browser)/./lib/store/monitor-store.ts:63
[   23724ms] [LOG] [MonitorStore] Received message: stats_update {intent_stats: Object, memory_stats: Object, context_stats: Object} @ webpack-internal:///(app-pages-browser)/./lib/store/monitor-store.ts:30
[   23724ms] [LOG] [MonitorStore] intent_stats: {strategy_counts: Object, confidence_distribution: Object, avg_latency_ms: Object, recent_classifications: Array(0)} @ webpack-internal:///(app-pages-browser)/./lib/store/monitor-store.ts:31
[   23724ms] [LOG] [MonitorStore] memory_stats: {hierarchy: Object, promotions: Array(0), memories: Array(0)} @ webpack-internal:///(app-pages-browser)/./lib/store/monitor-store.ts:32
[   23724ms] [LOG] [MonitorStore] context_stats: {current_tokens: 0, threshold: 0.75, compressions_triggered: 0, token_history: Array(0), last_compression: null} @ webpack-internal:///(app-pages-browser)/./lib/store/monitor-store.ts:33
[   23724ms] [LOG] [MonitorStore] Updating stats: {intent_stats: Object, memory_stats: Object, context_stats: Object} @ webpack-internal:///(app-pages-browser)/./lib/store/monitor-store.ts:57
[   23724ms] [LOG] [MonitorStore] State updated, intentStats: {strategy_counts: Object, confidence_distribution: Object, avg_latency_ms: Object, recent_classifications: Array(0)} @ webpack-internal:///(app-pages-browser)/./lib/store/monitor-store.ts:63
[   24694ms] [LOG] [MonitorStore] Received message: stats_update {intent_stats: Object, memory_stats: Object, context_stats: Object} @ webpack-internal:///(app-pages-browser)/./lib/store/monitor-store.ts:30
[   24694ms] [LOG] [MonitorStore] intent_stats: {strategy_counts: Object, confidence_distribution: Object, avg_latency_ms: Object, recent_classifications: Array(0)} @ webpack-internal:///(app-pages-browser)/./lib/store/monitor-store.ts:31
[   24694ms] [LOG] [MonitorStore] memory_stats: {hierarchy: Object, promotions: Array(0), memories: Array(0)} @ webpack-internal:///(app-pages-browser)/./lib/store/monitor-store.ts:32
[   24694ms] [LOG] [MonitorStore] context_stats: {current_tokens: 0, threshold: 0.75, compressions_triggered: 0, token_history: Array(0), last_compression: null} @ webpack-internal:///(app-pages-browser)/./lib/store/monitor-store.ts:33
[   24694ms] [LOG] [MonitorStore] Updating stats: {intent_stats: Object, memory_stats: Object, context_stats: Object} @ webpack-internal:///(app-pages-browser)/./lib/store/monitor-store.ts:57
[   24694ms] [LOG] [MonitorStore] State updated, intentStats: {strategy_counts: Object, confidence_distribution: Object, avg_latency_ms: Object, recent_classifications: Array(0)} @ webpack-internal:///(app-pages-browser)/./lib/store/monitor-store.ts:63
[   24749ms] [LOG] [MonitorStore] Received message: stats_update {intent_stats: Object, memory_stats: Object, context_stats: Object} @ webpack-internal:///(app-pages-browser)/./lib/store/monitor-store.ts:30
[   24749ms] [LOG] [MonitorStore] intent_stats: {strategy_counts: Object, confidence_distribution: Object, avg_latency_ms: Object, recent_classifications: Array(0)} @ webpack-internal:///(app-pages-browser)/./lib/store/monitor-store.ts:31
[   24749ms] [LOG] [MonitorStore] memory_stats: {hierarchy: Object, promotions: Array(0), memories: Array(0)} @ webpack-internal:///(app-pages-browser)/./lib/store/monitor-store.ts:32
[   24750ms] [LOG] [MonitorStore] context_stats: {current_tokens: 0, threshold: 0.75, compressions_triggered: 0, token_history: Array(0), last_compression: null} @ webpack-internal:///(app-pages-browser)/./lib/store/monitor-store.ts:33
[   24750ms] [LOG] [MonitorStore] Updating stats: {intent_stats: Object, memory_stats: Object, context_stats: Object} @ webpack-internal:///(app-pages-browser)/./lib/store/monitor-store.ts:57
[   24750ms] [LOG] [MonitorStore] State updated, intentStats: {strategy_counts: Object, confidence_distribution: Object, avg_latency_ms: Object, recent_classifications: Array(0)} @ webpack-internal:///(app-pages-browser)/./lib/store/monitor-store.ts:63
[   25708ms] [LOG] [MonitorStore] Received message: stats_update {intent_stats: Object, memory_stats: Object, context_stats: Object} @ webpack-internal:///(app-pages-browser)/./lib/store/monitor-store.ts:30
[   25708ms] [LOG] [MonitorStore] intent_stats: {strategy_counts: Object, confidence_distribution: Object, avg_latency_ms: Object, recent_classifications: Array(0)} @ webpack-internal:///(app-pages-browser)/./lib/store/monitor-store.ts:31
[   25708ms] [LOG] [MonitorStore] memory_stats: {hierarchy: Object, promotions: Array(0), memories: Array(0)} @ webpack-internal:///(app-pages-browser)/./lib/store/monitor-store.ts:32
[   25708ms] [LOG] [MonitorStore] context_stats: {current_tokens: 0, threshold: 0.75, compressions_triggered: 0, token_history: Array(0), last_compression: null} @ webpack-internal:///(app-pages-browser)/./lib/store/monitor-store.ts:33
[   25709ms] [LOG] [MonitorStore] Updating stats: {intent_stats: Object, memory_stats: Object, context_stats: Object} @ webpack-internal:///(app-pages-browser)/./lib/store/monitor-store.ts:57
[   25709ms] [LOG] [MonitorStore] State updated, intentStats: {strategy_counts: Object, confidence_distribution: Object, avg_latency_ms: Object, recent_classifications: Array(0)} @ webpack-internal:///(app-pages-browser)/./lib/store/monitor-store.ts:63
[   25775ms] [LOG] [MonitorStore] Received message: stats_update {intent_stats: Object, memory_stats: Object, context_stats: Object} @ webpack-internal:///(app-pages-browser)/./lib/store/monitor-store.ts:30
[   25775ms] [LOG] [MonitorStore] intent_stats: {strategy_counts: Object, confidence_distribution: Object, avg_latency_ms: Object, recent_classifications: Array(0)} @ webpack-internal:///(app-pages-browser)/./lib/store/monitor-store.ts:31
[   25776ms] [LOG] [MonitorStore] memory_stats: {hierarchy: Object, promotions: Array(0), memories: Array(0)} @ webpack-internal:///(app-pages-browser)/./lib/store/monitor-store.ts:32
[   25776ms] [LOG] [MonitorStore] context_stats: {current_tokens: 0, threshold: 0.75, compressions_triggered: 0, token_history: Array(0), last_compression: null} @ webpack-internal:///(app-pages-browser)/./lib/store/monitor-store.ts:33
[   25776ms] [LOG] [MonitorStore] Updating stats: {intent_stats: Object, memory_stats: Object, context_stats: Object} @ webpack-internal:///(app-pages-browser)/./lib/store/monitor-store.ts:57
[   25776ms] [LOG] [MonitorStore] State updated, intentStats: {strategy_counts: Object, confidence_distribution: Object, avg_latency_ms: Object, recent_classifications: Array(0)} @ webpack-internal:///(app-pages-browser)/./lib/store/monitor-store.ts:63
[   26723ms] [LOG] [MonitorStore] Received message: stats_update {intent_stats: Object, memory_stats: Object, context_stats: Object} @ webpack-internal:///(app-pages-browser)/./lib/store/monitor-store.ts:30
[   26723ms] [LOG] [MonitorStore] intent_stats: {strategy_counts: Object, confidence_distribution: Object, avg_latency_ms: Object, recent_classifications: Array(0)} @ webpack-internal:///(app-pages-browser)/./lib/store/monitor-store.ts:31
[   26724ms] [LOG] [MonitorStore] memory_stats: {hierarchy: Object, promotions: Array(0), memories: Array(0)} @ webpack-internal:///(app-pages-browser)/./lib/store/monitor-store.ts:32
[   26724ms] [LOG] [MonitorStore] context_stats: {current_tokens: 0, threshold: 0.75, compressions_triggered: 0, token_history: Array(0), last_compression: null} @ webpack-internal:///(app-pages-browser)/./lib/store/monitor-store.ts:33
[   26724ms] [LOG] [MonitorStore] Updating stats: {intent_stats: Object, memory_stats: Object, context_stats: Object} @ webpack-internal:///(app-pages-browser)/./lib/store/monitor-store.ts:57
[   26725ms] [LOG] [MonitorStore] State updated, intentStats: {strategy_counts: Object, confidence_distribution: Object, avg_latency_ms: Object, recent_classifications: Array(0)} @ webpack-internal:///(app-pages-browser)/./lib/store/monitor-store.ts:63
[   26799ms] [LOG] [MonitorStore] Received message: stats_update {intent_stats: Object, memory_stats: Object, context_stats: Object} @ webpack-internal:///(app-pages-browser)/./lib/store/monitor-store.ts:30
[   26799ms] [LOG] [MonitorStore] intent_stats: {strategy_counts: Object, confidence_distribution: Object, avg_latency_ms: Object, recent_classifications: Array(0)} @ webpack-internal:///(app-pages-browser)/./lib/store/monitor-store.ts:31
[   26800ms] [LOG] [MonitorStore] memory_stats: {hierarchy: Object, promotions: Array(0), memories: Array(0)} @ webpack-internal:///(app-pages-browser)/./lib/store/monitor-store.ts:32
[   26800ms] [LOG] [MonitorStore] context_stats: {current_tokens: 0, threshold: 0.75, compressions_triggered: 0, token_history: Array(0), last_compression: null} @ webpack-internal:///(app-pages-browser)/./lib/store/monitor-store.ts:33
[   26800ms] [LOG] [MonitorStore] Updating stats: {intent_stats: Object, memory_stats: Object, context_stats: Object} @ webpack-internal:///(app-pages-browser)/./lib/store/monitor-store.ts:57
[   26800ms] [LOG] [MonitorStore] State updated, intentStats: {strategy_counts: Object, confidence_distribution: Object, avg_latency_ms: Object, recent_classifications: Array(0)} @ webpack-internal:///(app-pages-browser)/./lib/store/monitor-store.ts:63
[   27728ms] [LOG] [MonitorStore] Received message: stats_update {intent_stats: Object, memory_stats: Object, context_stats: Object} @ webpack-internal:///(app-pages-browser)/./lib/store/monitor-store.ts:30
[   27728ms] [LOG] [MonitorStore] intent_stats: {strategy_counts: Object, confidence_distribution: Object, avg_latency_ms: Object, recent_classifications: Array(0)} @ webpack-internal:///(app-pages-browser)/./lib/store/monitor-store.ts:31
[   27728ms] [LOG] [MonitorStore] memory_stats: {hierarchy: Object, promotions: Array(0), memories: Array(0)} @ webpack-internal:///(app-pages-browser)/./lib/store/monitor-store.ts:32
[   27729ms] [LOG] [MonitorStore] context_stats: {current_tokens: 0, threshold: 0.75, compressions_triggered: 0, token_history: Array(0), last_compression: null} @ webpack-internal:///(app-pages-browser)/./lib/store/monitor-store.ts:33
[   27729ms] [LOG] [MonitorStore] Updating stats: {intent_stats: Object, memory_stats: Object, context_stats: Object} @ webpack-internal:///(app-pages-browser)/./lib/store/monitor-store.ts:57
[   27729ms] [LOG] [MonitorStore] State updated, intentStats: {strategy_counts: Object, confidence_distribution: Object, avg_latency_ms: Object, recent_classifications: Array(0)} @ webpack-internal:///(app-pages-browser)/./lib/store/monitor-store.ts:63
[   27776ms] [LOG] [MonitorStore] Received message: stats_update {intent_stats: Object, memory_stats: Object, context_stats: Object} @ webpack-internal:///(app-pages-browser)/./lib/store/monitor-store.ts:30
[   27776ms] [LOG] [MonitorStore] intent_stats: {strategy_counts: Object, confidence_distribution: Object, avg_latency_ms: Object, recent_classifications: Array(0)} @ webpack-internal:///(app-pages-browser)/./lib/store/monitor-store.ts:31
[   27776ms] [LOG] [MonitorStore] memory_stats: {hierarchy: Object, promotions: Array(0), memories: Array(0)} @ webpack-internal:///(app-pages-browser)/./lib/store/monitor-store.ts:32
[   27776ms] [LOG] [MonitorStore] context_stats: {current_tokens: 0, threshold: 0.75, compressions_triggered: 0, token_history: Array(0), last_compression: null} @ webpack-internal:///(app-pages-browser)/./lib/store/monitor-store.ts:33
[   27777ms] [LOG] [MonitorStore] Updating stats: {intent_stats: Object, memory_stats: Object, context_stats: Object} @ webpack-internal:///(app-pages-browser)/./lib/store/monitor-store.ts:57
[   27777ms] [LOG] [MonitorStore] State updated, intentStats: {strategy_counts: Object, confidence_distribution: Object, avg_latency_ms: Object, recent_classifications: Array(0)} @ webpack-internal:///(app-pages-browser)/./lib/store/monitor-store.ts:63
[   28745ms] [LOG] [MonitorStore] Received message: stats_update {intent_stats: Object, memory_stats: Object, context_stats: Object} @ webpack-internal:///(app-pages-browser)/./lib/store/monitor-store.ts:30
[   28746ms] [LOG] [MonitorStore] intent_stats: {strategy_counts: Object, confidence_distribution: Object, avg_latency_ms: Object, recent_classifications: Array(0)} @ webpack-internal:///(app-pages-browser)/./lib/store/monitor-store.ts:31
[   28746ms] [LOG] [MonitorStore] memory_stats: {hierarchy: Object, promotions: Array(0), memories: Array(0)} @ webpack-internal:///(app-pages-browser)/./lib/store/monitor-store.ts:32
[   28746ms] [LOG] [MonitorStore] context_stats: {current_tokens: 0, threshold: 0.75, compressions_triggered: 0, token_history: Array(0), last_compression: null} @ webpack-internal:///(app-pages-browser)/./lib/store/monitor-store.ts:33
[   28746ms] [LOG] [MonitorStore] Updating stats: {intent_stats: Object, memory_stats: Object, context_stats: Object} @ webpack-internal:///(app-pages-browser)/./lib/store/monitor-store.ts:57
[   28746ms] [LOG] [MonitorStore] State updated, intentStats: {strategy_counts: Object, confidence_distribution: Object, avg_latency_ms: Object, recent_classifications: Array(0)} @ webpack-internal:///(app-pages-browser)/./lib/store/monitor-store.ts:63
[   28816ms] [LOG] [MonitorStore] Received message: stats_update {intent_stats: Object, memory_stats: Object, context_stats: Object} @ webpack-internal:///(app-pages-browser)/./lib/store/monitor-store.ts:30
[   28816ms] [LOG] [MonitorStore] intent_stats: {strategy_counts: Object, confidence_distribution: Object, avg_latency_ms: Object, recent_classifications: Array(0)} @ webpack-internal:///(app-pages-browser)/./lib/store/monitor-store.ts:31
[   28816ms] [LOG] [MonitorStore] memory_stats: {hierarchy: Object, promotions: Array(0), memories: Array(0)} @ webpack-internal:///(app-pages-browser)/./lib/store/monitor-store.ts:32
[   28816ms] [LOG] [MonitorStore] context_stats: {current_tokens: 0, threshold: 0.75, compressions_triggered: 0, token_history: Array(0), last_compression: null} @ webpack-internal:///(app-pages-browser)/./lib/store/monitor-store.ts:33
[   28816ms] [LOG] [MonitorStore] Updating stats: {intent_stats: Object, memory_stats: Object, context_stats: Object} @ webpack-internal:///(app-pages-browser)/./lib/store/monitor-store.ts:57
[   28817ms] [LOG] [MonitorStore] State updated, intentStats: {strategy_counts: Object, confidence_distribution: Object, avg_latency_ms: Object, recent_classifications: Array(0)} @ webpack-internal:///(app-pages-browser)/./lib/store/monitor-store.ts:63
[   29756ms] [LOG] [MonitorStore] Received message: stats_update {intent_stats: Object, memory_stats: Object, context_stats: Object} @ webpack-internal:///(app-pages-browser)/./lib/store/monitor-store.ts:30
[   29756ms] [LOG] [MonitorStore] intent_stats: {strategy_counts: Object, confidence_distribution: Object, avg_latency_ms: Object, recent_classifications: Array(0)} @ webpack-internal:///(app-pages-browser)/./lib/store/monitor-store.ts:31
[   29756ms] [LOG] [MonitorStore] memory_stats: {hierarchy: Object, promotions: Array(0), memories: Array(0)} @ webpack-internal:///(app-pages-browser)/./lib/store/monitor-store.ts:32
[   29756ms] [LOG] [MonitorStore] context_stats: {current_tokens: 0, threshold: 0.75, compressions_triggered: 0, token_history: Array(0), last_compression: null} @ webpack-internal:///(app-pages-browser)/./lib/store/monitor-store.ts:33
[   29757ms] [LOG] [MonitorStore] Updating stats: {intent_stats: Object, memory_stats: Object, context_stats: Object} @ webpack-internal:///(app-pages-browser)/./lib/store/monitor-store.ts:57
[   29757ms] [LOG] [MonitorStore] State updated, intentStats: {strategy_counts: Object, confidence_distribution: Object, avg_latency_ms: Object, recent_classifications: Array(0)} @ webpack-internal:///(app-pages-browser)/./lib/store/monitor-store.ts:63
[   29819ms] [LOG] [MonitorStore] Received message: stats_update {intent_stats: Object, memory_stats: Object, context_stats: Object} @ webpack-internal:///(app-pages-browser)/./lib/store/monitor-store.ts:30
[   29819ms] [LOG] [MonitorStore] intent_stats: {strategy_counts: Object, confidence_distribution: Object, avg_latency_ms: Object, recent_classifications: Array(0)} @ webpack-internal:///(app-pages-browser)/./lib/store/monitor-store.ts:31
[   29819ms] [LOG] [MonitorStore] memory_stats: {hierarchy: Object, promotions: Array(0), memories: Array(0)} @ webpack-internal:///(app-pages-browser)/./lib/store/monitor-store.ts:32
[   29819ms] [LOG] [MonitorStore] context_stats: {current_tokens: 0, threshold: 0.75, compressions_triggered: 0, token_history: Array(0), last_compression: null} @ webpack-internal:///(app-pages-browser)/./lib/store/monitor-store.ts:33
[   29820ms] [LOG] [MonitorStore] Updating stats: {intent_stats: Object, memory_stats: Object, context_stats: Object} @ webpack-internal:///(app-pages-browser)/./lib/store/monitor-store.ts:57
[   29820ms] [LOG] [MonitorStore] State updated, intentStats: {strategy_counts: Object, confidence_distribution: Object, avg_latency_ms: Object, recent_classifications: Array(0)} @ webpack-internal:///(app-pages-browser)/./lib/store/monitor-store.ts:63
[   30771ms] [LOG] [MonitorStore] Received message: stats_update {intent_stats: Object, memory_stats: Object, context_stats: Object} @ webpack-internal:///(app-pages-browser)/./lib/store/monitor-store.ts:30
[   30771ms] [LOG] [MonitorStore] intent_stats: {strategy_counts: Object, confidence_distribution: Object, avg_latency_ms: Object, recent_classifications: Array(0)} @ webpack-internal:///(app-pages-browser)/./lib/store/monitor-store.ts:31
[   30771ms] [LOG] [MonitorStore] memory_stats: {hierarchy: Object, promotions: Array(0), memories: Array(0)} @ webpack-internal:///(app-pages-browser)/./lib/store/monitor-store.ts:32
[   30771ms] [LOG] [MonitorStore] context_stats: {current_tokens: 0, threshold: 0.75, compressions_triggered: 0, token_history: Array(0), last_compression: null} @ webpack-internal:///(app-pages-browser)/./lib/store/monitor-store.ts:33
[   30772ms] [LOG] [MonitorStore] Updating stats: {intent_stats: Object, memory_stats: Object, context_stats: Object} @ webpack-internal:///(app-pages-browser)/./lib/store/monitor-store.ts:57
[   30772ms] [LOG] [MonitorStore] State updated, intentStats: {strategy_counts: Object, confidence_distribution: Object, avg_latency_ms: Object, recent_classifications: Array(0)} @ webpack-internal:///(app-pages-browser)/./lib/store/monitor-store.ts:63
[   30836ms] [LOG] [MonitorStore] Received message: stats_update {intent_stats: Object, memory_stats: Object, context_stats: Object} @ webpack-internal:///(app-pages-browser)/./lib/store/monitor-store.ts:30
[   30837ms] [LOG] [MonitorStore] intent_stats: {strategy_counts: Object, confidence_distribution: Object, avg_latency_ms: Object, recent_classifications: Array(0)} @ webpack-internal:///(app-pages-browser)/./lib/store/monitor-store.ts:31
[   30837ms] [LOG] [MonitorStore] memory_stats: {hierarchy: Object, promotions: Array(0), memories: Array(0)} @ webpack-internal:///(app-pages-browser)/./lib/store/monitor-store.ts:32
[   30837ms] [LOG] [MonitorStore] context_stats: {current_tokens: 0, threshold: 0.75, compressions_triggered: 0, token_history: Array(0), last_compression: null} @ webpack-internal:///(app-pages-browser)/./lib/store/monitor-store.ts:33
[   30837ms] [LOG] [MonitorStore] Updating stats: {intent_stats: Object, memory_stats: Object, context_stats: Object} @ webpack-internal:///(app-pages-browser)/./lib/store/monitor-store.ts:57
[   30838ms] [LOG] [MonitorStore] State updated, intentStats: {strategy_counts: Object, confidence_distribution: Object, avg_latency_ms: Object, recent_classifications: Array(0)} @ webpack-internal:///(app-pages-browser)/./lib/store/monitor-store.ts:63
[   31771ms] [LOG] [MonitorStore] Received message: stats_update {intent_stats: Object, memory_stats: Object, context_stats: Object} @ webpack-internal:///(app-pages-browser)/./lib/store/monitor-store.ts:30
[   31771ms] [LOG] [MonitorStore] intent_stats: {strategy_counts: Object, confidence_distribution: Object, avg_latency_ms: Object, recent_classifications: Array(0)} @ webpack-internal:///(app-pages-browser)/./lib/store/monitor-store.ts:31
[   31771ms] [LOG] [MonitorStore] memory_stats: {hierarchy: Object, promotions: Array(0), memories: Array(0)} @ webpack-internal:///(app-pages-browser)/./lib/store/monitor-store.ts:32
[   31771ms] [LOG] [MonitorStore] context_stats: {current_tokens: 0, threshold: 0.75, compressions_triggered: 0, token_history: Array(0), last_compression: null} @ webpack-internal:///(app-pages-browser)/./lib/store/monitor-store.ts:33
[   31771ms] [LOG] [MonitorStore] Updating stats: {intent_stats: Object, memory_stats: Object, context_stats: Object} @ webpack-internal:///(app-pages-browser)/./lib/store/monitor-store.ts:57
[   31771ms] [LOG] [MonitorStore] State updated, intentStats: {strategy_counts: Object, confidence_distribution: Object, avg_latency_ms: Object, recent_classifications: Array(0)} @ webpack-internal:///(app-pages-browser)/./lib/store/monitor-store.ts:63
[   31834ms] [LOG] [MonitorStore] Received message: stats_update {intent_stats: Object, memory_stats: Object, context_stats: Object} @ webpack-internal:///(app-pages-browser)/./lib/store/monitor-store.ts:30
[   31834ms] [LOG] [MonitorStore] intent_stats: {strategy_counts: Object, confidence_distribution: Object, avg_latency_ms: Object, recent_classifications: Array(0)} @ webpack-internal:///(app-pages-browser)/./lib/store/monitor-store.ts:31
[   31835ms] [LOG] [MonitorStore] memory_stats: {hierarchy: Object, promotions: Array(0), memories: Array(0)} @ webpack-internal:///(app-pages-browser)/./lib/store/monitor-store.ts:32
[   31835ms] [LOG] [MonitorStore] context_stats: {current_tokens: 0, threshold: 0.75, compressions_triggered: 0, token_history: Array(0), last_compression: null} @ webpack-internal:///(app-pages-browser)/./lib/store/monitor-store.ts:33
[   31835ms] [LOG] [MonitorStore] Updating stats: {intent_stats: Object, memory_stats: Object, context_stats: Object} @ webpack-internal:///(app-pages-browser)/./lib/store/monitor-store.ts:57
[   31835ms] [LOG] [MonitorStore] State updated, intentStats: {strategy_counts: Object, confidence_distribution: Object, avg_latency_ms: Object, recent_classifications: Array(0)} @ webpack-internal:///(app-pages-browser)/./lib/store/monitor-store.ts:63
[   32778ms] [LOG] [MonitorStore] Received message: stats_update {intent_stats: Object, memory_stats: Object, context_stats: Object} @ webpack-internal:///(app-pages-browser)/./lib/store/monitor-store.ts:30
[   32778ms] [LOG] [MonitorStore] intent_stats: {strategy_counts: Object, confidence_distribution: Object, avg_latency_ms: Object, recent_classifications: Array(0)} @ webpack-internal:///(app-pages-browser)/./lib/store/monitor-store.ts:31
[   32778ms] [LOG] [MonitorStore] memory_stats: {hierarchy: Object, promotions: Array(0), memories: Array(0)} @ webpack-internal:///(app-pages-browser)/./lib/store/monitor-store.ts:32
[   32778ms] [LOG] [MonitorStore] context_stats: {current_tokens: 0, threshold: 0.75, compressions_triggered: 0, token_history: Array(0), last_compression: null} @ webpack-internal:///(app-pages-browser)/./lib/store/monitor-store.ts:33
[   32779ms] [LOG] [MonitorStore] Updating stats: {intent_stats: Object, memory_stats: Object, context_stats: Object} @ webpack-internal:///(app-pages-browser)/./lib/store/monitor-store.ts:57
[   32779ms] [LOG] [MonitorStore] State updated, intentStats: {strategy_counts: Object, confidence_distribution: Object, avg_latency_ms: Object, recent_classifications: Array(0)} @ webpack-internal:///(app-pages-browser)/./lib/store/monitor-store.ts:63
[   32828ms] [LOG] [MonitorStore] Received message: stats_update {intent_stats: Object, memory_stats: Object, context_stats: Object} @ webpack-internal:///(app-pages-browser)/./lib/store/monitor-store.ts:30
[   32828ms] [LOG] [MonitorStore] intent_stats: {strategy_counts: Object, confidence_distribution: Object, avg_latency_ms: Object, recent_classifications: Array(0)} @ webpack-internal:///(app-pages-browser)/./lib/store/monitor-store.ts:31
[   32828ms] [LOG] [MonitorStore] memory_stats: {hierarchy: Object, promotions: Array(0), memories: Array(0)} @ webpack-internal:///(app-pages-browser)/./lib/store/monitor-store.ts:32
[   32828ms] [LOG] [MonitorStore] context_stats: {current_tokens: 0, threshold: 0.75, compressions_triggered: 0, token_history: Array(0), last_compression: null} @ webpack-internal:///(app-pages-browser)/./lib/store/monitor-store.ts:33
[   32828ms] [LOG] [MonitorStore] Updating stats: {intent_stats: Object, memory_stats: Object, context_stats: Object} @ webpack-internal:///(app-pages-browser)/./lib/store/monitor-store.ts:57
[   32828ms] [LOG] [MonitorStore] State updated, intentStats: {strategy_counts: Object, confidence_distribution: Object, avg_latency_ms: Object, recent_classifications: Array(0)} @ webpack-internal:///(app-pages-browser)/./lib/store/monitor-store.ts:63
[   33783ms] [LOG] [MonitorStore] Received message: stats_update {intent_stats: Object, memory_stats: Object, context_stats: Object} @ webpack-internal:///(app-pages-browser)/./lib/store/monitor-store.ts:30
[   33783ms] [LOG] [MonitorStore] intent_stats: {strategy_counts: Object, confidence_distribution: Object, avg_latency_ms: Object, recent_classifications: Array(0)} @ webpack-internal:///(app-pages-browser)/./lib/store/monitor-store.ts:31
[   33783ms] [LOG] [MonitorStore] memory_stats: {hierarchy: Object, promotions: Array(0), memories: Array(0)} @ webpack-internal:///(app-pages-browser)/./lib/store/monitor-store.ts:32
[   33783ms] [LOG] [MonitorStore] context_stats: {current_tokens: 0, threshold: 0.75, compressions_triggered: 0, token_history: Array(0), last_compression: null} @ webpack-internal:///(app-pages-browser)/./lib/store/monitor-store.ts:33
[   33783ms] [LOG] [MonitorStore] Updating stats: {intent_stats: Object, memory_stats: Object, context_stats: Object} @ webpack-internal:///(app-pages-browser)/./lib/store/monitor-store.ts:57
[   33783ms] [LOG] [MonitorStore] State updated, intentStats: {strategy_counts: Object, confidence_distribution: Object, avg_latency_ms: Object, recent_classifications: Array(0)} @ webpack-internal:///(app-pages-browser)/./lib/store/monitor-store.ts:63
[   33841ms] [LOG] [MonitorStore] Received message: stats_update {intent_stats: Object, memory_stats: Object, context_stats: Object} @ webpack-internal:///(app-pages-browser)/./lib/store/monitor-store.ts:30
[   33841ms] [LOG] [MonitorStore] intent_stats: {strategy_counts: Object, confidence_distribution: Object, avg_latency_ms: Object, recent_classifications: Array(0)} @ webpack-internal:///(app-pages-browser)/./lib/store/monitor-store.ts:31
[   33842ms] [LOG] [MonitorStore] memory_stats: {hierarchy: Object, promotions: Array(0), memories: Array(0)} @ webpack-internal:///(app-pages-browser)/./lib/store/monitor-store.ts:32
[   33842ms] [LOG] [MonitorStore] context_stats: {current_tokens: 0, threshold: 0.75, compressions_triggered: 0, token_history: Array(0), last_compression: null} @ webpack-internal:///(app-pages-browser)/./lib/store/monitor-store.ts:33
[   33842ms] [LOG] [MonitorStore] Updating stats: {intent_stats: Object, memory_stats: Object, context_stats: Object} @ webpack-internal:///(app-pages-browser)/./lib/store/monitor-store.ts:57
[   33842ms] [LOG] [MonitorStore] State updated, intentStats: {strategy_counts: Object, confidence_distribution: Object, avg_latency_ms: Object, recent_classifications: Array(0)} @ webpack-internal:///(app-pages-browser)/./lib/store/monitor-store.ts:63
[   34794ms] [LOG] [MonitorStore] Received message: stats_update {intent_stats: Object, memory_stats: Object, context_stats: Object} @ webpack-internal:///(app-pages-browser)/./lib/store/monitor-store.ts:30
[   34794ms] [LOG] [MonitorStore] intent_stats: {strategy_counts: Object, confidence_distribution: Object, avg_latency_ms: Object, recent_classifications: Array(0)} @ webpack-internal:///(app-pages-browser)/./lib/store/monitor-store.ts:31
[   34795ms] [LOG] [MonitorStore] memory_stats: {hierarchy: Object, promotions: Array(0), memories: Array(0)} @ webpack-internal:///(app-pages-browser)/./lib/store/monitor-store.ts:32
[   34795ms] [LOG] [MonitorStore] context_stats: {current_tokens: 0, threshold: 0.75, compressions_triggered: 0, token_history: Array(0), last_compression: null} @ webpack-internal:///(app-pages-browser)/./lib/store/monitor-store.ts:33
[   34795ms] [LOG] [MonitorStore] Updating stats: {intent_stats: Object, memory_stats: Object, context_stats: Object} @ webpack-internal:///(app-pages-browser)/./lib/store/monitor-store.ts:57
[   34796ms] [LOG] [MonitorStore] State updated, intentStats: {strategy_counts: Object, confidence_distribution: Object, avg_latency_ms: Object, recent_classifications: Array(0)} @ webpack-internal:///(app-pages-browser)/./lib/store/monitor-store.ts:63
[   34862ms] [LOG] [MonitorStore] Received message: stats_update {intent_stats: Object, memory_stats: Object, context_stats: Object} @ webpack-internal:///(app-pages-browser)/./lib/store/monitor-store.ts:30
[   34862ms] [LOG] [MonitorStore] intent_stats: {strategy_counts: Object, confidence_distribution: Object, avg_latency_ms: Object, recent_classifications: Array(0)} @ webpack-internal:///(app-pages-browser)/./lib/store/monitor-store.ts:31
[   34862ms] [LOG] [MonitorStore] memory_stats: {hierarchy: Object, promotions: Array(0), memories: Array(0)} @ webpack-internal:///(app-pages-browser)/./lib/store/monitor-store.ts:32
[   34862ms] [LOG] [MonitorStore] context_stats: {current_tokens: 0, threshold: 0.75, compressions_triggered: 0, token_history: Array(0), last_compression: null} @ webpack-internal:///(app-pages-browser)/./lib/store/monitor-store.ts:33
[   34862ms] [LOG] [MonitorStore] Updating stats: {intent_stats: Object, memory_stats: Object, context_stats: Object} @ webpack-internal:///(app-pages-browser)/./lib/store/monitor-store.ts:57
[   34863ms] [LOG] [MonitorStore] State updated, intentStats: {strategy_counts: Object, confidence_distribution: Object, avg_latency_ms: Object, recent_classifications: Array(0)} @ webpack-internal:///(app-pages-browser)/./lib/store/monitor-store.ts:63
[   35795ms] [LOG] [MonitorStore] Received message: stats_update {intent_stats: Object, memory_stats: Object, context_stats: Object} @ webpack-internal:///(app-pages-browser)/./lib/store/monitor-store.ts:30
[   35795ms] [LOG] [MonitorStore] intent_stats: {strategy_counts: Object, confidence_distribution: Object, avg_latency_ms: Object, recent_classifications: Array(0)} @ webpack-internal:///(app-pages-browser)/./lib/store/monitor-store.ts:31
[   35795ms] [LOG] [MonitorStore] memory_stats: {hierarchy: Object, promotions: Array(0), memories: Array(0)} @ webpack-internal:///(app-pages-browser)/./lib/store/monitor-store.ts:32
[   35795ms] [LOG] [MonitorStore] context_stats: {current_tokens: 0, threshold: 0.75, compressions_triggered: 0, token_history: Array(0), last_compression: null} @ webpack-internal:///(app-pages-browser)/./lib/store/monitor-store.ts:33
[   35795ms] [LOG] [MonitorStore] Updating stats: {intent_stats: Object, memory_stats: Object, context_stats: Object} @ webpack-internal:///(app-pages-browser)/./lib/store/monitor-store.ts:57
[   35795ms] [LOG] [MonitorStore] State updated, intentStats: {strategy_counts: Object, confidence_distribution: Object, avg_latency_ms: Object, recent_classifications: Array(0)} @ webpack-internal:///(app-pages-browser)/./lib/store/monitor-store.ts:63
[   35855ms] [LOG] [MonitorStore] Received message: stats_update {intent_stats: Object, memory_stats: Object, context_stats: Object} @ webpack-internal:///(app-pages-browser)/./lib/store/monitor-store.ts:30
[   35855ms] [LOG] [MonitorStore] intent_stats: {strategy_counts: Object, confidence_distribution: Object, avg_latency_ms: Object, recent_classifications: Array(0)} @ webpack-internal:///(app-pages-browser)/./lib/store/monitor-store.ts:31
[   35855ms] [LOG] [MonitorStore] memory_stats: {hierarchy: Object, promotions: Array(0), memories: Array(0)} @ webpack-internal:///(app-pages-browser)/./lib/store/monitor-store.ts:32
[   35855ms] [LOG] [MonitorStore] context_stats: {current_tokens: 0, threshold: 0.75, compressions_triggered: 0, token_history: Array(0), last_compression: null} @ webpack-internal:///(app-pages-browser)/./lib/store/monitor-store.ts:33
[   35856ms] [LOG] [MonitorStore] Updating stats: {intent_stats: Object, memory_stats: Object, context_stats: Object} @ webpack-internal:///(app-pages-browser)/./lib/store/monitor-store.ts:57
[   35856ms] [LOG] [MonitorStore] State updated, intentStats: {strategy_counts: Object, confidence_distribution: Object, avg_latency_ms: Object, recent_classifications: Array(0)} @ webpack-internal:///(app-pages-browser)/./lib/store/monitor-store.ts:63
[   36800ms] [LOG] [MonitorStore] Received message: stats_update {intent_stats: Object, memory_stats: Object, context_stats: Object} @ webpack-internal:///(app-pages-browser)/./lib/store/monitor-store.ts:30
[   36800ms] [LOG] [MonitorStore] intent_stats: {strategy_counts: Object, confidence_distribution: Object, avg_latency_ms: Object, recent_classifications: Array(0)} @ webpack-internal:///(app-pages-browser)/./lib/store/monitor-store.ts:31
[   36800ms] [LOG] [MonitorStore] memory_stats: {hierarchy: Object, promotions: Array(0), memories: Array(0)} @ webpack-internal:///(app-pages-browser)/./lib/store/monitor-store.ts:32
[   36800ms] [LOG] [MonitorStore] context_stats: {current_tokens: 0, threshold: 0.75, compressions_triggered: 0, token_history: Array(0), last_compression: null} @ webpack-internal:///(app-pages-browser)/./lib/store/monitor-store.ts:33
[   36800ms] [LOG] [MonitorStore] Updating stats: {intent_stats: Object, memory_stats: Object, context_stats: Object} @ webpack-internal:///(app-pages-browser)/./lib/store/monitor-store.ts:57
[   36801ms] [LOG] [MonitorStore] State updated, intentStats: {strategy_counts: Object, confidence_distribution: Object, avg_latency_ms: Object, recent_classifications: Array(0)} @ webpack-internal:///(app-pages-browser)/./lib/store/monitor-store.ts:63
[   36837ms] [LOG] [MonitorStore] Received message: stats_update {intent_stats: Object, memory_stats: Object, context_stats: Object} @ webpack-internal:///(app-pages-browser)/./lib/store/monitor-store.ts:30
[   36837ms] [LOG] [MonitorStore] intent_stats: {strategy_counts: Object, confidence_distribution: Object, avg_latency_ms: Object, recent_classifications: Array(0)} @ webpack-internal:///(app-pages-browser)/./lib/store/monitor-store.ts:31
[   36837ms] [LOG] [MonitorStore] memory_stats: {hierarchy: Object, promotions: Array(0), memories: Array(0)} @ webpack-internal:///(app-pages-browser)/./lib/store/monitor-store.ts:32
[   36837ms] [LOG] [MonitorStore] context_stats: {current_tokens: 0, threshold: 0.75, compressions_triggered: 0, token_history: Array(0), last_compression: null} @ webpack-internal:///(app-pages-browser)/./lib/store/monitor-store.ts:33
[   36837ms] [LOG] [MonitorStore] Updating stats: {intent_stats: Object, memory_stats: Object, context_stats: Object} @ webpack-internal:///(app-pages-browser)/./lib/store/monitor-store.ts:57
[   36837ms] [LOG] [MonitorStore] State updated, intentStats: {strategy_counts: Object, confidence_distribution: Object, avg_latency_ms: Object, recent_classifications: Array(0)} @ webpack-internal:///(app-pages-browser)/./lib/store/monitor-store.ts:63
[   37814ms] [LOG] [MonitorStore] Received message: stats_update {intent_stats: Object, memory_stats: Object, context_stats: Object} @ webpack-internal:///(app-pages-browser)/./lib/store/monitor-store.ts:30
[   37814ms] [LOG] [MonitorStore] intent_stats: {strategy_counts: Object, confidence_distribution: Object, avg_latency_ms: Object, recent_classifications: Array(0)} @ webpack-internal:///(app-pages-browser)/./lib/store/monitor-store.ts:31
[   37815ms] [LOG] [MonitorStore] memory_stats: {hierarchy: Object, promotions: Array(0), memories: Array(0)} @ webpack-internal:///(app-pages-browser)/./lib/store/monitor-store.ts:32
[   37815ms] [LOG] [MonitorStore] context_stats: {current_tokens: 0, threshold: 0.75, compressions_triggered: 0, token_history: Array(0), last_compression: null} @ webpack-internal:///(app-pages-browser)/./lib/store/monitor-store.ts:33
[   37816ms] [LOG] [MonitorStore] Updating stats: {intent_stats: Object, memory_stats: Object, context_stats: Object} @ webpack-internal:///(app-pages-browser)/./lib/store/monitor-store.ts:57
[   37816ms] [LOG] [MonitorStore] State updated, intentStats: {strategy_counts: Object, confidence_distribution: Object, avg_latency_ms: Object, recent_classifications: Array(0)} @ webpack-internal:///(app-pages-browser)/./lib/store/monitor-store.ts:63
[   37881ms] [LOG] [MonitorStore] Received message: stats_update {intent_stats: Object, memory_stats: Object, context_stats: Object} @ webpack-internal:///(app-pages-browser)/./lib/store/monitor-store.ts:30
[   37881ms] [LOG] [MonitorStore] intent_stats: {strategy_counts: Object, confidence_distribution: Object, avg_latency_ms: Object, recent_classifications: Array(0)} @ webpack-internal:///(app-pages-browser)/./lib/store/monitor-store.ts:31
[   37881ms] [LOG] [MonitorStore] memory_stats: {hierarchy: Object, promotions: Array(0), memories: Array(0)} @ webpack-internal:///(app-pages-browser)/./lib/store/monitor-store.ts:32
[   37882ms] [LOG] [MonitorStore] context_stats: {current_tokens: 0, threshold: 0.75, compressions_triggered: 0, token_history: Array(0), last_compression: null} @ webpack-internal:///(app-pages-browser)/./lib/store/monitor-store.ts:33
[   37882ms] [LOG] [MonitorStore] Updating stats: {intent_stats: Object, memory_stats: Object, context_stats: Object} @ webpack-internal:///(app-pages-browser)/./lib/store/monitor-store.ts:57
[   37882ms] [LOG] [MonitorStore] State updated, intentStats: {strategy_counts: Object, confidence_distribution: Object, avg_latency_ms: Object, recent_classifications: Array(0)} @ webpack-internal:///(app-pages-browser)/./lib/store/monitor-store.ts:63
[   38818ms] [LOG] [MonitorStore] Received message: stats_update {intent_stats: Object, memory_stats: Object, context_stats: Object} @ webpack-internal:///(app-pages-browser)/./lib/store/monitor-store.ts:30
[   38818ms] [LOG] [MonitorStore] intent_stats: {strategy_counts: Object, confidence_distribution: Object, avg_latency_ms: Object, recent_classifications: Array(0)} @ webpack-internal:///(app-pages-browser)/./lib/store/monitor-store.ts:31
[   38818ms] [LOG] [MonitorStore] memory_stats: {hierarchy: Object, promotions: Array(0), memories: Array(0)} @ webpack-internal:///(app-pages-browser)/./lib/store/monitor-store.ts:32
[   38819ms] [LOG] [MonitorStore] context_stats: {current_tokens: 0, threshold: 0.75, compressions_triggered: 0, token_history: Array(0), last_compression: null} @ webpack-internal:///(app-pages-browser)/./lib/store/monitor-store.ts:33
[   38819ms] [LOG] [MonitorStore] Updating stats: {intent_stats: Object, memory_stats: Object, context_stats: Object} @ webpack-internal:///(app-pages-browser)/./lib/store/monitor-store.ts:57
[   38819ms] [LOG] [MonitorStore] State updated, intentStats: {strategy_counts: Object, confidence_distribution: Object, avg_latency_ms: Object, recent_classifications: Array(0)} @ webpack-internal:///(app-pages-browser)/./lib/store/monitor-store.ts:63
[   38894ms] [LOG] [MonitorStore] Received message: stats_update {intent_stats: Object, memory_stats: Object, context_stats: Object} @ webpack-internal:///(app-pages-browser)/./lib/store/monitor-store.ts:30
[   38894ms] [LOG] [MonitorStore] intent_stats: {strategy_counts: Object, confidence_distribution: Object, avg_latency_ms: Object, recent_classifications: Array(0)} @ webpack-internal:///(app-pages-browser)/./lib/store/monitor-store.ts:31
[   38895ms] [LOG] [MonitorStore] memory_stats: {hierarchy: Object, promotions: Array(0), memories: Array(0)} @ webpack-internal:///(app-pages-browser)/./lib/store/monitor-store.ts:32
[   38895ms] [LOG] [MonitorStore] context_stats: {current_tokens: 0, threshold: 0.75, compressions_triggered: 0, token_history: Array(0), last_compression: null} @ webpack-internal:///(app-pages-browser)/./lib/store/monitor-store.ts:33
[   38895ms] [LOG] [MonitorStore] Updating stats: {intent_stats: Object, memory_stats: Object, context_stats: Object} @ webpack-internal:///(app-pages-browser)/./lib/store/monitor-store.ts:57
[   38895ms] [LOG] [MonitorStore] State updated, intentStats: {strategy_counts: Object, confidence_distribution: Object, avg_latency_ms: Object, recent_classifications: Array(0)} @ webpack-internal:///(app-pages-browser)/./lib/store/monitor-store.ts:63
[   39821ms] [LOG] [MonitorStore] Received message: stats_update {intent_stats: Object, memory_stats: Object, context_stats: Object} @ webpack-internal:///(app-pages-browser)/./lib/store/monitor-store.ts:30
[   39822ms] [LOG] [MonitorStore] intent_stats: {strategy_counts: Object, confidence_distribution: Object, avg_latency_ms: Object, recent_classifications: Array(0)} @ webpack-internal:///(app-pages-browser)/./lib/store/monitor-store.ts:31
[   39822ms] [LOG] [MonitorStore] memory_stats: {hierarchy: Object, promotions: Array(0), memories: Array(0)} @ webpack-internal:///(app-pages-browser)/./lib/store/monitor-store.ts:32
[   39822ms] [LOG] [MonitorStore] context_stats: {current_tokens: 0, threshold: 0.75, compressions_triggered: 0, token_history: Array(0), last_compression: null} @ webpack-internal:///(app-pages-browser)/./lib/store/monitor-store.ts:33
[   39822ms] [LOG] [MonitorStore] Updating stats: {intent_stats: Object, memory_stats: Object, context_stats: Object} @ webpack-internal:///(app-pages-browser)/./lib/store/monitor-store.ts:57
[   39822ms] [LOG] [MonitorStore] State updated, intentStats: {strategy_counts: Object, confidence_distribution: Object, avg_latency_ms: Object, recent_classifications: Array(0)} @ webpack-internal:///(app-pages-browser)/./lib/store/monitor-store.ts:63
[   39863ms] [LOG] [MonitorStore] Received message: stats_update {intent_stats: Object, memory_stats: Object, context_stats: Object} @ webpack-internal:///(app-pages-browser)/./lib/store/monitor-store.ts:30
[   39864ms] [LOG] [MonitorStore] intent_stats: {strategy_counts: Object, confidence_distribution: Object, avg_latency_ms: Object, recent_classifications: Array(0)} @ webpack-internal:///(app-pages-browser)/./lib/store/monitor-store.ts:31
[   39864ms] [LOG] [MonitorStore] memory_stats: {hierarchy: Object, promotions: Array(0), memories: Array(0)} @ webpack-internal:///(app-pages-browser)/./lib/store/monitor-store.ts:32
[   39864ms] [LOG] [MonitorStore] context_stats: {current_tokens: 0, threshold: 0.75, compressions_triggered: 0, token_history: Array(0), last_compression: null} @ webpack-internal:///(app-pages-browser)/./lib/store/monitor-store.ts:33
[   39864ms] [LOG] [MonitorStore] Updating stats: {intent_stats: Object, memory_stats: Object, context_stats: Object} @ webpack-internal:///(app-pages-browser)/./lib/store/monitor-store.ts:57
[   39864ms] [LOG] [MonitorStore] State updated, intentStats: {strategy_counts: Object, confidence_distribution: Object, avg_latency_ms: Object, recent_classifications: Array(0)} @ webpack-internal:///(app-pages-browser)/./lib/store/monitor-store.ts:63
[   40836ms] [LOG] [MonitorStore] Received message: stats_update {intent_stats: Object, memory_stats: Object, context_stats: Object} @ webpack-internal:///(app-pages-browser)/./lib/store/monitor-store.ts:30
[   40837ms] [LOG] [MonitorStore] intent_stats: {strategy_counts: Object, confidence_distribution: Object, avg_latency_ms: Object, recent_classifications: Array(0)} @ webpack-internal:///(app-pages-browser)/./lib/store/monitor-store.ts:31
[   40837ms] [LOG] [MonitorStore] memory_stats: {hierarchy: Object, promotions: Array(0), memories: Array(0)} @ webpack-internal:///(app-pages-browser)/./lib/store/monitor-store.ts:32
[   40837ms] [LOG] [MonitorStore] context_stats: {current_tokens: 0, threshold: 0.75, compressions_triggered: 0, token_history: Array(0), last_compression: null} @ webpack-internal:///(app-pages-browser)/./lib/store/monitor-store.ts:33
[   40838ms] [LOG] [MonitorStore] Updating stats: {intent_stats: Object, memory_stats: Object, context_stats: Object} @ webpack-internal:///(app-pages-browser)/./lib/store/monitor-store.ts:57
[   40838ms] [LOG] [MonitorStore] State updated, intentStats: {strategy_counts: Object, confidence_distribution: Object, avg_latency_ms: Object, recent_classifications: Array(0)} @ webpack-internal:///(app-pages-browser)/./lib/store/monitor-store.ts:63
[   40904ms] [LOG] [MonitorStore] Received message: stats_update {intent_stats: Object, memory_stats: Object, context_stats: Object} @ webpack-internal:///(app-pages-browser)/./lib/store/monitor-store.ts:30
[   40905ms] [LOG] [MonitorStore] intent_stats: {strategy_counts: Object, confidence_distribution: Object, avg_latency_ms: Object, recent_classifications: Array(0)} @ webpack-internal:///(app-pages-browser)/./lib/store/monitor-store.ts:31
[   40905ms] [LOG] [MonitorStore] memory_stats: {hierarchy: Object, promotions: Array(0), memories: Array(0)} @ webpack-internal:///(app-pages-browser)/./lib/store/monitor-store.ts:32
[   40905ms] [LOG] [MonitorStore] context_stats: {current_tokens: 0, threshold: 0.75, compressions_triggered: 0, token_history: Array(0), last_compression: null} @ webpack-internal:///(app-pages-browser)/./lib/store/monitor-store.ts:33
[   40905ms] [LOG] [MonitorStore] Updating stats: {intent_stats: Object, memory_stats: Object, context_stats: Object} @ webpack-internal:///(app-pages-browser)/./lib/store/monitor-store.ts:57
[   40906ms] [LOG] [MonitorStore] State updated, intentStats: {strategy_counts: Object, confidence_distribution: Object, avg_latency_ms: Object, recent_classifications: Array(0)} @ webpack-internal:///(app-pages-browser)/./lib/store/monitor-store.ts:63
[   41839ms] [LOG] [MonitorStore] Received message: stats_update {intent_stats: Object, memory_stats: Object, context_stats: Object} @ webpack-internal:///(app-pages-browser)/./lib/store/monitor-store.ts:30
[   41839ms] [LOG] [MonitorStore] intent_stats: {strategy_counts: Object, confidence_distribution: Object, avg_latency_ms: Object, recent_classifications: Array(0)} @ webpack-internal:///(app-pages-browser)/./lib/store/monitor-store.ts:31
[   41839ms] [LOG] [MonitorStore] memory_stats: {hierarchy: Object, promotions: Array(0), memories: Array(0)} @ webpack-internal:///(app-pages-browser)/./lib/store/monitor-store.ts:32
[   41839ms] [LOG] [MonitorStore] context_stats: {current_tokens: 0, threshold: 0.75, compressions_triggered: 0, token_history: Array(0), last_compression: null} @ webpack-internal:///(app-pages-browser)/./lib/store/monitor-store.ts:33
[   41839ms] [LOG] [MonitorStore] Updating stats: {intent_stats: Object, memory_stats: Object, context_stats: Object} @ webpack-internal:///(app-pages-browser)/./lib/store/monitor-store.ts:57
[   41839ms] [LOG] [MonitorStore] State updated, intentStats: {strategy_counts: Object, confidence_distribution: Object, avg_latency_ms: Object, recent_classifications: Array(0)} @ webpack-internal:///(app-pages-browser)/./lib/store/monitor-store.ts:63
[   41895ms] [LOG] [MonitorStore] Received message: stats_update {intent_stats: Object, memory_stats: Object, context_stats: Object} @ webpack-internal:///(app-pages-browser)/./lib/store/monitor-store.ts:30
[   41895ms] [LOG] [MonitorStore] intent_stats: {strategy_counts: Object, confidence_distribution: Object, avg_latency_ms: Object, recent_classifications: Array(0)} @ webpack-internal:///(app-pages-browser)/./lib/store/monitor-store.ts:31
[   41896ms] [LOG] [MonitorStore] memory_stats: {hierarchy: Object, promotions: Array(0), memories: Array(0)} @ webpack-internal:///(app-pages-browser)/./lib/store/monitor-store.ts:32
[   41896ms] [LOG] [MonitorStore] context_stats: {current_tokens: 0, threshold: 0.75, compressions_triggered: 0, token_history: Array(0), last_compression: null} @ webpack-internal:///(app-pages-browser)/./lib/store/monitor-store.ts:33
[   41896ms] [LOG] [MonitorStore] Updating stats: {intent_stats: Object, memory_stats: Object, context_stats: Object} @ webpack-internal:///(app-pages-browser)/./lib/store/monitor-store.ts:57
[   41897ms] [LOG] [MonitorStore] State updated, intentStats: {strategy_counts: Object, confidence_distribution: Object, avg_latency_ms: Object, recent_classifications: Array(0)} @ webpack-internal:///(app-pages-browser)/./lib/store/monitor-store.ts:63
[   42852ms] [LOG] [MonitorStore] Received message: stats_update {intent_stats: Object, memory_stats: Object, context_stats: Object} @ webpack-internal:///(app-pages-browser)/./lib/store/monitor-store.ts:30
[   42853ms] [LOG] [MonitorStore] intent_stats: {strategy_counts: Object, confidence_distribution: Object, avg_latency_ms: Object, recent_classifications: Array(0)} @ webpack-internal:///(app-pages-browser)/./lib/store/monitor-store.ts:31
[   42853ms] [LOG] [MonitorStore] memory_stats: {hierarchy: Object, promotions: Array(0), memories: Array(0)} @ webpack-internal:///(app-pages-browser)/./lib/store/monitor-store.ts:32
[   42853ms] [LOG] [MonitorStore] context_stats: {current_tokens: 0, threshold: 0.75, compressions_triggered: 0, token_history: Array(0), last_compression: null} @ webpack-internal:///(app-pages-browser)/./lib/store/monitor-store.ts:33
[   42853ms] [LOG] [MonitorStore] Updating stats: {intent_stats: Object, memory_stats: Object, context_stats: Object} @ webpack-internal:///(app-pages-browser)/./lib/store/monitor-store.ts:57
[   42853ms] [LOG] [MonitorStore] State updated, intentStats: {strategy_counts: Object, confidence_distribution: Object, avg_latency_ms: Object, recent_classifications: Array(0)} @ webpack-internal:///(app-pages-browser)/./lib/store/monitor-store.ts:63
[   42913ms] [LOG] [MonitorStore] Received message: stats_update {intent_stats: Object, memory_stats: Object, context_stats: Object} @ webpack-internal:///(app-pages-browser)/./lib/store/monitor-store.ts:30
[   42913ms] [LOG] [MonitorStore] intent_stats: {strategy_counts: Object, confidence_distribution: Object, avg_latency_ms: Object, recent_classifications: Array(0)} @ webpack-internal:///(app-pages-browser)/./lib/store/monitor-store.ts:31
[   42913ms] [LOG] [MonitorStore] memory_stats: {hierarchy: Object, promotions: Array(0), memories: Array(0)} @ webpack-internal:///(app-pages-browser)/./lib/store/monitor-store.ts:32
[   42914ms] [LOG] [MonitorStore] context_stats: {current_tokens: 0, threshold: 0.75, compressions_triggered: 0, token_history: Array(0), last_compression: null} @ webpack-internal:///(app-pages-browser)/./lib/store/monitor-store.ts:33
[   42914ms] [LOG] [MonitorStore] Updating stats: {intent_stats: Object, memory_stats: Object, context_stats: Object} @ webpack-internal:///(app-pages-browser)/./lib/store/monitor-store.ts:57
[   42914ms] [LOG] [MonitorStore] State updated, intentStats: {strategy_counts: Object, confidence_distribution: Object, avg_latency_ms: Object, recent_classifications: Array(0)} @ webpack-internal:///(app-pages-browser)/./lib/store/monitor-store.ts:63
[   43863ms] [LOG] [MonitorStore] Received message: stats_update {intent_stats: Object, memory_stats: Object, context_stats: Object} @ webpack-internal:///(app-pages-browser)/./lib/store/monitor-store.ts:30
[   43864ms] [LOG] [MonitorStore] intent_stats: {strategy_counts: Object, confidence_distribution: Object, avg_latency_ms: Object, recent_classifications: Array(0)} @ webpack-internal:///(app-pages-browser)/./lib/store/monitor-store.ts:31
[   43864ms] [LOG] [MonitorStore] memory_stats: {hierarchy: Object, promotions: Array(0), memories: Array(0)} @ webpack-internal:///(app-pages-browser)/./lib/store/monitor-store.ts:32
[   43864ms] [LOG] [MonitorStore] context_stats: {current_tokens: 0, threshold: 0.75, compressions_triggered: 0, token_history: Array(0), last_compression: null} @ webpack-internal:///(app-pages-browser)/./lib/store/monitor-store.ts:33
[   43864ms] [LOG] [MonitorStore] Updating stats: {intent_stats: Object, memory_stats: Object, context_stats: Object} @ webpack-internal:///(app-pages-browser)/./lib/store/monitor-store.ts:57
[   43864ms] [LOG] [MonitorStore] State updated, intentStats: {strategy_counts: Object, confidence_distribution: Object, avg_latency_ms: Object, recent_classifications: Array(0)} @ webpack-internal:///(app-pages-browser)/./lib/store/monitor-store.ts:63
[   43928ms] [LOG] [MonitorStore] Received message: stats_update {intent_stats: Object, memory_stats: Object, context_stats: Object} @ webpack-internal:///(app-pages-browser)/./lib/store/monitor-store.ts:30
[   43929ms] [LOG] [MonitorStore] intent_stats: {strategy_counts: Object, confidence_distribution: Object, avg_latency_ms: Object, recent_classifications: Array(0)} @ webpack-internal:///(app-pages-browser)/./lib/store/monitor-store.ts:31
[   43929ms] [LOG] [MonitorStore] memory_stats: {hierarchy: Object, promotions: Array(0), memories: Array(0)} @ webpack-internal:///(app-pages-browser)/./lib/store/monitor-store.ts:32
[   43929ms] [LOG] [MonitorStore] context_stats: {current_tokens: 0, threshold: 0.75, compressions_triggered: 0, token_history: Array(0), last_compression: null} @ webpack-internal:///(app-pages-browser)/./lib/store/monitor-store.ts:33
[   43929ms] [LOG] [MonitorStore] Updating stats: {intent_stats: Object, memory_stats: Object, context_stats: Object} @ webpack-internal:///(app-pages-browser)/./lib/store/monitor-store.ts:57
[   43929ms] [LOG] [MonitorStore] State updated, intentStats: {strategy_counts: Object, confidence_distribution: Object, avg_latency_ms: Object, recent_classifications: Array(0)} @ webpack-internal:///(app-pages-browser)/./lib/store/monitor-store.ts:63
[   44871ms] [LOG] [MonitorStore] Received message: stats_update {intent_stats: Object, memory_stats: Object, context_stats: Object} @ webpack-internal:///(app-pages-browser)/./lib/store/monitor-store.ts:30
[   44872ms] [LOG] [MonitorStore] intent_stats: {strategy_counts: Object, confidence_distribution: Object, avg_latency_ms: Object, recent_classifications: Array(0)} @ webpack-internal:///(app-pages-browser)/./lib/store/monitor-store.ts:31
[   44872ms] [LOG] [MonitorStore] memory_stats: {hierarchy: Object, promotions: Array(0), memories: Array(0)} @ webpack-internal:///(app-pages-browser)/./lib/store/monitor-store.ts:32
[   44872ms] [LOG] [MonitorStore] context_stats: {current_tokens: 0, threshold: 0.75, compressions_triggered: 0, token_history: Array(0), last_compression: null} @ webpack-internal:///(app-pages-browser)/./lib/store/monitor-store.ts:33
[   44872ms] [LOG] [MonitorStore] Updating stats: {intent_stats: Object, memory_stats: Object, context_stats: Object} @ webpack-internal:///(app-pages-browser)/./lib/store/monitor-store.ts:57
[   44872ms] [LOG] [MonitorStore] State updated, intentStats: {strategy_counts: Object, confidence_distribution: Object, avg_latency_ms: Object, recent_classifications: Array(0)} @ webpack-internal:///(app-pages-browser)/./lib/store/monitor-store.ts:63
[   44921ms] [LOG] [MonitorStore] Received message: stats_update {intent_stats: Object, memory_stats: Object, context_stats: Object} @ webpack-internal:///(app-pages-browser)/./lib/store/monitor-store.ts:30
[   44921ms] [LOG] [MonitorStore] intent_stats: {strategy_counts: Object, confidence_distribution: Object, avg_latency_ms: Object, recent_classifications: Array(0)} @ webpack-internal:///(app-pages-browser)/./lib/store/monitor-store.ts:31
[   44922ms] [LOG] [MonitorStore] memory_stats: {hierarchy: Object, promotions: Array(0), memories: Array(0)} @ webpack-internal:///(app-pages-browser)/./lib/store/monitor-store.ts:32
[   44922ms] [LOG] [MonitorStore] context_stats: {current_tokens: 0, threshold: 0.75, compressions_triggered: 0, token_history: Array(0), last_compression: null} @ webpack-internal:///(app-pages-browser)/./lib/store/monitor-store.ts:33
[   44922ms] [LOG] [MonitorStore] Updating stats: {intent_stats: Object, memory_stats: Object, context_stats: Object} @ webpack-internal:///(app-pages-browser)/./lib/store/monitor-store.ts:57
[   44922ms] [LOG] [MonitorStore] State updated, intentStats: {strategy_counts: Object, confidence_distribution: Object, avg_latency_ms: Object, recent_classifications: Array(0)} @ webpack-internal:///(app-pages-browser)/./lib/store/monitor-store.ts:63
[   45874ms] [LOG] [MonitorStore] Received message: stats_update {intent_stats: Object, memory_stats: Object, context_stats: Object} @ webpack-internal:///(app-pages-browser)/./lib/store/monitor-store.ts:30
[   45874ms] [LOG] [MonitorStore] intent_stats: {strategy_counts: Object, confidence_distribution: Object, avg_latency_ms: Object, recent_classifications: Array(0)} @ webpack-internal:///(app-pages-browser)/./lib/store/monitor-store.ts:31
[   45875ms] [LOG] [MonitorStore] memory_stats: {hierarchy: Object, promotions: Array(0), memories: Array(0)} @ webpack-internal:///(app-pages-browser)/./lib/store/monitor-store.ts:32
[   45875ms] [LOG] [MonitorStore] context_stats: {current_tokens: 0, threshold: 0.75, compressions_triggered: 0, token_history: Array(0), last_compression: null} @ webpack-internal:///(app-pages-browser)/./lib/store/monitor-store.ts:33
[   45875ms] [LOG] [MonitorStore] Updating stats: {intent_stats: Object, memory_stats: Object, context_stats: Object} @ webpack-internal:///(app-pages-browser)/./lib/store/monitor-store.ts:57
[   45875ms] [LOG] [MonitorStore] State updated, intentStats: {strategy_counts: Object, confidence_distribution: Object, avg_latency_ms: Object, recent_classifications: Array(0)} @ webpack-internal:///(app-pages-browser)/./lib/store/monitor-store.ts:63
[   45938ms] [LOG] [MonitorStore] Received message: stats_update {intent_stats: Object, memory_stats: Object, context_stats: Object} @ webpack-internal:///(app-pages-browser)/./lib/store/monitor-store.ts:30
[   45939ms] [LOG] [MonitorStore] intent_stats: {strategy_counts: Object, confidence_distribution: Object, avg_latency_ms: Object, recent_classifications: Array(0)} @ webpack-internal:///(app-pages-browser)/./lib/store/monitor-store.ts:31
[   45939ms] [LOG] [MonitorStore] memory_stats: {hierarchy: Object, promotions: Array(0), memories: Array(0)} @ webpack-internal:///(app-pages-browser)/./lib/store/monitor-store.ts:32
[   45939ms] [LOG] [MonitorStore] context_stats: {current_tokens: 0, threshold: 0.75, compressions_triggered: 0, token_history: Array(0), last_compression: null} @ webpack-internal:///(app-pages-browser)/./lib/store/monitor-store.ts:33
[   45939ms] [LOG] [MonitorStore] Updating stats: {intent_stats: Object, memory_stats: Object, context_stats: Object} @ webpack-internal:///(app-pages-browser)/./lib/store/monitor-store.ts:57
[   45939ms] [LOG] [MonitorStore] State updated, intentStats: {strategy_counts: Object, confidence_distribution: Object, avg_latency_ms: Object, recent_classifications: Array(0)} @ webpack-internal:///(app-pages-browser)/./lib/store/monitor-store.ts:63
[   46879ms] [LOG] [MonitorStore] Received message: stats_update {intent_stats: Object, memory_stats: Object, context_stats: Object} @ webpack-internal:///(app-pages-browser)/./lib/store/monitor-store.ts:30
[   46879ms] [LOG] [MonitorStore] intent_stats: {strategy_counts: Object, confidence_distribution: Object, avg_latency_ms: Object, recent_classifications: Array(0)} @ webpack-internal:///(app-pages-browser)/./lib/store/monitor-store.ts:31
[   46879ms] [LOG] [MonitorStore] memory_stats: {hierarchy: Object, promotions: Array(0), memories: Array(0)} @ webpack-internal:///(app-pages-browser)/./lib/store/monitor-store.ts:32
[   46879ms] [LOG] [MonitorStore] context_stats: {current_tokens: 0, threshold: 0.75, compressions_triggered: 0, token_history: Array(0), last_compression: null} @ webpack-internal:///(app-pages-browser)/./lib/store/monitor-store.ts:33
[   46879ms] [LOG] [MonitorStore] Updating stats: {intent_stats: Object, memory_stats: Object, context_stats: Object} @ webpack-internal:///(app-pages-browser)/./lib/store/monitor-store.ts:57
[   46880ms] [LOG] [MonitorStore] State updated, intentStats: {strategy_counts: Object, confidence_distribution: Object, avg_latency_ms: Object, recent_classifications: Array(0)} @ webpack-internal:///(app-pages-browser)/./lib/store/monitor-store.ts:63
[   46924ms] [LOG] [MonitorStore] Received message: stats_update {intent_stats: Object, memory_stats: Object, context_stats: Object} @ webpack-internal:///(app-pages-browser)/./lib/store/monitor-store.ts:30
[   46924ms] [LOG] [MonitorStore] intent_stats: {strategy_counts: Object, confidence_distribution: Object, avg_latency_ms: Object, recent_classifications: Array(0)} @ webpack-internal:///(app-pages-browser)/./lib/store/monitor-store.ts:31
[   46924ms] [LOG] [MonitorStore] memory_stats: {hierarchy: Object, promotions: Array(0), memories: Array(0)} @ webpack-internal:///(app-pages-browser)/./lib/store/monitor-store.ts:32
[   46924ms] [LOG] [MonitorStore] context_stats: {current_tokens: 0, threshold: 0.75, compressions_triggered: 0, token_history: Array(0), last_compression: null} @ webpack-internal:///(app-pages-browser)/./lib/store/monitor-store.ts:33
[   46924ms] [LOG] [MonitorStore] Updating stats: {intent_stats: Object, memory_stats: Object, context_stats: Object} @ webpack-internal:///(app-pages-browser)/./lib/store/monitor-store.ts:57
[   46924ms] [LOG] [MonitorStore] State updated, intentStats: {strategy_counts: Object, confidence_distribution: Object, avg_latency_ms: Object, recent_classifications: Array(0)} @ webpack-internal:///(app-pages-browser)/./lib/store/monitor-store.ts:63
[   47884ms] [LOG] [MonitorStore] Received message: stats_update {intent_stats: Object, memory_stats: Object, context_stats: Object} @ webpack-internal:///(app-pages-browser)/./lib/store/monitor-store.ts:30
[   47884ms] [LOG] [MonitorStore] intent_stats: {strategy_counts: Object, confidence_distribution: Object, avg_latency_ms: Object, recent_classifications: Array(0)} @ webpack-internal:///(app-pages-browser)/./lib/store/monitor-store.ts:31
[   47884ms] [LOG] [MonitorStore] memory_stats: {hierarchy: Object, promotions: Array(0), memories: Array(0)} @ webpack-internal:///(app-pages-browser)/./lib/store/monitor-store.ts:32
[   47884ms] [LOG] [MonitorStore] context_stats: {current_tokens: 0, threshold: 0.75, compressions_triggered: 0, token_history: Array(0), last_compression: null} @ webpack-internal:///(app-pages-browser)/./lib/store/monitor-store.ts:33
[   47884ms] [LOG] [MonitorStore] Updating stats: {intent_stats: Object, memory_stats: Object, context_stats: Object} @ webpack-internal:///(app-pages-browser)/./lib/store/monitor-store.ts:57
[   47884ms] [LOG] [MonitorStore] State updated, intentStats: {strategy_counts: Object, confidence_distribution: Object, avg_latency_ms: Object, recent_classifications: Array(0)} @ webpack-internal:///(app-pages-browser)/./lib/store/monitor-store.ts:63
[   47950ms] [LOG] [MonitorStore] Received message: stats_update {intent_stats: Object, memory_stats: Object, context_stats: Object} @ webpack-internal:///(app-pages-browser)/./lib/store/monitor-store.ts:30
[   47950ms] [LOG] [MonitorStore] intent_stats: {strategy_counts: Object, confidence_distribution: Object, avg_latency_ms: Object, recent_classifications: Array(0)} @ webpack-internal:///(app-pages-browser)/./lib/store/monitor-store.ts:31
[   47950ms] [LOG] [MonitorStore] memory_stats: {hierarchy: Object, promotions: Array(0), memories: Array(0)} @ webpack-internal:///(app-pages-browser)/./lib/store/monitor-store.ts:32
[   47950ms] [LOG] [MonitorStore] context_stats: {current_tokens: 0, threshold: 0.75, compressions_triggered: 0, token_history: Array(0), last_compression: null} @ webpack-internal:///(app-pages-browser)/./lib/store/monitor-store.ts:33
[   47950ms] [LOG] [MonitorStore] Updating stats: {intent_stats: Object, memory_stats: Object, context_stats: Object} @ webpack-internal:///(app-pages-browser)/./lib/store/monitor-store.ts:57
[   47950ms] [LOG] [MonitorStore] State updated, intentStats: {strategy_counts: Object, confidence_distribution: Object, avg_latency_ms: Object, recent_classifications: Array(0)} @ webpack-internal:///(app-pages-browser)/./lib/store/monitor-store.ts:63
[   48893ms] [LOG] [MonitorStore] Received message: stats_update {intent_stats: Object, memory_stats: Object, context_stats: Object} @ webpack-internal:///(app-pages-browser)/./lib/store/monitor-store.ts:30
[   48893ms] [LOG] [MonitorStore] intent_stats: {strategy_counts: Object, confidence_distribution: Object, avg_latency_ms: Object, recent_classifications: Array(0)} @ webpack-internal:///(app-pages-browser)/./lib/store/monitor-store.ts:31
[   48893ms] [LOG] [MonitorStore] memory_stats: {hierarchy: Object, promotions: Array(0), memories: Array(0)} @ webpack-internal:///(app-pages-browser)/./lib/store/monitor-store.ts:32
[   48893ms] [LOG] [MonitorStore] context_stats: {current_tokens: 0, threshold: 0.75, compressions_triggered: 0, token_history: Array(0), last_compression: null} @ webpack-internal:///(app-pages-browser)/./lib/store/monitor-store.ts:33
[   48894ms] [LOG] [MonitorStore] Updating stats: {intent_stats: Object, memory_stats: Object, context_stats: Object} @ webpack-internal:///(app-pages-browser)/./lib/store/monitor-store.ts:57
[   48894ms] [LOG] [MonitorStore] State updated, intentStats: {strategy_counts: Object, confidence_distribution: Object, avg_latency_ms: Object, recent_classifications: Array(0)} @ webpack-internal:///(app-pages-browser)/./lib/store/monitor-store.ts:63
[   48930ms] [LOG] [MonitorStore] Received message: stats_update {intent_stats: Object, memory_stats: Object, context_stats: Object} @ webpack-internal:///(app-pages-browser)/./lib/store/monitor-store.ts:30
[   48930ms] [LOG] [MonitorStore] intent_stats: {strategy_counts: Object, confidence_distribution: Object, avg_latency_ms: Object, recent_classifications: Array(0)} @ webpack-internal:///(app-pages-browser)/./lib/store/monitor-store.ts:31
[   48930ms] [LOG] [MonitorStore] memory_stats: {hierarchy: Object, promotions: Array(0), memories: Array(0)} @ webpack-internal:///(app-pages-browser)/./lib/store/monitor-store.ts:32
[   48930ms] [LOG] [MonitorStore] context_stats: {current_tokens: 0, threshold: 0.75, compressions_triggered: 0, token_history: Array(0), last_compression: null} @ webpack-internal:///(app-pages-browser)/./lib/store/monitor-store.ts:33
[   48930ms] [LOG] [MonitorStore] Updating stats: {intent_stats: Object, memory_stats: Object, context_stats: Object} @ webpack-internal:///(app-pages-browser)/./lib/store/monitor-store.ts:57
[   48930ms] [LOG] [MonitorStore] State updated, intentStats: {strategy_counts: Object, confidence_distribution: Object, avg_latency_ms: Object, recent_classifications: Array(0)} @ webpack-internal:///(app-pages-browser)/./lib/store/monitor-store.ts:63
[   49907ms] [LOG] [MonitorStore] Received message: stats_update {intent_stats: Object, memory_stats: Object, context_stats: Object} @ webpack-internal:///(app-pages-browser)/./lib/store/monitor-store.ts:30
[   49907ms] [LOG] [MonitorStore] intent_stats: {strategy_counts: Object, confidence_distribution: Object, avg_latency_ms: Object, recent_classifications: Array(0)} @ webpack-internal:///(app-pages-browser)/./lib/store/monitor-store.ts:31
[   49907ms] [LOG] [MonitorStore] memory_stats: {hierarchy: Object, promotions: Array(0), memories: Array(0)} @ webpack-internal:///(app-pages-browser)/./lib/store/monitor-store.ts:32
[   49907ms] [LOG] [MonitorStore] context_stats: {current_tokens: 0, threshold: 0.75, compressions_triggered: 0, token_history: Array(0), last_compression: null} @ webpack-internal:///(app-pages-browser)/./lib/store/monitor-store.ts:33
[   49907ms] [LOG] [MonitorStore] Updating stats: {intent_stats: Object, memory_stats: Object, context_stats: Object} @ webpack-internal:///(app-pages-browser)/./lib/store/monitor-store.ts:57
[   49907ms] [LOG] [MonitorStore] State updated, intentStats: {strategy_counts: Object, confidence_distribution: Object, avg_latency_ms: Object, recent_classifications: Array(0)} @ webpack-internal:///(app-pages-browser)/./lib/store/monitor-store.ts:63
[   49970ms] [LOG] [MonitorStore] Received message: stats_update {intent_stats: Object, memory_stats: Object, context_stats: Object} @ webpack-internal:///(app-pages-browser)/./lib/store/monitor-store.ts:30
[   49970ms] [LOG] [MonitorStore] intent_stats: {strategy_counts: Object, confidence_distribution: Object, avg_latency_ms: Object, recent_classifications: Array(0)} @ webpack-internal:///(app-pages-browser)/./lib/store/monitor-store.ts:31
[   49971ms] [LOG] [MonitorStore] memory_stats: {hierarchy: Object, promotions: Array(0), memories: Array(0)} @ webpack-internal:///(app-pages-browser)/./lib/store/monitor-store.ts:32
[   49971ms] [LOG] [MonitorStore] context_stats: {current_tokens: 0, threshold: 0.75, compressions_triggered: 0, token_history: Array(0), last_compression: null} @ webpack-internal:///(app-pages-browser)/./lib/store/monitor-store.ts:33
[   49971ms] [LOG] [MonitorStore] Updating stats: {intent_stats: Object, memory_stats: Object, context_stats: Object} @ webpack-internal:///(app-pages-browser)/./lib/store/monitor-store.ts:57
[   49971ms] [LOG] [MonitorStore] State updated, intentStats: {strategy_counts: Object, confidence_distribution: Object, avg_latency_ms: Object, recent_classifications: Array(0)} @ webpack-internal:///(app-pages-browser)/./lib/store/monitor-store.ts:63
[   50918ms] [LOG] [MonitorStore] Received message: stats_update {intent_stats: Object, memory_stats: Object, context_stats: Object} @ webpack-internal:///(app-pages-browser)/./lib/store/monitor-store.ts:30
[   50918ms] [LOG] [MonitorStore] intent_stats: {strategy_counts: Object, confidence_distribution: Object, avg_latency_ms: Object, recent_classifications: Array(0)} @ webpack-internal:///(app-pages-browser)/./lib/store/monitor-store.ts:31
[   50918ms] [LOG] [MonitorStore] memory_stats: {hierarchy: Object, promotions: Array(0), memories: Array(0)} @ webpack-internal:///(app-pages-browser)/./lib/store/monitor-store.ts:32
[   50918ms] [LOG] [MonitorStore] context_stats: {current_tokens: 0, threshold: 0.75, compressions_triggered: 0, token_history: Array(0), last_compression: null} @ webpack-internal:///(app-pages-browser)/./lib/store/monitor-store.ts:33
[   50918ms] [LOG] [MonitorStore] Updating stats: {intent_stats: Object, memory_stats: Object, context_stats: Object} @ webpack-internal:///(app-pages-browser)/./lib/store/monitor-store.ts:57
[   50919ms] [LOG] [MonitorStore] State updated, intentStats: {strategy_counts: Object, confidence_distribution: Object, avg_latency_ms: Object, recent_classifications: Array(0)} @ webpack-internal:///(app-pages-browser)/./lib/store/monitor-store.ts:63
[   50979ms] [LOG] [MonitorStore] Received message: stats_update {intent_stats: Object, memory_stats: Object, context_stats: Object} @ webpack-internal:///(app-pages-browser)/./lib/store/monitor-store.ts:30
[   50979ms] [LOG] [MonitorStore] intent_stats: {strategy_counts: Object, confidence_distribution: Object, avg_latency_ms: Object, recent_classifications: Array(0)} @ webpack-internal:///(app-pages-browser)/./lib/store/monitor-store.ts:31
[   50980ms] [LOG] [MonitorStore] memory_stats: {hierarchy: Object, promotions: Array(0), memories: Array(0)} @ webpack-internal:///(app-pages-browser)/./lib/store/monitor-store.ts:32
[   50980ms] [LOG] [MonitorStore] context_stats: {current_tokens: 0, threshold: 0.75, compressions_triggered: 0, token_history: Array(0), last_compression: null} @ webpack-internal:///(app-pages-browser)/./lib/store/monitor-store.ts:33
[   50980ms] [LOG] [MonitorStore] Updating stats: {intent_stats: Object, memory_stats: Object, context_stats: Object} @ webpack-internal:///(app-pages-browser)/./lib/store/monitor-store.ts:57
[   50980ms] [LOG] [MonitorStore] State updated, intentStats: {strategy_counts: Object, confidence_distribution: Object, avg_latency_ms: Object, recent_classifications: Array(0)} @ webpack-internal:///(app-pages-browser)/./lib/store/monitor-store.ts:63
[   51932ms] [LOG] [MonitorStore] Received message: stats_update {intent_stats: Object, memory_stats: Object, context_stats: Object} @ webpack-internal:///(app-pages-browser)/./lib/store/monitor-store.ts:30
[   51932ms] [LOG] [MonitorStore] intent_stats: {strategy_counts: Object, confidence_distribution: Object, avg_latency_ms: Object, recent_classifications: Array(0)} @ webpack-internal:///(app-pages-browser)/./lib/store/monitor-store.ts:31
[   51932ms] [LOG] [MonitorStore] memory_stats: {hierarchy: Object, promotions: Array(0), memories: Array(0)} @ webpack-internal:///(app-pages-browser)/./lib/store/monitor-store.ts:32
[   51932ms] [LOG] [MonitorStore] context_stats: {current_tokens: 0, threshold: 0.75, compressions_triggered: 0, token_history: Array(0), last_compression: null} @ webpack-internal:///(app-pages-browser)/./lib/store/monitor-store.ts:33
[   51933ms] [LOG] [MonitorStore] Updating stats: {intent_stats: Object, memory_stats: Object, context_stats: Object} @ webpack-internal:///(app-pages-browser)/./lib/store/monitor-store.ts:57
[   51933ms] [LOG] [MonitorStore] State updated, intentStats: {strategy_counts: Object, confidence_distribution: Object, avg_latency_ms: Object, recent_classifications: Array(0)} @ webpack-internal:///(app-pages-browser)/./lib/store/monitor-store.ts:63
[   51985ms] [LOG] [MonitorStore] Received message: stats_update {intent_stats: Object, memory_stats: Object, context_stats: Object} @ webpack-internal:///(app-pages-browser)/./lib/store/monitor-store.ts:30
[   51986ms] [LOG] [MonitorStore] intent_stats: {strategy_counts: Object, confidence_distribution: Object, avg_latency_ms: Object, recent_classifications: Array(0)} @ webpack-internal:///(app-pages-browser)/./lib/store/monitor-store.ts:31
[   51986ms] [LOG] [MonitorStore] memory_stats: {hierarchy: Object, promotions: Array(0), memories: Array(0)} @ webpack-internal:///(app-pages-browser)/./lib/store/monitor-store.ts:32
[   51986ms] [LOG] [MonitorStore] context_stats: {current_tokens: 0, threshold: 0.75, compressions_triggered: 0, token_history: Array(0), last_compression: null} @ webpack-internal:///(app-pages-browser)/./lib/store/monitor-store.ts:33
[   51986ms] [LOG] [MonitorStore] Updating stats: {intent_stats: Object, memory_stats: Object, context_stats: Object} @ webpack-internal:///(app-pages-browser)/./lib/store/monitor-store.ts:57
[   51986ms] [LOG] [MonitorStore] State updated, intentStats: {strategy_counts: Object, confidence_distribution: Object, avg_latency_ms: Object, recent_classifications: Array(0)} @ webpack-internal:///(app-pages-browser)/./lib/store/monitor-store.ts:63
[   52933ms] [LOG] [MonitorStore] Received message: stats_update {intent_stats: Object, memory_stats: Object, context_stats: Object} @ webpack-internal:///(app-pages-browser)/./lib/store/monitor-store.ts:30
[   52933ms] [LOG] [MonitorStore] intent_stats: {strategy_counts: Object, confidence_distribution: Object, avg_latency_ms: Object, recent_classifications: Array(0)} @ webpack-internal:///(app-pages-browser)/./lib/store/monitor-store.ts:31
[   52933ms] [LOG] [MonitorStore] memory_stats: {hierarchy: Object, promotions: Array(0), memories: Array(0)} @ webpack-internal:///(app-pages-browser)/./lib/store/monitor-store.ts:32
[   52933ms] [LOG] [MonitorStore] context_stats: {current_tokens: 0, threshold: 0.75, compressions_triggered: 0, token_history: Array(0), last_compression: null} @ webpack-internal:///(app-pages-browser)/./lib/store/monitor-store.ts:33
[   52933ms] [LOG] [MonitorStore] Updating stats: {intent_stats: Object, memory_stats: Object, context_stats: Object} @ webpack-internal:///(app-pages-browser)/./lib/store/monitor-store.ts:57
[   52934ms] [LOG] [MonitorStore] State updated, intentStats: {strategy_counts: Object, confidence_distribution: Object, avg_latency_ms: Object, recent_classifications: Array(0)} @ webpack-internal:///(app-pages-browser)/./lib/store/monitor-store.ts:63
[   53003ms] [LOG] [MonitorStore] Received message: stats_update {intent_stats: Object, memory_stats: Object, context_stats: Object} @ webpack-internal:///(app-pages-browser)/./lib/store/monitor-store.ts:30
[   53003ms] [LOG] [MonitorStore] intent_stats: {strategy_counts: Object, confidence_distribution: Object, avg_latency_ms: Object, recent_classifications: Array(0)} @ webpack-internal:///(app-pages-browser)/./lib/store/monitor-store.ts:31
[   53003ms] [LOG] [MonitorStore] memory_stats: {hierarchy: Object, promotions: Array(0), memories: Array(0)} @ webpack-internal:///(app-pages-browser)/./lib/store/monitor-store.ts:32
[   53003ms] [LOG] [MonitorStore] context_stats: {current_tokens: 0, threshold: 0.75, compressions_triggered: 0, token_history: Array(0), last_compression: null} @ webpack-internal:///(app-pages-browser)/./lib/store/monitor-store.ts:33
[   53003ms] [LOG] [MonitorStore] Updating stats: {intent_stats: Object, memory_stats: Object, context_stats: Object} @ webpack-internal:///(app-pages-browser)/./lib/store/monitor-store.ts:57
[   53004ms] [LOG] [MonitorStore] State updated, intentStats: {strategy_counts: Object, confidence_distribution: Object, avg_latency_ms: Object, recent_classifications: Array(0)} @ webpack-internal:///(app-pages-browser)/./lib/store/monitor-store.ts:63
[   53945ms] [LOG] [MonitorStore] Received message: stats_update {intent_stats: Object, memory_stats: Object, context_stats: Object} @ webpack-internal:///(app-pages-browser)/./lib/store/monitor-store.ts:30
[   53945ms] [LOG] [MonitorStore] intent_stats: {strategy_counts: Object, confidence_distribution: Object, avg_latency_ms: Object, recent_classifications: Array(0)} @ webpack-internal:///(app-pages-browser)/./lib/store/monitor-store.ts:31
[   53945ms] [LOG] [MonitorStore] memory_stats: {hierarchy: Object, promotions: Array(0), memories: Array(0)} @ webpack-internal:///(app-pages-browser)/./lib/store/monitor-store.ts:32
[   53945ms] [LOG] [MonitorStore] context_stats: {current_tokens: 0, threshold: 0.75, compressions_triggered: 0, token_history: Array(0), last_compression: null} @ webpack-internal:///(app-pages-browser)/./lib/store/monitor-store.ts:33
[   53945ms] [LOG] [MonitorStore] Updating stats: {intent_stats: Object, memory_stats: Object, context_stats: Object} @ webpack-internal:///(app-pages-browser)/./lib/store/monitor-store.ts:57
[   53945ms] [LOG] [MonitorStore] State updated, intentStats: {strategy_counts: Object, confidence_distribution: Object, avg_latency_ms: Object, recent_classifications: Array(0)} @ webpack-internal:///(app-pages-browser)/./lib/store/monitor-store.ts:63
[   53998ms] [LOG] [MonitorStore] Received message: stats_update {intent_stats: Object, memory_stats: Object, context_stats: Object} @ webpack-internal:///(app-pages-browser)/./lib/store/monitor-store.ts:30
[   53998ms] [LOG] [MonitorStore] intent_stats: {strategy_counts: Object, confidence_distribution: Object, avg_latency_ms: Object, recent_classifications: Array(0)} @ webpack-internal:///(app-pages-browser)/./lib/store/monitor-store.ts:31
[   53998ms] [LOG] [MonitorStore] memory_stats: {hierarchy: Object, promotions: Array(0), memories: Array(0)} @ webpack-internal:///(app-pages-browser)/./lib/store/monitor-store.ts:32
[   53998ms] [LOG] [MonitorStore] context_stats: {current_tokens: 0, threshold: 0.75, compressions_triggered: 0, token_history: Array(0), last_compression: null} @ webpack-internal:///(app-pages-browser)/./lib/store/monitor-store.ts:33
[   53999ms] [LOG] [MonitorStore] Updating stats: {intent_stats: Object, memory_stats: Object, context_stats: Object} @ webpack-internal:///(app-pages-browser)/./lib/store/monitor-store.ts:57
[   53999ms] [LOG] [MonitorStore] State updated, intentStats: {strategy_counts: Object, confidence_distribution: Object, avg_latency_ms: Object, recent_classifications: Array(0)} @ webpack-internal:///(app-pages-browser)/./lib/store/monitor-store.ts:63
[   54957ms] [LOG] [MonitorStore] Received message: stats_update {intent_stats: Object, memory_stats: Object, context_stats: Object} @ webpack-internal:///(app-pages-browser)/./lib/store/monitor-store.ts:30
[   54958ms] [LOG] [MonitorStore] intent_stats: {strategy_counts: Object, confidence_distribution: Object, avg_latency_ms: Object, recent_classifications: Array(0)} @ webpack-internal:///(app-pages-browser)/./lib/store/monitor-store.ts:31
[   54958ms] [LOG] [MonitorStore] memory_stats: {hierarchy: Object, promotions: Array(0), memories: Array(0)} @ webpack-internal:///(app-pages-browser)/./lib/store/monitor-store.ts:32
[   54958ms] [LOG] [MonitorStore] context_stats: {current_tokens: 0, threshold: 0.75, compressions_triggered: 0, token_history: Array(0), last_compression: null} @ webpack-internal:///(app-pages-browser)/./lib/store/monitor-store.ts:33
[   54958ms] [LOG] [MonitorStore] Updating stats: {intent_stats: Object, memory_stats: Object, context_stats: Object} @ webpack-internal:///(app-pages-browser)/./lib/store/monitor-store.ts:57
[   54958ms] [LOG] [MonitorStore] State updated, intentStats: {strategy_counts: Object, confidence_distribution: Object, avg_latency_ms: Object, recent_classifications: Array(0)} @ webpack-internal:///(app-pages-browser)/./lib/store/monitor-store.ts:63
[   54997ms] [LOG] [MonitorStore] Received message: stats_update {intent_stats: Object, memory_stats: Object, context_stats: Object} @ webpack-internal:///(app-pages-browser)/./lib/store/monitor-store.ts:30
[   54997ms] [LOG] [MonitorStore] intent_stats: {strategy_counts: Object, confidence_distribution: Object, avg_latency_ms: Object, recent_classifications: Array(0)} @ webpack-internal:///(app-pages-browser)/./lib/store/monitor-store.ts:31
[   54997ms] [LOG] [MonitorStore] memory_stats: {hierarchy: Object, promotions: Array(0), memories: Array(0)} @ webpack-internal:///(app-pages-browser)/./lib/store/monitor-store.ts:32
[   54998ms] [LOG] [MonitorStore] context_stats: {current_tokens: 0, threshold: 0.75, compressions_triggered: 0, token_history: Array(0), last_compression: null} @ webpack-internal:///(app-pages-browser)/./lib/store/monitor-store.ts:33
[   54998ms] [LOG] [MonitorStore] Updating stats: {intent_stats: Object, memory_stats: Object, context_stats: Object} @ webpack-internal:///(app-pages-browser)/./lib/store/monitor-store.ts:57
[   54998ms] [LOG] [MonitorStore] State updated, intentStats: {strategy_counts: Object, confidence_distribution: Object, avg_latency_ms: Object, recent_classifications: Array(0)} @ webpack-internal:///(app-pages-browser)/./lib/store/monitor-store.ts:63
[   55971ms] [LOG] [MonitorStore] Received message: stats_update {intent_stats: Object, memory_stats: Object, context_stats: Object} @ webpack-internal:///(app-pages-browser)/./lib/store/monitor-store.ts:30
[   55972ms] [LOG] [MonitorStore] intent_stats: {strategy_counts: Object, confidence_distribution: Object, avg_latency_ms: Object, recent_classifications: Array(0)} @ webpack-internal:///(app-pages-browser)/./lib/store/monitor-store.ts:31
[   55972ms] [LOG] [MonitorStore] memory_stats: {hierarchy: Object, promotions: Array(0), memories: Array(0)} @ webpack-internal:///(app-pages-browser)/./lib/store/monitor-store.ts:32
[   55972ms] [LOG] [MonitorStore] context_stats: {current_tokens: 0, threshold: 0.75, compressions_triggered: 0, token_history: Array(0), last_compression: null} @ webpack-internal:///(app-pages-browser)/./lib/store/monitor-store.ts:33
[   55972ms] [LOG] [MonitorStore] Updating stats: {intent_stats: Object, memory_stats: Object, context_stats: Object} @ webpack-internal:///(app-pages-browser)/./lib/store/monitor-store.ts:57
[   55972ms] [LOG] [MonitorStore] State updated, intentStats: {strategy_counts: Object, confidence_distribution: Object, avg_latency_ms: Object, recent_classifications: Array(0)} @ webpack-internal:///(app-pages-browser)/./lib/store/monitor-store.ts:63
[   56025ms] [LOG] [MonitorStore] Received message: stats_update {intent_stats: Object, memory_stats: Object, context_stats: Object} @ webpack-internal:///(app-pages-browser)/./lib/store/monitor-store.ts:30
[   56025ms] [LOG] [MonitorStore] intent_stats: {strategy_counts: Object, confidence_distribution: Object, avg_latency_ms: Object, recent_classifications: Array(0)} @ webpack-internal:///(app-pages-browser)/./lib/store/monitor-store.ts:31
[   56025ms] [LOG] [MonitorStore] memory_stats: {hierarchy: Object, promotions: Array(0), memories: Array(0)} @ webpack-internal:///(app-pages-browser)/./lib/store/monitor-store.ts:32
[   56026ms] [LOG] [MonitorStore] context_stats: {current_tokens: 0, threshold: 0.75, compressions_triggered: 0, token_history: Array(0), last_compression: null} @ webpack-internal:///(app-pages-browser)/./lib/store/monitor-store.ts:33
[   56026ms] [LOG] [MonitorStore] Updating stats: {intent_stats: Object, memory_stats: Object, context_stats: Object} @ webpack-internal:///(app-pages-browser)/./lib/store/monitor-store.ts:57
[   56026ms] [LOG] [MonitorStore] State updated, intentStats: {strategy_counts: Object, confidence_distribution: Object, avg_latency_ms: Object, recent_classifications: Array(0)} @ webpack-internal:///(app-pages-browser)/./lib/store/monitor-store.ts:63
[   56977ms] [LOG] [MonitorStore] Received message: stats_update {intent_stats: Object, memory_stats: Object, context_stats: Object} @ webpack-internal:///(app-pages-browser)/./lib/store/monitor-store.ts:30
[   56977ms] [LOG] [MonitorStore] intent_stats: {strategy_counts: Object, confidence_distribution: Object, avg_latency_ms: Object, recent_classifications: Array(0)} @ webpack-internal:///(app-pages-browser)/./lib/store/monitor-store.ts:31
[   56978ms] [LOG] [MonitorStore] memory_stats: {hierarchy: Object, promotions: Array(0), memories: Array(0)} @ webpack-internal:///(app-pages-browser)/./lib/store/monitor-store.ts:32
[   56978ms] [LOG] [MonitorStore] context_stats: {current_tokens: 0, threshold: 0.75, compressions_triggered: 0, token_history: Array(0), last_compression: null} @ webpack-internal:///(app-pages-browser)/./lib/store/monitor-store.ts:33
[   56978ms] [LOG] [MonitorStore] Updating stats: {intent_stats: Object, memory_stats: Object, context_stats: Object} @ webpack-internal:///(app-pages-browser)/./lib/store/monitor-store.ts:57
[   56978ms] [LOG] [MonitorStore] State updated, intentStats: {strategy_counts: Object, confidence_distribution: Object, avg_latency_ms: Object, recent_classifications: Array(0)} @ webpack-internal:///(app-pages-browser)/./lib/store/monitor-store.ts:63
[   57042ms] [LOG] [MonitorStore] Received message: stats_update {intent_stats: Object, memory_stats: Object, context_stats: Object} @ webpack-internal:///(app-pages-browser)/./lib/store/monitor-store.ts:30
[   57043ms] [LOG] [MonitorStore] intent_stats: {strategy_counts: Object, confidence_distribution: Object, avg_latency_ms: Object, recent_classifications: Array(0)} @ webpack-internal:///(app-pages-browser)/./lib/store/monitor-store.ts:31
[   57043ms] [LOG] [MonitorStore] memory_stats: {hierarchy: Object, promotions: Array(0), memories: Array(0)} @ webpack-internal:///(app-pages-browser)/./lib/store/monitor-store.ts:32
[   57043ms] [LOG] [MonitorStore] context_stats: {current_tokens: 0, threshold: 0.75, compressions_triggered: 0, token_history: Array(0), last_compression: null} @ webpack-internal:///(app-pages-browser)/./lib/store/monitor-store.ts:33
[   57043ms] [LOG] [MonitorStore] Updating stats: {intent_stats: Object, memory_stats: Object, context_stats: Object} @ webpack-internal:///(app-pages-browser)/./lib/store/monitor-store.ts:57
[   57043ms] [LOG] [MonitorStore] State updated, intentStats: {strategy_counts: Object, confidence_distribution: Object, avg_latency_ms: Object, recent_classifications: Array(0)} @ webpack-internal:///(app-pages-browser)/./lib/store/monitor-store.ts:63
[   57992ms] [LOG] [MonitorStore] Received message: stats_update {intent_stats: Object, memory_stats: Object, context_stats: Object} @ webpack-internal:///(app-pages-browser)/./lib/store/monitor-store.ts:30
[   57993ms] [LOG] [MonitorStore] intent_stats: {strategy_counts: Object, confidence_distribution: Object, avg_latency_ms: Object, recent_classifications: Array(0)} @ webpack-internal:///(app-pages-browser)/./lib/store/monitor-store.ts:31
[   57993ms] [LOG] [MonitorStore] memory_stats: {hierarchy: Object, promotions: Array(0), memories: Array(0)} @ webpack-internal:///(app-pages-browser)/./lib/store/monitor-store.ts:32
[   57993ms] [LOG] [MonitorStore] context_stats: {current_tokens: 0, threshold: 0.75, compressions_triggered: 0, token_history: Array(0), last_compression: null} @ webpack-internal:///(app-pages-browser)/./lib/store/monitor-store.ts:33
[   57993ms] [LOG] [MonitorStore] Updating stats: {intent_stats: Object, memory_stats: Object, context_stats: Object} @ webpack-internal:///(app-pages-browser)/./lib/store/monitor-store.ts:57
[   57993ms] [LOG] [MonitorStore] State updated, intentStats: {strategy_counts: Object, confidence_distribution: Object, avg_latency_ms: Object, recent_classifications: Array(0)} @ webpack-internal:///(app-pages-browser)/./lib/store/monitor-store.ts:63
[   58061ms] [LOG] [MonitorStore] Received message: stats_update {intent_stats: Object, memory_stats: Object, context_stats: Object} @ webpack-internal:///(app-pages-browser)/./lib/store/monitor-store.ts:30
[   58062ms] [LOG] [MonitorStore] intent_stats: {strategy_counts: Object, confidence_distribution: Object, avg_latency_ms: Object, recent_classifications: Array(0)} @ webpack-internal:///(app-pages-browser)/./lib/store/monitor-store.ts:31
[   58062ms] [LOG] [MonitorStore] memory_stats: {hierarchy: Object, promotions: Array(0), memories: Array(0)} @ webpack-internal:///(app-pages-browser)/./lib/store/monitor-store.ts:32
[   58062ms] [LOG] [MonitorStore] context_stats: {current_tokens: 0, threshold: 0.75, compressions_triggered: 0, token_history: Array(0), last_compression: null} @ webpack-internal:///(app-pages-browser)/./lib/store/monitor-store.ts:33
[   58062ms] [LOG] [MonitorStore] Updating stats: {intent_stats: Object, memory_stats: Object, context_stats: Object} @ webpack-internal:///(app-pages-browser)/./lib/store/monitor-store.ts:57
[   58062ms] [LOG] [MonitorStore] State updated, intentStats: {strategy_counts: Object, confidence_distribution: Object, avg_latency_ms: Object, recent_classifications: Array(0)} @ webpack-internal:///(app-pages-browser)/./lib/store/monitor-store.ts:63
[   58995ms] [LOG] [MonitorStore] Received message: stats_update {intent_stats: Object, memory_stats: Object, context_stats: Object} @ webpack-internal:///(app-pages-browser)/./lib/store/monitor-store.ts:30
[   58995ms] [LOG] [MonitorStore] intent_stats: {strategy_counts: Object, confidence_distribution: Object, avg_latency_ms: Object, recent_classifications: Array(0)} @ webpack-internal:///(app-pages-browser)/./lib/store/monitor-store.ts:31
[   58996ms] [LOG] [MonitorStore] memory_stats: {hierarchy: Object, promotions: Array(0), memories: Array(0)} @ webpack-internal:///(app-pages-browser)/./lib/store/monitor-store.ts:32
[   58996ms] [LOG] [MonitorStore] context_stats: {current_tokens: 0, threshold: 0.75, compressions_triggered: 0, token_history: Array(0), last_compression: null} @ webpack-internal:///(app-pages-browser)/./lib/store/monitor-store.ts:33
[   58996ms] [LOG] [MonitorStore] Updating stats: {intent_stats: Object, memory_stats: Object, context_stats: Object} @ webpack-internal:///(app-pages-browser)/./lib/store/monitor-store.ts:57
[   58996ms] [LOG] [MonitorStore] State updated, intentStats: {strategy_counts: Object, confidence_distribution: Object, avg_latency_ms: Object, recent_classifications: Array(0)} @ webpack-internal:///(app-pages-browser)/./lib/store/monitor-store.ts:63
[   59061ms] [LOG] [MonitorStore] Received message: stats_update {intent_stats: Object, memory_stats: Object, context_stats: Object} @ webpack-internal:///(app-pages-browser)/./lib/store/monitor-store.ts:30
[   59062ms] [LOG] [MonitorStore] intent_stats: {strategy_counts: Object, confidence_distribution: Object, avg_latency_ms: Object, recent_classifications: Array(0)} @ webpack-internal:///(app-pages-browser)/./lib/store/monitor-store.ts:31
[   59062ms] [LOG] [MonitorStore] memory_stats: {hierarchy: Object, promotions: Array(0), memories: Array(0)} @ webpack-internal:///(app-pages-browser)/./lib/store/monitor-store.ts:32
[   59062ms] [LOG] [MonitorStore] context_stats: {current_tokens: 0, threshold: 0.75, compressions_triggered: 0, token_history: Array(0), last_compression: null} @ webpack-internal:///(app-pages-browser)/./lib/store/monitor-store.ts:33
[   59062ms] [LOG] [MonitorStore] Updating stats: {intent_stats: Object, memory_stats: Object, context_stats: Object} @ webpack-internal:///(app-pages-browser)/./lib/store/monitor-store.ts:57
[   59062ms] [LOG] [MonitorStore] State updated, intentStats: {strategy_counts: Object, confidence_distribution: Object, avg_latency_ms: Object, recent_classifications: Array(0)} @ webpack-internal:///(app-pages-browser)/./lib/store/monitor-store.ts:63
[   60006ms] [LOG] [MonitorStore] Received message: stats_update {intent_stats: Object, memory_stats: Object, context_stats: Object} @ webpack-internal:///(app-pages-browser)/./lib/store/monitor-store.ts:30
[   60006ms] [LOG] [MonitorStore] intent_stats: {strategy_counts: Object, confidence_distribution: Object, avg_latency_ms: Object, recent_classifications: Array(0)} @ webpack-internal:///(app-pages-browser)/./lib/store/monitor-store.ts:31
[   60007ms] [LOG] [MonitorStore] memory_stats: {hierarchy: Object, promotions: Array(0), memories: Array(0)} @ webpack-internal:///(app-pages-browser)/./lib/store/monitor-store.ts:32
[   60007ms] [LOG] [MonitorStore] context_stats: {current_tokens: 0, threshold: 0.75, compressions_triggered: 0, token_history: Array(0), last_compression: null} @ webpack-internal:///(app-pages-browser)/./lib/store/monitor-store.ts:33
[   60007ms] [LOG] [MonitorStore] Updating stats: {intent_stats: Object, memory_stats: Object, context_stats: Object} @ webpack-internal:///(app-pages-browser)/./lib/store/monitor-store.ts:57
[   60007ms] [LOG] [MonitorStore] State updated, intentStats: {strategy_counts: Object, confidence_distribution: Object, avg_latency_ms: Object, recent_classifications: Array(0)} @ webpack-internal:///(app-pages-browser)/./lib/store/monitor-store.ts:63
[   60081ms] [LOG] [MonitorStore] Received message: stats_update {intent_stats: Object, memory_stats: Object, context_stats: Object} @ webpack-internal:///(app-pages-browser)/./lib/store/monitor-store.ts:30
[   60081ms] [LOG] [MonitorStore] intent_stats: {strategy_counts: Object, confidence_distribution: Object, avg_latency_ms: Object, recent_classifications: Array(0)} @ webpack-internal:///(app-pages-browser)/./lib/store/monitor-store.ts:31
[   60081ms] [LOG] [MonitorStore] memory_stats: {hierarchy: Object, promotions: Array(0), memories: Array(0)} @ webpack-internal:///(app-pages-browser)/./lib/store/monitor-store.ts:32
[   60081ms] [LOG] [MonitorStore] context_stats: {current_tokens: 0, threshold: 0.75, compressions_triggered: 0, token_history: Array(0), last_compression: null} @ webpack-internal:///(app-pages-browser)/./lib/store/monitor-store.ts:33
[   60081ms] [LOG] [MonitorStore] Updating stats: {intent_stats: Object, memory_stats: Object, context_stats: Object} @ webpack-internal:///(app-pages-browser)/./lib/store/monitor-store.ts:57
[   60082ms] [LOG] [MonitorStore] State updated, intentStats: {strategy_counts: Object, confidence_distribution: Object, avg_latency_ms: Object, recent_classifications: Array(0)} @ webpack-internal:///(app-pages-browser)/./lib/store/monitor-store.ts:63
[   61005ms] [LOG] [MonitorStore] Received message: stats_update {intent_stats: Object, memory_stats: Object, context_stats: Object} @ webpack-internal:///(app-pages-browser)/./lib/store/monitor-store.ts:30
[   61006ms] [LOG] [MonitorStore] intent_stats: {strategy_counts: Object, confidence_distribution: Object, avg_latency_ms: Object, recent_classifications: Array(0)} @ webpack-internal:///(app-pages-browser)/./lib/store/monitor-store.ts:31
[   61006ms] [LOG] [MonitorStore] memory_stats: {hierarchy: Object, promotions: Array(0), memories: Array(0)} @ webpack-internal:///(app-pages-browser)/./lib/store/monitor-store.ts:32
[   61006ms] [LOG] [MonitorStore] context_stats: {current_tokens: 0, threshold: 0.75, compressions_triggered: 0, token_history: Array(0), last_compression: null} @ webpack-internal:///(app-pages-browser)/./lib/store/monitor-store.ts:33
[   61006ms] [LOG] [MonitorStore] Updating stats: {intent_stats: Object, memory_stats: Object, context_stats: Object} @ webpack-internal:///(app-pages-browser)/./lib/store/monitor-store.ts:57
[   61006ms] [LOG] [MonitorStore] State updated, intentStats: {strategy_counts: Object, confidence_distribution: Object, avg_latency_ms: Object, recent_classifications: Array(0)} @ webpack-internal:///(app-pages-browser)/./lib/store/monitor-store.ts:63
[   61058ms] [LOG] [MonitorStore] Received message: stats_update {intent_stats: Object, memory_stats: Object, context_stats: Object} @ webpack-internal:///(app-pages-browser)/./lib/store/monitor-store.ts:30
[   61058ms] [LOG] [MonitorStore] intent_stats: {strategy_counts: Object, confidence_distribution: Object, avg_latency_ms: Object, recent_classifications: Array(0)} @ webpack-internal:///(app-pages-browser)/./lib/store/monitor-store.ts:31
[   61058ms] [LOG] [MonitorStore] memory_stats: {hierarchy: Object, promotions: Array(0), memories: Array(0)} @ webpack-internal:///(app-pages-browser)/./lib/store/monitor-store.ts:32
[   61059ms] [LOG] [MonitorStore] context_stats: {current_tokens: 0, threshold: 0.75, compressions_triggered: 0, token_history: Array(0), last_compression: null} @ webpack-internal:///(app-pages-browser)/./lib/store/monitor-store.ts:33
[   61059ms] [LOG] [MonitorStore] Updating stats: {intent_stats: Object, memory_stats: Object, context_stats: Object} @ webpack-internal:///(app-pages-browser)/./lib/store/monitor-store.ts:57
[   61059ms] [LOG] [MonitorStore] State updated, intentStats: {strategy_counts: Object, confidence_distribution: Object, avg_latency_ms: Object, recent_classifications: Array(0)} @ webpack-internal:///(app-pages-browser)/./lib/store/monitor-store.ts:63
[   62017ms] [LOG] [MonitorStore] Received message: stats_update {intent_stats: Object, memory_stats: Object, context_stats: Object} @ webpack-internal:///(app-pages-browser)/./lib/store/monitor-store.ts:30
[   62017ms] [LOG] [MonitorStore] intent_stats: {strategy_counts: Object, confidence_distribution: Object, avg_latency_ms: Object, recent_classifications: Array(0)} @ webpack-internal:///(app-pages-browser)/./lib/store/monitor-store.ts:31
[   62018ms] [LOG] [MonitorStore] memory_stats: {hierarchy: Object, promotions: Array(0), memories: Array(0)} @ webpack-internal:///(app-pages-browser)/./lib/store/monitor-store.ts:32
[   62018ms] [LOG] [MonitorStore] context_stats: {current_tokens: 0, threshold: 0.75, compressions_triggered: 0, token_history: Array(0), last_compression: null} @ webpack-internal:///(app-pages-browser)/./lib/store/monitor-store.ts:33
[   62019ms] [LOG] [MonitorStore] Updating stats: {intent_stats: Object, memory_stats: Object, context_stats: Object} @ webpack-internal:///(app-pages-browser)/./lib/store/monitor-store.ts:57
[   62019ms] [LOG] [MonitorStore] State updated, intentStats: {strategy_counts: Object, confidence_distribution: Object, avg_latency_ms: Object, recent_classifications: Array(0)} @ webpack-internal:///(app-pages-browser)/./lib/store/monitor-store.ts:63
[   62082ms] [LOG] [MonitorStore] Received message: stats_update {intent_stats: Object, memory_stats: Object, context_stats: Object} @ webpack-internal:///(app-pages-browser)/./lib/store/monitor-store.ts:30
[   62083ms] [LOG] [MonitorStore] intent_stats: {strategy_counts: Object, confidence_distribution: Object, avg_latency_ms: Object, recent_classifications: Array(0)} @ webpack-internal:///(app-pages-browser)/./lib/store/monitor-store.ts:31
[   62083ms] [LOG] [MonitorStore] memory_stats: {hierarchy: Object, promotions: Array(0), memories: Array(0)} @ webpack-internal:///(app-pages-browser)/./lib/store/monitor-store.ts:32
[   62083ms] [LOG] [MonitorStore] context_stats: {current_tokens: 0, threshold: 0.75, compressions_triggered: 0, token_history: Array(0), last_compression: null} @ webpack-internal:///(app-pages-browser)/./lib/store/monitor-store.ts:33
[   62083ms] [LOG] [MonitorStore] Updating stats: {intent_stats: Object, memory_stats: Object, context_stats: Object} @ webpack-internal:///(app-pages-browser)/./lib/store/monitor-store.ts:57
[   62083ms] [LOG] [MonitorStore] State updated, intentStats: {strategy_counts: Object, confidence_distribution: Object, avg_latency_ms: Object, recent_classifications: Array(0)} @ webpack-internal:///(app-pages-browser)/./lib/store/monitor-store.ts:63
[   63021ms] [LOG] [MonitorStore] Received message: stats_update {intent_stats: Object, memory_stats: Object, context_stats: Object} @ webpack-internal:///(app-pages-browser)/./lib/store/monitor-store.ts:30
[   63022ms] [LOG] [MonitorStore] intent_stats: {strategy_counts: Object, confidence_distribution: Object, avg_latency_ms: Object, recent_classifications: Array(0)} @ webpack-internal:///(app-pages-browser)/./lib/store/monitor-store.ts:31
[   63022ms] [LOG] [MonitorStore] memory_stats: {hierarchy: Object, promotions: Array(0), memories: Array(0)} @ webpack-internal:///(app-pages-browser)/./lib/store/monitor-store.ts:32
[   63022ms] [LOG] [MonitorStore] context_stats: {current_tokens: 0, threshold: 0.75, compressions_triggered: 0, token_history: Array(0), last_compression: null} @ webpack-internal:///(app-pages-browser)/./lib/store/monitor-store.ts:33
[   63022ms] [LOG] [MonitorStore] Updating stats: {intent_stats: Object, memory_stats: Object, context_stats: Object} @ webpack-internal:///(app-pages-browser)/./lib/store/monitor-store.ts:57
[   63023ms] [LOG] [MonitorStore] State updated, intentStats: {strategy_counts: Object, confidence_distribution: Object, avg_latency_ms: Object, recent_classifications: Array(0)} @ webpack-internal:///(app-pages-browser)/./lib/store/monitor-store.ts:63
[   63074ms] [LOG] [MonitorStore] Received message: stats_update {intent_stats: Object, memory_stats: Object, context_stats: Object} @ webpack-internal:///(app-pages-browser)/./lib/store/monitor-store.ts:30
[   63075ms] [LOG] [MonitorStore] intent_stats: {strategy_counts: Object, confidence_distribution: Object, avg_latency_ms: Object, recent_classifications: Array(0)} @ webpack-internal:///(app-pages-browser)/./lib/store/monitor-store.ts:31
[   63076ms] [LOG] [MonitorStore] memory_stats: {hierarchy: Object, promotions: Array(0), memories: Array(0)} @ webpack-internal:///(app-pages-browser)/./lib/store/monitor-store.ts:32
[   63076ms] [LOG] [MonitorStore] context_stats: {current_tokens: 0, threshold: 0.75, compressions_triggered: 0, token_history: Array(0), last_compression: null} @ webpack-internal:///(app-pages-browser)/./lib/store/monitor-store.ts:33
[   63076ms] [LOG] [MonitorStore] Updating stats: {intent_stats: Object, memory_stats: Object, context_stats: Object} @ webpack-internal:///(app-pages-browser)/./lib/store/monitor-store.ts:57
[   63077ms] [LOG] [MonitorStore] State updated, intentStats: {strategy_counts: Object, confidence_distribution: Object, avg_latency_ms: Object, recent_classifications: Array(0)} @ webpack-internal:///(app-pages-browser)/./lib/store/monitor-store.ts:63
[   64028ms] [LOG] [MonitorStore] Received message: stats_update {intent_stats: Object, memory_stats: Object, context_stats: Object} @ webpack-internal:///(app-pages-browser)/./lib/store/monitor-store.ts:30
[   64028ms] [LOG] [MonitorStore] intent_stats: {strategy_counts: Object, confidence_distribution: Object, avg_latency_ms: Object, recent_classifications: Array(0)} @ webpack-internal:///(app-pages-browser)/./lib/store/monitor-store.ts:31
[   64028ms] [LOG] [MonitorStore] memory_stats: {hierarchy: Object, promotions: Array(0), memories: Array(0)} @ webpack-internal:///(app-pages-browser)/./lib/store/monitor-store.ts:32
[   64028ms] [LOG] [MonitorStore] context_stats: {current_tokens: 0, threshold: 0.75, compressions_triggered: 0, token_history: Array(0), last_compression: null} @ webpack-internal:///(app-pages-browser)/./lib/store/monitor-store.ts:33
[   64029ms] [LOG] [MonitorStore] Updating stats: {intent_stats: Object, memory_stats: Object, context_stats: Object} @ webpack-internal:///(app-pages-browser)/./lib/store/monitor-store.ts:57
[   64029ms] [LOG] [MonitorStore] State updated, intentStats: {strategy_counts: Object, confidence_distribution: Object, avg_latency_ms: Object, recent_classifications: Array(0)} @ webpack-internal:///(app-pages-browser)/./lib/store/monitor-store.ts:63
[   64066ms] [LOG] [MonitorStore] Received message: stats_update {intent_stats: Object, memory_stats: Object, context_stats: Object} @ webpack-internal:///(app-pages-browser)/./lib/store/monitor-store.ts:30
[   64066ms] [LOG] [MonitorStore] intent_stats: {strategy_counts: Object, confidence_distribution: Object, avg_latency_ms: Object, recent_classifications: Array(0)} @ webpack-internal:///(app-pages-browser)/./lib/store/monitor-store.ts:31
[   64066ms] [LOG] [MonitorStore] memory_stats: {hierarchy: Object, promotions: Array(0), memories: Array(0)} @ webpack-internal:///(app-pages-browser)/./lib/store/monitor-store.ts:32
[   64066ms] [LOG] [MonitorStore] context_stats: {current_tokens: 0, threshold: 0.75, compressions_triggered: 0, token_history: Array(0), last_compression: null} @ webpack-internal:///(app-pages-browser)/./lib/store/monitor-store.ts:33
[   64067ms] [LOG] [MonitorStore] Updating stats: {intent_stats: Object, memory_stats: Object, context_stats: Object} @ webpack-internal:///(app-pages-browser)/./lib/store/monitor-store.ts:57
[   64067ms] [LOG] [MonitorStore] State updated, intentStats: {strategy_counts: Object, confidence_distribution: Object, avg_latency_ms: Object, recent_classifications: Array(0)} @ webpack-internal:///(app-pages-browser)/./lib/store/monitor-store.ts:63
[   65039ms] [LOG] [MonitorStore] Received message: stats_update {intent_stats: Object, memory_stats: Object, context_stats: Object} @ webpack-internal:///(app-pages-browser)/./lib/store/monitor-store.ts:30
[   65039ms] [LOG] [MonitorStore] intent_stats: {strategy_counts: Object, confidence_distribution: Object, avg_latency_ms: Object, recent_classifications: Array(0)} @ webpack-internal:///(app-pages-browser)/./lib/store/monitor-store.ts:31
[   65040ms] [LOG] [MonitorStore] memory_stats: {hierarchy: Object, promotions: Array(0), memories: Array(0)} @ webpack-internal:///(app-pages-browser)/./lib/store/monitor-store.ts:32
[   65040ms] [LOG] [MonitorStore] context_stats: {current_tokens: 0, threshold: 0.75, compressions_triggered: 0, token_history: Array(0), last_compression: null} @ webpack-internal:///(app-pages-browser)/./lib/store/monitor-store.ts:33
[   65040ms] [LOG] [MonitorStore] Updating stats: {intent_stats: Object, memory_stats: Object, context_stats: Object} @ webpack-internal:///(app-pages-browser)/./lib/store/monitor-store.ts:57
[   65040ms] [LOG] [MonitorStore] State updated, intentStats: {strategy_counts: Object, confidence_distribution: Object, avg_latency_ms: Object, recent_classifications: Array(0)} @ webpack-internal:///(app-pages-browser)/./lib/store/monitor-store.ts:63
[   65093ms] [LOG] [MonitorStore] Received message: stats_update {intent_stats: Object, memory_stats: Object, context_stats: Object} @ webpack-internal:///(app-pages-browser)/./lib/store/monitor-store.ts:30
[   65093ms] [LOG] [MonitorStore] intent_stats: {strategy_counts: Object, confidence_distribution: Object, avg_latency_ms: Object, recent_classifications: Array(0)} @ webpack-internal:///(app-pages-browser)/./lib/store/monitor-store.ts:31
[   65093ms] [LOG] [MonitorStore] memory_stats: {hierarchy: Object, promotions: Array(0), memories: Array(0)} @ webpack-internal:///(app-pages-browser)/./lib/store/monitor-store.ts:32
[   65093ms] [LOG] [MonitorStore] context_stats: {current_tokens: 0, threshold: 0.75, compressions_triggered: 0, token_history: Array(0), last_compression: null} @ webpack-internal:///(app-pages-browser)/./lib/store/monitor-store.ts:33
[   65093ms] [LOG] [MonitorStore] Updating stats: {intent_stats: Object, memory_stats: Object, context_stats: Object} @ webpack-internal:///(app-pages-browser)/./lib/store/monitor-store.ts:57
[   65094ms] [LOG] [MonitorStore] State updated, intentStats: {strategy_counts: Object, confidence_distribution: Object, avg_latency_ms: Object, recent_classifications: Array(0)} @ webpack-internal:///(app-pages-browser)/./lib/store/monitor-store.ts:63
[   66052ms] [LOG] [MonitorStore] Received message: stats_update {intent_stats: Object, memory_stats: Object, context_stats: Object} @ webpack-internal:///(app-pages-browser)/./lib/store/monitor-store.ts:30
[   66053ms] [LOG] [MonitorStore] intent_stats: {strategy_counts: Object, confidence_distribution: Object, avg_latency_ms: Object, recent_classifications: Array(0)} @ webpack-internal:///(app-pages-browser)/./lib/store/monitor-store.ts:31
[   66053ms] [LOG] [MonitorStore] memory_stats: {hierarchy: Object, promotions: Array(0), memories: Array(0)} @ webpack-internal:///(app-pages-browser)/./lib/store/monitor-store.ts:32
[   66053ms] [LOG] [MonitorStore] context_stats: {current_tokens: 0, threshold: 0.75, compressions_triggered: 0, token_history: Array(0), last_compression: null} @ webpack-internal:///(app-pages-browser)/./lib/store/monitor-store.ts:33
[   66053ms] [LOG] [MonitorStore] Updating stats: {intent_stats: Object, memory_stats: Object, context_stats: Object} @ webpack-internal:///(app-pages-browser)/./lib/store/monitor-store.ts:57
[   66053ms] [LOG] [MonitorStore] State updated, intentStats: {strategy_counts: Object, confidence_distribution: Object, avg_latency_ms: Object, recent_classifications: Array(0)} @ webpack-internal:///(app-pages-browser)/./lib/store/monitor-store.ts:63
[   66092ms] [LOG] [MonitorStore] Received message: stats_update {intent_stats: Object, memory_stats: Object, context_stats: Object} @ webpack-internal:///(app-pages-browser)/./lib/store/monitor-store.ts:30
[   66093ms] [LOG] [MonitorStore] intent_stats: {strategy_counts: Object, confidence_distribution: Object, avg_latency_ms: Object, recent_classifications: Array(0)} @ webpack-internal:///(app-pages-browser)/./lib/store/monitor-store.ts:31
[   66093ms] [LOG] [MonitorStore] memory_stats: {hierarchy: Object, promotions: Array(0), memories: Array(0)} @ webpack-internal:///(app-pages-browser)/./lib/store/monitor-store.ts:32
[   66093ms] [LOG] [MonitorStore] context_stats: {current_tokens: 0, threshold: 0.75, compressions_triggered: 0, token_history: Array(0), last_compression: null} @ webpack-internal:///(app-pages-browser)/./lib/store/monitor-store.ts:33
[   66093ms] [LOG] [MonitorStore] Updating stats: {intent_stats: Object, memory_stats: Object, context_stats: Object} @ webpack-internal:///(app-pages-browser)/./lib/store/monitor-store.ts:57
[   66093ms] [LOG] [MonitorStore] State updated, intentStats: {strategy_counts: Object, confidence_distribution: Object, avg_latency_ms: Object, recent_classifications: Array(0)} @ webpack-internal:///(app-pages-browser)/./lib/store/monitor-store.ts:63
[   67056ms] [LOG] [MonitorStore] Received message: stats_update {intent_stats: Object, memory_stats: Object, context_stats: Object} @ webpack-internal:///(app-pages-browser)/./lib/store/monitor-store.ts:30
[   67057ms] [LOG] [MonitorStore] intent_stats: {strategy_counts: Object, confidence_distribution: Object, avg_latency_ms: Object, recent_classifications: Array(0)} @ webpack-internal:///(app-pages-browser)/./lib/store/monitor-store.ts:31
[   67057ms] [LOG] [MonitorStore] memory_stats: {hierarchy: Object, promotions: Array(0), memories: Array(0)} @ webpack-internal:///(app-pages-browser)/./lib/store/monitor-store.ts:32
[   67057ms] [LOG] [MonitorStore] context_stats: {current_tokens: 0, threshold: 0.75, compressions_triggered: 0, token_history: Array(0), last_compression: null} @ webpack-internal:///(app-pages-browser)/./lib/store/monitor-store.ts:33
[   67057ms] [LOG] [MonitorStore] Updating stats: {intent_stats: Object, memory_stats: Object, context_stats: Object} @ webpack-internal:///(app-pages-browser)/./lib/store/monitor-store.ts:57
[   67057ms] [LOG] [MonitorStore] State updated, intentStats: {strategy_counts: Object, confidence_distribution: Object, avg_latency_ms: Object, recent_classifications: Array(0)} @ webpack-internal:///(app-pages-browser)/./lib/store/monitor-store.ts:63
[   67119ms] [LOG] [MonitorStore] Received message: stats_update {intent_stats: Object, memory_stats: Object, context_stats: Object} @ webpack-internal:///(app-pages-browser)/./lib/store/monitor-store.ts:30
[   67120ms] [LOG] [MonitorStore] intent_stats: {strategy_counts: Object, confidence_distribution: Object, avg_latency_ms: Object, recent_classifications: Array(0)} @ webpack-internal:///(app-pages-browser)/./lib/store/monitor-store.ts:31
[   67120ms] [LOG] [MonitorStore] memory_stats: {hierarchy: Object, promotions: Array(0), memories: Array(0)} @ webpack-internal:///(app-pages-browser)/./lib/store/monitor-store.ts:32
[   67121ms] [LOG] [MonitorStore] context_stats: {current_tokens: 0, threshold: 0.75, compressions_triggered: 0, token_history: Array(0), last_compression: null} @ webpack-internal:///(app-pages-browser)/./lib/store/monitor-store.ts:33
[   67121ms] [LOG] [MonitorStore] Updating stats: {intent_stats: Object, memory_stats: Object, context_stats: Object} @ webpack-internal:///(app-pages-browser)/./lib/store/monitor-store.ts:57
[   67121ms] [LOG] [MonitorStore] State updated, intentStats: {strategy_counts: Object, confidence_distribution: Object, avg_latency_ms: Object, recent_classifications: Array(0)} @ webpack-internal:///(app-pages-browser)/./lib/store/monitor-store.ts:63
[   68063ms] [LOG] [MonitorStore] Received message: stats_update {intent_stats: Object, memory_stats: Object, context_stats: Object} @ webpack-internal:///(app-pages-browser)/./lib/store/monitor-store.ts:30
[   68063ms] [LOG] [MonitorStore] intent_stats: {strategy_counts: Object, confidence_distribution: Object, avg_latency_ms: Object, recent_classifications: Array(0)} @ webpack-internal:///(app-pages-browser)/./lib/store/monitor-store.ts:31
[   68063ms] [LOG] [MonitorStore] memory_stats: {hierarchy: Object, promotions: Array(0), memories: Array(0)} @ webpack-internal:///(app-pages-browser)/./lib/store/monitor-store.ts:32
[   68064ms] [LOG] [MonitorStore] context_stats: {current_tokens: 0, threshold: 0.75, compressions_triggered: 0, token_history: Array(0), last_compression: null} @ webpack-internal:///(app-pages-browser)/./lib/store/monitor-store.ts:33
[   68064ms] [LOG] [MonitorStore] Updating stats: {intent_stats: Object, memory_stats: Object, context_stats: Object} @ webpack-internal:///(app-pages-browser)/./lib/store/monitor-store.ts:57
[   68064ms] [LOG] [MonitorStore] State updated, intentStats: {strategy_counts: Object, confidence_distribution: Object, avg_latency_ms: Object, recent_classifications: Array(0)} @ webpack-internal:///(app-pages-browser)/./lib/store/monitor-store.ts:63
[   68133ms] [LOG] [MonitorStore] Received message: stats_update {intent_stats: Object, memory_stats: Object, context_stats: Object} @ webpack-internal:///(app-pages-browser)/./lib/store/monitor-store.ts:30
[   68133ms] [LOG] [MonitorStore] intent_stats: {strategy_counts: Object, confidence_distribution: Object, avg_latency_ms: Object, recent_classifications: Array(0)} @ webpack-internal:///(app-pages-browser)/./lib/store/monitor-store.ts:31
[   68133ms] [LOG] [MonitorStore] memory_stats: {hierarchy: Object, promotions: Array(0), memories: Array(0)} @ webpack-internal:///(app-pages-browser)/./lib/store/monitor-store.ts:32
[   68133ms] [LOG] [MonitorStore] context_stats: {current_tokens: 0, threshold: 0.75, compressions_triggered: 0, token_history: Array(0), last_compression: null} @ webpack-internal:///(app-pages-browser)/./lib/store/monitor-store.ts:33
[   68133ms] [LOG] [MonitorStore] Updating stats: {intent_stats: Object, memory_stats: Object, context_stats: Object} @ webpack-internal:///(app-pages-browser)/./lib/store/monitor-store.ts:57
[   68133ms] [LOG] [MonitorStore] State updated, intentStats: {strategy_counts: Object, confidence_distribution: Object, avg_latency_ms: Object, recent_classifications: Array(0)} @ webpack-internal:///(app-pages-browser)/./lib/store/monitor-store.ts:63
[   69077ms] [LOG] [MonitorStore] Received message: stats_update {intent_stats: Object, memory_stats: Object, context_stats: Object} @ webpack-internal:///(app-pages-browser)/./lib/store/monitor-store.ts:30
[   69077ms] [LOG] [MonitorStore] intent_stats: {strategy_counts: Object, confidence_distribution: Object, avg_latency_ms: Object, recent_classifications: Array(0)} @ webpack-internal:///(app-pages-browser)/./lib/store/monitor-store.ts:31
[   69077ms] [LOG] [MonitorStore] memory_stats: {hierarchy: Object, promotions: Array(0), memories: Array(0)} @ webpack-internal:///(app-pages-browser)/./lib/store/monitor-store.ts:32
[   69077ms] [LOG] [MonitorStore] context_stats: {current_tokens: 0, threshold: 0.75, compressions_triggered: 0, token_history: Array(0), last_compression: null} @ webpack-internal:///(app-pages-browser)/./lib/store/monitor-store.ts:33
[   69077ms] [LOG] [MonitorStore] Updating stats: {intent_stats: Object, memory_stats: Object, context_stats: Object} @ webpack-internal:///(app-pages-browser)/./lib/store/monitor-store.ts:57
[   69077ms] [LOG] [MonitorStore] State updated, intentStats: {strategy_counts: Object, confidence_distribution: Object, avg_latency_ms: Object, recent_classifications: Array(0)} @ webpack-internal:///(app-pages-browser)/./lib/store/monitor-store.ts:63
[   69118ms] [LOG] [MonitorStore] Received message: stats_update {intent_stats: Object, memory_stats: Object, context_stats: Object} @ webpack-internal:///(app-pages-browser)/./lib/store/monitor-store.ts:30
[   69118ms] [LOG] [MonitorStore] intent_stats: {strategy_counts: Object, confidence_distribution: Object, avg_latency_ms: Object, recent_classifications: Array(0)} @ webpack-internal:///(app-pages-browser)/./lib/store/monitor-store.ts:31
[   69118ms] [LOG] [MonitorStore] memory_stats: {hierarchy: Object, promotions: Array(0), memories: Array(0)} @ webpack-internal:///(app-pages-browser)/./lib/store/monitor-store.ts:32
[   69119ms] [LOG] [MonitorStore] context_stats: {current_tokens: 0, threshold: 0.75, compressions_triggered: 0, token_history: Array(0), last_compression: null} @ webpack-internal:///(app-pages-browser)/./lib/store/monitor-store.ts:33
[   69119ms] [LOG] [MonitorStore] Updating stats: {intent_stats: Object, memory_stats: Object, context_stats: Object} @ webpack-internal:///(app-pages-browser)/./lib/store/monitor-store.ts:57
[   69119ms] [LOG] [MonitorStore] State updated, intentStats: {strategy_counts: Object, confidence_distribution: Object, avg_latency_ms: Object, recent_classifications: Array(0)} @ webpack-internal:///(app-pages-browser)/./lib/store/monitor-store.ts:63
[   70082ms] [LOG] [MonitorStore] Received message: stats_update {intent_stats: Object, memory_stats: Object, context_stats: Object} @ webpack-internal:///(app-pages-browser)/./lib/store/monitor-store.ts:30
[   70083ms] [LOG] [MonitorStore] intent_stats: {strategy_counts: Object, confidence_distribution: Object, avg_latency_ms: Object, recent_classifications: Array(0)} @ webpack-internal:///(app-pages-browser)/./lib/store/monitor-store.ts:31
[   70083ms] [LOG] [MonitorStore] memory_stats: {hierarchy: Object, promotions: Array(0), memories: Array(0)} @ webpack-internal:///(app-pages-browser)/./lib/store/monitor-store.ts:32
[   70083ms] [LOG] [MonitorStore] context_stats: {current_tokens: 0, threshold: 0.75, compressions_triggered: 0, token_history: Array(0), last_compression: null} @ webpack-internal:///(app-pages-browser)/./lib/store/monitor-store.ts:33
[   70083ms] [LOG] [MonitorStore] Updating stats: {intent_stats: Object, memory_stats: Object, context_stats: Object} @ webpack-internal:///(app-pages-browser)/./lib/store/monitor-store.ts:57
[   70084ms] [LOG] [MonitorStore] State updated, intentStats: {strategy_counts: Object, confidence_distribution: Object, avg_latency_ms: Object, recent_classifications: Array(0)} @ webpack-internal:///(app-pages-browser)/./lib/store/monitor-store.ts:63
[   70142ms] [LOG] [MonitorStore] Received message: stats_update {intent_stats: Object, memory_stats: Object, context_stats: Object} @ webpack-internal:///(app-pages-browser)/./lib/store/monitor-store.ts:30
[   70142ms] [LOG] [MonitorStore] intent_stats: {strategy_counts: Object, confidence_distribution: Object, avg_latency_ms: Object, recent_classifications: Array(0)} @ webpack-internal:///(app-pages-browser)/./lib/store/monitor-store.ts:31
[   70142ms] [LOG] [MonitorStore] memory_stats: {hierarchy: Object, promotions: Array(0), memories: Array(0)} @ webpack-internal:///(app-pages-browser)/./lib/store/monitor-store.ts:32
[   70142ms] [LOG] [MonitorStore] context_stats: {current_tokens: 0, threshold: 0.75, compressions_triggered: 0, token_history: Array(0), last_compression: null} @ webpack-internal:///(app-pages-browser)/./lib/store/monitor-store.ts:33
[   70142ms] [LOG] [MonitorStore] Updating stats: {intent_stats: Object, memory_stats: Object, context_stats: Object} @ webpack-internal:///(app-pages-browser)/./lib/store/monitor-store.ts:57
[   70143ms] [LOG] [MonitorStore] State updated, intentStats: {strategy_counts: Object, confidence_distribution: Object, avg_latency_ms: Object, recent_classifications: Array(0)} @ webpack-internal:///(app-pages-browser)/./lib/store/monitor-store.ts:63
[   71092ms] [LOG] [MonitorStore] Received message: stats_update {intent_stats: Object, memory_stats: Object, context_stats: Object} @ webpack-internal:///(app-pages-browser)/./lib/store/monitor-store.ts:30
[   71092ms] [LOG] [MonitorStore] intent_stats: {strategy_counts: Object, confidence_distribution: Object, avg_latency_ms: Object, recent_classifications: Array(0)} @ webpack-internal:///(app-pages-browser)/./lib/store/monitor-store.ts:31
[   71093ms] [LOG] [MonitorStore] memory_stats: {hierarchy: Object, promotions: Array(0), memories: Array(0)} @ webpack-internal:///(app-pages-browser)/./lib/store/monitor-store.ts:32
[   71093ms] [LOG] [MonitorStore] context_stats: {current_tokens: 0, threshold: 0.75, compressions_triggered: 0, token_history: Array(0), last_compression: null} @ webpack-internal:///(app-pages-browser)/./lib/store/monitor-store.ts:33
[   71093ms] [LOG] [MonitorStore] Updating stats: {intent_stats: Object, memory_stats: Object, context_stats: Object} @ webpack-internal:///(app-pages-browser)/./lib/store/monitor-store.ts:57
[   71093ms] [LOG] [MonitorStore] State updated, intentStats: {strategy_counts: Object, confidence_distribution: Object, avg_latency_ms: Object, recent_classifications: Array(0)} @ webpack-internal:///(app-pages-browser)/./lib/store/monitor-store.ts:63
[   71175ms] [LOG] [MonitorStore] Received message: stats_update {intent_stats: Object, memory_stats: Object, context_stats: Object} @ webpack-internal:///(app-pages-browser)/./lib/store/monitor-store.ts:30
[   71175ms] [LOG] [MonitorStore] intent_stats: {strategy_counts: Object, confidence_distribution: Object, avg_latency_ms: Object, recent_classifications: Array(0)} @ webpack-internal:///(app-pages-browser)/./lib/store/monitor-store.ts:31
[   71175ms] [LOG] [MonitorStore] memory_stats: {hierarchy: Object, promotions: Array(0), memories: Array(0)} @ webpack-internal:///(app-pages-browser)/./lib/store/monitor-store.ts:32
[   71175ms] [LOG] [MonitorStore] context_stats: {current_tokens: 0, threshold: 0.75, compressions_triggered: 0, token_history: Array(0), last_compression: null} @ webpack-internal:///(app-pages-browser)/./lib/store/monitor-store.ts:33
[   71175ms] [LOG] [MonitorStore] Updating stats: {intent_stats: Object, memory_stats: Object, context_stats: Object} @ webpack-internal:///(app-pages-browser)/./lib/store/monitor-store.ts:57
[   71175ms] [LOG] [MonitorStore] State updated, intentStats: {strategy_counts: Object, confidence_distribution: Object, avg_latency_ms: Object, recent_classifications: Array(0)} @ webpack-internal:///(app-pages-browser)/./lib/store/monitor-store.ts:63
[   72099ms] [LOG] [MonitorStore] Received message: stats_update {intent_stats: Object, memory_stats: Object, context_stats: Object} @ webpack-internal:///(app-pages-browser)/./lib/store/monitor-store.ts:30
[   72100ms] [LOG] [MonitorStore] intent_stats: {strategy_counts: Object, confidence_distribution: Object, avg_latency_ms: Object, recent_classifications: Array(0)} @ webpack-internal:///(app-pages-browser)/./lib/store/monitor-store.ts:31
[   72100ms] [LOG] [MonitorStore] memory_stats: {hierarchy: Object, promotions: Array(0), memories: Array(0)} @ webpack-internal:///(app-pages-browser)/./lib/store/monitor-store.ts:32
[   72100ms] [LOG] [MonitorStore] context_stats: {current_tokens: 0, threshold: 0.75, compressions_triggered: 0, token_history: Array(0), last_compression: null} @ webpack-internal:///(app-pages-browser)/./lib/store/monitor-store.ts:33
[   72101ms] [LOG] [MonitorStore] Updating stats: {intent_stats: Object, memory_stats: Object, context_stats: Object} @ webpack-internal:///(app-pages-browser)/./lib/store/monitor-store.ts:57
[   72101ms] [LOG] [MonitorStore] State updated, intentStats: {strategy_counts: Object, confidence_distribution: Object, avg_latency_ms: Object, recent_classifications: Array(0)} @ webpack-internal:///(app-pages-browser)/./lib/store/monitor-store.ts:63
[   72159ms] [LOG] [MonitorStore] Received message: stats_update {intent_stats: Object, memory_stats: Object, context_stats: Object} @ webpack-internal:///(app-pages-browser)/./lib/store/monitor-store.ts:30
[   72160ms] [LOG] [MonitorStore] intent_stats: {strategy_counts: Object, confidence_distribution: Object, avg_latency_ms: Object, recent_classifications: Array(0)} @ webpack-internal:///(app-pages-browser)/./lib/store/monitor-store.ts:31
[   72160ms] [LOG] [MonitorStore] memory_stats: {hierarchy: Object, promotions: Array(0), memories: Array(0)} @ webpack-internal:///(app-pages-browser)/./lib/store/monitor-store.ts:32
[   72160ms] [LOG] [MonitorStore] context_stats: {current_tokens: 0, threshold: 0.75, compressions_triggered: 0, token_history: Array(0), last_compression: null} @ webpack-internal:///(app-pages-browser)/./lib/store/monitor-store.ts:33
[   72160ms] [LOG] [MonitorStore] Updating stats: {intent_stats: Object, memory_stats: Object, context_stats: Object} @ webpack-internal:///(app-pages-browser)/./lib/store/monitor-store.ts:57
[   72160ms] [LOG] [MonitorStore] State updated, intentStats: {strategy_counts: Object, confidence_distribution: Object, avg_latency_ms: Object, recent_classifications: Array(0)} @ webpack-internal:///(app-pages-browser)/./lib/store/monitor-store.ts:63
[   73101ms] [LOG] [MonitorStore] Received message: stats_update {intent_stats: Object, memory_stats: Object, context_stats: Object} @ webpack-internal:///(app-pages-browser)/./lib/store/monitor-store.ts:30
[   73102ms] [LOG] [MonitorStore] intent_stats: {strategy_counts: Object, confidence_distribution: Object, avg_latency_ms: Object, recent_classifications: Array(0)} @ webpack-internal:///(app-pages-browser)/./lib/store/monitor-store.ts:31
[   73102ms] [LOG] [MonitorStore] memory_stats: {hierarchy: Object, promotions: Array(0), memories: Array(0)} @ webpack-internal:///(app-pages-browser)/./lib/store/monitor-store.ts:32
[   73102ms] [LOG] [MonitorStore] context_stats: {current_tokens: 0, threshold: 0.75, compressions_triggered: 0, token_history: Array(0), last_compression: null} @ webpack-internal:///(app-pages-browser)/./lib/store/monitor-store.ts:33
[   73102ms] [LOG] [MonitorStore] Updating stats: {intent_stats: Object, memory_stats: Object, context_stats: Object} @ webpack-internal:///(app-pages-browser)/./lib/store/monitor-store.ts:57
[   73102ms] [LOG] [MonitorStore] State updated, intentStats: {strategy_counts: Object, confidence_distribution: Object, avg_latency_ms: Object, recent_classifications: Array(0)} @ webpack-internal:///(app-pages-browser)/./lib/store/monitor-store.ts:63
[   73172ms] [LOG] [MonitorStore] Received message: stats_update {intent_stats: Object, memory_stats: Object, context_stats: Object} @ webpack-internal:///(app-pages-browser)/./lib/store/monitor-store.ts:30
[   73173ms] [LOG] [MonitorStore] intent_stats: {strategy_counts: Object, confidence_distribution: Object, avg_latency_ms: Object, recent_classifications: Array(0)} @ webpack-internal:///(app-pages-browser)/./lib/store/monitor-store.ts:31
[   73173ms] [LOG] [MonitorStore] memory_stats: {hierarchy: Object, promotions: Array(0), memories: Array(0)} @ webpack-internal:///(app-pages-browser)/./lib/store/monitor-store.ts:32
[   73174ms] [LOG] [MonitorStore] context_stats: {current_tokens: 0, threshold: 0.75, compressions_triggered: 0, token_history: Array(0), last_compression: null} @ webpack-internal:///(app-pages-browser)/./lib/store/monitor-store.ts:33
[   73174ms] [LOG] [MonitorStore] Updating stats: {intent_stats: Object, memory_stats: Object, context_stats: Object} @ webpack-internal:///(app-pages-browser)/./lib/store/monitor-store.ts:57
[   73174ms] [LOG] [MonitorStore] State updated, intentStats: {strategy_counts: Object, confidence_distribution: Object, avg_latency_ms: Object, recent_classifications: Array(0)} @ webpack-internal:///(app-pages-browser)/./lib/store/monitor-store.ts:63
[   74107ms] [LOG] [MonitorStore] Received message: stats_update {intent_stats: Object, memory_stats: Object, context_stats: Object} @ webpack-internal:///(app-pages-browser)/./lib/store/monitor-store.ts:30
[   74108ms] [LOG] [MonitorStore] intent_stats: {strategy_counts: Object, confidence_distribution: Object, avg_latency_ms: Object, recent_classifications: Array(0)} @ webpack-internal:///(app-pages-browser)/./lib/store/monitor-store.ts:31
[   74108ms] [LOG] [MonitorStore] memory_stats: {hierarchy: Object, promotions: Array(0), memories: Array(0)} @ webpack-internal:///(app-pages-browser)/./lib/store/monitor-store.ts:32
[   74108ms] [LOG] [MonitorStore] context_stats: {current_tokens: 0, threshold: 0.75, compressions_triggered: 0, token_history: Array(0), last_compression: null} @ webpack-internal:///(app-pages-browser)/./lib/store/monitor-store.ts:33
[   74108ms] [LOG] [MonitorStore] Updating stats: {intent_stats: Object, memory_stats: Object, context_stats: Object} @ webpack-internal:///(app-pages-browser)/./lib/store/monitor-store.ts:57
[   74108ms] [LOG] [MonitorStore] State updated, intentStats: {strategy_counts: Object, confidence_distribution: Object, avg_latency_ms: Object, recent_classifications: Array(0)} @ webpack-internal:///(app-pages-browser)/./lib/store/monitor-store.ts:63
[   74167ms] [LOG] [MonitorStore] Received message: stats_update {intent_stats: Object, memory_stats: Object, context_stats: Object} @ webpack-internal:///(app-pages-browser)/./lib/store/monitor-store.ts:30
[   74168ms] [LOG] [MonitorStore] intent_stats: {strategy_counts: Object, confidence_distribution: Object, avg_latency_ms: Object, recent_classifications: Array(0)} @ webpack-internal:///(app-pages-browser)/./lib/store/monitor-store.ts:31
[   74168ms] [LOG] [MonitorStore] memory_stats: {hierarchy: Object, promotions: Array(0), memories: Array(0)} @ webpack-internal:///(app-pages-browser)/./lib/store/monitor-store.ts:32
[   74168ms] [LOG] [MonitorStore] context_stats: {current_tokens: 0, threshold: 0.75, compressions_triggered: 0, token_history: Array(0), last_compression: null} @ webpack-internal:///(app-pages-browser)/./lib/store/monitor-store.ts:33
[   74168ms] [LOG] [MonitorStore] Updating stats: {intent_stats: Object, memory_stats: Object, context_stats: Object} @ webpack-internal:///(app-pages-browser)/./lib/store/monitor-store.ts:57
[   74169ms] [LOG] [MonitorStore] State updated, intentStats: {strategy_counts: Object, confidence_distribution: Object, avg_latency_ms: Object, recent_classifications: Array(0)} @ webpack-internal:///(app-pages-browser)/./lib/store/monitor-store.ts:63
[   75116ms] [LOG] [MonitorStore] Received message: stats_update {intent_stats: Object, memory_stats: Object, context_stats: Object} @ webpack-internal:///(app-pages-browser)/./lib/store/monitor-store.ts:30
[   75117ms] [LOG] [MonitorStore] intent_stats: {strategy_counts: Object, confidence_distribution: Object, avg_latency_ms: Object, recent_classifications: Array(0)} @ webpack-internal:///(app-pages-browser)/./lib/store/monitor-store.ts:31
[   75117ms] [LOG] [MonitorStore] memory_stats: {hierarchy: Object, promotions: Array(0), memories: Array(0)} @ webpack-internal:///(app-pages-browser)/./lib/store/monitor-store.ts:32
[   75117ms] [LOG] [MonitorStore] context_stats: {current_tokens: 0, threshold: 0.75, compressions_triggered: 0, token_history: Array(0), last_compression: null} @ webpack-internal:///(app-pages-browser)/./lib/store/monitor-store.ts:33
[   75117ms] [LOG] [MonitorStore] Updating stats: {intent_stats: Object, memory_stats: Object, context_stats: Object} @ webpack-internal:///(app-pages-browser)/./lib/store/monitor-store.ts:57
[   75117ms] [LOG] [MonitorStore] State updated, intentStats: {strategy_counts: Object, confidence_distribution: Object, avg_latency_ms: Object, recent_classifications: Array(0)} @ webpack-internal:///(app-pages-browser)/./lib/store/monitor-store.ts:63
[   75183ms] [LOG] [MonitorStore] Received message: stats_update {intent_stats: Object, memory_stats: Object, context_stats: Object} @ webpack-internal:///(app-pages-browser)/./lib/store/monitor-store.ts:30
[   75183ms] [LOG] [MonitorStore] intent_stats: {strategy_counts: Object, confidence_distribution: Object, avg_latency_ms: Object, recent_classifications: Array(0)} @ webpack-internal:///(app-pages-browser)/./lib/store/monitor-store.ts:31
[   75183ms] [LOG] [MonitorStore] memory_stats: {hierarchy: Object, promotions: Array(0), memories: Array(0)} @ webpack-internal:///(app-pages-browser)/./lib/store/monitor-store.ts:32
[   75184ms] [LOG] [MonitorStore] context_stats: {current_tokens: 0, threshold: 0.75, compressions_triggered: 0, token_history: Array(0), last_compression: null} @ webpack-internal:///(app-pages-browser)/./lib/store/monitor-store.ts:33
[   75184ms] [LOG] [MonitorStore] Updating stats: {intent_stats: Object, memory_stats: Object, context_stats: Object} @ webpack-internal:///(app-pages-browser)/./lib/store/monitor-store.ts:57
[   75184ms] [LOG] [MonitorStore] State updated, intentStats: {strategy_counts: Object, confidence_distribution: Object, avg_latency_ms: Object, recent_classifications: Array(0)} @ webpack-internal:///(app-pages-browser)/./lib/store/monitor-store.ts:63
[   76119ms] [LOG] [MonitorStore] Received message: stats_update {intent_stats: Object, memory_stats: Object, context_stats: Object} @ webpack-internal:///(app-pages-browser)/./lib/store/monitor-store.ts:30
[   76119ms] [LOG] [MonitorStore] intent_stats: {strategy_counts: Object, confidence_distribution: Object, avg_latency_ms: Object, recent_classifications: Array(0)} @ webpack-internal:///(app-pages-browser)/./lib/store/monitor-store.ts:31
[   76120ms] [LOG] [MonitorStore] memory_stats: {hierarchy: Object, promotions: Array(0), memories: Array(0)} @ webpack-internal:///(app-pages-browser)/./lib/store/monitor-store.ts:32
[   76120ms] [LOG] [MonitorStore] context_stats: {current_tokens: 0, threshold: 0.75, compressions_triggered: 0, token_history: Array(0), last_compression: null} @ webpack-internal:///(app-pages-browser)/./lib/store/monitor-store.ts:33
[   76120ms] [LOG] [MonitorStore] Updating stats: {intent_stats: Object, memory_stats: Object, context_stats: Object} @ webpack-internal:///(app-pages-browser)/./lib/store/monitor-store.ts:57
[   76120ms] [LOG] [MonitorStore] State updated, intentStats: {strategy_counts: Object, confidence_distribution: Object, avg_latency_ms: Object, recent_classifications: Array(0)} @ webpack-internal:///(app-pages-browser)/./lib/store/monitor-store.ts:63
[   76160ms] [LOG] [MonitorStore] Received message: stats_update {intent_stats: Object, memory_stats: Object, context_stats: Object} @ webpack-internal:///(app-pages-browser)/./lib/store/monitor-store.ts:30
[   76161ms] [LOG] [MonitorStore] intent_stats: {strategy_counts: Object, confidence_distribution: Object, avg_latency_ms: Object, recent_classifications: Array(0)} @ webpack-internal:///(app-pages-browser)/./lib/store/monitor-store.ts:31
[   76161ms] [LOG] [MonitorStore] memory_stats: {hierarchy: Object, promotions: Array(0), memories: Array(0)} @ webpack-internal:///(app-pages-browser)/./lib/store/monitor-store.ts:32
[   76161ms] [LOG] [MonitorStore] context_stats: {current_tokens: 0, threshold: 0.75, compressions_triggered: 0, token_history: Array(0), last_compression: null} @ webpack-internal:///(app-pages-browser)/./lib/store/monitor-store.ts:33
[   76161ms] [LOG] [MonitorStore] Updating stats: {intent_stats: Object, memory_stats: Object, context_stats: Object} @ webpack-internal:///(app-pages-browser)/./lib/store/monitor-store.ts:57
[   76161ms] [LOG] [MonitorStore] State updated, intentStats: {strategy_counts: Object, confidence_distribution: Object, avg_latency_ms: Object, recent_classifications: Array(0)} @ webpack-internal:///(app-pages-browser)/./lib/store/monitor-store.ts:63
[   77133ms] [LOG] [MonitorStore] Received message: stats_update {intent_stats: Object, memory_stats: Object, context_stats: Object} @ webpack-internal:///(app-pages-browser)/./lib/store/monitor-store.ts:30
[   77134ms] [LOG] [MonitorStore] intent_stats: {strategy_counts: Object, confidence_distribution: Object, avg_latency_ms: Object, recent_classifications: Array(0)} @ webpack-internal:///(app-pages-browser)/./lib/store/monitor-store.ts:31
[   77134ms] [LOG] [MonitorStore] memory_stats: {hierarchy: Object, promotions: Array(0), memories: Array(0)} @ webpack-internal:///(app-pages-browser)/./lib/store/monitor-store.ts:32
[   77134ms] [LOG] [MonitorStore] context_stats: {current_tokens: 0, threshold: 0.75, compressions_triggered: 0, token_history: Array(0), last_compression: null} @ webpack-internal:///(app-pages-browser)/./lib/store/monitor-store.ts:33
[   77134ms] [LOG] [MonitorStore] Updating stats: {intent_stats: Object, memory_stats: Object, context_stats: Object} @ webpack-internal:///(app-pages-browser)/./lib/store/monitor-store.ts:57
[   77134ms] [LOG] [MonitorStore] State updated, intentStats: {strategy_counts: Object, confidence_distribution: Object, avg_latency_ms: Object, recent_classifications: Array(0)} @ webpack-internal:///(app-pages-browser)/./lib/store/monitor-store.ts:63
[   77181ms] [LOG] [MonitorStore] Received message: stats_update {intent_stats: Object, memory_stats: Object, context_stats: Object} @ webpack-internal:///(app-pages-browser)/./lib/store/monitor-store.ts:30
[   77181ms] [LOG] [MonitorStore] intent_stats: {strategy_counts: Object, confidence_distribution: Object, avg_latency_ms: Object, recent_classifications: Array(0)} @ webpack-internal:///(app-pages-browser)/./lib/store/monitor-store.ts:31
[   77181ms] [LOG] [MonitorStore] memory_stats: {hierarchy: Object, promotions: Array(0), memories: Array(0)} @ webpack-internal:///(app-pages-browser)/./lib/store/monitor-store.ts:32
[   77181ms] [LOG] [MonitorStore] context_stats: {current_tokens: 0, threshold: 0.75, compressions_triggered: 0, token_history: Array(0), last_compression: null} @ webpack-internal:///(app-pages-browser)/./lib/store/monitor-store.ts:33
[   77181ms] [LOG] [MonitorStore] Updating stats: {intent_stats: Object, memory_stats: Object, context_stats: Object} @ webpack-internal:///(app-pages-browser)/./lib/store/monitor-store.ts:57
[   77181ms] [LOG] [MonitorStore] State updated, intentStats: {strategy_counts: Object, confidence_distribution: Object, avg_latency_ms: Object, recent_classifications: Array(0)} @ webpack-internal:///(app-pages-browser)/./lib/store/monitor-store.ts:63
[   78138ms] [LOG] [MonitorStore] Received message: stats_update {intent_stats: Object, memory_stats: Object, context_stats: Object} @ webpack-internal:///(app-pages-browser)/./lib/store/monitor-store.ts:30
[   78138ms] [LOG] [MonitorStore] intent_stats: {strategy_counts: Object, confidence_distribution: Object, avg_latency_ms: Object, recent_classifications: Array(0)} @ webpack-internal:///(app-pages-browser)/./lib/store/monitor-store.ts:31
[   78138ms] [LOG] [MonitorStore] memory_stats: {hierarchy: Object, promotions: Array(0), memories: Array(0)} @ webpack-internal:///(app-pages-browser)/./lib/store/monitor-store.ts:32
[   78139ms] [LOG] [MonitorStore] context_stats: {current_tokens: 0, threshold: 0.75, compressions_triggered: 0, token_history: Array(0), last_compression: null} @ webpack-internal:///(app-pages-browser)/./lib/store/monitor-store.ts:33
[   78139ms] [LOG] [MonitorStore] Updating stats: {intent_stats: Object, memory_stats: Object, context_stats: Object} @ webpack-internal:///(app-pages-browser)/./lib/store/monitor-store.ts:57
[   78139ms] [LOG] [MonitorStore] State updated, intentStats: {strategy_counts: Object, confidence_distribution: Object, avg_latency_ms: Object, recent_classifications: Array(0)} @ webpack-internal:///(app-pages-browser)/./lib/store/monitor-store.ts:63
[   78205ms] [LOG] [MonitorStore] Received message: stats_update {intent_stats: Object, memory_stats: Object, context_stats: Object} @ webpack-internal:///(app-pages-browser)/./lib/store/monitor-store.ts:30
[   78205ms] [LOG] [MonitorStore] intent_stats: {strategy_counts: Object, confidence_distribution: Object, avg_latency_ms: Object, recent_classifications: Array(0)} @ webpack-internal:///(app-pages-browser)/./lib/store/monitor-store.ts:31
[   78206ms] [LOG] [MonitorStore] memory_stats: {hierarchy: Object, promotions: Array(0), memories: Array(0)} @ webpack-internal:///(app-pages-browser)/./lib/store/monitor-store.ts:32
[   78206ms] [LOG] [MonitorStore] context_stats: {current_tokens: 0, threshold: 0.75, compressions_triggered: 0, token_history: Array(0), last_compression: null} @ webpack-internal:///(app-pages-browser)/./lib/store/monitor-store.ts:33
[   78206ms] [LOG] [MonitorStore] Updating stats: {intent_stats: Object, memory_stats: Object, context_stats: Object} @ webpack-internal:///(app-pages-browser)/./lib/store/monitor-store.ts:57
[   78207ms] [LOG] [MonitorStore] State updated, intentStats: {strategy_counts: Object, confidence_distribution: Object, avg_latency_ms: Object, recent_classifications: Array(0)} @ webpack-internal:///(app-pages-browser)/./lib/store/monitor-store.ts:63
[   79149ms] [LOG] [MonitorStore] Received message: stats_update {intent_stats: Object, memory_stats: Object, context_stats: Object} @ webpack-internal:///(app-pages-browser)/./lib/store/monitor-store.ts:30
[   79149ms] [LOG] [MonitorStore] intent_stats: {strategy_counts: Object, confidence_distribution: Object, avg_latency_ms: Object, recent_classifications: Array(0)} @ webpack-internal:///(app-pages-browser)/./lib/store/monitor-store.ts:31
[   79149ms] [LOG] [MonitorStore] memory_stats: {hierarchy: Object, promotions: Array(0), memories: Array(0)} @ webpack-internal:///(app-pages-browser)/./lib/store/monitor-store.ts:32
[   79149ms] [LOG] [MonitorStore] context_stats: {current_tokens: 0, threshold: 0.75, compressions_triggered: 0, token_history: Array(0), last_compression: null} @ webpack-internal:///(app-pages-browser)/./lib/store/monitor-store.ts:33
[   79149ms] [LOG] [MonitorStore] Updating stats: {intent_stats: Object, memory_stats: Object, context_stats: Object} @ webpack-internal:///(app-pages-browser)/./lib/store/monitor-store.ts:57
[   79149ms] [LOG] [MonitorStore] State updated, intentStats: {strategy_counts: Object, confidence_distribution: Object, avg_latency_ms: Object, recent_classifications: Array(0)} @ webpack-internal:///(app-pages-browser)/./lib/store/monitor-store.ts:63
[   79194ms] [LOG] [MonitorStore] Received message: stats_update {intent_stats: Object, memory_stats: Object, context_stats: Object} @ webpack-internal:///(app-pages-browser)/./lib/store/monitor-store.ts:30
[   79194ms] [LOG] [MonitorStore] intent_stats: {strategy_counts: Object, confidence_distribution: Object, avg_latency_ms: Object, recent_classifications: Array(0)} @ webpack-internal:///(app-pages-browser)/./lib/store/monitor-store.ts:31
[   79195ms] [LOG] [MonitorStore] memory_stats: {hierarchy: Object, promotions: Array(0), memories: Array(0)} @ webpack-internal:///(app-pages-browser)/./lib/store/monitor-store.ts:32
[   79195ms] [LOG] [MonitorStore] context_stats: {current_tokens: 0, threshold: 0.75, compressions_triggered: 0, token_history: Array(0), last_compression: null} @ webpack-internal:///(app-pages-browser)/./lib/store/monitor-store.ts:33
[   79195ms] [LOG] [MonitorStore] Updating stats: {intent_stats: Object, memory_stats: Object, context_stats: Object} @ webpack-internal:///(app-pages-browser)/./lib/store/monitor-store.ts:57
[   79195ms] [LOG] [MonitorStore] State updated, intentStats: {strategy_counts: Object, confidence_distribution: Object, avg_latency_ms: Object, recent_classifications: Array(0)} @ webpack-internal:///(app-pages-browser)/./lib/store/monitor-store.ts:63
[   80151ms] [LOG] [MonitorStore] Received message: stats_update {intent_stats: Object, memory_stats: Object, context_stats: Object} @ webpack-internal:///(app-pages-browser)/./lib/store/monitor-store.ts:30
[   80151ms] [LOG] [MonitorStore] intent_stats: {strategy_counts: Object, confidence_distribution: Object, avg_latency_ms: Object, recent_classifications: Array(0)} @ webpack-internal:///(app-pages-browser)/./lib/store/monitor-store.ts:31
[   80151ms] [LOG] [MonitorStore] memory_stats: {hierarchy: Object, promotions: Array(0), memories: Array(0)} @ webpack-internal:///(app-pages-browser)/./lib/store/monitor-store.ts:32
[   80151ms] [LOG] [MonitorStore] context_stats: {current_tokens: 0, threshold: 0.75, compressions_triggered: 0, token_history: Array(0), last_compression: null} @ webpack-internal:///(app-pages-browser)/./lib/store/monitor-store.ts:33
[   80152ms] [LOG] [MonitorStore] Updating stats: {intent_stats: Object, memory_stats: Object, context_stats: Object} @ webpack-internal:///(app-pages-browser)/./lib/store/monitor-store.ts:57
[   80152ms] [LOG] [MonitorStore] State updated, intentStats: {strategy_counts: Object, confidence_distribution: Object, avg_latency_ms: Object, recent_classifications: Array(0)} @ webpack-internal:///(app-pages-browser)/./lib/store/monitor-store.ts:63
[   80204ms] [LOG] [MonitorStore] Received message: stats_update {intent_stats: Object, memory_stats: Object, context_stats: Object} @ webpack-internal:///(app-pages-browser)/./lib/store/monitor-store.ts:30
[   80204ms] [LOG] [MonitorStore] intent_stats: {strategy_counts: Object, confidence_distribution: Object, avg_latency_ms: Object, recent_classifications: Array(0)} @ webpack-internal:///(app-pages-browser)/./lib/store/monitor-store.ts:31
[   80204ms] [LOG] [MonitorStore] memory_stats: {hierarchy: Object, promotions: Array(0), memories: Array(0)} @ webpack-internal:///(app-pages-browser)/./lib/store/monitor-store.ts:32
[   80204ms] [LOG] [MonitorStore] context_stats: {current_tokens: 0, threshold: 0.75, compressions_triggered: 0, token_history: Array(0), last_compression: null} @ webpack-internal:///(app-pages-browser)/./lib/store/monitor-store.ts:33
[   80204ms] [LOG] [MonitorStore] Updating stats: {intent_stats: Object, memory_stats: Object, context_stats: Object} @ webpack-internal:///(app-pages-browser)/./lib/store/monitor-store.ts:57
[   80205ms] [LOG] [MonitorStore] State updated, intentStats: {strategy_counts: Object, confidence_distribution: Object, avg_latency_ms: Object, recent_classifications: Array(0)} @ webpack-internal:///(app-pages-browser)/./lib/store/monitor-store.ts:63
[   81162ms] [LOG] [MonitorStore] Received message: stats_update {intent_stats: Object, memory_stats: Object, context_stats: Object} @ webpack-internal:///(app-pages-browser)/./lib/store/monitor-store.ts:30
[   81162ms] [LOG] [MonitorStore] intent_stats: {strategy_counts: Object, confidence_distribution: Object, avg_latency_ms: Object, recent_classifications: Array(0)} @ webpack-internal:///(app-pages-browser)/./lib/store/monitor-store.ts:31
[   81163ms] [LOG] [MonitorStore] memory_stats: {hierarchy: Object, promotions: Array(0), memories: Array(0)} @ webpack-internal:///(app-pages-browser)/./lib/store/monitor-store.ts:32
[   81163ms] [LOG] [MonitorStore] context_stats: {current_tokens: 0, threshold: 0.75, compressions_triggered: 0, token_history: Array(0), last_compression: null} @ webpack-internal:///(app-pages-browser)/./lib/store/monitor-store.ts:33
[   81163ms] [LOG] [MonitorStore] Updating stats: {intent_stats: Object, memory_stats: Object, context_stats: Object} @ webpack-internal:///(app-pages-browser)/./lib/store/monitor-store.ts:57
[   81163ms] [LOG] [MonitorStore] State updated, intentStats: {strategy_counts: Object, confidence_distribution: Object, avg_latency_ms: Object, recent_classifications: Array(0)} @ webpack-internal:///(app-pages-browser)/./lib/store/monitor-store.ts:63
[   81215ms] [LOG] [MonitorStore] Received message: stats_update {intent_stats: Object, memory_stats: Object, context_stats: Object} @ webpack-internal:///(app-pages-browser)/./lib/store/monitor-store.ts:30
[   81215ms] [LOG] [MonitorStore] intent_stats: {strategy_counts: Object, confidence_distribution: Object, avg_latency_ms: Object, recent_classifications: Array(0)} @ webpack-internal:///(app-pages-browser)/./lib/store/monitor-store.ts:31
[   81215ms] [LOG] [MonitorStore] memory_stats: {hierarchy: Object, promotions: Array(0), memories: Array(0)} @ webpack-internal:///(app-pages-browser)/./lib/store/monitor-store.ts:32
[   81215ms] [LOG] [MonitorStore] context_stats: {current_tokens: 0, threshold: 0.75, compressions_triggered: 0, token_history: Array(0), last_compression: null} @ webpack-internal:///(app-pages-browser)/./lib/store/monitor-store.ts:33
[   81215ms] [LOG] [MonitorStore] Updating stats: {intent_stats: Object, memory_stats: Object, context_stats: Object} @ webpack-internal:///(app-pages-browser)/./lib/store/monitor-store.ts:57
[   81215ms] [LOG] [MonitorStore] State updated, intentStats: {strategy_counts: Object, confidence_distribution: Object, avg_latency_ms: Object, recent_classifications: Array(0)} @ webpack-internal:///(app-pages-browser)/./lib/store/monitor-store.ts:63
[   82174ms] [LOG] [MonitorStore] Received message: stats_update {intent_stats: Object, memory_stats: Object, context_stats: Object} @ webpack-internal:///(app-pages-browser)/./lib/store/monitor-store.ts:30
[   82174ms] [LOG] [MonitorStore] intent_stats: {strategy_counts: Object, confidence_distribution: Object, avg_latency_ms: Object, recent_classifications: Array(0)} @ webpack-internal:///(app-pages-browser)/./lib/store/monitor-store.ts:31
[   82174ms] [LOG] [MonitorStore] memory_stats: {hierarchy: Object, promotions: Array(0), memories: Array(0)} @ webpack-internal:///(app-pages-browser)/./lib/store/monitor-store.ts:32
[   82174ms] [LOG] [MonitorStore] context_stats: {current_tokens: 0, threshold: 0.75, compressions_triggered: 0, token_history: Array(0), last_compression: null} @ webpack-internal:///(app-pages-browser)/./lib/store/monitor-store.ts:33
[   82174ms] [LOG] [MonitorStore] Updating stats: {intent_stats: Object, memory_stats: Object, context_stats: Object} @ webpack-internal:///(app-pages-browser)/./lib/store/monitor-store.ts:57
[   82174ms] [LOG] [MonitorStore] State updated, intentStats: {strategy_counts: Object, confidence_distribution: Object, avg_latency_ms: Object, recent_classifications: Array(0)} @ webpack-internal:///(app-pages-browser)/./lib/store/monitor-store.ts:63
[   82220ms] [LOG] [MonitorStore] Received message: stats_update {intent_stats: Object, memory_stats: Object, context_stats: Object} @ webpack-internal:///(app-pages-browser)/./lib/store/monitor-store.ts:30
[   82221ms] [LOG] [MonitorStore] intent_stats: {strategy_counts: Object, confidence_distribution: Object, avg_latency_ms: Object, recent_classifications: Array(0)} @ webpack-internal:///(app-pages-browser)/./lib/store/monitor-store.ts:31
[   82221ms] [LOG] [MonitorStore] memory_stats: {hierarchy: Object, promotions: Array(0), memories: Array(0)} @ webpack-internal:///(app-pages-browser)/./lib/store/monitor-store.ts:32
[   82221ms] [LOG] [MonitorStore] context_stats: {current_tokens: 0, threshold: 0.75, compressions_triggered: 0, token_history: Array(0), last_compression: null} @ webpack-internal:///(app-pages-browser)/./lib/store/monitor-store.ts:33
[   82221ms] [LOG] [MonitorStore] Updating stats: {intent_stats: Object, memory_stats: Object, context_stats: Object} @ webpack-internal:///(app-pages-browser)/./lib/store/monitor-store.ts:57
[   82221ms] [LOG] [MonitorStore] State updated, intentStats: {strategy_counts: Object, confidence_distribution: Object, avg_latency_ms: Object, recent_classifications: Array(0)} @ webpack-internal:///(app-pages-browser)/./lib/store/monitor-store.ts:63
[   83177ms] [LOG] [MonitorStore] Received message: stats_update {intent_stats: Object, memory_stats: Object, context_stats: Object} @ webpack-internal:///(app-pages-browser)/./lib/store/monitor-store.ts:30
[   83177ms] [LOG] [MonitorStore] intent_stats: {strategy_counts: Object, confidence_distribution: Object, avg_latency_ms: Object, recent_classifications: Array(0)} @ webpack-internal:///(app-pages-browser)/./lib/store/monitor-store.ts:31
[   83178ms] [LOG] [MonitorStore] memory_stats: {hierarchy: Object, promotions: Array(0), memories: Array(0)} @ webpack-internal:///(app-pages-browser)/./lib/store/monitor-store.ts:32
[   83178ms] [LOG] [MonitorStore] context_stats: {current_tokens: 0, threshold: 0.75, compressions_triggered: 0, token_history: Array(0), last_compression: null} @ webpack-internal:///(app-pages-browser)/./lib/store/monitor-store.ts:33
[   83178ms] [LOG] [MonitorStore] Updating stats: {intent_stats: Object, memory_stats: Object, context_stats: Object} @ webpack-internal:///(app-pages-browser)/./lib/store/monitor-store.ts:57
[   83178ms] [LOG] [MonitorStore] State updated, intentStats: {strategy_counts: Object, confidence_distribution: Object, avg_latency_ms: Object, recent_classifications: Array(0)} @ webpack-internal:///(app-pages-browser)/./lib/store/monitor-store.ts:63
[   83232ms] [LOG] [MonitorStore] Received message: stats_update {intent_stats: Object, memory_stats: Object, context_stats: Object} @ webpack-internal:///(app-pages-browser)/./lib/store/monitor-store.ts:30
[   83233ms] [LOG] [MonitorStore] intent_stats: {strategy_counts: Object, confidence_distribution: Object, avg_latency_ms: Object, recent_classifications: Array(0)} @ webpack-internal:///(app-pages-browser)/./lib/store/monitor-store.ts:31
[   83233ms] [LOG] [MonitorStore] memory_stats: {hierarchy: Object, promotions: Array(0), memories: Array(0)} @ webpack-internal:///(app-pages-browser)/./lib/store/monitor-store.ts:32
[   83233ms] [LOG] [MonitorStore] context_stats: {current_tokens: 0, threshold: 0.75, compressions_triggered: 0, token_history: Array(0), last_compression: null} @ webpack-internal:///(app-pages-browser)/./lib/store/monitor-store.ts:33
[   83233ms] [LOG] [MonitorStore] Updating stats: {intent_stats: Object, memory_stats: Object, context_stats: Object} @ webpack-internal:///(app-pages-browser)/./lib/store/monitor-store.ts:57
[   83233ms] [LOG] [MonitorStore] State updated, intentStats: {strategy_counts: Object, confidence_distribution: Object, avg_latency_ms: Object, recent_classifications: Array(0)} @ webpack-internal:///(app-pages-browser)/./lib/store/monitor-store.ts:63
[   84185ms] [LOG] [MonitorStore] Received message: stats_update {intent_stats: Object, memory_stats: Object, context_stats: Object} @ webpack-internal:///(app-pages-browser)/./lib/store/monitor-store.ts:30
[   84185ms] [LOG] [MonitorStore] intent_stats: {strategy_counts: Object, confidence_distribution: Object, avg_latency_ms: Object, recent_classifications: Array(0)} @ webpack-internal:///(app-pages-browser)/./lib/store/monitor-store.ts:31
[   84185ms] [LOG] [MonitorStore] memory_stats: {hierarchy: Object, promotions: Array(0), memories: Array(0)} @ webpack-internal:///(app-pages-browser)/./lib/store/monitor-store.ts:32
[   84185ms] [LOG] [MonitorStore] context_stats: {current_tokens: 0, threshold: 0.75, compressions_triggered: 0, token_history: Array(0), last_compression: null} @ webpack-internal:///(app-pages-browser)/./lib/store/monitor-store.ts:33
[   84185ms] [LOG] [MonitorStore] Updating stats: {intent_stats: Object, memory_stats: Object, context_stats: Object} @ webpack-internal:///(app-pages-browser)/./lib/store/monitor-store.ts:57
[   84185ms] [LOG] [MonitorStore] State updated, intentStats: {strategy_counts: Object, confidence_distribution: Object, avg_latency_ms: Object, recent_classifications: Array(0)} @ webpack-internal:///(app-pages-browser)/./lib/store/monitor-store.ts:63
[   84242ms] [LOG] [MonitorStore] Received message: stats_update {intent_stats: Object, memory_stats: Object, context_stats: Object} @ webpack-internal:///(app-pages-browser)/./lib/store/monitor-store.ts:30
[   84242ms] [LOG] [MonitorStore] intent_stats: {strategy_counts: Object, confidence_distribution: Object, avg_latency_ms: Object, recent_classifications: Array(0)} @ webpack-internal:///(app-pages-browser)/./lib/store/monitor-store.ts:31
[   84242ms] [LOG] [MonitorStore] memory_stats: {hierarchy: Object, promotions: Array(0), memories: Array(0)} @ webpack-internal:///(app-pages-browser)/./lib/store/monitor-store.ts:32
[   84243ms] [LOG] [MonitorStore] context_stats: {current_tokens: 0, threshold: 0.75, compressions_triggered: 0, token_history: Array(0), last_compression: null} @ webpack-internal:///(app-pages-browser)/./lib/store/monitor-store.ts:33
[   84243ms] [LOG] [MonitorStore] Updating stats: {intent_stats: Object, memory_stats: Object, context_stats: Object} @ webpack-internal:///(app-pages-browser)/./lib/store/monitor-store.ts:57
[   84243ms] [LOG] [MonitorStore] State updated, intentStats: {strategy_counts: Object, confidence_distribution: Object, avg_latency_ms: Object, recent_classifications: Array(0)} @ webpack-internal:///(app-pages-browser)/./lib/store/monitor-store.ts:63
[   85188ms] [LOG] [MonitorStore] Received message: stats_update {intent_stats: Object, memory_stats: Object, context_stats: Object} @ webpack-internal:///(app-pages-browser)/./lib/store/monitor-store.ts:30
[   85189ms] [LOG] [MonitorStore] intent_stats: {strategy_counts: Object, confidence_distribution: Object, avg_latency_ms: Object, recent_classifications: Array(0)} @ webpack-internal:///(app-pages-browser)/./lib/store/monitor-store.ts:31
[   85189ms] [LOG] [MonitorStore] memory_stats: {hierarchy: Object, promotions: Array(0), memories: Array(0)} @ webpack-internal:///(app-pages-browser)/./lib/store/monitor-store.ts:32
[   85189ms] [LOG] [MonitorStore] context_stats: {current_tokens: 0, threshold: 0.75, compressions_triggered: 0, token_history: Array(0), last_compression: null} @ webpack-internal:///(app-pages-browser)/./lib/store/monitor-store.ts:33
[   85189ms] [LOG] [MonitorStore] Updating stats: {intent_stats: Object, memory_stats: Object, context_stats: Object} @ webpack-internal:///(app-pages-browser)/./lib/store/monitor-store.ts:57
[   85189ms] [LOG] [MonitorStore] State updated, intentStats: {strategy_counts: Object, confidence_distribution: Object, avg_latency_ms: Object, recent_classifications: Array(0)} @ webpack-internal:///(app-pages-browser)/./lib/store/monitor-store.ts:63
[   85250ms] [LOG] [MonitorStore] Received message: stats_update {intent_stats: Object, memory_stats: Object, context_stats: Object} @ webpack-internal:///(app-pages-browser)/./lib/store/monitor-store.ts:30
[   85250ms] [LOG] [MonitorStore] intent_stats: {strategy_counts: Object, confidence_distribution: Object, avg_latency_ms: Object, recent_classifications: Array(0)} @ webpack-internal:///(app-pages-browser)/./lib/store/monitor-store.ts:31
[   85250ms] [LOG] [MonitorStore] memory_stats: {hierarchy: Object, promotions: Array(0), memories: Array(0)} @ webpack-internal:///(app-pages-browser)/./lib/store/monitor-store.ts:32
[   85250ms] [LOG] [MonitorStore] context_stats: {current_tokens: 0, threshold: 0.75, compressions_triggered: 0, token_history: Array(0), last_compression: null} @ webpack-internal:///(app-pages-browser)/./lib/store/monitor-store.ts:33
[   85251ms] [LOG] [MonitorStore] Updating stats: {intent_stats: Object, memory_stats: Object, context_stats: Object} @ webpack-internal:///(app-pages-browser)/./lib/store/monitor-store.ts:57
[   85251ms] [LOG] [MonitorStore] State updated, intentStats: {strategy_counts: Object, confidence_distribution: Object, avg_latency_ms: Object, recent_classifications: Array(0)} @ webpack-internal:///(app-pages-browser)/./lib/store/monitor-store.ts:63
[   86198ms] [LOG] [MonitorStore] Received message: stats_update {intent_stats: Object, memory_stats: Object, context_stats: Object} @ webpack-internal:///(app-pages-browser)/./lib/store/monitor-store.ts:30
[   86199ms] [LOG] [MonitorStore] intent_stats: {strategy_counts: Object, confidence_distribution: Object, avg_latency_ms: Object, recent_classifications: Array(0)} @ webpack-internal:///(app-pages-browser)/./lib/store/monitor-store.ts:31
[   86199ms] [LOG] [MonitorStore] memory_stats: {hierarchy: Object, promotions: Array(0), memories: Array(0)} @ webpack-internal:///(app-pages-browser)/./lib/store/monitor-store.ts:32
[   86199ms] [LOG] [MonitorStore] context_stats: {current_tokens: 0, threshold: 0.75, compressions_triggered: 0, token_history: Array(0), last_compression: null} @ webpack-internal:///(app-pages-browser)/./lib/store/monitor-store.ts:33
[   86199ms] [LOG] [MonitorStore] Updating stats: {intent_stats: Object, memory_stats: Object, context_stats: Object} @ webpack-internal:///(app-pages-browser)/./lib/store/monitor-store.ts:57
[   86199ms] [LOG] [MonitorStore] State updated, intentStats: {strategy_counts: Object, confidence_distribution: Object, avg_latency_ms: Object, recent_classifications: Array(0)} @ webpack-internal:///(app-pages-browser)/./lib/store/monitor-store.ts:63
[   86271ms] [LOG] [MonitorStore] Received message: stats_update {intent_stats: Object, memory_stats: Object, context_stats: Object} @ webpack-internal:///(app-pages-browser)/./lib/store/monitor-store.ts:30
[   86271ms] [LOG] [MonitorStore] intent_stats: {strategy_counts: Object, confidence_distribution: Object, avg_latency_ms: Object, recent_classifications: Array(0)} @ webpack-internal:///(app-pages-browser)/./lib/store/monitor-store.ts:31
[   86271ms] [LOG] [MonitorStore] memory_stats: {hierarchy: Object, promotions: Array(0), memories: Array(0)} @ webpack-internal:///(app-pages-browser)/./lib/store/monitor-store.ts:32
[   86272ms] [LOG] [MonitorStore] context_stats: {current_tokens: 0, threshold: 0.75, compressions_triggered: 0, token_history: Array(0), last_compression: null} @ webpack-internal:///(app-pages-browser)/./lib/store/monitor-store.ts:33
[   86272ms] [LOG] [MonitorStore] Updating stats: {intent_stats: Object, memory_stats: Object, context_stats: Object} @ webpack-internal:///(app-pages-browser)/./lib/store/monitor-store.ts:57
[   86272ms] [LOG] [MonitorStore] State updated, intentStats: {strategy_counts: Object, confidence_distribution: Object, avg_latency_ms: Object, recent_classifications: Array(0)} @ webpack-internal:///(app-pages-browser)/./lib/store/monitor-store.ts:63
[   87212ms] [LOG] [MonitorStore] Received message: stats_update {intent_stats: Object, memory_stats: Object, context_stats: Object} @ webpack-internal:///(app-pages-browser)/./lib/store/monitor-store.ts:30
[   87213ms] [LOG] [MonitorStore] intent_stats: {strategy_counts: Object, confidence_distribution: Object, avg_latency_ms: Object, recent_classifications: Array(0)} @ webpack-internal:///(app-pages-browser)/./lib/store/monitor-store.ts:31
[   87213ms] [LOG] [MonitorStore] memory_stats: {hierarchy: Object, promotions: Array(0), memories: Array(0)} @ webpack-internal:///(app-pages-browser)/./lib/store/monitor-store.ts:32
[   87213ms] [LOG] [MonitorStore] context_stats: {current_tokens: 0, threshold: 0.75, compressions_triggered: 0, token_history: Array(0), last_compression: null} @ webpack-internal:///(app-pages-browser)/./lib/store/monitor-store.ts:33
[   87213ms] [LOG] [MonitorStore] Updating stats: {intent_stats: Object, memory_stats: Object, context_stats: Object} @ webpack-internal:///(app-pages-browser)/./lib/store/monitor-store.ts:57
[   87213ms] [LOG] [MonitorStore] State updated, intentStats: {strategy_counts: Object, confidence_distribution: Object, avg_latency_ms: Object, recent_classifications: Array(0)} @ webpack-internal:///(app-pages-browser)/./lib/store/monitor-store.ts:63
[   87232ms] [LOG] [MonitorStore] Received message: stats_update {intent_stats: Object, memory_stats: Object, context_stats: Object} @ webpack-internal:///(app-pages-browser)/./lib/store/monitor-store.ts:30
[   87232ms] [LOG] [MonitorStore] intent_stats: {strategy_counts: Object, confidence_distribution: Object, avg_latency_ms: Object, recent_classifications: Array(0)} @ webpack-internal:///(app-pages-browser)/./lib/store/monitor-store.ts:31
[   87232ms] [LOG] [MonitorStore] memory_stats: {hierarchy: Object, promotions: Array(0), memories: Array(0)} @ webpack-internal:///(app-pages-browser)/./lib/store/monitor-store.ts:32
[   87232ms] [LOG] [MonitorStore] context_stats: {current_tokens: 0, threshold: 0.75, compressions_triggered: 0, token_history: Array(0), last_compression: null} @ webpack-internal:///(app-pages-browser)/./lib/store/monitor-store.ts:33
[   87232ms] [LOG] [MonitorStore] Updating stats: {intent_stats: Object, memory_stats: Object, context_stats: Object} @ webpack-internal:///(app-pages-browser)/./lib/store/monitor-store.ts:57
[   87232ms] [LOG] [MonitorStore] State updated, intentStats: {strategy_counts: Object, confidence_distribution: Object, avg_latency_ms: Object, recent_classifications: Array(0)} @ webpack-internal:///(app-pages-browser)/./lib/store/monitor-store.ts:63
[   88216ms] [LOG] [MonitorStore] Received message: stats_update {intent_stats: Object, memory_stats: Object, context_stats: Object} @ webpack-internal:///(app-pages-browser)/./lib/store/monitor-store.ts:30
[   88216ms] [LOG] [MonitorStore] intent_stats: {strategy_counts: Object, confidence_distribution: Object, avg_latency_ms: Object, recent_classifications: Array(0)} @ webpack-internal:///(app-pages-browser)/./lib/store/monitor-store.ts:31
[   88216ms] [LOG] [MonitorStore] memory_stats: {hierarchy: Object, promotions: Array(0), memories: Array(0)} @ webpack-internal:///(app-pages-browser)/./lib/store/monitor-store.ts:32
[   88216ms] [LOG] [MonitorStore] context_stats: {current_tokens: 0, threshold: 0.75, compressions_triggered: 0, token_history: Array(0), last_compression: null} @ webpack-internal:///(app-pages-browser)/./lib/store/monitor-store.ts:33
[   88216ms] [LOG] [MonitorStore] Updating stats: {intent_stats: Object, memory_stats: Object, context_stats: Object} @ webpack-internal:///(app-pages-browser)/./lib/store/monitor-store.ts:57
[   88216ms] [LOG] [MonitorStore] State updated, intentStats: {strategy_counts: Object, confidence_distribution: Object, avg_latency_ms: Object, recent_classifications: Array(0)} @ webpack-internal:///(app-pages-browser)/./lib/store/monitor-store.ts:63
[   88240ms] [LOG] [MonitorStore] Received message: stats_update {intent_stats: Object, memory_stats: Object, context_stats: Object} @ webpack-internal:///(app-pages-browser)/./lib/store/monitor-store.ts:30
[   88240ms] [LOG] [MonitorStore] intent_stats: {strategy_counts: Object, confidence_distribution: Object, avg_latency_ms: Object, recent_classifications: Array(0)} @ webpack-internal:///(app-pages-browser)/./lib/store/monitor-store.ts:31
[   88240ms] [LOG] [MonitorStore] memory_stats: {hierarchy: Object, promotions: Array(0), memories: Array(0)} @ webpack-internal:///(app-pages-browser)/./lib/store/monitor-store.ts:32
[   88240ms] [LOG] [MonitorStore] context_stats: {current_tokens: 0, threshold: 0.75, compressions_triggered: 0, token_history: Array(0), last_compression: null} @ webpack-internal:///(app-pages-browser)/./lib/store/monitor-store.ts:33
[   88240ms] [LOG] [MonitorStore] Updating stats: {intent_stats: Object, memory_stats: Object, context_stats: Object} @ webpack-internal:///(app-pages-browser)/./lib/store/monitor-store.ts:57
[   88240ms] [LOG] [MonitorStore] State updated, intentStats: {strategy_counts: Object, confidence_distribution: Object, avg_latency_ms: Object, recent_classifications: Array(0)} @ webpack-internal:///(app-pages-browser)/./lib/store/monitor-store.ts:63
[   89219ms] [LOG] [MonitorStore] Received message: stats_update {intent_stats: Object, memory_stats: Object, context_stats: Object} @ webpack-internal:///(app-pages-browser)/./lib/store/monitor-store.ts:30
[   89220ms] [LOG] [MonitorStore] intent_stats: {strategy_counts: Object, confidence_distribution: Object, avg_latency_ms: Object, recent_classifications: Array(0)} @ webpack-internal:///(app-pages-browser)/./lib/store/monitor-store.ts:31
[   89220ms] [LOG] [MonitorStore] memory_stats: {hierarchy: Object, promotions: Array(0), memories: Array(0)} @ webpack-internal:///(app-pages-browser)/./lib/store/monitor-store.ts:32
[   89220ms] [LOG] [MonitorStore] context_stats: {current_tokens: 0, threshold: 0.75, compressions_triggered: 0, token_history: Array(0), last_compression: null} @ webpack-internal:///(app-pages-browser)/./lib/store/monitor-store.ts:33
[   89220ms] [LOG] [MonitorStore] Updating stats: {intent_stats: Object, memory_stats: Object, context_stats: Object} @ webpack-internal:///(app-pages-browser)/./lib/store/monitor-store.ts:57
[   89220ms] [LOG] [MonitorStore] State updated, intentStats: {strategy_counts: Object, confidence_distribution: Object, avg_latency_ms: Object, recent_classifications: Array(0)} @ webpack-internal:///(app-pages-browser)/./lib/store/monitor-store.ts:63
[   89248ms] [LOG] [MonitorStore] Received message: stats_update {intent_stats: Object, memory_stats: Object, context_stats: Object} @ webpack-internal:///(app-pages-browser)/./lib/store/monitor-store.ts:30
[   89248ms] [LOG] [MonitorStore] intent_stats: {strategy_counts: Object, confidence_distribution: Object, avg_latency_ms: Object, recent_classifications: Array(0)} @ webpack-internal:///(app-pages-browser)/./lib/store/monitor-store.ts:31
[   89248ms] [LOG] [MonitorStore] memory_stats: {hierarchy: Object, promotions: Array(0), memories: Array(0)} @ webpack-internal:///(app-pages-browser)/./lib/store/monitor-store.ts:32
[   89248ms] [LOG] [MonitorStore] context_stats: {current_tokens: 0, threshold: 0.75, compressions_triggered: 0, token_history: Array(0), last_compression: null} @ webpack-internal:///(app-pages-browser)/./lib/store/monitor-store.ts:33
[   89248ms] [LOG] [MonitorStore] Updating stats: {intent_stats: Object, memory_stats: Object, context_stats: Object} @ webpack-internal:///(app-pages-browser)/./lib/store/monitor-store.ts:57
[   89248ms] [LOG] [MonitorStore] State updated, intentStats: {strategy_counts: Object, confidence_distribution: Object, avg_latency_ms: Object, recent_classifications: Array(0)} @ webpack-internal:///(app-pages-browser)/./lib/store/monitor-store.ts:63
[   90223ms] [LOG] [MonitorStore] Received message: stats_update {intent_stats: Object, memory_stats: Object, context_stats: Object} @ webpack-internal:///(app-pages-browser)/./lib/store/monitor-store.ts:30
[   90223ms] [LOG] [MonitorStore] intent_stats: {strategy_counts: Object, confidence_distribution: Object, avg_latency_ms: Object, recent_classifications: Array(0)} @ webpack-internal:///(app-pages-browser)/./lib/store/monitor-store.ts:31
[   90223ms] [LOG] [MonitorStore] memory_stats: {hierarchy: Object, promotions: Array(0), memories: Array(0)} @ webpack-internal:///(app-pages-browser)/./lib/store/monitor-store.ts:32
[   90224ms] [LOG] [MonitorStore] context_stats: {current_tokens: 0, threshold: 0.75, compressions_triggered: 0, token_history: Array(0), last_compression: null} @ webpack-internal:///(app-pages-browser)/./lib/store/monitor-store.ts:33
[   90224ms] [LOG] [MonitorStore] Updating stats: {intent_stats: Object, memory_stats: Object, context_stats: Object} @ webpack-internal:///(app-pages-browser)/./lib/store/monitor-store.ts:57
[   90224ms] [LOG] [MonitorStore] State updated, intentStats: {strategy_counts: Object, confidence_distribution: Object, avg_latency_ms: Object, recent_classifications: Array(0)} @ webpack-internal:///(app-pages-browser)/./lib/store/monitor-store.ts:63
[   90249ms] [LOG] [MonitorStore] Received message: stats_update {intent_stats: Object, memory_stats: Object, context_stats: Object} @ webpack-internal:///(app-pages-browser)/./lib/store/monitor-store.ts:30
[   90250ms] [LOG] [MonitorStore] intent_stats: {strategy_counts: Object, confidence_distribution: Object, avg_latency_ms: Object, recent_classifications: Array(0)} @ webpack-internal:///(app-pages-browser)/./lib/store/monitor-store.ts:31
[   90250ms] [LOG] [MonitorStore] memory_stats: {hierarchy: Object, promotions: Array(0), memories: Array(0)} @ webpack-internal:///(app-pages-browser)/./lib/store/monitor-store.ts:32
[   90250ms] [LOG] [MonitorStore] context_stats: {current_tokens: 0, threshold: 0.75, compressions_triggered: 0, token_history: Array(0), last_compression: null} @ webpack-internal:///(app-pages-browser)/./lib/store/monitor-store.ts:33
[   90250ms] [LOG] [MonitorStore] Updating stats: {intent_stats: Object, memory_stats: Object, context_stats: Object} @ webpack-internal:///(app-pages-browser)/./lib/store/monitor-store.ts:57
[   90250ms] [LOG] [MonitorStore] State updated, intentStats: {strategy_counts: Object, confidence_distribution: Object, avg_latency_ms: Object, recent_classifications: Array(0)} @ webpack-internal:///(app-pages-browser)/./lib/store/monitor-store.ts:63
[   90974ms] [INFO] %cDownload the React DevTools for a better development experience: https://react.dev/link/react-devtools font-weight:bold @ webpack-internal:///(app-pages-browser)/./node_modules/next/dist/compiled/react-dom/cjs/react-dom-client.development.js:25630
[   91349ms] [LOG] [Auth] Synced user ID to userManager on init: f62f4ec5-1874-4821-97e9-b2c70b35805d @ webpack-internal:///(app-pages-browser)/./lib/store/auth-store.ts:59
[   91357ms] [WARNING] WebSocket connection to 'ws://localhost:8000/ws/monitor?token=eyJhbGciOiJIUzI1NiIsInR5cCI6IkpXVCJ9.eyJzdWIiOiJmNjJmNGVjNS0xODc0LTQ4MjEtOTdlOS1iMmM3MGIzNTgwNWQiLCJ0eXBlIjoiYWNjZXNzIiwiZXhwIjoxNzc2MzM4NDA3LCJpYXQiOjE3NzYzMzY2MDd9.MxxJy8_FQJ3qSXD_pga-RKkavBukXO6bc43GJWZpQW0' failed: WebSocket is closed before the connection is established. @ webpack-internal:///(app-pages-browser)/./lib/monitor-socket.ts:48
[   91362ms] [LOG] [MonitorSocket] Disconnected @ webpack-internal:///(app-pages-browser)/./lib/monitor-socket.ts:27
[   91362ms] [LOG] [MonitorSocket] Reconnecting in 1000ms... @ webpack-internal:///(app-pages-browser)/./lib/monitor-socket.ts:33
[   91675ms] [LOG] [MonitorSocket] Connected @ webpack-internal:///(app-pages-browser)/./lib/monitor-socket.ts:11
[   91678ms] [LOG] [MonitorStore] Received message: stats_update {intent_stats: Object, memory_stats: Object, context_stats: Object} @ webpack-internal:///(app-pages-browser)/./lib/store/monitor-store.ts:30
[   91678ms] [LOG] [MonitorStore] intent_stats: {strategy_counts: Object, confidence_distribution: Object, avg_latency_ms: Object, recent_classifications: Array(0)} @ webpack-internal:///(app-pages-browser)/./lib/store/monitor-store.ts:31
[   91679ms] [LOG] [MonitorStore] memory_stats: {hierarchy: Object, promotions: Array(0), memories: Array(0)} @ webpack-internal:///(app-pages-browser)/./lib/store/monitor-store.ts:32
[   91679ms] [LOG] [MonitorStore] context_stats: {current_tokens: 0, threshold: 0.75, compressions_triggered: 0, token_history: Array(0), last_compression: null} @ webpack-internal:///(app-pages-browser)/./lib/store/monitor-store.ts:33
[   91679ms] [LOG] [MonitorStore] Updating stats: {intent_stats: Object, memory_stats: Object, context_stats: Object} @ webpack-internal:///(app-pages-browser)/./lib/store/monitor-store.ts:57
[   91679ms] [LOG] [MonitorStore] State updated, intentStats: {strategy_counts: Object, confidence_distribution: Object, avg_latency_ms: Object, recent_classifications: Array(0)} @ webpack-internal:///(app-pages-browser)/./lib/store/monitor-store.ts:63
[   91681ms] [WARNING] The width(-1) and height(-1) of chart should be greater than 0,
       please check the style of container, or the props width(100%) and height(100%),
       or add a minWidth(0) or minHeight(undefined) or use aspect(undefined) to control the
       height and width. @ webpack-internal:///(app-pages-browser)/./node_modules/recharts/es6/util/LogUtils.js:18
[   91682ms] [WARNING] The width(-1) and height(-1) of chart should be greater than 0,
       please check the style of container, or the props width(100%) and height(100%),
       or add a minWidth(0) or minHeight(undefined) or use aspect(undefined) to control the
       height and width. @ webpack-internal:///(app-pages-browser)/./node_modules/recharts/es6/util/LogUtils.js:18
[   91685ms] [WARNING] The width(-1) and height(-1) of chart should be greater than 0,
       please check the style of container, or the props width(100%) and height(100%),
       or add a minWidth(0) or minHeight(undefined) or use aspect(undefined) to control the
       height and width. @ webpack-internal:///(app-pages-browser)/./node_modules/recharts/es6/util/LogUtils.js:18
[   91685ms] [WARNING] The width(-1) and height(-1) of chart should be greater than 0,
       please check the style of container, or the props width(100%) and height(100%),
       or add a minWidth(0) or minHeight(undefined) or use aspect(undefined) to control the
       height and width. @ webpack-internal:///(app-pages-browser)/./node_modules/recharts/es6/util/LogUtils.js:18
[   92677ms] [LOG] [MonitorSocket] Connected @ webpack-internal:///(app-pages-browser)/./lib/monitor-socket.ts:11
[   92706ms] [LOG] [MonitorStore] Received message: stats_update {intent_stats: Object, memory_stats: Object, context_stats: Object} @ webpack-internal:///(app-pages-browser)/./lib/store/monitor-store.ts:30
[   92706ms] [LOG] [MonitorStore] intent_stats: {strategy_counts: Object, confidence_distribution: Object, avg_latency_ms: Object, recent_classifications: Array(0)} @ webpack-internal:///(app-pages-browser)/./lib/store/monitor-store.ts:31
[   92706ms] [LOG] [MonitorStore] memory_stats: {hierarchy: Object, promotions: Array(0), memories: Array(0)} @ webpack-internal:///(app-pages-browser)/./lib/store/monitor-store.ts:32
[   92706ms] [LOG] [MonitorStore] context_stats: {current_tokens: 0, threshold: 0.75, compressions_triggered: 0, token_history: Array(0), last_compression: null} @ webpack-internal:///(app-pages-browser)/./lib/store/monitor-store.ts:33
[   92706ms] [LOG] [MonitorStore] Updating stats: {intent_stats: Object, memory_stats: Object, context_stats: Object} @ webpack-internal:///(app-pages-browser)/./lib/store/monitor-store.ts:57
[   92706ms] [LOG] [MonitorStore] State updated, intentStats: {strategy_counts: Object, confidence_distribution: Object, avg_latency_ms: Object, recent_classifications: Array(0)} @ webpack-internal:///(app-pages-browser)/./lib/store/monitor-store.ts:63
[   92726ms] [LOG] [MonitorStore] Received message: stats_update {intent_stats: Object, memory_stats: Object, context_stats: Object} @ webpack-internal:///(app-pages-browser)/./lib/store/monitor-store.ts:30
[   92726ms] [LOG] [MonitorStore] intent_stats: {strategy_counts: Object, confidence_distribution: Object, avg_latency_ms: Object, recent_classifications: Array(0)} @ webpack-internal:///(app-pages-browser)/./lib/store/monitor-store.ts:31
[   92726ms] [LOG] [MonitorStore] memory_stats: {hierarchy: Object, promotions: Array(0), memories: Array(0)} @ webpack-internal:///(app-pages-browser)/./lib/store/monitor-store.ts:32
[   92726ms] [LOG] [MonitorStore] context_stats: {current_tokens: 0, threshold: 0.75, compressions_triggered: 0, token_history: Array(0), last_compression: null} @ webpack-internal:///(app-pages-browser)/./lib/store/monitor-store.ts:33
[   92726ms] [LOG] [MonitorStore] Updating stats: {intent_stats: Object, memory_stats: Object, context_stats: Object} @ webpack-internal:///(app-pages-browser)/./lib/store/monitor-store.ts:57
[   92726ms] [LOG] [MonitorStore] State updated, intentStats: {strategy_counts: Object, confidence_distribution: Object, avg_latency_ms: Object, recent_classifications: Array(0)} @ webpack-internal:///(app-pages-browser)/./lib/store/monitor-store.ts:63
[   93689ms] [LOG] [MonitorStore] Received message: stats_update {intent_stats: Object, memory_stats: Object, context_stats: Object} @ webpack-internal:///(app-pages-browser)/./lib/store/monitor-store.ts:30
[   93689ms] [LOG] [MonitorStore] intent_stats: {strategy_counts: Object, confidence_distribution: Object, avg_latency_ms: Object, recent_classifications: Array(0)} @ webpack-internal:///(app-pages-browser)/./lib/store/monitor-store.ts:31
[   93689ms] [LOG] [MonitorStore] memory_stats: {hierarchy: Object, promotions: Array(0), memories: Array(0)} @ webpack-internal:///(app-pages-browser)/./lib/store/monitor-store.ts:32
[   93689ms] [LOG] [MonitorStore] context_stats: {current_tokens: 0, threshold: 0.75, compressions_triggered: 0, token_history: Array(0), last_compression: null} @ webpack-internal:///(app-pages-browser)/./lib/store/monitor-store.ts:33
[   93689ms] [LOG] [MonitorStore] Updating stats: {intent_stats: Object, memory_stats: Object, context_stats: Object} @ webpack-internal:///(app-pages-browser)/./lib/store/monitor-store.ts:57
[   93689ms] [LOG] [MonitorStore] State updated, intentStats: {strategy_counts: Object, confidence_distribution: Object, avg_latency_ms: Object, recent_classifications: Array(0)} @ webpack-internal:///(app-pages-browser)/./lib/store/monitor-store.ts:63
[   93711ms] [LOG] [MonitorStore] Received message: stats_update {intent_stats: Object, memory_stats: Object, context_stats: Object} @ webpack-internal:///(app-pages-browser)/./lib/store/monitor-store.ts:30
[   93711ms] [LOG] [MonitorStore] intent_stats: {strategy_counts: Object, confidence_distribution: Object, avg_latency_ms: Object, recent_classifications: Array(0)} @ webpack-internal:///(app-pages-browser)/./lib/store/monitor-store.ts:31
[   93711ms] [LOG] [MonitorStore] memory_stats: {hierarchy: Object, promotions: Array(0), memories: Array(0)} @ webpack-internal:///(app-pages-browser)/./lib/store/monitor-store.ts:32
[   93711ms] [LOG] [MonitorStore] context_stats: {current_tokens: 0, threshold: 0.75, compressions_triggered: 0, token_history: Array(0), last_compression: null} @ webpack-internal:///(app-pages-browser)/./lib/store/monitor-store.ts:33
[   93711ms] [LOG] [MonitorStore] Updating stats: {intent_stats: Object, memory_stats: Object, context_stats: Object} @ webpack-internal:///(app-pages-browser)/./lib/store/monitor-store.ts:57
[   93711ms] [LOG] [MonitorStore] State updated, intentStats: {strategy_counts: Object, confidence_distribution: Object, avg_latency_ms: Object, recent_classifications: Array(0)} @ webpack-internal:///(app-pages-browser)/./lib/store/monitor-store.ts:63
[   94699ms] [LOG] [MonitorStore] Received message: stats_update {intent_stats: Object, memory_stats: Object, context_stats: Object} @ webpack-internal:///(app-pages-browser)/./lib/store/monitor-store.ts:30
[   94700ms] [LOG] [MonitorStore] intent_stats: {strategy_counts: Object, confidence_distribution: Object, avg_latency_ms: Object, recent_classifications: Array(0)} @ webpack-internal:///(app-pages-browser)/./lib/store/monitor-store.ts:31
[   94700ms] [LOG] [MonitorStore] memory_stats: {hierarchy: Object, promotions: Array(0), memories: Array(0)} @ webpack-internal:///(app-pages-browser)/./lib/store/monitor-store.ts:32
[   94700ms] [LOG] [MonitorStore] context_stats: {current_tokens: 0, threshold: 0.75, compressions_triggered: 0, token_history: Array(0), last_compression: null} @ webpack-internal:///(app-pages-browser)/./lib/store/monitor-store.ts:33
[   94700ms] [LOG] [MonitorStore] Updating stats: {intent_stats: Object, memory_stats: Object, context_stats: Object} @ webpack-internal:///(app-pages-browser)/./lib/store/monitor-store.ts:57
[   94700ms] [LOG] [MonitorStore] State updated, intentStats: {strategy_counts: Object, confidence_distribution: Object, avg_latency_ms: Object, recent_classifications: Array(0)} @ webpack-internal:///(app-pages-browser)/./lib/store/monitor-store.ts:63
[   94718ms] [LOG] [MonitorStore] Received message: stats_update {intent_stats: Object, memory_stats: Object, context_stats: Object} @ webpack-internal:///(app-pages-browser)/./lib/store/monitor-store.ts:30
[   94718ms] [LOG] [MonitorStore] intent_stats: {strategy_counts: Object, confidence_distribution: Object, avg_latency_ms: Object, recent_classifications: Array(0)} @ webpack-internal:///(app-pages-browser)/./lib/store/monitor-store.ts:31
[   94718ms] [LOG] [MonitorStore] memory_stats: {hierarchy: Object, promotions: Array(0), memories: Array(0)} @ webpack-internal:///(app-pages-browser)/./lib/store/monitor-store.ts:32
[   94718ms] [LOG] [MonitorStore] context_stats: {current_tokens: 0, threshold: 0.75, compressions_triggered: 0, token_history: Array(0), last_compression: null} @ webpack-internal:///(app-pages-browser)/./lib/store/monitor-store.ts:33
[   94718ms] [LOG] [MonitorStore] Updating stats: {intent_stats: Object, memory_stats: Object, context_stats: Object} @ webpack-internal:///(app-pages-browser)/./lib/store/monitor-store.ts:57
[   94718ms] [LOG] [MonitorStore] State updated, intentStats: {strategy_counts: Object, confidence_distribution: Object, avg_latency_ms: Object, recent_classifications: Array(0)} @ webpack-internal:///(app-pages-browser)/./lib/store/monitor-store.ts:63
[   95709ms] [LOG] [MonitorStore] Received message: stats_update {intent_stats: Object, memory_stats: Object, context_stats: Object} @ webpack-internal:///(app-pages-browser)/./lib/store/monitor-store.ts:30
[   95709ms] [LOG] [MonitorStore] intent_stats: {strategy_counts: Object, confidence_distribution: Object, avg_latency_ms: Object, recent_classifications: Array(0)} @ webpack-internal:///(app-pages-browser)/./lib/store/monitor-store.ts:31
[   95709ms] [LOG] [MonitorStore] memory_stats: {hierarchy: Object, promotions: Array(0), memories: Array(0)} @ webpack-internal:///(app-pages-browser)/./lib/store/monitor-store.ts:32
[   95709ms] [LOG] [MonitorStore] context_stats: {current_tokens: 0, threshold: 0.75, compressions_triggered: 0, token_history: Array(0), last_compression: null} @ webpack-internal:///(app-pages-browser)/./lib/store/monitor-store.ts:33
[   95709ms] [LOG] [MonitorStore] Updating stats: {intent_stats: Object, memory_stats: Object, context_stats: Object} @ webpack-internal:///(app-pages-browser)/./lib/store/monitor-store.ts:57
[   95709ms] [LOG] [MonitorStore] State updated, intentStats: {strategy_counts: Object, confidence_distribution: Object, avg_latency_ms: Object, recent_classifications: Array(0)} @ webpack-internal:///(app-pages-browser)/./lib/store/monitor-store.ts:63
[   95729ms] [LOG] [MonitorStore] Received message: stats_update {intent_stats: Object, memory_stats: Object, context_stats: Object} @ webpack-internal:///(app-pages-browser)/./lib/store/monitor-store.ts:30
[   95729ms] [LOG] [MonitorStore] intent_stats: {strategy_counts: Object, confidence_distribution: Object, avg_latency_ms: Object, recent_classifications: Array(0)} @ webpack-internal:///(app-pages-browser)/./lib/store/monitor-store.ts:31
[   95729ms] [LOG] [MonitorStore] memory_stats: {hierarchy: Object, promotions: Array(0), memories: Array(0)} @ webpack-internal:///(app-pages-browser)/./lib/store/monitor-store.ts:32
[   95729ms] [LOG] [MonitorStore] context_stats: {current_tokens: 0, threshold: 0.75, compressions_triggered: 0, token_history: Array(0), last_compression: null} @ webpack-internal:///(app-pages-browser)/./lib/store/monitor-store.ts:33
[   95729ms] [LOG] [MonitorStore] Updating stats: {intent_stats: Object, memory_stats: Object, context_stats: Object} @ webpack-internal:///(app-pages-browser)/./lib/store/monitor-store.ts:57
[   95729ms] [LOG] [MonitorStore] State updated, intentStats: {strategy_counts: Object, confidence_distribution: Object, avg_latency_ms: Object, recent_classifications: Array(0)} @ webpack-internal:///(app-pages-browser)/./lib/store/monitor-store.ts:63
[   96450ms] [INFO] %cDownload the React DevTools for a better development experience: https://react.dev/link/react-devtools font-weight:bold @ webpack-internal:///(app-pages-browser)/./node_modules/next/dist/compiled/react-dom/cjs/react-dom-client.development.js:25630
[   96555ms] [LOG] [Auth] Synced user ID to userManager on init: f62f4ec5-1874-4821-97e9-b2c70b35805d @ webpack-internal:///(app-pages-browser)/./lib/store/auth-store.ts:59
[   96576ms] [WARNING] WebSocket connection to 'ws://localhost:8000/ws/chat' failed: WebSocket is closed before the connection is established. @ webpack-internal:///(app-pages-browser)/./lib/chat-transport.ts:56
[   96587ms] [ERROR] [ChatTransport] WebSocket error: Event @ webpack-internal:///(app-pages-browser)/./node_modules/next/dist/next-devtools/userspace/app/errors/intercept-console-error.js:56
[   96587ms] [ERROR] Event @ webpack-internal:///(app-pages-browser)/./node_modules/next/dist/next-devtools/userspace/app/errors/intercept-console-error.js:56
[   96587ms] [LOG] [ChatTransport] WebSocket disconnected 1006  @ webpack-internal:///(app-pages-browser)/./lib/chat-transport.ts:36
[   96588ms] [LOG] [ChatTransport] Reconnecting... (1/5) @ webpack-internal:///(app-pages-browser)/./lib/chat-transport.ts:41
[   96609ms] [LOG] [Chat] User initialized: f62f4ec5-1874-4821-97e9-b2c70b35805d @ webpack-internal:///(app-pages-browser)/./app/chat/page.tsx:51
[   96618ms] [LOG] [Chat] User ID set to transport: f62f4ec5-1874-4821-97e9-b2c70b35805d @ webpack-internal:///(app-pages-browser)/./app/chat/page.tsx:94
[   96626ms] [LOG] [Chat] User initialized: f62f4ec5-1874-4821-97e9-b2c70b35805d @ webpack-internal:///(app-pages-browser)/./app/chat/page.tsx:51
[   96893ms] [LOG] [ChatTransport] WebSocket connected @ webpack-internal:///(app-pages-browser)/./lib/chat-transport.ts:25
[   97661ms] [LOG] [ChatPage] handleConversationSelect called: {conversationId: 7878182b-3e4d-46aa-b557-5161a2d294ac, currentConversationId: null, isLoading: false} @ webpack-internal:///(app-pages-browser)/./app/chat/page.tsx:364
[   97662ms] [LOG] [ChatPage] Loading messages for conversation: 7878182b-3e4d-46aa-b557-5161a2d294ac @ webpack-internal:///(app-pages-browser)/./app/chat/page.tsx:404
[   97674ms] [LOG] [ChatPage] Messages loaded: 2 @ webpack-internal:///(app-pages-browser)/./app/chat/page.tsx:408
[   97907ms] [LOG] [ChatTransport] WebSocket connected @ webpack-internal:///(app-pages-browser)/./lib/chat-transport.ts:25
[   98531ms] [LOG] [ChatPage] handleConversationSelect called: {conversationId: 1d71be56-4bd0-43a3-b45d-19f5f6eb8b4f, currentConversationId: 7878182b-3e4d-46aa-b557-5161a2d294ac, isLoading: false} @ webpack-internal:///(app-pages-browser)/./app/chat/page.tsx:364
[   98531ms] [LOG] [ChatPage] Loading messages for conversation: 1d71be56-4bd0-43a3-b45d-19f5f6eb8b4f @ webpack-internal:///(app-pages-browser)/./app/chat/page.tsx:404
[   98546ms] [LOG] [ChatPage] Messages loaded: 4 @ webpack-internal:///(app-pages-browser)/./app/chat/page.tsx:408
[  104513ms] [LOG] [ChatPage] handleConversationSelect called: {conversationId: 7878182b-3e4d-46aa-b557-5161a2d294ac, currentConversationId: 1d71be56-4bd0-43a3-b45d-19f5f6eb8b4f, isLoading: false} @ webpack-internal:///(app-pages-browser)/./app/chat/page.tsx:364
[  104514ms] [LOG] [ChatPage] Loading messages for conversation: 7878182b-3e4d-46aa-b557-5161a2d294ac @ webpack-internal:///(app-pages-browser)/./app/chat/page.tsx:404
[  104829ms] [LOG] [ChatPage] Messages loaded: 2 @ webpack-internal:///(app-pages-browser)/./app/chat/page.tsx:408
[  106033ms] [LOG] [ChatPage] handleConversationSelect called: {conversationId: 1d71be56-4bd0-43a3-b45d-19f5f6eb8b4f, currentConversationId: 7878182b-3e4d-46aa-b557-5161a2d294ac, isLoading: false} @ webpack-internal:///(app-pages-browser)/./app/chat/page.tsx:364
[  106034ms] [LOG] [ChatPage] Loading messages for conversation: 1d71be56-4bd0-43a3-b45d-19f5f6eb8b4f @ webpack-internal:///(app-pages-browser)/./app/chat/page.tsx:404
[  106049ms] [LOG] [ChatPage] Messages loaded: 4 @ webpack-internal:///(app-pages-browser)/./app/chat/page.tsx:408
[  637319ms] [LOG] [ChatTransport] sendMessage called, content: 查询北京最近三天的天气 @ webpack-internal:///(app-pages-browser)/./lib/chat-transport.ts:81
[  637319ms] [LOG] [ChatTransport] isConnected: true ws.readyState: 1 @ webpack-internal:///(app-pages-browser)/./lib/chat-transport.ts:82
[  637319ms] [LOG] [ChatTransport] has_image: false @ webpack-internal:///(app-pages-browser)/./lib/chat-transport.ts:83
[  637319ms] [LOG] [ChatTransport] Sending WebSocket message: msg_1776337289253_dwkabaz 查询北京最近三天的天气 @ webpack-internal:///(app-pages-browser)/./lib/chat-transport.ts:100
[  637319ms] [LOG] [ChatTransport] send() called, isConnected: true readyState: 1 @ webpack-internal:///(app-pages-browser)/./lib/chat-transport.ts:69
[  637320ms] [LOG] [ChatTransport] Sending WebSocket data: {"type":"message","session_id":"session_1776336748511_8flmq2m","conversation_id":"1d71be56-4bd0-43a3-b45d-19f5f6eb8b4f","user_id":"f62f4ec5-1874-4821-97e9-b2c70b35805d","content":"查询北京最近三天的天气","has_image":false} @ webpack-internal:///(app-pages-browser)/./lib/chat-transport.ts:71
[  645379ms] [LOG] [ChatTransport] Received WebSocket response: {"type":"delta","content":"根据","error":null,"message_id":"23da9afb-8f2d-4df7-9219-da76f0405e7c","conversation_id":null,"itinerary":null} @ webpack-internal:///(app-pages-browser)/./lib/chat-transport.ts:103
[  646486ms] [LOG] [ChatTransport] Received WebSocket response: {"type":"delta","content":"天气","error":null,"message_id":"23da9afb-8f2d-4df7-9219-da76f0405e7c","conversation_id":null,"itinerary":null} @ webpack-internal:///(app-pages-browser)/./lib/chat-transport.ts:103
[  646504ms] [LOG] [ChatTransport] Received WebSocket response: {"type":"delta","content":"信息","error":null,"message_id":"23da9afb-8f2d-4df7-9219-da76f0405e7c","conversation_id":null,"itinerary":null} @ webpack-internal:///(app-pages-browser)/./lib/chat-transport.ts:103
[  646524ms] [LOG] [ChatTransport] Received WebSocket response: {"type":"delta","content":"，","error":null,"message_id":"23da9afb-8f2d-4df7-9219-da76f0405e7c","conversation_id":null,"itinerary":null} @ webpack-internal:///(app-pages-browser)/./lib/chat-transport.ts:103
[  646524ms] [LOG] [ChatTransport] Received WebSocket response: {"type":"delta","content":"您","error":null,"message_id":"23da9afb-8f2d-4df7-9219-da76f0405e7c","conversation_id":null,"itinerary":null} @ webpack-internal:///(app-pages-browser)/./lib/chat-transport.ts:103
[  646556ms] [LOG] [ChatTransport] Received WebSocket response: {"type":"delta","content":"在北京","error":null,"message_id":"23da9afb-8f2d-4df7-9219-da76f0405e7c","conversation_id":null,"itinerary":null} @ webpack-internal:///(app-pages-browser)/./lib/chat-transport.ts:103
[  646640ms] [LOG] [ChatTransport] Received WebSocket response: {"type":"delta","content":"的","error":null,"message_id":"23da9afb-8f2d-4df7-9219-da76f0405e7c","conversation_id":null,"itinerary":null} @ webpack-internal:///(app-pages-browser)/./lib/chat-transport.ts:103
[  646718ms] [LOG] [ChatTransport] Received WebSocket response: {"type":"delta","content":"3","error":null,"message_id":"23da9afb-8f2d-4df7-9219-da76f0405e7c","conversation_id":null,"itinerary":null} @ webpack-internal:///(app-pages-browser)/./lib/chat-transport.ts:103
[  646740ms] [LOG] [ChatTransport] Received WebSocket response: {"type":"delta","content":"天","error":null,"message_id":"23da9afb-8f2d-4df7-9219-da76f0405e7c","conversation_id":null,"itinerary":null} @ webpack-internal:///(app-pages-browser)/./lib/chat-transport.ts:103
[  646793ms] [LOG] [ChatTransport] Received WebSocket response: {"type":"delta","content":"行程","error":null,"message_id":"23da9afb-8f2d-4df7-9219-da76f0405e7c","conversation_id":null,"itinerary":null} @ webpack-internal:///(app-pages-browser)/./lib/chat-transport.ts:103
[  646815ms] [LOG] [ChatTransport] Received WebSocket response: {"type":"delta","content":"中","error":null,"message_id":"23da9afb-8f2d-4df7-9219-da76f0405e7c","conversation_id":null,"itinerary":null} @ webpack-internal:///(app-pages-browser)/./lib/chat-transport.ts:103
[  646878ms] [LOG] [ChatTransport] Received WebSocket response: {"type":"delta","content":"：\n","error":null,"message_id":"23da9afb-8f2d-4df7-9219-da76f0405e7c","conversation_id":null,"itinerary":null} @ webpack-internal:///(app-pages-browser)/./lib/chat-transport.ts:103
[  646898ms] [LOG] [ChatTransport] Received WebSocket response: {"type":"delta","content":"-","error":null,"message_id":"23da9afb-8f2d-4df7-9219-da76f0405e7c","conversation_id":null,"itinerary":null} @ webpack-internal:///(app-pages-browser)/./lib/chat-transport.ts:103
[  646958ms] [LOG] [ChatTransport] Received WebSocket response: {"type":"delta","content":" **","error":null,"message_id":"23da9afb-8f2d-4df7-9219-da76f0405e7c","conversation_id":null,"itinerary":null} @ webpack-internal:///(app-pages-browser)/./lib/chat-transport.ts:103
[  647043ms] [LOG] [ChatTransport] Received WebSocket response: {"type":"delta","content":"第一天","error":null,"message_id":"23da9afb-8f2d-4df7-9219-da76f0405e7c","conversation_id":null,"itinerary":null} @ webpack-internal:///(app-pages-browser)/./lib/chat-transport.ts:103
[  647062ms] [LOG] [ChatTransport] Received WebSocket response: {"type":"delta","content":"（","error":null,"message_id":"23da9afb-8f2d-4df7-9219-da76f0405e7c","conversation_id":null,"itinerary":null} @ webpack-internal:///(app-pages-browser)/./lib/chat-transport.ts:103
[  647118ms] [LOG] [ChatTransport] Received WebSocket response: {"type":"delta","content":"4","error":null,"message_id":"23da9afb-8f2d-4df7-9219-da76f0405e7c","conversation_id":null,"itinerary":null} @ webpack-internal:///(app-pages-browser)/./lib/chat-transport.ts:103
[  647135ms] [LOG] [ChatTransport] Received WebSocket response: {"type":"delta","content":"月","error":null,"message_id":"23da9afb-8f2d-4df7-9219-da76f0405e7c","conversation_id":null,"itinerary":null} @ webpack-internal:///(app-pages-browser)/./lib/chat-transport.ts:103
[  647209ms] [LOG] [ChatTransport] Received WebSocket response: {"type":"delta","content":"16","error":null,"message_id":"23da9afb-8f2d-4df7-9219-da76f0405e7c","conversation_id":null,"itinerary":null} @ webpack-internal:///(app-pages-browser)/./lib/chat-transport.ts:103
[  647225ms] [LOG] [ChatTransport] Received WebSocket response: {"type":"delta","content":"日","error":null,"message_id":"23da9afb-8f2d-4df7-9219-da76f0405e7c","conversation_id":null,"itinerary":null} @ webpack-internal:///(app-pages-browser)/./lib/chat-transport.ts:103
[  647283ms] [LOG] [ChatTransport] Received WebSocket response: {"type":"delta","content":"）","error":null,"message_id":"23da9afb-8f2d-4df7-9219-da76f0405e7c","conversation_id":null,"itinerary":null} @ webpack-internal:///(app-pages-browser)/./lib/chat-transport.ts:103
[  647299ms] [LOG] [ChatTransport] Received WebSocket response: {"type":"delta","content":"**","error":null,"message_id":"23da9afb-8f2d-4df7-9219-da76f0405e7c","conversation_id":null,"itinerary":null} @ webpack-internal:///(app-pages-browser)/./lib/chat-transport.ts:103
[  647365ms] [LOG] [ChatTransport] Received WebSocket response: {"type":"delta","content":"：","error":null,"message_id":"23da9afb-8f2d-4df7-9219-da76f0405e7c","conversation_id":null,"itinerary":null} @ webpack-internal:///(app-pages-browser)/./lib/chat-transport.ts:103
[  647385ms] [LOG] [ChatTransport] Received WebSocket response: {"type":"delta","content":"有小","error":null,"message_id":"23da9afb-8f2d-4df7-9219-da76f0405e7c","conversation_id":null,"itinerary":null} @ webpack-internal:///(app-pages-browser)/./lib/chat-transport.ts:103
[  647441ms] [LOG] [ChatTransport] Received WebSocket response: {"type":"delta","content":"雨","error":null,"message_id":"23da9afb-8f2d-4df7-9219-da76f0405e7c","conversation_id":null,"itinerary":null} @ webpack-internal:///(app-pages-browser)/./lib/chat-transport.ts:103
[  647441ms] [LOG] [ChatTransport] Received WebSocket response: {"type":"delta","content":"，","error":null,"message_id":"23da9afb-8f2d-4df7-9219-da76f0405e7c","conversation_id":null,"itinerary":null} @ webpack-internal:///(app-pages-browser)/./lib/chat-transport.ts:103
[  647522ms] [LOG] [ChatTransport] Received WebSocket response: {"type":"delta","content":"气温","error":null,"message_id":"23da9afb-8f2d-4df7-9219-da76f0405e7c","conversation_id":null,"itinerary":null} @ webpack-internal:///(app-pages-browser)/./lib/chat-transport.ts:103
[  647537ms] [LOG] [ChatTransport] Received WebSocket response: {"type":"delta","content":"11","error":null,"message_id":"23da9afb-8f2d-4df7-9219-da76f0405e7c","conversation_id":null,"itinerary":null} @ webpack-internal:///(app-pages-browser)/./lib/chat-transport.ts:103
[  647755ms] [LOG] [ChatTransport] Received WebSocket response: {"type":"delta","content":"-","error":null,"message_id":"23da9afb-8f2d-4df7-9219-da76f0405e7c","conversation_id":null,"itinerary":null} @ webpack-internal:///(app-pages-browser)/./lib/chat-transport.ts:103
[  647756ms] [LOG] [ChatTransport] Received WebSocket response: {"type":"delta","content":"20","error":null,"message_id":"23da9afb-8f2d-4df7-9219-da76f0405e7c","conversation_id":null,"itinerary":null} @ webpack-internal:///(app-pages-browser)/./lib/chat-transport.ts:103
[  647782ms] [LOG] [ChatTransport] Received WebSocket response: {"type":"delta","content":"°","error":null,"message_id":"23da9afb-8f2d-4df7-9219-da76f0405e7c","conversation_id":null,"itinerary":null} @ webpack-internal:///(app-pages-browser)/./lib/chat-transport.ts:103
[  647807ms] [LOG] [ChatTransport] Received WebSocket response: {"type":"delta","content":"C","error":null,"message_id":"23da9afb-8f2d-4df7-9219-da76f0405e7c","conversation_id":null,"itinerary":null} @ webpack-internal:///(app-pages-browser)/./lib/chat-transport.ts:103
[  647808ms] [LOG] [ChatTransport] Received WebSocket response: {"type":"delta","content":"，","error":null,"message_id":"23da9afb-8f2d-4df7-9219-da76f0405e7c","conversation_id":null,"itinerary":null} @ webpack-internal:///(app-pages-browser)/./lib/chat-transport.ts:103
[  647809ms] [LOG] [ChatTransport] Received WebSocket response: {"type":"delta","content":"需要","error":null,"message_id":"23da9afb-8f2d-4df7-9219-da76f0405e7c","conversation_id":null,"itinerary":null} @ webpack-internal:///(app-pages-browser)/./lib/chat-transport.ts:103
[  647848ms] [LOG] [ChatTransport] Received WebSocket response: {"type":"delta","content":"带","error":null,"message_id":"23da9afb-8f2d-4df7-9219-da76f0405e7c","conversation_id":null,"itinerary":null} @ webpack-internal:///(app-pages-browser)/./lib/chat-transport.ts:103
[  647865ms] [LOG] [ChatTransport] Received WebSocket response: {"type":"delta","content":"雨","error":null,"message_id":"23da9afb-8f2d-4df7-9219-da76f0405e7c","conversation_id":null,"itinerary":null} @ webpack-internal:///(app-pages-browser)/./lib/chat-transport.ts:103
[  648079ms] [LOG] [ChatTransport] Received WebSocket response: {"type":"delta","content":"具","error":null,"message_id":"23da9afb-8f2d-4df7-9219-da76f0405e7c","conversation_id":null,"itinerary":null} @ webpack-internal:///(app-pages-browser)/./lib/chat-transport.ts:103
[  648080ms] [LOG] [ChatTransport] Received WebSocket response: {"type":"delta","content":"\n","error":null,"message_id":"23da9afb-8f2d-4df7-9219-da76f0405e7c","conversation_id":null,"itinerary":null} @ webpack-internal:///(app-pages-browser)/./lib/chat-transport.ts:103
[  648103ms] [LOG] [ChatTransport] Received WebSocket response: {"type":"delta","content":"-","error":null,"message_id":"23da9afb-8f2d-4df7-9219-da76f0405e7c","conversation_id":null,"itinerary":null} @ webpack-internal:///(app-pages-browser)/./lib/chat-transport.ts:103
[  648129ms] [LOG] [ChatTransport] Received WebSocket response: {"type":"delta","content":" **","error":null,"message_id":"23da9afb-8f2d-4df7-9219-da76f0405e7c","conversation_id":null,"itinerary":null} @ webpack-internal:///(app-pages-browser)/./lib/chat-transport.ts:103
[  648130ms] [LOG] [ChatTransport] Received WebSocket response: {"type":"delta","content":"第二天","error":null,"message_id":"23da9afb-8f2d-4df7-9219-da76f0405e7c","conversation_id":null,"itinerary":null} @ webpack-internal:///(app-pages-browser)/./lib/chat-transport.ts:103
[  648130ms] [LOG] [ChatTransport] Received WebSocket response: {"type":"delta","content":"（","error":null,"message_id":"23da9afb-8f2d-4df7-9219-da76f0405e7c","conversation_id":null,"itinerary":null} @ webpack-internal:///(app-pages-browser)/./lib/chat-transport.ts:103
[  648184ms] [LOG] [ChatTransport] Received WebSocket response: {"type":"delta","content":"4","error":null,"message_id":"23da9afb-8f2d-4df7-9219-da76f0405e7c","conversation_id":null,"itinerary":null} @ webpack-internal:///(app-pages-browser)/./lib/chat-transport.ts:103
[  648202ms] [LOG] [ChatTransport] Received WebSocket response: {"type":"delta","content":"月","error":null,"message_id":"23da9afb-8f2d-4df7-9219-da76f0405e7c","conversation_id":null,"itinerary":null} @ webpack-internal:///(app-pages-browser)/./lib/chat-transport.ts:103
[  648407ms] [LOG] [ChatTransport] Received WebSocket response: {"type":"delta","content":"17","error":null,"message_id":"23da9afb-8f2d-4df7-9219-da76f0405e7c","conversation_id":null,"itinerary":null} @ webpack-internal:///(app-pages-browser)/./lib/chat-transport.ts:103
[  648408ms] [LOG] [ChatTransport] Received WebSocket response: {"type":"delta","content":"日","error":null,"message_id":"23da9afb-8f2d-4df7-9219-da76f0405e7c","conversation_id":null,"itinerary":null} @ webpack-internal:///(app-pages-browser)/./lib/chat-transport.ts:103
[  648422ms] [LOG] [ChatTransport] Received WebSocket response: {"type":"delta","content":"）","error":null,"message_id":"23da9afb-8f2d-4df7-9219-da76f0405e7c","conversation_id":null,"itinerary":null} @ webpack-internal:///(app-pages-browser)/./lib/chat-transport.ts:103
[  648423ms] [LOG] [ChatTransport] Received WebSocket response: {"type":"delta","content":"**","error":null,"message_id":"23da9afb-8f2d-4df7-9219-da76f0405e7c","conversation_id":null,"itinerary":null} @ webpack-internal:///(app-pages-browser)/./lib/chat-transport.ts:103
[  648443ms] [LOG] [ChatTransport] Received WebSocket response: {"type":"delta","content":"：","error":null,"message_id":"23da9afb-8f2d-4df7-9219-da76f0405e7c","conversation_id":null,"itinerary":null} @ webpack-internal:///(app-pages-browser)/./lib/chat-transport.ts:103
[  648468ms] [LOG] [ChatTransport] Received WebSocket response: {"type":"delta","content":"晴朗","error":null,"message_id":"23da9afb-8f2d-4df7-9219-da76f0405e7c","conversation_id":null,"itinerary":null} @ webpack-internal:///(app-pages-browser)/./lib/chat-transport.ts:103
[  648523ms] [LOG] [ChatTransport] Received WebSocket response: {"type":"delta","content":"，","error":null,"message_id":"23da9afb-8f2d-4df7-9219-da76f0405e7c","conversation_id":null,"itinerary":null} @ webpack-internal:///(app-pages-browser)/./lib/chat-transport.ts:103
[  648543ms] [LOG] [ChatTransport] Received WebSocket response: {"type":"delta","content":"气温","error":null,"message_id":"23da9afb-8f2d-4df7-9219-da76f0405e7c","conversation_id":null,"itinerary":null} @ webpack-internal:///(app-pages-browser)/./lib/chat-transport.ts:103
[  648612ms] [LOG] [ChatTransport] Received WebSocket response: {"type":"delta","content":"13","error":null,"message_id":"23da9afb-8f2d-4df7-9219-da76f0405e7c","conversation_id":null,"itinerary":null} @ webpack-internal:///(app-pages-browser)/./lib/chat-transport.ts:103
[  648630ms] [LOG] [ChatTransport] Received WebSocket response: {"type":"delta","content":"-","error":null,"message_id":"23da9afb-8f2d-4df7-9219-da76f0405e7c","conversation_id":null,"itinerary":null} @ webpack-internal:///(app-pages-browser)/./lib/chat-transport.ts:103
[  648876ms] [LOG] [ChatTransport] Received WebSocket response: {"type":"delta","content":"24","error":null,"message_id":"23da9afb-8f2d-4df7-9219-da76f0405e7c","conversation_id":null,"itinerary":null} @ webpack-internal:///(app-pages-browser)/./lib/chat-transport.ts:103
[  648896ms] [LOG] [ChatTransport] Received WebSocket response: {"type":"delta","content":"°","error":null,"message_id":"23da9afb-8f2d-4df7-9219-da76f0405e7c","conversation_id":null,"itinerary":null} @ webpack-internal:///(app-pages-browser)/./lib/chat-transport.ts:103
[  648916ms] [LOG] [ChatTransport] Received WebSocket response: {"type":"delta","content":"C","error":null,"message_id":"23da9afb-8f2d-4df7-9219-da76f0405e7c","conversation_id":null,"itinerary":null} @ webpack-internal:///(app-pages-browser)/./lib/chat-transport.ts:103
[  648917ms] [LOG] [ChatTransport] Received WebSocket response: {"type":"delta","content":"，","error":null,"message_id":"23da9afb-8f2d-4df7-9219-da76f0405e7c","conversation_id":null,"itinerary":null} @ webpack-internal:///(app-pages-browser)/./lib/chat-transport.ts:103
[  648917ms] [LOG] [ChatTransport] Received WebSocket response: {"type":"delta","content":"非常适合","error":null,"message_id":"23da9afb-8f2d-4df7-9219-da76f0405e7c","conversation_id":null,"itinerary":null} @ webpack-internal:///(app-pages-browser)/./lib/chat-transport.ts:103
[  648918ms] [LOG] [ChatTransport] Received WebSocket response: {"type":"delta","content":"出行","error":null,"message_id":"23da9afb-8f2d-4df7-9219-da76f0405e7c","conversation_id":null,"itinerary":null} @ webpack-internal:///(app-pages-browser)/./lib/chat-transport.ts:103
[  648941ms] [LOG] [ChatTransport] Received WebSocket response: {"type":"delta","content":"\n","error":null,"message_id":"23da9afb-8f2d-4df7-9219-da76f0405e7c","conversation_id":null,"itinerary":null} @ webpack-internal:///(app-pages-browser)/./lib/chat-transport.ts:103
[  648963ms] [LOG] [ChatTransport] Received WebSocket response: {"type":"delta","content":"-","error":null,"message_id":"23da9afb-8f2d-4df7-9219-da76f0405e7c","conversation_id":null,"itinerary":null} @ webpack-internal:///(app-pages-browser)/./lib/chat-transport.ts:103
[  649195ms] [LOG] [ChatTransport] Received WebSocket response: {"type":"delta","content":" **","error":null,"message_id":"23da9afb-8f2d-4df7-9219-da76f0405e7c","conversation_id":null,"itinerary":null} @ webpack-internal:///(app-pages-browser)/./lib/chat-transport.ts:103
[  649212ms] [LOG] [ChatTransport] Received WebSocket response: {"type":"delta","content":"第三天","error":null,"message_id":"23da9afb-8f2d-4df7-9219-da76f0405e7c","conversation_id":null,"itinerary":null} @ webpack-internal:///(app-pages-browser)/./lib/chat-transport.ts:103
[  649232ms] [LOG] [ChatTransport] Received WebSocket response: {"type":"delta","content":"（","error":null,"message_id":"23da9afb-8f2d-4df7-9219-da76f0405e7c","conversation_id":null,"itinerary":null} @ webpack-internal:///(app-pages-browser)/./lib/chat-transport.ts:103
[  649232ms] [LOG] [ChatTransport] Received WebSocket response: {"type":"delta","content":"4","error":null,"message_id":"23da9afb-8f2d-4df7-9219-da76f0405e7c","conversation_id":null,"itinerary":null} @ webpack-internal:///(app-pages-browser)/./lib/chat-transport.ts:103
[  649233ms] [LOG] [ChatTransport] Received WebSocket response: {"type":"delta","content":"月","error":null,"message_id":"23da9afb-8f2d-4df7-9219-da76f0405e7c","conversation_id":null,"itinerary":null} @ webpack-internal:///(app-pages-browser)/./lib/chat-transport.ts:103
[  649233ms] [LOG] [ChatTransport] Received WebSocket response: {"type":"delta","content":"18","error":null,"message_id":"23da9afb-8f2d-4df7-9219-da76f0405e7c","conversation_id":null,"itinerary":null} @ webpack-internal:///(app-pages-browser)/./lib/chat-transport.ts:103
[  649274ms] [LOG] [ChatTransport] Received WebSocket response: {"type":"delta","content":"日","error":null,"message_id":"23da9afb-8f2d-4df7-9219-da76f0405e7c","conversation_id":null,"itinerary":null} @ webpack-internal:///(app-pages-browser)/./lib/chat-transport.ts:103
[  649296ms] [LOG] [ChatTransport] Received WebSocket response: {"type":"delta","content":"）","error":null,"message_id":"23da9afb-8f2d-4df7-9219-da76f0405e7c","conversation_id":null,"itinerary":null} @ webpack-internal:///(app-pages-browser)/./lib/chat-transport.ts:103
[  649353ms] [LOG] [ChatTransport] Received WebSocket response: {"type":"delta","content":"**","error":null,"message_id":"23da9afb-8f2d-4df7-9219-da76f0405e7c","conversation_id":null,"itinerary":null} @ webpack-internal:///(app-pages-browser)/./lib/chat-transport.ts:103
[  649365ms] [LOG] [ChatTransport] Received WebSocket response: {"type":"delta","content":"：","error":null,"message_id":"23da9afb-8f2d-4df7-9219-da76f0405e7c","conversation_id":null,"itinerary":null} @ webpack-internal:///(app-pages-browser)/./lib/chat-transport.ts:103
[  649538ms] [LOG] [ChatTransport] Received WebSocket response: {"type":"delta","content":"晴朗","error":null,"message_id":"23da9afb-8f2d-4df7-9219-da76f0405e7c","conversation_id":null,"itinerary":null} @ webpack-internal:///(app-pages-browser)/./lib/chat-transport.ts:103
[  649551ms] [LOG] [ChatTransport] Received WebSocket response: {"type":"delta","content":"，","error":null,"message_id":"23da9afb-8f2d-4df7-9219-da76f0405e7c","conversation_id":null,"itinerary":null} @ webpack-internal:///(app-pages-browser)/./lib/chat-transport.ts:103
[  649551ms] [LOG] [ChatTransport] Received WebSocket response: {"type":"delta","content":"气温","error":null,"message_id":"23da9afb-8f2d-4df7-9219-da76f0405e7c","conversation_id":null,"itinerary":null} @ webpack-internal:///(app-pages-browser)/./lib/chat-transport.ts:103
[  649551ms] [LOG] [ChatTransport] Received WebSocket response: {"type":"delta","content":"16","error":null,"message_id":"23da9afb-8f2d-4df7-9219-da76f0405e7c","conversation_id":null,"itinerary":null} @ webpack-internal:///(app-pages-browser)/./lib/chat-transport.ts:103
[  649609ms] [LOG] [ChatTransport] Received WebSocket response: {"type":"delta","content":"-","error":null,"message_id":"23da9afb-8f2d-4df7-9219-da76f0405e7c","conversation_id":null,"itinerary":null} @ webpack-internal:///(app-pages-browser)/./lib/chat-transport.ts:103
[  649620ms] [LOG] [ChatTransport] Received WebSocket response: {"type":"delta","content":"28","error":null,"message_id":"23da9afb-8f2d-4df7-9219-da76f0405e7c","conversation_id":null,"itinerary":null} @ webpack-internal:///(app-pages-browser)/./lib/chat-transport.ts:103
[  649706ms] [LOG] [ChatTransport] Received WebSocket response: {"type":"delta","content":"°","error":null,"message_id":"23da9afb-8f2d-4df7-9219-da76f0405e7c","conversation_id":null,"itinerary":null} @ webpack-internal:///(app-pages-browser)/./lib/chat-transport.ts:103
[  649716ms] [LOG] [ChatTransport] Received WebSocket response: {"type":"delta","content":"C","error":null,"message_id":"23da9afb-8f2d-4df7-9219-da76f0405e7c","conversation_id":null,"itinerary":null} @ webpack-internal:///(app-pages-browser)/./lib/chat-transport.ts:103
[  649797ms] [LOG] [ChatTransport] Received WebSocket response: {"type":"delta","content":"，","error":null,"message_id":"23da9afb-8f2d-4df7-9219-da76f0405e7c","conversation_id":null,"itinerary":null} @ webpack-internal:///(app-pages-browser)/./lib/chat-transport.ts:103
[  649807ms] [LOG] [ChatTransport] Received WebSocket response: {"type":"delta","content":"天气","error":null,"message_id":"23da9afb-8f2d-4df7-9219-da76f0405e7c","conversation_id":null,"itinerary":null} @ webpack-internal:///(app-pages-browser)/./lib/chat-transport.ts:103
[  649864ms] [LOG] [ChatTransport] Received WebSocket response: {"type":"delta","content":"很好","error":null,"message_id":"23da9afb-8f2d-4df7-9219-da76f0405e7c","conversation_id":null,"itinerary":null} @ webpack-internal:///(app-pages-browser)/./lib/chat-transport.ts:103
[  649877ms] [LOG] [ChatTransport] Received WebSocket response: {"type":"delta","content":"\n\n","error":null,"message_id":"23da9afb-8f2d-4df7-9219-da76f0405e7c","conversation_id":null,"itinerary":null} @ webpack-internal:///(app-pages-browser)/./lib/chat-transport.ts:103
[  649948ms] [LOG] [ChatTransport] Received WebSocket response: {"type":"delta","content":"考虑到","error":null,"message_id":"23da9afb-8f2d-4df7-9219-da76f0405e7c","conversation_id":null,"itinerary":null} @ webpack-internal:///(app-pages-browser)/./lib/chat-transport.ts:103
[  650024ms] [LOG] [ChatTransport] Received WebSocket response: {"type":"delta","content":"您的","error":null,"message_id":"23da9afb-8f2d-4df7-9219-da76f0405e7c","conversation_id":null,"itinerary":null} @ webpack-internal:///(app-pages-browser)/./lib/chat-transport.ts:103
[  650039ms] [LOG] [ChatTransport] Received WebSocket response: {"type":"delta","content":"**","error":null,"message_id":"23da9afb-8f2d-4df7-9219-da76f0405e7c","conversation_id":null,"itinerary":null} @ webpack-internal:///(app-pages-browser)/./lib/chat-transport.ts:103
[  650122ms] [LOG] [ChatTransport] Received WebSocket response: {"type":"delta","content":"500","error":null,"message_id":"23da9afb-8f2d-4df7-9219-da76f0405e7c","conversation_id":null,"itinerary":null} @ webpack-internal:///(app-pages-browser)/./lib/chat-transport.ts:103
[  650140ms] [LOG] [ChatTransport] Received WebSocket response: {"type":"delta","content":"0","error":null,"message_id":"23da9afb-8f2d-4df7-9219-da76f0405e7c","conversation_id":null,"itinerary":null} @ webpack-internal:///(app-pages-browser)/./lib/chat-transport.ts:103
[  650197ms] [LOG] [ChatTransport] Received WebSocket response: {"type":"delta","content":"元","error":null,"message_id":"23da9afb-8f2d-4df7-9219-da76f0405e7c","conversation_id":null,"itinerary":null} @ webpack-internal:///(app-pages-browser)/./lib/chat-transport.ts:103
[  650207ms] [LOG] [ChatTransport] Received WebSocket response: {"type":"delta","content":"预算","error":null,"message_id":"23da9afb-8f2d-4df7-9219-da76f0405e7c","conversation_id":null,"itinerary":null} @ webpack-internal:///(app-pages-browser)/./lib/chat-transport.ts:103
[  650280ms] [LOG] [ChatTransport] Received WebSocket response: {"type":"delta","content":"**","error":null,"message_id":"23da9afb-8f2d-4df7-9219-da76f0405e7c","conversation_id":null,"itinerary":null} @ webpack-internal:///(app-pages-browser)/./lib/chat-transport.ts:103
[  650296ms] [LOG] [ChatTransport] Received WebSocket response: {"type":"delta","content":"和","error":null,"message_id":"23da9afb-8f2d-4df7-9219-da76f0405e7c","conversation_id":null,"itinerary":null} @ webpack-internal:///(app-pages-browser)/./lib/chat-transport.ts:103
[  650498ms] [LOG] [ChatTransport] Received WebSocket response: {"type":"delta","content":"**","error":null,"message_id":"23da9afb-8f2d-4df7-9219-da76f0405e7c","conversation_id":null,"itinerary":null} @ webpack-internal:///(app-pages-browser)/./lib/chat-transport.ts:103
[  650509ms] [LOG] [ChatTransport] Received WebSocket response: {"type":"delta","content":"历史文化","error":null,"message_id":"23da9afb-8f2d-4df7-9219-da76f0405e7c","conversation_id":null,"itinerary":null} @ webpack-internal:///(app-pages-browser)/./lib/chat-transport.ts:103
[  650515ms] [LOG] [ChatTransport] Received WebSocket response: {"type":"delta","content":"兴趣","error":null,"message_id":"23da9afb-8f2d-4df7-9219-da76f0405e7c","conversation_id":null,"itinerary":null} @ webpack-internal:///(app-pages-browser)/./lib/chat-transport.ts:103
[  650515ms] [LOG] [ChatTransport] Received WebSocket response: {"type":"delta","content":"**","error":null,"message_id":"23da9afb-8f2d-4df7-9219-da76f0405e7c","conversation_id":null,"itinerary":null} @ webpack-internal:///(app-pages-browser)/./lib/chat-transport.ts:103
[  650521ms] [LOG] [ChatTransport] Received WebSocket response: {"type":"delta","content":"，","error":null,"message_id":"23da9afb-8f2d-4df7-9219-da76f0405e7c","conversation_id":null,"itinerary":null} @ webpack-internal:///(app-pages-browser)/./lib/chat-transport.ts:103
[  650529ms] [LOG] [ChatTransport] Received WebSocket response: {"type":"delta","content":"我","error":null,"message_id":"23da9afb-8f2d-4df7-9219-da76f0405e7c","conversation_id":null,"itinerary":null} @ webpack-internal:///(app-pages-browser)/./lib/chat-transport.ts:103
[  650611ms] [LOG] [ChatTransport] Received WebSocket response: {"type":"delta","content":"为您","error":null,"message_id":"23da9afb-8f2d-4df7-9219-da76f0405e7c","conversation_id":null,"itinerary":null} @ webpack-internal:///(app-pages-browser)/./lib/chat-transport.ts:103
[  650612ms] [LOG] [ChatTransport] Received WebSocket response: {"type":"delta","content":"设计","error":null,"message_id":"23da9afb-8f2d-4df7-9219-da76f0405e7c","conversation_id":null,"itinerary":null} @ webpack-internal:///(app-pages-browser)/./lib/chat-transport.ts:103
[  650694ms] [LOG] [ChatTransport] Received WebSocket response: {"type":"delta","content":"一个","error":null,"message_id":"23da9afb-8f2d-4df7-9219-da76f0405e7c","conversation_id":null,"itinerary":null} @ webpack-internal:///(app-pages-browser)/./lib/chat-transport.ts:103
[  650704ms] [LOG] [ChatTransport] Received WebSocket response: {"type":"delta","content":"3","error":null,"message_id":"23da9afb-8f2d-4df7-9219-da76f0405e7c","conversation_id":null,"itinerary":null} @ webpack-internal:///(app-pages-browser)/./lib/chat-transport.ts:103
[  650783ms] [LOG] [ChatTransport] Received WebSocket response: {"type":"delta","content":"天的","error":null,"message_id":"23da9afb-8f2d-4df7-9219-da76f0405e7c","conversation_id":null,"itinerary":null} @ webpack-internal:///(app-pages-browser)/./lib/chat-transport.ts:103
[  650797ms] [LOG] [ChatTransport] Received WebSocket response: {"type":"delta","content":"北京","error":null,"message_id":"23da9afb-8f2d-4df7-9219-da76f0405e7c","conversation_id":null,"itinerary":null} @ webpack-internal:///(app-pages-browser)/./lib/chat-transport.ts:103
[  650959ms] [LOG] [ChatTransport] Received WebSocket response: {"type":"delta","content":"历史文化","error":null,"message_id":"23da9afb-8f2d-4df7-9219-da76f0405e7c","conversation_id":null,"itinerary":null} @ webpack-internal:///(app-pages-browser)/./lib/chat-transport.ts:103
[  650959ms] [LOG] [ChatTransport] Received WebSocket response: {"type":"delta","content":"深度","error":null,"message_id":"23da9afb-8f2d-4df7-9219-da76f0405e7c","conversation_id":null,"itinerary":null} @ webpack-internal:///(app-pages-browser)/./lib/chat-transport.ts:103
[  650965ms] [LOG] [ChatTransport] Received WebSocket response: {"type":"delta","content":"游","error":null,"message_id":"23da9afb-8f2d-4df7-9219-da76f0405e7c","conversation_id":null,"itinerary":null} @ webpack-internal:///(app-pages-browser)/./lib/chat-transport.ts:103
[  650971ms] [LOG] [ChatTransport] Received WebSocket response: {"type":"delta","content":"行程","error":null,"message_id":"23da9afb-8f2d-4df7-9219-da76f0405e7c","conversation_id":null,"itinerary":null} @ webpack-internal:///(app-pages-browser)/./lib/chat-transport.ts:103
[  651019ms] [LOG] [ChatTransport] Received WebSocket response: {"type":"delta","content":"：\n\n","error":null,"message_id":"23da9afb-8f2d-4df7-9219-da76f0405e7c","conversation_id":null,"itinerary":null} @ webpack-internal:///(app-pages-browser)/./lib/chat-transport.ts:103
[  651024ms] [LOG] [ChatTransport] Received WebSocket response: {"type":"delta","content":"##","error":null,"message_id":"23da9afb-8f2d-4df7-9219-da76f0405e7c","conversation_id":null,"itinerary":null} @ webpack-internal:///(app-pages-browser)/./lib/chat-transport.ts:103
[  651100ms] [LOG] [ChatTransport] Received WebSocket response: {"type":"delta","content":" 📅","error":null,"message_id":"23da9afb-8f2d-4df7-9219-da76f0405e7c","conversation_id":null,"itinerary":null} @ webpack-internal:///(app-pages-browser)/./lib/chat-transport.ts:103
[  651197ms] [LOG] [ChatTransport] Received WebSocket response: {"type":"delta","content":" **","error":null,"message_id":"23da9afb-8f2d-4df7-9219-da76f0405e7c","conversation_id":null,"itinerary":null} @ webpack-internal:///(app-pages-browser)/./lib/chat-transport.ts:103
[  651203ms] [LOG] [ChatTransport] Received WebSocket response: {"type":"delta","content":"3","error":null,"message_id":"23da9afb-8f2d-4df7-9219-da76f0405e7c","conversation_id":null,"itinerary":null} @ webpack-internal:///(app-pages-browser)/./lib/chat-transport.ts:103
[  651290ms] [LOG] [ChatTransport] Received WebSocket response: {"type":"delta","content":"天","error":null,"message_id":"23da9afb-8f2d-4df7-9219-da76f0405e7c","conversation_id":null,"itinerary":null} @ webpack-internal:///(app-pages-browser)/./lib/chat-transport.ts:103
[  651298ms] [LOG] [ChatTransport] Received WebSocket response: {"type":"delta","content":"北京","error":null,"message_id":"23da9afb-8f2d-4df7-9219-da76f0405e7c","conversation_id":null,"itinerary":null} @ webpack-internal:///(app-pages-browser)/./lib/chat-transport.ts:103
[  651356ms] [LOG] [ChatTransport] Received WebSocket response: {"type":"delta","content":"历史文化","error":null,"message_id":"23da9afb-8f2d-4df7-9219-da76f0405e7c","conversation_id":null,"itinerary":null} @ webpack-internal:///(app-pages-browser)/./lib/chat-transport.ts:103
[  651369ms] [LOG] [ChatTransport] Received WebSocket response: {"type":"delta","content":"之旅","error":null,"message_id":"23da9afb-8f2d-4df7-9219-da76f0405e7c","conversation_id":null,"itinerary":null} @ webpack-internal:///(app-pages-browser)/./lib/chat-transport.ts:103
[  651435ms] [LOG] [ChatTransport] Received WebSocket response: {"type":"delta","content":"行程","error":null,"message_id":"23da9afb-8f2d-4df7-9219-da76f0405e7c","conversation_id":null,"itinerary":null} @ webpack-internal:///(app-pages-browser)/./lib/chat-transport.ts:103
[  651440ms] [LOG] [ChatTransport] Received WebSocket response: {"type":"delta","content":"建议","error":null,"message_id":"23da9afb-8f2d-4df7-9219-da76f0405e7c","conversation_id":null,"itinerary":null} @ webpack-internal:///(app-pages-browser)/./lib/chat-transport.ts:103
[  651538ms] [LOG] [ChatTransport] Received WebSocket response: {"type":"delta","content":"**\n\n","error":null,"message_id":"23da9afb-8f2d-4df7-9219-da76f0405e7c","conversation_id":null,"itinerary":null} @ webpack-internal:///(app-pages-browser)/./lib/chat-transport.ts:103
[  651550ms] [LOG] [ChatTransport] Received WebSocket response: {"type":"delta","content":"###","error":null,"message_id":"23da9afb-8f2d-4df7-9219-da76f0405e7c","conversation_id":null,"itinerary":null} @ webpack-internal:///(app-pages-browser)/./lib/chat-transport.ts:103
[  651605ms] [LOG] [ChatTransport] Received WebSocket response: {"type":"delta","content":" **","error":null,"message_id":"23da9afb-8f2d-4df7-9219-da76f0405e7c","conversation_id":null,"itinerary":null} @ webpack-internal:///(app-pages-browser)/./lib/chat-transport.ts:103
[  651620ms] [LOG] [ChatTransport] Received WebSocket response: {"type":"delta","content":"第一天","error":null,"message_id":"23da9afb-8f2d-4df7-9219-da76f0405e7c","conversation_id":null,"itinerary":null} @ webpack-internal:///(app-pages-browser)/./lib/chat-transport.ts:103
[  651694ms] [LOG] [ChatTransport] Received WebSocket response: {"type":"delta","content":"：","error":null,"message_id":"23da9afb-8f2d-4df7-9219-da76f0405e7c","conversation_id":null,"itinerary":null} @ webpack-internal:///(app-pages-browser)/./lib/chat-transport.ts:103
[  651703ms] [LOG] [ChatTransport] Received WebSocket response: {"type":"delta","content":"皇家","error":null,"message_id":"23da9afb-8f2d-4df7-9219-da76f0405e7c","conversation_id":null,"itinerary":null} @ webpack-internal:///(app-pages-browser)/./lib/chat-transport.ts:103
[  651783ms] [LOG] [ChatTransport] Received WebSocket response: {"type":"delta","content":"宫殿","error":null,"message_id":"23da9afb-8f2d-4df7-9219-da76f0405e7c","conversation_id":null,"itinerary":null} @ webpack-internal:///(app-pages-browser)/./lib/chat-transport.ts:103
[  651860ms] [LOG] [ChatTransport] Received WebSocket response: {"type":"delta","content":"与","error":null,"message_id":"23da9afb-8f2d-4df7-9219-da76f0405e7c","conversation_id":null,"itinerary":null} @ webpack-internal:///(app-pages-browser)/./lib/chat-transport.ts:103
[  651866ms] [LOG] [ChatTransport] Received WebSocket response: {"type":"delta","content":"天","error":null,"message_id":"23da9afb-8f2d-4df7-9219-da76f0405e7c","conversation_id":null,"itinerary":null} @ webpack-internal:///(app-pages-browser)/./lib/chat-transport.ts:103
[  652026ms] [LOG] [ChatTransport] Received WebSocket response: {"type":"delta","content":"安门","error":null,"message_id":"23da9afb-8f2d-4df7-9219-da76f0405e7c","conversation_id":null,"itinerary":null} @ webpack-internal:///(app-pages-browser)/./lib/chat-transport.ts:103
[  652033ms] [LOG] [ChatTransport] Received WebSocket response: {"type":"delta","content":"广场","error":null,"message_id":"23da9afb-8f2d-4df7-9219-da76f0405e7c","conversation_id":null,"itinerary":null} @ webpack-internal:///(app-pages-browser)/./lib/chat-transport.ts:103
[  652039ms] [LOG] [ChatTransport] Received WebSocket response: {"type":"delta","content":"**\n","error":null,"message_id":"23da9afb-8f2d-4df7-9219-da76f0405e7c","conversation_id":null,"itinerary":null} @ webpack-internal:///(app-pages-browser)/./lib/chat-transport.ts:103
[  652039ms] [LOG] [ChatTransport] Received WebSocket response: {"type":"delta","content":"-","error":null,"message_id":"23da9afb-8f2d-4df7-9219-da76f0405e7c","conversation_id":null,"itinerary":null} @ webpack-internal:///(app-pages-browser)/./lib/chat-transport.ts:103
[  652104ms] [LOG] [ChatTransport] Received WebSocket response: {"type":"delta","content":" **","error":null,"message_id":"23da9afb-8f2d-4df7-9219-da76f0405e7c","conversation_id":null,"itinerary":null} @ webpack-internal:///(app-pages-browser)/./lib/chat-transport.ts:103
[  652114ms] [LOG] [ChatTransport] Received WebSocket response: {"type":"delta","content":"上午","error":null,"message_id":"23da9afb-8f2d-4df7-9219-da76f0405e7c","conversation_id":null,"itinerary":null} @ webpack-internal:///(app-pages-browser)/./lib/chat-transport.ts:103
[  652191ms] [LOG] [ChatTransport] Received WebSocket response: {"type":"delta","content":"**","error":null,"message_id":"23da9afb-8f2d-4df7-9219-da76f0405e7c","conversation_id":null,"itinerary":null} @ webpack-internal:///(app-pages-browser)/./lib/chat-transport.ts:103
[  652202ms] [LOG] [ChatTransport] Received WebSocket response: {"type":"delta","content":"：","error":null,"message_id":"23da9afb-8f2d-4df7-9219-da76f0405e7c","conversation_id":null,"itinerary":null} @ webpack-internal:///(app-pages-browser)/./lib/chat-transport.ts:103
[  652280ms] [LOG] [ChatTransport] Received WebSocket response: {"type":"delta","content":"天","error":null,"message_id":"23da9afb-8f2d-4df7-9219-da76f0405e7c","conversation_id":null,"itinerary":null} @ webpack-internal:///(app-pages-browser)/./lib/chat-transport.ts:103
[  652365ms] [LOG] [ChatTransport] Received WebSocket response: {"type":"delta","content":"安门","error":null,"message_id":"23da9afb-8f2d-4df7-9219-da76f0405e7c","conversation_id":null,"itinerary":null} @ webpack-internal:///(app-pages-browser)/./lib/chat-transport.ts:103
[  652378ms] [LOG] [ChatTransport] Received WebSocket response: {"type":"delta","content":"广场","error":null,"message_id":"23da9afb-8f2d-4df7-9219-da76f0405e7c","conversation_id":null,"itinerary":null} @ webpack-internal:///(app-pages-browser)/./lib/chat-transport.ts:103
[  652437ms] [LOG] [ChatTransport] Received WebSocket response: {"type":"delta","content":"（","error":null,"message_id":"23da9afb-8f2d-4df7-9219-da76f0405e7c","conversation_id":null,"itinerary":null} @ webpack-internal:///(app-pages-browser)/./lib/chat-transport.ts:103
[  652446ms] [LOG] [ChatTransport] Received WebSocket response: {"type":"delta","content":"免费","error":null,"message_id":"23da9afb-8f2d-4df7-9219-da76f0405e7c","conversation_id":null,"itinerary":null} @ webpack-internal:///(app-pages-browser)/./lib/chat-transport.ts:103
[  652523ms] [LOG] [ChatTransport] Received WebSocket response: {"type":"delta","content":"）","error":null,"message_id":"23da9afb-8f2d-4df7-9219-da76f0405e7c","conversation_id":null,"itinerary":null} @ webpack-internal:///(app-pages-browser)/./lib/chat-transport.ts:103
[  652534ms] [LOG] [ChatTransport] Received WebSocket response: {"type":"delta","content":"→","error":null,"message_id":"23da9afb-8f2d-4df7-9219-da76f0405e7c","conversation_id":null,"itinerary":null} @ webpack-internal:///(app-pages-browser)/./lib/chat-transport.ts:103
[  652717ms] [LOG] [ChatTransport] Received WebSocket response: {"type":"delta","content":" ","error":null,"message_id":"23da9afb-8f2d-4df7-9219-da76f0405e7c","conversation_id":null,"itinerary":null} @ webpack-internal:///(app-pages-browser)/./lib/chat-transport.ts:103
[  652729ms] [LOG] [ChatTransport] Received WebSocket response: {"type":"delta","content":"故宫","error":null,"message_id":"23da9afb-8f2d-4df7-9219-da76f0405e7c","conversation_id":null,"itinerary":null} @ webpack-internal:///(app-pages-browser)/./lib/chat-transport.ts:103
[  652736ms] [LOG] [ChatTransport] Received WebSocket response: {"type":"delta","content":"博物院","error":null,"message_id":"23da9afb-8f2d-4df7-9219-da76f0405e7c","conversation_id":null,"itinerary":null} @ webpack-internal:///(app-pages-browser)/./lib/chat-transport.ts:103
[  652736ms] [LOG] [ChatTransport] Received WebSocket response: {"type":"delta","content":"（","error":null,"message_id":"23da9afb-8f2d-4df7-9219-da76f0405e7c","conversation_id":null,"itinerary":null} @ webpack-internal:///(app-pages-browser)/./lib/chat-transport.ts:103
[  652777ms] [LOG] [ChatTransport] Received WebSocket response: {"type":"delta","content":"旺季","error":null,"message_id":"23da9afb-8f2d-4df7-9219-da76f0405e7c","conversation_id":null,"itinerary":null} @ webpack-internal:///(app-pages-browser)/./lib/chat-transport.ts:103
[  652862ms] [LOG] [ChatTransport] Received WebSocket response: {"type":"delta","content":"60","error":null,"message_id":"23da9afb-8f2d-4df7-9219-da76f0405e7c","conversation_id":null,"itinerary":null} @ webpack-internal:///(app-pages-browser)/./lib/chat-transport.ts:103
[  652872ms] [LOG] [ChatTransport] Received WebSocket response: {"type":"delta","content":"元","error":null,"message_id":"23da9afb-8f2d-4df7-9219-da76f0405e7c","conversation_id":null,"itinerary":null} @ webpack-internal:///(app-pages-browser)/./lib/chat-transport.ts:103
[  653041ms] [LOG] [ChatTransport] Received WebSocket response: {"type":"delta","content":"/","error":null,"message_id":"23da9afb-8f2d-4df7-9219-da76f0405e7c","conversation_id":null,"itinerary":null} @ webpack-internal:///(app-pages-browser)/./lib/chat-transport.ts:103
[  653050ms] [LOG] [ChatTransport] Received WebSocket response: {"type":"delta","content":"人","error":null,"message_id":"23da9afb-8f2d-4df7-9219-da76f0405e7c","conversation_id":null,"itinerary":null} @ webpack-internal:///(app-pages-browser)/./lib/chat-transport.ts:103
[  653050ms] [LOG] [ChatTransport] Received WebSocket response: {"type":"delta","content":"）\n","error":null,"message_id":"23da9afb-8f2d-4df7-9219-da76f0405e7c","conversation_id":null,"itinerary":null} @ webpack-internal:///(app-pages-browser)/./lib/chat-transport.ts:103
[  653050ms] [LOG] [ChatTransport] Received WebSocket response: {"type":"delta","content":"-","error":null,"message_id":"23da9afb-8f2d-4df7-9219-da76f0405e7c","conversation_id":null,"itinerary":null} @ webpack-internal:///(app-pages-browser)/./lib/chat-transport.ts:103
[  653202ms] [LOG] [ChatTransport] Received WebSocket response: {"type":"delta","content":" **","error":null,"message_id":"23da9afb-8f2d-4df7-9219-da76f0405e7c","conversation_id":null,"itinerary":null} @ webpack-internal:///(app-pages-browser)/./lib/chat-transport.ts:103
[  653210ms] [LOG] [ChatTransport] Received WebSocket response: {"type":"delta","content":"下午","error":null,"message_id":"23da9afb-8f2d-4df7-9219-da76f0405e7c","conversation_id":null,"itinerary":null} @ webpack-internal:///(app-pages-browser)/./lib/chat-transport.ts:103
[  653216ms] [LOG] [ChatTransport] Received WebSocket response: {"type":"delta","content":"**","error":null,"message_id":"23da9afb-8f2d-4df7-9219-da76f0405e7c","conversation_id":null,"itinerary":null} @ webpack-internal:///(app-pages-browser)/./lib/chat-transport.ts:103
[  653216ms] [LOG] [ChatTransport] Received WebSocket response: {"type":"delta","content":"：","error":null,"message_id":"23da9afb-8f2d-4df7-9219-da76f0405e7c","conversation_id":null,"itinerary":null} @ webpack-internal:///(app-pages-browser)/./lib/chat-transport.ts:103
[  653280ms] [LOG] [ChatTransport] Received WebSocket response: {"type":"delta","content":"景","error":null,"message_id":"23da9afb-8f2d-4df7-9219-da76f0405e7c","conversation_id":null,"itinerary":null} @ webpack-internal:///(app-pages-browser)/./lib/chat-transport.ts:103
[  653374ms] [LOG] [ChatTransport] Received WebSocket response: {"type":"delta","content":"山","error":null,"message_id":"23da9afb-8f2d-4df7-9219-da76f0405e7c","conversation_id":null,"itinerary":null} @ webpack-internal:///(app-pages-browser)/./lib/chat-transport.ts:103
[  653386ms] [LOG] [ChatTransport] Received WebSocket response: {"type":"delta","content":"公园","error":null,"message_id":"23da9afb-8f2d-4df7-9219-da76f0405e7c","conversation_id":null,"itinerary":null} @ webpack-internal:///(app-pages-browser)/./lib/chat-transport.ts:103
[  653450ms] [LOG] [ChatTransport] Received WebSocket response: {"type":"delta","content":"（","error":null,"message_id":"23da9afb-8f2d-4df7-9219-da76f0405e7c","conversation_id":null,"itinerary":null} @ webpack-internal:///(app-pages-browser)/./lib/chat-transport.ts:103
[  653456ms] [LOG] [ChatTransport] Received WebSocket response: {"type":"delta","content":"2","error":null,"message_id":"23da9afb-8f2d-4df7-9219-da76f0405e7c","conversation_id":null,"itinerary":null} @ webpack-internal:///(app-pages-browser)/./lib/chat-transport.ts:103
[  653529ms] [LOG] [ChatTransport] Received WebSocket response: {"type":"delta","content":"元","error":null,"message_id":"23da9afb-8f2d-4df7-9219-da76f0405e7c","conversation_id":null,"itinerary":null} @ webpack-internal:///(app-pages-browser)/./lib/chat-transport.ts:103
[  653540ms] [LOG] [ChatTransport] Received WebSocket response: {"type":"delta","content":"）","error":null,"message_id":"23da9afb-8f2d-4df7-9219-da76f0405e7c","conversation_id":null,"itinerary":null} @ webpack-internal:///(app-pages-browser)/./lib/chat-transport.ts:103
[  653621ms] [LOG] [ChatTransport] Received WebSocket response: {"type":"delta","content":"俯瞰","error":null,"message_id":"23da9afb-8f2d-4df7-9219-da76f0405e7c","conversation_id":null,"itinerary":null} @ webpack-internal:///(app-pages-browser)/./lib/chat-transport.ts:103
[  653631ms] [LOG] [ChatTransport] Received WebSocket response: {"type":"delta","content":"故宫","error":null,"message_id":"23da9afb-8f2d-4df7-9219-da76f0405e7c","conversation_id":null,"itinerary":null} @ webpack-internal:///(app-pages-browser)/./lib/chat-transport.ts:103
[  653696ms] [LOG] [ChatTransport] Received WebSocket response: {"type":"delta","content":"全景","error":null,"message_id":"23da9afb-8f2d-4df7-9219-da76f0405e7c","conversation_id":null,"itinerary":null} @ webpack-internal:///(app-pages-browser)/./lib/chat-transport.ts:103
[  653707ms] [LOG] [ChatTransport] Received WebSocket response: {"type":"delta","content":" →","error":null,"message_id":"23da9afb-8f2d-4df7-9219-da76f0405e7c","conversation_id":null,"itinerary":null} @ webpack-internal:///(app-pages-browser)/./lib/chat-transport.ts:103
[  653784ms] [LOG] [ChatTransport] Received WebSocket response: {"type":"delta","content":" ","error":null,"message_id":"23da9afb-8f2d-4df7-9219-da76f0405e7c","conversation_id":null,"itinerary":null} @ webpack-internal:///(app-pages-browser)/./lib/chat-transport.ts:103
[  653795ms] [LOG] [ChatTransport] Received WebSocket response: {"type":"delta","content":"北海","error":null,"message_id":"23da9afb-8f2d-4df7-9219-da76f0405e7c","conversation_id":null,"itinerary":null} @ webpack-internal:///(app-pages-browser)/./lib/chat-transport.ts:103
[  653874ms] [LOG] [ChatTransport] Received WebSocket response: {"type":"delta","content":"公园","error":null,"message_id":"23da9afb-8f2d-4df7-9219-da76f0405e7c","conversation_id":null,"itinerary":null} @ webpack-internal:///(app-pages-browser)/./lib/chat-transport.ts:103
[  653875ms] [LOG] [ChatTransport] Received WebSocket response: {"type":"delta","content":"（","error":null,"message_id":"23da9afb-8f2d-4df7-9219-da76f0405e7c","conversation_id":null,"itinerary":null} @ webpack-internal:///(app-pages-browser)/./lib/chat-transport.ts:103
[  654157ms] [LOG] [ChatTransport] Received WebSocket response: {"type":"delta","content":"旺季","error":null,"message_id":"23da9afb-8f2d-4df7-9219-da76f0405e7c","conversation_id":null,"itinerary":null} @ webpack-internal:///(app-pages-browser)/./lib/chat-transport.ts:103
[  654170ms] [LOG] [ChatTransport] Received WebSocket response: {"type":"delta","content":"10","error":null,"message_id":"23da9afb-8f2d-4df7-9219-da76f0405e7c","conversation_id":null,"itinerary":null} @ webpack-internal:///(app-pages-browser)/./lib/chat-transport.ts:103
[  654178ms] [LOG] [ChatTransport] Received WebSocket response: {"type":"delta","content":"元","error":null,"message_id":"23da9afb-8f2d-4df7-9219-da76f0405e7c","conversation_id":null,"itinerary":null} @ webpack-internal:///(app-pages-browser)/./lib/chat-transport.ts:103
[  654178ms] [LOG] [ChatTransport] Received WebSocket response: {"type":"delta","content":"/","error":null,"message_id":"23da9afb-8f2d-4df7-9219-da76f0405e7c","conversation_id":null,"itinerary":null} @ webpack-internal:///(app-pages-browser)/./lib/chat-transport.ts:103
[  654178ms] [LOG] [ChatTransport] Received WebSocket response: {"type":"delta","content":"人","error":null,"message_id":"23da9afb-8f2d-4df7-9219-da76f0405e7c","conversation_id":null,"itinerary":null} @ webpack-internal:///(app-pages-browser)/./lib/chat-transport.ts:103
[  654222ms] [LOG] [ChatTransport] Received WebSocket response: {"type":"delta","content":"）\n","error":null,"message_id":"23da9afb-8f2d-4df7-9219-da76f0405e7c","conversation_id":null,"itinerary":null} @ webpack-internal:///(app-pages-browser)/./lib/chat-transport.ts:103
[  654234ms] [LOG] [ChatTransport] Received WebSocket response: {"type":"delta","content":"-","error":null,"message_id":"23da9afb-8f2d-4df7-9219-da76f0405e7c","conversation_id":null,"itinerary":null} @ webpack-internal:///(app-pages-browser)/./lib/chat-transport.ts:103
[  654300ms] [LOG] [ChatTransport] Received WebSocket response: {"type":"delta","content":" **","error":null,"message_id":"23da9afb-8f2d-4df7-9219-da76f0405e7c","conversation_id":null,"itinerary":null} @ webpack-internal:///(app-pages-browser)/./lib/chat-transport.ts:103
[  654310ms] [LOG] [ChatTransport] Received WebSocket response: {"type":"delta","content":"晚上","error":null,"message_id":"23da9afb-8f2d-4df7-9219-da76f0405e7c","conversation_id":null,"itinerary":null} @ webpack-internal:///(app-pages-browser)/./lib/chat-transport.ts:103
[  654388ms] [LOG] [ChatTransport] Received WebSocket response: {"type":"delta","content":"**","error":null,"message_id":"23da9afb-8f2d-4df7-9219-da76f0405e7c","conversation_id":null,"itinerary":null} @ webpack-internal:///(app-pages-browser)/./lib/chat-transport.ts:103
[  654389ms] [LOG] [ChatTransport] Received WebSocket response: {"type":"delta","content":"：","error":null,"message_id":"23da9afb-8f2d-4df7-9219-da76f0405e7c","conversation_id":null,"itinerary":null} @ webpack-internal:///(app-pages-browser)/./lib/chat-transport.ts:103
[  654465ms] [LOG] [ChatTransport] Received WebSocket response: {"type":"delta","content":"王府","error":null,"message_id":"23da9afb-8f2d-4df7-9219-da76f0405e7c","conversation_id":null,"itinerary":null} @ webpack-internal:///(app-pages-browser)/./lib/chat-transport.ts:103
[  654466ms] [LOG] [ChatTransport] Received WebSocket response: {"type":"delta","content":"井","error":null,"message_id":"23da9afb-8f2d-4df7-9219-da76f0405e7c","conversation_id":null,"itinerary":null} @ webpack-internal:///(app-pages-browser)/./lib/chat-transport.ts:103
[  654551ms] [LOG] [ChatTransport] Received WebSocket response: {"type":"delta","content":"步行","error":null,"message_id":"23da9afb-8f2d-4df7-9219-da76f0405e7c","conversation_id":null,"itinerary":null} @ webpack-internal:///(app-pages-browser)/./lib/chat-transport.ts:103
[  654800ms] [LOG] [ChatTransport] Received WebSocket response: {"type":"delta","content":"街","error":null,"message_id":"23da9afb-8f2d-4df7-9219-da76f0405e7c","conversation_id":null,"itinerary":null} @ webpack-internal:///(app-pages-browser)/./lib/chat-transport.ts:103
[  654811ms] [LOG] [ChatTransport] Received WebSocket response: {"type":"delta","content":"，","error":null,"message_id":"23da9afb-8f2d-4df7-9219-da76f0405e7c","conversation_id":null,"itinerary":null} @ webpack-internal:///(app-pages-browser)/./lib/chat-transport.ts:103
[  654818ms] [LOG] [ChatTransport] Received WebSocket response: {"type":"delta","content":"品尝","error":null,"message_id":"23da9afb-8f2d-4df7-9219-da76f0405e7c","conversation_id":null,"itinerary":null} @ webpack-internal:///(app-pages-browser)/./lib/chat-transport.ts:103
[  654818ms] [LOG] [ChatTransport] Received WebSocket response: {"type":"delta","content":"北京","error":null,"message_id":"23da9afb-8f2d-4df7-9219-da76f0405e7c","conversation_id":null,"itinerary":null} @ webpack-internal:///(app-pages-browser)/./lib/chat-transport.ts:103
[  654818ms] [LOG] [ChatTransport] Received WebSocket response: {"type":"delta","content":"小吃","error":null,"message_id":"23da9afb-8f2d-4df7-9219-da76f0405e7c","conversation_id":null,"itinerary":null} @ webpack-internal:///(app-pages-browser)/./lib/chat-transport.ts:103
[  654818ms] [LOG] [ChatTransport] Received WebSocket response: {"type":"delta","content":"\n\n","error":null,"message_id":"23da9afb-8f2d-4df7-9219-da76f0405e7c","conversation_id":null,"itinerary":null} @ webpack-internal:///(app-pages-browser)/./lib/chat-transport.ts:103
[  654911ms] [LOG] [ChatTransport] Received WebSocket response: {"type":"delta","content":"###","error":null,"message_id":"23da9afb-8f2d-4df7-9219-da76f0405e7c","conversation_id":null,"itinerary":null} @ webpack-internal:///(app-pages-browser)/./lib/chat-transport.ts:103
[  654965ms] [LOG] [ChatTransport] Received WebSocket response: {"type":"delta","content":" **","error":null,"message_id":"23da9afb-8f2d-4df7-9219-da76f0405e7c","conversation_id":null,"itinerary":null} @ webpack-internal:///(app-pages-browser)/./lib/chat-transport.ts:103
[  654966ms] [LOG] [ChatTransport] Received WebSocket response: {"type":"delta","content":"第二天","error":null,"message_id":"23da9afb-8f2d-4df7-9219-da76f0405e7c","conversation_id":null,"itinerary":null} @ webpack-internal:///(app-pages-browser)/./lib/chat-transport.ts:103
[  655044ms] [LOG] [ChatTransport] Received WebSocket response: {"type":"delta","content":"：","error":null,"message_id":"23da9afb-8f2d-4df7-9219-da76f0405e7c","conversation_id":null,"itinerary":null} @ webpack-internal:///(app-pages-browser)/./lib/chat-transport.ts:103
[  655045ms] [LOG] [ChatTransport] Received WebSocket response: {"type":"delta","content":"皇家","error":null,"message_id":"23da9afb-8f2d-4df7-9219-da76f0405e7c","conversation_id":null,"itinerary":null} @ webpack-internal:///(app-pages-browser)/./lib/chat-transport.ts:103
[  655131ms] [LOG] [ChatTransport] Received WebSocket response: {"type":"delta","content":"园林","error":null,"message_id":"23da9afb-8f2d-4df7-9219-da76f0405e7c","conversation_id":null,"itinerary":null} @ webpack-internal:///(app-pages-browser)/./lib/chat-transport.ts:103
[  655131ms] [LOG] [ChatTransport] Received WebSocket response: {"type":"delta","content":"与","error":null,"message_id":"23da9afb-8f2d-4df7-9219-da76f0405e7c","conversation_id":null,"itinerary":null} @ webpack-internal:///(app-pages-browser)/./lib/chat-transport.ts:103
[  655215ms] [LOG] [ChatTransport] Received WebSocket response: {"type":"delta","content":"长城","error":null,"message_id":"23da9afb-8f2d-4df7-9219-da76f0405e7c","conversation_id":null,"itinerary":null} @ webpack-internal:///(app-pages-browser)/./lib/chat-transport.ts:103
[  655226ms] [LOG] [ChatTransport] Received WebSocket response: {"type":"delta","content":"**\n","error":null,"message_id":"23da9afb-8f2d-4df7-9219-da76f0405e7c","conversation_id":null,"itinerary":null} @ webpack-internal:///(app-pages-browser)/./lib/chat-transport.ts:103
[  655433ms] [LOG] [ChatTransport] Received WebSocket response: {"type":"delta","content":"-","error":null,"message_id":"23da9afb-8f2d-4df7-9219-da76f0405e7c","conversation_id":null,"itinerary":null} @ webpack-internal:///(app-pages-browser)/./lib/chat-transport.ts:103
[  655442ms] [LOG] [ChatTransport] Received WebSocket response: {"type":"delta","content":" **","error":null,"message_id":"23da9afb-8f2d-4df7-9219-da76f0405e7c","conversation_id":null,"itinerary":null} @ webpack-internal:///(app-pages-browser)/./lib/chat-transport.ts:103
[  655442ms] [LOG] [ChatTransport] Received WebSocket response: {"type":"delta","content":"上午","error":null,"message_id":"23da9afb-8f2d-4df7-9219-da76f0405e7c","conversation_id":null,"itinerary":null} @ webpack-internal:///(app-pages-browser)/./lib/chat-transport.ts:103
[  655442ms] [LOG] [ChatTransport] Received WebSocket response: {"type":"delta","content":"**","error":null,"message_id":"23da9afb-8f2d-4df7-9219-da76f0405e7c","conversation_id":null,"itinerary":null} @ webpack-internal:///(app-pages-browser)/./lib/chat-transport.ts:103
[  655461ms] [LOG] [ChatTransport] Received WebSocket response: {"type":"delta","content":"：","error":null,"message_id":"23da9afb-8f2d-4df7-9219-da76f0405e7c","conversation_id":null,"itinerary":null} @ webpack-internal:///(app-pages-browser)/./lib/chat-transport.ts:103
[  655467ms] [LOG] [ChatTransport] Received WebSocket response: {"type":"delta","content":"八","error":null,"message_id":"23da9afb-8f2d-4df7-9219-da76f0405e7c","conversation_id":null,"itinerary":null} @ webpack-internal:///(app-pages-browser)/./lib/chat-transport.ts:103
[  655548ms] [LOG] [ChatTransport] Received WebSocket response: {"type":"delta","content":"达","error":null,"message_id":"23da9afb-8f2d-4df7-9219-da76f0405e7c","conversation_id":null,"itinerary":null} @ webpack-internal:///(app-pages-browser)/./lib/chat-transport.ts:103
[  655555ms] [LOG] [ChatTransport] Received WebSocket response: {"type":"delta","content":"岭","error":null,"message_id":"23da9afb-8f2d-4df7-9219-da76f0405e7c","conversation_id":null,"itinerary":null} @ webpack-internal:///(app-pages-browser)/./lib/chat-transport.ts:103
[  655647ms] [LOG] [ChatTransport] Received WebSocket response: {"type":"delta","content":"长城","error":null,"message_id":"23da9afb-8f2d-4df7-9219-da76f0405e7c","conversation_id":null,"itinerary":null} @ webpack-internal:///(app-pages-browser)/./lib/chat-transport.ts:103
[  655655ms] [LOG] [ChatTransport] Received WebSocket response: {"type":"delta","content":"（","error":null,"message_id":"23da9afb-8f2d-4df7-9219-da76f0405e7c","conversation_id":null,"itinerary":null} @ webpack-internal:///(app-pages-browser)/./lib/chat-transport.ts:103
[  655708ms] [LOG] [ChatTransport] Received WebSocket response: {"type":"delta","content":"旺季","error":null,"message_id":"23da9afb-8f2d-4df7-9219-da76f0405e7c","conversation_id":null,"itinerary":null} @ webpack-internal:///(app-pages-browser)/./lib/chat-transport.ts:103
[  655719ms] [LOG] [ChatTransport] Received WebSocket response: {"type":"delta","content":"40","error":null,"message_id":"23da9afb-8f2d-4df7-9219-da76f0405e7c","conversation_id":null,"itinerary":null} @ webpack-internal:///(app-pages-browser)/./lib/chat-transport.ts:103
[  656077ms] [LOG] [ChatTransport] Received WebSocket response: {"type":"delta","content":"元","error":null,"message_id":"23da9afb-8f2d-4df7-9219-da76f0405e7c","conversation_id":null,"itinerary":null} @ webpack-internal:///(app-pages-browser)/./lib/chat-transport.ts:103
[  656078ms] [LOG] [ChatTransport] Received WebSocket response: {"type":"delta","content":"/","error":null,"message_id":"23da9afb-8f2d-4df7-9219-da76f0405e7c","conversation_id":null,"itinerary":null} @ webpack-internal:///(app-pages-browser)/./lib/chat-transport.ts:103
[  656084ms] [LOG] [ChatTransport] Received WebSocket response: {"type":"delta","content":"人","error":null,"message_id":"23da9afb-8f2d-4df7-9219-da76f0405e7c","conversation_id":null,"itinerary":null} @ webpack-internal:///(app-pages-browser)/./lib/chat-transport.ts:103
[  656090ms] [LOG] [ChatTransport] Received WebSocket response: {"type":"delta","content":"），","error":null,"message_id":"23da9afb-8f2d-4df7-9219-da76f0405e7c","conversation_id":null,"itinerary":null} @ webpack-internal:///(app-pages-browser)/./lib/chat-transport.ts:103
[  656090ms] [LOG] [ChatTransport] Received WebSocket response: {"type":"delta","content":"建议","error":null,"message_id":"23da9afb-8f2d-4df7-9219-da76f0405e7c","conversation_id":null,"itinerary":null} @ webpack-internal:///(app-pages-browser)/./lib/chat-transport.ts:103
[  656090ms] [LOG] [ChatTransport] Received WebSocket response: {"type":"delta","content":"包","error":null,"message_id":"23da9afb-8f2d-4df7-9219-da76f0405e7c","conversation_id":null,"itinerary":null} @ webpack-internal:///(app-pages-browser)/./lib/chat-transport.ts:103
[  656090ms] [LOG] [ChatTransport] Received WebSocket response: {"type":"delta","content":"车","error":null,"message_id":"23da9afb-8f2d-4df7-9219-da76f0405e7c","conversation_id":null,"itinerary":null} @ webpack-internal:///(app-pages-browser)/./lib/chat-transport.ts:103
[  656090ms] [LOG] [ChatTransport] Received WebSocket response: {"type":"delta","content":"或","error":null,"message_id":"23da9afb-8f2d-4df7-9219-da76f0405e7c","conversation_id":null,"itinerary":null} @ webpack-internal:///(app-pages-browser)/./lib/chat-transport.ts:103
[  656129ms] [LOG] [ChatTransport] Received WebSocket response: {"type":"delta","content":"参加","error":null,"message_id":"23da9afb-8f2d-4df7-9219-da76f0405e7c","conversation_id":null,"itinerary":null} @ webpack-internal:///(app-pages-browser)/./lib/chat-transport.ts:103
[  656136ms] [LOG] [ChatTransport] Received WebSocket response: {"type":"delta","content":"一日","error":null,"message_id":"23da9afb-8f2d-4df7-9219-da76f0405e7c","conversation_id":null,"itinerary":null} @ webpack-internal:///(app-pages-browser)/./lib/chat-transport.ts:103
[  656228ms] [LOG] [ChatTransport] Received WebSocket response: {"type":"delta","content":"游","error":null,"message_id":"23da9afb-8f2d-4df7-9219-da76f0405e7c","conversation_id":null,"itinerary":null} @ webpack-internal:///(app-pages-browser)/./lib/chat-transport.ts:103
[  656238ms] [LOG] [ChatTransport] Received WebSocket response: {"type":"delta","content":"团","error":null,"message_id":"23da9afb-8f2d-4df7-9219-da76f0405e7c","conversation_id":null,"itinerary":null} @ webpack-internal:///(app-pages-browser)/./lib/chat-transport.ts:103
[  656318ms] [LOG] [ChatTransport] Received WebSocket response: {"type":"delta","content":"\n","error":null,"message_id":"23da9afb-8f2d-4df7-9219-da76f0405e7c","conversation_id":null,"itinerary":null} @ webpack-internal:///(app-pages-browser)/./lib/chat-transport.ts:103
[  656324ms] [LOG] [ChatTransport] Received WebSocket response: {"type":"delta","content":"-","error":null,"message_id":"23da9afb-8f2d-4df7-9219-da76f0405e7c","conversation_id":null,"itinerary":null} @ webpack-internal:///(app-pages-browser)/./lib/chat-transport.ts:103
[  656384ms] [LOG] [ChatTransport] Received WebSocket response: {"type":"delta","content":" **","error":null,"message_id":"23da9afb-8f2d-4df7-9219-da76f0405e7c","conversation_id":null,"itinerary":null} @ webpack-internal:///(app-pages-browser)/./lib/chat-transport.ts:103
[  656389ms] [LOG] [ChatTransport] Received WebSocket response: {"type":"delta","content":"下午","error":null,"message_id":"23da9afb-8f2d-4df7-9219-da76f0405e7c","conversation_id":null,"itinerary":null} @ webpack-internal:///(app-pages-browser)/./lib/chat-transport.ts:103
[  656463ms] [LOG] [ChatTransport] Received WebSocket response: {"type":"delta","content":"**","error":null,"message_id":"23da9afb-8f2d-4df7-9219-da76f0405e7c","conversation_id":null,"itinerary":null} @ webpack-internal:///(app-pages-browser)/./lib/chat-transport.ts:103
[  656474ms] [LOG] [ChatTransport] Received WebSocket response: {"type":"delta","content":"：","error":null,"message_id":"23da9afb-8f2d-4df7-9219-da76f0405e7c","conversation_id":null,"itinerary":null} @ webpack-internal:///(app-pages-browser)/./lib/chat-transport.ts:103
[  656548ms] [LOG] [ChatTransport] Received WebSocket response: {"type":"delta","content":"明","error":null,"message_id":"23da9afb-8f2d-4df7-9219-da76f0405e7c","conversation_id":null,"itinerary":null} @ webpack-internal:///(app-pages-browser)/./lib/chat-transport.ts:103
[  656730ms] [LOG] [ChatTransport] Received WebSocket response: {"type":"delta","content":"十三","error":null,"message_id":"23da9afb-8f2d-4df7-9219-da76f0405e7c","conversation_id":null,"itinerary":null} @ webpack-internal:///(app-pages-browser)/./lib/chat-transport.ts:103
[  656738ms] [LOG] [ChatTransport] Received WebSocket response: {"type":"delta","content":"陵","error":null,"message_id":"23da9afb-8f2d-4df7-9219-da76f0405e7c","conversation_id":null,"itinerary":null} @ webpack-internal:///(app-pages-browser)/./lib/chat-transport.ts:103
[  656738ms] [LOG] [ChatTransport] Received WebSocket response: {"type":"delta","content":"（","error":null,"message_id":"23da9afb-8f2d-4df7-9219-da76f0405e7c","conversation_id":null,"itinerary":null} @ webpack-internal:///(app-pages-browser)/./lib/chat-transport.ts:103
[  656744ms] [LOG] [ChatTransport] Received WebSocket response: {"type":"delta","content":"定","error":null,"message_id":"23da9afb-8f2d-4df7-9219-da76f0405e7c","conversation_id":null,"itinerary":null} @ webpack-internal:///(app-pages-browser)/./lib/chat-transport.ts:103
[  657054ms] [LOG] [ChatTransport] Received WebSocket response: {"type":"delta","content":"陵","error":null,"message_id":"23da9afb-8f2d-4df7-9219-da76f0405e7c","conversation_id":null,"itinerary":null} @ webpack-internal:///(app-pages-browser)/./lib/chat-transport.ts:103
[  657061ms] [LOG] [ChatTransport] Received WebSocket response: {"type":"delta","content":"65","error":null,"message_id":"23da9afb-8f2d-4df7-9219-da76f0405e7c","conversation_id":null,"itinerary":null} @ webpack-internal:///(app-pages-browser)/./lib/chat-transport.ts:103
[  657067ms] [LOG] [ChatTransport] Received WebSocket response: {"type":"delta","content":"元","error":null,"message_id":"23da9afb-8f2d-4df7-9219-da76f0405e7c","conversation_id":null,"itinerary":null} @ webpack-internal:///(app-pages-browser)/./lib/chat-transport.ts:103
[  657067ms] [LOG] [ChatTransport] Received WebSocket response: {"type":"delta","content":"/","error":null,"message_id":"23da9afb-8f2d-4df7-9219-da76f0405e7c","conversation_id":null,"itinerary":null} @ webpack-internal:///(app-pages-browser)/./lib/chat-transport.ts:103
[  657067ms] [LOG] [ChatTransport] Received WebSocket response: {"type":"delta","content":"人","error":null,"message_id":"23da9afb-8f2d-4df7-9219-da76f0405e7c","conversation_id":null,"itinerary":null} @ webpack-internal:///(app-pages-browser)/./lib/chat-transport.ts:103
[  657067ms] [LOG] [ChatTransport] Received WebSocket response: {"type":"delta","content":"）\n","error":null,"message_id":"23da9afb-8f2d-4df7-9219-da76f0405e7c","conversation_id":null,"itinerary":null} @ webpack-internal:///(app-pages-browser)/./lib/chat-transport.ts:103
[  657072ms] [LOG] [ChatTransport] Received WebSocket response: {"type":"delta","content":"-","error":null,"message_id":"23da9afb-8f2d-4df7-9219-da76f0405e7c","conversation_id":null,"itinerary":null} @ webpack-internal:///(app-pages-browser)/./lib/chat-transport.ts:103
[  657072ms] [LOG] [ChatTransport] Received WebSocket response: {"type":"delta","content":" **","error":null,"message_id":"23da9afb-8f2d-4df7-9219-da76f0405e7c","conversation_id":null,"itinerary":null} @ webpack-internal:///(app-pages-browser)/./lib/chat-transport.ts:103
[  657193ms] [LOG] [ChatTransport] Received WebSocket response: {"type":"delta","content":"晚上","error":null,"message_id":"23da9afb-8f2d-4df7-9219-da76f0405e7c","conversation_id":null,"itinerary":null} @ webpack-internal:///(app-pages-browser)/./lib/chat-transport.ts:103
[  657199ms] [LOG] [ChatTransport] Received WebSocket response: {"type":"delta","content":"**","error":null,"message_id":"23da9afb-8f2d-4df7-9219-da76f0405e7c","conversation_id":null,"itinerary":null} @ webpack-internal:///(app-pages-browser)/./lib/chat-transport.ts:103
[  657217ms] [LOG] [ChatTransport] Received WebSocket response: {"type":"delta","content":"：","error":null,"message_id":"23da9afb-8f2d-4df7-9219-da76f0405e7c","conversation_id":null,"itinerary":null} @ webpack-internal:///(app-pages-browser)/./lib/chat-transport.ts:103
[  657222ms] [LOG] [ChatTransport] Received WebSocket response: {"type":"delta","content":"返回","error":null,"message_id":"23da9afb-8f2d-4df7-9219-da76f0405e7c","conversation_id":null,"itinerary":null} @ webpack-internal:///(app-pages-browser)/./lib/chat-transport.ts:103
[  657328ms] [LOG] [ChatTransport] Received WebSocket response: {"type":"delta","content":"市区","error":null,"message_id":"23da9afb-8f2d-4df7-9219-da76f0405e7c","conversation_id":null,"itinerary":null} @ webpack-internal:///(app-pages-browser)/./lib/chat-transport.ts:103
[  657334ms] [LOG] [ChatTransport] Received WebSocket response: {"type":"delta","content":"，","error":null,"message_id":"23da9afb-8f2d-4df7-9219-da76f0405e7c","conversation_id":null,"itinerary":null} @ webpack-internal:///(app-pages-browser)/./lib/chat-transport.ts:103
[  657385ms] [LOG] [ChatTransport] Received WebSocket response: {"type":"delta","content":"品尝","error":null,"message_id":"23da9afb-8f2d-4df7-9219-da76f0405e7c","conversation_id":null,"itinerary":null} @ webpack-internal:///(app-pages-browser)/./lib/chat-transport.ts:103
[  657470ms] [LOG] [ChatTransport] Received WebSocket response: {"type":"delta","content":"老","error":null,"message_id":"23da9afb-8f2d-4df7-9219-da76f0405e7c","conversation_id":null,"itinerary":null} @ webpack-internal:///(app-pages-browser)/./lib/chat-transport.ts:103
[  657561ms] [LOG] [ChatTransport] Received WebSocket response: {"type":"delta","content":"北京","error":null,"message_id":"23da9afb-8f2d-4df7-9219-da76f0405e7c","conversation_id":null,"itinerary":null} @ webpack-internal:///(app-pages-browser)/./lib/chat-transport.ts:103
[  657633ms] [LOG] [ChatTransport] Received WebSocket response: {"type":"delta","content":"涮","error":null,"message_id":"23da9afb-8f2d-4df7-9219-da76f0405e7c","conversation_id":null,"itinerary":null} @ webpack-internal:///(app-pages-browser)/./lib/chat-transport.ts:103
[  657638ms] [LOG] [ChatTransport] Received WebSocket response: {"type":"delta","content":"羊肉","error":null,"message_id":"23da9afb-8f2d-4df7-9219-da76f0405e7c","conversation_id":null,"itinerary":null} @ webpack-internal:///(app-pages-browser)/./lib/chat-transport.ts:103
[  657831ms] [LOG] [ChatTransport] Received WebSocket response: {"type":"delta","content":"\n\n","error":null,"message_id":"23da9afb-8f2d-4df7-9219-da76f0405e7c","conversation_id":null,"itinerary":null} @ webpack-internal:///(app-pages-browser)/./lib/chat-transport.ts:103
[  657832ms] [LOG] [ChatTransport] Received WebSocket response: {"type":"delta","content":"###","error":null,"message_id":"23da9afb-8f2d-4df7-9219-da76f0405e7c","conversation_id":null,"itinerary":null} @ webpack-internal:///(app-pages-browser)/./lib/chat-transport.ts:103
[  657837ms] [LOG] [ChatTransport] Received WebSocket response: {"type":"delta","content":" **","error":null,"message_id":"23da9afb-8f2d-4df7-9219-da76f0405e7c","conversation_id":null,"itinerary":null} @ webpack-internal:///(app-pages-browser)/./lib/chat-transport.ts:103
[  657842ms] [LOG] [ChatTransport] Received WebSocket response: {"type":"delta","content":"第三天","error":null,"message_id":"23da9afb-8f2d-4df7-9219-da76f0405e7c","conversation_id":null,"itinerary":null} @ webpack-internal:///(app-pages-browser)/./lib/chat-transport.ts:103
[  657888ms] [LOG] [ChatTransport] Received WebSocket response: {"type":"delta","content":"：","error":null,"message_id":"23da9afb-8f2d-4df7-9219-da76f0405e7c","conversation_id":null,"itinerary":null} @ webpack-internal:///(app-pages-browser)/./lib/chat-transport.ts:103
[  657894ms] [LOG] [ChatTransport] Received WebSocket response: {"type":"delta","content":"胡同","error":null,"message_id":"23da9afb-8f2d-4df7-9219-da76f0405e7c","conversation_id":null,"itinerary":null} @ webpack-internal:///(app-pages-browser)/./lib/chat-transport.ts:103
[  657971ms] [LOG] [ChatTransport] Received WebSocket response: {"type":"delta","content":"文化与","error":null,"message_id":"23da9afb-8f2d-4df7-9219-da76f0405e7c","conversation_id":null,"itinerary":null} @ webpack-internal:///(app-pages-browser)/./lib/chat-transport.ts:103
[  657977ms] [LOG] [ChatTransport] Received WebSocket response: {"type":"delta","content":"博物馆","error":null,"message_id":"23da9afb-8f2d-4df7-9219-da76f0405e7c","conversation_id":null,"itinerary":null} @ webpack-internal:///(app-pages-browser)/./lib/chat-transport.ts:103
[  658067ms] [LOG] [ChatTransport] Received WebSocket response: {"type":"delta","content":"**\n","error":null,"message_id":"23da9afb-8f2d-4df7-9219-da76f0405e7c","conversation_id":null,"itinerary":null} @ webpack-internal:///(app-pages-browser)/./lib/chat-transport.ts:103
[  658073ms] [LOG] [ChatTransport] Received WebSocket response: {"type":"delta","content":"-","error":null,"message_id":"23da9afb-8f2d-4df7-9219-da76f0405e7c","conversation_id":null,"itinerary":null} @ webpack-internal:///(app-pages-browser)/./lib/chat-transport.ts:103
[  658141ms] [LOG] [ChatTransport] Received WebSocket response: {"type":"delta","content":" **","error":null,"message_id":"23da9afb-8f2d-4df7-9219-da76f0405e7c","conversation_id":null,"itinerary":null} @ webpack-internal:///(app-pages-browser)/./lib/chat-transport.ts:103
[  658147ms] [LOG] [ChatTransport] Received WebSocket response: {"type":"delta","content":"上午","error":null,"message_id":"23da9afb-8f2d-4df7-9219-da76f0405e7c","conversation_id":null,"itinerary":null} @ webpack-internal:///(app-pages-browser)/./lib/chat-transport.ts:103
[  658318ms] [LOG] [ChatTransport] Received WebSocket response: {"type":"delta","content":"**","error":null,"message_id":"23da9afb-8f2d-4df7-9219-da76f0405e7c","conversation_id":null,"itinerary":null} @ webpack-internal:///(app-pages-browser)/./lib/chat-transport.ts:103
[  658323ms] [LOG] [ChatTransport] Received WebSocket response: {"type":"delta","content":"：","error":null,"message_id":"23da9afb-8f2d-4df7-9219-da76f0405e7c","conversation_id":null,"itinerary":null} @ webpack-internal:///(app-pages-browser)/./lib/chat-transport.ts:103
[  658327ms] [LOG] [ChatTransport] Received WebSocket response: {"type":"delta","content":"南","error":null,"message_id":"23da9afb-8f2d-4df7-9219-da76f0405e7c","conversation_id":null,"itinerary":null} @ webpack-internal:///(app-pages-browser)/./lib/chat-transport.ts:103
[  658327ms] [LOG] [ChatTransport] Received WebSocket response: {"type":"delta","content":"锣","error":null,"message_id":"23da9afb-8f2d-4df7-9219-da76f0405e7c","conversation_id":null,"itinerary":null} @ webpack-internal:///(app-pages-browser)/./lib/chat-transport.ts:103
[  658384ms] [LOG] [ChatTransport] Received WebSocket response: {"type":"delta","content":"鼓","error":null,"message_id":"23da9afb-8f2d-4df7-9219-da76f0405e7c","conversation_id":null,"itinerary":null} @ webpack-internal:///(app-pages-browser)/./lib/chat-transport.ts:103
[  658390ms] [LOG] [ChatTransport] Received WebSocket response: {"type":"delta","content":"巷","error":null,"message_id":"23da9afb-8f2d-4df7-9219-da76f0405e7c","conversation_id":null,"itinerary":null} @ webpack-internal:///(app-pages-browser)/./lib/chat-transport.ts:103
[  658471ms] [LOG] [ChatTransport] Received WebSocket response: {"type":"delta","content":"胡同","error":null,"message_id":"23da9afb-8f2d-4df7-9219-da76f0405e7c","conversation_id":null,"itinerary":null} @ webpack-internal:///(app-pages-browser)/./lib/chat-transport.ts:103
[  658481ms] [LOG] [ChatTransport] Received WebSocket response: {"type":"delta","content":"游览","error":null,"message_id":"23da9afb-8f2d-4df7-9219-da76f0405e7c","conversation_id":null,"itinerary":null} @ webpack-internal:///(app-pages-browser)/./lib/chat-transport.ts:103
[  658554ms] [LOG] [ChatTransport] Received WebSocket response: {"type":"delta","content":" →","error":null,"message_id":"23da9afb-8f2d-4df7-9219-da76f0405e7c","conversation_id":null,"itinerary":null} @ webpack-internal:///(app-pages-browser)/./lib/chat-transport.ts:103
[  658566ms] [LOG] [ChatTransport] Received WebSocket response: {"type":"delta","content":" ","error":null,"message_id":"23da9afb-8f2d-4df7-9219-da76f0405e7c","conversation_id":null,"itinerary":null} @ webpack-internal:///(app-pages-browser)/./lib/chat-transport.ts:103
[  658640ms] [LOG] [ChatTransport] Received WebSocket response: {"type":"delta","content":"什","error":null,"message_id":"23da9afb-8f2d-4df7-9219-da76f0405e7c","conversation_id":null,"itinerary":null} @ webpack-internal:///(app-pages-browser)/./lib/chat-transport.ts:103
[  658646ms] [LOG] [ChatTransport] Received WebSocket response: {"type":"delta","content":"刹","error":null,"message_id":"23da9afb-8f2d-4df7-9219-da76f0405e7c","conversation_id":null,"itinerary":null} @ webpack-internal:///(app-pages-browser)/./lib/chat-transport.ts:103
[  658918ms] [LOG] [ChatTransport] Received WebSocket response: {"type":"delta","content":"海","error":null,"message_id":"23da9afb-8f2d-4df7-9219-da76f0405e7c","conversation_id":null,"itinerary":null} @ webpack-internal:///(app-pages-browser)/./lib/chat-transport.ts:103
[  658926ms] [LOG] [ChatTransport] Received WebSocket response: {"type":"delta","content":"地区","error":null,"message_id":"23da9afb-8f2d-4df7-9219-da76f0405e7c","conversation_id":null,"itinerary":null} @ webpack-internal:///(app-pages-browser)/./lib/chat-transport.ts:103
[  658931ms] [LOG] [ChatTransport] Received WebSocket response: {"type":"delta","content":"\n","error":null,"message_id":"23da9afb-8f2d-4df7-9219-da76f0405e7c","conversation_id":null,"itinerary":null} @ webpack-internal:///(app-pages-browser)/./lib/chat-transport.ts:103
[  658931ms] [LOG] [ChatTransport] Received WebSocket response: {"type":"delta","content":"-","error":null,"message_id":"23da9afb-8f2d-4df7-9219-da76f0405e7c","conversation_id":null,"itinerary":null} @ webpack-internal:///(app-pages-browser)/./lib/chat-transport.ts:103
[  658932ms] [LOG] [ChatTransport] Received WebSocket response: {"type":"delta","content":" **","error":null,"message_id":"23da9afb-8f2d-4df7-9219-da76f0405e7c","conversation_id":null,"itinerary":null} @ webpack-internal:///(app-pages-browser)/./lib/chat-transport.ts:103
[  658932ms] [LOG] [ChatTransport] Received WebSocket response: {"type":"delta","content":"下午","error":null,"message_id":"23da9afb-8f2d-4df7-9219-da76f0405e7c","conversation_id":null,"itinerary":null} @ webpack-internal:///(app-pages-browser)/./lib/chat-transport.ts:103
[  658983ms] [LOG] [ChatTransport] Received WebSocket response: {"type":"delta","content":"**","error":null,"message_id":"23da9afb-8f2d-4df7-9219-da76f0405e7c","conversation_id":null,"itinerary":null} @ webpack-internal:///(app-pages-browser)/./lib/chat-transport.ts:103
[  658994ms] [LOG] [ChatTransport] Received WebSocket response: {"type":"delta","content":"：","error":null,"message_id":"23da9afb-8f2d-4df7-9219-da76f0405e7c","conversation_id":null,"itinerary":null} @ webpack-internal:///(app-pages-browser)/./lib/chat-transport.ts:103
[  659063ms] [LOG] [ChatTransport] Received WebSocket response: {"type":"delta","content":"中国","error":null,"message_id":"23da9afb-8f2d-4df7-9219-da76f0405e7c","conversation_id":null,"itinerary":null} @ webpack-internal:///(app-pages-browser)/./lib/chat-transport.ts:103
[  659151ms] [LOG] [ChatTransport] Received WebSocket response: {"type":"delta","content":"国家","error":null,"message_id":"23da9afb-8f2d-4df7-9219-da76f0405e7c","conversation_id":null,"itinerary":null} @ webpack-internal:///(app-pages-browser)/./lib/chat-transport.ts:103
[  659156ms] [LOG] [ChatTransport] Received WebSocket response: {"type":"delta","content":"博物馆","error":null,"message_id":"23da9afb-8f2d-4df7-9219-da76f0405e7c","conversation_id":null,"itinerary":null} @ webpack-internal:///(app-pages-browser)/./lib/chat-transport.ts:103
[  659237ms] [LOG] [ChatTransport] Received WebSocket response: {"type":"delta","content":"（","error":null,"message_id":"23da9afb-8f2d-4df7-9219-da76f0405e7c","conversation_id":null,"itinerary":null} @ webpack-internal:///(app-pages-browser)/./lib/chat-transport.ts:103
[  659247ms] [LOG] [ChatTransport] Received WebSocket response: {"type":"delta","content":"免费","error":null,"message_id":"23da9afb-8f2d-4df7-9219-da76f0405e7c","conversation_id":null,"itinerary":null} @ webpack-internal:///(app-pages-browser)/./lib/chat-transport.ts:103
[  659358ms] [LOG] [ChatTransport] Received WebSocket response: {"type":"delta","content":"需","error":null,"message_id":"23da9afb-8f2d-4df7-9219-da76f0405e7c","conversation_id":null,"itinerary":null} @ webpack-internal:///(app-pages-browser)/./lib/chat-transport.ts:103
[  659400ms] [LOG] [ChatTransport] Received WebSocket response: {"type":"delta","content":"预约","error":null,"message_id":"23da9afb-8f2d-4df7-9219-da76f0405e7c","conversation_id":null,"itinerary":null} @ webpack-internal:///(app-pages-browser)/./lib/chat-transport.ts:103
[  659411ms] [LOG] [ChatTransport] Received WebSocket response: {"type":"delta","content":"）","error":null,"message_id":"23da9afb-8f2d-4df7-9219-da76f0405e7c","conversation_id":null,"itinerary":null} @ webpack-internal:///(app-pages-browser)/./lib/chat-transport.ts:103
[  659497ms] [LOG] [ChatTransport] Received WebSocket response: {"type":"delta","content":"或","error":null,"message_id":"23da9afb-8f2d-4df7-9219-da76f0405e7c","conversation_id":null,"itinerary":null} @ webpack-internal:///(app-pages-browser)/./lib/chat-transport.ts:103
[  659575ms] [LOG] [ChatTransport] Received WebSocket response: {"type":"delta","content":"首都","error":null,"message_id":"23da9afb-8f2d-4df7-9219-da76f0405e7c","conversation_id":null,"itinerary":null} @ webpack-internal:///(app-pages-browser)/./lib/chat-transport.ts:103
[  659652ms] [LOG] [ChatTransport] Received WebSocket response: {"type":"delta","content":"博物馆","error":null,"message_id":"23da9afb-8f2d-4df7-9219-da76f0405e7c","conversation_id":null,"itinerary":null} @ webpack-internal:///(app-pages-browser)/./lib/chat-transport.ts:103
[  659661ms] [LOG] [ChatTransport] Received WebSocket response: {"type":"delta","content":"（","error":null,"message_id":"23da9afb-8f2d-4df7-9219-da76f0405e7c","conversation_id":null,"itinerary":null} @ webpack-internal:///(app-pages-browser)/./lib/chat-transport.ts:103
[  659741ms] [LOG] [ChatTransport] Received WebSocket response: {"type":"delta","content":"免费","error":null,"message_id":"23da9afb-8f2d-4df7-9219-da76f0405e7c","conversation_id":null,"itinerary":null} @ webpack-internal:///(app-pages-browser)/./lib/chat-transport.ts:103
[  659748ms] [LOG] [ChatTransport] Received WebSocket response: {"type":"delta","content":"需","error":null,"message_id":"23da9afb-8f2d-4df7-9219-da76f0405e7c","conversation_id":null,"itinerary":null} @ webpack-internal:///(app-pages-browser)/./lib/chat-transport.ts:103
[  659901ms] [LOG] [ChatTransport] Received WebSocket response: {"type":"delta","content":"预约","error":null,"message_id":"23da9afb-8f2d-4df7-9219-da76f0405e7c","conversation_id":null,"itinerary":null} @ webpack-internal:///(app-pages-browser)/./lib/chat-transport.ts:103
[  659912ms] [LOG] [ChatTransport] Received WebSocket response: {"type":"delta","content":"）\n","error":null,"message_id":"23da9afb-8f2d-4df7-9219-da76f0405e7c","conversation_id":null,"itinerary":null} @ webpack-internal:///(app-pages-browser)/./lib/chat-transport.ts:103
[  659919ms] [LOG] [ChatTransport] Received WebSocket response: {"type":"delta","content":"-","error":null,"message_id":"23da9afb-8f2d-4df7-9219-da76f0405e7c","conversation_id":null,"itinerary":null} @ webpack-internal:///(app-pages-browser)/./lib/chat-transport.ts:103
[  659924ms] [LOG] [ChatTransport] Received WebSocket response: {"type":"delta","content":" **","error":null,"message_id":"23da9afb-8f2d-4df7-9219-da76f0405e7c","conversation_id":null,"itinerary":null} @ webpack-internal:///(app-pages-browser)/./lib/chat-transport.ts:103
[  659987ms] [LOG] [ChatTransport] Received WebSocket response: {"type":"delta","content":"晚上","error":null,"message_id":"23da9afb-8f2d-4df7-9219-da76f0405e7c","conversation_id":null,"itinerary":null} @ webpack-internal:///(app-pages-browser)/./lib/chat-transport.ts:103
[  659999ms] [LOG] [ChatTransport] Received WebSocket response: {"type":"delta","content":"**","error":null,"message_id":"23da9afb-8f2d-4df7-9219-da76f0405e7c","conversation_id":null,"itinerary":null} @ webpack-internal:///(app-pages-browser)/./lib/chat-transport.ts:103
[  660082ms] [LOG] [ChatTransport] Received WebSocket response: {"type":"delta","content":"：","error":null,"message_id":"23da9afb-8f2d-4df7-9219-da76f0405e7c","conversation_id":null,"itinerary":null} @ webpack-internal:///(app-pages-browser)/./lib/chat-transport.ts:103
[  660091ms] [LOG] [ChatTransport] Received WebSocket response: {"type":"delta","content":"前","error":null,"message_id":"23da9afb-8f2d-4df7-9219-da76f0405e7c","conversation_id":null,"itinerary":null} @ webpack-internal:///(app-pages-browser)/./lib/chat-transport.ts:103
[  660149ms] [LOG] [ChatTransport] Received WebSocket response: {"type":"delta","content":"门","error":null,"message_id":"23da9afb-8f2d-4df7-9219-da76f0405e7c","conversation_id":null,"itinerary":null} @ webpack-internal:///(app-pages-browser)/./lib/chat-transport.ts:103
[  660149ms] [LOG] [ChatTransport] Received WebSocket response: {"type":"delta","content":"大街","error":null,"message_id":"23da9afb-8f2d-4df7-9219-da76f0405e7c","conversation_id":null,"itinerary":null} @ webpack-internal:///(app-pages-browser)/./lib/chat-transport.ts:103
[  660235ms] [LOG] [ChatTransport] Received WebSocket response: {"type":"delta","content":"，","error":null,"message_id":"23da9afb-8f2d-4df7-9219-da76f0405e7c","conversation_id":null,"itinerary":null} @ webpack-internal:///(app-pages-browser)/./lib/chat-transport.ts:103
[  660243ms] [LOG] [ChatTransport] Received WebSocket response: {"type":"delta","content":"大","error":null,"message_id":"23da9afb-8f2d-4df7-9219-da76f0405e7c","conversation_id":null,"itinerary":null} @ webpack-internal:///(app-pages-browser)/./lib/chat-transport.ts:103
[  660315ms] [LOG] [ChatTransport] Received WebSocket response: {"type":"delta","content":"栅","error":null,"message_id":"23da9afb-8f2d-4df7-9219-da76f0405e7c","conversation_id":null,"itinerary":null} @ webpack-internal:///(app-pages-browser)/./lib/chat-transport.ts:103
[  660321ms] [LOG] [ChatTransport] Received WebSocket response: {"type":"delta","content":"栏","error":null,"message_id":"23da9afb-8f2d-4df7-9219-da76f0405e7c","conversation_id":null,"itinerary":null} @ webpack-internal:///(app-pages-browser)/./lib/chat-transport.ts:103
[  660410ms] [LOG] [ChatTransport] Received WebSocket response: {"type":"delta","content":"商业","error":null,"message_id":"23da9afb-8f2d-4df7-9219-da76f0405e7c","conversation_id":null,"itinerary":null} @ webpack-internal:///(app-pages-browser)/./lib/chat-transport.ts:103
[  660419ms] [LOG] [ChatTransport] Received WebSocket response: {"type":"delta","content":"街","error":null,"message_id":"23da9afb-8f2d-4df7-9219-da76f0405e7c","conversation_id":null,"itinerary":null} @ webpack-internal:///(app-pages-browser)/./lib/chat-transport.ts:103
[  660498ms] [LOG] [ChatTransport] Received WebSocket response: {"type":"delta","content":"\n\n","error":null,"message_id":"23da9afb-8f2d-4df7-9219-da76f0405e7c","conversation_id":null,"itinerary":null} @ webpack-internal:///(app-pages-browser)/./lib/chat-transport.ts:103
[  660507ms] [LOG] [ChatTransport] Received WebSocket response: {"type":"delta","content":"##","error":null,"message_id":"23da9afb-8f2d-4df7-9219-da76f0405e7c","conversation_id":null,"itinerary":null} @ webpack-internal:///(app-pages-browser)/./lib/chat-transport.ts:103
[  660585ms] [LOG] [ChatTransport] Received WebSocket response: {"type":"delta","content":" 💰","error":null,"message_id":"23da9afb-8f2d-4df7-9219-da76f0405e7c","conversation_id":null,"itinerary":null} @ webpack-internal:///(app-pages-browser)/./lib/chat-transport.ts:103
[  660659ms] [LOG] [ChatTransport] Received WebSocket response: {"type":"delta","content":" **","error":null,"message_id":"23da9afb-8f2d-4df7-9219-da76f0405e7c","conversation_id":null,"itinerary":null} @ webpack-internal:///(app-pages-browser)/./lib/chat-transport.ts:103
[  660670ms] [LOG] [ChatTransport] Received WebSocket response: {"type":"delta","content":"预算","error":null,"message_id":"23da9afb-8f2d-4df7-9219-da76f0405e7c","conversation_id":null,"itinerary":null} @ webpack-internal:///(app-pages-browser)/./lib/chat-transport.ts:103
[  660743ms] [LOG] [ChatTransport] Received WebSocket response: {"type":"delta","content":"估算","error":null,"message_id":"23da9afb-8f2d-4df7-9219-da76f0405e7c","conversation_id":null,"itinerary":null} @ webpack-internal:///(app-pages-browser)/./lib/chat-transport.ts:103
[  660749ms] [LOG] [ChatTransport] Received WebSocket response: {"type":"delta","content":"（","error":null,"message_id":"23da9afb-8f2d-4df7-9219-da76f0405e7c","conversation_id":null,"itinerary":null} @ webpack-internal:///(app-pages-browser)/./lib/chat-transport.ts:103
[  660887ms] [LOG] [ChatTransport] Received WebSocket response: {"type":"delta","content":"单人","error":null,"message_id":"23da9afb-8f2d-4df7-9219-da76f0405e7c","conversation_id":null,"itinerary":null} @ webpack-internal:///(app-pages-browser)/./lib/chat-transport.ts:103
[  660913ms] [LOG] [ChatTransport] Received WebSocket response: {"type":"delta","content":"）","error":null,"message_id":"23da9afb-8f2d-4df7-9219-da76f0405e7c","conversation_id":null,"itinerary":null} @ webpack-internal:///(app-pages-browser)/./lib/chat-transport.ts:103
[  660913ms] [LOG] [ChatTransport] Received WebSocket response: {"type":"delta","content":"**\n","error":null,"message_id":"23da9afb-8f2d-4df7-9219-da76f0405e7c","conversation_id":null,"itinerary":null} @ webpack-internal:///(app-pages-browser)/./lib/chat-transport.ts:103
[  660994ms] [LOG] [ChatTransport] Received WebSocket response: {"type":"delta","content":"-","error":null,"message_id":"23da9afb-8f2d-4df7-9219-da76f0405e7c","conversation_id":null,"itinerary":null} @ webpack-internal:///(app-pages-browser)/./lib/chat-transport.ts:103
[  661000ms] [LOG] [ChatTransport] Received WebSocket response: {"type":"delta","content":" **","error":null,"message_id":"23da9afb-8f2d-4df7-9219-da76f0405e7c","conversation_id":null,"itinerary":null} @ webpack-internal:///(app-pages-browser)/./lib/chat-transport.ts:103
[  661074ms] [LOG] [ChatTransport] Received WebSocket response: {"type":"delta","content":"住宿","error":null,"message_id":"23da9afb-8f2d-4df7-9219-da76f0405e7c","conversation_id":null,"itinerary":null} @ webpack-internal:///(app-pages-browser)/./lib/chat-transport.ts:103
[  661086ms] [LOG] [ChatTransport] Received WebSocket response: {"type":"delta","content":"**","error":null,"message_id":"23da9afb-8f2d-4df7-9219-da76f0405e7c","conversation_id":null,"itinerary":null} @ webpack-internal:///(app-pages-browser)/./lib/chat-transport.ts:103
[  661153ms] [LOG] [ChatTransport] Received WebSocket response: {"type":"delta","content":"：","error":null,"message_id":"23da9afb-8f2d-4df7-9219-da76f0405e7c","conversation_id":null,"itinerary":null} @ webpack-internal:///(app-pages-browser)/./lib/chat-transport.ts:103
[  661160ms] [LOG] [ChatTransport] Received WebSocket response: {"type":"delta","content":"中","error":null,"message_id":"23da9afb-8f2d-4df7-9219-da76f0405e7c","conversation_id":null,"itinerary":null} @ webpack-internal:///(app-pages-browser)/./lib/chat-transport.ts:103
[  661239ms] [LOG] [ChatTransport] Received WebSocket response: {"type":"delta","content":"档","error":null,"message_id":"23da9afb-8f2d-4df7-9219-da76f0405e7c","conversation_id":null,"itinerary":null} @ webpack-internal:///(app-pages-browser)/./lib/chat-transport.ts:103
[  661250ms] [LOG] [ChatTransport] Received WebSocket response: {"type":"delta","content":"酒店","error":null,"message_id":"23da9afb-8f2d-4df7-9219-da76f0405e7c","conversation_id":null,"itinerary":null} @ webpack-internal:///(app-pages-browser)/./lib/chat-transport.ts:103
[  661335ms] [LOG] [ChatTransport] Received WebSocket response: {"type":"delta","content":"约","error":null,"message_id":"23da9afb-8f2d-4df7-9219-da76f0405e7c","conversation_id":null,"itinerary":null} @ webpack-internal:///(app-pages-browser)/./lib/chat-transport.ts:103
[  661342ms] [LOG] [ChatTransport] Received WebSocket response: {"type":"delta","content":"400","error":null,"message_id":"23da9afb-8f2d-4df7-9219-da76f0405e7c","conversation_id":null,"itinerary":null} @ webpack-internal:///(app-pages-browser)/./lib/chat-transport.ts:103
[  661514ms] [LOG] [ChatTransport] Received WebSocket response: {"type":"delta","content":"元","error":null,"message_id":"23da9afb-8f2d-4df7-9219-da76f0405e7c","conversation_id":null,"itinerary":null} @ webpack-internal:///(app-pages-browser)/./lib/chat-transport.ts:103
[  661526ms] [LOG] [ChatTransport] Received WebSocket response: {"type":"delta","content":"/","error":null,"message_id":"23da9afb-8f2d-4df7-9219-da76f0405e7c","conversation_id":null,"itinerary":null} @ webpack-internal:///(app-pages-browser)/./lib/chat-transport.ts:103
[  661532ms] [LOG] [ChatTransport] Received WebSocket response: {"type":"delta","content":"晚","error":null,"message_id":"23da9afb-8f2d-4df7-9219-da76f0405e7c","conversation_id":null,"itinerary":null} @ webpack-internal:///(app-pages-browser)/./lib/chat-transport.ts:103
[  661586ms] [LOG] [ChatTransport] Received WebSocket response: {"type":"delta","content":" ×","error":null,"message_id":"23da9afb-8f2d-4df7-9219-da76f0405e7c","conversation_id":null,"itinerary":null} @ webpack-internal:///(app-pages-browser)/./lib/chat-transport.ts:103
[  661598ms] [LOG] [ChatTransport] Received WebSocket response: {"type":"delta","content":" ","error":null,"message_id":"23da9afb-8f2d-4df7-9219-da76f0405e7c","conversation_id":null,"itinerary":null} @ webpack-internal:///(app-pages-browser)/./lib/chat-transport.ts:103
[  661653ms] [LOG] [ChatTransport] Received WebSocket response: {"type":"delta","content":"2","error":null,"message_id":"23da9afb-8f2d-4df7-9219-da76f0405e7c","conversation_id":null,"itinerary":null} @ webpack-internal:///(app-pages-browser)/./lib/chat-transport.ts:103
[  661666ms] [LOG] [ChatTransport] Received WebSocket response: {"type":"delta","content":"晚","error":null,"message_id":"23da9afb-8f2d-4df7-9219-da76f0405e7c","conversation_id":null,"itinerary":null} @ webpack-internal:///(app-pages-browser)/./lib/chat-transport.ts:103
[  661773ms] [LOG] [ChatTransport] Received WebSocket response: {"type":"delta","content":" =","error":null,"message_id":"23da9afb-8f2d-4df7-9219-da76f0405e7c","conversation_id":null,"itinerary":null} @ webpack-internal:///(app-pages-browser)/./lib/chat-transport.ts:103
[  661773ms] [LOG] [ChatTransport] Received WebSocket response: {"type":"delta","content":" ","error":null,"message_id":"23da9afb-8f2d-4df7-9219-da76f0405e7c","conversation_id":null,"itinerary":null} @ webpack-internal:///(app-pages-browser)/./lib/chat-transport.ts:103
[  661815ms] [LOG] [ChatTransport] Received WebSocket response: {"type":"delta","content":"800","error":null,"message_id":"23da9afb-8f2d-4df7-9219-da76f0405e7c","conversation_id":null,"itinerary":null} @ webpack-internal:///(app-pages-browser)/./lib/chat-transport.ts:103
[  661825ms] [LOG] [ChatTransport] Received WebSocket response: {"type":"delta","content":"元","error":null,"message_id":"23da9afb-8f2d-4df7-9219-da76f0405e7c","conversation_id":null,"itinerary":null} @ webpack-internal:///(app-pages-browser)/./lib/chat-transport.ts:103
[  661999ms] [LOG] [ChatTransport] Received WebSocket response: {"type":"delta","content":"\n","error":null,"message_id":"23da9afb-8f2d-4df7-9219-da76f0405e7c","conversation_id":null,"itinerary":null} @ webpack-internal:///(app-pages-browser)/./lib/chat-transport.ts:103
[  662005ms] [LOG] [ChatTransport] Received WebSocket response: {"type":"delta","content":"-","error":null,"message_id":"23da9afb-8f2d-4df7-9219-da76f0405e7c","conversation_id":null,"itinerary":null} @ webpack-internal:///(app-pages-browser)/./lib/chat-transport.ts:103
[  662010ms] [LOG] [ChatTransport] Received WebSocket response: {"type":"delta","content":" **","error":null,"message_id":"23da9afb-8f2d-4df7-9219-da76f0405e7c","conversation_id":null,"itinerary":null} @ webpack-internal:///(app-pages-browser)/./lib/chat-transport.ts:103
[  662010ms] [LOG] [ChatTransport] Received WebSocket response: {"type":"delta","content":"门票","error":null,"message_id":"23da9afb-8f2d-4df7-9219-da76f0405e7c","conversation_id":null,"itinerary":null} @ webpack-internal:///(app-pages-browser)/./lib/chat-transport.ts:103
[  662062ms] [LOG] [ChatTransport] Received WebSocket response: {"type":"delta","content":"**","error":null,"message_id":"23da9afb-8f2d-4df7-9219-da76f0405e7c","conversation_id":null,"itinerary":null} @ webpack-internal:///(app-pages-browser)/./lib/chat-transport.ts:103
[  662070ms] [LOG] [ChatTransport] Received WebSocket response: {"type":"delta","content":"：","error":null,"message_id":"23da9afb-8f2d-4df7-9219-da76f0405e7c","conversation_id":null,"itinerary":null} @ webpack-internal:///(app-pages-browser)/./lib/chat-transport.ts:103
[  662145ms] [LOG] [ChatTransport] Received WebSocket response: {"type":"delta","content":"故宫","error":null,"message_id":"23da9afb-8f2d-4df7-9219-da76f0405e7c","conversation_id":null,"itinerary":null} @ webpack-internal:///(app-pages-browser)/./lib/chat-transport.ts:103
[  662268ms] [LOG] [ChatTransport] Received WebSocket response: {"type":"delta","content":"60","error":null,"message_id":"23da9afb-8f2d-4df7-9219-da76f0405e7c","conversation_id":null,"itinerary":null} @ webpack-internal:///(app-pages-browser)/./lib/chat-transport.ts:103
[  662305ms] [LOG] [ChatTransport] Received WebSocket response: {"type":"delta","content":" +","error":null,"message_id":"23da9afb-8f2d-4df7-9219-da76f0405e7c","conversation_id":null,"itinerary":null} @ webpack-internal:///(app-pages-browser)/./lib/chat-transport.ts:103
[  662313ms] [LOG] [ChatTransport] Received WebSocket response: {"type":"delta","content":" ","error":null,"message_id":"23da9afb-8f2d-4df7-9219-da76f0405e7c","conversation_id":null,"itinerary":null} @ webpack-internal:///(app-pages-browser)/./lib/chat-transport.ts:103
[  662391ms] [LOG] [ChatTransport] Received WebSocket response: {"type":"delta","content":"景","error":null,"message_id":"23da9afb-8f2d-4df7-9219-da76f0405e7c","conversation_id":null,"itinerary":null} @ webpack-internal:///(app-pages-browser)/./lib/chat-transport.ts:103
[  662400ms] [LOG] [ChatTransport] Received WebSocket response: {"type":"delta","content":"山","error":null,"message_id":"23da9afb-8f2d-4df7-9219-da76f0405e7c","conversation_id":null,"itinerary":null} @ webpack-internal:///(app-pages-browser)/./lib/chat-transport.ts:103
[  662473ms] [LOG] [ChatTransport] Received WebSocket response: {"type":"delta","content":"2","error":null,"message_id":"23da9afb-8f2d-4df7-9219-da76f0405e7c","conversation_id":null,"itinerary":null} @ webpack-internal:///(app-pages-browser)/./lib/chat-transport.ts:103
[  662486ms] [LOG] [ChatTransport] Received WebSocket response: {"type":"delta","content":" +","error":null,"message_id":"23da9afb-8f2d-4df7-9219-da76f0405e7c","conversation_id":null,"itinerary":null} @ webpack-internal:///(app-pages-browser)/./lib/chat-transport.ts:103
[  662554ms] [LOG] [ChatTransport] Received WebSocket response: {"type":"delta","content":" ","error":null,"message_id":"23da9afb-8f2d-4df7-9219-da76f0405e7c","conversation_id":null,"itinerary":null} @ webpack-internal:///(app-pages-browser)/./lib/chat-transport.ts:103
[  662566ms] [LOG] [ChatTransport] Received WebSocket response: {"type":"delta","content":"北海","error":null,"message_id":"23da9afb-8f2d-4df7-9219-da76f0405e7c","conversation_id":null,"itinerary":null} @ webpack-internal:///(app-pages-browser)/./lib/chat-transport.ts:103
[  662637ms] [LOG] [ChatTransport] Received WebSocket response: {"type":"delta","content":"10","error":null,"message_id":"23da9afb-8f2d-4df7-9219-da76f0405e7c","conversation_id":null,"itinerary":null} @ webpack-internal:///(app-pages-browser)/./lib/chat-transport.ts:103
[  662649ms] [LOG] [ChatTransport] Received WebSocket response: {"type":"delta","content":" +","error":null,"message_id":"23da9afb-8f2d-4df7-9219-da76f0405e7c","conversation_id":null,"itinerary":null} @ webpack-internal:///(app-pages-browser)/./lib/chat-transport.ts:103
[  662726ms] [LOG] [ChatTransport] Received WebSocket response: {"type":"delta","content":" ","error":null,"message_id":"23da9afb-8f2d-4df7-9219-da76f0405e7c","conversation_id":null,"itinerary":null} @ webpack-internal:///(app-pages-browser)/./lib/chat-transport.ts:103
[  662727ms] [LOG] [ChatTransport] Received WebSocket response: {"type":"delta","content":"长城","error":null,"message_id":"23da9afb-8f2d-4df7-9219-da76f0405e7c","conversation_id":null,"itinerary":null} @ webpack-internal:///(app-pages-browser)/./lib/chat-transport.ts:103
[  662799ms] [LOG] [ChatTransport] Received WebSocket response: {"type":"delta","content":"40","error":null,"message_id":"23da9afb-8f2d-4df7-9219-da76f0405e7c","conversation_id":null,"itinerary":null} @ webpack-internal:///(app-pages-browser)/./lib/chat-transport.ts:103
[  662804ms] [LOG] [ChatTransport] Received WebSocket response: {"type":"delta","content":" +","error":null,"message_id":"23da9afb-8f2d-4df7-9219-da76f0405e7c","conversation_id":null,"itinerary":null} @ webpack-internal:///(app-pages-browser)/./lib/chat-transport.ts:103
[  662955ms] [LOG] [ChatTransport] Received WebSocket response: {"type":"delta","content":" ","error":null,"message_id":"23da9afb-8f2d-4df7-9219-da76f0405e7c","conversation_id":null,"itinerary":null} @ webpack-internal:///(app-pages-browser)/./lib/chat-transport.ts:103
[  662966ms] [LOG] [ChatTransport] Received WebSocket response: {"type":"delta","content":"明","error":null,"message_id":"23da9afb-8f2d-4df7-9219-da76f0405e7c","conversation_id":null,"itinerary":null} @ webpack-internal:///(app-pages-browser)/./lib/chat-transport.ts:103
[  662972ms] [LOG] [ChatTransport] Received WebSocket response: {"type":"delta","content":"十三","error":null,"message_id":"23da9afb-8f2d-4df7-9219-da76f0405e7c","conversation_id":null,"itinerary":null} @ webpack-internal:///(app-pages-browser)/./lib/chat-transport.ts:103
[  662976ms] [LOG] [ChatTransport] Received WebSocket response: {"type":"delta","content":"陵","error":null,"message_id":"23da9afb-8f2d-4df7-9219-da76f0405e7c","conversation_id":null,"itinerary":null} @ webpack-internal:///(app-pages-browser)/./lib/chat-transport.ts:103
[  663046ms] [LOG] [ChatTransport] Received WebSocket response: {"type":"delta","content":"65","error":null,"message_id":"23da9afb-8f2d-4df7-9219-da76f0405e7c","conversation_id":null,"itinerary":null} @ webpack-internal:///(app-pages-browser)/./lib/chat-transport.ts:103
[  663056ms] [LOG] [ChatTransport] Received WebSocket response: {"type":"delta","content":" =","error":null,"message_id":"23da9afb-8f2d-4df7-9219-da76f0405e7c","conversation_id":null,"itinerary":null} @ webpack-internal:///(app-pages-browser)/./lib/chat-transport.ts:103
[  663125ms] [LOG] [ChatTransport] Received WebSocket response: {"type":"delta","content":" ","error":null,"message_id":"23da9afb-8f2d-4df7-9219-da76f0405e7c","conversation_id":null,"itinerary":null} @ webpack-internal:///(app-pages-browser)/./lib/chat-transport.ts:103
[  663126ms] [LOG] [ChatTransport] Received WebSocket response: {"type":"delta","content":"177","error":null,"message_id":"23da9afb-8f2d-4df7-9219-da76f0405e7c","conversation_id":null,"itinerary":null} @ webpack-internal:///(app-pages-browser)/./lib/chat-transport.ts:103
[  663207ms] [LOG] [ChatTransport] Received WebSocket response: {"type":"delta","content":"元","error":null,"message_id":"23da9afb-8f2d-4df7-9219-da76f0405e7c","conversation_id":null,"itinerary":null} @ webpack-internal:///(app-pages-browser)/./lib/chat-transport.ts:103
[  663207ms] [LOG] [ChatTransport] Received WebSocket response: {"type":"delta","content":"\n","error":null,"message_id":"23da9afb-8f2d-4df7-9219-da76f0405e7c","conversation_id":null,"itinerary":null} @ webpack-internal:///(app-pages-browser)/./lib/chat-transport.ts:103
[  663291ms] [LOG] [ChatTransport] Received WebSocket response: {"type":"delta","content":"-","error":null,"message_id":"23da9afb-8f2d-4df7-9219-da76f0405e7c","conversation_id":null,"itinerary":null} @ webpack-internal:///(app-pages-browser)/./lib/chat-transport.ts:103
[  663292ms] [LOG] [ChatTransport] Received WebSocket response: {"type":"delta","content":" **","error":null,"message_id":"23da9afb-8f2d-4df7-9219-da76f0405e7c","conversation_id":null,"itinerary":null} @ webpack-internal:///(app-pages-browser)/./lib/chat-transport.ts:103
[  663604ms] [LOG] [ChatTransport] Received WebSocket response: {"type":"delta","content":"交通","error":null,"message_id":"23da9afb-8f2d-4df7-9219-da76f0405e7c","conversation_id":null,"itinerary":null} @ webpack-internal:///(app-pages-browser)/./lib/chat-transport.ts:103
[  663616ms] [LOG] [ChatTransport] Received WebSocket response: {"type":"delta","content":"**","error":null,"message_id":"23da9afb-8f2d-4df7-9219-da76f0405e7c","conversation_id":null,"itinerary":null} @ webpack-internal:///(app-pages-browser)/./lib/chat-transport.ts:103
[  663623ms] [LOG] [ChatTransport] Received WebSocket response: {"type":"delta","content":"：","error":null,"message_id":"23da9afb-8f2d-4df7-9219-da76f0405e7c","conversation_id":null,"itinerary":null} @ webpack-internal:///(app-pages-browser)/./lib/chat-transport.ts:103
[  663623ms] [LOG] [ChatTransport] Received WebSocket response: {"type":"delta","content":"地铁","error":null,"message_id":"23da9afb-8f2d-4df7-9219-da76f0405e7c","conversation_id":null,"itinerary":null} @ webpack-internal:///(app-pages-browser)/./lib/chat-transport.ts:103
[  663623ms] [LOG] [ChatTransport] Received WebSocket response: {"type":"delta","content":"公交","error":null,"message_id":"23da9afb-8f2d-4df7-9219-da76f0405e7c","conversation_id":null,"itinerary":null} @ webpack-internal:///(app-pages-browser)/./lib/chat-transport.ts:103
[  663629ms] [LOG] [ChatTransport] Received WebSocket response: {"type":"delta","content":"约","error":null,"message_id":"23da9afb-8f2d-4df7-9219-da76f0405e7c","conversation_id":null,"itinerary":null} @ webpack-internal:///(app-pages-browser)/./lib/chat-transport.ts:103
[  663629ms] [LOG] [ChatTransport] Received WebSocket response: {"type":"delta","content":"50","error":null,"message_id":"23da9afb-8f2d-4df7-9219-da76f0405e7c","conversation_id":null,"itinerary":null} @ webpack-internal:///(app-pages-browser)/./lib/chat-transport.ts:103
[  663699ms] [LOG] [ChatTransport] Received WebSocket response: {"type":"delta","content":"元","error":null,"message_id":"23da9afb-8f2d-4df7-9219-da76f0405e7c","conversation_id":null,"itinerary":null} @ webpack-internal:///(app-pages-browser)/./lib/chat-transport.ts:103
[  663709ms] [LOG] [ChatTransport] Received WebSocket response: {"type":"delta","content":" +","error":null,"message_id":"23da9afb-8f2d-4df7-9219-da76f0405e7c","conversation_id":null,"itinerary":null} @ webpack-internal:///(app-pages-browser)/./lib/chat-transport.ts:103
[  663782ms] [LOG] [ChatTransport] Received WebSocket response: {"type":"delta","content":" ","error":null,"message_id":"23da9afb-8f2d-4df7-9219-da76f0405e7c","conversation_id":null,"itinerary":null} @ webpack-internal:///(app-pages-browser)/./lib/chat-transport.ts:103
[  663794ms] [LOG] [ChatTransport] Received WebSocket response: {"type":"delta","content":"长城","error":null,"message_id":"23da9afb-8f2d-4df7-9219-da76f0405e7c","conversation_id":null,"itinerary":null} @ webpack-internal:///(app-pages-browser)/./lib/chat-transport.ts:103
[  663866ms] [LOG] [ChatTransport] Received WebSocket response: {"type":"delta","content":"往返","error":null,"message_id":"23da9afb-8f2d-4df7-9219-da76f0405e7c","conversation_id":null,"itinerary":null} @ webpack-internal:///(app-pages-browser)/./lib/chat-transport.ts:103
[  663875ms] [LOG] [ChatTransport] Received WebSocket response: {"type":"delta","content":"交通","error":null,"message_id":"23da9afb-8f2d-4df7-9219-da76f0405e7c","conversation_id":null,"itinerary":null} @ webpack-internal:///(app-pages-browser)/./lib/chat-transport.ts:103
[  663943ms] [LOG] [ChatTransport] Received WebSocket response: {"type":"delta","content":"约","error":null,"message_id":"23da9afb-8f2d-4df7-9219-da76f0405e7c","conversation_id":null,"itinerary":null} @ webpack-internal:///(app-pages-browser)/./lib/chat-transport.ts:103
[  663955ms] [LOG] [ChatTransport] Received WebSocket response: {"type":"delta","content":"150","error":null,"message_id":"23da9afb-8f2d-4df7-9219-da76f0405e7c","conversation_id":null,"itinerary":null} @ webpack-internal:///(app-pages-browser)/./lib/chat-transport.ts:103
[  664026ms] [LOG] [ChatTransport] Received WebSocket response: {"type":"delta","content":"元","error":null,"message_id":"23da9afb-8f2d-4df7-9219-da76f0405e7c","conversation_id":null,"itinerary":null} @ webpack-internal:///(app-pages-browser)/./lib/chat-transport.ts:103
[  664033ms] [LOG] [ChatTransport] Received WebSocket response: {"type":"delta","content":" =","error":null,"message_id":"23da9afb-8f2d-4df7-9219-da76f0405e7c","conversation_id":null,"itinerary":null} @ webpack-internal:///(app-pages-browser)/./lib/chat-transport.ts:103
[  664104ms] [LOG] [ChatTransport] Received WebSocket response: {"type":"delta","content":" ","error":null,"message_id":"23da9afb-8f2d-4df7-9219-da76f0405e7c","conversation_id":null,"itinerary":null} @ webpack-internal:///(app-pages-browser)/./lib/chat-transport.ts:103
[  664104ms] [LOG] [ChatTransport] Received WebSocket response: {"type":"delta","content":"200","error":null,"message_id":"23da9afb-8f2d-4df7-9219-da76f0405e7c","conversation_id":null,"itinerary":null} @ webpack-internal:///(app-pages-browser)/./lib/chat-transport.ts:103
[  664336ms] [LOG] [ChatTransport] Received WebSocket response: {"type":"delta","content":"元","error":null,"message_id":"23da9afb-8f2d-4df7-9219-da76f0405e7c","conversation_id":null,"itinerary":null} @ webpack-internal:///(app-pages-browser)/./lib/chat-transport.ts:103
[  664347ms] [LOG] [ChatTransport] Received WebSocket response: {"type":"delta","content":"\n","error":null,"message_id":"23da9afb-8f2d-4df7-9219-da76f0405e7c","conversation_id":null,"itinerary":null} @ webpack-internal:///(app-pages-browser)/./lib/chat-transport.ts:103
[  664353ms] [LOG] [ChatTransport] Received WebSocket response: {"type":"delta","content":"-","error":null,"message_id":"23da9afb-8f2d-4df7-9219-da76f0405e7c","conversation_id":null,"itinerary":null} @ webpack-internal:///(app-pages-browser)/./lib/chat-transport.ts:103
[  664353ms] [LOG] [ChatTransport] Received WebSocket response: {"type":"delta","content":" **","error":null,"message_id":"23da9afb-8f2d-4df7-9219-da76f0405e7c","conversation_id":null,"itinerary":null} @ webpack-internal:///(app-pages-browser)/./lib/chat-transport.ts:103
[  664353ms] [LOG] [ChatTransport] Received WebSocket response: {"type":"delta","content":"餐饮","error":null,"message_id":"23da9afb-8f2d-4df7-9219-da76f0405e7c","conversation_id":null,"itinerary":null} @ webpack-internal:///(app-pages-browser)/./lib/chat-transport.ts:103
[  664353ms] [LOG] [ChatTransport] Received WebSocket response: {"type":"delta","content":"**","error":null,"message_id":"23da9afb-8f2d-4df7-9219-da76f0405e7c","conversation_id":null,"itinerary":null} @ webpack-internal:///(app-pages-browser)/./lib/chat-transport.ts:103
[  664428ms] [LOG] [ChatTransport] Received WebSocket response: {"type":"delta","content":"：","error":null,"message_id":"23da9afb-8f2d-4df7-9219-da76f0405e7c","conversation_id":null,"itinerary":null} @ webpack-internal:///(app-pages-browser)/./lib/chat-transport.ts:103
[  664438ms] [LOG] [ChatTransport] Received WebSocket response: {"type":"delta","content":"每天","error":null,"message_id":"23da9afb-8f2d-4df7-9219-da76f0405e7c","conversation_id":null,"itinerary":null} @ webpack-internal:///(app-pages-browser)/./lib/chat-transport.ts:103
[  664503ms] [LOG] [ChatTransport] Received WebSocket response: {"type":"delta","content":"约","error":null,"message_id":"23da9afb-8f2d-4df7-9219-da76f0405e7c","conversation_id":null,"itinerary":null} @ webpack-internal:///(app-pages-browser)/./lib/chat-transport.ts:103
[  664503ms] [LOG] [ChatTransport] Received WebSocket response: {"type":"delta","content":"150","error":null,"message_id":"23da9afb-8f2d-4df7-9219-da76f0405e7c","conversation_id":null,"itinerary":null} @ webpack-internal:///(app-pages-browser)/./lib/chat-transport.ts:103
[  664588ms] [LOG] [ChatTransport] Received WebSocket response: {"type":"delta","content":"元","error":null,"message_id":"23da9afb-8f2d-4df7-9219-da76f0405e7c","conversation_id":null,"itinerary":null} @ webpack-internal:///(app-pages-browser)/./lib/chat-transport.ts:103
[  664599ms] [LOG] [ChatTransport] Received WebSocket response: {"type":"delta","content":" ×","error":null,"message_id":"23da9afb-8f2d-4df7-9219-da76f0405e7c","conversation_id":null,"itinerary":null} @ webpack-internal:///(app-pages-browser)/./lib/chat-transport.ts:103
[  664662ms] [LOG] [ChatTransport] Received WebSocket response: {"type":"delta","content":" ","error":null,"message_id":"23da9afb-8f2d-4df7-9219-da76f0405e7c","conversation_id":null,"itinerary":null} @ webpack-internal:///(app-pages-browser)/./lib/chat-transport.ts:103
[  664669ms] [LOG] [ChatTransport] Received WebSocket response: {"type":"delta","content":"3","error":null,"message_id":"23da9afb-8f2d-4df7-9219-da76f0405e7c","conversation_id":null,"itinerary":null} @ webpack-internal:///(app-pages-browser)/./lib/chat-transport.ts:103
[  664753ms] [LOG] [ChatTransport] Received WebSocket response: {"type":"delta","content":"天","error":null,"message_id":"23da9afb-8f2d-4df7-9219-da76f0405e7c","conversation_id":null,"itinerary":null} @ webpack-internal:///(app-pages-browser)/./lib/chat-transport.ts:103
[  664760ms] [LOG] [ChatTransport] Received WebSocket response: {"type":"delta","content":" =","error":null,"message_id":"23da9afb-8f2d-4df7-9219-da76f0405e7c","conversation_id":null,"itinerary":null} @ webpack-internal:///(app-pages-browser)/./lib/chat-transport.ts:103
[  664864ms] [LOG] [ChatTransport] Received WebSocket response: {"type":"delta","content":" ","error":null,"message_id":"23da9afb-8f2d-4df7-9219-da76f0405e7c","conversation_id":null,"itinerary":null} @ webpack-internal:///(app-pages-browser)/./lib/chat-transport.ts:103
[  664874ms] [LOG] [ChatTransport] Received WebSocket response: {"type":"delta","content":"450","error":null,"message_id":"23da9afb-8f2d-4df7-9219-da76f0405e7c","conversation_id":null,"itinerary":null} @ webpack-internal:///(app-pages-browser)/./lib/chat-transport.ts:103
[  664907ms] [LOG] [ChatTransport] Received WebSocket response: {"type":"delta","content":"元","error":null,"message_id":"23da9afb-8f2d-4df7-9219-da76f0405e7c","conversation_id":null,"itinerary":null} @ webpack-internal:///(app-pages-browser)/./lib/chat-transport.ts:103
[  664916ms] [LOG] [ChatTransport] Received WebSocket response: {"type":"delta","content":"\n","error":null,"message_id":"23da9afb-8f2d-4df7-9219-da76f0405e7c","conversation_id":null,"itinerary":null} @ webpack-internal:///(app-pages-browser)/./lib/chat-transport.ts:103
[  665015ms] [LOG] [ChatTransport] Received WebSocket response: {"type":"delta","content":"-","error":null,"message_id":"23da9afb-8f2d-4df7-9219-da76f0405e7c","conversation_id":null,"itinerary":null} @ webpack-internal:///(app-pages-browser)/./lib/chat-transport.ts:103
[  665024ms] [LOG] [ChatTransport] Received WebSocket response: {"type":"delta","content":" **","error":null,"message_id":"23da9afb-8f2d-4df7-9219-da76f0405e7c","conversation_id":null,"itinerary":null} @ webpack-internal:///(app-pages-browser)/./lib/chat-transport.ts:103
[  665081ms] [LOG] [ChatTransport] Received WebSocket response: {"type":"delta","content":"其他","error":null,"message_id":"23da9afb-8f2d-4df7-9219-da76f0405e7c","conversation_id":null,"itinerary":null} @ webpack-internal:///(app-pages-browser)/./lib/chat-transport.ts:103
[  665086ms] [LOG] [ChatTransport] Received WebSocket response: {"type":"delta","content":"**","error":null,"message_id":"23da9afb-8f2d-4df7-9219-da76f0405e7c","conversation_id":null,"itinerary":null} @ webpack-internal:///(app-pages-browser)/./lib/chat-transport.ts:103
[  665168ms] [LOG] [ChatTransport] Received WebSocket response: {"type":"delta","content":"：","error":null,"message_id":"23da9afb-8f2d-4df7-9219-da76f0405e7c","conversation_id":null,"itinerary":null} @ webpack-internal:///(app-pages-browser)/./lib/chat-transport.ts:103
[  665175ms] [LOG] [ChatTransport] Received WebSocket response: {"type":"delta","content":"纪念","error":null,"message_id":"23da9afb-8f2d-4df7-9219-da76f0405e7c","conversation_id":null,"itinerary":null} @ webpack-internal:///(app-pages-browser)/./lib/chat-transport.ts:103
[  665246ms] [LOG] [ChatTransport] Received WebSocket response: {"type":"delta","content":"品","error":null,"message_id":"23da9afb-8f2d-4df7-9219-da76f0405e7c","conversation_id":null,"itinerary":null} @ webpack-internal:///(app-pages-browser)/./lib/chat-transport.ts:103
[  665253ms] [LOG] [ChatTransport] Received WebSocket response: {"type":"delta","content":"、","error":null,"message_id":"23da9afb-8f2d-4df7-9219-da76f0405e7c","conversation_id":null,"itinerary":null} @ webpack-internal:///(app-pages-browser)/./lib/chat-transport.ts:103
[  665315ms] [LOG] [ChatTransport] Received WebSocket response: {"type":"delta","content":"小吃","error":null,"message_id":"23da9afb-8f2d-4df7-9219-da76f0405e7c","conversation_id":null,"itinerary":null} @ webpack-internal:///(app-pages-browser)/./lib/chat-transport.ts:103
[  665323ms] [LOG] [ChatTransport] Received WebSocket response: {"type":"delta","content":"等","error":null,"message_id":"23da9afb-8f2d-4df7-9219-da76f0405e7c","conversation_id":null,"itinerary":null} @ webpack-internal:///(app-pages-browser)/./lib/chat-transport.ts:103
[  665385ms] [LOG] [ChatTransport] Received WebSocket response: {"type":"delta","content":"约","error":null,"message_id":"23da9afb-8f2d-4df7-9219-da76f0405e7c","conversation_id":null,"itinerary":null} @ webpack-internal:///(app-pages-browser)/./lib/chat-transport.ts:103
[  665396ms] [LOG] [ChatTransport] Received WebSocket response: {"type":"delta","content":"300","error":null,"message_id":"23da9afb-8f2d-4df7-9219-da76f0405e7c","conversation_id":null,"itinerary":null} @ webpack-internal:///(app-pages-browser)/./lib/chat-transport.ts:103
[  665462ms] [LOG] [ChatTransport] Received WebSocket response: {"type":"delta","content":"元","error":null,"message_id":"23da9afb-8f2d-4df7-9219-da76f0405e7c","conversation_id":null,"itinerary":null} @ webpack-internal:///(app-pages-browser)/./lib/chat-transport.ts:103
[  665469ms] [LOG] [ChatTransport] Received WebSocket response: {"type":"delta","content":"\n","error":null,"message_id":"23da9afb-8f2d-4df7-9219-da76f0405e7c","conversation_id":null,"itinerary":null} @ webpack-internal:///(app-pages-browser)/./lib/chat-transport.ts:103
[  665596ms] [LOG] [ChatTransport] Received WebSocket response: {"type":"delta","content":"-","error":null,"message_id":"23da9afb-8f2d-4df7-9219-da76f0405e7c","conversation_id":null,"itinerary":null} @ webpack-internal:///(app-pages-browser)/./lib/chat-transport.ts:103
[  665601ms] [LOG] [ChatTransport] Received WebSocket response: {"type":"delta","content":" **","error":null,"message_id":"23da9afb-8f2d-4df7-9219-da76f0405e7c","conversation_id":null,"itinerary":null} @ webpack-internal:///(app-pages-browser)/./lib/chat-transport.ts:103
[  665622ms] [LOG] [ChatTransport] Received WebSocket response: {"type":"delta","content":"总计","error":null,"message_id":"23da9afb-8f2d-4df7-9219-da76f0405e7c","conversation_id":null,"itinerary":null} @ webpack-internal:///(app-pages-browser)/./lib/chat-transport.ts:103
[  665628ms] [LOG] [ChatTransport] Received WebSocket response: {"type":"delta","content":"**","error":null,"message_id":"23da9afb-8f2d-4df7-9219-da76f0405e7c","conversation_id":null,"itinerary":null} @ webpack-internal:///(app-pages-browser)/./lib/chat-transport.ts:103
[  665845ms] [LOG] [ChatTransport] Received WebSocket response: {"type":"delta","content":"：","error":null,"message_id":"23da9afb-8f2d-4df7-9219-da76f0405e7c","conversation_id":null,"itinerary":null} @ webpack-internal:///(app-pages-browser)/./lib/chat-transport.ts:103
[  665852ms] [LOG] [ChatTransport] Received WebSocket response: {"type":"delta","content":"约","error":null,"message_id":"23da9afb-8f2d-4df7-9219-da76f0405e7c","conversation_id":null,"itinerary":null} @ webpack-internal:///(app-pages-browser)/./lib/chat-transport.ts:103
[  665859ms] [LOG] [ChatTransport] Received WebSocket response: {"type":"delta","content":"192","error":null,"message_id":"23da9afb-8f2d-4df7-9219-da76f0405e7c","conversation_id":null,"itinerary":null} @ webpack-internal:///(app-pages-browser)/./lib/chat-transport.ts:103
[  665859ms] [LOG] [ChatTransport] Received WebSocket response: {"type":"delta","content":"7","error":null,"message_id":"23da9afb-8f2d-4df7-9219-da76f0405e7c","conversation_id":null,"itinerary":null} @ webpack-internal:///(app-pages-browser)/./lib/chat-transport.ts:103
[  665871ms] [LOG] [ChatTransport] Received WebSocket response: {"type":"delta","content":"元","error":null,"message_id":"23da9afb-8f2d-4df7-9219-da76f0405e7c","conversation_id":null,"itinerary":null} @ webpack-internal:///(app-pages-browser)/./lib/chat-transport.ts:103
[  665878ms] [LOG] [ChatTransport] Received WebSocket response: {"type":"delta","content":"（","error":null,"message_id":"23da9afb-8f2d-4df7-9219-da76f0405e7c","conversation_id":null,"itinerary":null} @ webpack-internal:///(app-pages-browser)/./lib/chat-transport.ts:103
[  665999ms] [LOG] [ChatTransport] Received WebSocket response: {"type":"delta","content":"远","error":null,"message_id":"23da9afb-8f2d-4df7-9219-da76f0405e7c","conversation_id":null,"itinerary":null} @ webpack-internal:///(app-pages-browser)/./lib/chat-transport.ts:103
[  666000ms] [LOG] [ChatTransport] Received WebSocket response: {"type":"delta","content":"低于","error":null,"message_id":"23da9afb-8f2d-4df7-9219-da76f0405e7c","conversation_id":null,"itinerary":null} @ webpack-internal:///(app-pages-browser)/./lib/chat-transport.ts:103
[  666026ms] [LOG] [ChatTransport] Received WebSocket response: {"type":"delta","content":"500","error":null,"message_id":"23da9afb-8f2d-4df7-9219-da76f0405e7c","conversation_id":null,"itinerary":null} @ webpack-internal:///(app-pages-browser)/./lib/chat-transport.ts:103
[  666101ms] [LOG] [ChatTransport] Received WebSocket response: {"type":"delta","content":"0","error":null,"message_id":"23da9afb-8f2d-4df7-9219-da76f0405e7c","conversation_id":null,"itinerary":null} @ webpack-internal:///(app-pages-browser)/./lib/chat-transport.ts:103
[  666109ms] [LOG] [ChatTransport] Received WebSocket response: {"type":"delta","content":"元","error":null,"message_id":"23da9afb-8f2d-4df7-9219-da76f0405e7c","conversation_id":null,"itinerary":null} @ webpack-internal:///(app-pages-browser)/./lib/chat-transport.ts:103
[  666210ms] [LOG] [ChatTransport] Received WebSocket response: {"type":"delta","content":"预算","error":null,"message_id":"23da9afb-8f2d-4df7-9219-da76f0405e7c","conversation_id":null,"itinerary":null} @ webpack-internal:///(app-pages-browser)/./lib/chat-transport.ts:103
[  666219ms] [LOG] [ChatTransport] Received WebSocket response: {"type":"delta","content":"）\n\n","error":null,"message_id":"23da9afb-8f2d-4df7-9219-da76f0405e7c","conversation_id":null,"itinerary":null} @ webpack-internal:///(app-pages-browser)/./lib/chat-transport.ts:103
[  666313ms] [LOG] [ChatTransport] Received WebSocket response: {"type":"delta","content":"##","error":null,"message_id":"23da9afb-8f2d-4df7-9219-da76f0405e7c","conversation_id":null,"itinerary":null} @ webpack-internal:///(app-pages-browser)/./lib/chat-transport.ts:103
[  666379ms] [LOG] [ChatTransport] Received WebSocket response: {"type":"delta","content":" 🎯","error":null,"message_id":"23da9afb-8f2d-4df7-9219-da76f0405e7c","conversation_id":null,"itinerary":null} @ webpack-internal:///(app-pages-browser)/./lib/chat-transport.ts:103
[  666424ms] [LOG] [ChatTransport] Received WebSocket response: {"type":"delta","content":" **","error":null,"message_id":"23da9afb-8f2d-4df7-9219-da76f0405e7c","conversation_id":null,"itinerary":null} @ webpack-internal:///(app-pages-browser)/./lib/chat-transport.ts:103
[  666433ms] [LOG] [ChatTransport] Received WebSocket response: {"type":"delta","content":"优化","error":null,"message_id":"23da9afb-8f2d-4df7-9219-da76f0405e7c","conversation_id":null,"itinerary":null} @ webpack-internal:///(app-pages-browser)/./lib/chat-transport.ts:103
[  666496ms] [LOG] [ChatTransport] Received WebSocket response: {"type":"delta","content":"建议","error":null,"message_id":"23da9afb-8f2d-4df7-9219-da76f0405e7c","conversation_id":null,"itinerary":null} @ webpack-internal:///(app-pages-browser)/./lib/chat-transport.ts:103
[  666504ms] [LOG] [ChatTransport] Received WebSocket response: {"type":"delta","content":"**\n","error":null,"message_id":"23da9afb-8f2d-4df7-9219-da76f0405e7c","conversation_id":null,"itinerary":null} @ webpack-internal:///(app-pages-browser)/./lib/chat-transport.ts:103
[  666743ms] [LOG] [ChatTransport] Received WebSocket response: {"type":"delta","content":"1","error":null,"message_id":"23da9afb-8f2d-4df7-9219-da76f0405e7c","conversation_id":null,"itinerary":null} @ webpack-internal:///(app-pages-browser)/./lib/chat-transport.ts:103
[  666751ms] [LOG] [ChatTransport] Received WebSocket response: {"type":"delta","content":".","error":null,"message_id":"23da9afb-8f2d-4df7-9219-da76f0405e7c","conversation_id":null,"itinerary":null} @ webpack-internal:///(app-pages-browser)/./lib/chat-transport.ts:103
[  666756ms] [LOG] [ChatTransport] Received WebSocket response: {"type":"delta","content":" **","error":null,"message_id":"23da9afb-8f2d-4df7-9219-da76f0405e7c","conversation_id":null,"itinerary":null} @ webpack-internal:///(app-pages-browser)/./lib/chat-transport.ts:103
[  666756ms] [LOG] [ChatTransport] Received WebSocket response: {"type":"delta","content":"雨天","error":null,"message_id":"23da9afb-8f2d-4df7-9219-da76f0405e7c","conversation_id":null,"itinerary":null} @ webpack-internal:///(app-pages-browser)/./lib/chat-transport.ts:103
[  666756ms] [LOG] [ChatTransport] Received WebSocket response: {"type":"delta","content":"安排","error":null,"message_id":"23da9afb-8f2d-4df7-9219-da76f0405e7c","conversation_id":null,"itinerary":null} @ webpack-internal:///(app-pages-browser)/./lib/chat-transport.ts:103
[  666819ms] [LOG] [ChatTransport] Received WebSocket response: {"type":"delta","content":"**","error":null,"message_id":"23da9afb-8f2d-4df7-9219-da76f0405e7c","conversation_id":null,"itinerary":null} @ webpack-internal:///(app-pages-browser)/./lib/chat-transport.ts:103
[  666833ms] [LOG] [ChatTransport] Received WebSocket response: {"type":"delta","content":"：","error":null,"message_id":"23da9afb-8f2d-4df7-9219-da76f0405e7c","conversation_id":null,"itinerary":null} @ webpack-internal:///(app-pages-browser)/./lib/chat-transport.ts:103
[  666944ms] [LOG] [ChatTransport] Received WebSocket response: {"type":"delta","content":"第一天","error":null,"message_id":"23da9afb-8f2d-4df7-9219-da76f0405e7c","conversation_id":null,"itinerary":null} @ webpack-internal:///(app-pages-browser)/./lib/chat-transport.ts:103
[  666954ms] [LOG] [ChatTransport] Received WebSocket response: {"type":"delta","content":"有小","error":null,"message_id":"23da9afb-8f2d-4df7-9219-da76f0405e7c","conversation_id":null,"itinerary":null} @ webpack-internal:///(app-pages-browser)/./lib/chat-transport.ts:103
[  667009ms] [LOG] [ChatTransport] Received WebSocket response: {"type":"delta","content":"雨","error":null,"message_id":"23da9afb-8f2d-4df7-9219-da76f0405e7c","conversation_id":null,"itinerary":null} @ webpack-internal:///(app-pages-browser)/./lib/chat-transport.ts:103
[  667015ms] [LOG] [ChatTransport] Received WebSocket response: {"type":"delta","content":"，","error":null,"message_id":"23da9afb-8f2d-4df7-9219-da76f0405e7c","conversation_id":null,"itinerary":null} @ webpack-internal:///(app-pages-browser)/./lib/chat-transport.ts:103
[  667095ms] [LOG] [ChatTransport] Received WebSocket response: {"type":"delta","content":"建议","error":null,"message_id":"23da9afb-8f2d-4df7-9219-da76f0405e7c","conversation_id":null,"itinerary":null} @ webpack-internal:///(app-pages-browser)/./lib/chat-transport.ts:103
[  667095ms] [LOG] [ChatTransport] Received WebSocket response: {"type":"delta","content":"将","error":null,"message_id":"23da9afb-8f2d-4df7-9219-da76f0405e7c","conversation_id":null,"itinerary":null} @ webpack-internal:///(app-pages-browser)/./lib/chat-transport.ts:103
[  667140ms] [LOG] [ChatTransport] Received WebSocket response: {"type":"delta","content":"室内","error":null,"message_id":"23da9afb-8f2d-4df7-9219-da76f0405e7c","conversation_id":null,"itinerary":null} @ webpack-internal:///(app-pages-browser)/./lib/chat-transport.ts:103
[  667224ms] [LOG] [ChatTransport] Received WebSocket response: {"type":"delta","content":"活动","error":null,"message_id":"23da9afb-8f2d-4df7-9219-da76f0405e7c","conversation_id":null,"itinerary":null} @ webpack-internal:///(app-pages-browser)/./lib/chat-transport.ts:103
[  667224ms] [LOG] [ChatTransport] Received WebSocket response: {"type":"delta","content":"（","error":null,"message_id":"23da9afb-8f2d-4df7-9219-da76f0405e7c","conversation_id":null,"itinerary":null} @ webpack-internal:///(app-pages-browser)/./lib/chat-transport.ts:103
[  667303ms] [LOG] [ChatTransport] Received WebSocket response: {"type":"delta","content":"如","error":null,"message_id":"23da9afb-8f2d-4df7-9219-da76f0405e7c","conversation_id":null,"itinerary":null} @ webpack-internal:///(app-pages-browser)/./lib/chat-transport.ts:103
[  667308ms] [LOG] [ChatTransport] Received WebSocket response: {"type":"delta","content":"博物馆","error":null,"message_id":"23da9afb-8f2d-4df7-9219-da76f0405e7c","conversation_id":null,"itinerary":null} @ webpack-internal:///(app-pages-browser)/./lib/chat-transport.ts:103
[  667381ms] [LOG] [ChatTransport] Received WebSocket response: {"type":"delta","content":"）","error":null,"message_id":"23da9afb-8f2d-4df7-9219-da76f0405e7c","conversation_id":null,"itinerary":null} @ webpack-internal:///(app-pages-browser)/./lib/chat-transport.ts:103
[  667388ms] [LOG] [ChatTransport] Received WebSocket response: {"type":"delta","content":"调整","error":null,"message_id":"23da9afb-8f2d-4df7-9219-da76f0405e7c","conversation_id":null,"itinerary":null} @ webpack-internal:///(app-pages-browser)/./lib/chat-transport.ts:103
[  667460ms] [LOG] [ChatTransport] Received WebSocket response: {"type":"delta","content":"到","error":null,"message_id":"23da9afb-8f2d-4df7-9219-da76f0405e7c","conversation_id":null,"itinerary":null} @ webpack-internal:///(app-pages-browser)/./lib/chat-transport.ts:103
[  667471ms] [LOG] [ChatTransport] Received WebSocket response: {"type":"delta","content":"第一天","error":null,"message_id":"23da9afb-8f2d-4df7-9219-da76f0405e7c","conversation_id":null,"itinerary":null} @ webpack-internal:///(app-pages-browser)/./lib/chat-transport.ts:103
[  667534ms] [LOG] [ChatTransport] Received WebSocket response: {"type":"delta","content":"\n","error":null,"message_id":"23da9afb-8f2d-4df7-9219-da76f0405e7c","conversation_id":null,"itinerary":null} @ webpack-internal:///(app-pages-browser)/./lib/chat-transport.ts:103
[  667544ms] [LOG] [ChatTransport] Received WebSocket response: {"type":"delta","content":"2","error":null,"message_id":"23da9afb-8f2d-4df7-9219-da76f0405e7c","conversation_id":null,"itinerary":null} @ webpack-internal:///(app-pages-browser)/./lib/chat-transport.ts:103
[  667618ms] [LOG] [ChatTransport] Received WebSocket response: {"type":"delta","content":".","error":null,"message_id":"23da9afb-8f2d-4df7-9219-da76f0405e7c","conversation_id":null,"itinerary":null} @ webpack-internal:///(app-pages-browser)/./lib/chat-transport.ts:103
[  667624ms] [LOG] [ChatTransport] Received WebSocket response: {"type":"delta","content":" **","error":null,"message_id":"23da9afb-8f2d-4df7-9219-da76f0405e7c","conversation_id":null,"itinerary":null} @ webpack-internal:///(app-pages-browser)/./lib/chat-transport.ts:103
[  667694ms] [LOG] [ChatTransport] Received WebSocket response: {"type":"delta","content":"门票","error":null,"message_id":"23da9afb-8f2d-4df7-9219-da76f0405e7c","conversation_id":null,"itinerary":null} @ webpack-internal:///(app-pages-browser)/./lib/chat-transport.ts:103
[  667705ms] [LOG] [ChatTransport] Received WebSocket response: {"type":"delta","content":"预订","error":null,"message_id":"23da9afb-8f2d-4df7-9219-da76f0405e7c","conversation_id":null,"itinerary":null} @ webpack-internal:///(app-pages-browser)/./lib/chat-transport.ts:103
[  667918ms] [LOG] [ChatTransport] Received WebSocket response: {"type":"delta","content":"**","error":null,"message_id":"23da9afb-8f2d-4df7-9219-da76f0405e7c","conversation_id":null,"itinerary":null} @ webpack-internal:///(app-pages-browser)/./lib/chat-transport.ts:103
[  667925ms] [LOG] [ChatTransport] Received WebSocket response: {"type":"delta","content":"：","error":null,"message_id":"23da9afb-8f2d-4df7-9219-da76f0405e7c","conversation_id":null,"itinerary":null} @ webpack-internal:///(app-pages-browser)/./lib/chat-transport.ts:103
[  667936ms] [LOG] [ChatTransport] Received WebSocket response: {"type":"delta","content":"故宫","error":null,"message_id":"23da9afb-8f2d-4df7-9219-da76f0405e7c","conversation_id":null,"itinerary":null} @ webpack-internal:///(app-pages-browser)/./lib/chat-transport.ts:103
[  667941ms] [LOG] [ChatTransport] Received WebSocket response: {"type":"delta","content":"、","error":null,"message_id":"23da9afb-8f2d-4df7-9219-da76f0405e7c","conversation_id":null,"itinerary":null} @ webpack-internal:///(app-pages-browser)/./lib/chat-transport.ts:103
[  667946ms] [LOG] [ChatTransport] Received WebSocket response: {"type":"delta","content":"国家","error":null,"message_id":"23da9afb-8f2d-4df7-9219-da76f0405e7c","conversation_id":null,"itinerary":null} @ webpack-internal:///(app-pages-browser)/./lib/chat-transport.ts:103
[  667946ms] [LOG] [ChatTransport] Received WebSocket response: {"type":"delta","content":"博物馆","error":null,"message_id":"23da9afb-8f2d-4df7-9219-da76f0405e7c","conversation_id":null,"itinerary":null} @ webpack-internal:///(app-pages-browser)/./lib/chat-transport.ts:103
[  668004ms] [LOG] [ChatTransport] Received WebSocket response: {"type":"delta","content":"等","error":null,"message_id":"23da9afb-8f2d-4df7-9219-da76f0405e7c","conversation_id":null,"itinerary":null} @ webpack-internal:///(app-pages-browser)/./lib/chat-transport.ts:103
[  668012ms] [LOG] [ChatTransport] Received WebSocket response: {"type":"delta","content":"热门","error":null,"message_id":"23da9afb-8f2d-4df7-9219-da76f0405e7c","conversation_id":null,"itinerary":null} @ webpack-internal:///(app-pages-browser)/./lib/chat-transport.ts:103
[  668091ms] [LOG] [ChatTransport] Received WebSocket response: {"type":"delta","content":"景点","error":null,"message_id":"23da9afb-8f2d-4df7-9219-da76f0405e7c","conversation_id":null,"itinerary":null} @ webpack-internal:///(app-pages-browser)/./lib/chat-transport.ts:103
[  668101ms] [LOG] [ChatTransport] Received WebSocket response: {"type":"delta","content":"需","error":null,"message_id":"23da9afb-8f2d-4df7-9219-da76f0405e7c","conversation_id":null,"itinerary":null} @ webpack-internal:///(app-pages-browser)/./lib/chat-transport.ts:103
[  668170ms] [LOG] [ChatTransport] Received WebSocket response: {"type":"delta","content":"提前","error":null,"message_id":"23da9afb-8f2d-4df7-9219-da76f0405e7c","conversation_id":null,"itinerary":null} @ webpack-internal:///(app-pages-browser)/./lib/chat-transport.ts:103
[  668178ms] [LOG] [ChatTransport] Received WebSocket response: {"type":"delta","content":"在线","error":null,"message_id":"23da9afb-8f2d-4df7-9219-da76f0405e7c","conversation_id":null,"itinerary":null} @ webpack-internal:///(app-pages-browser)/./lib/chat-transport.ts:103
[  668248ms] [LOG] [ChatTransport] Received WebSocket response: {"type":"delta","content":"预约","error":null,"message_id":"23da9afb-8f2d-4df7-9219-da76f0405e7c","conversation_id":null,"itinerary":null} @ webpack-internal:///(app-pages-browser)/./lib/chat-transport.ts:103
[  668261ms] [LOG] [ChatTransport] Received WebSocket response: {"type":"delta","content":"\n","error":null,"message_id":"23da9afb-8f2d-4df7-9219-da76f0405e7c","conversation_id":null,"itinerary":null} @ webpack-internal:///(app-pages-browser)/./lib/chat-transport.ts:103
[  668325ms] [LOG] [ChatTransport] Received WebSocket response: {"type":"delta","content":"3","error":null,"message_id":"23da9afb-8f2d-4df7-9219-da76f0405e7c","conversation_id":null,"itinerary":null} @ webpack-internal:///(app-pages-browser)/./lib/chat-transport.ts:103
[  668338ms] [LOG] [ChatTransport] Received WebSocket response: {"type":"delta","content":".","error":null,"message_id":"23da9afb-8f2d-4df7-9219-da76f0405e7c","conversation_id":null,"itinerary":null} @ webpack-internal:///(app-pages-browser)/./lib/chat-transport.ts:103
[  668425ms] [LOG] [ChatTransport] Received WebSocket response: {"type":"delta","content":" **","error":null,"message_id":"23da9afb-8f2d-4df7-9219-da76f0405e7c","conversation_id":null,"itinerary":null} @ webpack-internal:///(app-pages-browser)/./lib/chat-transport.ts:103
[  668436ms] [LOG] [ChatTransport] Received WebSocket response: {"type":"delta","content":"交通","error":null,"message_id":"23da9afb-8f2d-4df7-9219-da76f0405e7c","conversation_id":null,"itinerary":null} @ webpack-internal:///(app-pages-browser)/./lib/chat-transport.ts:103
[  668488ms] [LOG] [ChatTransport] Received WebSocket response: {"type":"delta","content":"**","error":null,"message_id":"23da9afb-8f2d-4df7-9219-da76f0405e7c","conversation_id":null,"itinerary":null} @ webpack-internal:///(app-pages-browser)/./lib/chat-transport.ts:103
[  668573ms] [LOG] [ChatTransport] Received WebSocket response: {"type":"delta","content":"：","error":null,"message_id":"23da9afb-8f2d-4df7-9219-da76f0405e7c","conversation_id":null,"itinerary":null} @ webpack-internal:///(app-pages-browser)/./lib/chat-transport.ts:103
[  668585ms] [LOG] [ChatTransport] Received WebSocket response: {"type":"delta","content":"下载","error":null,"message_id":"23da9afb-8f2d-4df7-9219-da76f0405e7c","conversation_id":null,"itinerary":null} @ webpack-internal:///(app-pages-browser)/./lib/chat-transport.ts:103
[  668641ms] [LOG] [ChatTransport] Received WebSocket response: {"type":"delta","content":"\"","error":null,"message_id":"23da9afb-8f2d-4df7-9219-da76f0405e7c","conversation_id":null,"itinerary":null} @ webpack-internal:///(app-pages-browser)/./lib/chat-transport.ts:103
[  668727ms] [LOG] [ChatTransport] Received WebSocket response: {"type":"delta","content":"北京","error":null,"message_id":"23da9afb-8f2d-4df7-9219-da76f0405e7c","conversation_id":null,"itinerary":null} @ webpack-internal:///(app-pages-browser)/./lib/chat-transport.ts:103
[  668736ms] [LOG] [ChatTransport] Received WebSocket response: {"type":"delta","content":"一","error":null,"message_id":"23da9afb-8f2d-4df7-9219-da76f0405e7c","conversation_id":null,"itinerary":null} @ webpack-internal:///(app-pages-browser)/./lib/chat-transport.ts:103
[  668806ms] [LOG] [ChatTransport] Received WebSocket response: {"type":"delta","content":"卡通","error":null,"message_id":"23da9afb-8f2d-4df7-9219-da76f0405e7c","conversation_id":null,"itinerary":null} @ webpack-internal:///(app-pages-browser)/./lib/chat-transport.ts:103
[  668818ms] [LOG] [ChatTransport] Received WebSocket response: {"type":"delta","content":"\"","error":null,"message_id":"23da9afb-8f2d-4df7-9219-da76f0405e7c","conversation_id":null,"itinerary":null} @ webpack-internal:///(app-pages-browser)/./lib/chat-transport.ts:103
[  668889ms] [LOG] [ChatTransport] Received WebSocket response: {"type":"delta","content":"APP","error":null,"message_id":"23da9afb-8f2d-4df7-9219-da76f0405e7c","conversation_id":null,"itinerary":null} @ webpack-internal:///(app-pages-browser)/./lib/chat-transport.ts:103
[  668900ms] [LOG] [ChatTransport] Received WebSocket response: {"type":"delta","content":"方便","error":null,"message_id":"23da9afb-8f2d-4df7-9219-da76f0405e7c","conversation_id":null,"itinerary":null} @ webpack-internal:///(app-pages-browser)/./lib/chat-transport.ts:103
[  669041ms] [LOG] [ChatTransport] Received WebSocket response: {"type":"delta","content":"乘坐","error":null,"message_id":"23da9afb-8f2d-4df7-9219-da76f0405e7c","conversation_id":null,"itinerary":null} @ webpack-internal:///(app-pages-browser)/./lib/chat-transport.ts:103
[  669051ms] [LOG] [ChatTransport] Received WebSocket response: {"type":"delta","content":"公共交通","error":null,"message_id":"23da9afb-8f2d-4df7-9219-da76f0405e7c","conversation_id":null,"itinerary":null} @ webpack-internal:///(app-pages-browser)/./lib/chat-transport.ts:103
[  669060ms] [LOG] [ChatTransport] Received WebSocket response: {"type":"delta","content":"\n\n","error":null,"message_id":"23da9afb-8f2d-4df7-9219-da76f0405e7c","conversation_id":null,"itinerary":null} @ webpack-internal:///(app-pages-browser)/./lib/chat-transport.ts:103
[  669066ms] [LOG] [ChatTransport] Received WebSocket response: {"type":"delta","content":"您","error":null,"message_id":"23da9afb-8f2d-4df7-9219-da76f0405e7c","conversation_id":null,"itinerary":null} @ webpack-internal:///(app-pages-browser)/./lib/chat-transport.ts:103
[  669130ms] [LOG] [ChatTransport] Received WebSocket response: {"type":"delta","content":"对这个","error":null,"message_id":"23da9afb-8f2d-4df7-9219-da76f0405e7c","conversation_id":null,"itinerary":null} @ webpack-internal:///(app-pages-browser)/./lib/chat-transport.ts:103
[  669356ms] [LOG] [ChatTransport] Received WebSocket response: {"type":"delta","content":"初步","error":null,"message_id":"23da9afb-8f2d-4df7-9219-da76f0405e7c","conversation_id":null,"itinerary":null} @ webpack-internal:///(app-pages-browser)/./lib/chat-transport.ts:103
[  669365ms] [LOG] [ChatTransport] Received WebSocket response: {"type":"delta","content":"行程","error":null,"message_id":"23da9afb-8f2d-4df7-9219-da76f0405e7c","conversation_id":null,"itinerary":null} @ webpack-internal:///(app-pages-browser)/./lib/chat-transport.ts:103
[  669371ms] [LOG] [ChatTransport] Received WebSocket response: {"type":"delta","content":"有什么","error":null,"message_id":"23da9afb-8f2d-4df7-9219-da76f0405e7c","conversation_id":null,"itinerary":null} @ webpack-internal:///(app-pages-browser)/./lib/chat-transport.ts:103
[  669377ms] [LOG] [ChatTransport] Received WebSocket response: {"type":"delta","content":"想法","error":null,"message_id":"23da9afb-8f2d-4df7-9219-da76f0405e7c","conversation_id":null,"itinerary":null} @ webpack-internal:///(app-pages-browser)/./lib/chat-transport.ts:103
[  669382ms] [LOG] [ChatTransport] Received WebSocket response: {"type":"delta","content":"吗","error":null,"message_id":"23da9afb-8f2d-4df7-9219-da76f0405e7c","conversation_id":null,"itinerary":null} @ webpack-internal:///(app-pages-browser)/./lib/chat-transport.ts:103
[  669449ms] [LOG] [ChatTransport] Received WebSocket response: {"type":"delta","content":"？","error":null,"message_id":"23da9afb-8f2d-4df7-9219-da76f0405e7c","conversation_id":null,"itinerary":null} @ webpack-internal:///(app-pages-browser)/./lib/chat-transport.ts:103
[  669458ms] [LOG] [ChatTransport] Received WebSocket response: {"type":"delta","content":"是否需要","error":null,"message_id":"23da9afb-8f2d-4df7-9219-da76f0405e7c","conversation_id":null,"itinerary":null} @ webpack-internal:///(app-pages-browser)/./lib/chat-transport.ts:103
[  669527ms] [LOG] [ChatTransport] Received WebSocket response: {"type":"delta","content":"我","error":null,"message_id":"23da9afb-8f2d-4df7-9219-da76f0405e7c","conversation_id":null,"itinerary":null} @ webpack-internal:///(app-pages-browser)/./lib/chat-transport.ts:103
[  669536ms] [LOG] [ChatTransport] Received WebSocket response: {"type":"delta","content":"：\n","error":null,"message_id":"23da9afb-8f2d-4df7-9219-da76f0405e7c","conversation_id":null,"itinerary":null} @ webpack-internal:///(app-pages-browser)/./lib/chat-transport.ts:103
[  669603ms] [LOG] [ChatTransport] Received WebSocket response: {"type":"delta","content":"1","error":null,"message_id":"23da9afb-8f2d-4df7-9219-da76f0405e7c","conversation_id":null,"itinerary":null} @ webpack-internal:///(app-pages-browser)/./lib/chat-transport.ts:103
[  669613ms] [LOG] [ChatTransport] Received WebSocket response: {"type":"delta","content":".","error":null,"message_id":"23da9afb-8f2d-4df7-9219-da76f0405e7c","conversation_id":null,"itinerary":null} @ webpack-internal:///(app-pages-browser)/./lib/chat-transport.ts:103
[  669744ms] [LOG] [ChatTransport] Received WebSocket response: {"type":"delta","content":" ","error":null,"message_id":"23da9afb-8f2d-4df7-9219-da76f0405e7c","conversation_id":null,"itinerary":null} @ webpack-internal:///(app-pages-browser)/./lib/chat-transport.ts:103
[  669750ms] [LOG] [ChatTransport] Received WebSocket response: {"type":"delta","content":"为您","error":null,"message_id":"23da9afb-8f2d-4df7-9219-da76f0405e7c","conversation_id":null,"itinerary":null} @ webpack-internal:///(app-pages-browser)/./lib/chat-transport.ts:103
[  669780ms] [LOG] [ChatTransport] Received WebSocket response: {"type":"delta","content":"搜索","error":null,"message_id":"23da9afb-8f2d-4df7-9219-da76f0405e7c","conversation_id":null,"itinerary":null} @ webpack-internal:///(app-pages-browser)/./lib/chat-transport.ts:103
[  669847ms] [LOG] [ChatTransport] Received WebSocket response: {"type":"delta","content":"具体的","error":null,"message_id":"23da9afb-8f2d-4df7-9219-da76f0405e7c","conversation_id":null,"itinerary":null} @ webpack-internal:///(app-pages-browser)/./lib/chat-transport.ts:103
[  669855ms] [LOG] [ChatTransport] Received WebSocket response: {"type":"delta","content":"景点","error":null,"message_id":"23da9afb-8f2d-4df7-9219-da76f0405e7c","conversation_id":null,"itinerary":null} @ webpack-internal:///(app-pages-browser)/./lib/chat-transport.ts:103
[  669924ms] [LOG] [ChatTransport] Received WebSocket response: {"type":"delta","content":"详细信息","error":null,"message_id":"23da9afb-8f2d-4df7-9219-da76f0405e7c","conversation_id":null,"itinerary":null} @ webpack-internal:///(app-pages-browser)/./lib/chat-transport.ts:103
[  670003ms] [LOG] [ChatTransport] Received WebSocket response: {"type":"delta","content":"？\n","error":null,"message_id":"23da9afb-8f2d-4df7-9219-da76f0405e7c","conversation_id":null,"itinerary":null} @ webpack-internal:///(app-pages-browser)/./lib/chat-transport.ts:103
[  670009ms] [LOG] [ChatTransport] Received WebSocket response: {"type":"delta","content":"2","error":null,"message_id":"23da9afb-8f2d-4df7-9219-da76f0405e7c","conversation_id":null,"itinerary":null} @ webpack-internal:///(app-pages-browser)/./lib/chat-transport.ts:103
[  670089ms] [LOG] [ChatTransport] Received WebSocket response: {"type":"delta","content":".","error":null,"message_id":"23da9afb-8f2d-4df7-9219-da76f0405e7c","conversation_id":null,"itinerary":null} @ webpack-internal:///(app-pages-browser)/./lib/chat-transport.ts:103
[  670095ms] [LOG] [ChatTransport] Received WebSocket response: {"type":"delta","content":" ","error":null,"message_id":"23da9afb-8f2d-4df7-9219-da76f0405e7c","conversation_id":null,"itinerary":null} @ webpack-internal:///(app-pages-browser)/./lib/chat-transport.ts:103
[  670262ms] [LOG] [ChatTransport] Received WebSocket response: {"type":"delta","content":"调整","error":null,"message_id":"23da9afb-8f2d-4df7-9219-da76f0405e7c","conversation_id":null,"itinerary":null} @ webpack-internal:///(app-pages-browser)/./lib/chat-transport.ts:103
[  670271ms] [LOG] [ChatTransport] Received WebSocket response: {"type":"delta","content":"行程","error":null,"message_id":"23da9afb-8f2d-4df7-9219-da76f0405e7c","conversation_id":null,"itinerary":null} @ webpack-internal:///(app-pages-browser)/./lib/chat-transport.ts:103
[  670273ms] [LOG] [ChatTransport] Received WebSocket response: {"type":"delta","content":"安排","error":null,"message_id":"23da9afb-8f2d-4df7-9219-da76f0405e7c","conversation_id":null,"itinerary":null} @ webpack-internal:///(app-pages-browser)/./lib/chat-transport.ts:103
[  670273ms] [LOG] [ChatTransport] Received WebSocket response: {"type":"delta","content":"？\n","error":null,"message_id":"23da9afb-8f2d-4df7-9219-da76f0405e7c","conversation_id":null,"itinerary":null} @ webpack-internal:///(app-pages-browser)/./lib/chat-transport.ts:103
[  670314ms] [LOG] [ChatTransport] Received WebSocket response: {"type":"delta","content":"3","error":null,"message_id":"23da9afb-8f2d-4df7-9219-da76f0405e7c","conversation_id":null,"itinerary":null} @ webpack-internal:///(app-pages-browser)/./lib/chat-transport.ts:103
[  670325ms] [LOG] [ChatTransport] Received WebSocket response: {"type":"delta","content":".","error":null,"message_id":"23da9afb-8f2d-4df7-9219-da76f0405e7c","conversation_id":null,"itinerary":null} @ webpack-internal:///(app-pages-browser)/./lib/chat-transport.ts:103
[  670437ms] [LOG] [ChatTransport] Received WebSocket response: {"type":"delta","content":" ","error":null,"message_id":"23da9afb-8f2d-4df7-9219-da76f0405e7c","conversation_id":null,"itinerary":null} @ webpack-internal:///(app-pages-browser)/./lib/chat-transport.ts:103
[  670451ms] [LOG] [ChatTransport] Received WebSocket response: {"type":"delta","content":"推荐","error":null,"message_id":"23da9afb-8f2d-4df7-9219-da76f0405e7c","conversation_id":null,"itinerary":null} @ webpack-internal:///(app-pages-browser)/./lib/chat-transport.ts:103
[  670475ms] [LOG] [ChatTransport] Received WebSocket response: {"type":"delta","content":"特色","error":null,"message_id":"23da9afb-8f2d-4df7-9219-da76f0405e7c","conversation_id":null,"itinerary":null} @ webpack-internal:///(app-pages-browser)/./lib/chat-transport.ts:103
[  670552ms] [LOG] [ChatTransport] Received WebSocket response: {"type":"delta","content":"餐厅","error":null,"message_id":"23da9afb-8f2d-4df7-9219-da76f0405e7c","conversation_id":null,"itinerary":null} @ webpack-internal:///(app-pages-browser)/./lib/chat-transport.ts:103
[  670565ms] [LOG] [ChatTransport] Received WebSocket response: {"type":"delta","content":"或","error":null,"message_id":"23da9afb-8f2d-4df7-9219-da76f0405e7c","conversation_id":null,"itinerary":null} @ webpack-internal:///(app-pages-browser)/./lib/chat-transport.ts:103
[  670682ms] [LOG] [ChatTransport] Received WebSocket response: {"type":"delta","content":"住宿","error":null,"message_id":"23da9afb-8f2d-4df7-9219-da76f0405e7c","conversation_id":null,"itinerary":null} @ webpack-internal:///(app-pages-browser)/./lib/chat-transport.ts:103
[  670710ms] [LOG] [ChatTransport] Received WebSocket response: {"type":"delta","content":"？\n\n","error":null,"message_id":"23da9afb-8f2d-4df7-9219-da76f0405e7c","conversation_id":null,"itinerary":null} @ webpack-internal:///(app-pages-browser)/./lib/chat-transport.ts:103
[  670720ms] [LOG] [ChatTransport] Received WebSocket response: {"type":"delta","content":"```","error":null,"message_id":"23da9afb-8f2d-4df7-9219-da76f0405e7c","conversation_id":null,"itinerary":null} @ webpack-internal:///(app-pages-browser)/./lib/chat-transport.ts:103
[  670796ms] [LOG] [ChatTransport] Received WebSocket response: {"type":"delta","content":"python","error":null,"message_id":"23da9afb-8f2d-4df7-9219-da76f0405e7c","conversation_id":null,"itinerary":null} @ webpack-internal:///(app-pages-browser)/./lib/chat-transport.ts:103
[  670807ms] [LOG] [ChatTransport] Received WebSocket response: {"type":"delta","content":"\n","error":null,"message_id":"23da9afb-8f2d-4df7-9219-da76f0405e7c","conversation_id":null,"itinerary":null} @ webpack-internal:///(app-pages-browser)/./lib/chat-transport.ts:103
[  670873ms] [LOG] [ChatTransport] Received WebSocket response: {"type":"delta","content":"#","error":null,"message_id":"23da9afb-8f2d-4df7-9219-da76f0405e7c","conversation_id":null,"itinerary":null} @ webpack-internal:///(app-pages-browser)/./lib/chat-transport.ts:103
[  670882ms] [LOG] [ChatTransport] Received WebSocket response: {"type":"delta","content":" ","error":null,"message_id":"23da9afb-8f2d-4df7-9219-da76f0405e7c","conversation_id":null,"itinerary":null} @ webpack-internal:///(app-pages-browser)/./lib/chat-transport.ts:103
[  670949ms] [LOG] [ChatTransport] Received WebSocket response: {"type":"delta","content":"先","error":null,"message_id":"23da9afb-8f2d-4df7-9219-da76f0405e7c","conversation_id":null,"itinerary":null} @ webpack-internal:///(app-pages-browser)/./lib/chat-transport.ts:103
[  670958ms] [LOG] [ChatTransport] Received WebSocket response: {"type":"delta","content":"为您","error":null,"message_id":"23da9afb-8f2d-4df7-9219-da76f0405e7c","conversation_id":null,"itinerary":null} @ webpack-internal:///(app-pages-browser)/./lib/chat-transport.ts:103
[  671059ms] [LOG] [ChatTransport] Received WebSocket response: {"type":"delta","content":"搜索","error":null,"message_id":"23da9afb-8f2d-4df7-9219-da76f0405e7c","conversation_id":null,"itinerary":null} @ webpack-internal:///(app-pages-browser)/./lib/chat-transport.ts:103
[  671065ms] [LOG] [ChatTransport] Received WebSocket response: {"type":"delta","content":"一些","error":null,"message_id":"23da9afb-8f2d-4df7-9219-da76f0405e7c","conversation_id":null,"itinerary":null} @ webpack-internal:///(app-pages-browser)/./lib/chat-transport.ts:103
[  671134ms] [LOG] [ChatTransport] Received WebSocket response: {"type":"delta","content":"主要","error":null,"message_id":"23da9afb-8f2d-4df7-9219-da76f0405e7c","conversation_id":null,"itinerary":null} @ webpack-internal:///(app-pages-browser)/./lib/chat-transport.ts:103
[  671185ms] [LOG] [ChatTransport] Received WebSocket response: {"type":"delta","content":"景","error":null,"message_id":"23da9afb-8f2d-4df7-9219-da76f0405e7c","conversation_id":null,"itinerary":null} @ webpack-internal:///(app-pages-browser)/./lib/chat-transport.ts:103
[  671270ms] [LOG] [ChatTransport] Received WebSocket response: {"type":"delta","content":"点的","error":null,"message_id":"23da9afb-8f2d-4df7-9219-da76f0405e7c","conversation_id":null,"itinerary":null} @ webpack-internal:///(app-pages-browser)/./lib/chat-transport.ts:103
[  671281ms] [LOG] [ChatTransport] Received WebSocket response: {"type":"delta","content":"详细信息","error":null,"message_id":"23da9afb-8f2d-4df7-9219-da76f0405e7c","conversation_id":null,"itinerary":null} @ webpack-internal:///(app-pages-browser)/./lib/chat-transport.ts:103
[  671347ms] [LOG] [ChatTransport] Received WebSocket response: {"type":"delta","content":"\n","error":null,"message_id":"23da9afb-8f2d-4df7-9219-da76f0405e7c","conversation_id":null,"itinerary":null} @ webpack-internal:///(app-pages-browser)/./lib/chat-transport.ts:103
[  671353ms] [LOG] [ChatTransport] Received WebSocket response: {"type":"delta","content":"po","error":null,"message_id":"23da9afb-8f2d-4df7-9219-da76f0405e7c","conversation_id":null,"itinerary":null} @ webpack-internal:///(app-pages-browser)/./lib/chat-transport.ts:103
[  671425ms] [LOG] [ChatTransport] Received WebSocket response: {"type":"delta","content":"i","error":null,"message_id":"23da9afb-8f2d-4df7-9219-da76f0405e7c","conversation_id":null,"itinerary":null} @ webpack-internal:///(app-pages-browser)/./lib/chat-transport.ts:103
[  671425ms] [LOG] [ChatTransport] Received WebSocket response: {"type":"delta","content":"_list","error":null,"message_id":"23da9afb-8f2d-4df7-9219-da76f0405e7c","conversation_id":null,"itinerary":null} @ webpack-internal:///(app-pages-browser)/./lib/chat-transport.ts:103
[  672239ms] [LOG] [ChatTransport] Received WebSocket response: {"type":"delta","content":" =","error":null,"message_id":"23da9afb-8f2d-4df7-9219-da76f0405e7c","conversation_id":null,"itinerary":null} @ webpack-internal:///(app-pages-browser)/./lib/chat-transport.ts:103
[  672247ms] [LOG] [ChatTransport] Received WebSocket response: {"type":"delta","content":" search","error":null,"message_id":"23da9afb-8f2d-4df7-9219-da76f0405e7c","conversation_id":null,"itinerary":null} @ webpack-internal:///(app-pages-browser)/./lib/chat-transport.ts:103
[  672300ms] [LOG] [ChatTransport] Received WebSocket response: {"type":"delta","content":"_","error":null,"message_id":"23da9afb-8f2d-4df7-9219-da76f0405e7c","conversation_id":null,"itinerary":null} @ webpack-internal:///(app-pages-browser)/./lib/chat-transport.ts:103
[  672307ms] [LOG] [ChatTransport] Received WebSocket response: {"type":"delta","content":"po","error":null,"message_id":"23da9afb-8f2d-4df7-9219-da76f0405e7c","conversation_id":null,"itinerary":null} @ webpack-internal:///(app-pages-browser)/./lib/chat-transport.ts:103
[  672383ms] [LOG] [ChatTransport] Received WebSocket response: {"type":"delta","content":"i","error":null,"message_id":"23da9afb-8f2d-4df7-9219-da76f0405e7c","conversation_id":null,"itinerary":null} @ webpack-internal:///(app-pages-browser)/./lib/chat-transport.ts:103
[  672389ms] [LOG] [ChatTransport] Received WebSocket response: {"type":"delta","content":"(\"","error":null,"message_id":"23da9afb-8f2d-4df7-9219-da76f0405e7c","conversation_id":null,"itinerary":null} @ webpack-internal:///(app-pages-browser)/./lib/chat-transport.ts:103
[  672438ms] [LOG] [ChatTransport] Received WebSocket response: {"type":"delta","content":"北京","error":null,"message_id":"23da9afb-8f2d-4df7-9219-da76f0405e7c","conversation_id":null,"itinerary":null} @ webpack-internal:///(app-pages-browser)/./lib/chat-transport.ts:103
[  672443ms] [LOG] [ChatTransport] Received WebSocket response: {"type":"delta","content":"\",","error":null,"message_id":"23da9afb-8f2d-4df7-9219-da76f0405e7c","conversation_id":null,"itinerary":null} @ webpack-internal:///(app-pages-browser)/./lib/chat-transport.ts:103
[  672495ms] [LOG] [ChatTransport] Received WebSocket response: {"type":"delta","content":" \"","error":null,"message_id":"23da9afb-8f2d-4df7-9219-da76f0405e7c","conversation_id":null,"itinerary":null} @ webpack-internal:///(app-pages-browser)/./lib/chat-transport.ts:103
[  672496ms] [LOG] [ChatTransport] Received WebSocket response: {"type":"delta","content":"故宫","error":null,"message_id":"23da9afb-8f2d-4df7-9219-da76f0405e7c","conversation_id":null,"itinerary":null} @ webpack-internal:///(app-pages-browser)/./lib/chat-transport.ts:103
[  672557ms] [LOG] [ChatTransport] Received WebSocket response: {"type":"delta","content":"博物院","error":null,"message_id":"23da9afb-8f2d-4df7-9219-da76f0405e7c","conversation_id":null,"itinerary":null} @ webpack-internal:///(app-pages-browser)/./lib/chat-transport.ts:103
[  672616ms] [LOG] [ChatTransport] Received WebSocket response: {"type":"delta","content":"\")\n","error":null,"message_id":"23da9afb-8f2d-4df7-9219-da76f0405e7c","conversation_id":null,"itinerary":null} @ webpack-internal:///(app-pages-browser)/./lib/chat-transport.ts:103
[  672623ms] [LOG] [ChatTransport] Received WebSocket response: {"type":"delta","content":"po","error":null,"message_id":"23da9afb-8f2d-4df7-9219-da76f0405e7c","conversation_id":null,"itinerary":null} @ webpack-internal:///(app-pages-browser)/./lib/chat-transport.ts:103
[  672628ms] [LOG] [ChatTransport] Received WebSocket response: {"type":"delta","content":"i","error":null,"message_id":"23da9afb-8f2d-4df7-9219-da76f0405e7c","conversation_id":null,"itinerary":null} @ webpack-internal:///(app-pages-browser)/./lib/chat-transport.ts:103
[  672628ms] [LOG] [ChatTransport] Received WebSocket response: {"type":"delta","content":"_list","error":null,"message_id":"23da9afb-8f2d-4df7-9219-da76f0405e7c","conversation_id":null,"itinerary":null} @ webpack-internal:///(app-pages-browser)/./lib/chat-transport.ts:103
[  672628ms] [LOG] [ChatTransport] Received WebSocket response: {"type":"delta","content":"\n","error":null,"message_id":"23da9afb-8f2d-4df7-9219-da76f0405e7c","conversation_id":null,"itinerary":null} @ webpack-internal:///(app-pages-browser)/./lib/chat-transport.ts:103
[  672628ms] [LOG] [ChatTransport] Received WebSocket response: {"type":"delta","content":"```","error":null,"message_id":"23da9afb-8f2d-4df7-9219-da76f0405e7c","conversation_id":null,"itinerary":null} @ webpack-internal:///(app-pages-browser)/./lib/chat-transport.ts:103
[  672635ms] [LOG] [ChatTransport] Received WebSocket response: {"type":"done","content":"根据天气信息，您在北京的3天行程中：\n- **第一天（4月16日）**：有小雨，气温11-20°C，需要带雨具\n- **第二天（4月17日）**：晴朗，气温13-24°C，非常适合出行\n- **第三天（4月18日）**：晴朗，气温16-28°C，天气很好\n\n考虑到您的**5000元预算**和**历史文化兴趣**，我为您设计一个3天的北京历史文化深度游行程：\n\n## 📅 **3天北京历史文化之旅行程建议**\n\n### **第一天：皇家宫殿与天安门广场**\n- **上午**：天安门广场（免费）→ 故宫博物院（旺季60元/人）\n- **下午**：景山公园（2元）俯瞰故宫全景 → 北海公园（旺季10元/人）\n- **晚上**：王府井步行街，品尝北京小吃\n\n### **第二天：皇家园林与长城**\n- **上午**：八达岭长城（旺季40元/人），建议包车或参加一日游团\n- **下午**：明十三陵（定陵65元/人）\n- **晚上**：返回市区，品尝老北京涮羊肉\n\n### **第三天：胡同文化与博物馆**\n- **上午**：南锣鼓巷胡同游览 → 什刹海地区\n- **下午**：中国国家博物馆（免费需预约）或首都博物馆（免费需预约）\n- **晚上**：前门大街，大栅栏商业街\n\n## 💰 **预算估算（单人）**\n- **住宿**：中档酒店约400元/晚 × 2晚 = 800元\n- **门票**：故宫60 + 景山2 + 北海10 + 长城40 + 明十三陵65 = 177元\n- **交通**：地铁公交约50元 + 长城往返交通约150元 = 200元\n- **餐饮**：每天约150元 × 3天 = 450元\n- **其他**：纪念品、小吃等约300元\n- **总计**：约1927元（远低于5000元预算）\n\n## 🎯 **优化建议**\n1. **雨天安排**：第一天有小雨，建议将室内活动（如博物馆）调整到第一天\n2. **门票预订**：故宫、国家博物馆等热门景点需提前在线预约\n3. **交通**：下载\"北京一卡通\"APP方便乘坐公共交通\n\n您对这个初步行程有什么想法吗？是否需要我：\n1. 为您搜索具体的景点详细信息？\n2. 调整行程安排？\n3. 推荐特色餐厅或住宿？\n\n```python\n# 先为您搜索一些主要景点的详细信息\npoi_list = search_poi(\"北京\", \"故宫博物院\")\npoi_list\n```","error":null,"message_id":"23da9afb-8f2d-4df7-9219-da76f0405e7c","conversation_id":"1d71be56-4bd0-43a3-b45d-19f5f6eb8b4f","itinerary":null} @ webpack-internal:///(app-pages-browser)/./lib/chat-transport.ts:103
[  672636ms] [LOG] [ChatTransport] Updated conversation_id: 1d71be56-4bd0-43a3-b45d-19f5f6eb8b4f @ webpack-internal:///(app-pages-browser)/./lib/chat-transport.ts:121
[ 1422757ms] [LOG] [Fast Refresh] rebuilding @ webpack-internal:///(app-pages-browser)/./node_modules/next/dist/client/dev/hot-reloader/app/hot-reloader-app.js:196
[ 1424529ms] [LOG] [Fast Refresh] done in 1772ms @ webpack-internal:///(app-pages-browser)/./node_modules/next/dist/client/dev/report-hmr-latency.js:13
[ 1451842ms] [LOG] [Fast Refresh] rebuilding @ webpack-internal:///(app-pages-browser)/./node_modules/next/dist/client/dev/hot-reloader/app/hot-reloader-app.js:196
[ 1452571ms] [LOG] [Fast Refresh] done in 730ms @ webpack-internal:///(app-pages-browser)/./node_modules/next/dist/client/dev/report-hmr-latency.js:13
[ 1490551ms] [LOG] [Fast Refresh] rebuilding @ webpack-internal:///(app-pages-browser)/./node_modules/next/dist/client/dev/hot-reloader/app/hot-reloader-app.js:196
[ 1491439ms] [LOG] [Chat] Store conversation changed: 1d71be56-4bd0-43a3-b45d-19f5f6eb8b4f @ webpack-internal:///(app-pages-browser)/./app/chat/page.tsx:159
[ 1491454ms] [LOG] [Fast Refresh] done in 902ms @ webpack-internal:///(app-pages-browser)/./node_modules/next/dist/client/dev/report-hmr-latency.js:13
[ 1491461ms] [LOG] [ChatTransport] WebSocket disconnected 1000 User disconnected @ webpack-internal:///(app-pages-browser)/./lib/chat-transport.ts:36
[ 1491661ms] [LOG] [Chat] User initialized: f62f4ec5-1874-4821-97e9-b2c70b35805d @ webpack-internal:///(app-pages-browser)/./app/chat/page.tsx:52
[ 1491675ms] [LOG] [Chat] User ID set to transport: f62f4ec5-1874-4821-97e9-b2c70b35805d @ webpack-internal:///(app-pages-browser)/./app/chat/page.tsx:95
[ 1491759ms] [LOG] [ChatTransport] WebSocket connected @ webpack-internal:///(app-pages-browser)/./lib/chat-transport.ts:25
[ 1512503ms] [LOG] [Fast Refresh] rebuilding @ webpack-internal:///(app-pages-browser)/./node_modules/next/dist/client/dev/hot-reloader/app/hot-reloader-app.js:196
[ 1513131ms] [LOG] [Fast Refresh] done in 629ms @ webpack-internal:///(app-pages-browser)/./node_modules/next/dist/client/dev/report-hmr-latency.js:13
[ 1536037ms] [LOG] [Fast Refresh] rebuilding @ webpack-internal:///(app-pages-browser)/./node_modules/next/dist/client/dev/hot-reloader/app/hot-reloader-app.js:196
[ 1536635ms] [LOG] [Fast Refresh] done in 598ms @ webpack-internal:///(app-pages-browser)/./node_modules/next/dist/client/dev/report-hmr-latency.js:13
[ 1553154ms] [LOG] [Fast Refresh] rebuilding @ webpack-internal:///(app-pages-browser)/./node_modules/next/dist/client/dev/hot-reloader/app/hot-reloader-app.js:196
[ 1553986ms] [LOG] [Fast Refresh] done in 832ms @ webpack-internal:///(app-pages-browser)/./node_modules/next/dist/client/dev/report-hmr-latency.js:13
[ 1561980ms] [LOG] [Fast Refresh] rebuilding @ webpack-internal:///(app-pages-browser)/./node_modules/next/dist/client/dev/hot-reloader/app/hot-reloader-app.js:196
[ 1562569ms] [LOG] [Fast Refresh] done in 589ms @ webpack-internal:///(app-pages-browser)/./node_modules/next/dist/client/dev/report-hmr-latency.js:13
[ 1603215ms] [LOG] [Fast Refresh] rebuilding @ webpack-internal:///(app-pages-browser)/./node_modules/next/dist/client/dev/hot-reloader/app/hot-reloader-app.js:196
[ 1604182ms] [LOG] [Fast Refresh] done in 967ms @ webpack-internal:///(app-pages-browser)/./node_modules/next/dist/client/dev/report-hmr-latency.js:13
[ 1669065ms] [INFO] %cDownload the React DevTools for a better development experience: https://react.dev/link/react-devtools font-weight:bold @ webpack-internal:///(app-pages-browser)/./node_modules/next/dist/compiled/react-dom/cjs/react-dom-client.development.js:25630
[ 1669515ms] [LOG] [Auth] Synced user ID to userManager on init: f62f4ec5-1874-4821-97e9-b2c70b35805d @ webpack-internal:///(app-pages-browser)/./lib/store/auth-store.ts:59
[ 1669537ms] [LOG] [Chat] Store conversation changed: 1d71be56-4bd0-43a3-b45d-19f5f6eb8b4f @ webpack-internal:///(app-pages-browser)/./app/chat/page.tsx:159
[ 1669539ms] [WARNING] WebSocket connection to 'ws://localhost:8000/ws/chat' failed: WebSocket is closed before the connection is established. @ webpack-internal:///(app-pages-browser)/./lib/chat-transport.ts:56
[ 1669541ms] [LOG] [Chat] Store conversation changed: 1d71be56-4bd0-43a3-b45d-19f5f6eb8b4f @ webpack-internal:///(app-pages-browser)/./app/chat/page.tsx:159
[ 1669551ms] [ERROR] [ChatTransport] WebSocket error: Event @ webpack-internal:///(app-pages-browser)/./node_modules/next/dist/next-devtools/userspace/app/errors/intercept-console-error.js:56
[ 1669552ms] [ERROR] Event @ webpack-internal:///(app-pages-browser)/./node_modules/next/dist/next-devtools/userspace/app/errors/intercept-console-error.js:56
[ 1669552ms] [LOG] [ChatTransport] WebSocket disconnected 1006  @ webpack-internal:///(app-pages-browser)/./lib/chat-transport.ts:36
[ 1669552ms] [LOG] [ChatTransport] Reconnecting... (1/5) @ webpack-internal:///(app-pages-browser)/./lib/chat-transport.ts:41
[ 1669574ms] [LOG] [Chat] User initialized: f62f4ec5-1874-4821-97e9-b2c70b35805d @ webpack-internal:///(app-pages-browser)/./app/chat/page.tsx:52
[ 1669585ms] [LOG] [Chat] User ID set to transport: f62f4ec5-1874-4821-97e9-b2c70b35805d @ webpack-internal:///(app-pages-browser)/./app/chat/page.tsx:95
[ 1669601ms] [LOG] [Chat] User initialized: f62f4ec5-1874-4821-97e9-b2c70b35805d @ webpack-internal:///(app-pages-browser)/./app/chat/page.tsx:52
[ 1669851ms] [LOG] [ChatTransport] WebSocket connected @ webpack-internal:///(app-pages-browser)/./lib/chat-transport.ts:25
[ 1670878ms] [LOG] [ChatTransport] WebSocket connected @ webpack-internal:///(app-pages-browser)/./lib/chat-transport.ts:25
[ 1677258ms] [LOG] [ConversationList] handleDelete called: {id: 1d71be56-4bd0-43a3-b45d-19f5f6eb8b4f, activeConversationId: 1d71be56-4bd0-43a3-b45d-19f5f6eb8b4f, conversationsCount: 5} @ webpack-internal:///(app-pages-browser)/./components/conversations/conversation-list.tsx:144
[ 1677259ms] [LOG] [ConversationList] Sorted conversations: [7878182b-3e4d-46aa-b557-5161a2d294ac, 1d71be56-4bd0-43a3-b45d-19f5f6eb8b4f, f93e0df1-37df-426f-a397-f34fe549d54a, 63d28fe3-637f-488d-a2b9-df4f86be47e3, c54607bf-cd49-4383-91c5-5f30cfe5e063] @ webpack-internal:///(app-pages-browser)/./components/conversations/conversation-list.tsx:155
[ 1677263ms] [LOG] [ConversationList] Current index: 1 @ webpack-internal:///(app-pages-browser)/./components/conversations/conversation-list.tsx:158
[ 1677263ms] [LOG] [ConversationList] Next conversation: f93e0df1-37df-426f-a397-f34fe549d54a @ webpack-internal:///(app-pages-browser)/./components/conversations/conversation-list.tsx:170
[ 1677319ms] [LOG] [ConversationList] Conversation deleted, conversations remaining: 4 @ webpack-internal:///(app-pages-browser)/./components/conversations/conversation-list.tsx:173
[ 1677319ms] [LOG] [ConversationList] Switching to next conversation: f93e0df1-37df-426f-a397-f34fe549d54a @ webpack-internal:///(app-pages-browser)/./components/conversations/conversation-list.tsx:176
[ 1677319ms] [LOG] [ChatPage] handleConversationSelect called: {conversationId: f93e0df1-37df-426f-a397-f34fe549d54a, currentConversationId: 1d71be56-4bd0-43a3-b45d-19f5f6eb8b4f, isLoading: false} @ webpack-internal:///(app-pages-browser)/./app/chat/page.tsx:372
[ 1677319ms] [LOG] [ChatPage] Loading messages for conversation: f93e0df1-37df-426f-a397-f34fe549d54a @ webpack-internal:///(app-pages-browser)/./app/chat/page.tsx:412
[ 1677333ms] [LOG] [ChatPage] Messages loaded: 0 @ webpack-internal:///(app-pages-browser)/./app/chat/page.tsx:416
[ 1678277ms] [LOG] [ChatPage] handleConversationSelect called: {conversationId: f93e0df1-37df-426f-a397-f34fe549d54a, currentConversationId: f93e0df1-37df-426f-a397-f34fe549d54a, isLoading: false} @ webpack-internal:///(app-pages-browser)/./app/chat/page.tsx:372
[ 1678277ms] [LOG] [ChatPage] Already on this conversation, skipping @ webpack-internal:///(app-pages-browser)/./app/chat/page.tsx:401
[ 1678792ms] [LOG] [ChatPage] handleConversationSelect called: {conversationId: 7878182b-3e4d-46aa-b557-5161a2d294ac, currentConversationId: f93e0df1-37df-426f-a397-f34fe549d54a, isLoading: false} @ webpack-internal:///(app-pages-browser)/./app/chat/page.tsx:372
[ 1678793ms] [LOG] [ChatPage] Loading messages for conversation: 7878182b-3e4d-46aa-b557-5161a2d294ac @ webpack-internal:///(app-pages-browser)/./app/chat/page.tsx:412
[ 1678803ms] [LOG] [ChatPage] Messages loaded: 2 @ webpack-internal:///(app-pages-browser)/./app/chat/page.tsx:416
[ 1679481ms] [LOG] [ChatPage] handleConversationSelect called: {conversationId: f93e0df1-37df-426f-a397-f34fe549d54a, currentConversationId: 7878182b-3e4d-46aa-b557-5161a2d294ac, isLoading: false} @ webpack-internal:///(app-pages-browser)/./app/chat/page.tsx:372
[ 1679481ms] [LOG] [ChatPage] Loading messages for conversation: f93e0df1-37df-426f-a397-f34fe549d54a @ webpack-internal:///(app-pages-browser)/./app/chat/page.tsx:412
[ 1679494ms] [LOG] [ChatPage] Messages loaded: 0 @ webpack-internal:///(app-pages-browser)/./app/chat/page.tsx:416
[ 1690437ms] [LOG] [ChatTransport] sendMessage called, content: 帮我规划北京3天行程，还要查天气 @ webpack-internal:///(app-pages-browser)/./lib/chat-transport.ts:81
[ 1690437ms] [LOG] [ChatTransport] isConnected: true ws.readyState: 1 @ webpack-internal:///(app-pages-browser)/./lib/chat-transport.ts:82
[ 1690437ms] [LOG] [ChatTransport] has_image: false @ webpack-internal:///(app-pages-browser)/./lib/chat-transport.ts:83
[ 1690438ms] [LOG] [ChatTransport] Sending WebSocket message: msg_1776338342371_ow0n3f9 帮我规划北京3天行程，还要查天气 @ webpack-internal:///(app-pages-browser)/./lib/chat-transport.ts:100
[ 1690438ms] [LOG] [ChatTransport] send() called, isConnected: true readyState: 1 @ webpack-internal:///(app-pages-browser)/./lib/chat-transport.ts:69
[ 1690438ms] [LOG] [ChatTransport] Sending WebSocket data: {"type":"message","session_id":"session_1776338321473_x2wvjs7","conversation_id":"f93e0df1-37df-426f-a397-f34fe549d54a","user_id":"f62f4ec5-1874-4821-97e9-b2c70b35805d","content":"帮我规划北京3天行程，还要查天气","has_image":false} @ webpack-internal:///(app-pages-browser)/./lib/chat-transport.ts:71
[ 1696957ms] [LOG] [ChatTransport] Received WebSocket response: {"type":"delta","content":"您好","error":null,"message_id":"b10da1cf-3bfe-4f7f-963a-873632181fe3","conversation_id":null,"itinerary":null} @ webpack-internal:///(app-pages-browser)/./lib/chat-transport.ts:103
[ 1697271ms] [LOG] [ChatTransport] Received WebSocket response: {"type":"delta","content":"！","error":null,"message_id":"b10da1cf-3bfe-4f7f-963a-873632181fe3","conversation_id":null,"itinerary":null} @ webpack-internal:///(app-pages-browser)/./lib/chat-transport.ts:103
[ 1697276ms] [LOG] [ChatTransport] Received WebSocket response: {"type":"delta","content":"很高兴","error":null,"message_id":"b10da1cf-3bfe-4f7f-963a-873632181fe3","conversation_id":null,"itinerary":null} @ webpack-internal:///(app-pages-browser)/./lib/chat-transport.ts:103
[ 1697276ms] [LOG] [ChatTransport] Received WebSocket response: {"type":"delta","content":"为您","error":null,"message_id":"b10da1cf-3bfe-4f7f-963a-873632181fe3","conversation_id":null,"itinerary":null} @ webpack-internal:///(app-pages-browser)/./lib/chat-transport.ts:103
[ 1697281ms] [LOG] [ChatTransport] Received WebSocket response: {"type":"delta","content":"规划","error":null,"message_id":"b10da1cf-3bfe-4f7f-963a-873632181fe3","conversation_id":null,"itinerary":null} @ webpack-internal:///(app-pages-browser)/./lib/chat-transport.ts:103
[ 1697282ms] [LOG] [ChatTransport] Received WebSocket response: {"type":"delta","content":"北京","error":null,"message_id":"b10da1cf-3bfe-4f7f-963a-873632181fe3","conversation_id":null,"itinerary":null} @ webpack-internal:///(app-pages-browser)/./lib/chat-transport.ts:103
[ 1697282ms] [LOG] [ChatTransport] Received WebSocket response: {"type":"delta","content":"3","error":null,"message_id":"b10da1cf-3bfe-4f7f-963a-873632181fe3","conversation_id":null,"itinerary":null} @ webpack-internal:///(app-pages-browser)/./lib/chat-transport.ts:103
[ 1697282ms] [LOG] [ChatTransport] Received WebSocket response: {"type":"delta","content":"天","error":null,"message_id":"b10da1cf-3bfe-4f7f-963a-873632181fe3","conversation_id":null,"itinerary":null} @ webpack-internal:///(app-pages-browser)/./lib/chat-transport.ts:103
[ 1697282ms] [LOG] [ChatTransport] Received WebSocket response: {"type":"delta","content":"行程","error":null,"message_id":"b10da1cf-3bfe-4f7f-963a-873632181fe3","conversation_id":null,"itinerary":null} @ webpack-internal:///(app-pages-browser)/./lib/chat-transport.ts:103
[ 1697282ms] [LOG] [ChatTransport] Received WebSocket response: {"type":"delta","content":"。","error":null,"message_id":"b10da1cf-3bfe-4f7f-963a-873632181fe3","conversation_id":null,"itinerary":null} @ webpack-internal:///(app-pages-browser)/./lib/chat-transport.ts:103
[ 1697322ms] [LOG] [ChatTransport] Received WebSocket response: {"type":"delta","content":"我已经","error":null,"message_id":"b10da1cf-3bfe-4f7f-963a-873632181fe3","conversation_id":null,"itinerary":null} @ webpack-internal:///(app-pages-browser)/./lib/chat-transport.ts:103
[ 1697381ms] [LOG] [ChatTransport] Received WebSocket response: {"type":"delta","content":"为您","error":null,"message_id":"b10da1cf-3bfe-4f7f-963a-873632181fe3","conversation_id":null,"itinerary":null} @ webpack-internal:///(app-pages-browser)/./lib/chat-transport.ts:103
[ 1697446ms] [LOG] [ChatTransport] Received WebSocket response: {"type":"delta","content":"查询","error":null,"message_id":"b10da1cf-3bfe-4f7f-963a-873632181fe3","conversation_id":null,"itinerary":null} @ webpack-internal:///(app-pages-browser)/./lib/chat-transport.ts:103
[ 1697455ms] [LOG] [ChatTransport] Received WebSocket response: {"type":"delta","content":"了","error":null,"message_id":"b10da1cf-3bfe-4f7f-963a-873632181fe3","conversation_id":null,"itinerary":null} @ webpack-internal:///(app-pages-browser)/./lib/chat-transport.ts:103
[ 1697505ms] [LOG] [ChatTransport] Received WebSocket response: {"type":"delta","content":"北京的","error":null,"message_id":"b10da1cf-3bfe-4f7f-963a-873632181fe3","conversation_id":null,"itinerary":null} @ webpack-internal:///(app-pages-browser)/./lib/chat-transport.ts:103
[ 1697515ms] [LOG] [ChatTransport] Received WebSocket response: {"type":"delta","content":"天气","error":null,"message_id":"b10da1cf-3bfe-4f7f-963a-873632181fe3","conversation_id":null,"itinerary":null} @ webpack-internal:///(app-pages-browser)/./lib/chat-transport.ts:103
[ 1697593ms] [LOG] [ChatTransport] Received WebSocket response: {"type":"delta","content":"情况","error":null,"message_id":"b10da1cf-3bfe-4f7f-963a-873632181fe3","conversation_id":null,"itinerary":null} @ webpack-internal:///(app-pages-browser)/./lib/chat-transport.ts:103
[ 1697601ms] [LOG] [ChatTransport] Received WebSocket response: {"type":"delta","content":"，","error":null,"message_id":"b10da1cf-3bfe-4f7f-963a-873632181fe3","conversation_id":null,"itinerary":null} @ webpack-internal:///(app-pages-browser)/./lib/chat-transport.ts:103
[ 1697708ms] [LOG] [ChatTransport] Received WebSocket response: {"type":"delta","content":"这","error":null,"message_id":"b10da1cf-3bfe-4f7f-963a-873632181fe3","conversation_id":null,"itinerary":null} @ webpack-internal:///(app-pages-browser)/./lib/chat-transport.ts:103
[ 1697721ms] [LOG] [ChatTransport] Received WebSocket response: {"type":"delta","content":"将是","error":null,"message_id":"b10da1cf-3bfe-4f7f-963a-873632181fe3","conversation_id":null,"itinerary":null} @ webpack-internal:///(app-pages-browser)/./lib/chat-transport.ts:103
[ 1697767ms] [LOG] [ChatTransport] Received WebSocket response: {"type":"delta","content":"规划","error":null,"message_id":"b10da1cf-3bfe-4f7f-963a-873632181fe3","conversation_id":null,"itinerary":null} @ webpack-internal:///(app-pages-browser)/./lib/chat-transport.ts:103
[ 1697776ms] [LOG] [ChatTransport] Received WebSocket response: {"type":"delta","content":"行程","error":null,"message_id":"b10da1cf-3bfe-4f7f-963a-873632181fe3","conversation_id":null,"itinerary":null} @ webpack-internal:///(app-pages-browser)/./lib/chat-transport.ts:103
[ 1697834ms] [LOG] [ChatTransport] Received WebSocket response: {"type":"delta","content":"的重要","error":null,"message_id":"b10da1cf-3bfe-4f7f-963a-873632181fe3","conversation_id":null,"itinerary":null} @ webpack-internal:///(app-pages-browser)/./lib/chat-transport.ts:103
[ 1697848ms] [LOG] [ChatTransport] Received WebSocket response: {"type":"delta","content":"参考","error":null,"message_id":"b10da1cf-3bfe-4f7f-963a-873632181fe3","conversation_id":null,"itinerary":null} @ webpack-internal:///(app-pages-browser)/./lib/chat-transport.ts:103
[ 1697891ms] [LOG] [ChatTransport] Received WebSocket response: {"type":"delta","content":"。\n\n","error":null,"message_id":"b10da1cf-3bfe-4f7f-963a-873632181fe3","conversation_id":null,"itinerary":null} @ webpack-internal:///(app-pages-browser)/./lib/chat-transport.ts:103
[ 1697891ms] [LOG] [ChatTransport] Received WebSocket response: {"type":"delta","content":"###","error":null,"message_id":"b10da1cf-3bfe-4f7f-963a-873632181fe3","conversation_id":null,"itinerary":null} @ webpack-internal:///(app-pages-browser)/./lib/chat-transport.ts:103
[ 1697963ms] [LOG] [ChatTransport] Received WebSocket response: {"type":"delta","content":" 📅","error":null,"message_id":"b10da1cf-3bfe-4f7f-963a-873632181fe3","conversation_id":null,"itinerary":null} @ webpack-internal:///(app-pages-browser)/./lib/chat-transport.ts:103
[ 1698023ms] [LOG] [ChatTransport] Received WebSocket response: {"type":"delta","content":" **","error":null,"message_id":"b10da1cf-3bfe-4f7f-963a-873632181fe3","conversation_id":null,"itinerary":null} @ webpack-internal:///(app-pages-browser)/./lib/chat-transport.ts:103
[ 1698037ms] [LOG] [ChatTransport] Received WebSocket response: {"type":"delta","content":"北京","error":null,"message_id":"b10da1cf-3bfe-4f7f-963a-873632181fe3","conversation_id":null,"itinerary":null} @ webpack-internal:///(app-pages-browser)/./lib/chat-transport.ts:103
[ 1698075ms] [LOG] [ChatTransport] Received WebSocket response: {"type":"delta","content":"3","error":null,"message_id":"b10da1cf-3bfe-4f7f-963a-873632181fe3","conversation_id":null,"itinerary":null} @ webpack-internal:///(app-pages-browser)/./lib/chat-transport.ts:103
[ 1698084ms] [LOG] [ChatTransport] Received WebSocket response: {"type":"delta","content":"天","error":null,"message_id":"b10da1cf-3bfe-4f7f-963a-873632181fe3","conversation_id":null,"itinerary":null} @ webpack-internal:///(app-pages-browser)/./lib/chat-transport.ts:103
[ 1698150ms] [LOG] [ChatTransport] Received WebSocket response: {"type":"delta","content":"行程","error":null,"message_id":"b10da1cf-3bfe-4f7f-963a-873632181fe3","conversation_id":null,"itinerary":null} @ webpack-internal:///(app-pages-browser)/./lib/chat-transport.ts:103
[ 1698253ms] [LOG] [ChatTransport] Received WebSocket response: {"type":"delta","content":"规划","error":null,"message_id":"b10da1cf-3bfe-4f7f-963a-873632181fe3","conversation_id":null,"itinerary":null} @ webpack-internal:///(app-pages-browser)/./lib/chat-transport.ts:103
[ 1698268ms] [LOG] [ChatTransport] Received WebSocket response: {"type":"delta","content":" (","error":null,"message_id":"b10da1cf-3bfe-4f7f-963a-873632181fe3","conversation_id":null,"itinerary":null} @ webpack-internal:///(app-pages-browser)/./lib/chat-transport.ts:103
[ 1698410ms] [LOG] [ChatTransport] Received WebSocket response: {"type":"delta","content":"202","error":null,"message_id":"b10da1cf-3bfe-4f7f-963a-873632181fe3","conversation_id":null,"itinerary":null} @ webpack-internal:///(app-pages-browser)/./lib/chat-transport.ts:103
[ 1698425ms] [LOG] [ChatTransport] Received WebSocket response: {"type":"delta","content":"6","error":null,"message_id":"b10da1cf-3bfe-4f7f-963a-873632181fe3","conversation_id":null,"itinerary":null} @ webpack-internal:///(app-pages-browser)/./lib/chat-transport.ts:103
[ 1698439ms] [LOG] [ChatTransport] Received WebSocket response: {"type":"delta","content":"-","error":null,"message_id":"b10da1cf-3bfe-4f7f-963a-873632181fe3","conversation_id":null,"itinerary":null} @ webpack-internal:///(app-pages-browser)/./lib/chat-transport.ts:103
[ 1698458ms] [LOG] [ChatTransport] Received WebSocket response: {"type":"delta","content":"04","error":null,"message_id":"b10da1cf-3bfe-4f7f-963a-873632181fe3","conversation_id":null,"itinerary":null} @ webpack-internal:///(app-pages-browser)/./lib/chat-transport.ts:103
[ 1698472ms] [LOG] [ChatTransport] Received WebSocket response: {"type":"delta","content":"-","error":null,"message_id":"b10da1cf-3bfe-4f7f-963a-873632181fe3","conversation_id":null,"itinerary":null} @ webpack-internal:///(app-pages-browser)/./lib/chat-transport.ts:103
[ 1698511ms] [LOG] [ChatTransport] Received WebSocket response: {"type":"delta","content":"16","error":null,"message_id":"b10da1cf-3bfe-4f7f-963a-873632181fe3","conversation_id":null,"itinerary":null} @ webpack-internal:///(app-pages-browser)/./lib/chat-transport.ts:103
[ 1698522ms] [LOG] [ChatTransport] Received WebSocket response: {"type":"delta","content":" ","error":null,"message_id":"b10da1cf-3bfe-4f7f-963a-873632181fe3","conversation_id":null,"itinerary":null} @ webpack-internal:///(app-pages-browser)/./lib/chat-transport.ts:103
[ 1698583ms] [LOG] [ChatTransport] Received WebSocket response: {"type":"delta","content":"至","error":null,"message_id":"b10da1cf-3bfe-4f7f-963a-873632181fe3","conversation_id":null,"itinerary":null} @ webpack-internal:///(app-pages-browser)/./lib/chat-transport.ts:103
[ 1698596ms] [LOG] [ChatTransport] Received WebSocket response: {"type":"delta","content":" ","error":null,"message_id":"b10da1cf-3bfe-4f7f-963a-873632181fe3","conversation_id":null,"itinerary":null} @ webpack-internal:///(app-pages-browser)/./lib/chat-transport.ts:103
[ 1698632ms] [LOG] [ChatTransport] Received WebSocket response: {"type":"delta","content":"202","error":null,"message_id":"b10da1cf-3bfe-4f7f-963a-873632181fe3","conversation_id":null,"itinerary":null} @ webpack-internal:///(app-pages-browser)/./lib/chat-transport.ts:103
[ 1698648ms] [LOG] [ChatTransport] Received WebSocket response: {"type":"delta","content":"6","error":null,"message_id":"b10da1cf-3bfe-4f7f-963a-873632181fe3","conversation_id":null,"itinerary":null} @ webpack-internal:///(app-pages-browser)/./lib/chat-transport.ts:103
[ 1698693ms] [LOG] [ChatTransport] Received WebSocket response: {"type":"delta","content":"-","error":null,"message_id":"b10da1cf-3bfe-4f7f-963a-873632181fe3","conversation_id":null,"itinerary":null} @ webpack-internal:///(app-pages-browser)/./lib/chat-transport.ts:103
[ 1698705ms] [LOG] [ChatTransport] Received WebSocket response: {"type":"delta","content":"04","error":null,"message_id":"b10da1cf-3bfe-4f7f-963a-873632181fe3","conversation_id":null,"itinerary":null} @ webpack-internal:///(app-pages-browser)/./lib/chat-transport.ts:103
[ 1698754ms] [LOG] [ChatTransport] Received WebSocket response: {"type":"delta","content":"-","error":null,"message_id":"b10da1cf-3bfe-4f7f-963a-873632181fe3","conversation_id":null,"itinerary":null} @ webpack-internal:///(app-pages-browser)/./lib/chat-transport.ts:103
[ 1698767ms] [LOG] [ChatTransport] Received WebSocket response: {"type":"delta","content":"18","error":null,"message_id":"b10da1cf-3bfe-4f7f-963a-873632181fe3","conversation_id":null,"itinerary":null} @ webpack-internal:///(app-pages-browser)/./lib/chat-transport.ts:103
[ 1698823ms] [LOG] [ChatTransport] Received WebSocket response: {"type":"delta","content":")**\n\n","error":null,"message_id":"b10da1cf-3bfe-4f7f-963a-873632181fe3","conversation_id":null,"itinerary":null} @ webpack-internal:///(app-pages-browser)/./lib/chat-transport.ts:103
[ 1698834ms] [LOG] [ChatTransport] Received WebSocket response: {"type":"delta","content":"**","error":null,"message_id":"b10da1cf-3bfe-4f7f-963a-873632181fe3","conversation_id":null,"itinerary":null} @ webpack-internal:///(app-pages-browser)/./lib/chat-transport.ts:103
[ 1698878ms] [LOG] [ChatTransport] Received WebSocket response: {"type":"delta","content":"天气","error":null,"message_id":"b10da1cf-3bfe-4f7f-963a-873632181fe3","conversation_id":null,"itinerary":null} @ webpack-internal:///(app-pages-browser)/./lib/chat-transport.ts:103
[ 1698879ms] [LOG] [ChatTransport] Received WebSocket response: {"type":"delta","content":"概","error":null,"message_id":"b10da1cf-3bfe-4f7f-963a-873632181fe3","conversation_id":null,"itinerary":null} @ webpack-internal:///(app-pages-browser)/./lib/chat-transport.ts:103
[ 1698936ms] [LOG] [ChatTransport] Received WebSocket response: {"type":"delta","content":"览","error":null,"message_id":"b10da1cf-3bfe-4f7f-963a-873632181fe3","conversation_id":null,"itinerary":null} @ webpack-internal:///(app-pages-browser)/./lib/chat-transport.ts:103
[ 1698944ms] [LOG] [ChatTransport] Received WebSocket response: {"type":"delta","content":"：","error":null,"message_id":"b10da1cf-3bfe-4f7f-963a-873632181fe3","conversation_id":null,"itinerary":null} @ webpack-internal:///(app-pages-browser)/./lib/chat-transport.ts:103
[ 1699011ms] [LOG] [ChatTransport] Received WebSocket response: {"type":"delta","content":"**\n","error":null,"message_id":"b10da1cf-3bfe-4f7f-963a-873632181fe3","conversation_id":null,"itinerary":null} @ webpack-internal:///(app-pages-browser)/./lib/chat-transport.ts:103
[ 1699025ms] [LOG] [ChatTransport] Received WebSocket response: {"type":"delta","content":"-","error":null,"message_id":"b10da1cf-3bfe-4f7f-963a-873632181fe3","conversation_id":null,"itinerary":null} @ webpack-internal:///(app-pages-browser)/./lib/chat-transport.ts:103
[ 1699068ms] [LOG] [ChatTransport] Received WebSocket response: {"type":"delta","content":" **","error":null,"message_id":"b10da1cf-3bfe-4f7f-963a-873632181fe3","conversation_id":null,"itinerary":null} @ webpack-internal:///(app-pages-browser)/./lib/chat-transport.ts:103
[ 1699081ms] [LOG] [ChatTransport] Received WebSocket response: {"type":"delta","content":"第一天","error":null,"message_id":"b10da1cf-3bfe-4f7f-963a-873632181fe3","conversation_id":null,"itinerary":null} @ webpack-internal:///(app-pages-browser)/./lib/chat-transport.ts:103
[ 1699122ms] [LOG] [ChatTransport] Received WebSocket response: {"type":"delta","content":" (","error":null,"message_id":"b10da1cf-3bfe-4f7f-963a-873632181fe3","conversation_id":null,"itinerary":null} @ webpack-internal:///(app-pages-browser)/./lib/chat-transport.ts:103
[ 1699137ms] [LOG] [ChatTransport] Received WebSocket response: {"type":"delta","content":"4","error":null,"message_id":"b10da1cf-3bfe-4f7f-963a-873632181fe3","conversation_id":null,"itinerary":null} @ webpack-internal:///(app-pages-browser)/./lib/chat-transport.ts:103
[ 1699177ms] [LOG] [ChatTransport] Received WebSocket response: {"type":"delta","content":"月","error":null,"message_id":"b10da1cf-3bfe-4f7f-963a-873632181fe3","conversation_id":null,"itinerary":null} @ webpack-internal:///(app-pages-browser)/./lib/chat-transport.ts:103
[ 1699187ms] [LOG] [ChatTransport] Received WebSocket response: {"type":"delta","content":"16","error":null,"message_id":"b10da1cf-3bfe-4f7f-963a-873632181fe3","conversation_id":null,"itinerary":null} @ webpack-internal:///(app-pages-browser)/./lib/chat-transport.ts:103
[ 1699270ms] [LOG] [ChatTransport] Received WebSocket response: {"type":"delta","content":"日","error":null,"message_id":"b10da1cf-3bfe-4f7f-963a-873632181fe3","conversation_id":null,"itinerary":null} @ webpack-internal:///(app-pages-browser)/./lib/chat-transport.ts:103
[ 1699279ms] [LOG] [ChatTransport] Received WebSocket response: {"type":"delta","content":"，","error":null,"message_id":"b10da1cf-3bfe-4f7f-963a-873632181fe3","conversation_id":null,"itinerary":null} @ webpack-internal:///(app-pages-browser)/./lib/chat-transport.ts:103
[ 1699328ms] [LOG] [ChatTransport] Received WebSocket response: {"type":"delta","content":"周四","error":null,"message_id":"b10da1cf-3bfe-4f7f-963a-873632181fe3","conversation_id":null,"itinerary":null} @ webpack-internal:///(app-pages-browser)/./lib/chat-transport.ts:103
[ 1699343ms] [LOG] [ChatTransport] Received WebSocket response: {"type":"delta","content":")**","error":null,"message_id":"b10da1cf-3bfe-4f7f-963a-873632181fe3","conversation_id":null,"itinerary":null} @ webpack-internal:///(app-pages-browser)/./lib/chat-transport.ts:103
[ 1699365ms] [LOG] [ChatTransport] Received WebSocket response: {"type":"delta","content":"：","error":null,"message_id":"b10da1cf-3bfe-4f7f-963a-873632181fe3","conversation_id":null,"itinerary":null} @ webpack-internal:///(app-pages-browser)/./lib/chat-transport.ts:103
[ 1699365ms] [LOG] [ChatTransport] Received WebSocket response: {"type":"delta","content":"小雨","error":null,"message_id":"b10da1cf-3bfe-4f7f-963a-873632181fe3","conversation_id":null,"itinerary":null} @ webpack-internal:///(app-pages-browser)/./lib/chat-transport.ts:103
[ 1699426ms] [LOG] [ChatTransport] Received WebSocket response: {"type":"delta","content":"转","error":null,"message_id":"b10da1cf-3bfe-4f7f-963a-873632181fe3","conversation_id":null,"itinerary":null} @ webpack-internal:///(app-pages-browser)/./lib/chat-transport.ts:103
[ 1699426ms] [LOG] [ChatTransport] Received WebSocket response: {"type":"delta","content":"小雨","error":null,"message_id":"b10da1cf-3bfe-4f7f-963a-873632181fe3","conversation_id":null,"itinerary":null} @ webpack-internal:///(app-pages-browser)/./lib/chat-transport.ts:103
[ 1699487ms] [LOG] [ChatTransport] Received WebSocket response: {"type":"delta","content":"，","error":null,"message_id":"b10da1cf-3bfe-4f7f-963a-873632181fe3","conversation_id":null,"itinerary":null} @ webpack-internal:///(app-pages-browser)/./lib/chat-transport.ts:103
[ 1699504ms] [LOG] [ChatTransport] Received WebSocket response: {"type":"delta","content":"11","error":null,"message_id":"b10da1cf-3bfe-4f7f-963a-873632181fe3","conversation_id":null,"itinerary":null} @ webpack-internal:///(app-pages-browser)/./lib/chat-transport.ts:103
[ 1699544ms] [LOG] [ChatTransport] Received WebSocket response: {"type":"delta","content":"-","error":null,"message_id":"b10da1cf-3bfe-4f7f-963a-873632181fe3","conversation_id":null,"itinerary":null} @ webpack-internal:///(app-pages-browser)/./lib/chat-transport.ts:103
[ 1699623ms] [LOG] [ChatTransport] Received WebSocket response: {"type":"delta","content":"20","error":null,"message_id":"b10da1cf-3bfe-4f7f-963a-873632181fe3","conversation_id":null,"itinerary":null} @ webpack-internal:///(app-pages-browser)/./lib/chat-transport.ts:103
[ 1699638ms] [LOG] [ChatTransport] Received WebSocket response: {"type":"delta","content":"°","error":null,"message_id":"b10da1cf-3bfe-4f7f-963a-873632181fe3","conversation_id":null,"itinerary":null} @ webpack-internal:///(app-pages-browser)/./lib/chat-transport.ts:103
[ 1699764ms] [LOG] [ChatTransport] Received WebSocket response: {"type":"delta","content":"C","error":null,"message_id":"b10da1cf-3bfe-4f7f-963a-873632181fe3","conversation_id":null,"itinerary":null} @ webpack-internal:///(app-pages-browser)/./lib/chat-transport.ts:103
[ 1699775ms] [LOG] [ChatTransport] Received WebSocket response: {"type":"delta","content":"。","error":null,"message_id":"b10da1cf-3bfe-4f7f-963a-873632181fe3","conversation_id":null,"itinerary":null} @ webpack-internal:///(app-pages-browser)/./lib/chat-transport.ts:103
[ 1699775ms] [LOG] [ChatTransport] Received WebSocket response: {"type":"delta","content":"**","error":null,"message_id":"b10da1cf-3bfe-4f7f-963a-873632181fe3","conversation_id":null,"itinerary":null} @ webpack-internal:///(app-pages-browser)/./lib/chat-transport.ts:103
[ 1699785ms] [LOG] [ChatTransport] Received WebSocket response: {"type":"delta","content":"建议","error":null,"message_id":"b10da1cf-3bfe-4f7f-963a-873632181fe3","conversation_id":null,"itinerary":null} @ webpack-internal:///(app-pages-browser)/./lib/chat-transport.ts:103
[ 1699797ms] [LOG] [ChatTransport] Received WebSocket response: {"type":"delta","content":"**","error":null,"message_id":"b10da1cf-3bfe-4f7f-963a-873632181fe3","conversation_id":null,"itinerary":null} @ webpack-internal:///(app-pages-browser)/./lib/chat-transport.ts:103
[ 1699798ms] [LOG] [ChatTransport] Received WebSocket response: {"type":"delta","content":"：","error":null,"message_id":"b10da1cf-3bfe-4f7f-963a-873632181fe3","conversation_id":null,"itinerary":null} @ webpack-internal:///(app-pages-browser)/./lib/chat-transport.ts:103
[ 1699887ms] [LOG] [ChatTransport] Received WebSocket response: {"type":"delta","content":"安排","error":null,"message_id":"b10da1cf-3bfe-4f7f-963a-873632181fe3","conversation_id":null,"itinerary":null} @ webpack-internal:///(app-pages-browser)/./lib/chat-transport.ts:103
[ 1699973ms] [LOG] [ChatTransport] Received WebSocket response: {"type":"delta","content":"室内","error":null,"message_id":"b10da1cf-3bfe-4f7f-963a-873632181fe3","conversation_id":null,"itinerary":null} @ webpack-internal:///(app-pages-browser)/./lib/chat-transport.ts:103
[ 1699983ms] [LOG] [ChatTransport] Received WebSocket response: {"type":"delta","content":"活动","error":null,"message_id":"b10da1cf-3bfe-4f7f-963a-873632181fe3","conversation_id":null,"itinerary":null} @ webpack-internal:///(app-pages-browser)/./lib/chat-transport.ts:103
[ 1699997ms] [LOG] [ChatTransport] Received WebSocket response: {"type":"delta","content":"，","error":null,"message_id":"b10da1cf-3bfe-4f7f-963a-873632181fe3","conversation_id":null,"itinerary":null} @ webpack-internal:///(app-pages-browser)/./lib/chat-transport.ts:103
[ 1699997ms] [LOG] [ChatTransport] Received WebSocket response: {"type":"delta","content":"务必","error":null,"message_id":"b10da1cf-3bfe-4f7f-963a-873632181fe3","conversation_id":null,"itinerary":null} @ webpack-internal:///(app-pages-browser)/./lib/chat-transport.ts:103
[ 1700043ms] [LOG] [ChatTransport] Received WebSocket response: {"type":"delta","content":"携带","error":null,"message_id":"b10da1cf-3bfe-4f7f-963a-873632181fe3","conversation_id":null,"itinerary":null} @ webpack-internal:///(app-pages-browser)/./lib/chat-transport.ts:103
[ 1700056ms] [LOG] [ChatTransport] Received WebSocket response: {"type":"delta","content":"雨","error":null,"message_id":"b10da1cf-3bfe-4f7f-963a-873632181fe3","conversation_id":null,"itinerary":null} @ webpack-internal:///(app-pages-browser)/./lib/chat-transport.ts:103
[ 1700101ms] [LOG] [ChatTransport] Received WebSocket response: {"type":"delta","content":"具","error":null,"message_id":"b10da1cf-3bfe-4f7f-963a-873632181fe3","conversation_id":null,"itinerary":null} @ webpack-internal:///(app-pages-browser)/./lib/chat-transport.ts:103
[ 1700114ms] [LOG] [ChatTransport] Received WebSocket response: {"type":"delta","content":"。\n","error":null,"message_id":"b10da1cf-3bfe-4f7f-963a-873632181fe3","conversation_id":null,"itinerary":null} @ webpack-internal:///(app-pages-browser)/./lib/chat-transport.ts:103
[ 1700158ms] [LOG] [ChatTransport] Received WebSocket response: {"type":"delta","content":"-","error":null,"message_id":"b10da1cf-3bfe-4f7f-963a-873632181fe3","conversation_id":null,"itinerary":null} @ webpack-internal:///(app-pages-browser)/./lib/chat-transport.ts:103
[ 1700158ms] [LOG] [ChatTransport] Received WebSocket response: {"type":"delta","content":" **","error":null,"message_id":"b10da1cf-3bfe-4f7f-963a-873632181fe3","conversation_id":null,"itinerary":null} @ webpack-internal:///(app-pages-browser)/./lib/chat-transport.ts:103
[ 1700220ms] [LOG] [ChatTransport] Received WebSocket response: {"type":"delta","content":"第二天","error":null,"message_id":"b10da1cf-3bfe-4f7f-963a-873632181fe3","conversation_id":null,"itinerary":null} @ webpack-internal:///(app-pages-browser)/./lib/chat-transport.ts:103
[ 1700235ms] [LOG] [ChatTransport] Received WebSocket response: {"type":"delta","content":" (","error":null,"message_id":"b10da1cf-3bfe-4f7f-963a-873632181fe3","conversation_id":null,"itinerary":null} @ webpack-internal:///(app-pages-browser)/./lib/chat-transport.ts:103
[ 1700294ms] [LOG] [ChatTransport] Received WebSocket response: {"type":"delta","content":"4","error":null,"message_id":"b10da1cf-3bfe-4f7f-963a-873632181fe3","conversation_id":null,"itinerary":null} @ webpack-internal:///(app-pages-browser)/./lib/chat-transport.ts:103
[ 1700305ms] [LOG] [ChatTransport] Received WebSocket response: {"type":"delta","content":"月","error":null,"message_id":"b10da1cf-3bfe-4f7f-963a-873632181fe3","conversation_id":null,"itinerary":null} @ webpack-internal:///(app-pages-browser)/./lib/chat-transport.ts:103
[ 1700344ms] [LOG] [ChatTransport] Received WebSocket response: {"type":"delta","content":"17","error":null,"message_id":"b10da1cf-3bfe-4f7f-963a-873632181fe3","conversation_id":null,"itinerary":null} @ webpack-internal:///(app-pages-browser)/./lib/chat-transport.ts:103
[ 1700353ms] [LOG] [ChatTransport] Received WebSocket response: {"type":"delta","content":"日","error":null,"message_id":"b10da1cf-3bfe-4f7f-963a-873632181fe3","conversation_id":null,"itinerary":null} @ webpack-internal:///(app-pages-browser)/./lib/chat-transport.ts:103
[ 1700407ms] [LOG] [ChatTransport] Received WebSocket response: {"type":"delta","content":"，","error":null,"message_id":"b10da1cf-3bfe-4f7f-963a-873632181fe3","conversation_id":null,"itinerary":null} @ webpack-internal:///(app-pages-browser)/./lib/chat-transport.ts:103
[ 1700416ms] [LOG] [ChatTransport] Received WebSocket response: {"type":"delta","content":"周五","error":null,"message_id":"b10da1cf-3bfe-4f7f-963a-873632181fe3","conversation_id":null,"itinerary":null} @ webpack-internal:///(app-pages-browser)/./lib/chat-transport.ts:103
[ 1700478ms] [LOG] [ChatTransport] Received WebSocket response: {"type":"delta","content":")**","error":null,"message_id":"b10da1cf-3bfe-4f7f-963a-873632181fe3","conversation_id":null,"itinerary":null} @ webpack-internal:///(app-pages-browser)/./lib/chat-transport.ts:103
[ 1700487ms] [LOG] [ChatTransport] Received WebSocket response: {"type":"delta","content":"：","error":null,"message_id":"b10da1cf-3bfe-4f7f-963a-873632181fe3","conversation_id":null,"itinerary":null} @ webpack-internal:///(app-pages-browser)/./lib/chat-transport.ts:103
[ 1700530ms] [LOG] [ChatTransport] Received WebSocket response: {"type":"delta","content":"晴天","error":null,"message_id":"b10da1cf-3bfe-4f7f-963a-873632181fe3","conversation_id":null,"itinerary":null} @ webpack-internal:///(app-pages-browser)/./lib/chat-transport.ts:103
[ 1700771ms] [LOG] [ChatTransport] Received WebSocket response: {"type":"delta","content":"，","error":null,"message_id":"b10da1cf-3bfe-4f7f-963a-873632181fe3","conversation_id":null,"itinerary":null} @ webpack-internal:///(app-pages-browser)/./lib/chat-transport.ts:103
[ 1700781ms] [LOG] [ChatTransport] Received WebSocket response: {"type":"delta","content":"13","error":null,"message_id":"b10da1cf-3bfe-4f7f-963a-873632181fe3","conversation_id":null,"itinerary":null} @ webpack-internal:///(app-pages-browser)/./lib/chat-transport.ts:103
[ 1700791ms] [LOG] [ChatTransport] Received WebSocket response: {"type":"delta","content":"-","error":null,"message_id":"b10da1cf-3bfe-4f7f-963a-873632181fe3","conversation_id":null,"itinerary":null} @ webpack-internal:///(app-pages-browser)/./lib/chat-transport.ts:103
[ 1700791ms] [LOG] [ChatTransport] Received WebSocket response: {"type":"delta","content":"24","error":null,"message_id":"b10da1cf-3bfe-4f7f-963a-873632181fe3","conversation_id":null,"itinerary":null} @ webpack-internal:///(app-pages-browser)/./lib/chat-transport.ts:103
[ 1700791ms] [LOG] [ChatTransport] Received WebSocket response: {"type":"delta","content":"°","error":null,"message_id":"b10da1cf-3bfe-4f7f-963a-873632181fe3","conversation_id":null,"itinerary":null} @ webpack-internal:///(app-pages-browser)/./lib/chat-transport.ts:103
[ 1700791ms] [LOG] [ChatTransport] Received WebSocket response: {"type":"delta","content":"C","error":null,"message_id":"b10da1cf-3bfe-4f7f-963a-873632181fe3","conversation_id":null,"itinerary":null} @ webpack-internal:///(app-pages-browser)/./lib/chat-transport.ts:103
[ 1700799ms] [LOG] [ChatTransport] Received WebSocket response: {"type":"delta","content":"。","error":null,"message_id":"b10da1cf-3bfe-4f7f-963a-873632181fe3","conversation_id":null,"itinerary":null} @ webpack-internal:///(app-pages-browser)/./lib/chat-transport.ts:103
[ 1700800ms] [LOG] [ChatTransport] Received WebSocket response: {"type":"delta","content":"**","error":null,"message_id":"b10da1cf-3bfe-4f7f-963a-873632181fe3","conversation_id":null,"itinerary":null} @ webpack-internal:///(app-pages-browser)/./lib/chat-transport.ts:103
[ 1700842ms] [LOG] [ChatTransport] Received WebSocket response: {"type":"delta","content":"建议","error":null,"message_id":"b10da1cf-3bfe-4f7f-963a-873632181fe3","conversation_id":null,"itinerary":null} @ webpack-internal:///(app-pages-browser)/./lib/chat-transport.ts:103
[ 1700851ms] [LOG] [ChatTransport] Received WebSocket response: {"type":"delta","content":"**","error":null,"message_id":"b10da1cf-3bfe-4f7f-963a-873632181fe3","conversation_id":null,"itinerary":null} @ webpack-internal:///(app-pages-browser)/./lib/chat-transport.ts:103
[ 1700914ms] [LOG] [ChatTransport] Received WebSocket response: {"type":"delta","content":"：","error":null,"message_id":"b10da1cf-3bfe-4f7f-963a-873632181fe3","conversation_id":null,"itinerary":null} @ webpack-internal:///(app-pages-browser)/./lib/chat-transport.ts:103
[ 1700922ms] [LOG] [ChatTransport] Received WebSocket response: {"type":"delta","content":"天气","error":null,"message_id":"b10da1cf-3bfe-4f7f-963a-873632181fe3","conversation_id":null,"itinerary":null} @ webpack-internal:///(app-pages-browser)/./lib/chat-transport.ts:103
[ 1700965ms] [LOG] [ChatTransport] Received WebSocket response: {"type":"delta","content":"极","error":null,"message_id":"b10da1cf-3bfe-4f7f-963a-873632181fe3","conversation_id":null,"itinerary":null} @ webpack-internal:///(app-pages-browser)/./lib/chat-transport.ts:103
[ 1701026ms] [LOG] [ChatTransport] Received WebSocket response: {"type":"delta","content":"佳","error":null,"message_id":"b10da1cf-3bfe-4f7f-963a-873632181fe3","conversation_id":null,"itinerary":null} @ webpack-internal:///(app-pages-browser)/./lib/chat-transport.ts:103
[ 1701040ms] [LOG] [ChatTransport] Received WebSocket response: {"type":"delta","content":"，","error":null,"message_id":"b10da1cf-3bfe-4f7f-963a-873632181fe3","conversation_id":null,"itinerary":null} @ webpack-internal:///(app-pages-browser)/./lib/chat-transport.ts:103
[ 1701097ms] [LOG] [ChatTransport] Received WebSocket response: {"type":"delta","content":"适合","error":null,"message_id":"b10da1cf-3bfe-4f7f-963a-873632181fe3","conversation_id":null,"itinerary":null} @ webpack-internal:///(app-pages-browser)/./lib/chat-transport.ts:103
[ 1701105ms] [LOG] [ChatTransport] Received WebSocket response: {"type":"delta","content":"户外","error":null,"message_id":"b10da1cf-3bfe-4f7f-963a-873632181fe3","conversation_id":null,"itinerary":null} @ webpack-internal:///(app-pages-browser)/./lib/chat-transport.ts:103
[ 1701193ms] [LOG] [ChatTransport] Received WebSocket response: {"type":"delta","content":"游览","error":null,"message_id":"b10da1cf-3bfe-4f7f-963a-873632181fe3","conversation_id":null,"itinerary":null} @ webpack-internal:///(app-pages-browser)/./lib/chat-transport.ts:103
[ 1701193ms] [LOG] [ChatTransport] Received WebSocket response: {"type":"delta","content":"和","error":null,"message_id":"b10da1cf-3bfe-4f7f-963a-873632181fe3","conversation_id":null,"itinerary":null} @ webpack-internal:///(app-pages-browser)/./lib/chat-transport.ts:103
[ 1701211ms] [LOG] [ChatTransport] Received WebSocket response: {"type":"delta","content":"拍照","error":null,"message_id":"b10da1cf-3bfe-4f7f-963a-873632181fe3","conversation_id":null,"itinerary":null} @ webpack-internal:///(app-pages-browser)/./lib/chat-transport.ts:103
[ 1701225ms] [LOG] [ChatTransport] Received WebSocket response: {"type":"delta","content":"。\n","error":null,"message_id":"b10da1cf-3bfe-4f7f-963a-873632181fe3","conversation_id":null,"itinerary":null} @ webpack-internal:///(app-pages-browser)/./lib/chat-transport.ts:103
[ 1701274ms] [LOG] [ChatTransport] Received WebSocket response: {"type":"delta","content":"-","error":null,"message_id":"b10da1cf-3bfe-4f7f-963a-873632181fe3","conversation_id":null,"itinerary":null} @ webpack-internal:///(app-pages-browser)/./lib/chat-transport.ts:103
[ 1701288ms] [LOG] [ChatTransport] Received WebSocket response: {"type":"delta","content":" **","error":null,"message_id":"b10da1cf-3bfe-4f7f-963a-873632181fe3","conversation_id":null,"itinerary":null} @ webpack-internal:///(app-pages-browser)/./lib/chat-transport.ts:103
[ 1701331ms] [LOG] [ChatTransport] Received WebSocket response: {"type":"delta","content":"第三天","error":null,"message_id":"b10da1cf-3bfe-4f7f-963a-873632181fe3","conversation_id":null,"itinerary":null} @ webpack-internal:///(app-pages-browser)/./lib/chat-transport.ts:103
[ 1701344ms] [LOG] [ChatTransport] Received WebSocket response: {"type":"delta","content":" (","error":null,"message_id":"b10da1cf-3bfe-4f7f-963a-873632181fe3","conversation_id":null,"itinerary":null} @ webpack-internal:///(app-pages-browser)/./lib/chat-transport.ts:103
[ 1701389ms] [LOG] [ChatTransport] Received WebSocket response: {"type":"delta","content":"4","error":null,"message_id":"b10da1cf-3bfe-4f7f-963a-873632181fe3","conversation_id":null,"itinerary":null} @ webpack-internal:///(app-pages-browser)/./lib/chat-transport.ts:103
[ 1701403ms] [LOG] [ChatTransport] Received WebSocket response: {"type":"delta","content":"月","error":null,"message_id":"b10da1cf-3bfe-4f7f-963a-873632181fe3","conversation_id":null,"itinerary":null} @ webpack-internal:///(app-pages-browser)/./lib/chat-transport.ts:103
[ 1701460ms] [LOG] [ChatTransport] Received WebSocket response: {"type":"delta","content":"18","error":null,"message_id":"b10da1cf-3bfe-4f7f-963a-873632181fe3","conversation_id":null,"itinerary":null} @ webpack-internal:///(app-pages-browser)/./lib/chat-transport.ts:103
[ 1701471ms] [LOG] [ChatTransport] Received WebSocket response: {"type":"delta","content":"日","error":null,"message_id":"b10da1cf-3bfe-4f7f-963a-873632181fe3","conversation_id":null,"itinerary":null} @ webpack-internal:///(app-pages-browser)/./lib/chat-transport.ts:103
[ 1701513ms] [LOG] [ChatTransport] Received WebSocket response: {"type":"delta","content":"，","error":null,"message_id":"b10da1cf-3bfe-4f7f-963a-873632181fe3","conversation_id":null,"itinerary":null} @ webpack-internal:///(app-pages-browser)/./lib/chat-transport.ts:103
[ 1701525ms] [LOG] [ChatTransport] Received WebSocket response: {"type":"delta","content":"周六","error":null,"message_id":"b10da1cf-3bfe-4f7f-963a-873632181fe3","conversation_id":null,"itinerary":null} @ webpack-internal:///(app-pages-browser)/./lib/chat-transport.ts:103
[ 1701580ms] [LOG] [ChatTransport] Received WebSocket response: {"type":"delta","content":")**","error":null,"message_id":"b10da1cf-3bfe-4f7f-963a-873632181fe3","conversation_id":null,"itinerary":null} @ webpack-internal:///(app-pages-browser)/./lib/chat-transport.ts:103
[ 1701587ms] [LOG] [ChatTransport] Received WebSocket response: {"type":"delta","content":"：","error":null,"message_id":"b10da1cf-3bfe-4f7f-963a-873632181fe3","conversation_id":null,"itinerary":null} @ webpack-internal:///(app-pages-browser)/./lib/chat-transport.ts:103
[ 1701638ms] [LOG] [ChatTransport] Received WebSocket response: {"type":"delta","content":"晴天","error":null,"message_id":"b10da1cf-3bfe-4f7f-963a-873632181fe3","conversation_id":null,"itinerary":null} @ webpack-internal:///(app-pages-browser)/./lib/chat-transport.ts:103
[ 1701646ms] [LOG] [ChatTransport] Received WebSocket response: {"type":"delta","content":"，","error":null,"message_id":"b10da1cf-3bfe-4f7f-963a-873632181fe3","conversation_id":null,"itinerary":null} @ webpack-internal:///(app-pages-browser)/./lib/chat-transport.ts:103
[ 1701707ms] [LOG] [ChatTransport] Received WebSocket response: {"type":"delta","content":"16","error":null,"message_id":"b10da1cf-3bfe-4f7f-963a-873632181fe3","conversation_id":null,"itinerary":null} @ webpack-internal:///(app-pages-browser)/./lib/chat-transport.ts:103
[ 1701715ms] [LOG] [ChatTransport] Received WebSocket response: {"type":"delta","content":"-","error":null,"message_id":"b10da1cf-3bfe-4f7f-963a-873632181fe3","conversation_id":null,"itinerary":null} @ webpack-internal:///(app-pages-browser)/./lib/chat-transport.ts:103
[ 1701754ms] [LOG] [ChatTransport] Received WebSocket response: {"type":"delta","content":"28","error":null,"message_id":"b10da1cf-3bfe-4f7f-963a-873632181fe3","conversation_id":null,"itinerary":null} @ webpack-internal:///(app-pages-browser)/./lib/chat-transport.ts:103
[ 1701763ms] [LOG] [ChatTransport] Received WebSocket response: {"type":"delta","content":"°","error":null,"message_id":"b10da1cf-3bfe-4f7f-963a-873632181fe3","conversation_id":null,"itinerary":null} @ webpack-internal:///(app-pages-browser)/./lib/chat-transport.ts:103
[ 1701821ms] [LOG] [ChatTransport] Received WebSocket response: {"type":"delta","content":"C","error":null,"message_id":"b10da1cf-3bfe-4f7f-963a-873632181fe3","conversation_id":null,"itinerary":null} @ webpack-internal:///(app-pages-browser)/./lib/chat-transport.ts:103
[ 1701834ms] [LOG] [ChatTransport] Received WebSocket response: {"type":"delta","content":"。","error":null,"message_id":"b10da1cf-3bfe-4f7f-963a-873632181fe3","conversation_id":null,"itinerary":null} @ webpack-internal:///(app-pages-browser)/./lib/chat-transport.ts:103
[ 1701878ms] [LOG] [ChatTransport] Received WebSocket response: {"type":"delta","content":"**","error":null,"message_id":"b10da1cf-3bfe-4f7f-963a-873632181fe3","conversation_id":null,"itinerary":null} @ webpack-internal:///(app-pages-browser)/./lib/chat-transport.ts:103
[ 1701894ms] [LOG] [ChatTransport] Received WebSocket response: {"type":"delta","content":"建议","error":null,"message_id":"b10da1cf-3bfe-4f7f-963a-873632181fe3","conversation_id":null,"itinerary":null} @ webpack-internal:///(app-pages-browser)/./lib/chat-transport.ts:103
[ 1701952ms] [LOG] [ChatTransport] Received WebSocket response: {"type":"delta","content":"**","error":null,"message_id":"b10da1cf-3bfe-4f7f-963a-873632181fe3","conversation_id":null,"itinerary":null} @ webpack-internal:///(app-pages-browser)/./lib/chat-transport.ts:103
[ 1701965ms] [LOG] [ChatTransport] Received WebSocket response: {"type":"delta","content":"：","error":null,"message_id":"b10da1cf-3bfe-4f7f-963a-873632181fe3","conversation_id":null,"itinerary":null} @ webpack-internal:///(app-pages-browser)/./lib/chat-transport.ts:103
[ 1701994ms] [LOG] [ChatTransport] Received WebSocket response: {"type":"delta","content":"温暖","error":null,"message_id":"b10da1cf-3bfe-4f7f-963a-873632181fe3","conversation_id":null,"itinerary":null} @ webpack-internal:///(app-pages-browser)/./lib/chat-transport.ts:103
[ 1701995ms] [LOG] [ChatTransport] Received WebSocket response: {"type":"delta","content":"晴朗","error":null,"message_id":"b10da1cf-3bfe-4f7f-963a-873632181fe3","conversation_id":null,"itinerary":null} @ webpack-internal:///(app-pages-browser)/./lib/chat-transport.ts:103
[ 1702056ms] [LOG] [ChatTransport] Received WebSocket response: {"type":"delta","content":"，","error":null,"message_id":"b10da1cf-3bfe-4f7f-963a-873632181fe3","conversation_id":null,"itinerary":null} @ webpack-internal:///(app-pages-browser)/./lib/chat-transport.ts:103
[ 1702065ms] [LOG] [ChatTransport] Received WebSocket response: {"type":"delta","content":"是","error":null,"message_id":"b10da1cf-3bfe-4f7f-963a-873632181fe3","conversation_id":null,"itinerary":null} @ webpack-internal:///(app-pages-browser)/./lib/chat-transport.ts:103
[ 1702116ms] [LOG] [ChatTransport] Received WebSocket response: {"type":"delta","content":"户外","error":null,"message_id":"b10da1cf-3bfe-4f7f-963a-873632181fe3","conversation_id":null,"itinerary":null} @ webpack-internal:///(app-pages-browser)/./lib/chat-transport.ts:103
[ 1702130ms] [LOG] [ChatTransport] Received WebSocket response: {"type":"delta","content":"活动的","error":null,"message_id":"b10da1cf-3bfe-4f7f-963a-873632181fe3","conversation_id":null,"itinerary":null} @ webpack-internal:///(app-pages-browser)/./lib/chat-transport.ts:103
[ 1702179ms] [LOG] [ChatTransport] Received WebSocket response: {"type":"delta","content":"绝","error":null,"message_id":"b10da1cf-3bfe-4f7f-963a-873632181fe3","conversation_id":null,"itinerary":null} @ webpack-internal:///(app-pages-browser)/./lib/chat-transport.ts:103
[ 1702196ms] [LOG] [ChatTransport] Received WebSocket response: {"type":"delta","content":"佳","error":null,"message_id":"b10da1cf-3bfe-4f7f-963a-873632181fe3","conversation_id":null,"itinerary":null} @ webpack-internal:///(app-pages-browser)/./lib/chat-transport.ts:103
[ 1702372ms] [LOG] [ChatTransport] Received WebSocket response: {"type":"delta","content":"时机","error":null,"message_id":"b10da1cf-3bfe-4f7f-963a-873632181fe3","conversation_id":null,"itinerary":null} @ webpack-internal:///(app-pages-browser)/./lib/chat-transport.ts:103
[ 1702385ms] [LOG] [ChatTransport] Received WebSocket response: {"type":"delta","content":"。\n\n","error":null,"message_id":"b10da1cf-3bfe-4f7f-963a-873632181fe3","conversation_id":null,"itinerary":null} @ webpack-internal:///(app-pages-browser)/./lib/chat-transport.ts:103
[ 1702391ms] [LOG] [ChatTransport] Received WebSocket response: {"type":"delta","content":"---\n\n","error":null,"message_id":"b10da1cf-3bfe-4f7f-963a-873632181fe3","conversation_id":null,"itinerary":null} @ webpack-internal:///(app-pages-browser)/./lib/chat-transport.ts:103
[ 1702391ms] [LOG] [ChatTransport] Received WebSocket response: {"type":"delta","content":"###","error":null,"message_id":"b10da1cf-3bfe-4f7f-963a-873632181fe3","conversation_id":null,"itinerary":null} @ webpack-internal:///(app-pages-browser)/./lib/chat-transport.ts:103
[ 1702402ms] [LOG] [ChatTransport] Received WebSocket response: {"type":"delta","content":" **","error":null,"message_id":"b10da1cf-3bfe-4f7f-963a-873632181fe3","conversation_id":null,"itinerary":null} @ webpack-internal:///(app-pages-browser)/./lib/chat-transport.ts:103
[ 1702415ms] [LOG] [ChatTransport] Received WebSocket response: {"type":"delta","content":"行程","error":null,"message_id":"b10da1cf-3bfe-4f7f-963a-873632181fe3","conversation_id":null,"itinerary":null} @ webpack-internal:///(app-pages-browser)/./lib/chat-transport.ts:103
[ 1702428ms] [LOG] [ChatTransport] Received WebSocket response: {"type":"delta","content":"安排","error":null,"message_id":"b10da1cf-3bfe-4f7f-963a-873632181fe3","conversation_id":null,"itinerary":null} @ webpack-internal:///(app-pages-browser)/./lib/chat-transport.ts:103
[ 1702475ms] [LOG] [ChatTransport] Received WebSocket response: {"type":"delta","content":"建议","error":null,"message_id":"b10da1cf-3bfe-4f7f-963a-873632181fe3","conversation_id":null,"itinerary":null} @ webpack-internal:///(app-pages-browser)/./lib/chat-transport.ts:103
[ 1702491ms] [LOG] [ChatTransport] Received WebSocket response: {"type":"delta","content":"**\n\n","error":null,"message_id":"b10da1cf-3bfe-4f7f-963a-873632181fe3","conversation_id":null,"itinerary":null} @ webpack-internal:///(app-pages-browser)/./lib/chat-transport.ts:103
[ 1702530ms] [LOG] [ChatTransport] Received WebSocket response: {"type":"delta","content":"####","error":null,"message_id":"b10da1cf-3bfe-4f7f-963a-873632181fe3","conversation_id":null,"itinerary":null} @ webpack-internal:///(app-pages-browser)/./lib/chat-transport.ts:103
[ 1702541ms] [LOG] [ChatTransport] Received WebSocket response: {"type":"delta","content":" **","error":null,"message_id":"b10da1cf-3bfe-4f7f-963a-873632181fe3","conversation_id":null,"itinerary":null} @ webpack-internal:///(app-pages-browser)/./lib/chat-transport.ts:103
[ 1702592ms] [LOG] [ChatTransport] Received WebSocket response: {"type":"delta","content":"第一天","error":null,"message_id":"b10da1cf-3bfe-4f7f-963a-873632181fe3","conversation_id":null,"itinerary":null} @ webpack-internal:///(app-pages-browser)/./lib/chat-transport.ts:103
[ 1702605ms] [LOG] [ChatTransport] Received WebSocket response: {"type":"delta","content":"：","error":null,"message_id":"b10da1cf-3bfe-4f7f-963a-873632181fe3","conversation_id":null,"itinerary":null} @ webpack-internal:///(app-pages-browser)/./lib/chat-transport.ts:103
[ 1702663ms] [LOG] [ChatTransport] Received WebSocket response: {"type":"delta","content":"经典","error":null,"message_id":"b10da1cf-3bfe-4f7f-963a-873632181fe3","conversation_id":null,"itinerary":null} @ webpack-internal:///(app-pages-browser)/./lib/chat-transport.ts:103
[ 1702735ms] [LOG] [ChatTransport] Received WebSocket response: {"type":"delta","content":"皇","error":null,"message_id":"b10da1cf-3bfe-4f7f-963a-873632181fe3","conversation_id":null,"itinerary":null} @ webpack-internal:///(app-pages-browser)/./lib/chat-transport.ts:103
[ 1702770ms] [LOG] [ChatTransport] Received WebSocket response: {"type":"delta","content":"城","error":null,"message_id":"b10da1cf-3bfe-4f7f-963a-873632181fe3","conversation_id":null,"itinerary":null} @ webpack-internal:///(app-pages-browser)/./lib/chat-transport.ts:103
[ 1702788ms] [LOG] [ChatTransport] Received WebSocket response: {"type":"delta","content":" &","error":null,"message_id":"b10da1cf-3bfe-4f7f-963a-873632181fe3","conversation_id":null,"itinerary":null} @ webpack-internal:///(app-pages-browser)/./lib/chat-transport.ts:103
[ 1702828ms] [LOG] [ChatTransport] Received WebSocket response: {"type":"delta","content":" ","error":null,"message_id":"b10da1cf-3bfe-4f7f-963a-873632181fe3","conversation_id":null,"itinerary":null} @ webpack-internal:///(app-pages-browser)/./lib/chat-transport.ts:103
[ 1702828ms] [LOG] [ChatTransport] Received WebSocket response: {"type":"delta","content":"室内","error":null,"message_id":"b10da1cf-3bfe-4f7f-963a-873632181fe3","conversation_id":null,"itinerary":null} @ webpack-internal:///(app-pages-browser)/./lib/chat-transport.ts:103
[ 1702900ms] [LOG] [ChatTransport] Received WebSocket response: {"type":"delta","content":"文化","error":null,"message_id":"b10da1cf-3bfe-4f7f-963a-873632181fe3","conversation_id":null,"itinerary":null} @ webpack-internal:///(app-pages-browser)/./lib/chat-transport.ts:103
[ 1702913ms] [LOG] [ChatTransport] Received WebSocket response: {"type":"delta","content":" (","error":null,"message_id":"b10da1cf-3bfe-4f7f-963a-873632181fe3","conversation_id":null,"itinerary":null} @ webpack-internal:///(app-pages-browser)/./lib/chat-transport.ts:103
[ 1702949ms] [LOG] [ChatTransport] Received WebSocket response: {"type":"delta","content":"小雨","error":null,"message_id":"b10da1cf-3bfe-4f7f-963a-873632181fe3","conversation_id":null,"itinerary":null} @ webpack-internal:///(app-pages-browser)/./lib/chat-transport.ts:103
[ 1702960ms] [LOG] [ChatTransport] Received WebSocket response: {"type":"delta","content":"天","error":null,"message_id":"b10da1cf-3bfe-4f7f-963a-873632181fe3","conversation_id":null,"itinerary":null} @ webpack-internal:///(app-pages-browser)/./lib/chat-transport.ts:103
[ 1703007ms] [LOG] [ChatTransport] Received WebSocket response: {"type":"delta","content":")","error":null,"message_id":"b10da1cf-3bfe-4f7f-963a-873632181fe3","conversation_id":null,"itinerary":null} @ webpack-internal:///(app-pages-browser)/./lib/chat-transport.ts:103
[ 1703016ms] [LOG] [ChatTransport] Received WebSocket response: {"type":"delta","content":"**\n","error":null,"message_id":"b10da1cf-3bfe-4f7f-963a-873632181fe3","conversation_id":null,"itinerary":null} @ webpack-internal:///(app-pages-browser)/./lib/chat-transport.ts:103
[ 1703074ms] [LOG] [ChatTransport] Received WebSocket response: {"type":"delta","content":"*","error":null,"message_id":"b10da1cf-3bfe-4f7f-963a-873632181fe3","conversation_id":null,"itinerary":null} @ webpack-internal:///(app-pages-browser)/./lib/chat-transport.ts:103
[ 1703126ms] [LOG] [ChatTransport] Received WebSocket response: {"type":"delta","content":"  ","error":null,"message_id":"b10da1cf-3bfe-4f7f-963a-873632181fe3","conversation_id":null,"itinerary":null} @ webpack-internal:///(app-pages-browser)/./lib/chat-transport.ts:103
[ 1703139ms] [LOG] [ChatTransport] Received WebSocket response: {"type":"delta","content":" **","error":null,"message_id":"b10da1cf-3bfe-4f7f-963a-873632181fe3","conversation_id":null,"itinerary":null} @ webpack-internal:///(app-pages-browser)/./lib/chat-transport.ts:103
[ 1703251ms] [LOG] [ChatTransport] Received WebSocket response: {"type":"delta","content":"上午","error":null,"message_id":"b10da1cf-3bfe-4f7f-963a-873632181fe3","conversation_id":null,"itinerary":null} @ webpack-internal:///(app-pages-browser)/./lib/chat-transport.ts:103
[ 1703252ms] [LOG] [ChatTransport] Received WebSocket response: {"type":"delta","content":"**","error":null,"message_id":"b10da1cf-3bfe-4f7f-963a-873632181fe3","conversation_id":null,"itinerary":null} @ webpack-internal:///(app-pages-browser)/./lib/chat-transport.ts:103
[ 1703269ms] [LOG] [ChatTransport] Received WebSocket response: {"type":"delta","content":"：","error":null,"message_id":"b10da1cf-3bfe-4f7f-963a-873632181fe3","conversation_id":null,"itinerary":null} @ webpack-internal:///(app-pages-browser)/./lib/chat-transport.ts:103
[ 1703282ms] [LOG] [ChatTransport] Received WebSocket response: {"type":"delta","content":"**","error":null,"message_id":"b10da1cf-3bfe-4f7f-963a-873632181fe3","conversation_id":null,"itinerary":null} @ webpack-internal:///(app-pages-browser)/./lib/chat-transport.ts:103
[ 1703306ms] [LOG] [ChatTransport] Received WebSocket response: {"type":"delta","content":"故宫","error":null,"message_id":"b10da1cf-3bfe-4f7f-963a-873632181fe3","conversation_id":null,"itinerary":null} @ webpack-internal:///(app-pages-browser)/./lib/chat-transport.ts:103
[ 1703323ms] [LOG] [ChatTransport] Received WebSocket response: {"type":"delta","content":"博物院","error":null,"message_id":"b10da1cf-3bfe-4f7f-963a-873632181fe3","conversation_id":null,"itinerary":null} @ webpack-internal:///(app-pages-browser)/./lib/chat-transport.ts:103
[ 1703635ms] [LOG] [ChatTransport] Received WebSocket response: {"type":"delta","content":"**","error":null,"message_id":"b10da1cf-3bfe-4f7f-963a-873632181fe3","conversation_id":null,"itinerary":null} @ webpack-internal:///(app-pages-browser)/./lib/chat-transport.ts:103
[ 1703635ms] [LOG] [ChatTransport] Received WebSocket response: {"type":"delta","content":"。","error":null,"message_id":"b10da1cf-3bfe-4f7f-963a-873632181fe3","conversation_id":null,"itinerary":null} @ webpack-internal:///(app-pages-browser)/./lib/chat-transport.ts:103
[ 1703647ms] [LOG] [ChatTransport] Received WebSocket response: {"type":"delta","content":"即使","error":null,"message_id":"b10da1cf-3bfe-4f7f-963a-873632181fe3","conversation_id":null,"itinerary":null} @ webpack-internal:///(app-pages-browser)/./lib/chat-transport.ts:103
[ 1703648ms] [LOG] [ChatTransport] Received WebSocket response: {"type":"delta","content":"下雨","error":null,"message_id":"b10da1cf-3bfe-4f7f-963a-873632181fe3","conversation_id":null,"itinerary":null} @ webpack-internal:///(app-pages-browser)/./lib/chat-transport.ts:103
[ 1703648ms] [LOG] [ChatTransport] Received WebSocket response: {"type":"delta","content":"，","error":null,"message_id":"b10da1cf-3bfe-4f7f-963a-873632181fe3","conversation_id":null,"itinerary":null} @ webpack-internal:///(app-pages-browser)/./lib/chat-transport.ts:103
[ 1703648ms] [LOG] [ChatTransport] Received WebSocket response: {"type":"delta","content":"故宫","error":null,"message_id":"b10da1cf-3bfe-4f7f-963a-873632181fe3","conversation_id":null,"itinerary":null} @ webpack-internal:///(app-pages-browser)/./lib/chat-transport.ts:103
[ 1703660ms] [LOG] [ChatTransport] Received WebSocket response: {"type":"delta","content":"的","error":null,"message_id":"b10da1cf-3bfe-4f7f-963a-873632181fe3","conversation_id":null,"itinerary":null} @ webpack-internal:///(app-pages-browser)/./lib/chat-transport.ts:103
[ 1703661ms] [LOG] [ChatTransport] Received WebSocket response: {"type":"delta","content":"宏伟","error":null,"message_id":"b10da1cf-3bfe-4f7f-963a-873632181fe3","conversation_id":null,"itinerary":null} @ webpack-internal:///(app-pages-browser)/./lib/chat-transport.ts:103
[ 1703661ms] [LOG] [ChatTransport] Received WebSocket response: {"type":"delta","content":"宫殿","error":null,"message_id":"b10da1cf-3bfe-4f7f-963a-873632181fe3","conversation_id":null,"itinerary":null} @ webpack-internal:///(app-pages-browser)/./lib/chat-transport.ts:103
[ 1703673ms] [LOG] [ChatTransport] Received WebSocket response: {"type":"delta","content":"和","error":null,"message_id":"b10da1cf-3bfe-4f7f-963a-873632181fe3","conversation_id":null,"itinerary":null} @ webpack-internal:///(app-pages-browser)/./lib/chat-transport.ts:103
[ 1703685ms] [LOG] [ChatTransport] Received WebSocket response: {"type":"delta","content":"丰富","error":null,"message_id":"b10da1cf-3bfe-4f7f-963a-873632181fe3","conversation_id":null,"itinerary":null} @ webpack-internal:///(app-pages-browser)/./lib/chat-transport.ts:103
[ 1703724ms] [LOG] [ChatTransport] Received WebSocket response: {"type":"delta","content":"馆","error":null,"message_id":"b10da1cf-3bfe-4f7f-963a-873632181fe3","conversation_id":null,"itinerary":null} @ webpack-internal:///(app-pages-browser)/./lib/chat-transport.ts:103
[ 1703739ms] [LOG] [ChatTransport] Received WebSocket response: {"type":"delta","content":"藏","error":null,"message_id":"b10da1cf-3bfe-4f7f-963a-873632181fe3","conversation_id":null,"itinerary":null} @ webpack-internal:///(app-pages-browser)/./lib/chat-transport.ts:103
[ 1703785ms] [LOG] [ChatTransport] Received WebSocket response: {"type":"delta","content":"也","error":null,"message_id":"b10da1cf-3bfe-4f7f-963a-873632181fe3","conversation_id":null,"itinerary":null} @ webpack-internal:///(app-pages-browser)/./lib/chat-transport.ts:103
[ 1703785ms] [LOG] [ChatTransport] Received WebSocket response: {"type":"delta","content":"足够","error":null,"message_id":"b10da1cf-3bfe-4f7f-963a-873632181fe3","conversation_id":null,"itinerary":null} @ webpack-internal:///(app-pages-browser)/./lib/chat-transport.ts:103
[ 1703847ms] [LOG] [ChatTransport] Received WebSocket response: {"type":"delta","content":"游览","error":null,"message_id":"b10da1cf-3bfe-4f7f-963a-873632181fe3","conversation_id":null,"itinerary":null} @ webpack-internal:///(app-pages-browser)/./lib/chat-transport.ts:103
[ 1703907ms] [LOG] [ChatTransport] Received WebSocket response: {"type":"delta","content":"大","error":null,"message_id":"b10da1cf-3bfe-4f7f-963a-873632181fe3","conversation_id":null,"itinerary":null} @ webpack-internal:///(app-pages-browser)/./lib/chat-transport.ts:103
[ 1703964ms] [LOG] [ChatTransport] Received WebSocket response: {"type":"delta","content":"半天","error":null,"message_id":"b10da1cf-3bfe-4f7f-963a-873632181fe3","conversation_id":null,"itinerary":null} @ webpack-internal:///(app-pages-browser)/./lib/chat-transport.ts:103
[ 1703964ms] [LOG] [ChatTransport] Received WebSocket response: {"type":"delta","content":"。","error":null,"message_id":"b10da1cf-3bfe-4f7f-963a-873632181fe3","conversation_id":null,"itinerary":null} @ webpack-internal:///(app-pages-browser)/./lib/chat-transport.ts:103
[ 1704022ms] [LOG] [ChatTransport] Received WebSocket response: {"type":"delta","content":"请","error":null,"message_id":"b10da1cf-3bfe-4f7f-963a-873632181fe3","conversation_id":null,"itinerary":null} @ webpack-internal:///(app-pages-browser)/./lib/chat-transport.ts:103
[ 1704035ms] [LOG] [ChatTransport] Received WebSocket response: {"type":"delta","content":"务必","error":null,"message_id":"b10da1cf-3bfe-4f7f-963a-873632181fe3","conversation_id":null,"itinerary":null} @ webpack-internal:///(app-pages-browser)/./lib/chat-transport.ts:103
[ 1704082ms] [LOG] [ChatTransport] Received WebSocket response: {"type":"delta","content":"提前","error":null,"message_id":"b10da1cf-3bfe-4f7f-963a-873632181fe3","conversation_id":null,"itinerary":null} @ webpack-internal:///(app-pages-browser)/./lib/chat-transport.ts:103
[ 1704099ms] [LOG] [ChatTransport] Received WebSocket response: {"type":"delta","content":"在网上","error":null,"message_id":"b10da1cf-3bfe-4f7f-963a-873632181fe3","conversation_id":null,"itinerary":null} @ webpack-internal:///(app-pages-browser)/./lib/chat-transport.ts:103
[ 1704141ms] [LOG] [ChatTransport] Received WebSocket response: {"type":"delta","content":"预约","error":null,"message_id":"b10da1cf-3bfe-4f7f-963a-873632181fe3","conversation_id":null,"itinerary":null} @ webpack-internal:///(app-pages-browser)/./lib/chat-transport.ts:103
[ 1704158ms] [LOG] [ChatTransport] Received WebSocket response: {"type":"delta","content":"门票","error":null,"message_id":"b10da1cf-3bfe-4f7f-963a-873632181fe3","conversation_id":null,"itinerary":null} @ webpack-internal:///(app-pages-browser)/./lib/chat-transport.ts:103
[ 1704200ms] [LOG] [ChatTransport] Received WebSocket response: {"type":"delta","content":"。\n","error":null,"message_id":"b10da1cf-3bfe-4f7f-963a-873632181fe3","conversation_id":null,"itinerary":null} @ webpack-internal:///(app-pages-browser)/./lib/chat-transport.ts:103
[ 1704211ms] [LOG] [ChatTransport] Received WebSocket response: {"type":"delta","content":"*","error":null,"message_id":"b10da1cf-3bfe-4f7f-963a-873632181fe3","conversation_id":null,"itinerary":null} @ webpack-internal:///(app-pages-browser)/./lib/chat-transport.ts:103
[ 1704276ms] [LOG] [ChatTransport] Received WebSocket response: {"type":"delta","content":"  ","error":null,"message_id":"b10da1cf-3bfe-4f7f-963a-873632181fe3","conversation_id":null,"itinerary":null} @ webpack-internal:///(app-pages-browser)/./lib/chat-transport.ts:103
[ 1704285ms] [LOG] [ChatTransport] Received WebSocket response: {"type":"delta","content":" **","error":null,"message_id":"b10da1cf-3bfe-4f7f-963a-873632181fe3","conversation_id":null,"itinerary":null} @ webpack-internal:///(app-pages-browser)/./lib/chat-transport.ts:103
[ 1704328ms] [LOG] [ChatTransport] Received WebSocket response: {"type":"delta","content":"下午","error":null,"message_id":"b10da1cf-3bfe-4f7f-963a-873632181fe3","conversation_id":null,"itinerary":null} @ webpack-internal:///(app-pages-browser)/./lib/chat-transport.ts:103
[ 1704329ms] [LOG] [ChatTransport] Received WebSocket response: {"type":"delta","content":"**","error":null,"message_id":"b10da1cf-3bfe-4f7f-963a-873632181fe3","conversation_id":null,"itinerary":null} @ webpack-internal:///(app-pages-browser)/./lib/chat-transport.ts:103
[ 1704386ms] [LOG] [ChatTransport] Received WebSocket response: {"type":"delta","content":"：","error":null,"message_id":"b10da1cf-3bfe-4f7f-963a-873632181fe3","conversation_id":null,"itinerary":null} @ webpack-internal:///(app-pages-browser)/./lib/chat-transport.ts:103
[ 1704391ms] [LOG] [ChatTransport] Received WebSocket response: {"type":"delta","content":"从","error":null,"message_id":"b10da1cf-3bfe-4f7f-963a-873632181fe3","conversation_id":null,"itinerary":null} @ webpack-internal:///(app-pages-browser)/./lib/chat-transport.ts:103
[ 1704484ms] [LOG] [ChatTransport] Received WebSocket response: {"type":"delta","content":"故宫","error":null,"message_id":"b10da1cf-3bfe-4f7f-963a-873632181fe3","conversation_id":null,"itinerary":null} @ webpack-internal:///(app-pages-browser)/./lib/chat-transport.ts:103
[ 1704490ms] [LOG] [ChatTransport] Received WebSocket response: {"type":"delta","content":"神","error":null,"message_id":"b10da1cf-3bfe-4f7f-963a-873632181fe3","conversation_id":null,"itinerary":null} @ webpack-internal:///(app-pages-browser)/./lib/chat-transport.ts:103
[ 1704570ms] [LOG] [ChatTransport] Received WebSocket response: {"type":"delta","content":"武","error":null,"message_id":"b10da1cf-3bfe-4f7f-963a-873632181fe3","conversation_id":null,"itinerary":null} @ webpack-internal:///(app-pages-browser)/./lib/chat-transport.ts:103
[ 1704576ms] [LOG] [ChatTransport] Received WebSocket response: {"type":"delta","content":"门","error":null,"message_id":"b10da1cf-3bfe-4f7f-963a-873632181fe3","conversation_id":null,"itinerary":null} @ webpack-internal:///(app-pages-browser)/./lib/chat-transport.ts:103
[ 1704633ms] [LOG] [ChatTransport] Received WebSocket response: {"type":"delta","content":"出来","error":null,"message_id":"b10da1cf-3bfe-4f7f-963a-873632181fe3","conversation_id":null,"itinerary":null} @ webpack-internal:///(app-pages-browser)/./lib/chat-transport.ts:103
[ 1704639ms] [LOG] [ChatTransport] Received WebSocket response: {"type":"delta","content":"，","error":null,"message_id":"b10da1cf-3bfe-4f7f-963a-873632181fe3","conversation_id":null,"itinerary":null} @ webpack-internal:///(app-pages-browser)/./lib/chat-transport.ts:103
[ 1704689ms] [LOG] [ChatTransport] Received WebSocket response: {"type":"delta","content":"可","error":null,"message_id":"b10da1cf-3bfe-4f7f-963a-873632181fe3","conversation_id":null,"itinerary":null} @ webpack-internal:///(app-pages-browser)/./lib/chat-transport.ts:103
[ 1704690ms] [LOG] [ChatTransport] Received WebSocket response: {"type":"delta","content":"前往","error":null,"message_id":"b10da1cf-3bfe-4f7f-963a-873632181fe3","conversation_id":null,"itinerary":null} @ webpack-internal:///(app-pages-browser)/./lib/chat-transport.ts:103
[ 1704757ms] [LOG] [ChatTransport] Received WebSocket response: {"type":"delta","content":"**","error":null,"message_id":"b10da1cf-3bfe-4f7f-963a-873632181fe3","conversation_id":null,"itinerary":null} @ webpack-internal:///(app-pages-browser)/./lib/chat-transport.ts:103
[ 1704762ms] [LOG] [ChatTransport] Received WebSocket response: {"type":"delta","content":"景","error":null,"message_id":"b10da1cf-3bfe-4f7f-963a-873632181fe3","conversation_id":null,"itinerary":null} @ webpack-internal:///(app-pages-browser)/./lib/chat-transport.ts:103
[ 1704868ms] [LOG] [ChatTransport] Received WebSocket response: {"type":"delta","content":"山","error":null,"message_id":"b10da1cf-3bfe-4f7f-963a-873632181fe3","conversation_id":null,"itinerary":null} @ webpack-internal:///(app-pages-browser)/./lib/chat-transport.ts:103
[ 1704879ms] [LOG] [ChatTransport] Received WebSocket response: {"type":"delta","content":"公园","error":null,"message_id":"b10da1cf-3bfe-4f7f-963a-873632181fe3","conversation_id":null,"itinerary":null} @ webpack-internal:///(app-pages-browser)/./lib/chat-transport.ts:103
[ 1704888ms] [LOG] [ChatTransport] Received WebSocket response: {"type":"delta","content":"**","error":null,"message_id":"b10da1cf-3bfe-4f7f-963a-873632181fe3","conversation_id":null,"itinerary":null} @ webpack-internal:///(app-pages-browser)/./lib/chat-transport.ts:103
[ 1704889ms] [LOG] [ChatTransport] Received WebSocket response: {"type":"delta","content":"登","error":null,"message_id":"b10da1cf-3bfe-4f7f-963a-873632181fe3","conversation_id":null,"itinerary":null} @ webpack-internal:///(app-pages-browser)/./lib/chat-transport.ts:103
[ 1705107ms] [LOG] [ChatTransport] Received WebSocket response: {"type":"delta","content":"顶","error":null,"message_id":"b10da1cf-3bfe-4f7f-963a-873632181fe3","conversation_id":null,"itinerary":null} @ webpack-internal:///(app-pages-browser)/./lib/chat-transport.ts:103
[ 1705112ms] [LOG] [ChatTransport] Received WebSocket response: {"type":"delta","content":"俯瞰","error":null,"message_id":"b10da1cf-3bfe-4f7f-963a-873632181fe3","conversation_id":null,"itinerary":null} @ webpack-internal:///(app-pages-browser)/./lib/chat-transport.ts:103
[ 1705118ms] [LOG] [ChatTransport] Received WebSocket response: {"type":"delta","content":"故宫","error":null,"message_id":"b10da1cf-3bfe-4f7f-963a-873632181fe3","conversation_id":null,"itinerary":null} @ webpack-internal:///(app-pages-browser)/./lib/chat-transport.ts:103
[ 1705118ms] [LOG] [ChatTransport] Received WebSocket response: {"type":"delta","content":"全景","error":null,"message_id":"b10da1cf-3bfe-4f7f-963a-873632181fe3","conversation_id":null,"itinerary":null} @ webpack-internal:///(app-pages-browser)/./lib/chat-transport.ts:103
[ 1705118ms] [LOG] [ChatTransport] Received WebSocket response: {"type":"delta","content":"（","error":null,"message_id":"b10da1cf-3bfe-4f7f-963a-873632181fe3","conversation_id":null,"itinerary":null} @ webpack-internal:///(app-pages-browser)/./lib/chat-transport.ts:103
[ 1705128ms] [LOG] [ChatTransport] Received WebSocket response: {"type":"delta","content":"小雨","error":null,"message_id":"b10da1cf-3bfe-4f7f-963a-873632181fe3","conversation_id":null,"itinerary":null} @ webpack-internal:///(app-pages-browser)/./lib/chat-transport.ts:103
[ 1705196ms] [LOG] [ChatTransport] Received WebSocket response: {"type":"delta","content":"中","error":null,"message_id":"b10da1cf-3bfe-4f7f-963a-873632181fe3","conversation_id":null,"itinerary":null} @ webpack-internal:///(app-pages-browser)/./lib/chat-transport.ts:103
[ 1705196ms] [LOG] [ChatTransport] Received WebSocket response: {"type":"delta","content":"别有","error":null,"message_id":"b10da1cf-3bfe-4f7f-963a-873632181fe3","conversation_id":null,"itinerary":null} @ webpack-internal:///(app-pages-browser)/./lib/chat-transport.ts:103
[ 1705247ms] [LOG] [ChatTransport] Received WebSocket response: {"type":"delta","content":"韵味","error":null,"message_id":"b10da1cf-3bfe-4f7f-963a-873632181fe3","conversation_id":null,"itinerary":null} @ webpack-internal:///(app-pages-browser)/./lib/chat-transport.ts:103
[ 1705247ms] [LOG] [ChatTransport] Received WebSocket response: {"type":"delta","content":"，","error":null,"message_id":"b10da1cf-3bfe-4f7f-963a-873632181fe3","conversation_id":null,"itinerary":null} @ webpack-internal:///(app-pages-browser)/./lib/chat-transport.ts:103
[ 1705302ms] [LOG] [ChatTransport] Received WebSocket response: {"type":"delta","content":"若","error":null,"message_id":"b10da1cf-3bfe-4f7f-963a-873632181fe3","conversation_id":null,"itinerary":null} @ webpack-internal:///(app-pages-browser)/./lib/chat-transport.ts:103
[ 1705307ms] [LOG] [ChatTransport] Received WebSocket response: {"type":"delta","content":"雨","error":null,"message_id":"b10da1cf-3bfe-4f7f-963a-873632181fe3","conversation_id":null,"itinerary":null} @ webpack-internal:///(app-pages-browser)/./lib/chat-transport.ts:103
[ 1705365ms] [LOG] [ChatTransport] Received WebSocket response: {"type":"delta","content":"大","error":null,"message_id":"b10da1cf-3bfe-4f7f-963a-873632181fe3","conversation_id":null,"itinerary":null} @ webpack-internal:///(app-pages-browser)/./lib/chat-transport.ts:103
[ 1705370ms] [LOG] [ChatTransport] Received WebSocket response: {"type":"delta","content":"则","error":null,"message_id":"b10da1cf-3bfe-4f7f-963a-873632181fe3","conversation_id":null,"itinerary":null} @ webpack-internal:///(app-pages-browser)/./lib/chat-transport.ts:103
[ 1705485ms] [LOG] [ChatTransport] Received WebSocket response: {"type":"delta","content":"谨慎","error":null,"message_id":"b10da1cf-3bfe-4f7f-963a-873632181fe3","conversation_id":null,"itinerary":null} @ webpack-internal:///(app-pages-browser)/./lib/chat-transport.ts:103
[ 1705496ms] [LOG] [ChatTransport] Received WebSocket response: {"type":"delta","content":"）。","error":null,"message_id":"b10da1cf-3bfe-4f7f-963a-873632181fe3","conversation_id":null,"itinerary":null} @ webpack-internal:///(app-pages-browser)/./lib/chat-transport.ts:103
[ 1705496ms] [LOG] [ChatTransport] Received WebSocket response: {"type":"delta","content":"随后","error":null,"message_id":"b10da1cf-3bfe-4f7f-963a-873632181fe3","conversation_id":null,"itinerary":null} @ webpack-internal:///(app-pages-browser)/./lib/chat-transport.ts:103
[ 1705554ms] [LOG] [ChatTransport] Received WebSocket response: {"type":"delta","content":"前往","error":null,"message_id":"b10da1cf-3bfe-4f7f-963a-873632181fe3","conversation_id":null,"itinerary":null} @ webpack-internal:///(app-pages-browser)/./lib/chat-transport.ts:103
[ 1705566ms] [LOG] [ChatTransport] Received WebSocket response: {"type":"delta","content":"附近的","error":null,"message_id":"b10da1cf-3bfe-4f7f-963a-873632181fe3","conversation_id":null,"itinerary":null} @ webpack-internal:///(app-pages-browser)/./lib/chat-transport.ts:103
[ 1705607ms] [LOG] [ChatTransport] Received WebSocket response: {"type":"delta","content":"**","error":null,"message_id":"b10da1cf-3bfe-4f7f-963a-873632181fe3","conversation_id":null,"itinerary":null} @ webpack-internal:///(app-pages-browser)/./lib/chat-transport.ts:103
[ 1705608ms] [LOG] [ChatTransport] Received WebSocket response: {"type":"delta","content":"中国","error":null,"message_id":"b10da1cf-3bfe-4f7f-963a-873632181fe3","conversation_id":null,"itinerary":null} @ webpack-internal:///(app-pages-browser)/./lib/chat-transport.ts:103
[ 1705667ms] [LOG] [ChatTransport] Received WebSocket response: {"type":"delta","content":"美术馆","error":null,"message_id":"b10da1cf-3bfe-4f7f-963a-873632181fe3","conversation_id":null,"itinerary":null} @ webpack-internal:///(app-pages-browser)/./lib/chat-transport.ts:103
[ 1705677ms] [LOG] [ChatTransport] Received WebSocket response: {"type":"delta","content":"**","error":null,"message_id":"b10da1cf-3bfe-4f7f-963a-873632181fe3","conversation_id":null,"itinerary":null} @ webpack-internal:///(app-pages-browser)/./lib/chat-transport.ts:103
[ 1705726ms] [LOG] [ChatTransport] Received WebSocket response: {"type":"delta","content":"或","error":null,"message_id":"b10da1cf-3bfe-4f7f-963a-873632181fe3","conversation_id":null,"itinerary":null} @ webpack-internal:///(app-pages-browser)/./lib/chat-transport.ts:103
[ 1705727ms] [LOG] [ChatTransport] Received WebSocket response: {"type":"delta","content":"**","error":null,"message_id":"b10da1cf-3bfe-4f7f-963a-873632181fe3","conversation_id":null,"itinerary":null} @ webpack-internal:///(app-pages-browser)/./lib/chat-transport.ts:103
[ 1705783ms] [LOG] [ChatTransport] Received WebSocket response: {"type":"delta","content":"国家","error":null,"message_id":"b10da1cf-3bfe-4f7f-963a-873632181fe3","conversation_id":null,"itinerary":null} @ webpack-internal:///(app-pages-browser)/./lib/chat-transport.ts:103
[ 1705789ms] [LOG] [ChatTransport] Received WebSocket response: {"type":"delta","content":"博物馆","error":null,"message_id":"b10da1cf-3bfe-4f7f-963a-873632181fe3","conversation_id":null,"itinerary":null} @ webpack-internal:///(app-pages-browser)/./lib/chat-transport.ts:103
[ 1705843ms] [LOG] [ChatTransport] Received WebSocket response: {"type":"delta","content":"**","error":null,"message_id":"b10da1cf-3bfe-4f7f-963a-873632181fe3","conversation_id":null,"itinerary":null} @ webpack-internal:///(app-pages-browser)/./lib/chat-transport.ts:103
[ 1705851ms] [LOG] [ChatTransport] Received WebSocket response: {"type":"delta","content":"（","error":null,"message_id":"b10da1cf-3bfe-4f7f-963a-873632181fe3","conversation_id":null,"itinerary":null} @ webpack-internal:///(app-pages-browser)/./lib/chat-transport.ts:103
[ 1705909ms] [LOG] [ChatTransport] Received WebSocket response: {"type":"delta","content":"需","error":null,"message_id":"b10da1cf-3bfe-4f7f-963a-873632181fe3","conversation_id":null,"itinerary":null} @ webpack-internal:///(app-pages-browser)/./lib/chat-transport.ts:103
[ 1706009ms] [LOG] [ChatTransport] Received WebSocket response: {"type":"delta","content":"预约","error":null,"message_id":"b10da1cf-3bfe-4f7f-963a-873632181fe3","conversation_id":null,"itinerary":null} @ webpack-internal:///(app-pages-browser)/./lib/chat-transport.ts:103
[ 1706017ms] [LOG] [ChatTransport] Received WebSocket response: {"type":"delta","content":"）","error":null,"message_id":"b10da1cf-3bfe-4f7f-963a-873632181fe3","conversation_id":null,"itinerary":null} @ webpack-internal:///(app-pages-browser)/./lib/chat-transport.ts:103
[ 1706022ms] [LOG] [ChatTransport] Received WebSocket response: {"type":"delta","content":"继续","error":null,"message_id":"b10da1cf-3bfe-4f7f-963a-873632181fe3","conversation_id":null,"itinerary":null} @ webpack-internal:///(app-pages-browser)/./lib/chat-transport.ts:103
[ 1706027ms] [LOG] [ChatTransport] Received WebSocket response: {"type":"delta","content":"室内","error":null,"message_id":"b10da1cf-3bfe-4f7f-963a-873632181fe3","conversation_id":null,"itinerary":null} @ webpack-internal:///(app-pages-browser)/./lib/chat-transport.ts:103
[ 1706085ms] [LOG] [ChatTransport] Received WebSocket response: {"type":"delta","content":"文化","error":null,"message_id":"b10da1cf-3bfe-4f7f-963a-873632181fe3","conversation_id":null,"itinerary":null} @ webpack-internal:///(app-pages-browser)/./lib/chat-transport.ts:103
[ 1706090ms] [LOG] [ChatTransport] Received WebSocket response: {"type":"delta","content":"之旅","error":null,"message_id":"b10da1cf-3bfe-4f7f-963a-873632181fe3","conversation_id":null,"itinerary":null} @ webpack-internal:///(app-pages-browser)/./lib/chat-transport.ts:103
[ 1706147ms] [LOG] [ChatTransport] Received WebSocket response: {"type":"delta","content":"。\n","error":null,"message_id":"b10da1cf-3bfe-4f7f-963a-873632181fe3","conversation_id":null,"itinerary":null} @ webpack-internal:///(app-pages-browser)/./lib/chat-transport.ts:103
[ 1706152ms] [LOG] [ChatTransport] Received WebSocket response: {"type":"delta","content":"*","error":null,"message_id":"b10da1cf-3bfe-4f7f-963a-873632181fe3","conversation_id":null,"itinerary":null} @ webpack-internal:///(app-pages-browser)/./lib/chat-transport.ts:103
[ 1706212ms] [LOG] [ChatTransport] Received WebSocket response: {"type":"delta","content":"  ","error":null,"message_id":"b10da1cf-3bfe-4f7f-963a-873632181fe3","conversation_id":null,"itinerary":null} @ webpack-internal:///(app-pages-browser)/./lib/chat-transport.ts:103
[ 1706221ms] [LOG] [ChatTransport] Received WebSocket response: {"type":"delta","content":" **","error":null,"message_id":"b10da1cf-3bfe-4f7f-963a-873632181fe3","conversation_id":null,"itinerary":null} @ webpack-internal:///(app-pages-browser)/./lib/chat-transport.ts:103
[ 1706267ms] [LOG] [ChatTransport] Received WebSocket response: {"type":"delta","content":"晚上","error":null,"message_id":"b10da1cf-3bfe-4f7f-963a-873632181fe3","conversation_id":null,"itinerary":null} @ webpack-internal:///(app-pages-browser)/./lib/chat-transport.ts:103
[ 1706278ms] [LOG] [ChatTransport] Received WebSocket response: {"type":"delta","content":"**","error":null,"message_id":"b10da1cf-3bfe-4f7f-963a-873632181fe3","conversation_id":null,"itinerary":null} @ webpack-internal:///(app-pages-browser)/./lib/chat-transport.ts:103
[ 1706324ms] [LOG] [ChatTransport] Received WebSocket response: {"type":"delta","content":"：","error":null,"message_id":"b10da1cf-3bfe-4f7f-963a-873632181fe3","conversation_id":null,"itinerary":null} @ webpack-internal:///(app-pages-browser)/./lib/chat-transport.ts:103
[ 1706324ms] [LOG] [ChatTransport] Received WebSocket response: {"type":"delta","content":"前往","error":null,"message_id":"b10da1cf-3bfe-4f7f-963a-873632181fe3","conversation_id":null,"itinerary":null} @ webpack-internal:///(app-pages-browser)/./lib/chat-transport.ts:103
[ 1706384ms] [LOG] [ChatTransport] Received WebSocket response: {"type":"delta","content":"**","error":null,"message_id":"b10da1cf-3bfe-4f7f-963a-873632181fe3","conversation_id":null,"itinerary":null} @ webpack-internal:///(app-pages-browser)/./lib/chat-transport.ts:103
[ 1706389ms] [LOG] [ChatTransport] Received WebSocket response: {"type":"delta","content":"王府","error":null,"message_id":"b10da1cf-3bfe-4f7f-963a-873632181fe3","conversation_id":null,"itinerary":null} @ webpack-internal:///(app-pages-browser)/./lib/chat-transport.ts:103
[ 1706448ms] [LOG] [ChatTransport] Received WebSocket response: {"type":"delta","content":"井","error":null,"message_id":"b10da1cf-3bfe-4f7f-963a-873632181fe3","conversation_id":null,"itinerary":null} @ webpack-internal:///(app-pages-browser)/./lib/chat-transport.ts:103
[ 1706455ms] [LOG] [ChatTransport] Received WebSocket response: {"type":"delta","content":"大街","error":null,"message_id":"b10da1cf-3bfe-4f7f-963a-873632181fe3","conversation_id":null,"itinerary":null} @ webpack-internal:///(app-pages-browser)/./lib/chat-transport.ts:103
[ 1706502ms] [LOG] [ChatTransport] Received WebSocket response: {"type":"delta","content":"**","error":null,"message_id":"b10da1cf-3bfe-4f7f-963a-873632181fe3","conversation_id":null,"itinerary":null} @ webpack-internal:///(app-pages-browser)/./lib/chat-transport.ts:103
[ 1706510ms] [LOG] [ChatTransport] Received WebSocket response: {"type":"delta","content":"用餐","error":null,"message_id":"b10da1cf-3bfe-4f7f-963a-873632181fe3","conversation_id":null,"itinerary":null} @ webpack-internal:///(app-pages-browser)/./lib/chat-transport.ts:103
[ 1706564ms] [LOG] [ChatTransport] Received WebSocket response: {"type":"delta","content":"和","error":null,"message_id":"b10da1cf-3bfe-4f7f-963a-873632181fe3","conversation_id":null,"itinerary":null} @ webpack-internal:///(app-pages-browser)/./lib/chat-transport.ts:103
[ 1706650ms] [LOG] [ChatTransport] Received WebSocket response: {"type":"delta","content":"逛街","error":null,"message_id":"b10da1cf-3bfe-4f7f-963a-873632181fe3","conversation_id":null,"itinerary":null} @ webpack-internal:///(app-pages-browser)/./lib/chat-transport.ts:103
[ 1706660ms] [LOG] [ChatTransport] Received WebSocket response: {"type":"delta","content":"。\n\n","error":null,"message_id":"b10da1cf-3bfe-4f7f-963a-873632181fe3","conversation_id":null,"itinerary":null} @ webpack-internal:///(app-pages-browser)/./lib/chat-transport.ts:103
[ 1706681ms] [LOG] [ChatTransport] Received WebSocket response: {"type":"delta","content":"####","error":null,"message_id":"b10da1cf-3bfe-4f7f-963a-873632181fe3","conversation_id":null,"itinerary":null} @ webpack-internal:///(app-pages-browser)/./lib/chat-transport.ts:103
[ 1706686ms] [LOG] [ChatTransport] Received WebSocket response: {"type":"delta","content":" **","error":null,"message_id":"b10da1cf-3bfe-4f7f-963a-873632181fe3","conversation_id":null,"itinerary":null} @ webpack-internal:///(app-pages-browser)/./lib/chat-transport.ts:103
[ 1706742ms] [LOG] [ChatTransport] Received WebSocket response: {"type":"delta","content":"第二天","error":null,"message_id":"b10da1cf-3bfe-4f7f-963a-873632181fe3","conversation_id":null,"itinerary":null} @ webpack-internal:///(app-pages-browser)/./lib/chat-transport.ts:103
[ 1706752ms] [LOG] [ChatTransport] Received WebSocket response: {"type":"delta","content":"：","error":null,"message_id":"b10da1cf-3bfe-4f7f-963a-873632181fe3","conversation_id":null,"itinerary":null} @ webpack-internal:///(app-pages-browser)/./lib/chat-transport.ts:103
[ 1706798ms] [LOG] [ChatTransport] Received WebSocket response: {"type":"delta","content":"皇家","error":null,"message_id":"b10da1cf-3bfe-4f7f-963a-873632181fe3","conversation_id":null,"itinerary":null} @ webpack-internal:///(app-pages-browser)/./lib/chat-transport.ts:103
[ 1706874ms] [LOG] [ChatTransport] Received WebSocket response: {"type":"delta","content":"园林","error":null,"message_id":"b10da1cf-3bfe-4f7f-963a-873632181fe3","conversation_id":null,"itinerary":null} @ webpack-internal:///(app-pages-browser)/./lib/chat-transport.ts:103
[ 1706884ms] [LOG] [ChatTransport] Received WebSocket response: {"type":"delta","content":"与","error":null,"message_id":"b10da1cf-3bfe-4f7f-963a-873632181fe3","conversation_id":null,"itinerary":null} @ webpack-internal:///(app-pages-browser)/./lib/chat-transport.ts:103
[ 1706918ms] [LOG] [ChatTransport] Received WebSocket response: {"type":"delta","content":"奥运","error":null,"message_id":"b10da1cf-3bfe-4f7f-963a-873632181fe3","conversation_id":null,"itinerary":null} @ webpack-internal:///(app-pages-browser)/./lib/chat-transport.ts:103
[ 1706981ms] [LOG] [ChatTransport] Received WebSocket response: {"type":"delta","content":"足迹","error":null,"message_id":"b10da1cf-3bfe-4f7f-963a-873632181fe3","conversation_id":null,"itinerary":null} @ webpack-internal:///(app-pages-browser)/./lib/chat-transport.ts:103
[ 1707041ms] [LOG] [ChatTransport] Received WebSocket response: {"type":"delta","content":" (","error":null,"message_id":"b10da1cf-3bfe-4f7f-963a-873632181fe3","conversation_id":null,"itinerary":null} @ webpack-internal:///(app-pages-browser)/./lib/chat-transport.ts:103
[ 1707045ms] [LOG] [ChatTransport] Received WebSocket response: {"type":"delta","content":"晴朗","error":null,"message_id":"b10da1cf-3bfe-4f7f-963a-873632181fe3","conversation_id":null,"itinerary":null} @ webpack-internal:///(app-pages-browser)/./lib/chat-transport.ts:103
[ 1707152ms] [LOG] [ChatTransport] Received WebSocket response: {"type":"delta","content":"日","error":null,"message_id":"b10da1cf-3bfe-4f7f-963a-873632181fe3","conversation_id":null,"itinerary":null} @ webpack-internal:///(app-pages-browser)/./lib/chat-transport.ts:103
[ 1707161ms] [LOG] [ChatTransport] Received WebSocket response: {"type":"delta","content":")","error":null,"message_id":"b10da1cf-3bfe-4f7f-963a-873632181fe3","conversation_id":null,"itinerary":null} @ webpack-internal:///(app-pages-browser)/./lib/chat-transport.ts:103
[ 1707167ms] [LOG] [ChatTransport] Received WebSocket response: {"type":"delta","content":"**\n","error":null,"message_id":"b10da1cf-3bfe-4f7f-963a-873632181fe3","conversation_id":null,"itinerary":null} @ webpack-internal:///(app-pages-browser)/./lib/chat-transport.ts:103
[ 1707171ms] [LOG] [ChatTransport] Received WebSocket response: {"type":"delta","content":"*","error":null,"message_id":"b10da1cf-3bfe-4f7f-963a-873632181fe3","conversation_id":null,"itinerary":null} @ webpack-internal:///(app-pages-browser)/./lib/chat-transport.ts:103
[ 1707222ms] [LOG] [ChatTransport] Received WebSocket response: {"type":"delta","content":"  ","error":null,"message_id":"b10da1cf-3bfe-4f7f-963a-873632181fe3","conversation_id":null,"itinerary":null} @ webpack-internal:///(app-pages-browser)/./lib/chat-transport.ts:103
[ 1707229ms] [LOG] [ChatTransport] Received WebSocket response: {"type":"delta","content":" **","error":null,"message_id":"b10da1cf-3bfe-4f7f-963a-873632181fe3","conversation_id":null,"itinerary":null} @ webpack-internal:///(app-pages-browser)/./lib/chat-transport.ts:103
[ 1707271ms] [LOG] [ChatTransport] Received WebSocket response: {"type":"delta","content":"上午","error":null,"message_id":"b10da1cf-3bfe-4f7f-963a-873632181fe3","conversation_id":null,"itinerary":null} @ webpack-internal:///(app-pages-browser)/./lib/chat-transport.ts:103
[ 1707271ms] [LOG] [ChatTransport] Received WebSocket response: {"type":"delta","content":"**","error":null,"message_id":"b10da1cf-3bfe-4f7f-963a-873632181fe3","conversation_id":null,"itinerary":null} @ webpack-internal:///(app-pages-browser)/./lib/chat-transport.ts:103
[ 1707333ms] [LOG] [ChatTransport] Received WebSocket response: {"type":"delta","content":"：","error":null,"message_id":"b10da1cf-3bfe-4f7f-963a-873632181fe3","conversation_id":null,"itinerary":null} @ webpack-internal:///(app-pages-browser)/./lib/chat-transport.ts:103
[ 1707340ms] [LOG] [ChatTransport] Received WebSocket response: {"type":"delta","content":"**","error":null,"message_id":"b10da1cf-3bfe-4f7f-963a-873632181fe3","conversation_id":null,"itinerary":null} @ webpack-internal:///(app-pages-browser)/./lib/chat-transport.ts:103
[ 1707390ms] [LOG] [ChatTransport] Received WebSocket response: {"type":"delta","content":"颐","error":null,"message_id":"b10da1cf-3bfe-4f7f-963a-873632181fe3","conversation_id":null,"itinerary":null} @ webpack-internal:///(app-pages-browser)/./lib/chat-transport.ts:103
[ 1707394ms] [LOG] [ChatTransport] Received WebSocket response: {"type":"delta","content":"和","error":null,"message_id":"b10da1cf-3bfe-4f7f-963a-873632181fe3","conversation_id":null,"itinerary":null} @ webpack-internal:///(app-pages-browser)/./lib/chat-transport.ts:103
[ 1707447ms] [LOG] [ChatTransport] Received WebSocket response: {"type":"delta","content":"园","error":null,"message_id":"b10da1cf-3bfe-4f7f-963a-873632181fe3","conversation_id":null,"itinerary":null} @ webpack-internal:///(app-pages-browser)/./lib/chat-transport.ts:103
[ 1707453ms] [LOG] [ChatTransport] Received WebSocket response: {"type":"delta","content":"**","error":null,"message_id":"b10da1cf-3bfe-4f7f-963a-873632181fe3","conversation_id":null,"itinerary":null} @ webpack-internal:///(app-pages-browser)/./lib/chat-transport.ts:103
[ 1707511ms] [LOG] [ChatTransport] Received WebSocket response: {"type":"delta","content":"。","error":null,"message_id":"b10da1cf-3bfe-4f7f-963a-873632181fe3","conversation_id":null,"itinerary":null} @ webpack-internal:///(app-pages-browser)/./lib/chat-transport.ts:103
[ 1707519ms] [LOG] [ChatTransport] Received WebSocket response: {"type":"delta","content":"利用","error":null,"message_id":"b10da1cf-3bfe-4f7f-963a-873632181fe3","conversation_id":null,"itinerary":null} @ webpack-internal:///(app-pages-browser)/./lib/chat-transport.ts:103
[ 1707569ms] [LOG] [ChatTransport] Received WebSocket response: {"type":"delta","content":"晴朗","error":null,"message_id":"b10da1cf-3bfe-4f7f-963a-873632181fe3","conversation_id":null,"itinerary":null} @ webpack-internal:///(app-pages-browser)/./lib/chat-transport.ts:103
[ 1707578ms] [LOG] [ChatTransport] Received WebSocket response: {"type":"delta","content":"天气","error":null,"message_id":"b10da1cf-3bfe-4f7f-963a-873632181fe3","conversation_id":null,"itinerary":null} @ webpack-internal:///(app-pages-browser)/./lib/chat-transport.ts:103
[ 1707630ms] [LOG] [ChatTransport] Received WebSocket response: {"type":"delta","content":"，","error":null,"message_id":"b10da1cf-3bfe-4f7f-963a-873632181fe3","conversation_id":null,"itinerary":null} @ webpack-internal:///(app-pages-browser)/./lib/chat-transport.ts:103
[ 1707631ms] [LOG] [ChatTransport] Received WebSocket response: {"type":"delta","content":"游览","error":null,"message_id":"b10da1cf-3bfe-4f7f-963a-873632181fe3","conversation_id":null,"itinerary":null} @ webpack-internal:///(app-pages-browser)/./lib/chat-transport.ts:103
[ 1707704ms] [LOG] [ChatTransport] Received WebSocket response: {"type":"delta","content":"这座","error":null,"message_id":"b10da1cf-3bfe-4f7f-963a-873632181fe3","conversation_id":null,"itinerary":null} @ webpack-internal:///(app-pages-browser)/./lib/chat-transport.ts:103
[ 1707745ms] [LOG] [ChatTransport] Received WebSocket response: {"type":"delta","content":"皇家","error":null,"message_id":"b10da1cf-3bfe-4f7f-963a-873632181fe3","conversation_id":null,"itinerary":null} @ webpack-internal:///(app-pages-browser)/./lib/chat-transport.ts:103
[ 1707754ms] [LOG] [ChatTransport] Received WebSocket response: {"type":"delta","content":"园林","error":null,"message_id":"b10da1cf-3bfe-4f7f-963a-873632181fe3","conversation_id":null,"itinerary":null} @ webpack-internal:///(app-pages-browser)/./lib/chat-transport.ts:103
[ 1707806ms] [LOG] [ChatTransport] Received WebSocket response: {"type":"delta","content":"，","error":null,"message_id":"b10da1cf-3bfe-4f7f-963a-873632181fe3","conversation_id":null,"itinerary":null} @ webpack-internal:///(app-pages-browser)/./lib/chat-transport.ts:103
[ 1707815ms] [LOG] [ChatTransport] Received WebSocket response: {"type":"delta","content":"泛","error":null,"message_id":"b10da1cf-3bfe-4f7f-963a-873632181fe3","conversation_id":null,"itinerary":null} @ webpack-internal:///(app-pages-browser)/./lib/chat-transport.ts:103
[ 1707869ms] [LOG] [ChatTransport] Received WebSocket response: {"type":"delta","content":"舟","error":null,"message_id":"b10da1cf-3bfe-4f7f-963a-873632181fe3","conversation_id":null,"itinerary":null} @ webpack-internal:///(app-pages-browser)/./lib/chat-transport.ts:103
[ 1707873ms] [LOG] [ChatTransport] Received WebSocket response: {"type":"delta","content":"昆明","error":null,"message_id":"b10da1cf-3bfe-4f7f-963a-873632181fe3","conversation_id":null,"itinerary":null} @ webpack-internal:///(app-pages-browser)/./lib/chat-transport.ts:103
[ 1707923ms] [LOG] [ChatTransport] Received WebSocket response: {"type":"delta","content":"湖","error":null,"message_id":"b10da1cf-3bfe-4f7f-963a-873632181fe3","conversation_id":null,"itinerary":null} @ webpack-internal:///(app-pages-browser)/./lib/chat-transport.ts:103
[ 1707931ms] [LOG] [ChatTransport] Received WebSocket response: {"type":"delta","content":"（","error":null,"message_id":"b10da1cf-3bfe-4f7f-963a-873632181fe3","conversation_id":null,"itinerary":null} @ webpack-internal:///(app-pages-browser)/./lib/chat-transport.ts:103
[ 1707984ms] [LOG] [ChatTransport] Received WebSocket response: {"type":"delta","content":"视","error":null,"message_id":"b10da1cf-3bfe-4f7f-963a-873632181fe3","conversation_id":null,"itinerary":null} @ webpack-internal:///(app-pages-browser)/./lib/chat-transport.ts:103
[ 1708044ms] [LOG] [ChatTransport] Received WebSocket response: {"type":"delta","content":"开放","error":null,"message_id":"b10da1cf-3bfe-4f7f-963a-873632181fe3","conversation_id":null,"itinerary":null} @ webpack-internal:///(app-pages-browser)/./lib/chat-transport.ts:103
[ 1708307ms] [LOG] [ChatTransport] Received WebSocket response: {"type":"delta","content":"情况","error":null,"message_id":"b10da1cf-3bfe-4f7f-963a-873632181fe3","conversation_id":null,"itinerary":null} @ webpack-internal:///(app-pages-browser)/./lib/chat-transport.ts:103
[ 1708316ms] [LOG] [ChatTransport] Received WebSocket response: {"type":"delta","content":"），","error":null,"message_id":"b10da1cf-3bfe-4f7f-963a-873632181fe3","conversation_id":null,"itinerary":null} @ webpack-internal:///(app-pages-browser)/./lib/chat-transport.ts:103
[ 1708316ms] [LOG] [ChatTransport] Received WebSocket response: {"type":"delta","content":"漫步","error":null,"message_id":"b10da1cf-3bfe-4f7f-963a-873632181fe3","conversation_id":null,"itinerary":null} @ webpack-internal:///(app-pages-browser)/./lib/chat-transport.ts:103
[ 1708320ms] [LOG] [ChatTransport] Received WebSocket response: {"type":"delta","content":"长廊","error":null,"message_id":"b10da1cf-3bfe-4f7f-963a-873632181fe3","conversation_id":null,"itinerary":null} @ webpack-internal:///(app-pages-browser)/./lib/chat-transport.ts:103
[ 1708320ms] [LOG] [ChatTransport] Received WebSocket response: {"type":"delta","content":"。\n","error":null,"message_id":"b10da1cf-3bfe-4f7f-963a-873632181fe3","conversation_id":null,"itinerary":null} @ webpack-internal:///(app-pages-browser)/./lib/chat-transport.ts:103
[ 1708320ms] [LOG] [ChatTransport] Received WebSocket response: {"type":"delta","content":"*","error":null,"message_id":"b10da1cf-3bfe-4f7f-963a-873632181fe3","conversation_id":null,"itinerary":null} @ webpack-internal:///(app-pages-browser)/./lib/chat-transport.ts:103
[ 1708320ms] [LOG] [ChatTransport] Received WebSocket response: {"type":"delta","content":"  ","error":null,"message_id":"b10da1cf-3bfe-4f7f-963a-873632181fe3","conversation_id":null,"itinerary":null} @ webpack-internal:///(app-pages-browser)/./lib/chat-transport.ts:103
[ 1708353ms] [LOG] [ChatTransport] Received WebSocket response: {"type":"delta","content":" **","error":null,"message_id":"b10da1cf-3bfe-4f7f-963a-873632181fe3","conversation_id":null,"itinerary":null} @ webpack-internal:///(app-pages-browser)/./lib/chat-transport.ts:103
[ 1708361ms] [LOG] [ChatTransport] Received WebSocket response: {"type":"delta","content":"下午","error":null,"message_id":"b10da1cf-3bfe-4f7f-963a-873632181fe3","conversation_id":null,"itinerary":null} @ webpack-internal:///(app-pages-browser)/./lib/chat-transport.ts:103
[ 1708422ms] [LOG] [ChatTransport] Received WebSocket response: {"type":"delta","content":"**","error":null,"message_id":"b10da1cf-3bfe-4f7f-963a-873632181fe3","conversation_id":null,"itinerary":null} @ webpack-internal:///(app-pages-browser)/./lib/chat-transport.ts:103
[ 1708429ms] [LOG] [ChatTransport] Received WebSocket response: {"type":"delta","content":"：","error":null,"message_id":"b10da1cf-3bfe-4f7f-963a-873632181fe3","conversation_id":null,"itinerary":null} @ webpack-internal:///(app-pages-browser)/./lib/chat-transport.ts:103
[ 1708624ms] [LOG] [ChatTransport] Received WebSocket response: {"type":"delta","content":"前往","error":null,"message_id":"b10da1cf-3bfe-4f7f-963a-873632181fe3","conversation_id":null,"itinerary":null} @ webpack-internal:///(app-pages-browser)/./lib/chat-transport.ts:103
[ 1708633ms] [LOG] [ChatTransport] Received WebSocket response: {"type":"delta","content":"**","error":null,"message_id":"b10da1cf-3bfe-4f7f-963a-873632181fe3","conversation_id":null,"itinerary":null} @ webpack-internal:///(app-pages-browser)/./lib/chat-transport.ts:103
[ 1708634ms] [LOG] [ChatTransport] Received WebSocket response: {"type":"delta","content":"圆","error":null,"message_id":"b10da1cf-3bfe-4f7f-963a-873632181fe3","conversation_id":null,"itinerary":null} @ webpack-internal:///(app-pages-browser)/./lib/chat-transport.ts:103
[ 1708638ms] [LOG] [ChatTransport] Received WebSocket response: {"type":"delta","content":"明","error":null,"message_id":"b10da1cf-3bfe-4f7f-963a-873632181fe3","conversation_id":null,"itinerary":null} @ webpack-internal:///(app-pages-browser)/./lib/chat-transport.ts:103
[ 1708638ms] [LOG] [ChatTransport] Received WebSocket response: {"type":"delta","content":"园","error":null,"message_id":"b10da1cf-3bfe-4f7f-963a-873632181fe3","conversation_id":null,"itinerary":null} @ webpack-internal:///(app-pages-browser)/./lib/chat-transport.ts:103
[ 1708667ms] [LOG] [ChatTransport] Received WebSocket response: {"type":"delta","content":"**","error":null,"message_id":"b10da1cf-3bfe-4f7f-963a-873632181fe3","conversation_id":null,"itinerary":null} @ webpack-internal:///(app-pages-browser)/./lib/chat-transport.ts:103
[ 1708677ms] [LOG] [ChatTransport] Received WebSocket response: {"type":"delta","content":"（","error":null,"message_id":"b10da1cf-3bfe-4f7f-963a-873632181fe3","conversation_id":null,"itinerary":null} @ webpack-internal:///(app-pages-browser)/./lib/chat-transport.ts:103
[ 1708718ms] [LOG] [ChatTransport] Received WebSocket response: {"type":"delta","content":"与","error":null,"message_id":"b10da1cf-3bfe-4f7f-963a-873632181fe3","conversation_id":null,"itinerary":null} @ webpack-internal:///(app-pages-browser)/./lib/chat-transport.ts:103
[ 1708783ms] [LOG] [ChatTransport] Received WebSocket response: {"type":"delta","content":"颐","error":null,"message_id":"b10da1cf-3bfe-4f7f-963a-873632181fe3","conversation_id":null,"itinerary":null} @ webpack-internal:///(app-pages-browser)/./lib/chat-transport.ts:103
[ 1708793ms] [LOG] [ChatTransport] Received WebSocket response: {"type":"delta","content":"和","error":null,"message_id":"b10da1cf-3bfe-4f7f-963a-873632181fe3","conversation_id":null,"itinerary":null} @ webpack-internal:///(app-pages-browser)/./lib/chat-transport.ts:103
[ 1708848ms] [LOG] [ChatTransport] Received WebSocket response: {"type":"delta","content":"园","error":null,"message_id":"b10da1cf-3bfe-4f7f-963a-873632181fe3","conversation_id":null,"itinerary":null} @ webpack-internal:///(app-pages-browser)/./lib/chat-transport.ts:103
[ 1708856ms] [LOG] [ChatTransport] Received WebSocket response: {"type":"delta","content":"相邻","error":null,"message_id":"b10da1cf-3bfe-4f7f-963a-873632181fe3","conversation_id":null,"itinerary":null} @ webpack-internal:///(app-pages-browser)/./lib/chat-transport.ts:103
[ 1709098ms] [LOG] [ChatTransport] Received WebSocket response: {"type":"delta","content":"），","error":null,"message_id":"b10da1cf-3bfe-4f7f-963a-873632181fe3","conversation_id":null,"itinerary":null} @ webpack-internal:///(app-pages-browser)/./lib/chat-transport.ts:103
[ 1709107ms] [LOG] [ChatTransport] Received WebSocket response: {"type":"delta","content":"感受","error":null,"message_id":"b10da1cf-3bfe-4f7f-963a-873632181fe3","conversation_id":null,"itinerary":null} @ webpack-internal:///(app-pages-browser)/./lib/chat-transport.ts:103
[ 1709107ms] [LOG] [ChatTransport] Received WebSocket response: {"type":"delta","content":"历史","error":null,"message_id":"b10da1cf-3bfe-4f7f-963a-873632181fe3","conversation_id":null,"itinerary":null} @ webpack-internal:///(app-pages-browser)/./lib/chat-transport.ts:103
[ 1709112ms] [LOG] [ChatTransport] Received WebSocket response: {"type":"delta","content":"遗迹","error":null,"message_id":"b10da1cf-3bfe-4f7f-963a-873632181fe3","conversation_id":null,"itinerary":null} @ webpack-internal:///(app-pages-browser)/./lib/chat-transport.ts:103
[ 1709112ms] [LOG] [ChatTransport] Received WebSocket response: {"type":"delta","content":"。","error":null,"message_id":"b10da1cf-3bfe-4f7f-963a-873632181fe3","conversation_id":null,"itinerary":null} @ webpack-internal:///(app-pages-browser)/./lib/chat-transport.ts:103
[ 1709117ms] [LOG] [ChatTransport] Received WebSocket response: {"type":"delta","content":"或者","error":null,"message_id":"b10da1cf-3bfe-4f7f-963a-873632181fe3","conversation_id":null,"itinerary":null} @ webpack-internal:///(app-pages-browser)/./lib/chat-transport.ts:103
[ 1709222ms] [LOG] [ChatTransport] Received WebSocket response: {"type":"delta","content":"选择","error":null,"message_id":"b10da1cf-3bfe-4f7f-963a-873632181fe3","conversation_id":null,"itinerary":null} @ webpack-internal:///(app-pages-browser)/./lib/chat-transport.ts:103
[ 1709229ms] [LOG] [ChatTransport] Received WebSocket response: {"type":"delta","content":"前往","error":null,"message_id":"b10da1cf-3bfe-4f7f-963a-873632181fe3","conversation_id":null,"itinerary":null} @ webpack-internal:///(app-pages-browser)/./lib/chat-transport.ts:103
[ 1709234ms] [LOG] [ChatTransport] Received WebSocket response: {"type":"delta","content":"**","error":null,"message_id":"b10da1cf-3bfe-4f7f-963a-873632181fe3","conversation_id":null,"itinerary":null} @ webpack-internal:///(app-pages-browser)/./lib/chat-transport.ts:103
[ 1709235ms] [LOG] [ChatTransport] Received WebSocket response: {"type":"delta","content":"鸟","error":null,"message_id":"b10da1cf-3bfe-4f7f-963a-873632181fe3","conversation_id":null,"itinerary":null} @ webpack-internal:///(app-pages-browser)/./lib/chat-transport.ts:103
[ 1709275ms] [LOG] [ChatTransport] Received WebSocket response: {"type":"delta","content":"巢","error":null,"message_id":"b10da1cf-3bfe-4f7f-963a-873632181fe3","conversation_id":null,"itinerary":null} @ webpack-internal:///(app-pages-browser)/./lib/chat-transport.ts:103
[ 1709279ms] [LOG] [ChatTransport] Received WebSocket response: {"type":"delta","content":"（","error":null,"message_id":"b10da1cf-3bfe-4f7f-963a-873632181fe3","conversation_id":null,"itinerary":null} @ webpack-internal:///(app-pages-browser)/./lib/chat-transport.ts:103
[ 1709318ms] [LOG] [ChatTransport] Received WebSocket response: {"type":"delta","content":"国家","error":null,"message_id":"b10da1cf-3bfe-4f7f-963a-873632181fe3","conversation_id":null,"itinerary":null} @ webpack-internal:///(app-pages-browser)/./lib/chat-transport.ts:103
[ 1709326ms] [LOG] [ChatTransport] Received WebSocket response: {"type":"delta","content":"体育","error":null,"message_id":"b10da1cf-3bfe-4f7f-963a-873632181fe3","conversation_id":null,"itinerary":null} @ webpack-internal:///(app-pages-browser)/./lib/chat-transport.ts:103
[ 1709385ms] [LOG] [ChatTransport] Received WebSocket response: {"type":"delta","content":"场","error":null,"message_id":"b10da1cf-3bfe-4f7f-963a-873632181fe3","conversation_id":null,"itinerary":null} @ webpack-internal:///(app-pages-browser)/./lib/chat-transport.ts:103
[ 1709393ms] [LOG] [ChatTransport] Received WebSocket response: {"type":"delta","content":"）","error":null,"message_id":"b10da1cf-3bfe-4f7f-963a-873632181fe3","conversation_id":null,"itinerary":null} @ webpack-internal:///(app-pages-browser)/./lib/chat-transport.ts:103
[ 1709453ms] [LOG] [ChatTransport] Received WebSocket response: {"type":"delta","content":"**","error":null,"message_id":"b10da1cf-3bfe-4f7f-963a-873632181fe3","conversation_id":null,"itinerary":null} @ webpack-internal:///(app-pages-browser)/./lib/chat-transport.ts:103
[ 1709457ms] [LOG] [ChatTransport] Received WebSocket response: {"type":"delta","content":"和","error":null,"message_id":"b10da1cf-3bfe-4f7f-963a-873632181fe3","conversation_id":null,"itinerary":null} @ webpack-internal:///(app-pages-browser)/./lib/chat-transport.ts:103
[ 1709496ms] [LOG] [ChatTransport] Received WebSocket response: {"type":"delta","content":"**","error":null,"message_id":"b10da1cf-3bfe-4f7f-963a-873632181fe3","conversation_id":null,"itinerary":null} @ webpack-internal:///(app-pages-browser)/./lib/chat-transport.ts:103
[ 1709500ms] [LOG] [ChatTransport] Received WebSocket response: {"type":"delta","content":"水","error":null,"message_id":"b10da1cf-3bfe-4f7f-963a-873632181fe3","conversation_id":null,"itinerary":null} @ webpack-internal:///(app-pages-browser)/./lib/chat-transport.ts:103
[ 1709555ms] [LOG] [ChatTransport] Received WebSocket response: {"type":"delta","content":"立方","error":null,"message_id":"b10da1cf-3bfe-4f7f-963a-873632181fe3","conversation_id":null,"itinerary":null} @ webpack-internal:///(app-pages-browser)/./lib/chat-transport.ts:103
[ 1709563ms] [LOG] [ChatTransport] Received WebSocket response: {"type":"delta","content":"（","error":null,"message_id":"b10da1cf-3bfe-4f7f-963a-873632181fe3","conversation_id":null,"itinerary":null} @ webpack-internal:///(app-pages-browser)/./lib/chat-transport.ts:103
[ 1709619ms] [LOG] [ChatTransport] Received WebSocket response: {"type":"delta","content":"国家","error":null,"message_id":"b10da1cf-3bfe-4f7f-963a-873632181fe3","conversation_id":null,"itinerary":null} @ webpack-internal:///(app-pages-browser)/./lib/chat-transport.ts:103
[ 1709627ms] [LOG] [ChatTransport] Received WebSocket response: {"type":"delta","content":"游泳","error":null,"message_id":"b10da1cf-3bfe-4f7f-963a-873632181fe3","conversation_id":null,"itinerary":null} @ webpack-internal:///(app-pages-browser)/./lib/chat-transport.ts:103
[ 1709676ms] [LOG] [ChatTransport] Received WebSocket response: {"type":"delta","content":"中心","error":null,"message_id":"b10da1cf-3bfe-4f7f-963a-873632181fe3","conversation_id":null,"itinerary":null} @ webpack-internal:///(app-pages-browser)/./lib/chat-transport.ts:103
[ 1709686ms] [LOG] [ChatTransport] Received WebSocket response: {"type":"delta","content":"）","error":null,"message_id":"b10da1cf-3bfe-4f7f-963a-873632181fe3","conversation_id":null,"itinerary":null} @ webpack-internal:///(app-pages-browser)/./lib/chat-transport.ts:103
[ 1709733ms] [LOG] [ChatTransport] Received WebSocket response: {"type":"delta","content":"**","error":null,"message_id":"b10da1cf-3bfe-4f7f-963a-873632181fe3","conversation_id":null,"itinerary":null} @ webpack-internal:///(app-pages-browser)/./lib/chat-transport.ts:103
[ 1709734ms] [LOG] [ChatTransport] Received WebSocket response: {"type":"delta","content":" ","error":null,"message_id":"b10da1cf-3bfe-4f7f-963a-873632181fe3","conversation_id":null,"itinerary":null} @ webpack-internal:///(app-pages-browser)/./lib/chat-transport.ts:103
[ 1709797ms] [LOG] [ChatTransport] Received WebSocket response: {"type":"delta","content":"参观","error":null,"message_id":"b10da1cf-3bfe-4f7f-963a-873632181fe3","conversation_id":null,"itinerary":null} @ webpack-internal:///(app-pages-browser)/./lib/chat-transport.ts:103
[ 1709860ms] [LOG] [ChatTransport] Received WebSocket response: {"type":"delta","content":"外","error":null,"message_id":"b10da1cf-3bfe-4f7f-963a-873632181fe3","conversation_id":null,"itinerary":null} @ webpack-internal:///(app-pages-browser)/./lib/chat-transport.ts:103
[ 1709921ms] [LOG] [ChatTransport] Received WebSocket response: {"type":"delta","content":"景","error":null,"message_id":"b10da1cf-3bfe-4f7f-963a-873632181fe3","conversation_id":null,"itinerary":null} @ webpack-internal:///(app-pages-browser)/./lib/chat-transport.ts:103
[ 1709932ms] [LOG] [ChatTransport] Received WebSocket response: {"type":"delta","content":"并","error":null,"message_id":"b10da1cf-3bfe-4f7f-963a-873632181fe3","conversation_id":null,"itinerary":null} @ webpack-internal:///(app-pages-browser)/./lib/chat-transport.ts:103
[ 1709979ms] [LOG] [ChatTransport] Received WebSocket response: {"type":"delta","content":"拍照","error":null,"message_id":"b10da1cf-3bfe-4f7f-963a-873632181fe3","conversation_id":null,"itinerary":null} @ webpack-internal:///(app-pages-browser)/./lib/chat-transport.ts:103
[ 1709986ms] [LOG] [ChatTransport] Received WebSocket response: {"type":"delta","content":"。\n","error":null,"message_id":"b10da1cf-3bfe-4f7f-963a-873632181fe3","conversation_id":null,"itinerary":null} @ webpack-internal:///(app-pages-browser)/./lib/chat-transport.ts:103
[ 1710038ms] [LOG] [ChatTransport] Received WebSocket response: {"type":"delta","content":"*","error":null,"message_id":"b10da1cf-3bfe-4f7f-963a-873632181fe3","conversation_id":null,"itinerary":null} @ webpack-internal:///(app-pages-browser)/./lib/chat-transport.ts:103
[ 1710042ms] [LOG] [ChatTransport] Received WebSocket response: {"type":"delta","content":"  ","error":null,"message_id":"b10da1cf-3bfe-4f7f-963a-873632181fe3","conversation_id":null,"itinerary":null} @ webpack-internal:///(app-pages-browser)/./lib/chat-transport.ts:103
[ 1710105ms] [LOG] [ChatTransport] Received WebSocket response: {"type":"delta","content":" **","error":null,"message_id":"b10da1cf-3bfe-4f7f-963a-873632181fe3","conversation_id":null,"itinerary":null} @ webpack-internal:///(app-pages-browser)/./lib/chat-transport.ts:103
[ 1710114ms] [LOG] [ChatTransport] Received WebSocket response: {"type":"delta","content":"晚上","error":null,"message_id":"b10da1cf-3bfe-4f7f-963a-873632181fe3","conversation_id":null,"itinerary":null} @ webpack-internal:///(app-pages-browser)/./lib/chat-transport.ts:103
[ 1710159ms] [LOG] [ChatTransport] Received WebSocket response: {"type":"delta","content":"**","error":null,"message_id":"b10da1cf-3bfe-4f7f-963a-873632181fe3","conversation_id":null,"itinerary":null} @ webpack-internal:///(app-pages-browser)/./lib/chat-transport.ts:103
[ 1710168ms] [LOG] [ChatTransport] Received WebSocket response: {"type":"delta","content":"：","error":null,"message_id":"b10da1cf-3bfe-4f7f-963a-873632181fe3","conversation_id":null,"itinerary":null} @ webpack-internal:///(app-pages-browser)/./lib/chat-transport.ts:103
[ 1710468ms] [LOG] [ChatTransport] Received WebSocket response: {"type":"delta","content":"在","error":null,"message_id":"b10da1cf-3bfe-4f7f-963a-873632181fe3","conversation_id":null,"itinerary":null} @ webpack-internal:///(app-pages-browser)/./lib/chat-transport.ts:103
[ 1710469ms] [LOG] [ChatTransport] Received WebSocket response: {"type":"delta","content":"**","error":null,"message_id":"b10da1cf-3bfe-4f7f-963a-873632181fe3","conversation_id":null,"itinerary":null} @ webpack-internal:///(app-pages-browser)/./lib/chat-transport.ts:103
[ 1710479ms] [LOG] [ChatTransport] Received WebSocket response: {"type":"delta","content":"奥林匹克","error":null,"message_id":"b10da1cf-3bfe-4f7f-963a-873632181fe3","conversation_id":null,"itinerary":null} @ webpack-internal:///(app-pages-browser)/./lib/chat-transport.ts:103
[ 1710491ms] [LOG] [ChatTransport] Received WebSocket response: {"type":"delta","content":"公园","error":null,"message_id":"b10da1cf-3bfe-4f7f-963a-873632181fe3","conversation_id":null,"itinerary":null} @ webpack-internal:///(app-pages-browser)/./lib/chat-transport.ts:103
[ 1710491ms] [LOG] [ChatTransport] Received WebSocket response: {"type":"delta","content":"**","error":null,"message_id":"b10da1cf-3bfe-4f7f-963a-873632181fe3","conversation_id":null,"itinerary":null} @ webpack-internal:///(app-pages-browser)/./lib/chat-transport.ts:103
[ 1710491ms] [LOG] [ChatTransport] Received WebSocket response: {"type":"delta","content":"周边","error":null,"message_id":"b10da1cf-3bfe-4f7f-963a-873632181fe3","conversation_id":null,"itinerary":null} @ webpack-internal:///(app-pages-browser)/./lib/chat-transport.ts:103
[ 1710491ms] [LOG] [ChatTransport] Received WebSocket response: {"type":"delta","content":"用餐","error":null,"message_id":"b10da1cf-3bfe-4f7f-963a-873632181fe3","conversation_id":null,"itinerary":null} @ webpack-internal:///(app-pages-browser)/./lib/chat-transport.ts:103
[ 1710492ms] [LOG] [ChatTransport] Received WebSocket response: {"type":"delta","content":"，","error":null,"message_id":"b10da1cf-3bfe-4f7f-963a-873632181fe3","conversation_id":null,"itinerary":null} @ webpack-internal:///(app-pages-browser)/./lib/chat-transport.ts:103
[ 1710492ms] [LOG] [ChatTransport] Received WebSocket response: {"type":"delta","content":"欣赏","error":null,"message_id":"b10da1cf-3bfe-4f7f-963a-873632181fe3","conversation_id":null,"itinerary":null} @ webpack-internal:///(app-pages-browser)/./lib/chat-transport.ts:103
[ 1710518ms] [LOG] [ChatTransport] Received WebSocket response: {"type":"delta","content":"夜景","error":null,"message_id":"b10da1cf-3bfe-4f7f-963a-873632181fe3","conversation_id":null,"itinerary":null} @ webpack-internal:///(app-pages-browser)/./lib/chat-transport.ts:103
[ 1710527ms] [LOG] [ChatTransport] Received WebSocket response: {"type":"delta","content":"。\n\n","error":null,"message_id":"b10da1cf-3bfe-4f7f-963a-873632181fe3","conversation_id":null,"itinerary":null} @ webpack-internal:///(app-pages-browser)/./lib/chat-transport.ts:103
[ 1710618ms] [LOG] [ChatTransport] Received WebSocket response: {"type":"delta","content":"####","error":null,"message_id":"b10da1cf-3bfe-4f7f-963a-873632181fe3","conversation_id":null,"itinerary":null} @ webpack-internal:///(app-pages-browser)/./lib/chat-transport.ts:103
[ 1710626ms] [LOG] [ChatTransport] Received WebSocket response: {"type":"delta","content":" **","error":null,"message_id":"b10da1cf-3bfe-4f7f-963a-873632181fe3","conversation_id":null,"itinerary":null} @ webpack-internal:///(app-pages-browser)/./lib/chat-transport.ts:103
[ 1710650ms] [LOG] [ChatTransport] Received WebSocket response: {"type":"delta","content":"第三天","error":null,"message_id":"b10da1cf-3bfe-4f7f-963a-873632181fe3","conversation_id":null,"itinerary":null} @ webpack-internal:///(app-pages-browser)/./lib/chat-transport.ts:103
[ 1710650ms] [LOG] [ChatTransport] Received WebSocket response: {"type":"delta","content":"：","error":null,"message_id":"b10da1cf-3bfe-4f7f-963a-873632181fe3","conversation_id":null,"itinerary":null} @ webpack-internal:///(app-pages-browser)/./lib/chat-transport.ts:103
[ 1710694ms] [LOG] [ChatTransport] Received WebSocket response: {"type":"delta","content":"古","error":null,"message_id":"b10da1cf-3bfe-4f7f-963a-873632181fe3","conversation_id":null,"itinerary":null} @ webpack-internal:///(app-pages-browser)/./lib/chat-transport.ts:103
[ 1710748ms] [LOG] [ChatTransport] Received WebSocket response: {"type":"delta","content":"都","error":null,"message_id":"b10da1cf-3bfe-4f7f-963a-873632181fe3","conversation_id":null,"itinerary":null} @ webpack-internal:///(app-pages-browser)/./lib/chat-transport.ts:103
[ 1710749ms] [LOG] [ChatTransport] Received WebSocket response: {"type":"delta","content":"风","error":null,"message_id":"b10da1cf-3bfe-4f7f-963a-873632181fe3","conversation_id":null,"itinerary":null} @ webpack-internal:///(app-pages-browser)/./lib/chat-transport.ts:103
[ 1710818ms] [LOG] [ChatTransport] Received WebSocket response: {"type":"delta","content":"韵","error":null,"message_id":"b10da1cf-3bfe-4f7f-963a-873632181fe3","conversation_id":null,"itinerary":null} @ webpack-internal:///(app-pages-browser)/./lib/chat-transport.ts:103
[ 1710826ms] [LOG] [ChatTransport] Received WebSocket response: {"type":"delta","content":"与","error":null,"message_id":"b10da1cf-3bfe-4f7f-963a-873632181fe3","conversation_id":null,"itinerary":null} @ webpack-internal:///(app-pages-browser)/./lib/chat-transport.ts:103
[ 1710874ms] [LOG] [ChatTransport] Received WebSocket response: {"type":"delta","content":"城市","error":null,"message_id":"b10da1cf-3bfe-4f7f-963a-873632181fe3","conversation_id":null,"itinerary":null} @ webpack-internal:///(app-pages-browser)/./lib/chat-transport.ts:103
[ 1710937ms] [LOG] [ChatTransport] Received WebSocket response: {"type":"delta","content":"漫步","error":null,"message_id":"b10da1cf-3bfe-4f7f-963a-873632181fe3","conversation_id":null,"itinerary":null} @ webpack-internal:///(app-pages-browser)/./lib/chat-transport.ts:103
[ 1710953ms] [LOG] [ChatTransport] Received WebSocket response: {"type":"delta","content":" (","error":null,"message_id":"b10da1cf-3bfe-4f7f-963a-873632181fe3","conversation_id":null,"itinerary":null} @ webpack-internal:///(app-pages-browser)/./lib/chat-transport.ts:103
[ 1711185ms] [LOG] [ChatTransport] Received WebSocket response: {"type":"delta","content":"温暖","error":null,"message_id":"b10da1cf-3bfe-4f7f-963a-873632181fe3","conversation_id":null,"itinerary":null} @ webpack-internal:///(app-pages-browser)/./lib/chat-transport.ts:103
[ 1711197ms] [LOG] [ChatTransport] Received WebSocket response: {"type":"delta","content":"日","error":null,"message_id":"b10da1cf-3bfe-4f7f-963a-873632181fe3","conversation_id":null,"itinerary":null} @ webpack-internal:///(app-pages-browser)/./lib/chat-transport.ts:103
[ 1711198ms] [LOG] [ChatTransport] Received WebSocket response: {"type":"delta","content":")","error":null,"message_id":"b10da1cf-3bfe-4f7f-963a-873632181fe3","conversation_id":null,"itinerary":null} @ webpack-internal:///(app-pages-browser)/./lib/chat-transport.ts:103
[ 1711198ms] [LOG] [ChatTransport] Received WebSocket response: {"type":"delta","content":"**\n","error":null,"message_id":"b10da1cf-3bfe-4f7f-963a-873632181fe3","conversation_id":null,"itinerary":null} @ webpack-internal:///(app-pages-browser)/./lib/chat-transport.ts:103
[ 1711240ms] [LOG] [ChatTransport] Received WebSocket response: {"type":"delta","content":"*","error":null,"message_id":"b10da1cf-3bfe-4f7f-963a-873632181fe3","conversation_id":null,"itinerary":null} @ webpack-internal:///(app-pages-browser)/./lib/chat-transport.ts:103
[ 1711250ms] [LOG] [ChatTransport] Received WebSocket response: {"type":"delta","content":"  ","error":null,"message_id":"b10da1cf-3bfe-4f7f-963a-873632181fe3","conversation_id":null,"itinerary":null} @ webpack-internal:///(app-pages-browser)/./lib/chat-transport.ts:103
[ 1711259ms] [LOG] [ChatTransport] Received WebSocket response: {"type":"delta","content":" **","error":null,"message_id":"b10da1cf-3bfe-4f7f-963a-873632181fe3","conversation_id":null,"itinerary":null} @ webpack-internal:///(app-pages-browser)/./lib/chat-transport.ts:103
[ 1711266ms] [LOG] [ChatTransport] Received WebSocket response: {"type":"delta","content":"上午","error":null,"message_id":"b10da1cf-3bfe-4f7f-963a-873632181fe3","conversation_id":null,"itinerary":null} @ webpack-internal:///(app-pages-browser)/./lib/chat-transport.ts:103
[ 1711267ms] [LOG] [ChatTransport] Received WebSocket response: {"type":"delta","content":"**","error":null,"message_id":"b10da1cf-3bfe-4f7f-963a-873632181fe3","conversation_id":null,"itinerary":null} @ webpack-internal:///(app-pages-browser)/./lib/chat-transport.ts:103
[ 1711267ms] [LOG] [ChatTransport] Received WebSocket response: {"type":"delta","content":"：","error":null,"message_id":"b10da1cf-3bfe-4f7f-963a-873632181fe3","conversation_id":null,"itinerary":null} @ webpack-internal:///(app-pages-browser)/./lib/chat-transport.ts:103
[ 1711293ms] [LOG] [ChatTransport] Received WebSocket response: {"type":"delta","content":"**","error":null,"message_id":"b10da1cf-3bfe-4f7f-963a-873632181fe3","conversation_id":null,"itinerary":null} @ webpack-internal:///(app-pages-browser)/./lib/chat-transport.ts:103
[ 1711310ms] [LOG] [ChatTransport] Received WebSocket response: {"type":"delta","content":"天","error":null,"message_id":"b10da1cf-3bfe-4f7f-963a-873632181fe3","conversation_id":null,"itinerary":null} @ webpack-internal:///(app-pages-browser)/./lib/chat-transport.ts:103
[ 1711422ms] [LOG] [ChatTransport] Received WebSocket response: {"type":"delta","content":"坛","error":null,"message_id":"b10da1cf-3bfe-4f7f-963a-873632181fe3","conversation_id":null,"itinerary":null} @ webpack-internal:///(app-pages-browser)/./lib/chat-transport.ts:103
[ 1711439ms] [LOG] [ChatTransport] Received WebSocket response: {"type":"delta","content":"公园","error":null,"message_id":"b10da1cf-3bfe-4f7f-963a-873632181fe3","conversation_id":null,"itinerary":null} @ webpack-internal:///(app-pages-browser)/./lib/chat-transport.ts:103
[ 1711441ms] [LOG] [ChatTransport] Received WebSocket response: {"type":"delta","content":"**","error":null,"message_id":"b10da1cf-3bfe-4f7f-963a-873632181fe3","conversation_id":null,"itinerary":null} @ webpack-internal:///(app-pages-browser)/./lib/chat-transport.ts:103
[ 1711458ms] [LOG] [ChatTransport] Received WebSocket response: {"type":"delta","content":"。","error":null,"message_id":"b10da1cf-3bfe-4f7f-963a-873632181fe3","conversation_id":null,"itinerary":null} @ webpack-internal:///(app-pages-browser)/./lib/chat-transport.ts:103
[ 1711471ms] [LOG] [ChatTransport] Received WebSocket response: {"type":"delta","content":"参观","error":null,"message_id":"b10da1cf-3bfe-4f7f-963a-873632181fe3","conversation_id":null,"itinerary":null} @ webpack-internal:///(app-pages-browser)/./lib/chat-transport.ts:103
[ 1711482ms] [LOG] [ChatTransport] Received WebSocket response: {"type":"delta","content":"祈","error":null,"message_id":"b10da1cf-3bfe-4f7f-963a-873632181fe3","conversation_id":null,"itinerary":null} @ webpack-internal:///(app-pages-browser)/./lib/chat-transport.ts:103
[ 1711524ms] [LOG] [ChatTransport] Received WebSocket response: {"type":"delta","content":"年","error":null,"message_id":"b10da1cf-3bfe-4f7f-963a-873632181fe3","conversation_id":null,"itinerary":null} @ webpack-internal:///(app-pages-browser)/./lib/chat-transport.ts:103
[ 1711531ms] [LOG] [ChatTransport] Received WebSocket response: {"type":"delta","content":"殿","error":null,"message_id":"b10da1cf-3bfe-4f7f-963a-873632181fe3","conversation_id":null,"itinerary":null} @ webpack-internal:///(app-pages-browser)/./lib/chat-transport.ts:103
[ 1711585ms] [LOG] [ChatTransport] Received WebSocket response: {"type":"delta","content":"、","error":null,"message_id":"b10da1cf-3bfe-4f7f-963a-873632181fe3","conversation_id":null,"itinerary":null} @ webpack-internal:///(app-pages-browser)/./lib/chat-transport.ts:103
[ 1711585ms] [LOG] [ChatTransport] Received WebSocket response: {"type":"delta","content":"回","error":null,"message_id":"b10da1cf-3bfe-4f7f-963a-873632181fe3","conversation_id":null,"itinerary":null} @ webpack-internal:///(app-pages-browser)/./lib/chat-transport.ts:103
[ 1711649ms] [LOG] [ChatTransport] Received WebSocket response: {"type":"delta","content":"音","error":null,"message_id":"b10da1cf-3bfe-4f7f-963a-873632181fe3","conversation_id":null,"itinerary":null} @ webpack-internal:///(app-pages-browser)/./lib/chat-transport.ts:103
[ 1711662ms] [LOG] [ChatTransport] Received WebSocket response: {"type":"delta","content":"壁","error":null,"message_id":"b10da1cf-3bfe-4f7f-963a-873632181fe3","conversation_id":null,"itinerary":null} @ webpack-internal:///(app-pages-browser)/./lib/chat-transport.ts:103
[ 1711705ms] [LOG] [ChatTransport] Received WebSocket response: {"type":"delta","content":"等","error":null,"message_id":"b10da1cf-3bfe-4f7f-963a-873632181fe3","conversation_id":null,"itinerary":null} @ webpack-internal:///(app-pages-browser)/./lib/chat-transport.ts:103
[ 1711718ms] [LOG] [ChatTransport] Received WebSocket response: {"type":"delta","content":"标志","error":null,"message_id":"b10da1cf-3bfe-4f7f-963a-873632181fe3","conversation_id":null,"itinerary":null} @ webpack-internal:///(app-pages-browser)/./lib/chat-transport.ts:103
[ 1711768ms] [LOG] [ChatTransport] Received WebSocket response: {"type":"delta","content":"性","error":null,"message_id":"b10da1cf-3bfe-4f7f-963a-873632181fe3","conversation_id":null,"itinerary":null} @ webpack-internal:///(app-pages-browser)/./lib/chat-transport.ts:103
[ 1711783ms] [LOG] [ChatTransport] Received WebSocket response: {"type":"delta","content":"建筑","error":null,"message_id":"b10da1cf-3bfe-4f7f-963a-873632181fe3","conversation_id":null,"itinerary":null} @ webpack-internal:///(app-pages-browser)/./lib/chat-transport.ts:103
[ 1711821ms] [LOG] [ChatTransport] Received WebSocket response: {"type":"delta","content":"，","error":null,"message_id":"b10da1cf-3bfe-4f7f-963a-873632181fe3","conversation_id":null,"itinerary":null} @ webpack-internal:///(app-pages-browser)/./lib/chat-transport.ts:103
[ 1711833ms] [LOG] [ChatTransport] Received WebSocket response: {"type":"delta","content":"感受","error":null,"message_id":"b10da1cf-3bfe-4f7f-963a-873632181fe3","conversation_id":null,"itinerary":null} @ webpack-internal:///(app-pages-browser)/./lib/chat-transport.ts:103
[ 1711877ms] [LOG] [ChatTransport] Received WebSocket response: {"type":"delta","content":"古代","error":null,"message_id":"b10da1cf-3bfe-4f7f-963a-873632181fe3","conversation_id":null,"itinerary":null} @ webpack-internal:///(app-pages-browser)/./lib/chat-transport.ts:103
[ 1711884ms] [LOG] [ChatTransport] Received WebSocket response: {"type":"delta","content":"祭","error":null,"message_id":"b10da1cf-3bfe-4f7f-963a-873632181fe3","conversation_id":null,"itinerary":null} @ webpack-internal:///(app-pages-browser)/./lib/chat-transport.ts:103
[ 1711941ms] [LOG] [ChatTransport] Received WebSocket response: {"type":"delta","content":"天","error":null,"message_id":"b10da1cf-3bfe-4f7f-963a-873632181fe3","conversation_id":null,"itinerary":null} @ webpack-internal:///(app-pages-browser)/./lib/chat-transport.ts:103
[ 1711949ms] [LOG] [ChatTransport] Received WebSocket response: {"type":"delta","content":"文化","error":null,"message_id":"b10da1cf-3bfe-4f7f-963a-873632181fe3","conversation_id":null,"itinerary":null} @ webpack-internal:///(app-pages-browser)/./lib/chat-transport.ts:103
[ 1712006ms] [LOG] [ChatTransport] Received WebSocket response: {"type":"delta","content":"。\n","error":null,"message_id":"b10da1cf-3bfe-4f7f-963a-873632181fe3","conversation_id":null,"itinerary":null} @ webpack-internal:///(app-pages-browser)/./lib/chat-transport.ts:103
[ 1712017ms] [LOG] [ChatTransport] Received WebSocket response: {"type":"delta","content":"*","error":null,"message_id":"b10da1cf-3bfe-4f7f-963a-873632181fe3","conversation_id":null,"itinerary":null} @ webpack-internal:///(app-pages-browser)/./lib/chat-transport.ts:103
[ 1712061ms] [LOG] [ChatTransport] Received WebSocket response: {"type":"delta","content":"  ","error":null,"message_id":"b10da1cf-3bfe-4f7f-963a-873632181fe3","conversation_id":null,"itinerary":null} @ webpack-internal:///(app-pages-browser)/./lib/chat-transport.ts:103
[ 1712074ms] [LOG] [ChatTransport] Received WebSocket response: {"type":"delta","content":" **","error":null,"message_id":"b10da1cf-3bfe-4f7f-963a-873632181fe3","conversation_id":null,"itinerary":null} @ webpack-internal:///(app-pages-browser)/./lib/chat-transport.ts:103
[ 1712117ms] [LOG] [ChatTransport] Received WebSocket response: {"type":"delta","content":"下午","error":null,"message_id":"b10da1cf-3bfe-4f7f-963a-873632181fe3","conversation_id":null,"itinerary":null} @ webpack-internal:///(app-pages-browser)/./lib/chat-transport.ts:103
[ 1712118ms] [LOG] [ChatTransport] Received WebSocket response: {"type":"delta","content":"**","error":null,"message_id":"b10da1cf-3bfe-4f7f-963a-873632181fe3","conversation_id":null,"itinerary":null} @ webpack-internal:///(app-pages-browser)/./lib/chat-transport.ts:103
[ 1712184ms] [LOG] [ChatTransport] Received WebSocket response: {"type":"delta","content":"：","error":null,"message_id":"b10da1cf-3bfe-4f7f-963a-873632181fe3","conversation_id":null,"itinerary":null} @ webpack-internal:///(app-pages-browser)/./lib/chat-transport.ts:103
[ 1712194ms] [LOG] [ChatTransport] Received WebSocket response: {"type":"delta","content":"**","error":null,"message_id":"b10da1cf-3bfe-4f7f-963a-873632181fe3","conversation_id":null,"itinerary":null} @ webpack-internal:///(app-pages-browser)/./lib/chat-transport.ts:103
[ 1712465ms] [LOG] [ChatTransport] Received WebSocket response: {"type":"delta","content":"前","error":null,"message_id":"b10da1cf-3bfe-4f7f-963a-873632181fe3","conversation_id":null,"itinerary":null} @ webpack-internal:///(app-pages-browser)/./lib/chat-transport.ts:103
[ 1712478ms] [LOG] [ChatTransport] Received WebSocket response: {"type":"delta","content":"门","error":null,"message_id":"b10da1cf-3bfe-4f7f-963a-873632181fe3","conversation_id":null,"itinerary":null} @ webpack-internal:///(app-pages-browser)/./lib/chat-transport.ts:103
[ 1712478ms] [LOG] [ChatTransport] Received WebSocket response: {"type":"delta","content":"大街","error":null,"message_id":"b10da1cf-3bfe-4f7f-963a-873632181fe3","conversation_id":null,"itinerary":null} @ webpack-internal:///(app-pages-browser)/./lib/chat-transport.ts:103
[ 1712496ms] [LOG] [ChatTransport] Received WebSocket response: {"type":"delta","content":"**","error":null,"message_id":"b10da1cf-3bfe-4f7f-963a-873632181fe3","conversation_id":null,"itinerary":null} @ webpack-internal:///(app-pages-browser)/./lib/chat-transport.ts:103
[ 1712497ms] [LOG] [ChatTransport] Received WebSocket response: {"type":"delta","content":" &","error":null,"message_id":"b10da1cf-3bfe-4f7f-963a-873632181fe3","conversation_id":null,"itinerary":null} @ webpack-internal:///(app-pages-browser)/./lib/chat-transport.ts:103
[ 1712497ms] [LOG] [ChatTransport] Received WebSocket response: {"type":"delta","content":" **","error":null,"message_id":"b10da1cf-3bfe-4f7f-963a-873632181fe3","conversation_id":null,"itinerary":null} @ webpack-internal:///(app-pages-browser)/./lib/chat-transport.ts:103
[ 1712497ms] [LOG] [ChatTransport] Received WebSocket response: {"type":"delta","content":"大","error":null,"message_id":"b10da1cf-3bfe-4f7f-963a-873632181fe3","conversation_id":null,"itinerary":null} @ webpack-internal:///(app-pages-browser)/./lib/chat-transport.ts:103
[ 1712526ms] [LOG] [ChatTransport] Received WebSocket response: {"type":"delta","content":"栅","error":null,"message_id":"b10da1cf-3bfe-4f7f-963a-873632181fe3","conversation_id":null,"itinerary":null} @ webpack-internal:///(app-pages-browser)/./lib/chat-transport.ts:103
[ 1712527ms] [LOG] [ChatTransport] Received WebSocket response: {"type":"delta","content":"栏","error":null,"message_id":"b10da1cf-3bfe-4f7f-963a-873632181fe3","conversation_id":null,"itinerary":null} @ webpack-internal:///(app-pages-browser)/./lib/chat-transport.ts:103
[ 1712634ms] [LOG] [ChatTransport] Received WebSocket response: {"type":"delta","content":"**","error":null,"message_id":"b10da1cf-3bfe-4f7f-963a-873632181fe3","conversation_id":null,"itinerary":null} @ webpack-internal:///(app-pages-browser)/./lib/chat-transport.ts:103
[ 1712649ms] [LOG] [ChatTransport] Received WebSocket response: {"type":"delta","content":"。","error":null,"message_id":"b10da1cf-3bfe-4f7f-963a-873632181fe3","conversation_id":null,"itinerary":null} @ webpack-internal:///(app-pages-browser)/./lib/chat-transport.ts:103
[ 1712668ms] [LOG] [ChatTransport] Received WebSocket response: {"type":"delta","content":"体验","error":null,"message_id":"b10da1cf-3bfe-4f7f-963a-873632181fe3","conversation_id":null,"itinerary":null} @ webpack-internal:///(app-pages-browser)/./lib/chat-transport.ts:103
[ 1712669ms] [LOG] [ChatTransport] Received WebSocket response: {"type":"delta","content":"老","error":null,"message_id":"b10da1cf-3bfe-4f7f-963a-873632181fe3","conversation_id":null,"itinerary":null} @ webpack-internal:///(app-pages-browser)/./lib/chat-transport.ts:103
[ 1712715ms] [LOG] [ChatTransport] Received WebSocket response: {"type":"delta","content":"北京","error":null,"message_id":"b10da1cf-3bfe-4f7f-963a-873632181fe3","conversation_id":null,"itinerary":null} @ webpack-internal:///(app-pages-browser)/./lib/chat-transport.ts:103
[ 1712716ms] [LOG] [ChatTransport] Received WebSocket response: {"type":"delta","content":"商业","error":null,"message_id":"b10da1cf-3bfe-4f7f-963a-873632181fe3","conversation_id":null,"itinerary":null} @ webpack-internal:///(app-pages-browser)/./lib/chat-transport.ts:103
[ 1712767ms] [LOG] [ChatTransport] Received WebSocket response: {"type":"delta","content":"街","error":null,"message_id":"b10da1cf-3bfe-4f7f-963a-873632181fe3","conversation_id":null,"itinerary":null} @ webpack-internal:///(app-pages-browser)/./lib/chat-transport.ts:103
[ 1712775ms] [LOG] [ChatTransport] Received WebSocket response: {"type":"delta","content":"的风","error":null,"message_id":"b10da1cf-3bfe-4f7f-963a-873632181fe3","conversation_id":null,"itinerary":null} @ webpack-internal:///(app-pages-browser)/./lib/chat-transport.ts:103
[ 1712841ms] [LOG] [ChatTransport] Received WebSocket response: {"type":"delta","content":"貌","error":null,"message_id":"b10da1cf-3bfe-4f7f-963a-873632181fe3","conversation_id":null,"itinerary":null} @ webpack-internal:///(app-pages-browser)/./lib/chat-transport.ts:103
[ 1712854ms] [LOG] [ChatTransport] Received WebSocket response: {"type":"delta","content":"，","error":null,"message_id":"b10da1cf-3bfe-4f7f-963a-873632181fe3","conversation_id":null,"itinerary":null} @ webpack-internal:///(app-pages-browser)/./lib/chat-transport.ts:103
[ 1712888ms] [LOG] [ChatTransport] Received WebSocket response: {"type":"delta","content":"品尝","error":null,"message_id":"b10da1cf-3bfe-4f7f-963a-873632181fe3","conversation_id":null,"itinerary":null} @ webpack-internal:///(app-pages-browser)/./lib/chat-transport.ts:103
[ 1712903ms] [LOG] [ChatTransport] Received WebSocket response: {"type":"delta","content":"传统","error":null,"message_id":"b10da1cf-3bfe-4f7f-963a-873632181fe3","conversation_id":null,"itinerary":null} @ webpack-internal:///(app-pages-browser)/./lib/chat-transport.ts:103
[ 1712965ms] [LOG] [ChatTransport] Received WebSocket response: {"type":"delta","content":"小吃","error":null,"message_id":"b10da1cf-3bfe-4f7f-963a-873632181fe3","conversation_id":null,"itinerary":null} @ webpack-internal:///(app-pages-browser)/./lib/chat-transport.ts:103
[ 1712966ms] [LOG] [ChatTransport] Received WebSocket response: {"type":"delta","content":"（","error":null,"message_id":"b10da1cf-3bfe-4f7f-963a-873632181fe3","conversation_id":null,"itinerary":null} @ webpack-internal:///(app-pages-browser)/./lib/chat-transport.ts:103
[ 1713006ms] [LOG] [ChatTransport] Received WebSocket response: {"type":"delta","content":"如","error":null,"message_id":"b10da1cf-3bfe-4f7f-963a-873632181fe3","conversation_id":null,"itinerary":null} @ webpack-internal:///(app-pages-browser)/./lib/chat-transport.ts:103
[ 1713020ms] [LOG] [ChatTransport] Received WebSocket response: {"type":"delta","content":"全","error":null,"message_id":"b10da1cf-3bfe-4f7f-963a-873632181fe3","conversation_id":null,"itinerary":null} @ webpack-internal:///(app-pages-browser)/./lib/chat-transport.ts:103
[ 1713065ms] [LOG] [ChatTransport] Received WebSocket response: {"type":"delta","content":"聚","error":null,"message_id":"b10da1cf-3bfe-4f7f-963a-873632181fe3","conversation_id":null,"itinerary":null} @ webpack-internal:///(app-pages-browser)/./lib/chat-transport.ts:103
[ 1713080ms] [LOG] [ChatTransport] Received WebSocket response: {"type":"delta","content":"德","error":null,"message_id":"b10da1cf-3bfe-4f7f-963a-873632181fe3","conversation_id":null,"itinerary":null} @ webpack-internal:///(app-pages-browser)/./lib/chat-transport.ts:103
[ 1713132ms] [LOG] [ChatTransport] Received WebSocket response: {"type":"delta","content":"烤","error":null,"message_id":"b10da1cf-3bfe-4f7f-963a-873632181fe3","conversation_id":null,"itinerary":null} @ webpack-internal:///(app-pages-browser)/./lib/chat-transport.ts:103
[ 1713142ms] [LOG] [ChatTransport] Received WebSocket response: {"type":"delta","content":"鸭","error":null,"message_id":"b10da1cf-3bfe-4f7f-963a-873632181fe3","conversation_id":null,"itinerary":null} @ webpack-internal:///(app-pages-browser)/./lib/chat-transport.ts:103
[ 1713191ms] [LOG] [ChatTransport] Received WebSocket response: {"type":"delta","content":"、","error":null,"message_id":"b10da1cf-3bfe-4f7f-963a-873632181fe3","conversation_id":null,"itinerary":null} @ webpack-internal:///(app-pages-browser)/./lib/chat-transport.ts:103
[ 1713202ms] [LOG] [ChatTransport] Received WebSocket response: {"type":"delta","content":"都","error":null,"message_id":"b10da1cf-3bfe-4f7f-963a-873632181fe3","conversation_id":null,"itinerary":null} @ webpack-internal:///(app-pages-browser)/./lib/chat-transport.ts:103
[ 1713253ms] [LOG] [ChatTransport] Received WebSocket response: {"type":"delta","content":"一处","error":null,"message_id":"b10da1cf-3bfe-4f7f-963a-873632181fe3","conversation_id":null,"itinerary":null} @ webpack-internal:///(app-pages-browser)/./lib/chat-transport.ts:103
[ 1713253ms] [LOG] [ChatTransport] Received WebSocket response: {"type":"delta","content":"烧","error":null,"message_id":"b10da1cf-3bfe-4f7f-963a-873632181fe3","conversation_id":null,"itinerary":null} @ webpack-internal:///(app-pages-browser)/./lib/chat-transport.ts:103
[ 1713316ms] [LOG] [ChatTransport] Received WebSocket response: {"type":"delta","content":"麦","error":null,"message_id":"b10da1cf-3bfe-4f7f-963a-873632181fe3","conversation_id":null,"itinerary":null} @ webpack-internal:///(app-pages-browser)/./lib/chat-transport.ts:103
[ 1713334ms] [LOG] [ChatTransport] Received WebSocket response: {"type":"delta","content":"等","error":null,"message_id":"b10da1cf-3bfe-4f7f-963a-873632181fe3","conversation_id":null,"itinerary":null} @ webpack-internal:///(app-pages-browser)/./lib/chat-transport.ts:103
[ 1713384ms] [LOG] [ChatTransport] Received WebSocket response: {"type":"delta","content":"）。","error":null,"message_id":"b10da1cf-3bfe-4f7f-963a-873632181fe3","conversation_id":null,"itinerary":null} @ webpack-internal:///(app-pages-browser)/./lib/chat-transport.ts:103
[ 1713435ms] [LOG] [ChatTransport] Received WebSocket response: {"type":"delta","content":"之后","error":null,"message_id":"b10da1cf-3bfe-4f7f-963a-873632181fe3","conversation_id":null,"itinerary":null} @ webpack-internal:///(app-pages-browser)/./lib/chat-transport.ts:103
[ 1713444ms] [LOG] [ChatTransport] Received WebSocket response: {"type":"delta","content":"可","error":null,"message_id":"b10da1cf-3bfe-4f7f-963a-873632181fe3","conversation_id":null,"itinerary":null} @ webpack-internal:///(app-pages-browser)/./lib/chat-transport.ts:103
[ 1713592ms] [LOG] [ChatTransport] Received WebSocket response: {"type":"delta","content":"步行","error":null,"message_id":"b10da1cf-3bfe-4f7f-963a-873632181fe3","conversation_id":null,"itinerary":null} @ webpack-internal:///(app-pages-browser)/./lib/chat-transport.ts:103
[ 1713603ms] [LOG] [ChatTransport] Received WebSocket response: {"type":"delta","content":"至","error":null,"message_id":"b10da1cf-3bfe-4f7f-963a-873632181fe3","conversation_id":null,"itinerary":null} @ webpack-internal:///(app-pages-browser)/./lib/chat-transport.ts:103
[ 1713603ms] [LOG] [ChatTransport] Received WebSocket response: {"type":"delta","content":"**","error":null,"message_id":"b10da1cf-3bfe-4f7f-963a-873632181fe3","conversation_id":null,"itinerary":null} @ webpack-internal:///(app-pages-browser)/./lib/chat-transport.ts:103
[ 1713619ms] [LOG] [ChatTransport] Received WebSocket response: {"type":"delta","content":"什","error":null,"message_id":"b10da1cf-3bfe-4f7f-963a-873632181fe3","conversation_id":null,"itinerary":null} @ webpack-internal:///(app-pages-browser)/./lib/chat-transport.ts:103
[ 1713672ms] [LOG] [ChatTransport] Received WebSocket response: {"type":"delta","content":"刹","error":null,"message_id":"b10da1cf-3bfe-4f7f-963a-873632181fe3","conversation_id":null,"itinerary":null} @ webpack-internal:///(app-pages-browser)/./lib/chat-transport.ts:103
[ 1713686ms] [LOG] [ChatTransport] Received WebSocket response: {"type":"delta","content":"海","error":null,"message_id":"b10da1cf-3bfe-4f7f-963a-873632181fe3","conversation_id":null,"itinerary":null} @ webpack-internal:///(app-pages-browser)/./lib/chat-transport.ts:103
[ 1713911ms] [LOG] [ChatTransport] Received WebSocket response: {"type":"delta","content":"**","error":null,"message_id":"b10da1cf-3bfe-4f7f-963a-873632181fe3","conversation_id":null,"itinerary":null} @ webpack-internal:///(app-pages-browser)/./lib/chat-transport.ts:103
[ 1713911ms] [LOG] [ChatTransport] Received WebSocket response: {"type":"delta","content":"地区","error":null,"message_id":"b10da1cf-3bfe-4f7f-963a-873632181fe3","conversation_id":null,"itinerary":null} @ webpack-internal:///(app-pages-browser)/./lib/chat-transport.ts:103
[ 1713922ms] [LOG] [ChatTransport] Received WebSocket response: {"type":"delta","content":"，","error":null,"message_id":"b10da1cf-3bfe-4f7f-963a-873632181fe3","conversation_id":null,"itinerary":null} @ webpack-internal:///(app-pages-browser)/./lib/chat-transport.ts:103
[ 1713923ms] [LOG] [ChatTransport] Received WebSocket response: {"type":"delta","content":"逛","error":null,"message_id":"b10da1cf-3bfe-4f7f-963a-873632181fe3","conversation_id":null,"itinerary":null} @ webpack-internal:///(app-pages-browser)/./lib/chat-transport.ts:103
[ 1713923ms] [LOG] [ChatTransport] Received WebSocket response: {"type":"delta","content":"胡同","error":null,"message_id":"b10da1cf-3bfe-4f7f-963a-873632181fe3","conversation_id":null,"itinerary":null} @ webpack-internal:///(app-pages-browser)/./lib/chat-transport.ts:103
[ 1713933ms] [LOG] [ChatTransport] Received WebSocket response: {"type":"delta","content":"、","error":null,"message_id":"b10da1cf-3bfe-4f7f-963a-873632181fe3","conversation_id":null,"itinerary":null} @ webpack-internal:///(app-pages-browser)/./lib/chat-transport.ts:103
[ 1713934ms] [LOG] [ChatTransport] Received WebSocket response: {"type":"delta","content":"坐","error":null,"message_id":"b10da1cf-3bfe-4f7f-963a-873632181fe3","conversation_id":null,"itinerary":null} @ webpack-internal:///(app-pages-browser)/./lib/chat-transport.ts:103
[ 1713970ms] [LOG] [ChatTransport] Received WebSocket response: {"type":"delta","content":"三轮","error":null,"message_id":"b10da1cf-3bfe-4f7f-963a-873632181fe3","conversation_id":null,"itinerary":null} @ webpack-internal:///(app-pages-browser)/./lib/chat-transport.ts:103
[ 1713971ms] [LOG] [ChatTransport] Received WebSocket response: {"type":"delta","content":"车","error":null,"message_id":"b10da1cf-3bfe-4f7f-963a-873632181fe3","conversation_id":null,"itinerary":null} @ webpack-internal:///(app-pages-browser)/./lib/chat-transport.ts:103
[ 1714027ms] [LOG] [ChatTransport] Received WebSocket response: {"type":"delta","content":"。\n","error":null,"message_id":"b10da1cf-3bfe-4f7f-963a-873632181fe3","conversation_id":null,"itinerary":null} @ webpack-internal:///(app-pages-browser)/./lib/chat-transport.ts:103
[ 1714032ms] [LOG] [ChatTransport] Received WebSocket response: {"type":"delta","content":"*","error":null,"message_id":"b10da1cf-3bfe-4f7f-963a-873632181fe3","conversation_id":null,"itinerary":null} @ webpack-internal:///(app-pages-browser)/./lib/chat-transport.ts:103
[ 1714086ms] [LOG] [ChatTransport] Received WebSocket response: {"type":"delta","content":"  ","error":null,"message_id":"b10da1cf-3bfe-4f7f-963a-873632181fe3","conversation_id":null,"itinerary":null} @ webpack-internal:///(app-pages-browser)/./lib/chat-transport.ts:103
[ 1714086ms] [LOG] [ChatTransport] Received WebSocket response: {"type":"delta","content":" **","error":null,"message_id":"b10da1cf-3bfe-4f7f-963a-873632181fe3","conversation_id":null,"itinerary":null} @ webpack-internal:///(app-pages-browser)/./lib/chat-transport.ts:103
[ 1714191ms] [LOG] [ChatTransport] Received WebSocket response: {"type":"delta","content":"晚上","error":null,"message_id":"b10da1cf-3bfe-4f7f-963a-873632181fe3","conversation_id":null,"itinerary":null} @ webpack-internal:///(app-pages-browser)/./lib/chat-transport.ts:103
[ 1714207ms] [LOG] [ChatTransport] Received WebSocket response: {"type":"delta","content":"**","error":null,"message_id":"b10da1cf-3bfe-4f7f-963a-873632181fe3","conversation_id":null,"itinerary":null} @ webpack-internal:///(app-pages-browser)/./lib/chat-transport.ts:103
[ 1714229ms] [LOG] [ChatTransport] Received WebSocket response: {"type":"delta","content":"：","error":null,"message_id":"b10da1cf-3bfe-4f7f-963a-873632181fe3","conversation_id":null,"itinerary":null} @ webpack-internal:///(app-pages-browser)/./lib/chat-transport.ts:103
[ 1714245ms] [LOG] [ChatTransport] Received WebSocket response: {"type":"delta","content":"在","error":null,"message_id":"b10da1cf-3bfe-4f7f-963a-873632181fe3","conversation_id":null,"itinerary":null} @ webpack-internal:///(app-pages-browser)/./lib/chat-transport.ts:103
[ 1714276ms] [LOG] [ChatTransport] Received WebSocket response: {"type":"delta","content":"**","error":null,"message_id":"b10da1cf-3bfe-4f7f-963a-873632181fe3","conversation_id":null,"itinerary":null} @ webpack-internal:///(app-pages-browser)/./lib/chat-transport.ts:103
[ 1714276ms] [LOG] [ChatTransport] Received WebSocket response: {"type":"delta","content":"什","error":null,"message_id":"b10da1cf-3bfe-4f7f-963a-873632181fe3","conversation_id":null,"itinerary":null} @ webpack-internal:///(app-pages-browser)/./lib/chat-transport.ts:103
[ 1714425ms] [LOG] [ChatTransport] Received WebSocket response: {"type":"delta","content":"刹","error":null,"message_id":"b10da1cf-3bfe-4f7f-963a-873632181fe3","conversation_id":null,"itinerary":null} @ webpack-internal:///(app-pages-browser)/./lib/chat-transport.ts:103
[ 1714426ms] [LOG] [ChatTransport] Received WebSocket response: {"type":"delta","content":"海","error":null,"message_id":"b10da1cf-3bfe-4f7f-963a-873632181fe3","conversation_id":null,"itinerary":null} @ webpack-internal:///(app-pages-browser)/./lib/chat-transport.ts:103
[ 1714442ms] [LOG] [ChatTransport] Received WebSocket response: {"type":"delta","content":"**","error":null,"message_id":"b10da1cf-3bfe-4f7f-963a-873632181fe3","conversation_id":null,"itinerary":null} @ webpack-internal:///(app-pages-browser)/./lib/chat-transport.ts:103
[ 1714443ms] [LOG] [ChatTransport] Received WebSocket response: {"type":"delta","content":"或","error":null,"message_id":"b10da1cf-3bfe-4f7f-963a-873632181fe3","conversation_id":null,"itinerary":null} @ webpack-internal:///(app-pages-browser)/./lib/chat-transport.ts:103
[ 1714464ms] [LOG] [ChatTransport] Received WebSocket response: {"type":"delta","content":"**","error":null,"message_id":"b10da1cf-3bfe-4f7f-963a-873632181fe3","conversation_id":null,"itinerary":null} @ webpack-internal:///(app-pages-browser)/./lib/chat-transport.ts:103
[ 1714478ms] [LOG] [ChatTransport] Received WebSocket response: {"type":"delta","content":"南","error":null,"message_id":"b10da1cf-3bfe-4f7f-963a-873632181fe3","conversation_id":null,"itinerary":null} @ webpack-internal:///(app-pages-browser)/./lib/chat-transport.ts:103
[ 1714504ms] [LOG] [ChatTransport] Received WebSocket response: {"type":"delta","content":"锣","error":null,"message_id":"b10da1cf-3bfe-4f7f-963a-873632181fe3","conversation_id":null,"itinerary":null} @ webpack-internal:///(app-pages-browser)/./lib/chat-transport.ts:103
[ 1714505ms] [LOG] [ChatTransport] Received WebSocket response: {"type":"delta","content":"鼓","error":null,"message_id":"b10da1cf-3bfe-4f7f-963a-873632181fe3","conversation_id":null,"itinerary":null} @ webpack-internal:///(app-pages-browser)/./lib/chat-transport.ts:103
[ 1714567ms] [LOG] [ChatTransport] Received WebSocket response: {"type":"delta","content":"巷","error":null,"message_id":"b10da1cf-3bfe-4f7f-963a-873632181fe3","conversation_id":null,"itinerary":null} @ webpack-internal:///(app-pages-browser)/./lib/chat-transport.ts:103
[ 1714588ms] [LOG] [ChatTransport] Received WebSocket response: {"type":"delta","content":"**","error":null,"message_id":"b10da1cf-3bfe-4f7f-963a-873632181fe3","conversation_id":null,"itinerary":null} @ webpack-internal:///(app-pages-browser)/./lib/chat-transport.ts:103
[ 1714627ms] [LOG] [ChatTransport] Received WebSocket response: {"type":"delta","content":"附近","error":null,"message_id":"b10da1cf-3bfe-4f7f-963a-873632181fe3","conversation_id":null,"itinerary":null} @ webpack-internal:///(app-pages-browser)/./lib/chat-transport.ts:103
[ 1714639ms] [LOG] [ChatTransport] Received WebSocket response: {"type":"delta","content":"享用","error":null,"message_id":"b10da1cf-3bfe-4f7f-963a-873632181fe3","conversation_id":null,"itinerary":null} @ webpack-internal:///(app-pages-browser)/./lib/chat-transport.ts:103
[ 1714686ms] [LOG] [ChatTransport] Received WebSocket response: {"type":"delta","content":"晚餐","error":null,"message_id":"b10da1cf-3bfe-4f7f-963a-873632181fe3","conversation_id":null,"itinerary":null} @ webpack-internal:///(app-pages-browser)/./lib/chat-transport.ts:103
[ 1714702ms] [LOG] [ChatTransport] Received WebSocket response: {"type":"delta","content":"，","error":null,"message_id":"b10da1cf-3bfe-4f7f-963a-873632181fe3","conversation_id":null,"itinerary":null} @ webpack-internal:///(app-pages-browser)/./lib/chat-transport.ts:103
[ 1714852ms] [LOG] [ChatTransport] Received WebSocket response: {"type":"delta","content":"结束","error":null,"message_id":"b10da1cf-3bfe-4f7f-963a-873632181fe3","conversation_id":null,"itinerary":null} @ webpack-internal:///(app-pages-browser)/./lib/chat-transport.ts:103
[ 1714870ms] [LOG] [ChatTransport] Received WebSocket response: {"type":"delta","content":"愉快的","error":null,"message_id":"b10da1cf-3bfe-4f7f-963a-873632181fe3","conversation_id":null,"itinerary":null} @ webpack-internal:///(app-pages-browser)/./lib/chat-transport.ts:103
[ 1714871ms] [LOG] [ChatTransport] Received WebSocket response: {"type":"delta","content":"行程","error":null,"message_id":"b10da1cf-3bfe-4f7f-963a-873632181fe3","conversation_id":null,"itinerary":null} @ webpack-internal:///(app-pages-browser)/./lib/chat-transport.ts:103
[ 1714886ms] [LOG] [ChatTransport] Received WebSocket response: {"type":"delta","content":"。\n\n","error":null,"message_id":"b10da1cf-3bfe-4f7f-963a-873632181fe3","conversation_id":null,"itinerary":null} @ webpack-internal:///(app-pages-browser)/./lib/chat-transport.ts:103
[ 1714900ms] [LOG] [ChatTransport] Received WebSocket response: {"type":"delta","content":"---\n\n","error":null,"message_id":"b10da1cf-3bfe-4f7f-963a-873632181fe3","conversation_id":null,"itinerary":null} @ webpack-internal:///(app-pages-browser)/./lib/chat-transport.ts:103
[ 1714936ms] [LOG] [ChatTransport] Received WebSocket response: {"type":"delta","content":"###","error":null,"message_id":"b10da1cf-3bfe-4f7f-963a-873632181fe3","conversation_id":null,"itinerary":null} @ webpack-internal:///(app-pages-browser)/./lib/chat-transport.ts:103
[ 1714936ms] [LOG] [ChatTransport] Received WebSocket response: {"type":"delta","content":" **","error":null,"message_id":"b10da1cf-3bfe-4f7f-963a-873632181fe3","conversation_id":null,"itinerary":null} @ webpack-internal:///(app-pages-browser)/./lib/chat-transport.ts:103
[ 1714989ms] [LOG] [ChatTransport] Received WebSocket response: {"type":"delta","content":"温馨提示","error":null,"message_id":"b10da1cf-3bfe-4f7f-963a-873632181fe3","conversation_id":null,"itinerary":null} @ webpack-internal:///(app-pages-browser)/./lib/chat-transport.ts:103
[ 1714989ms] [LOG] [ChatTransport] Received WebSocket response: {"type":"delta","content":"**\n","error":null,"message_id":"b10da1cf-3bfe-4f7f-963a-873632181fe3","conversation_id":null,"itinerary":null} @ webpack-internal:///(app-pages-browser)/./lib/chat-transport.ts:103
[ 1715045ms] [LOG] [ChatTransport] Received WebSocket response: {"type":"delta","content":"1","error":null,"message_id":"b10da1cf-3bfe-4f7f-963a-873632181fe3","conversation_id":null,"itinerary":null} @ webpack-internal:///(app-pages-browser)/./lib/chat-transport.ts:103
[ 1715045ms] [LOG] [ChatTransport] Received WebSocket response: {"type":"delta","content":".","error":null,"message_id":"b10da1cf-3bfe-4f7f-963a-873632181fe3","conversation_id":null,"itinerary":null} @ webpack-internal:///(app-pages-browser)/./lib/chat-transport.ts:103
[ 1715118ms] [LOG] [ChatTransport] Received WebSocket response: {"type":"delta","content":" ","error":null,"message_id":"b10da1cf-3bfe-4f7f-963a-873632181fe3","conversation_id":null,"itinerary":null} @ webpack-internal:///(app-pages-browser)/./lib/chat-transport.ts:103
[ 1715127ms] [LOG] [ChatTransport] Received WebSocket response: {"type":"delta","content":" **","error":null,"message_id":"b10da1cf-3bfe-4f7f-963a-873632181fe3","conversation_id":null,"itinerary":null} @ webpack-internal:///(app-pages-browser)/./lib/chat-transport.ts:103
[ 1715231ms] [LOG] [ChatTransport] Received WebSocket response: {"type":"delta","content":"门票","error":null,"message_id":"b10da1cf-3bfe-4f7f-963a-873632181fe3","conversation_id":null,"itinerary":null} @ webpack-internal:///(app-pages-browser)/./lib/chat-transport.ts:103
[ 1715243ms] [LOG] [ChatTransport] Received WebSocket response: {"type":"delta","content":"预约","error":null,"message_id":"b10da1cf-3bfe-4f7f-963a-873632181fe3","conversation_id":null,"itinerary":null} @ webpack-internal:///(app-pages-browser)/./lib/chat-transport.ts:103
[ 1715244ms] [LOG] [ChatTransport] Received WebSocket response: {"type":"delta","content":"**","error":null,"message_id":"b10da1cf-3bfe-4f7f-963a-873632181fe3","conversation_id":null,"itinerary":null} @ webpack-internal:///(app-pages-browser)/./lib/chat-transport.ts:103
[ 1715244ms] [LOG] [ChatTransport] Received WebSocket response: {"type":"delta","content":"：","error":null,"message_id":"b10da1cf-3bfe-4f7f-963a-873632181fe3","conversation_id":null,"itinerary":null} @ webpack-internal:///(app-pages-browser)/./lib/chat-transport.ts:103
[ 1715283ms] [LOG] [ChatTransport] Received WebSocket response: {"type":"delta","content":"故宫","error":null,"message_id":"b10da1cf-3bfe-4f7f-963a-873632181fe3","conversation_id":null,"itinerary":null} @ webpack-internal:///(app-pages-browser)/./lib/chat-transport.ts:103
[ 1715354ms] [LOG] [ChatTransport] Received WebSocket response: {"type":"delta","content":"、","error":null,"message_id":"b10da1cf-3bfe-4f7f-963a-873632181fe3","conversation_id":null,"itinerary":null} @ webpack-internal:///(app-pages-browser)/./lib/chat-transport.ts:103
[ 1715369ms] [LOG] [ChatTransport] Received WebSocket response: {"type":"delta","content":"国家","error":null,"message_id":"b10da1cf-3bfe-4f7f-963a-873632181fe3","conversation_id":null,"itinerary":null} @ webpack-internal:///(app-pages-browser)/./lib/chat-transport.ts:103
[ 1715409ms] [LOG] [ChatTransport] Received WebSocket response: {"type":"delta","content":"博物馆","error":null,"message_id":"b10da1cf-3bfe-4f7f-963a-873632181fe3","conversation_id":null,"itinerary":null} @ webpack-internal:///(app-pages-browser)/./lib/chat-transport.ts:103
[ 1715423ms] [LOG] [ChatTransport] Received WebSocket response: {"type":"delta","content":"等","error":null,"message_id":"b10da1cf-3bfe-4f7f-963a-873632181fe3","conversation_id":null,"itinerary":null} @ webpack-internal:///(app-pages-browser)/./lib/chat-transport.ts:103
[ 1715471ms] [LOG] [ChatTransport] Received WebSocket response: {"type":"delta","content":"热门","error":null,"message_id":"b10da1cf-3bfe-4f7f-963a-873632181fe3","conversation_id":null,"itinerary":null} @ webpack-internal:///(app-pages-browser)/./lib/chat-transport.ts:103
[ 1715482ms] [LOG] [ChatTransport] Received WebSocket response: {"type":"delta","content":"场馆","error":null,"message_id":"b10da1cf-3bfe-4f7f-963a-873632181fe3","conversation_id":null,"itinerary":null} @ webpack-internal:///(app-pages-browser)/./lib/chat-transport.ts:103
[ 1715529ms] [LOG] [ChatTransport] Received WebSocket response: {"type":"delta","content":"**","error":null,"message_id":"b10da1cf-3bfe-4f7f-963a-873632181fe3","conversation_id":null,"itinerary":null} @ webpack-internal:///(app-pages-browser)/./lib/chat-transport.ts:103
[ 1715590ms] [LOG] [ChatTransport] Received WebSocket response: {"type":"delta","content":"必须","error":null,"message_id":"b10da1cf-3bfe-4f7f-963a-873632181fe3","conversation_id":null,"itinerary":null} @ webpack-internal:///(app-pages-browser)/./lib/chat-transport.ts:103
[ 1715598ms] [LOG] [ChatTransport] Received WebSocket response: {"type":"delta","content":"提前","error":null,"message_id":"b10da1cf-3bfe-4f7f-963a-873632181fe3","conversation_id":null,"itinerary":null} @ webpack-internal:///(app-pages-browser)/./lib/chat-transport.ts:103
[ 1715829ms] [LOG] [ChatTransport] Received WebSocket response: {"type":"delta","content":"在线","error":null,"message_id":"b10da1cf-3bfe-4f7f-963a-873632181fe3","conversation_id":null,"itinerary":null} @ webpack-internal:///(app-pages-browser)/./lib/chat-transport.ts:103
[ 1715840ms] [LOG] [ChatTransport] Received WebSocket response: {"type":"delta","content":"实名","error":null,"message_id":"b10da1cf-3bfe-4f7f-963a-873632181fe3","conversation_id":null,"itinerary":null} @ webpack-internal:///(app-pages-browser)/./lib/chat-transport.ts:103
[ 1715851ms] [LOG] [ChatTransport] Received WebSocket response: {"type":"delta","content":"预约","error":null,"message_id":"b10da1cf-3bfe-4f7f-963a-873632181fe3","conversation_id":null,"itinerary":null} @ webpack-internal:///(app-pages-browser)/./lib/chat-transport.ts:103
[ 1715854ms] [LOG] [ChatTransport] Received WebSocket response: {"type":"delta","content":"**","error":null,"message_id":"b10da1cf-3bfe-4f7f-963a-873632181fe3","conversation_id":null,"itinerary":null} @ webpack-internal:///(app-pages-browser)/./lib/chat-transport.ts:103
[ 1715855ms] [LOG] [ChatTransport] Received WebSocket response: {"type":"delta","content":"，","error":null,"message_id":"b10da1cf-3bfe-4f7f-963a-873632181fe3","conversation_id":null,"itinerary":null} @ webpack-internal:///(app-pages-browser)/./lib/chat-transport.ts:103
[ 1715855ms] [LOG] [ChatTransport] Received WebSocket response: {"type":"delta","content":"请","error":null,"message_id":"b10da1cf-3bfe-4f7f-963a-873632181fe3","conversation_id":null,"itinerary":null} @ webpack-internal:///(app-pages-browser)/./lib/chat-transport.ts:103
[ 1715866ms] [LOG] [ChatTransport] Received WebSocket response: {"type":"delta","content":"务必","error":null,"message_id":"b10da1cf-3bfe-4f7f-963a-873632181fe3","conversation_id":null,"itinerary":null} @ webpack-internal:///(app-pages-browser)/./lib/chat-transport.ts:103
[ 1715866ms] [LOG] [ChatTransport] Received WebSocket response: {"type":"delta","content":"提前","error":null,"message_id":"b10da1cf-3bfe-4f7f-963a-873632181fe3","conversation_id":null,"itinerary":null} @ webpack-internal:///(app-pages-browser)/./lib/chat-transport.ts:103
[ 1715890ms] [LOG] [ChatTransport] Received WebSocket response: {"type":"delta","content":"规划","error":null,"message_id":"b10da1cf-3bfe-4f7f-963a-873632181fe3","conversation_id":null,"itinerary":null} @ webpack-internal:///(app-pages-browser)/./lib/chat-transport.ts:103
[ 1715897ms] [LOG] [ChatTransport] Received WebSocket response: {"type":"delta","content":"。\n","error":null,"message_id":"b10da1cf-3bfe-4f7f-963a-873632181fe3","conversation_id":null,"itinerary":null} @ webpack-internal:///(app-pages-browser)/./lib/chat-transport.ts:103
[ 1715969ms] [LOG] [ChatTransport] Received WebSocket response: {"type":"delta","content":"2","error":null,"message_id":"b10da1cf-3bfe-4f7f-963a-873632181fe3","conversation_id":null,"itinerary":null} @ webpack-internal:///(app-pages-browser)/./lib/chat-transport.ts:103
[ 1715978ms] [LOG] [ChatTransport] Received WebSocket response: {"type":"delta","content":".","error":null,"message_id":"b10da1cf-3bfe-4f7f-963a-873632181fe3","conversation_id":null,"itinerary":null} @ webpack-internal:///(app-pages-browser)/./lib/chat-transport.ts:103
[ 1716008ms] [LOG] [ChatTransport] Received WebSocket response: {"type":"delta","content":" ","error":null,"message_id":"b10da1cf-3bfe-4f7f-963a-873632181fe3","conversation_id":null,"itinerary":null} @ webpack-internal:///(app-pages-browser)/./lib/chat-transport.ts:103
[ 1716008ms] [LOG] [ChatTransport] Received WebSocket response: {"type":"delta","content":" **","error":null,"message_id":"b10da1cf-3bfe-4f7f-963a-873632181fe3","conversation_id":null,"itinerary":null} @ webpack-internal:///(app-pages-browser)/./lib/chat-transport.ts:103
[ 1716080ms] [LOG] [ChatTransport] Received WebSocket response: {"type":"delta","content":"交通","error":null,"message_id":"b10da1cf-3bfe-4f7f-963a-873632181fe3","conversation_id":null,"itinerary":null} @ webpack-internal:///(app-pages-browser)/./lib/chat-transport.ts:103
[ 1716080ms] [LOG] [ChatTransport] Received WebSocket response: {"type":"delta","content":"**","error":null,"message_id":"b10da1cf-3bfe-4f7f-963a-873632181fe3","conversation_id":null,"itinerary":null} @ webpack-internal:///(app-pages-browser)/./lib/chat-transport.ts:103
[ 1716129ms] [LOG] [ChatTransport] Received WebSocket response: {"type":"delta","content":"：","error":null,"message_id":"b10da1cf-3bfe-4f7f-963a-873632181fe3","conversation_id":null,"itinerary":null} @ webpack-internal:///(app-pages-browser)/./lib/chat-transport.ts:103
[ 1716140ms] [LOG] [ChatTransport] Received WebSocket response: {"type":"delta","content":"北京","error":null,"message_id":"b10da1cf-3bfe-4f7f-963a-873632181fe3","conversation_id":null,"itinerary":null} @ webpack-internal:///(app-pages-browser)/./lib/chat-transport.ts:103
[ 1716192ms] [LOG] [ChatTransport] Received WebSocket response: {"type":"delta","content":"地铁","error":null,"message_id":"b10da1cf-3bfe-4f7f-963a-873632181fe3","conversation_id":null,"itinerary":null} @ webpack-internal:///(app-pages-browser)/./lib/chat-transport.ts:103
[ 1716205ms] [LOG] [ChatTransport] Received WebSocket response: {"type":"delta","content":"网络","error":null,"message_id":"b10da1cf-3bfe-4f7f-963a-873632181fe3","conversation_id":null,"itinerary":null} @ webpack-internal:///(app-pages-browser)/./lib/chat-transport.ts:103
[ 1716250ms] [LOG] [ChatTransport] Received WebSocket response: {"type":"delta","content":"发达","error":null,"message_id":"b10da1cf-3bfe-4f7f-963a-873632181fe3","conversation_id":null,"itinerary":null} @ webpack-internal:///(app-pages-browser)/./lib/chat-transport.ts:103
[ 1716266ms] [LOG] [ChatTransport] Received WebSocket response: {"type":"delta","content":"，","error":null,"message_id":"b10da1cf-3bfe-4f7f-963a-873632181fe3","conversation_id":null,"itinerary":null} @ webpack-internal:///(app-pages-browser)/./lib/chat-transport.ts:103
[ 1716309ms] [LOG] [ChatTransport] Received WebSocket response: {"type":"delta","content":"是","error":null,"message_id":"b10da1cf-3bfe-4f7f-963a-873632181fe3","conversation_id":null,"itinerary":null} @ webpack-internal:///(app-pages-browser)/./lib/chat-transport.ts:103
[ 1716370ms] [LOG] [ChatTransport] Received WebSocket response: {"type":"delta","content":"出行","error":null,"message_id":"b10da1cf-3bfe-4f7f-963a-873632181fe3","conversation_id":null,"itinerary":null} @ webpack-internal:///(app-pages-browser)/./lib/chat-transport.ts:103
[ 1716427ms] [LOG] [ChatTransport] Received WebSocket response: {"type":"delta","content":"首选","error":null,"message_id":"b10da1cf-3bfe-4f7f-963a-873632181fe3","conversation_id":null,"itinerary":null} @ webpack-internal:///(app-pages-browser)/./lib/chat-transport.ts:103
[ 1716439ms] [LOG] [ChatTransport] Received WebSocket response: {"type":"delta","content":"。","error":null,"message_id":"b10da1cf-3bfe-4f7f-963a-873632181fe3","conversation_id":null,"itinerary":null} @ webpack-internal:///(app-pages-browser)/./lib/chat-transport.ts:103
[ 1716589ms] [LOG] [ChatTransport] Received WebSocket response: {"type":"delta","content":"可使用","error":null,"message_id":"b10da1cf-3bfe-4f7f-963a-873632181fe3","conversation_id":null,"itinerary":null} @ webpack-internal:///(app-pages-browser)/./lib/chat-transport.ts:103
[ 1716599ms] [LOG] [ChatTransport] Received WebSocket response: {"type":"delta","content":"手机","error":null,"message_id":"b10da1cf-3bfe-4f7f-963a-873632181fe3","conversation_id":null,"itinerary":null} @ webpack-internal:///(app-pages-browser)/./lib/chat-transport.ts:103
[ 1716607ms] [LOG] [ChatTransport] Received WebSocket response: {"type":"delta","content":"地图","error":null,"message_id":"b10da1cf-3bfe-4f7f-963a-873632181fe3","conversation_id":null,"itinerary":null} @ webpack-internal:///(app-pages-browser)/./lib/chat-transport.ts:103
[ 1716608ms] [LOG] [ChatTransport] Received WebSocket response: {"type":"delta","content":"APP","error":null,"message_id":"b10da1cf-3bfe-4f7f-963a-873632181fe3","conversation_id":null,"itinerary":null} @ webpack-internal:///(app-pages-browser)/./lib/chat-transport.ts:103
[ 1716620ms] [LOG] [ChatTransport] Received WebSocket response: {"type":"delta","content":"导航","error":null,"message_id":"b10da1cf-3bfe-4f7f-963a-873632181fe3","conversation_id":null,"itinerary":null} @ webpack-internal:///(app-pages-browser)/./lib/chat-transport.ts:103
[ 1716637ms] [LOG] [ChatTransport] Received WebSocket response: {"type":"delta","content":"或","error":null,"message_id":"b10da1cf-3bfe-4f7f-963a-873632181fe3","conversation_id":null,"itinerary":null} @ webpack-internal:///(app-pages-browser)/./lib/chat-transport.ts:103
[ 1716676ms] [LOG] [ChatTransport] Received WebSocket response: {"type":"delta","content":"购买","error":null,"message_id":"b10da1cf-3bfe-4f7f-963a-873632181fe3","conversation_id":null,"itinerary":null} @ webpack-internal:///(app-pages-browser)/./lib/chat-transport.ts:103
[ 1716676ms] [LOG] [ChatTransport] Received WebSocket response: {"type":"delta","content":"交通","error":null,"message_id":"b10da1cf-3bfe-4f7f-963a-873632181fe3","conversation_id":null,"itinerary":null} @ webpack-internal:///(app-pages-browser)/./lib/chat-transport.ts:103
[ 1716730ms] [LOG] [ChatTransport] Received WebSocket response: {"type":"delta","content":"卡","error":null,"message_id":"b10da1cf-3bfe-4f7f-963a-873632181fe3","conversation_id":null,"itinerary":null} @ webpack-internal:///(app-pages-browser)/./lib/chat-transport.ts:103
[ 1716740ms] [LOG] [ChatTransport] Received WebSocket response: {"type":"delta","content":"。\n","error":null,"message_id":"b10da1cf-3bfe-4f7f-963a-873632181fe3","conversation_id":null,"itinerary":null} @ webpack-internal:///(app-pages-browser)/./lib/chat-transport.ts:103
[ 1716790ms] [LOG] [ChatTransport] Received WebSocket response: {"type":"delta","content":"3","error":null,"message_id":"b10da1cf-3bfe-4f7f-963a-873632181fe3","conversation_id":null,"itinerary":null} @ webpack-internal:///(app-pages-browser)/./lib/chat-transport.ts:103
[ 1716790ms] [LOG] [ChatTransport] Received WebSocket response: {"type":"delta","content":".","error":null,"message_id":"b10da1cf-3bfe-4f7f-963a-873632181fe3","conversation_id":null,"itinerary":null} @ webpack-internal:///(app-pages-browser)/./lib/chat-transport.ts:103
[ 1716851ms] [LOG] [ChatTransport] Received WebSocket response: {"type":"delta","content":" ","error":null,"message_id":"b10da1cf-3bfe-4f7f-963a-873632181fe3","conversation_id":null,"itinerary":null} @ webpack-internal:///(app-pages-browser)/./lib/chat-transport.ts:103
[ 1716859ms] [LOG] [ChatTransport] Received WebSocket response: {"type":"delta","content":" **","error":null,"message_id":"b10da1cf-3bfe-4f7f-963a-873632181fe3","conversation_id":null,"itinerary":null} @ webpack-internal:///(app-pages-browser)/./lib/chat-transport.ts:103
[ 1716911ms] [LOG] [ChatTransport] Received WebSocket response: {"type":"delta","content":"着装","error":null,"message_id":"b10da1cf-3bfe-4f7f-963a-873632181fe3","conversation_id":null,"itinerary":null} @ webpack-internal:///(app-pages-browser)/./lib/chat-transport.ts:103
[ 1716919ms] [LOG] [ChatTransport] Received WebSocket response: {"type":"delta","content":"**","error":null,"message_id":"b10da1cf-3bfe-4f7f-963a-873632181fe3","conversation_id":null,"itinerary":null} @ webpack-internal:///(app-pages-browser)/./lib/chat-transport.ts:103
[ 1716985ms] [LOG] [ChatTransport] Received WebSocket response: {"type":"delta","content":"：","error":null,"message_id":"b10da1cf-3bfe-4f7f-963a-873632181fe3","conversation_id":null,"itinerary":null} @ webpack-internal:///(app-pages-browser)/./lib/chat-transport.ts:103
[ 1716991ms] [LOG] [ChatTransport] Received WebSocket response: {"type":"delta","content":"行程","error":null,"message_id":"b10da1cf-3bfe-4f7f-963a-873632181fe3","conversation_id":null,"itinerary":null} @ webpack-internal:///(app-pages-browser)/./lib/chat-transport.ts:103
[ 1717039ms] [LOG] [ChatTransport] Received WebSocket response: {"type":"delta","content":"期间","error":null,"message_id":"b10da1cf-3bfe-4f7f-963a-873632181fe3","conversation_id":null,"itinerary":null} @ webpack-internal:///(app-pages-browser)/./lib/chat-transport.ts:103
[ 1717045ms] [LOG] [ChatTransport] Received WebSocket response: {"type":"delta","content":"温差","error":null,"message_id":"b10da1cf-3bfe-4f7f-963a-873632181fe3","conversation_id":null,"itinerary":null} @ webpack-internal:///(app-pages-browser)/./lib/chat-transport.ts:103
[ 1717089ms] [LOG] [ChatTransport] Received WebSocket response: {"type":"delta","content":"较大","error":null,"message_id":"b10da1cf-3bfe-4f7f-963a-873632181fe3","conversation_id":null,"itinerary":null} @ webpack-internal:///(app-pages-browser)/./lib/chat-transport.ts:103
[ 1717095ms] [LOG] [ChatTransport] Received WebSocket response: {"type":"delta","content":"，","error":null,"message_id":"b10da1cf-3bfe-4f7f-963a-873632181fe3","conversation_id":null,"itinerary":null} @ webpack-internal:///(app-pages-browser)/./lib/chat-transport.ts:103
[ 1717150ms] [LOG] [ChatTransport] Received WebSocket response: {"type":"delta","content":"请","error":null,"message_id":"b10da1cf-3bfe-4f7f-963a-873632181fe3","conversation_id":null,"itinerary":null} @ webpack-internal:///(app-pages-browser)/./lib/chat-transport.ts:103
[ 1717154ms] [LOG] [ChatTransport] Received WebSocket response: {"type":"delta","content":"采用","error":null,"message_id":"b10da1cf-3bfe-4f7f-963a-873632181fe3","conversation_id":null,"itinerary":null} @ webpack-internal:///(app-pages-browser)/./lib/chat-transport.ts:103
[ 1717210ms] [LOG] [ChatTransport] Received WebSocket response: {"type":"delta","content":"“","error":null,"message_id":"b10da1cf-3bfe-4f7f-963a-873632181fe3","conversation_id":null,"itinerary":null} @ webpack-internal:///(app-pages-browser)/./lib/chat-transport.ts:103
[ 1717220ms] [LOG] [ChatTransport] Received WebSocket response: {"type":"delta","content":"洋葱","error":null,"message_id":"b10da1cf-3bfe-4f7f-963a-873632181fe3","conversation_id":null,"itinerary":null} @ webpack-internal:///(app-pages-browser)/./lib/chat-transport.ts:103
[ 1717277ms] [LOG] [ChatTransport] Received WebSocket response: {"type":"delta","content":"式","error":null,"message_id":"b10da1cf-3bfe-4f7f-963a-873632181fe3","conversation_id":null,"itinerary":null} @ webpack-internal:///(app-pages-browser)/./lib/chat-transport.ts:103
[ 1717285ms] [LOG] [ChatTransport] Received WebSocket response: {"type":"delta","content":"”","error":null,"message_id":"b10da1cf-3bfe-4f7f-963a-873632181fe3","conversation_id":null,"itinerary":null} @ webpack-internal:///(app-pages-browser)/./lib/chat-transport.ts:103
[ 1717330ms] [LOG] [ChatTransport] Received WebSocket response: {"type":"delta","content":"穿衣","error":null,"message_id":"b10da1cf-3bfe-4f7f-963a-873632181fe3","conversation_id":null,"itinerary":null} @ webpack-internal:///(app-pages-browser)/./lib/chat-transport.ts:103
[ 1717336ms] [LOG] [ChatTransport] Received WebSocket response: {"type":"delta","content":"法","error":null,"message_id":"b10da1cf-3bfe-4f7f-963a-873632181fe3","conversation_id":null,"itinerary":null} @ webpack-internal:///(app-pages-browser)/./lib/chat-transport.ts:103
[ 1717398ms] [LOG] [ChatTransport] Received WebSocket response: {"type":"delta","content":"，","error":null,"message_id":"b10da1cf-3bfe-4f7f-963a-873632181fe3","conversation_id":null,"itinerary":null} @ webpack-internal:///(app-pages-browser)/./lib/chat-transport.ts:103
[ 1717403ms] [LOG] [ChatTransport] Received WebSocket response: {"type":"delta","content":"方便","error":null,"message_id":"b10da1cf-3bfe-4f7f-963a-873632181fe3","conversation_id":null,"itinerary":null} @ webpack-internal:///(app-pages-browser)/./lib/chat-transport.ts:103
[ 1717449ms] [LOG] [ChatTransport] Received WebSocket response: {"type":"delta","content":"增减","error":null,"message_id":"b10da1cf-3bfe-4f7f-963a-873632181fe3","conversation_id":null,"itinerary":null} @ webpack-internal:///(app-pages-browser)/./lib/chat-transport.ts:103
[ 1717508ms] [LOG] [ChatTransport] Received WebSocket response: {"type":"delta","content":"。","error":null,"message_id":"b10da1cf-3bfe-4f7f-963a-873632181fe3","conversation_id":null,"itinerary":null} @ webpack-internal:///(app-pages-browser)/./lib/chat-transport.ts:103
[ 1717512ms] [LOG] [ChatTransport] Received WebSocket response: {"type":"delta","content":"第一天","error":null,"message_id":"b10da1cf-3bfe-4f7f-963a-873632181fe3","conversation_id":null,"itinerary":null} @ webpack-internal:///(app-pages-browser)/./lib/chat-transport.ts:103
[ 1717571ms] [LOG] [ChatTransport] Received WebSocket response: {"type":"delta","content":"务必","error":null,"message_id":"b10da1cf-3bfe-4f7f-963a-873632181fe3","conversation_id":null,"itinerary":null} @ webpack-internal:///(app-pages-browser)/./lib/chat-transport.ts:103
[ 1717571ms] [LOG] [ChatTransport] Received WebSocket response: {"type":"delta","content":"准备","error":null,"message_id":"b10da1cf-3bfe-4f7f-963a-873632181fe3","conversation_id":null,"itinerary":null} @ webpack-internal:///(app-pages-browser)/./lib/chat-transport.ts:103
[ 1717686ms] [LOG] [ChatTransport] Received WebSocket response: {"type":"delta","content":"防水","error":null,"message_id":"b10da1cf-3bfe-4f7f-963a-873632181fe3","conversation_id":null,"itinerary":null} @ webpack-internal:///(app-pages-browser)/./lib/chat-transport.ts:103
[ 1717699ms] [LOG] [ChatTransport] Received WebSocket response: {"type":"delta","content":"鞋","error":null,"message_id":"b10da1cf-3bfe-4f7f-963a-873632181fe3","conversation_id":null,"itinerary":null} @ webpack-internal:///(app-pages-browser)/./lib/chat-transport.ts:103
[ 1717905ms] [LOG] [ChatTransport] Received WebSocket response: {"type":"delta","content":"具","error":null,"message_id":"b10da1cf-3bfe-4f7f-963a-873632181fe3","conversation_id":null,"itinerary":null} @ webpack-internal:///(app-pages-browser)/./lib/chat-transport.ts:103
[ 1717916ms] [LOG] [ChatTransport] Received WebSocket response: {"type":"delta","content":"和","error":null,"message_id":"b10da1cf-3bfe-4f7f-963a-873632181fe3","conversation_id":null,"itinerary":null} @ webpack-internal:///(app-pages-browser)/./lib/chat-transport.ts:103
[ 1717921ms] [LOG] [ChatTransport] Received WebSocket response: {"type":"delta","content":"外套","error":null,"message_id":"b10da1cf-3bfe-4f7f-963a-873632181fe3","conversation_id":null,"itinerary":null} @ webpack-internal:///(app-pages-browser)/./lib/chat-transport.ts:103
[ 1717922ms] [LOG] [ChatTransport] Received WebSocket response: {"type":"delta","content":"。\n","error":null,"message_id":"b10da1cf-3bfe-4f7f-963a-873632181fe3","conversation_id":null,"itinerary":null} @ webpack-internal:///(app-pages-browser)/./lib/chat-transport.ts:103
[ 1717923ms] [LOG] [ChatTransport] Received WebSocket response: {"type":"delta","content":"4","error":null,"message_id":"b10da1cf-3bfe-4f7f-963a-873632181fe3","conversation_id":null,"itinerary":null} @ webpack-internal:///(app-pages-browser)/./lib/chat-transport.ts:103
[ 1717932ms] [LOG] [ChatTransport] Received WebSocket response: {"type":"delta","content":".","error":null,"message_id":"b10da1cf-3bfe-4f7f-963a-873632181fe3","conversation_id":null,"itinerary":null} @ webpack-internal:///(app-pages-browser)/./lib/chat-transport.ts:103
[ 1717936ms] [LOG] [ChatTransport] Received WebSocket response: {"type":"delta","content":" ","error":null,"message_id":"b10da1cf-3bfe-4f7f-963a-873632181fe3","conversation_id":null,"itinerary":null} @ webpack-internal:///(app-pages-browser)/./lib/chat-transport.ts:103
[ 1717997ms] [LOG] [ChatTransport] Received WebSocket response: {"type":"delta","content":" **","error":null,"message_id":"b10da1cf-3bfe-4f7f-963a-873632181fe3","conversation_id":null,"itinerary":null} @ webpack-internal:///(app-pages-browser)/./lib/chat-transport.ts:103
[ 1718004ms] [LOG] [ChatTransport] Received WebSocket response: {"type":"delta","content":"灵活","error":null,"message_id":"b10da1cf-3bfe-4f7f-963a-873632181fe3","conversation_id":null,"itinerary":null} @ webpack-internal:///(app-pages-browser)/./lib/chat-transport.ts:103
[ 1718049ms] [LOG] [ChatTransport] Received WebSocket response: {"type":"delta","content":"调整","error":null,"message_id":"b10da1cf-3bfe-4f7f-963a-873632181fe3","conversation_id":null,"itinerary":null} @ webpack-internal:///(app-pages-browser)/./lib/chat-transport.ts:103
[ 1718056ms] [LOG] [ChatTransport] Received WebSocket response: {"type":"delta","content":"**","error":null,"message_id":"b10da1cf-3bfe-4f7f-963a-873632181fe3","conversation_id":null,"itinerary":null} @ webpack-internal:///(app-pages-browser)/./lib/chat-transport.ts:103
[ 1718126ms] [LOG] [ChatTransport] Received WebSocket response: {"type":"delta","content":"：","error":null,"message_id":"b10da1cf-3bfe-4f7f-963a-873632181fe3","conversation_id":null,"itinerary":null} @ webpack-internal:///(app-pages-browser)/./lib/chat-transport.ts:103
[ 1718127ms] [LOG] [ChatTransport] Received WebSocket response: {"type":"delta","content":"以上","error":null,"message_id":"b10da1cf-3bfe-4f7f-963a-873632181fe3","conversation_id":null,"itinerary":null} @ webpack-internal:///(app-pages-browser)/./lib/chat-transport.ts:103
[ 1718194ms] [LOG] [ChatTransport] Received WebSocket response: {"type":"delta","content":"行程","error":null,"message_id":"b10da1cf-3bfe-4f7f-963a-873632181fe3","conversation_id":null,"itinerary":null} @ webpack-internal:///(app-pages-browser)/./lib/chat-transport.ts:103
[ 1718203ms] [LOG] [ChatTransport] Received WebSocket response: {"type":"delta","content":"可根据","error":null,"message_id":"b10da1cf-3bfe-4f7f-963a-873632181fe3","conversation_id":null,"itinerary":null} @ webpack-internal:///(app-pages-browser)/./lib/chat-transport.ts:103
[ 1718235ms] [LOG] [ChatTransport] Received WebSocket response: {"type":"delta","content":"您的","error":null,"message_id":"b10da1cf-3bfe-4f7f-963a-873632181fe3","conversation_id":null,"itinerary":null} @ webpack-internal:///(app-pages-browser)/./lib/chat-transport.ts:103
[ 1718242ms] [LOG] [ChatTransport] Received WebSocket response: {"type":"delta","content":"体","error":null,"message_id":"b10da1cf-3bfe-4f7f-963a-873632181fe3","conversation_id":null,"itinerary":null} @ webpack-internal:///(app-pages-browser)/./lib/chat-transport.ts:103
[ 1718290ms] [LOG] [ChatTransport] Received WebSocket response: {"type":"delta","content":"力和","error":null,"message_id":"b10da1cf-3bfe-4f7f-963a-873632181fe3","conversation_id":null,"itinerary":null} @ webpack-internal:///(app-pages-browser)/./lib/chat-transport.ts:103
[ 1718296ms] [LOG] [ChatTransport] Received WebSocket response: {"type":"delta","content":"兴趣","error":null,"message_id":"b10da1cf-3bfe-4f7f-963a-873632181fe3","conversation_id":null,"itinerary":null} @ webpack-internal:///(app-pages-browser)/./lib/chat-transport.ts:103
[ 1718396ms] [LOG] [ChatTransport] Received WebSocket response: {"type":"delta","content":"进行","error":null,"message_id":"b10da1cf-3bfe-4f7f-963a-873632181fe3","conversation_id":null,"itinerary":null} @ webpack-internal:///(app-pages-browser)/./lib/chat-transport.ts:103
[ 1718419ms] [LOG] [ChatTransport] Received WebSocket response: {"type":"delta","content":"灵活","error":null,"message_id":"b10da1cf-3bfe-4f7f-963a-873632181fe3","conversation_id":null,"itinerary":null} @ webpack-internal:///(app-pages-browser)/./lib/chat-transport.ts:103
[ 1718490ms] [LOG] [ChatTransport] Received WebSocket response: {"type":"delta","content":"调整","error":null,"message_id":"b10da1cf-3bfe-4f7f-963a-873632181fe3","conversation_id":null,"itinerary":null} @ webpack-internal:///(app-pages-browser)/./lib/chat-transport.ts:103
[ 1718501ms] [LOG] [ChatTransport] Received WebSocket response: {"type":"delta","content":"。\n\n","error":null,"message_id":"b10da1cf-3bfe-4f7f-963a-873632181fe3","conversation_id":null,"itinerary":null} @ webpack-internal:///(app-pages-browser)/./lib/chat-transport.ts:103
[ 1718544ms] [LOG] [ChatTransport] Received WebSocket response: {"type":"delta","content":"为了让","error":null,"message_id":"b10da1cf-3bfe-4f7f-963a-873632181fe3","conversation_id":null,"itinerary":null} @ webpack-internal:///(app-pages-browser)/./lib/chat-transport.ts:103
[ 1718613ms] [LOG] [ChatTransport] Received WebSocket response: {"type":"delta","content":"您的","error":null,"message_id":"b10da1cf-3bfe-4f7f-963a-873632181fe3","conversation_id":null,"itinerary":null} @ webpack-internal:///(app-pages-browser)/./lib/chat-transport.ts:103
[ 1718667ms] [LOG] [ChatTransport] Received WebSocket response: {"type":"delta","content":"行程","error":null,"message_id":"b10da1cf-3bfe-4f7f-963a-873632181fe3","conversation_id":null,"itinerary":null} @ webpack-internal:///(app-pages-browser)/./lib/chat-transport.ts:103
[ 1718675ms] [LOG] [ChatTransport] Received WebSocket response: {"type":"delta","content":"更","error":null,"message_id":"b10da1cf-3bfe-4f7f-963a-873632181fe3","conversation_id":null,"itinerary":null} @ webpack-internal:///(app-pages-browser)/./lib/chat-transport.ts:103
[ 1718723ms] [LOG] [ChatTransport] Received WebSocket response: {"type":"delta","content":"精准","error":null,"message_id":"b10da1cf-3bfe-4f7f-963a-873632181fe3","conversation_id":null,"itinerary":null} @ webpack-internal:///(app-pages-browser)/./lib/chat-transport.ts:103
[ 1718723ms] [LOG] [ChatTransport] Received WebSocket response: {"type":"delta","content":"，","error":null,"message_id":"b10da1cf-3bfe-4f7f-963a-873632181fe3","conversation_id":null,"itinerary":null} @ webpack-internal:///(app-pages-browser)/./lib/chat-transport.ts:103
[ 1718788ms] [LOG] [ChatTransport] Received WebSocket response: {"type":"delta","content":"请问","error":null,"message_id":"b10da1cf-3bfe-4f7f-963a-873632181fe3","conversation_id":null,"itinerary":null} @ webpack-internal:///(app-pages-browser)/./lib/chat-transport.ts:103
[ 1718843ms] [LOG] [ChatTransport] Received WebSocket response: {"type":"delta","content":"您","error":null,"message_id":"b10da1cf-3bfe-4f7f-963a-873632181fe3","conversation_id":null,"itinerary":null} @ webpack-internal:///(app-pages-browser)/./lib/chat-transport.ts:103
[ 1718844ms] [LOG] [ChatTransport] Received WebSocket response: {"type":"delta","content":"是否有","error":null,"message_id":"b10da1cf-3bfe-4f7f-963a-873632181fe3","conversation_id":null,"itinerary":null} @ webpack-internal:///(app-pages-browser)/./lib/chat-transport.ts:103
[ 1718921ms] [LOG] [ChatTransport] Received WebSocket response: {"type":"delta","content":"以下","error":null,"message_id":"b10da1cf-3bfe-4f7f-963a-873632181fe3","conversation_id":null,"itinerary":null} @ webpack-internal:///(app-pages-browser)/./lib/chat-transport.ts:103
[ 1718931ms] [LOG] [ChatTransport] Received WebSocket response: {"type":"delta","content":"偏好","error":null,"message_id":"b10da1cf-3bfe-4f7f-963a-873632181fe3","conversation_id":null,"itinerary":null} @ webpack-internal:///(app-pages-browser)/./lib/chat-transport.ts:103
[ 1719188ms] [LOG] [ChatTransport] Received WebSocket response: {"type":"delta","content":"呢","error":null,"message_id":"b10da1cf-3bfe-4f7f-963a-873632181fe3","conversation_id":null,"itinerary":null} @ webpack-internal:///(app-pages-browser)/./lib/chat-transport.ts:103
[ 1719199ms] [LOG] [ChatTransport] Received WebSocket response: {"type":"delta","content":"？\n","error":null,"message_id":"b10da1cf-3bfe-4f7f-963a-873632181fe3","conversation_id":null,"itinerary":null} @ webpack-internal:///(app-pages-browser)/./lib/chat-transport.ts:103
[ 1719200ms] [LOG] [ChatTransport] Received WebSocket response: {"type":"delta","content":"-","error":null,"message_id":"b10da1cf-3bfe-4f7f-963a-873632181fe3","conversation_id":null,"itinerary":null} @ webpack-internal:///(app-pages-browser)/./lib/chat-transport.ts:103
[ 1719205ms] [LOG] [ChatTransport] Received WebSocket response: {"type":"delta","content":" ","error":null,"message_id":"b10da1cf-3bfe-4f7f-963a-873632181fe3","conversation_id":null,"itinerary":null} @ webpack-internal:///(app-pages-browser)/./lib/chat-transport.ts:103
[ 1719205ms] [LOG] [ChatTransport] Received WebSocket response: {"type":"delta","content":"对","error":null,"message_id":"b10da1cf-3bfe-4f7f-963a-873632181fe3","conversation_id":null,"itinerary":null} @ webpack-internal:///(app-pages-browser)/./lib/chat-transport.ts:103
[ 1719252ms] [LOG] [ChatTransport] Received WebSocket response: {"type":"delta","content":"历史","error":null,"message_id":"b10da1cf-3bfe-4f7f-963a-873632181fe3","conversation_id":null,"itinerary":null} @ webpack-internal:///(app-pages-browser)/./lib/chat-transport.ts:103
[ 1719253ms] [LOG] [ChatTransport] Received WebSocket response: {"type":"delta","content":"古迹","error":null,"message_id":"b10da1cf-3bfe-4f7f-963a-873632181fe3","conversation_id":null,"itinerary":null} @ webpack-internal:///(app-pages-browser)/./lib/chat-transport.ts:103
[ 1719268ms] [LOG] [ChatTransport] Received WebSocket response: {"type":"delta","content":"、","error":null,"message_id":"b10da1cf-3bfe-4f7f-963a-873632181fe3","conversation_id":null,"itinerary":null} @ webpack-internal:///(app-pages-browser)/./lib/chat-transport.ts:103
[ 1719273ms] [LOG] [ChatTransport] Received WebSocket response: {"type":"delta","content":"现代","error":null,"message_id":"b10da1cf-3bfe-4f7f-963a-873632181fe3","conversation_id":null,"itinerary":null} @ webpack-internal:///(app-pages-browser)/./lib/chat-transport.ts:103
[ 1719273ms] [LOG] [ChatTransport] Received WebSocket response: {"type":"delta","content":"建筑","error":null,"message_id":"b10da1cf-3bfe-4f7f-963a-873632181fe3","conversation_id":null,"itinerary":null} @ webpack-internal:///(app-pages-browser)/./lib/chat-transport.ts:103
[ 1719331ms] [LOG] [ChatTransport] Received WebSocket response: {"type":"delta","content":"、","error":null,"message_id":"b10da1cf-3bfe-4f7f-963a-873632181fe3","conversation_id":null,"itinerary":null} @ webpack-internal:///(app-pages-browser)/./lib/chat-transport.ts:103
[ 1719340ms] [LOG] [ChatTransport] Received WebSocket response: {"type":"delta","content":"自然","error":null,"message_id":"b10da1cf-3bfe-4f7f-963a-873632181fe3","conversation_id":null,"itinerary":null} @ webpack-internal:///(app-pages-browser)/./lib/chat-transport.ts:103
[ 1719386ms] [LOG] [ChatTransport] Received WebSocket response: {"type":"delta","content":"风光","error":null,"message_id":"b10da1cf-3bfe-4f7f-963a-873632181fe3","conversation_id":null,"itinerary":null} @ webpack-internal:///(app-pages-browser)/./lib/chat-transport.ts:103
[ 1719397ms] [LOG] [ChatTransport] Received WebSocket response: {"type":"delta","content":"、","error":null,"message_id":"b10da1cf-3bfe-4f7f-963a-873632181fe3","conversation_id":null,"itinerary":null} @ webpack-internal:///(app-pages-browser)/./lib/chat-transport.ts:103
[ 1719449ms] [LOG] [ChatTransport] Received WebSocket response: {"type":"delta","content":"美食","error":null,"message_id":"b10da1cf-3bfe-4f7f-963a-873632181fe3","conversation_id":null,"itinerary":null} @ webpack-internal:///(app-pages-browser)/./lib/chat-transport.ts:103
[ 1719457ms] [LOG] [ChatTransport] Received WebSocket response: {"type":"delta","content":"体验","error":null,"message_id":"b10da1cf-3bfe-4f7f-963a-873632181fe3","conversation_id":null,"itinerary":null} @ webpack-internal:///(app-pages-browser)/./lib/chat-transport.ts:103
[ 1719510ms] [LOG] [ChatTransport] Received WebSocket response: {"type":"delta","content":"哪","error":null,"message_id":"b10da1cf-3bfe-4f7f-963a-873632181fe3","conversation_id":null,"itinerary":null} @ webpack-internal:///(app-pages-browser)/./lib/chat-transport.ts:103
[ 1719518ms] [LOG] [ChatTransport] Received WebSocket response: {"type":"delta","content":"一类","error":null,"message_id":"b10da1cf-3bfe-4f7f-963a-873632181fe3","conversation_id":null,"itinerary":null} @ webpack-internal:///(app-pages-browser)/./lib/chat-transport.ts:103
[ 1719569ms] [LOG] [ChatTransport] Received WebSocket response: {"type":"delta","content":"更","error":null,"message_id":"b10da1cf-3bfe-4f7f-963a-873632181fe3","conversation_id":null,"itinerary":null} @ webpack-internal:///(app-pages-browser)/./lib/chat-transport.ts:103
[ 1719570ms] [LOG] [ChatTransport] Received WebSocket response: {"type":"delta","content":"感兴趣","error":null,"message_id":"b10da1cf-3bfe-4f7f-963a-873632181fe3","conversation_id":null,"itinerary":null} @ webpack-internal:///(app-pages-browser)/./lib/chat-transport.ts:103
[ 1719628ms] [LOG] [ChatTransport] Received WebSocket response: {"type":"delta","content":"？\n","error":null,"message_id":"b10da1cf-3bfe-4f7f-963a-873632181fe3","conversation_id":null,"itinerary":null} @ webpack-internal:///(app-pages-browser)/./lib/chat-transport.ts:103
[ 1719638ms] [LOG] [ChatTransport] Received WebSocket response: {"type":"delta","content":"-","error":null,"message_id":"b10da1cf-3bfe-4f7f-963a-873632181fe3","conversation_id":null,"itinerary":null} @ webpack-internal:///(app-pages-browser)/./lib/chat-transport.ts:103
[ 1719694ms] [LOG] [ChatTransport] Received WebSocket response: {"type":"delta","content":" ","error":null,"message_id":"b10da1cf-3bfe-4f7f-963a-873632181fe3","conversation_id":null,"itinerary":null} @ webpack-internal:///(app-pages-browser)/./lib/chat-transport.ts:103
[ 1719704ms] [LOG] [ChatTransport] Received WebSocket response: {"type":"delta","content":"是","error":null,"message_id":"b10da1cf-3bfe-4f7f-963a-873632181fe3","conversation_id":null,"itinerary":null} @ webpack-internal:///(app-pages-browser)/./lib/chat-transport.ts:103
[ 1719759ms] [LOG] [ChatTransport] Received WebSocket response: {"type":"delta","content":"家庭","error":null,"message_id":"b10da1cf-3bfe-4f7f-963a-873632181fe3","conversation_id":null,"itinerary":null} @ webpack-internal:///(app-pages-browser)/./lib/chat-transport.ts:103
[ 1719767ms] [LOG] [ChatTransport] Received WebSocket response: {"type":"delta","content":"出游","error":null,"message_id":"b10da1cf-3bfe-4f7f-963a-873632181fe3","conversation_id":null,"itinerary":null} @ webpack-internal:///(app-pages-browser)/./lib/chat-transport.ts:103
[ 1719810ms] [LOG] [ChatTransport] Received WebSocket response: {"type":"delta","content":"、","error":null,"message_id":"b10da1cf-3bfe-4f7f-963a-873632181fe3","conversation_id":null,"itinerary":null} @ webpack-internal:///(app-pages-browser)/./lib/chat-transport.ts:103
[ 1719810ms] [LOG] [ChatTransport] Received WebSocket response: {"type":"delta","content":"朋友","error":null,"message_id":"b10da1cf-3bfe-4f7f-963a-873632181fe3","conversation_id":null,"itinerary":null} @ webpack-internal:///(app-pages-browser)/./lib/chat-transport.ts:103
[ 1719990ms] [LOG] [ChatTransport] Received WebSocket response: {"type":"delta","content":"结","error":null,"message_id":"b10da1cf-3bfe-4f7f-963a-873632181fe3","conversation_id":null,"itinerary":null} @ webpack-internal:///(app-pages-browser)/./lib/chat-transport.ts:103
[ 1719990ms] [LOG] [ChatTransport] Received WebSocket response: {"type":"delta","content":"伴","error":null,"message_id":"b10da1cf-3bfe-4f7f-963a-873632181fe3","conversation_id":null,"itinerary":null} @ webpack-internal:///(app-pages-browser)/./lib/chat-transport.ts:103
[ 1719995ms] [LOG] [ChatTransport] Received WebSocket response: {"type":"delta","content":"还是","error":null,"message_id":"b10da1cf-3bfe-4f7f-963a-873632181fe3","conversation_id":null,"itinerary":null} @ webpack-internal:///(app-pages-browser)/./lib/chat-transport.ts:103
[ 1720000ms] [LOG] [ChatTransport] Received WebSocket response: {"type":"delta","content":"独自","error":null,"message_id":"b10da1cf-3bfe-4f7f-963a-873632181fe3","conversation_id":null,"itinerary":null} @ webpack-internal:///(app-pages-browser)/./lib/chat-transport.ts:103
[ 1720000ms] [LOG] [ChatTransport] Received WebSocket response: {"type":"delta","content":"旅行","error":null,"message_id":"b10da1cf-3bfe-4f7f-963a-873632181fe3","conversation_id":null,"itinerary":null} @ webpack-internal:///(app-pages-browser)/./lib/chat-transport.ts:103
[ 1720000ms] [LOG] [ChatTransport] Received WebSocket response: {"type":"delta","content":"？\n","error":null,"message_id":"b10da1cf-3bfe-4f7f-963a-873632181fe3","conversation_id":null,"itinerary":null} @ webpack-internal:///(app-pages-browser)/./lib/chat-transport.ts:103
[ 1720152ms] [LOG] [ChatTransport] Received WebSocket response: {"type":"delta","content":"-","error":null,"message_id":"b10da1cf-3bfe-4f7f-963a-873632181fe3","conversation_id":null,"itinerary":null} @ webpack-internal:///(app-pages-browser)/./lib/chat-transport.ts:103
[ 1720161ms] [LOG] [ChatTransport] Received WebSocket response: {"type":"delta","content":" ","error":null,"message_id":"b10da1cf-3bfe-4f7f-963a-873632181fe3","conversation_id":null,"itinerary":null} @ webpack-internal:///(app-pages-browser)/./lib/chat-transport.ts:103
[ 1720271ms] [LOG] [ChatTransport] Received WebSocket response: {"type":"delta","content":"住宿","error":null,"message_id":"b10da1cf-3bfe-4f7f-963a-873632181fe3","conversation_id":null,"itinerary":null} @ webpack-internal:///(app-pages-browser)/./lib/chat-transport.ts:103
[ 1720275ms] [LOG] [ChatTransport] Received WebSocket response: {"type":"delta","content":"区域","error":null,"message_id":"b10da1cf-3bfe-4f7f-963a-873632181fe3","conversation_id":null,"itinerary":null} @ webpack-internal:///(app-pages-browser)/./lib/chat-transport.ts:103
[ 1720281ms] [LOG] [ChatTransport] Received WebSocket response: {"type":"delta","content":"或","error":null,"message_id":"b10da1cf-3bfe-4f7f-963a-873632181fe3","conversation_id":null,"itinerary":null} @ webpack-internal:///(app-pages-browser)/./lib/chat-transport.ts:103
[ 1720326ms] [LOG] [ChatTransport] Received WebSocket response: {"type":"delta","content":"预算","error":null,"message_id":"b10da1cf-3bfe-4f7f-963a-873632181fe3","conversation_id":null,"itinerary":null} @ webpack-internal:///(app-pages-browser)/./lib/chat-transport.ts:103
[ 1720332ms] [LOG] [ChatTransport] Received WebSocket response: {"type":"delta","content":"是否有","error":null,"message_id":"b10da1cf-3bfe-4f7f-963a-873632181fe3","conversation_id":null,"itinerary":null} @ webpack-internal:///(app-pages-browser)/./lib/chat-transport.ts:103
[ 1720390ms] [LOG] [ChatTransport] Received WebSocket response: {"type":"delta","content":"特别","error":null,"message_id":"b10da1cf-3bfe-4f7f-963a-873632181fe3","conversation_id":null,"itinerary":null} @ webpack-internal:///(app-pages-browser)/./lib/chat-transport.ts:103
[ 1720390ms] [LOG] [ChatTransport] Received WebSocket response: {"type":"delta","content":"考虑","error":null,"message_id":"b10da1cf-3bfe-4f7f-963a-873632181fe3","conversation_id":null,"itinerary":null} @ webpack-internal:///(app-pages-browser)/./lib/chat-transport.ts:103
[ 1720431ms] [LOG] [ChatTransport] Received WebSocket response: {"type":"delta","content":"？\n\n","error":null,"message_id":"b10da1cf-3bfe-4f7f-963a-873632181fe3","conversation_id":null,"itinerary":null} @ webpack-internal:///(app-pages-browser)/./lib/chat-transport.ts:103
[ 1720437ms] [LOG] [ChatTransport] Received WebSocket response: {"type":"delta","content":"告诉我","error":null,"message_id":"b10da1cf-3bfe-4f7f-963a-873632181fe3","conversation_id":null,"itinerary":null} @ webpack-internal:///(app-pages-browser)/./lib/chat-transport.ts:103
[ 1720492ms] [LOG] [ChatTransport] Received WebSocket response: {"type":"delta","content":"更多","error":null,"message_id":"b10da1cf-3bfe-4f7f-963a-873632181fe3","conversation_id":null,"itinerary":null} @ webpack-internal:///(app-pages-browser)/./lib/chat-transport.ts:103
[ 1720532ms] [LOG] [ChatTransport] Received WebSocket response: {"type":"delta","content":"信息","error":null,"message_id":"b10da1cf-3bfe-4f7f-963a-873632181fe3","conversation_id":null,"itinerary":null} @ webpack-internal:///(app-pages-browser)/./lib/chat-transport.ts:103
[ 1720537ms] [LOG] [ChatTransport] Received WebSocket response: {"type":"delta","content":"，","error":null,"message_id":"b10da1cf-3bfe-4f7f-963a-873632181fe3","conversation_id":null,"itinerary":null} @ webpack-internal:///(app-pages-browser)/./lib/chat-transport.ts:103
[ 1720616ms] [LOG] [ChatTransport] Received WebSocket response: {"type":"delta","content":"我可以","error":null,"message_id":"b10da1cf-3bfe-4f7f-963a-873632181fe3","conversation_id":null,"itinerary":null} @ webpack-internal:///(app-pages-browser)/./lib/chat-transport.ts:103
[ 1720620ms] [LOG] [ChatTransport] Received WebSocket response: {"type":"delta","content":"为您","error":null,"message_id":"b10da1cf-3bfe-4f7f-963a-873632181fe3","conversation_id":null,"itinerary":null} @ webpack-internal:///(app-pages-browser)/./lib/chat-transport.ts:103
[ 1720671ms] [LOG] [ChatTransport] Received WebSocket response: {"type":"delta","content":"做","error":null,"message_id":"b10da1cf-3bfe-4f7f-963a-873632181fe3","conversation_id":null,"itinerary":null} @ webpack-internal:///(app-pages-browser)/./lib/chat-transport.ts:103
[ 1720675ms] [LOG] [ChatTransport] Received WebSocket response: {"type":"delta","content":"更","error":null,"message_id":"b10da1cf-3bfe-4f7f-963a-873632181fe3","conversation_id":null,"itinerary":null} @ webpack-internal:///(app-pages-browser)/./lib/chat-transport.ts:103
[ 1720730ms] [LOG] [ChatTransport] Received WebSocket response: {"type":"delta","content":"个性化的","error":null,"message_id":"b10da1cf-3bfe-4f7f-963a-873632181fe3","conversation_id":null,"itinerary":null} @ webpack-internal:///(app-pages-browser)/./lib/chat-transport.ts:103
[ 1720731ms] [LOG] [ChatTransport] Received WebSocket response: {"type":"delta","content":"推荐","error":null,"message_id":"b10da1cf-3bfe-4f7f-963a-873632181fe3","conversation_id":null,"itinerary":null} @ webpack-internal:///(app-pages-browser)/./lib/chat-transport.ts:103
[ 1720785ms] [LOG] [ChatTransport] Received WebSocket response: {"type":"delta","content":"！","error":null,"message_id":"b10da1cf-3bfe-4f7f-963a-873632181fe3","conversation_id":null,"itinerary":null} @ webpack-internal:///(app-pages-browser)/./lib/chat-transport.ts:103
[ 1720791ms] [LOG] [ChatTransport] Received WebSocket response: {"type":"done","content":"您好！很高兴为您规划北京3天行程。我已经为您查询了北京的天气情况，这将是规划行程的重要参考。\n\n### 📅 **北京3天行程规划 (2026-04-16 至 2026-04-18)**\n\n**天气概览：**\n- **第一天 (4月16日，周四)**：小雨转小雨，11-20°C。**建议**：安排室内活动，务必携带雨具。\n- **第二天 (4月17日，周五)**：晴天，13-24°C。**建议**：天气极佳，适合户外游览和拍照。\n- **第三天 (4月18日，周六)**：晴天，16-28°C。**建议**：温暖晴朗，是户外活动的绝佳时机。\n\n---\n\n### **行程安排建议**\n\n#### **第一天：经典皇城 & 室内文化 (小雨天)**\n*   **上午**：**故宫博物院**。即使下雨，故宫的宏伟宫殿和丰富馆藏也足够游览大半天。请务必提前在网上预约门票。\n*   **下午**：从故宫神武门出来，可前往**景山公园**登顶俯瞰故宫全景（小雨中别有韵味，若雨大则谨慎）。随后前往附近的**中国美术馆**或**国家博物馆**（需预约）继续室内文化之旅。\n*   **晚上**：前往**王府井大街**用餐和逛街。\n\n#### **第二天：皇家园林与奥运足迹 (晴朗日)**\n*   **上午**：**颐和园**。利用晴朗天气，游览这座皇家园林，泛舟昆明湖（视开放情况），漫步长廊。\n*   **下午**：前往**圆明园**（与颐和园相邻），感受历史遗迹。或者选择前往**鸟巢（国家体育场）**和**水立方（国家游泳中心）** 参观外景并拍照。\n*   **晚上**：在**奥林匹克公园**周边用餐，欣赏夜景。\n\n#### **第三天：古都风韵与城市漫步 (温暖日)**\n*   **上午**：**天坛公园**。参观祈年殿、回音壁等标志性建筑，感受古代祭天文化。\n*   **下午**：**前门大街** & **大栅栏**。体验老北京商业街的风貌，品尝传统小吃（如全聚德烤鸭、都一处烧麦等）。之后可步行至**什刹海**地区，逛胡同、坐三轮车。\n*   **晚上**：在**什刹海**或**南锣鼓巷**附近享用晚餐，结束愉快的行程。\n\n---\n\n### **温馨提示**\n1.  **门票预约**：故宫、国家博物馆等热门场馆**必须提前在线实名预约**，请务必提前规划。\n2.  **交通**：北京地铁网络发达，是出行首选。可使用手机地图APP导航或购买交通卡。\n3.  **着装**：行程期间温差较大，请采用“洋葱式”穿衣法，方便增减。第一天务必准备防水鞋具和外套。\n4.  **灵活调整**：以上行程可根据您的体力和兴趣进行灵活调整。\n\n为了让您的行程更精准，请问您是否有以下偏好呢？\n- 对历史古迹、现代建筑、自然风光、美食体验哪一类更感兴趣？\n- 是家庭出游、朋友结伴还是独自旅行？\n- 住宿区域或预算是否有特别考虑？\n\n告诉我更多信息，我可以为您做更个性化的推荐！","error":null,"message_id":"b10da1cf-3bfe-4f7f-963a-873632181fe3","conversation_id":"f93e0df1-37df-426f-a397-f34fe549d54a","itinerary":null} @ webpack-internal:///(app-pages-browser)/./lib/chat-transport.ts:103
[ 1720792ms] [LOG] [ChatTransport] Updated conversation_id: f93e0df1-37df-426f-a397-f34fe549d54a @ webpack-internal:///(app-pages-browser)/./lib/chat-transport.ts:125
[ 1832353ms] [LOG] [Fast Refresh] rebuilding @ webpack-internal:///(app-pages-browser)/./node_modules/next/dist/client/dev/hot-reloader/app/hot-reloader-app.js:196
[ 1832979ms] [LOG] [Fast Refresh] rebuilding @ webpack-internal:///(app-pages-browser)/./node_modules/next/dist/client/dev/hot-reloader/app/hot-reloader-app.js:196
[ 1833053ms] [LOG] [Fast Refresh] done in 75ms @ webpack-internal:///(app-pages-browser)/./node_modules/next/dist/client/dev/report-hmr-latency.js:13
[ 1833646ms] [LOG] [Fast Refresh] done in 667ms @ webpack-internal:///(app-pages-browser)/./node_modules/next/dist/client/dev/report-hmr-latency.js:13
[ 1833740ms] [ERROR] Failed to load resource: the server responded with a status of 404 (Not Found) @ http://localhost:3001/favicon.ico:0
[ 1871895ms] [LOG] [Fast Refresh] rebuilding @ webpack-internal:///(app-pages-browser)/./node_modules/next/dist/client/dev/hot-reloader/app/hot-reloader-app.js:196
[ 1872547ms] [LOG] [Fast Refresh] rebuilding @ webpack-internal:///(app-pages-browser)/./node_modules/next/dist/client/dev/hot-reloader/app/hot-reloader-app.js:196
[ 1872591ms] [LOG] [Fast Refresh] done in 43ms @ webpack-internal:///(app-pages-browser)/./node_modules/next/dist/client/dev/report-hmr-latency.js:13
[ 1873352ms] [LOG] [Fast Refresh] done in 804ms @ webpack-internal:///(app-pages-browser)/./node_modules/next/dist/client/dev/report-hmr-latency.js:13
[ 1910521ms] [LOG] [Fast Refresh] rebuilding @ webpack-internal:///(app-pages-browser)/./node_modules/next/dist/client/dev/hot-reloader/app/hot-reloader-app.js:196
[ 1911379ms] [LOG] [Fast Refresh] done in 858ms @ webpack-internal:///(app-pages-browser)/./node_modules/next/dist/client/dev/report-hmr-latency.js:13
[ 1957065ms] [LOG] [Fast Refresh] rebuilding @ webpack-internal:///(app-pages-browser)/./node_modules/next/dist/client/dev/hot-reloader/app/hot-reloader-app.js:196
[ 1957704ms] [LOG] [Fast Refresh] done in 638ms @ webpack-internal:///(app-pages-browser)/./node_modules/next/dist/client/dev/report-hmr-latency.js:13
[ 1991683ms] [LOG] [Fast Refresh] rebuilding @ webpack-internal:///(app-pages-browser)/./node_modules/next/dist/client/dev/hot-reloader/app/hot-reloader-app.js:196
[ 1992017ms] [LOG] [Fast Refresh] done in 333ms @ webpack-internal:///(app-pages-browser)/./node_modules/next/dist/client/dev/report-hmr-latency.js:13
[ 2026672ms] [INFO] %cDownload the React DevTools for a better development experience: https://react.dev/link/react-devtools font-weight:bold @ webpack-internal:///(app-pages-browser)/./node_modules/next/dist/compiled/react-dom/cjs/react-dom-client.development.js:25630
[ 2027090ms] [ERROR] Failed to load resource: the server responded with a status of 401 (Unauthorized) @ http://localhost:8000/api/v1/auth/me:0
[ 2027107ms] [LOG] [Chat] Store conversation changed: f93e0df1-37df-426f-a397-f34fe549d54a @ webpack-internal:///(app-pages-browser)/./app/chat/page.tsx:161
[ 2027108ms] [WARNING] WebSocket connection to 'ws://localhost:8000/ws/chat' failed: WebSocket is closed before the connection is established. @ webpack-internal:///(app-pages-browser)/./lib/chat-transport.ts:56
[ 2027109ms] [LOG] [Chat] Store conversation changed: f93e0df1-37df-426f-a397-f34fe549d54a @ webpack-internal:///(app-pages-browser)/./app/chat/page.tsx:161
[ 2027117ms] [ERROR] [ChatTransport] WebSocket error: Event @ webpack-internal:///(app-pages-browser)/./node_modules/next/dist/next-devtools/userspace/app/errors/intercept-console-error.js:56
[ 2027117ms] [ERROR] Event @ webpack-internal:///(app-pages-browser)/./node_modules/next/dist/next-devtools/userspace/app/errors/intercept-console-error.js:56
[ 2027117ms] [LOG] [ChatTransport] WebSocket disconnected 1006  @ webpack-internal:///(app-pages-browser)/./lib/chat-transport.ts:36
[ 2027117ms] [LOG] [ChatTransport] Reconnecting... (1/5) @ webpack-internal:///(app-pages-browser)/./lib/chat-transport.ts:41
[ 2027291ms] [LOG] [Chat] User initialized: f62f4ec5-1874-4821-97e9-b2c70b35805d @ webpack-internal:///(app-pages-browser)/./app/chat/page.tsx:54
[ 2027299ms] [LOG] [Chat] User ID set to transport: f62f4ec5-1874-4821-97e9-b2c70b35805d @ webpack-internal:///(app-pages-browser)/./app/chat/page.tsx:97
[ 2027307ms] [LOG] [Chat] User initialized: f62f4ec5-1874-4821-97e9-b2c70b35805d @ webpack-internal:///(app-pages-browser)/./app/chat/page.tsx:54
[ 2027414ms] [LOG] [ChatTransport] WebSocket connected @ webpack-internal:///(app-pages-browser)/./lib/chat-transport.ts:25
[ 2028428ms] [LOG] [ChatTransport] WebSocket connected @ webpack-internal:///(app-pages-browser)/./lib/chat-transport.ts:25
[ 2032943ms] [LOG] [Auth] Synced user ID to userManager: f62f4ec5-1874-4821-97e9-b2c70b35805d @ webpack-internal:///(app-pages-browser)/./lib/store/auth-store.ts:97
[ 2039537ms] [LOG] [ChatTransport] sendMessage called, content: 帮我规划广州3天行程，还要查天气 @ webpack-internal:///(app-pages-browser)/./lib/chat-transport.ts:81
[ 2039537ms] [LOG] [ChatTransport] isConnected: true ws.readyState: 1 @ webpack-internal:///(app-pages-browser)/./lib/chat-transport.ts:82
[ 2039538ms] [LOG] [ChatTransport] has_image: false @ webpack-internal:///(app-pages-browser)/./lib/chat-transport.ts:83
[ 2039538ms] [LOG] [ChatTransport] Sending WebSocket message: msg_1776338691471_flvktxg 帮我规划广州3天行程，还要查天气 @ webpack-internal:///(app-pages-browser)/./lib/chat-transport.ts:100
[ 2039538ms] [LOG] [ChatTransport] send() called, isConnected: true readyState: 1 @ webpack-internal:///(app-pages-browser)/./lib/chat-transport.ts:69
[ 2039538ms] [LOG] [ChatTransport] Sending WebSocket data: {"type":"message","session_id":"session_1776338679043_pm5o30u","conversation_id":"f93e0df1-37df-426f-a397-f34fe549d54a","user_id":"f62f4ec5-1874-4821-97e9-b2c70b35805d","content":"帮我规划广州3天行程，还要查天气","has_image":false} @ webpack-internal:///(app-pages-browser)/./lib/chat-transport.ts:71
[ 2045373ms] [LOG] [ChatTransport] sendStop() called, sending stop signal @ webpack-internal:///(app-pages-browser)/./lib/chat-transport.ts:152
[ 2045373ms] [LOG] [ChatTransport] send() called, isConnected: true readyState: 1 @ webpack-internal:///(app-pages-browser)/./lib/chat-transport.ts:69
[ 2045374ms] [LOG] [ChatTransport] Sending WebSocket data: {"type":"control","session_id":"session_1776338679043_pm5o30u","control":"stop","conversation_id":"f93e0df1-37df-426f-a397-f34fe549d54a","user_id":"f62f4ec5-1874-4821-97e9-b2c70b35805d"} @ webpack-internal:///(app-pages-browser)/./lib/chat-transport.ts:71
[ 2045374ms] [LOG] [ChatTransport] Stop signal sent @ webpack-internal:///(app-pages-browser)/./lib/chat-transport.ts:158
[ 2046461ms] [LOG] [ChatTransport] sendStop() called, sending stop signal @ webpack-internal:///(app-pages-browser)/./lib/chat-transport.ts:152
[ 2046461ms] [LOG] [ChatTransport] send() called, isConnected: true readyState: 1 @ webpack-internal:///(app-pages-browser)/./lib/chat-transport.ts:69
[ 2046461ms] [LOG] [ChatTransport] Sending WebSocket data: {"type":"control","session_id":"session_1776338679043_pm5o30u","control":"stop","conversation_id":"f93e0df1-37df-426f-a397-f34fe549d54a","user_id":"f62f4ec5-1874-4821-97e9-b2c70b35805d"} @ webpack-internal:///(app-pages-browser)/./lib/chat-transport.ts:71
[ 2046462ms] [LOG] [ChatTransport] Stop signal sent @ webpack-internal:///(app-pages-browser)/./lib/chat-transport.ts:158
[ 2046646ms] [LOG] [ChatTransport] sendStop() called, sending stop signal @ webpack-internal:///(app-pages-browser)/./lib/chat-transport.ts:152
[ 2046646ms] [LOG] [ChatTransport] send() called, isConnected: true readyState: 1 @ webpack-internal:///(app-pages-browser)/./lib/chat-transport.ts:69
[ 2046646ms] [LOG] [ChatTransport] Sending WebSocket data: {"type":"control","session_id":"session_1776338679043_pm5o30u","control":"stop","conversation_id":"f93e0df1-37df-426f-a397-f34fe549d54a","user_id":"f62f4ec5-1874-4821-97e9-b2c70b35805d"} @ webpack-internal:///(app-pages-browser)/./lib/chat-transport.ts:71
[ 2046646ms] [LOG] [ChatTransport] Stop signal sent @ webpack-internal:///(app-pages-browser)/./lib/chat-transport.ts:158
[ 2046821ms] [LOG] [ChatTransport] sendStop() called, sending stop signal @ webpack-internal:///(app-pages-browser)/./lib/chat-transport.ts:152
[ 2046821ms] [LOG] [ChatTransport] send() called, isConnected: true readyState: 1 @ webpack-internal:///(app-pages-browser)/./lib/chat-transport.ts:69
[ 2046821ms] [LOG] [ChatTransport] Sending WebSocket data: {"type":"control","session_id":"session_1776338679043_pm5o30u","control":"stop","conversation_id":"f93e0df1-37df-426f-a397-f34fe549d54a","user_id":"f62f4ec5-1874-4821-97e9-b2c70b35805d"} @ webpack-internal:///(app-pages-browser)/./lib/chat-transport.ts:71
[ 2046821ms] [LOG] [ChatTransport] Stop signal sent @ webpack-internal:///(app-pages-browser)/./lib/chat-transport.ts:158
[ 2047013ms] [LOG] [ChatTransport] sendStop() called, sending stop signal @ webpack-internal:///(app-pages-browser)/./lib/chat-transport.ts:152
[ 2047014ms] [LOG] [ChatTransport] send() called, isConnected: true readyState: 1 @ webpack-internal:///(app-pages-browser)/./lib/chat-transport.ts:69
[ 2047014ms] [LOG] [ChatTransport] Sending WebSocket data: {"type":"control","session_id":"session_1776338679043_pm5o30u","control":"stop","conversation_id":"f93e0df1-37df-426f-a397-f34fe549d54a","user_id":"f62f4ec5-1874-4821-97e9-b2c70b35805d"} @ webpack-internal:///(app-pages-browser)/./lib/chat-transport.ts:71
[ 2047014ms] [LOG] [ChatTransport] Stop signal sent @ webpack-internal:///(app-pages-browser)/./lib/chat-transport.ts:158
[ 2047019ms] [LOG] [ChatTransport] Received WebSocket response: {"type":"delta","content":"您好","error":null,"message_id":"9a194d5f-195e-4c33-9d76-ae663832f9be","conversation_id":null,"itinerary":null} @ webpack-internal:///(app-pages-browser)/./lib/chat-transport.ts:103
[ 2047181ms] [LOG] [ChatTransport] sendStop() called, sending stop signal @ webpack-internal:///(app-pages-browser)/./lib/chat-transport.ts:152
[ 2047181ms] [LOG] [ChatTransport] send() called, isConnected: true readyState: 1 @ webpack-internal:///(app-pages-browser)/./lib/chat-transport.ts:69
[ 2047181ms] [LOG] [ChatTransport] Sending WebSocket data: {"type":"control","session_id":"session_1776338679043_pm5o30u","control":"stop","conversation_id":"f93e0df1-37df-426f-a397-f34fe549d54a","user_id":"f62f4ec5-1874-4821-97e9-b2c70b35805d"} @ webpack-internal:///(app-pages-browser)/./lib/chat-transport.ts:71
[ 2047181ms] [LOG] [ChatTransport] Stop signal sent @ webpack-internal:///(app-pages-browser)/./lib/chat-transport.ts:158
[ 2047202ms] [LOG] [ChatTransport] Received WebSocket response: {"type":"delta","content":"！","error":null,"message_id":"9a194d5f-195e-4c33-9d76-ae663832f9be","conversation_id":null,"itinerary":null} @ webpack-internal:///(app-pages-browser)/./lib/chat-transport.ts:103
[ 2047266ms] [LOG] [ChatTransport] Received WebSocket response: {"type":"delta","content":"很高兴","error":null,"message_id":"9a194d5f-195e-4c33-9d76-ae663832f9be","conversation_id":null,"itinerary":null} @ webpack-internal:///(app-pages-browser)/./lib/chat-transport.ts:103
[ 2047273ms] [LOG] [ChatTransport] Received WebSocket response: {"type":"delta","content":"为您","error":null,"message_id":"9a194d5f-195e-4c33-9d76-ae663832f9be","conversation_id":null,"itinerary":null} @ webpack-internal:///(app-pages-browser)/./lib/chat-transport.ts:103
[ 2047357ms] [LOG] [ChatTransport] sendStop() called, sending stop signal @ webpack-internal:///(app-pages-browser)/./lib/chat-transport.ts:152
[ 2047357ms] [LOG] [ChatTransport] send() called, isConnected: true readyState: 1 @ webpack-internal:///(app-pages-browser)/./lib/chat-transport.ts:69
[ 2047357ms] [LOG] [ChatTransport] Sending WebSocket data: {"type":"control","session_id":"session_1776338679043_pm5o30u","control":"stop","conversation_id":"f93e0df1-37df-426f-a397-f34fe549d54a","user_id":"f62f4ec5-1874-4821-97e9-b2c70b35805d"} @ webpack-internal:///(app-pages-browser)/./lib/chat-transport.ts:71
[ 2047357ms] [LOG] [ChatTransport] Stop signal sent @ webpack-internal:///(app-pages-browser)/./lib/chat-transport.ts:158
[ 2047394ms] [LOG] [ChatTransport] Received WebSocket response: {"type":"delta","content":"规划","error":null,"message_id":"9a194d5f-195e-4c33-9d76-ae663832f9be","conversation_id":null,"itinerary":null} @ webpack-internal:///(app-pages-browser)/./lib/chat-transport.ts:103
[ 2047394ms] [LOG] [ChatTransport] Received WebSocket response: {"type":"delta","content":"广州","error":null,"message_id":"9a194d5f-195e-4c33-9d76-ae663832f9be","conversation_id":null,"itinerary":null} @ webpack-internal:///(app-pages-browser)/./lib/chat-transport.ts:103
[ 2047432ms] [LOG] [ChatTransport] Received WebSocket response: {"type":"delta","content":"3","error":null,"message_id":"9a194d5f-195e-4c33-9d76-ae663832f9be","conversation_id":null,"itinerary":null} @ webpack-internal:///(app-pages-browser)/./lib/chat-transport.ts:103
[ 2047437ms] [LOG] [ChatTransport] Received WebSocket response: {"type":"delta","content":"天","error":null,"message_id":"9a194d5f-195e-4c33-9d76-ae663832f9be","conversation_id":null,"itinerary":null} @ webpack-internal:///(app-pages-browser)/./lib/chat-transport.ts:103
[ 2047483ms] [LOG] [ChatTransport] Received WebSocket response: {"type":"delta","content":"行程","error":null,"message_id":"9a194d5f-195e-4c33-9d76-ae663832f9be","conversation_id":null,"itinerary":null} @ webpack-internal:///(app-pages-browser)/./lib/chat-transport.ts:103
[ 2047491ms] [LOG] [ChatTransport] Received WebSocket response: {"type":"delta","content":"。","error":null,"message_id":"9a194d5f-195e-4c33-9d76-ae663832f9be","conversation_id":null,"itinerary":null} @ webpack-internal:///(app-pages-browser)/./lib/chat-transport.ts:103
[ 2047525ms] [LOG] [ChatTransport] sendStop() called, sending stop signal @ webpack-internal:///(app-pages-browser)/./lib/chat-transport.ts:152
[ 2047525ms] [LOG] [ChatTransport] send() called, isConnected: true readyState: 1 @ webpack-internal:///(app-pages-browser)/./lib/chat-transport.ts:69
[ 2047525ms] [LOG] [ChatTransport] Sending WebSocket data: {"type":"control","session_id":"session_1776338679043_pm5o30u","control":"stop","conversation_id":"f93e0df1-37df-426f-a397-f34fe549d54a","user_id":"f62f4ec5-1874-4821-97e9-b2c70b35805d"} @ webpack-internal:///(app-pages-browser)/./lib/chat-transport.ts:71
[ 2047525ms] [LOG] [ChatTransport] Stop signal sent @ webpack-internal:///(app-pages-browser)/./lib/chat-transport.ts:158
[ 2047913ms] [LOG] [ChatTransport] Received WebSocket response: {"type":"delta","content":"我已经","error":null,"message_id":"9a194d5f-195e-4c33-9d76-ae663832f9be","conversation_id":null,"itinerary":null} @ webpack-internal:///(app-pages-browser)/./lib/chat-transport.ts:103
[ 2047919ms] [LOG] [ChatTransport] Received WebSocket response: {"type":"delta","content":"为您","error":null,"message_id":"9a194d5f-195e-4c33-9d76-ae663832f9be","conversation_id":null,"itinerary":null} @ webpack-internal:///(app-pages-browser)/./lib/chat-transport.ts:103
[ 2047925ms] [LOG] [ChatTransport] Received WebSocket response: {"type":"delta","content":"查询","error":null,"message_id":"9a194d5f-195e-4c33-9d76-ae663832f9be","conversation_id":null,"itinerary":null} @ webpack-internal:///(app-pages-browser)/./lib/chat-transport.ts:103
[ 2048006ms] [LOG] [ChatTransport] Received WebSocket response: {"type":"delta","content":"了","error":null,"message_id":"9a194d5f-195e-4c33-9d76-ae663832f9be","conversation_id":null,"itinerary":null} @ webpack-internal:///(app-pages-browser)/./lib/chat-transport.ts:103
[ 2048014ms] [LOG] [ChatTransport] Received WebSocket response: {"type":"delta","content":"广州","error":null,"message_id":"9a194d5f-195e-4c33-9d76-ae663832f9be","conversation_id":null,"itinerary":null} @ webpack-internal:///(app-pages-browser)/./lib/chat-transport.ts:103
[ 2048034ms] [LOG] [ChatTransport] Received WebSocket response: {"type":"delta","content":"的","error":null,"message_id":"9a194d5f-195e-4c33-9d76-ae663832f9be","conversation_id":null,"itinerary":null} @ webpack-internal:///(app-pages-browser)/./lib/chat-transport.ts:103
[ 2048039ms] [LOG] [ChatTransport] Received WebSocket response: {"type":"delta","content":"天气","error":null,"message_id":"9a194d5f-195e-4c33-9d76-ae663832f9be","conversation_id":null,"itinerary":null} @ webpack-internal:///(app-pages-browser)/./lib/chat-transport.ts:103
[ 2048057ms] [LOG] [ChatTransport] Received WebSocket response: {"type":"delta","content":"情况","error":null,"message_id":"9a194d5f-195e-4c33-9d76-ae663832f9be","conversation_id":null,"itinerary":null} @ webpack-internal:///(app-pages-browser)/./lib/chat-transport.ts:103
[ 2048062ms] [LOG] [ChatTransport] Received WebSocket response: {"type":"delta","content":"，","error":null,"message_id":"9a194d5f-195e-4c33-9d76-ae663832f9be","conversation_id":null,"itinerary":null} @ webpack-internal:///(app-pages-browser)/./lib/chat-transport.ts:103
[ 2048075ms] [LOG] [ChatTransport] Received WebSocket response: {"type":"delta","content":"这","error":null,"message_id":"9a194d5f-195e-4c33-9d76-ae663832f9be","conversation_id":null,"itinerary":null} @ webpack-internal:///(app-pages-browser)/./lib/chat-transport.ts:103
[ 2048076ms] [LOG] [ChatTransport] Received WebSocket response: {"type":"delta","content":"将是","error":null,"message_id":"9a194d5f-195e-4c33-9d76-ae663832f9be","conversation_id":null,"itinerary":null} @ webpack-internal:///(app-pages-browser)/./lib/chat-transport.ts:103
[ 2048099ms] [LOG] [ChatTransport] Received WebSocket response: {"type":"delta","content":"规划","error":null,"message_id":"9a194d5f-195e-4c33-9d76-ae663832f9be","conversation_id":null,"itinerary":null} @ webpack-internal:///(app-pages-browser)/./lib/chat-transport.ts:103
[ 2048103ms] [LOG] [ChatTransport] Received WebSocket response: {"type":"delta","content":"行程","error":null,"message_id":"9a194d5f-195e-4c33-9d76-ae663832f9be","conversation_id":null,"itinerary":null} @ webpack-internal:///(app-pages-browser)/./lib/chat-transport.ts:103
[ 2048109ms] [LOG] [ChatTransport] Received WebSocket response: {"type":"delta","content":"的重要","error":null,"message_id":"9a194d5f-195e-4c33-9d76-ae663832f9be","conversation_id":null,"itinerary":null} @ webpack-internal:///(app-pages-browser)/./lib/chat-transport.ts:103
[ 2048109ms] [LOG] [ChatTransport] Received WebSocket response: {"type":"delta","content":"参考","error":null,"message_id":"9a194d5f-195e-4c33-9d76-ae663832f9be","conversation_id":null,"itinerary":null} @ webpack-internal:///(app-pages-browser)/./lib/chat-transport.ts:103
[ 2048139ms] [LOG] [ChatTransport] Received WebSocket response: {"type":"delta","content":"。\n\n","error":null,"message_id":"9a194d5f-195e-4c33-9d76-ae663832f9be","conversation_id":null,"itinerary":null} @ webpack-internal:///(app-pages-browser)/./lib/chat-transport.ts:103
[ 2048145ms] [LOG] [ChatTransport] Received WebSocket response: {"type":"delta","content":"###","error":null,"message_id":"9a194d5f-195e-4c33-9d76-ae663832f9be","conversation_id":null,"itinerary":null} @ webpack-internal:///(app-pages-browser)/./lib/chat-transport.ts:103
[ 2048217ms] [LOG] [ChatTransport] Received WebSocket response: {"type":"delta","content":" 📅","error":null,"message_id":"9a194d5f-195e-4c33-9d76-ae663832f9be","conversation_id":null,"itinerary":null} @ webpack-internal:///(app-pages-browser)/./lib/chat-transport.ts:103
[ 2048277ms] [LOG] [ChatTransport] Received WebSocket response: {"type":"delta","content":" **","error":null,"message_id":"9a194d5f-195e-4c33-9d76-ae663832f9be","conversation_id":null,"itinerary":null} @ webpack-internal:///(app-pages-browser)/./lib/chat-transport.ts:103
[ 2048289ms] [LOG] [ChatTransport] Received WebSocket response: {"type":"delta","content":"广州","error":null,"message_id":"9a194d5f-195e-4c33-9d76-ae663832f9be","conversation_id":null,"itinerary":null} @ webpack-internal:///(app-pages-browser)/./lib/chat-transport.ts:103
[ 2048354ms] [LOG] [ChatTransport] Received WebSocket response: {"type":"delta","content":"3","error":null,"message_id":"9a194d5f-195e-4c33-9d76-ae663832f9be","conversation_id":null,"itinerary":null} @ webpack-internal:///(app-pages-browser)/./lib/chat-transport.ts:103
[ 2048361ms] [LOG] [ChatTransport] Received WebSocket response: {"type":"delta","content":"天","error":null,"message_id":"9a194d5f-195e-4c33-9d76-ae663832f9be","conversation_id":null,"itinerary":null} @ webpack-internal:///(app-pages-browser)/./lib/chat-transport.ts:103
[ 2048425ms] [LOG] [ChatTransport] Received WebSocket response: {"type":"delta","content":"行程","error":null,"message_id":"9a194d5f-195e-4c33-9d76-ae663832f9be","conversation_id":null,"itinerary":null} @ webpack-internal:///(app-pages-browser)/./lib/chat-transport.ts:103
[ 2048435ms] [LOG] [ChatTransport] Received WebSocket response: {"type":"delta","content":"规划","error":null,"message_id":"9a194d5f-195e-4c33-9d76-ae663832f9be","conversation_id":null,"itinerary":null} @ webpack-internal:///(app-pages-browser)/./lib/chat-transport.ts:103
[ 2048506ms] [LOG] [ChatTransport] Received WebSocket response: {"type":"delta","content":" (","error":null,"message_id":"9a194d5f-195e-4c33-9d76-ae663832f9be","conversation_id":null,"itinerary":null} @ webpack-internal:///(app-pages-browser)/./lib/chat-transport.ts:103
[ 2048515ms] [LOG] [ChatTransport] Received WebSocket response: {"type":"delta","content":"202","error":null,"message_id":"9a194d5f-195e-4c33-9d76-ae663832f9be","conversation_id":null,"itinerary":null} @ webpack-internal:///(app-pages-browser)/./lib/chat-transport.ts:103
[ 2048579ms] [LOG] [ChatTransport] Received WebSocket response: {"type":"delta","content":"6","error":null,"message_id":"9a194d5f-195e-4c33-9d76-ae663832f9be","conversation_id":null,"itinerary":null} @ webpack-internal:///(app-pages-browser)/./lib/chat-transport.ts:103
[ 2048587ms] [LOG] [ChatTransport] Received WebSocket response: {"type":"delta","content":"-","error":null,"message_id":"9a194d5f-195e-4c33-9d76-ae663832f9be","conversation_id":null,"itinerary":null} @ webpack-internal:///(app-pages-browser)/./lib/chat-transport.ts:103
[ 2048649ms] [LOG] [ChatTransport] Received WebSocket response: {"type":"delta","content":"04","error":null,"message_id":"9a194d5f-195e-4c33-9d76-ae663832f9be","conversation_id":null,"itinerary":null} @ webpack-internal:///(app-pages-browser)/./lib/chat-transport.ts:103
[ 2048655ms] [LOG] [ChatTransport] Received WebSocket response: {"type":"delta","content":"-","error":null,"message_id":"9a194d5f-195e-4c33-9d76-ae663832f9be","conversation_id":null,"itinerary":null} @ webpack-internal:///(app-pages-browser)/./lib/chat-transport.ts:103
[ 2048723ms] [LOG] [ChatTransport] Received WebSocket response: {"type":"delta","content":"16","error":null,"message_id":"9a194d5f-195e-4c33-9d76-ae663832f9be","conversation_id":null,"itinerary":null} @ webpack-internal:///(app-pages-browser)/./lib/chat-transport.ts:103
[ 2048737ms] [LOG] [ChatTransport] Received WebSocket response: {"type":"delta","content":" ","error":null,"message_id":"9a194d5f-195e-4c33-9d76-ae663832f9be","conversation_id":null,"itinerary":null} @ webpack-internal:///(app-pages-browser)/./lib/chat-transport.ts:103
[ 2048800ms] [LOG] [ChatTransport] Received WebSocket response: {"type":"delta","content":"至","error":null,"message_id":"9a194d5f-195e-4c33-9d76-ae663832f9be","conversation_id":null,"itinerary":null} @ webpack-internal:///(app-pages-browser)/./lib/chat-transport.ts:103
[ 2048800ms] [LOG] [ChatTransport] Received WebSocket response: {"type":"delta","content":" ","error":null,"message_id":"9a194d5f-195e-4c33-9d76-ae663832f9be","conversation_id":null,"itinerary":null} @ webpack-internal:///(app-pages-browser)/./lib/chat-transport.ts:103
[ 2048881ms] [LOG] [ChatTransport] Received WebSocket response: {"type":"delta","content":"202","error":null,"message_id":"9a194d5f-195e-4c33-9d76-ae663832f9be","conversation_id":null,"itinerary":null} @ webpack-internal:///(app-pages-browser)/./lib/chat-transport.ts:103
[ 2048887ms] [LOG] [ChatTransport] Received WebSocket response: {"type":"delta","content":"6","error":null,"message_id":"9a194d5f-195e-4c33-9d76-ae663832f9be","conversation_id":null,"itinerary":null} @ webpack-internal:///(app-pages-browser)/./lib/chat-transport.ts:103
[ 2049099ms] [LOG] [ChatTransport] Received WebSocket response: {"type":"delta","content":"-","error":null,"message_id":"9a194d5f-195e-4c33-9d76-ae663832f9be","conversation_id":null,"itinerary":null} @ webpack-internal:///(app-pages-browser)/./lib/chat-transport.ts:103
[ 2049106ms] [LOG] [ChatTransport] Received WebSocket response: {"type":"delta","content":"04","error":null,"message_id":"9a194d5f-195e-4c33-9d76-ae663832f9be","conversation_id":null,"itinerary":null} @ webpack-internal:///(app-pages-browser)/./lib/chat-transport.ts:103
[ 2049112ms] [LOG] [ChatTransport] Received WebSocket response: {"type":"delta","content":"-","error":null,"message_id":"9a194d5f-195e-4c33-9d76-ae663832f9be","conversation_id":null,"itinerary":null} @ webpack-internal:///(app-pages-browser)/./lib/chat-transport.ts:103
[ 2049112ms] [LOG] [ChatTransport] Received WebSocket response: {"type":"delta","content":"18","error":null,"message_id":"9a194d5f-195e-4c33-9d76-ae663832f9be","conversation_id":null,"itinerary":null} @ webpack-internal:///(app-pages-browser)/./lib/chat-transport.ts:103
[ 2049112ms] [LOG] [ChatTransport] Received WebSocket response: {"type":"delta","content":")**\n\n","error":null,"message_id":"9a194d5f-195e-4c33-9d76-ae663832f9be","conversation_id":null,"itinerary":null} @ webpack-internal:///(app-pages-browser)/./lib/chat-transport.ts:103
[ 2049112ms] [LOG] [ChatTransport] Received WebSocket response: {"type":"delta","content":"**","error":null,"message_id":"9a194d5f-195e-4c33-9d76-ae663832f9be","conversation_id":null,"itinerary":null} @ webpack-internal:///(app-pages-browser)/./lib/chat-transport.ts:103
[ 2049170ms] [LOG] [ChatTransport] Received WebSocket response: {"type":"delta","content":"天气","error":null,"message_id":"9a194d5f-195e-4c33-9d76-ae663832f9be","conversation_id":null,"itinerary":null} @ webpack-internal:///(app-pages-browser)/./lib/chat-transport.ts:103
[ 2049178ms] [LOG] [ChatTransport] Received WebSocket response: {"type":"delta","content":"概","error":null,"message_id":"9a194d5f-195e-4c33-9d76-ae663832f9be","conversation_id":null,"itinerary":null} @ webpack-internal:///(app-pages-browser)/./lib/chat-transport.ts:103
[ 2049250ms] [LOG] [ChatTransport] Received WebSocket response: {"type":"delta","content":"览","error":null,"message_id":"9a194d5f-195e-4c33-9d76-ae663832f9be","conversation_id":null,"itinerary":null} @ webpack-internal:///(app-pages-browser)/./lib/chat-transport.ts:103
[ 2049256ms] [LOG] [ChatTransport] Received WebSocket response: {"type":"delta","content":"：","error":null,"message_id":"9a194d5f-195e-4c33-9d76-ae663832f9be","conversation_id":null,"itinerary":null} @ webpack-internal:///(app-pages-browser)/./lib/chat-transport.ts:103
[ 2049326ms] [LOG] [ChatTransport] Received WebSocket response: {"type":"delta","content":"**\n","error":null,"message_id":"9a194d5f-195e-4c33-9d76-ae663832f9be","conversation_id":null,"itinerary":null} @ webpack-internal:///(app-pages-browser)/./lib/chat-transport.ts:103
[ 2049332ms] [LOG] [ChatTransport] Received WebSocket response: {"type":"delta","content":"-","error":null,"message_id":"9a194d5f-195e-4c33-9d76-ae663832f9be","conversation_id":null,"itinerary":null} @ webpack-internal:///(app-pages-browser)/./lib/chat-transport.ts:103
[ 2049390ms] [LOG] [ChatTransport] Received WebSocket response: {"type":"delta","content":" **","error":null,"message_id":"9a194d5f-195e-4c33-9d76-ae663832f9be","conversation_id":null,"itinerary":null} @ webpack-internal:///(app-pages-browser)/./lib/chat-transport.ts:103
[ 2049400ms] [LOG] [ChatTransport] Received WebSocket response: {"type":"delta","content":"第一天","error":null,"message_id":"9a194d5f-195e-4c33-9d76-ae663832f9be","conversation_id":null,"itinerary":null} @ webpack-internal:///(app-pages-browser)/./lib/chat-transport.ts:103
[ 2049470ms] [LOG] [ChatTransport] Received WebSocket response: {"type":"delta","content":" (","error":null,"message_id":"9a194d5f-195e-4c33-9d76-ae663832f9be","conversation_id":null,"itinerary":null} @ webpack-internal:///(app-pages-browser)/./lib/chat-transport.ts:103
[ 2049479ms] [LOG] [ChatTransport] Received WebSocket response: {"type":"delta","content":"4","error":null,"message_id":"9a194d5f-195e-4c33-9d76-ae663832f9be","conversation_id":null,"itinerary":null} @ webpack-internal:///(app-pages-browser)/./lib/chat-transport.ts:103
[ 2049538ms] [LOG] [ChatTransport] Received WebSocket response: {"type":"delta","content":"月","error":null,"message_id":"9a194d5f-195e-4c33-9d76-ae663832f9be","conversation_id":null,"itinerary":null} @ webpack-internal:///(app-pages-browser)/./lib/chat-transport.ts:103
[ 2049539ms] [LOG] [ChatTransport] Received WebSocket response: {"type":"delta","content":"16","error":null,"message_id":"9a194d5f-195e-4c33-9d76-ae663832f9be","conversation_id":null,"itinerary":null} @ webpack-internal:///(app-pages-browser)/./lib/chat-transport.ts:103
[ 2049619ms] [LOG] [ChatTransport] Received WebSocket response: {"type":"delta","content":"日","error":null,"message_id":"9a194d5f-195e-4c33-9d76-ae663832f9be","conversation_id":null,"itinerary":null} @ webpack-internal:///(app-pages-browser)/./lib/chat-transport.ts:103
[ 2049627ms] [LOG] [ChatTransport] Received WebSocket response: {"type":"delta","content":"，","error":null,"message_id":"9a194d5f-195e-4c33-9d76-ae663832f9be","conversation_id":null,"itinerary":null} @ webpack-internal:///(app-pages-browser)/./lib/chat-transport.ts:103
[ 2049687ms] [LOG] [ChatTransport] Received WebSocket response: {"type":"delta","content":"周四","error":null,"message_id":"9a194d5f-195e-4c33-9d76-ae663832f9be","conversation_id":null,"itinerary":null} @ webpack-internal:///(app-pages-browser)/./lib/chat-transport.ts:103
[ 2049696ms] [LOG] [ChatTransport] Received WebSocket response: {"type":"delta","content":")**","error":null,"message_id":"9a194d5f-195e-4c33-9d76-ae663832f9be","conversation_id":null,"itinerary":null} @ webpack-internal:///(app-pages-browser)/./lib/chat-transport.ts:103
[ 2049771ms] [LOG] [ChatTransport] Received WebSocket response: {"type":"delta","content":"：","error":null,"message_id":"9a194d5f-195e-4c33-9d76-ae663832f9be","conversation_id":null,"itinerary":null} @ webpack-internal:///(app-pages-browser)/./lib/chat-transport.ts:103
[ 2049771ms] [LOG] [ChatTransport] Received WebSocket response: {"type":"delta","content":"多云","error":null,"message_id":"9a194d5f-195e-4c33-9d76-ae663832f9be","conversation_id":null,"itinerary":null} @ webpack-internal:///(app-pages-browser)/./lib/chat-transport.ts:103
[ 2049870ms] [LOG] [ChatTransport] Received WebSocket response: {"type":"delta","content":"，","error":null,"message_id":"9a194d5f-195e-4c33-9d76-ae663832f9be","conversation_id":null,"itinerary":null} @ webpack-internal:///(app-pages-browser)/./lib/chat-transport.ts:103
[ 2049897ms] [LOG] [ChatTransport] Received WebSocket response: {"type":"delta","content":"22","error":null,"message_id":"9a194d5f-195e-4c33-9d76-ae663832f9be","conversation_id":null,"itinerary":null} @ webpack-internal:///(app-pages-browser)/./lib/chat-transport.ts:103
[ 2049932ms] [LOG] [ChatTransport] Received WebSocket response: {"type":"delta","content":"-","error":null,"message_id":"9a194d5f-195e-4c33-9d76-ae663832f9be","conversation_id":null,"itinerary":null} @ webpack-internal:///(app-pages-browser)/./lib/chat-transport.ts:103
[ 2049937ms] [LOG] [ChatTransport] Received WebSocket response: {"type":"delta","content":"29","error":null,"message_id":"9a194d5f-195e-4c33-9d76-ae663832f9be","conversation_id":null,"itinerary":null} @ webpack-internal:///(app-pages-browser)/./lib/chat-transport.ts:103
[ 2049987ms] [LOG] [ChatTransport] Received WebSocket response: {"type":"delta","content":"°","error":null,"message_id":"9a194d5f-195e-4c33-9d76-ae663832f9be","conversation_id":null,"itinerary":null} @ webpack-internal:///(app-pages-browser)/./lib/chat-transport.ts:103
[ 2049996ms] [LOG] [ChatTransport] Received WebSocket response: {"type":"delta","content":"C","error":null,"message_id":"9a194d5f-195e-4c33-9d76-ae663832f9be","conversation_id":null,"itinerary":null} @ webpack-internal:///(app-pages-browser)/./lib/chat-transport.ts:103
[ 2050060ms] [LOG] [ChatTransport] Received WebSocket response: {"type":"delta","content":"。","error":null,"message_id":"9a194d5f-195e-4c33-9d76-ae663832f9be","conversation_id":null,"itinerary":null} @ webpack-internal:///(app-pages-browser)/./lib/chat-transport.ts:103
[ 2050068ms] [LOG] [ChatTransport] Received WebSocket response: {"type":"delta","content":"**","error":null,"message_id":"9a194d5f-195e-4c33-9d76-ae663832f9be","conversation_id":null,"itinerary":null} @ webpack-internal:///(app-pages-browser)/./lib/chat-transport.ts:103
[ 2050144ms] [LOG] [ChatTransport] Received WebSocket response: {"type":"delta","content":"建议","error":null,"message_id":"9a194d5f-195e-4c33-9d76-ae663832f9be","conversation_id":null,"itinerary":null} @ webpack-internal:///(app-pages-browser)/./lib/chat-transport.ts:103
[ 2050155ms] [LOG] [ChatTransport] Received WebSocket response: {"type":"delta","content":"**","error":null,"message_id":"9a194d5f-195e-4c33-9d76-ae663832f9be","conversation_id":null,"itinerary":null} @ webpack-internal:///(app-pages-browser)/./lib/chat-transport.ts:103
[ 2050978ms] [LOG] [ChatTransport] Received WebSocket response: {"type":"delta","content":"：","error":null,"message_id":"9a194d5f-195e-4c33-9d76-ae663832f9be","conversation_id":null,"itinerary":null} @ webpack-internal:///(app-pages-browser)/./lib/chat-transport.ts:103
[ 2050987ms] [LOG] [ChatTransport] Received WebSocket response: {"type":"delta","content":"天气","error":null,"message_id":"9a194d5f-195e-4c33-9d76-ae663832f9be","conversation_id":null,"itinerary":null} @ webpack-internal:///(app-pages-browser)/./lib/chat-transport.ts:103
[ 2051010ms] [LOG] [ChatTransport] Received WebSocket response: {"type":"delta","content":"不错","error":null,"message_id":"9a194d5f-195e-4c33-9d76-ae663832f9be","conversation_id":null,"itinerary":null} @ webpack-internal:///(app-pages-browser)/./lib/chat-transport.ts:103
[ 2051031ms] [LOG] [ChatTransport] Received WebSocket response: {"type":"delta","content":"，","error":null,"message_id":"9a194d5f-195e-4c33-9d76-ae663832f9be","conversation_id":null,"itinerary":null} @ webpack-internal:///(app-pages-browser)/./lib/chat-transport.ts:103
[ 2051031ms] [LOG] [ChatTransport] Received WebSocket response: {"type":"delta","content":"非常适合","error":null,"message_id":"9a194d5f-195e-4c33-9d76-ae663832f9be","conversation_id":null,"itinerary":null} @ webpack-internal:///(app-pages-browser)/./lib/chat-transport.ts:103
[ 2051062ms] [LOG] [ChatTransport] Received WebSocket response: {"type":"delta","content":"户外","error":null,"message_id":"9a194d5f-195e-4c33-9d76-ae663832f9be","conversation_id":null,"itinerary":null} @ webpack-internal:///(app-pages-browser)/./lib/chat-transport.ts:103
[ 2051062ms] [LOG] [ChatTransport] Received WebSocket response: {"type":"delta","content":"游览","error":null,"message_id":"9a194d5f-195e-4c33-9d76-ae663832f9be","conversation_id":null,"itinerary":null} @ webpack-internal:///(app-pages-browser)/./lib/chat-transport.ts:103
[ 2051072ms] [LOG] [ChatTransport] Received WebSocket response: {"type":"delta","content":"。\n","error":null,"message_id":"9a194d5f-195e-4c33-9d76-ae663832f9be","conversation_id":null,"itinerary":null} @ webpack-internal:///(app-pages-browser)/./lib/chat-transport.ts:103
[ 2051096ms] [LOG] [ChatTransport] Received WebSocket response: {"type":"delta","content":"-","error":null,"message_id":"9a194d5f-195e-4c33-9d76-ae663832f9be","conversation_id":null,"itinerary":null} @ webpack-internal:///(app-pages-browser)/./lib/chat-transport.ts:103
[ 2051096ms] [LOG] [ChatTransport] Received WebSocket response: {"type":"delta","content":" **","error":null,"message_id":"9a194d5f-195e-4c33-9d76-ae663832f9be","conversation_id":null,"itinerary":null} @ webpack-internal:///(app-pages-browser)/./lib/chat-transport.ts:103
[ 2051120ms] [LOG] [ChatTransport] Received WebSocket response: {"type":"delta","content":"第二天","error":null,"message_id":"9a194d5f-195e-4c33-9d76-ae663832f9be","conversation_id":null,"itinerary":null} @ webpack-internal:///(app-pages-browser)/./lib/chat-transport.ts:103
[ 2051128ms] [LOG] [ChatTransport] Received WebSocket response: {"type":"delta","content":" (","error":null,"message_id":"9a194d5f-195e-4c33-9d76-ae663832f9be","conversation_id":null,"itinerary":null} @ webpack-internal:///(app-pages-browser)/./lib/chat-transport.ts:103
[ 2051168ms] [LOG] [ChatTransport] Received WebSocket response: {"type":"delta","content":"4","error":null,"message_id":"9a194d5f-195e-4c33-9d76-ae663832f9be","conversation_id":null,"itinerary":null} @ webpack-internal:///(app-pages-browser)/./lib/chat-transport.ts:103
[ 2051180ms] [LOG] [ChatTransport] Received WebSocket response: {"type":"delta","content":"月","error":null,"message_id":"9a194d5f-195e-4c33-9d76-ae663832f9be","conversation_id":null,"itinerary":null} @ webpack-internal:///(app-pages-browser)/./lib/chat-transport.ts:103
[ 2051207ms] [LOG] [ChatTransport] Received WebSocket response: {"type":"delta","content":"17","error":null,"message_id":"9a194d5f-195e-4c33-9d76-ae663832f9be","conversation_id":null,"itinerary":null} @ webpack-internal:///(app-pages-browser)/./lib/chat-transport.ts:103
[ 2051217ms] [LOG] [ChatTransport] Received WebSocket response: {"type":"delta","content":"日","error":null,"message_id":"9a194d5f-195e-4c33-9d76-ae663832f9be","conversation_id":null,"itinerary":null} @ webpack-internal:///(app-pages-browser)/./lib/chat-transport.ts:103
[ 2051223ms] [LOG] [ChatTransport] Received WebSocket response: {"type":"delta","content":"，","error":null,"message_id":"9a194d5f-195e-4c33-9d76-ae663832f9be","conversation_id":null,"itinerary":null} @ webpack-internal:///(app-pages-browser)/./lib/chat-transport.ts:103
[ 2051223ms] [LOG] [ChatTransport] Received WebSocket response: {"type":"delta","content":"周五","error":null,"message_id":"9a194d5f-195e-4c33-9d76-ae663832f9be","conversation_id":null,"itinerary":null} @ webpack-internal:///(app-pages-browser)/./lib/chat-transport.ts:103
[ 2051238ms] [LOG] [ChatTransport] Received WebSocket response: {"type":"delta","content":")**","error":null,"message_id":"9a194d5f-195e-4c33-9d76-ae663832f9be","conversation_id":null,"itinerary":null} @ webpack-internal:///(app-pages-browser)/./lib/chat-transport.ts:103
[ 2051243ms] [LOG] [ChatTransport] Received WebSocket response: {"type":"delta","content":"：","error":null,"message_id":"9a194d5f-195e-4c33-9d76-ae663832f9be","conversation_id":null,"itinerary":null} @ webpack-internal:///(app-pages-browser)/./lib/chat-transport.ts:103
[ 2051247ms] [LOG] [ChatTransport] Received WebSocket response: {"type":"delta","content":"中","error":null,"message_id":"9a194d5f-195e-4c33-9d76-ae663832f9be","conversation_id":null,"itinerary":null} @ webpack-internal:///(app-pages-browser)/./lib/chat-transport.ts:103
[ 2051252ms] [LOG] [ChatTransport] Received WebSocket response: {"type":"delta","content":"雨","error":null,"message_id":"9a194d5f-195e-4c33-9d76-ae663832f9be","conversation_id":null,"itinerary":null} @ webpack-internal:///(app-pages-browser)/./lib/chat-transport.ts:103
[ 2051252ms] [LOG] [ChatTransport] Received WebSocket response: {"type":"delta","content":"转","error":null,"message_id":"9a194d5f-195e-4c33-9d76-ae663832f9be","conversation_id":null,"itinerary":null} @ webpack-internal:///(app-pages-browser)/./lib/chat-transport.ts:103
[ 2051252ms] [LOG] [ChatTransport] Received WebSocket response: {"type":"delta","content":"小雨","error":null,"message_id":"9a194d5f-195e-4c33-9d76-ae663832f9be","conversation_id":null,"itinerary":null} @ webpack-internal:///(app-pages-browser)/./lib/chat-transport.ts:103
[ 2051252ms] [LOG] [ChatTransport] Received WebSocket response: {"type":"delta","content":"，","error":null,"message_id":"9a194d5f-195e-4c33-9d76-ae663832f9be","conversation_id":null,"itinerary":null} @ webpack-internal:///(app-pages-browser)/./lib/chat-transport.ts:103
[ 2051252ms] [LOG] [ChatTransport] Received WebSocket response: {"type":"delta","content":"22","error":null,"message_id":"9a194d5f-195e-4c33-9d76-ae663832f9be","conversation_id":null,"itinerary":null} @ webpack-internal:///(app-pages-browser)/./lib/chat-transport.ts:103
[ 2051258ms] [LOG] [ChatTransport] Received WebSocket response: {"type":"delta","content":"-","error":null,"message_id":"9a194d5f-195e-4c33-9d76-ae663832f9be","conversation_id":null,"itinerary":null} @ webpack-internal:///(app-pages-browser)/./lib/chat-transport.ts:103
[ 2051258ms] [LOG] [ChatTransport] Received WebSocket response: {"type":"delta","content":"28","error":null,"message_id":"9a194d5f-195e-4c33-9d76-ae663832f9be","conversation_id":null,"itinerary":null} @ webpack-internal:///(app-pages-browser)/./lib/chat-transport.ts:103
[ 2051324ms] [LOG] [ChatTransport] Received WebSocket response: {"type":"delta","content":"°","error":null,"message_id":"9a194d5f-195e-4c33-9d76-ae663832f9be","conversation_id":null,"itinerary":null} @ webpack-internal:///(app-pages-browser)/./lib/chat-transport.ts:103
[ 2051335ms] [LOG] [ChatTransport] Received WebSocket response: {"type":"delta","content":"C","error":null,"message_id":"9a194d5f-195e-4c33-9d76-ae663832f9be","conversation_id":null,"itinerary":null} @ webpack-internal:///(app-pages-browser)/./lib/chat-transport.ts:103
[ 2051394ms] [LOG] [ChatTransport] Received WebSocket response: {"type":"delta","content":"。","error":null,"message_id":"9a194d5f-195e-4c33-9d76-ae663832f9be","conversation_id":null,"itinerary":null} @ webpack-internal:///(app-pages-browser)/./lib/chat-transport.ts:103
[ 2051404ms] [LOG] [ChatTransport] Received WebSocket response: {"type":"delta","content":"**","error":null,"message_id":"9a194d5f-195e-4c33-9d76-ae663832f9be","conversation_id":null,"itinerary":null} @ webpack-internal:///(app-pages-browser)/./lib/chat-transport.ts:103
[ 2052106ms] [LOG] [ChatTransport] Received WebSocket response: {"type":"delta","content":"建议","error":null,"message_id":"9a194d5f-195e-4c33-9d76-ae663832f9be","conversation_id":null,"itinerary":null} @ webpack-internal:///(app-pages-browser)/./lib/chat-transport.ts:103
[ 2052116ms] [LOG] [ChatTransport] Received WebSocket response: {"type":"delta","content":"**","error":null,"message_id":"9a194d5f-195e-4c33-9d76-ae663832f9be","conversation_id":null,"itinerary":null} @ webpack-internal:///(app-pages-browser)/./lib/chat-transport.ts:103
[ 2052158ms] [LOG] [ChatTransport] Received WebSocket response: {"type":"delta","content":"：","error":null,"message_id":"9a194d5f-195e-4c33-9d76-ae663832f9be","conversation_id":null,"itinerary":null} @ webpack-internal:///(app-pages-browser)/./lib/chat-transport.ts:103
[ 2052167ms] [LOG] [ChatTransport] Received WebSocket response: {"type":"delta","content":"全天","error":null,"message_id":"9a194d5f-195e-4c33-9d76-ae663832f9be","conversation_id":null,"itinerary":null} @ webpack-internal:///(app-pages-browser)/./lib/chat-transport.ts:103
[ 2052174ms] [LOG] [ChatTransport] Received WebSocket response: {"type":"delta","content":"有","error":null,"message_id":"9a194d5f-195e-4c33-9d76-ae663832f9be","conversation_id":null,"itinerary":null} @ webpack-internal:///(app-pages-browser)/./lib/chat-transport.ts:103
[ 2052174ms] [LOG] [ChatTransport] Received WebSocket response: {"type":"delta","content":"雨","error":null,"message_id":"9a194d5f-195e-4c33-9d76-ae663832f9be","conversation_id":null,"itinerary":null} @ webpack-internal:///(app-pages-browser)/./lib/chat-transport.ts:103
[ 2052174ms] [LOG] [ChatTransport] Received WebSocket response: {"type":"delta","content":"，","error":null,"message_id":"9a194d5f-195e-4c33-9d76-ae663832f9be","conversation_id":null,"itinerary":null} @ webpack-internal:///(app-pages-browser)/./lib/chat-transport.ts:103
[ 2052174ms] [LOG] [ChatTransport] Received WebSocket response: {"type":"delta","content":"务必","error":null,"message_id":"9a194d5f-195e-4c33-9d76-ae663832f9be","conversation_id":null,"itinerary":null} @ webpack-internal:///(app-pages-browser)/./lib/chat-transport.ts:103
[ 2052180ms] [LOG] [ChatTransport] Received WebSocket response: {"type":"delta","content":"携带","error":null,"message_id":"9a194d5f-195e-4c33-9d76-ae663832f9be","conversation_id":null,"itinerary":null} @ webpack-internal:///(app-pages-browser)/./lib/chat-transport.ts:103
[ 2052180ms] [LOG] [ChatTransport] Received WebSocket response: {"type":"delta","content":"雨","error":null,"message_id":"9a194d5f-195e-4c33-9d76-ae663832f9be","conversation_id":null,"itinerary":null} @ webpack-internal:///(app-pages-browser)/./lib/chat-transport.ts:103
[ 2052180ms] [LOG] [ChatTransport] Received WebSocket response: {"type":"delta","content":"具","error":null,"message_id":"9a194d5f-195e-4c33-9d76-ae663832f9be","conversation_id":null,"itinerary":null} @ webpack-internal:///(app-pages-browser)/./lib/chat-transport.ts:103
[ 2052180ms] [LOG] [ChatTransport] Received WebSocket response: {"type":"delta","content":"，","error":null,"message_id":"9a194d5f-195e-4c33-9d76-ae663832f9be","conversation_id":null,"itinerary":null} @ webpack-internal:///(app-pages-browser)/./lib/chat-transport.ts:103
[ 2052180ms] [LOG] [ChatTransport] Received WebSocket response: {"type":"delta","content":"并","error":null,"message_id":"9a194d5f-195e-4c33-9d76-ae663832f9be","conversation_id":null,"itinerary":null} @ webpack-internal:///(app-pages-browser)/./lib/chat-transport.ts:103
[ 2052180ms] [LOG] [ChatTransport] Received WebSocket response: {"type":"delta","content":"优先","error":null,"message_id":"9a194d5f-195e-4c33-9d76-ae663832f9be","conversation_id":null,"itinerary":null} @ webpack-internal:///(app-pages-browser)/./lib/chat-transport.ts:103
[ 2052180ms] [LOG] [ChatTransport] Received WebSocket response: {"type":"delta","content":"安排","error":null,"message_id":"9a194d5f-195e-4c33-9d76-ae663832f9be","conversation_id":null,"itinerary":null} @ webpack-internal:///(app-pages-browser)/./lib/chat-transport.ts:103
[ 2052180ms] [LOG] [ChatTransport] Received WebSocket response: {"type":"delta","content":"室内","error":null,"message_id":"9a194d5f-195e-4c33-9d76-ae663832f9be","conversation_id":null,"itinerary":null} @ webpack-internal:///(app-pages-browser)/./lib/chat-transport.ts:103
[ 2052180ms] [LOG] [ChatTransport] Received WebSocket response: {"type":"delta","content":"活动","error":null,"message_id":"9a194d5f-195e-4c33-9d76-ae663832f9be","conversation_id":null,"itinerary":null} @ webpack-internal:///(app-pages-browser)/./lib/chat-transport.ts:103
[ 2052180ms] [LOG] [ChatTransport] Received WebSocket response: {"type":"delta","content":"。\n","error":null,"message_id":"9a194d5f-195e-4c33-9d76-ae663832f9be","conversation_id":null,"itinerary":null} @ webpack-internal:///(app-pages-browser)/./lib/chat-transport.ts:103
[ 2052180ms] [LOG] [ChatTransport] Received WebSocket response: {"type":"delta","content":"-","error":null,"message_id":"9a194d5f-195e-4c33-9d76-ae663832f9be","conversation_id":null,"itinerary":null} @ webpack-internal:///(app-pages-browser)/./lib/chat-transport.ts:103
[ 2052245ms] [LOG] [ChatTransport] Received WebSocket response: {"type":"delta","content":" **","error":null,"message_id":"9a194d5f-195e-4c33-9d76-ae663832f9be","conversation_id":null,"itinerary":null} @ webpack-internal:///(app-pages-browser)/./lib/chat-transport.ts:103
[ 2052257ms] [LOG] [ChatTransport] Received WebSocket response: {"type":"delta","content":"第三天","error":null,"message_id":"9a194d5f-195e-4c33-9d76-ae663832f9be","conversation_id":null,"itinerary":null} @ webpack-internal:///(app-pages-browser)/./lib/chat-transport.ts:103
[ 2052317ms] [LOG] [ChatTransport] Received WebSocket response: {"type":"delta","content":" (","error":null,"message_id":"9a194d5f-195e-4c33-9d76-ae663832f9be","conversation_id":null,"itinerary":null} @ webpack-internal:///(app-pages-browser)/./lib/chat-transport.ts:103
[ 2052323ms] [LOG] [ChatTransport] Received WebSocket response: {"type":"delta","content":"4","error":null,"message_id":"9a194d5f-195e-4c33-9d76-ae663832f9be","conversation_id":null,"itinerary":null} @ webpack-internal:///(app-pages-browser)/./lib/chat-transport.ts:103
[ 2052550ms] [LOG] [ChatTransport] Received WebSocket response: {"type":"delta","content":"月","error":null,"message_id":"9a194d5f-195e-4c33-9d76-ae663832f9be","conversation_id":null,"itinerary":null} @ webpack-internal:///(app-pages-browser)/./lib/chat-transport.ts:103
[ 2052559ms] [LOG] [ChatTransport] Received WebSocket response: {"type":"delta","content":"18","error":null,"message_id":"9a194d5f-195e-4c33-9d76-ae663832f9be","conversation_id":null,"itinerary":null} @ webpack-internal:///(app-pages-browser)/./lib/chat-transport.ts:103
[ 2052570ms] [LOG] [ChatTransport] Received WebSocket response: {"type":"delta","content":"日","error":null,"message_id":"9a194d5f-195e-4c33-9d76-ae663832f9be","conversation_id":null,"itinerary":null} @ webpack-internal:///(app-pages-browser)/./lib/chat-transport.ts:103
[ 2052571ms] [LOG] [ChatTransport] Received WebSocket response: {"type":"delta","content":"，","error":null,"message_id":"9a194d5f-195e-4c33-9d76-ae663832f9be","conversation_id":null,"itinerary":null} @ webpack-internal:///(app-pages-browser)/./lib/chat-transport.ts:103
[ 2052571ms] [LOG] [ChatTransport] Received WebSocket response: {"type":"delta","content":"周六","error":null,"message_id":"9a194d5f-195e-4c33-9d76-ae663832f9be","conversation_id":null,"itinerary":null} @ webpack-internal:///(app-pages-browser)/./lib/chat-transport.ts:103
[ 2052571ms] [LOG] [ChatTransport] Received WebSocket response: {"type":"delta","content":")**","error":null,"message_id":"9a194d5f-195e-4c33-9d76-ae663832f9be","conversation_id":null,"itinerary":null} @ webpack-internal:///(app-pages-browser)/./lib/chat-transport.ts:103
[ 2052609ms] [LOG] [ChatTransport] Received WebSocket response: {"type":"delta","content":"：","error":null,"message_id":"9a194d5f-195e-4c33-9d76-ae663832f9be","conversation_id":null,"itinerary":null} @ webpack-internal:///(app-pages-browser)/./lib/chat-transport.ts:103
[ 2052620ms] [LOG] [ChatTransport] Received WebSocket response: {"type":"delta","content":"多云","error":null,"message_id":"9a194d5f-195e-4c33-9d76-ae663832f9be","conversation_id":null,"itinerary":null} @ webpack-internal:///(app-pages-browser)/./lib/chat-transport.ts:103
[ 2052670ms] [LOG] [ChatTransport] Received WebSocket response: {"type":"delta","content":"，","error":null,"message_id":"9a194d5f-195e-4c33-9d76-ae663832f9be","conversation_id":null,"itinerary":null} @ webpack-internal:///(app-pages-browser)/./lib/chat-transport.ts:103
[ 2052680ms] [LOG] [ChatTransport] Received WebSocket response: {"type":"delta","content":"22","error":null,"message_id":"9a194d5f-195e-4c33-9d76-ae663832f9be","conversation_id":null,"itinerary":null} @ webpack-internal:///(app-pages-browser)/./lib/chat-transport.ts:103
[ 2052725ms] [LOG] [ChatTransport] Received WebSocket response: {"type":"delta","content":"-","error":null,"message_id":"9a194d5f-195e-4c33-9d76-ae663832f9be","conversation_id":null,"itinerary":null} @ webpack-internal:///(app-pages-browser)/./lib/chat-transport.ts:103
[ 2052731ms] [LOG] [ChatTransport] Received WebSocket response: {"type":"delta","content":"29","error":null,"message_id":"9a194d5f-195e-4c33-9d76-ae663832f9be","conversation_id":null,"itinerary":null} @ webpack-internal:///(app-pages-browser)/./lib/chat-transport.ts:103
[ 2052796ms] [LOG] [ChatTransport] Received WebSocket response: {"type":"delta","content":"°","error":null,"message_id":"9a194d5f-195e-4c33-9d76-ae663832f9be","conversation_id":null,"itinerary":null} @ webpack-internal:///(app-pages-browser)/./lib/chat-transport.ts:103
[ 2052796ms] [LOG] [ChatTransport] Received WebSocket response: {"type":"delta","content":"C","error":null,"message_id":"9a194d5f-195e-4c33-9d76-ae663832f9be","conversation_id":null,"itinerary":null} @ webpack-internal:///(app-pages-browser)/./lib/chat-transport.ts:103
[ 2052884ms] [LOG] [ChatTransport] Received WebSocket response: {"type":"delta","content":"。","error":null,"message_id":"9a194d5f-195e-4c33-9d76-ae663832f9be","conversation_id":null,"itinerary":null} @ webpack-internal:///(app-pages-browser)/./lib/chat-transport.ts:103
[ 2052891ms] [LOG] [ChatTransport] Received WebSocket response: {"type":"delta","content":"**","error":null,"message_id":"9a194d5f-195e-4c33-9d76-ae663832f9be","conversation_id":null,"itinerary":null} @ webpack-internal:///(app-pages-browser)/./lib/chat-transport.ts:103
[ 2052958ms] [LOG] [ChatTransport] Received WebSocket response: {"type":"delta","content":"建议","error":null,"message_id":"9a194d5f-195e-4c33-9d76-ae663832f9be","conversation_id":null,"itinerary":null} @ webpack-internal:///(app-pages-browser)/./lib/chat-transport.ts:103
[ 2052969ms] [LOG] [ChatTransport] Received WebSocket response: {"type":"delta","content":"**","error":null,"message_id":"9a194d5f-195e-4c33-9d76-ae663832f9be","conversation_id":null,"itinerary":null} @ webpack-internal:///(app-pages-browser)/./lib/chat-transport.ts:103
[ 2053027ms] [LOG] [ChatTransport] Received WebSocket response: {"type":"delta","content":"：","error":null,"message_id":"9a194d5f-195e-4c33-9d76-ae663832f9be","conversation_id":null,"itinerary":null} @ webpack-internal:///(app-pages-browser)/./lib/chat-transport.ts:103
[ 2053028ms] [LOG] [ChatTransport] Received WebSocket response: {"type":"delta","content":"天气","error":null,"message_id":"9a194d5f-195e-4c33-9d76-ae663832f9be","conversation_id":null,"itinerary":null} @ webpack-internal:///(app-pages-browser)/./lib/chat-transport.ts:103
[ 2053099ms] [LOG] [ChatTransport] Received WebSocket response: {"type":"delta","content":"转","error":null,"message_id":"9a194d5f-195e-4c33-9d76-ae663832f9be","conversation_id":null,"itinerary":null} @ webpack-internal:///(app-pages-browser)/./lib/chat-transport.ts:103
[ 2053104ms] [LOG] [ChatTransport] Received WebSocket response: {"type":"delta","content":"好","error":null,"message_id":"9a194d5f-195e-4c33-9d76-ae663832f9be","conversation_id":null,"itinerary":null} @ webpack-internal:///(app-pages-browser)/./lib/chat-transport.ts:103
[ 2053170ms] [LOG] [ChatTransport] Received WebSocket response: {"type":"delta","content":"，","error":null,"message_id":"9a194d5f-195e-4c33-9d76-ae663832f9be","conversation_id":null,"itinerary":null} @ webpack-internal:///(app-pages-browser)/./lib/chat-transport.ts:103
[ 2053175ms] [LOG] [ChatTransport] Received WebSocket response: {"type":"delta","content":"适宜","error":null,"message_id":"9a194d5f-195e-4c33-9d76-ae663832f9be","conversation_id":null,"itinerary":null} @ webpack-internal:///(app-pages-browser)/./lib/chat-transport.ts:103
[ 2053244ms] [LOG] [ChatTransport] Received WebSocket response: {"type":"delta","content":"户外","error":null,"message_id":"9a194d5f-195e-4c33-9d76-ae663832f9be","conversation_id":null,"itinerary":null} @ webpack-internal:///(app-pages-browser)/./lib/chat-transport.ts:103
[ 2053255ms] [LOG] [ChatTransport] Received WebSocket response: {"type":"delta","content":"活动","error":null,"message_id":"9a194d5f-195e-4c33-9d76-ae663832f9be","conversation_id":null,"itinerary":null} @ webpack-internal:///(app-pages-browser)/./lib/chat-transport.ts:103
[ 2053313ms] [LOG] [ChatTransport] Received WebSocket response: {"type":"delta","content":"。\n\n","error":null,"message_id":"9a194d5f-195e-4c33-9d76-ae663832f9be","conversation_id":null,"itinerary":null} @ webpack-internal:///(app-pages-browser)/./lib/chat-transport.ts:103
[ 2053313ms] [LOG] [ChatTransport] Received WebSocket response: {"type":"delta","content":"---\n\n","error":null,"message_id":"9a194d5f-195e-4c33-9d76-ae663832f9be","conversation_id":null,"itinerary":null} @ webpack-internal:///(app-pages-browser)/./lib/chat-transport.ts:103
[ 2053388ms] [LOG] [ChatTransport] Received WebSocket response: {"type":"delta","content":"###","error":null,"message_id":"9a194d5f-195e-4c33-9d76-ae663832f9be","conversation_id":null,"itinerary":null} @ webpack-internal:///(app-pages-browser)/./lib/chat-transport.ts:103
[ 2053388ms] [LOG] [ChatTransport] Received WebSocket response: {"type":"delta","content":" **","error":null,"message_id":"9a194d5f-195e-4c33-9d76-ae663832f9be","conversation_id":null,"itinerary":null} @ webpack-internal:///(app-pages-browser)/./lib/chat-transport.ts:103
[ 2053465ms] [LOG] [ChatTransport] Received WebSocket response: {"type":"delta","content":"行程","error":null,"message_id":"9a194d5f-195e-4c33-9d76-ae663832f9be","conversation_id":null,"itinerary":null} @ webpack-internal:///(app-pages-browser)/./lib/chat-transport.ts:103
[ 2053471ms] [LOG] [ChatTransport] Received WebSocket response: {"type":"delta","content":"安排","error":null,"message_id":"9a194d5f-195e-4c33-9d76-ae663832f9be","conversation_id":null,"itinerary":null} @ webpack-internal:///(app-pages-browser)/./lib/chat-transport.ts:103
[ 2053545ms] [LOG] [ChatTransport] Received WebSocket response: {"type":"delta","content":"建议","error":null,"message_id":"9a194d5f-195e-4c33-9d76-ae663832f9be","conversation_id":null,"itinerary":null} @ webpack-internal:///(app-pages-browser)/./lib/chat-transport.ts:103
[ 2053554ms] [LOG] [ChatTransport] Received WebSocket response: {"type":"delta","content":"**\n\n","error":null,"message_id":"9a194d5f-195e-4c33-9d76-ae663832f9be","conversation_id":null,"itinerary":null} @ webpack-internal:///(app-pages-browser)/./lib/chat-transport.ts:103
[ 2053622ms] [LOG] [ChatTransport] Received WebSocket response: {"type":"delta","content":"####","error":null,"message_id":"9a194d5f-195e-4c33-9d76-ae663832f9be","conversation_id":null,"itinerary":null} @ webpack-internal:///(app-pages-browser)/./lib/chat-transport.ts:103
[ 2053633ms] [LOG] [ChatTransport] Received WebSocket response: {"type":"delta","content":" **","error":null,"message_id":"9a194d5f-195e-4c33-9d76-ae663832f9be","conversation_id":null,"itinerary":null} @ webpack-internal:///(app-pages-browser)/./lib/chat-transport.ts:103
[ 2053704ms] [LOG] [ChatTransport] Received WebSocket response: {"type":"delta","content":"第一天","error":null,"message_id":"9a194d5f-195e-4c33-9d76-ae663832f9be","conversation_id":null,"itinerary":null} @ webpack-internal:///(app-pages-browser)/./lib/chat-transport.ts:103
[ 2053719ms] [LOG] [ChatTransport] Received WebSocket response: {"type":"delta","content":"：","error":null,"message_id":"9a194d5f-195e-4c33-9d76-ae663832f9be","conversation_id":null,"itinerary":null} @ webpack-internal:///(app-pages-browser)/./lib/chat-transport.ts:103
[ 2053766ms] [LOG] [ChatTransport] Received WebSocket response: {"type":"delta","content":"城市","error":null,"message_id":"9a194d5f-195e-4c33-9d76-ae663832f9be","conversation_id":null,"itinerary":null} @ webpack-internal:///(app-pages-browser)/./lib/chat-transport.ts:103
[ 2053841ms] [LOG] [ChatTransport] Received WebSocket response: {"type":"delta","content":"经典","error":null,"message_id":"9a194d5f-195e-4c33-9d76-ae663832f9be","conversation_id":null,"itinerary":null} @ webpack-internal:///(app-pages-browser)/./lib/chat-transport.ts:103
[ 2053853ms] [LOG] [ChatTransport] Received WebSocket response: {"type":"delta","content":" &","error":null,"message_id":"9a194d5f-195e-4c33-9d76-ae663832f9be","conversation_id":null,"itinerary":null} @ webpack-internal:///(app-pages-browser)/./lib/chat-transport.ts:103
[ 2054003ms] [LOG] [ChatTransport] Received WebSocket response: {"type":"delta","content":" ","error":null,"message_id":"9a194d5f-195e-4c33-9d76-ae663832f9be","conversation_id":null,"itinerary":null} @ webpack-internal:///(app-pages-browser)/./lib/chat-transport.ts:103
[ 2054015ms] [LOG] [ChatTransport] Received WebSocket response: {"type":"delta","content":"现代","error":null,"message_id":"9a194d5f-195e-4c33-9d76-ae663832f9be","conversation_id":null,"itinerary":null} @ webpack-internal:///(app-pages-browser)/./lib/chat-transport.ts:103
[ 2054022ms] [LOG] [ChatTransport] Received WebSocket response: {"type":"delta","content":"地","error":null,"message_id":"9a194d5f-195e-4c33-9d76-ae663832f9be","conversation_id":null,"itinerary":null} @ webpack-internal:///(app-pages-browser)/./lib/chat-transport.ts:103
[ 2054022ms] [LOG] [ChatTransport] Received WebSocket response: {"type":"delta","content":"标","error":null,"message_id":"9a194d5f-195e-4c33-9d76-ae663832f9be","conversation_id":null,"itinerary":null} @ webpack-internal:///(app-pages-browser)/./lib/chat-transport.ts:103
[ 2054073ms] [LOG] [ChatTransport] Received WebSocket response: {"type":"delta","content":" (","error":null,"message_id":"9a194d5f-195e-4c33-9d76-ae663832f9be","conversation_id":null,"itinerary":null} @ webpack-internal:///(app-pages-browser)/./lib/chat-transport.ts:103
[ 2054084ms] [LOG] [ChatTransport] Received WebSocket response: {"type":"delta","content":"多云","error":null,"message_id":"9a194d5f-195e-4c33-9d76-ae663832f9be","conversation_id":null,"itinerary":null} @ webpack-internal:///(app-pages-browser)/./lib/chat-transport.ts:103
[ 2054137ms] [LOG] [ChatTransport] Received WebSocket response: {"type":"delta","content":"，","error":null,"message_id":"9a194d5f-195e-4c33-9d76-ae663832f9be","conversation_id":null,"itinerary":null} @ webpack-internal:///(app-pages-browser)/./lib/chat-transport.ts:103
[ 2054222ms] [LOG] [ChatTransport] Received WebSocket response: {"type":"delta","content":"宜","error":null,"message_id":"9a194d5f-195e-4c33-9d76-ae663832f9be","conversation_id":null,"itinerary":null} @ webpack-internal:///(app-pages-browser)/./lib/chat-transport.ts:103
[ 2054292ms] [LOG] [ChatTransport] Received WebSocket response: {"type":"delta","content":"户外","error":null,"message_id":"9a194d5f-195e-4c33-9d76-ae663832f9be","conversation_id":null,"itinerary":null} @ webpack-internal:///(app-pages-browser)/./lib/chat-transport.ts:103
[ 2054303ms] [LOG] [ChatTransport] Received WebSocket response: {"type":"delta","content":")","error":null,"message_id":"9a194d5f-195e-4c33-9d76-ae663832f9be","conversation_id":null,"itinerary":null} @ webpack-internal:///(app-pages-browser)/./lib/chat-transport.ts:103
[ 2054365ms] [LOG] [ChatTransport] Received WebSocket response: {"type":"delta","content":"**\n","error":null,"message_id":"9a194d5f-195e-4c33-9d76-ae663832f9be","conversation_id":null,"itinerary":null} @ webpack-internal:///(app-pages-browser)/./lib/chat-transport.ts:103
[ 2054376ms] [LOG] [ChatTransport] Received WebSocket response: {"type":"delta","content":"*","error":null,"message_id":"9a194d5f-195e-4c33-9d76-ae663832f9be","conversation_id":null,"itinerary":null} @ webpack-internal:///(app-pages-browser)/./lib/chat-transport.ts:103
[ 2054430ms] [LOG] [ChatTransport] Received WebSocket response: {"type":"delta","content":"  ","error":null,"message_id":"9a194d5f-195e-4c33-9d76-ae663832f9be","conversation_id":null,"itinerary":null} @ webpack-internal:///(app-pages-browser)/./lib/chat-transport.ts:103
[ 2054430ms] [LOG] [ChatTransport] Received WebSocket response: {"type":"delta","content":" **","error":null,"message_id":"9a194d5f-195e-4c33-9d76-ae663832f9be","conversation_id":null,"itinerary":null} @ webpack-internal:///(app-pages-browser)/./lib/chat-transport.ts:103
[ 2054725ms] [LOG] [ChatTransport] Received WebSocket response: {"type":"delta","content":"上午","error":null,"message_id":"9a194d5f-195e-4c33-9d76-ae663832f9be","conversation_id":null,"itinerary":null} @ webpack-internal:///(app-pages-browser)/./lib/chat-transport.ts:103
[ 2054733ms] [LOG] [ChatTransport] Received WebSocket response: {"type":"delta","content":"**","error":null,"message_id":"9a194d5f-195e-4c33-9d76-ae663832f9be","conversation_id":null,"itinerary":null} @ webpack-internal:///(app-pages-browser)/./lib/chat-transport.ts:103
[ 2054739ms] [LOG] [ChatTransport] Received WebSocket response: {"type":"delta","content":"：","error":null,"message_id":"9a194d5f-195e-4c33-9d76-ae663832f9be","conversation_id":null,"itinerary":null} @ webpack-internal:///(app-pages-browser)/./lib/chat-transport.ts:103
[ 2054739ms] [LOG] [ChatTransport] Received WebSocket response: {"type":"delta","content":"**","error":null,"message_id":"9a194d5f-195e-4c33-9d76-ae663832f9be","conversation_id":null,"itinerary":null} @ webpack-internal:///(app-pages-browser)/./lib/chat-transport.ts:103
[ 2054739ms] [LOG] [ChatTransport] Received WebSocket response: {"type":"delta","content":"越","error":null,"message_id":"9a194d5f-195e-4c33-9d76-ae663832f9be","conversation_id":null,"itinerary":null} @ webpack-internal:///(app-pages-browser)/./lib/chat-transport.ts:103
[ 2054743ms] [LOG] [ChatTransport] Received WebSocket response: {"type":"delta","content":"秀","error":null,"message_id":"9a194d5f-195e-4c33-9d76-ae663832f9be","conversation_id":null,"itinerary":null} @ webpack-internal:///(app-pages-browser)/./lib/chat-transport.ts:103
[ 2054743ms] [LOG] [ChatTransport] Received WebSocket response: {"type":"delta","content":"公园","error":null,"message_id":"9a194d5f-195e-4c33-9d76-ae663832f9be","conversation_id":null,"itinerary":null} @ webpack-internal:///(app-pages-browser)/./lib/chat-transport.ts:103
[ 2054807ms] [LOG] [ChatTransport] Received WebSocket response: {"type":"delta","content":"**","error":null,"message_id":"9a194d5f-195e-4c33-9d76-ae663832f9be","conversation_id":null,"itinerary":null} @ webpack-internal:///(app-pages-browser)/./lib/chat-transport.ts:103
[ 2054808ms] [LOG] [ChatTransport] Received WebSocket response: {"type":"delta","content":"。","error":null,"message_id":"9a194d5f-195e-4c33-9d76-ae663832f9be","conversation_id":null,"itinerary":null} @ webpack-internal:///(app-pages-browser)/./lib/chat-transport.ts:103
[ 2054993ms] [LOG] [ChatTransport] Received WebSocket response: {"type":"delta","content":"参观","error":null,"message_id":"9a194d5f-195e-4c33-9d76-ae663832f9be","conversation_id":null,"itinerary":null} @ webpack-internal:///(app-pages-browser)/./lib/chat-transport.ts:103
[ 2055005ms] [LOG] [ChatTransport] Received WebSocket response: {"type":"delta","content":"广州","error":null,"message_id":"9a194d5f-195e-4c33-9d76-ae663832f9be","conversation_id":null,"itinerary":null} @ webpack-internal:///(app-pages-browser)/./lib/chat-transport.ts:103
[ 2055011ms] [LOG] [ChatTransport] Received WebSocket response: {"type":"delta","content":"城市","error":null,"message_id":"9a194d5f-195e-4c33-9d76-ae663832f9be","conversation_id":null,"itinerary":null} @ webpack-internal:///(app-pages-browser)/./lib/chat-transport.ts:103
[ 2055020ms] [LOG] [ChatTransport] Received WebSocket response: {"type":"delta","content":"标志","error":null,"message_id":"9a194d5f-195e-4c33-9d76-ae663832f9be","conversation_id":null,"itinerary":null} @ webpack-internal:///(app-pages-browser)/./lib/chat-transport.ts:103
[ 2055025ms] [LOG] [ChatTransport] Received WebSocket response: {"type":"delta","content":"——","error":null,"message_id":"9a194d5f-195e-4c33-9d76-ae663832f9be","conversation_id":null,"itinerary":null} @ webpack-internal:///(app-pages-browser)/./lib/chat-transport.ts:103
[ 2055100ms] [LOG] [ChatTransport] Received WebSocket response: {"type":"delta","content":"**","error":null,"message_id":"9a194d5f-195e-4c33-9d76-ae663832f9be","conversation_id":null,"itinerary":null} @ webpack-internal:///(app-pages-browser)/./lib/chat-transport.ts:103
[ 2055101ms] [LOG] [ChatTransport] Received WebSocket response: {"type":"delta","content":"五","error":null,"message_id":"9a194d5f-195e-4c33-9d76-ae663832f9be","conversation_id":null,"itinerary":null} @ webpack-internal:///(app-pages-browser)/./lib/chat-transport.ts:103
[ 2055169ms] [LOG] [ChatTransport] Received WebSocket response: {"type":"delta","content":"羊","error":null,"message_id":"9a194d5f-195e-4c33-9d76-ae663832f9be","conversation_id":null,"itinerary":null} @ webpack-internal:///(app-pages-browser)/./lib/chat-transport.ts:103
[ 2055180ms] [LOG] [ChatTransport] Received WebSocket response: {"type":"delta","content":"石","error":null,"message_id":"9a194d5f-195e-4c33-9d76-ae663832f9be","conversation_id":null,"itinerary":null} @ webpack-internal:///(app-pages-browser)/./lib/chat-transport.ts:103
[ 2055262ms] [LOG] [ChatTransport] Received WebSocket response: {"type":"delta","content":"像","error":null,"message_id":"9a194d5f-195e-4c33-9d76-ae663832f9be","conversation_id":null,"itinerary":null} @ webpack-internal:///(app-pages-browser)/./lib/chat-transport.ts:103
[ 2055274ms] [LOG] [ChatTransport] Received WebSocket response: {"type":"delta","content":"**","error":null,"message_id":"9a194d5f-195e-4c33-9d76-ae663832f9be","conversation_id":null,"itinerary":null} @ webpack-internal:///(app-pages-browser)/./lib/chat-transport.ts:103
[ 2055329ms] [LOG] [ChatTransport] Received WebSocket response: {"type":"delta","content":"，","error":null,"message_id":"9a194d5f-195e-4c33-9d76-ae663832f9be","conversation_id":null,"itinerary":null} @ webpack-internal:///(app-pages-browser)/./lib/chat-transport.ts:103
[ 2055338ms] [LOG] [ChatTransport] Received WebSocket response: {"type":"delta","content":"登上","error":null,"message_id":"9a194d5f-195e-4c33-9d76-ae663832f9be","conversation_id":null,"itinerary":null} @ webpack-internal:///(app-pages-browser)/./lib/chat-transport.ts:103
[ 2055437ms] [LOG] [ChatTransport] Received WebSocket response: {"type":"delta","content":"**","error":null,"message_id":"9a194d5f-195e-4c33-9d76-ae663832f9be","conversation_id":null,"itinerary":null} @ webpack-internal:///(app-pages-browser)/./lib/chat-transport.ts:103
[ 2055450ms] [LOG] [ChatTransport] Received WebSocket response: {"type":"delta","content":"镇","error":null,"message_id":"9a194d5f-195e-4c33-9d76-ae663832f9be","conversation_id":null,"itinerary":null} @ webpack-internal:///(app-pages-browser)/./lib/chat-transport.ts:103
[ 2055512ms] [LOG] [ChatTransport] Received WebSocket response: {"type":"delta","content":"海","error":null,"message_id":"9a194d5f-195e-4c33-9d76-ae663832f9be","conversation_id":null,"itinerary":null} @ webpack-internal:///(app-pages-browser)/./lib/chat-transport.ts:103
[ 2055521ms] [LOG] [ChatTransport] Received WebSocket response: {"type":"delta","content":"楼","error":null,"message_id":"9a194d5f-195e-4c33-9d76-ae663832f9be","conversation_id":null,"itinerary":null} @ webpack-internal:///(app-pages-browser)/./lib/chat-transport.ts:103
[ 2055558ms] [LOG] [ChatTransport] Received WebSocket response: {"type":"delta","content":"（","error":null,"message_id":"9a194d5f-195e-4c33-9d76-ae663832f9be","conversation_id":null,"itinerary":null} @ webpack-internal:///(app-pages-browser)/./lib/chat-transport.ts:103
[ 2055620ms] [LOG] [ChatTransport] Received WebSocket response: {"type":"delta","content":"广州","error":null,"message_id":"9a194d5f-195e-4c33-9d76-ae663832f9be","conversation_id":null,"itinerary":null} @ webpack-internal:///(app-pages-browser)/./lib/chat-transport.ts:103
[ 2055626ms] [LOG] [ChatTransport] Received WebSocket response: {"type":"delta","content":"博物馆","error":null,"message_id":"9a194d5f-195e-4c33-9d76-ae663832f9be","conversation_id":null,"itinerary":null} @ webpack-internal:///(app-pages-browser)/./lib/chat-transport.ts:103
[ 2055708ms] [LOG] [ChatTransport] Received WebSocket response: {"type":"delta","content":"）","error":null,"message_id":"9a194d5f-195e-4c33-9d76-ae663832f9be","conversation_id":null,"itinerary":null} @ webpack-internal:///(app-pages-browser)/./lib/chat-transport.ts:103
[ 2055715ms] [LOG] [ChatTransport] Received WebSocket response: {"type":"delta","content":"**","error":null,"message_id":"9a194d5f-195e-4c33-9d76-ae663832f9be","conversation_id":null,"itinerary":null} @ webpack-internal:///(app-pages-browser)/./lib/chat-transport.ts:103
[ 2055781ms] [LOG] [ChatTransport] Received WebSocket response: {"type":"delta","content":" ","error":null,"message_id":"9a194d5f-195e-4c33-9d76-ae663832f9be","conversation_id":null,"itinerary":null} @ webpack-internal:///(app-pages-browser)/./lib/chat-transport.ts:103
[ 2055785ms] [LOG] [ChatTransport] Received WebSocket response: {"type":"delta","content":"了解","error":null,"message_id":"9a194d5f-195e-4c33-9d76-ae663832f9be","conversation_id":null,"itinerary":null} @ webpack-internal:///(app-pages-browser)/./lib/chat-transport.ts:103
[ 2055841ms] [LOG] [ChatTransport] Received WebSocket response: {"type":"delta","content":"城市","error":null,"message_id":"9a194d5f-195e-4c33-9d76-ae663832f9be","conversation_id":null,"itinerary":null} @ webpack-internal:///(app-pages-browser)/./lib/chat-transport.ts:103
[ 2055914ms] [LOG] [ChatTransport] Received WebSocket response: {"type":"delta","content":"历史","error":null,"message_id":"9a194d5f-195e-4c33-9d76-ae663832f9be","conversation_id":null,"itinerary":null} @ webpack-internal:///(app-pages-browser)/./lib/chat-transport.ts:103
[ 2055925ms] [LOG] [ChatTransport] Received WebSocket response: {"type":"delta","content":"，","error":null,"message_id":"9a194d5f-195e-4c33-9d76-ae663832f9be","conversation_id":null,"itinerary":null} @ webpack-internal:///(app-pages-browser)/./lib/chat-transport.ts:103
[ 2055984ms] [LOG] [ChatTransport] Received WebSocket response: {"type":"delta","content":"俯瞰","error":null,"message_id":"9a194d5f-195e-4c33-9d76-ae663832f9be","conversation_id":null,"itinerary":null} @ webpack-internal:///(app-pages-browser)/./lib/chat-transport.ts:103
[ 2055994ms] [LOG] [ChatTransport] Received WebSocket response: {"type":"delta","content":"市区","error":null,"message_id":"9a194d5f-195e-4c33-9d76-ae663832f9be","conversation_id":null,"itinerary":null} @ webpack-internal:///(app-pages-browser)/./lib/chat-transport.ts:103
[ 2056066ms] [LOG] [ChatTransport] Received WebSocket response: {"type":"delta","content":"景色","error":null,"message_id":"9a194d5f-195e-4c33-9d76-ae663832f9be","conversation_id":null,"itinerary":null} @ webpack-internal:///(app-pages-browser)/./lib/chat-transport.ts:103
[ 2056298ms] [LOG] [ChatTransport] Received WebSocket response: {"type":"delta","content":"。\n","error":null,"message_id":"9a194d5f-195e-4c33-9d76-ae663832f9be","conversation_id":null,"itinerary":null} @ webpack-internal:///(app-pages-browser)/./lib/chat-transport.ts:103
[ 2056306ms] [LOG] [ChatTransport] Received WebSocket response: {"type":"delta","content":"*","error":null,"message_id":"9a194d5f-195e-4c33-9d76-ae663832f9be","conversation_id":null,"itinerary":null} @ webpack-internal:///(app-pages-browser)/./lib/chat-transport.ts:103
[ 2056311ms] [LOG] [ChatTransport] Received WebSocket response: {"type":"delta","content":"  ","error":null,"message_id":"9a194d5f-195e-4c33-9d76-ae663832f9be","conversation_id":null,"itinerary":null} @ webpack-internal:///(app-pages-browser)/./lib/chat-transport.ts:103
[ 2056312ms] [LOG] [ChatTransport] Received WebSocket response: {"type":"delta","content":" **","error":null,"message_id":"9a194d5f-195e-4c33-9d76-ae663832f9be","conversation_id":null,"itinerary":null} @ webpack-internal:///(app-pages-browser)/./lib/chat-transport.ts:103
[ 2056317ms] [LOG] [ChatTransport] Received WebSocket response: {"type":"delta","content":"下午","error":null,"message_id":"9a194d5f-195e-4c33-9d76-ae663832f9be","conversation_id":null,"itinerary":null} @ webpack-internal:///(app-pages-browser)/./lib/chat-transport.ts:103
[ 2056317ms] [LOG] [ChatTransport] Received WebSocket response: {"type":"delta","content":"**","error":null,"message_id":"9a194d5f-195e-4c33-9d76-ae663832f9be","conversation_id":null,"itinerary":null} @ webpack-internal:///(app-pages-browser)/./lib/chat-transport.ts:103
[ 2056359ms] [LOG] [ChatTransport] Received WebSocket response: {"type":"delta","content":"：","error":null,"message_id":"9a194d5f-195e-4c33-9d76-ae663832f9be","conversation_id":null,"itinerary":null} @ webpack-internal:///(app-pages-browser)/./lib/chat-transport.ts:103
[ 2056368ms] [LOG] [ChatTransport] Received WebSocket response: {"type":"delta","content":"前往","error":null,"message_id":"9a194d5f-195e-4c33-9d76-ae663832f9be","conversation_id":null,"itinerary":null} @ webpack-internal:///(app-pages-browser)/./lib/chat-transport.ts:103
[ 2056536ms] [LOG] [ChatTransport] Received WebSocket response: {"type":"delta","content":"**","error":null,"message_id":"9a194d5f-195e-4c33-9d76-ae663832f9be","conversation_id":null,"itinerary":null} @ webpack-internal:///(app-pages-browser)/./lib/chat-transport.ts:103
[ 2056546ms] [LOG] [ChatTransport] Received WebSocket response: {"type":"delta","content":"北京","error":null,"message_id":"9a194d5f-195e-4c33-9d76-ae663832f9be","conversation_id":null,"itinerary":null} @ webpack-internal:///(app-pages-browser)/./lib/chat-transport.ts:103
[ 2056551ms] [LOG] [ChatTransport] Received WebSocket response: {"type":"delta","content":"路","error":null,"message_id":"9a194d5f-195e-4c33-9d76-ae663832f9be","conversation_id":null,"itinerary":null} @ webpack-internal:///(app-pages-browser)/./lib/chat-transport.ts:103
[ 2056551ms] [LOG] [ChatTransport] Received WebSocket response: {"type":"delta","content":"步行","error":null,"message_id":"9a194d5f-195e-4c33-9d76-ae663832f9be","conversation_id":null,"itinerary":null} @ webpack-internal:///(app-pages-browser)/./lib/chat-transport.ts:103
[ 2056579ms] [LOG] [ChatTransport] Received WebSocket response: {"type":"delta","content":"街","error":null,"message_id":"9a194d5f-195e-4c33-9d76-ae663832f9be","conversation_id":null,"itinerary":null} @ webpack-internal:///(app-pages-browser)/./lib/chat-transport.ts:103
[ 2056588ms] [LOG] [ChatTransport] Received WebSocket response: {"type":"delta","content":"**","error":null,"message_id":"9a194d5f-195e-4c33-9d76-ae663832f9be","conversation_id":null,"itinerary":null} @ webpack-internal:///(app-pages-browser)/./lib/chat-transport.ts:103
[ 2056658ms] [LOG] [ChatTransport] Received WebSocket response: {"type":"delta","content":"。","error":null,"message_id":"9a194d5f-195e-4c33-9d76-ae663832f9be","conversation_id":null,"itinerary":null} @ webpack-internal:///(app-pages-browser)/./lib/chat-transport.ts:103
[ 2056665ms] [LOG] [ChatTransport] Received WebSocket response: {"type":"delta","content":"这里是","error":null,"message_id":"9a194d5f-195e-4c33-9d76-ae663832f9be","conversation_id":null,"itinerary":null} @ webpack-internal:///(app-pages-browser)/./lib/chat-transport.ts:103
[ 2056725ms] [LOG] [ChatTransport] Received WebSocket response: {"type":"delta","content":"广州","error":null,"message_id":"9a194d5f-195e-4c33-9d76-ae663832f9be","conversation_id":null,"itinerary":null} @ webpack-internal:///(app-pages-browser)/./lib/chat-transport.ts:103
[ 2056797ms] [LOG] [ChatTransport] Received WebSocket response: {"type":"delta","content":"千年","error":null,"message_id":"9a194d5f-195e-4c33-9d76-ae663832f9be","conversation_id":null,"itinerary":null} @ webpack-internal:///(app-pages-browser)/./lib/chat-transport.ts:103
[ 2056872ms] [LOG] [ChatTransport] Received WebSocket response: {"type":"delta","content":"商","error":null,"message_id":"9a194d5f-195e-4c33-9d76-ae663832f9be","conversation_id":null,"itinerary":null} @ webpack-internal:///(app-pages-browser)/./lib/chat-transport.ts:103
[ 2056877ms] [LOG] [ChatTransport] Received WebSocket response: {"type":"delta","content":"都","error":null,"message_id":"9a194d5f-195e-4c33-9d76-ae663832f9be","conversation_id":null,"itinerary":null} @ webpack-internal:///(app-pages-browser)/./lib/chat-transport.ts:103
[ 2056944ms] [LOG] [ChatTransport] Received WebSocket response: {"type":"delta","content":"的核心","error":null,"message_id":"9a194d5f-195e-4c33-9d76-ae663832f9be","conversation_id":null,"itinerary":null} @ webpack-internal:///(app-pages-browser)/./lib/chat-transport.ts:103
[ 2056953ms] [LOG] [ChatTransport] Received WebSocket response: {"type":"delta","content":"，","error":null,"message_id":"9a194d5f-195e-4c33-9d76-ae663832f9be","conversation_id":null,"itinerary":null} @ webpack-internal:///(app-pages-browser)/./lib/chat-transport.ts:103
[ 2057046ms] [LOG] [ChatTransport] Received WebSocket response: {"type":"delta","content":"可以","error":null,"message_id":"9a194d5f-195e-4c33-9d76-ae663832f9be","conversation_id":null,"itinerary":null} @ webpack-internal:///(app-pages-browser)/./lib/chat-transport.ts:103
[ 2057089ms] [LOG] [ChatTransport] Received WebSocket response: {"type":"delta","content":"参观","error":null,"message_id":"9a194d5f-195e-4c33-9d76-ae663832f9be","conversation_id":null,"itinerary":null} @ webpack-internal:///(app-pages-browser)/./lib/chat-transport.ts:103
[ 2057090ms] [LOG] [ChatTransport] Received WebSocket response: {"type":"delta","content":"**","error":null,"message_id":"9a194d5f-195e-4c33-9d76-ae663832f9be","conversation_id":null,"itinerary":null} @ webpack-internal:///(app-pages-browser)/./lib/chat-transport.ts:103
[ 2057166ms] [LOG] [ChatTransport] Received WebSocket response: {"type":"delta","content":"千年","error":null,"message_id":"9a194d5f-195e-4c33-9d76-ae663832f9be","conversation_id":null,"itinerary":null} @ webpack-internal:///(app-pages-browser)/./lib/chat-transport.ts:103
[ 2057234ms] [LOG] [ChatTransport] Received WebSocket response: {"type":"delta","content":"古道","error":null,"message_id":"9a194d5f-195e-4c33-9d76-ae663832f9be","conversation_id":null,"itinerary":null} @ webpack-internal:///(app-pages-browser)/./lib/chat-transport.ts:103
[ 2057244ms] [LOG] [ChatTransport] Received WebSocket response: {"type":"delta","content":"遗址","error":null,"message_id":"9a194d5f-195e-4c33-9d76-ae663832f9be","conversation_id":null,"itinerary":null} @ webpack-internal:///(app-pages-browser)/./lib/chat-transport.ts:103
[ 2057313ms] [LOG] [ChatTransport] Received WebSocket response: {"type":"delta","content":"**","error":null,"message_id":"9a194d5f-195e-4c33-9d76-ae663832f9be","conversation_id":null,"itinerary":null} @ webpack-internal:///(app-pages-browser)/./lib/chat-transport.ts:103
[ 2057332ms] [LOG] [ChatTransport] Received WebSocket response: {"type":"delta","content":"，","error":null,"message_id":"9a194d5f-195e-4c33-9d76-ae663832f9be","conversation_id":null,"itinerary":null} @ webpack-internal:///(app-pages-browser)/./lib/chat-transport.ts:103
[ 2057379ms] [LOG] [ChatTransport] Received WebSocket response: {"type":"delta","content":"同时","error":null,"message_id":"9a194d5f-195e-4c33-9d76-ae663832f9be","conversation_id":null,"itinerary":null} @ webpack-internal:///(app-pages-browser)/./lib/chat-transport.ts:103
[ 2057462ms] [LOG] [ChatTransport] Received WebSocket response: {"type":"delta","content":"享受","error":null,"message_id":"9a194d5f-195e-4c33-9d76-ae663832f9be","conversation_id":null,"itinerary":null} @ webpack-internal:///(app-pages-browser)/./lib/chat-transport.ts:103
[ 2057468ms] [LOG] [ChatTransport] Received WebSocket response: {"type":"delta","content":"购物","error":null,"message_id":"9a194d5f-195e-4c33-9d76-ae663832f9be","conversation_id":null,"itinerary":null} @ webpack-internal:///(app-pages-browser)/./lib/chat-transport.ts:103
[ 2057540ms] [LOG] [ChatTransport] Received WebSocket response: {"type":"delta","content":"和","error":null,"message_id":"9a194d5f-195e-4c33-9d76-ae663832f9be","conversation_id":null,"itinerary":null} @ webpack-internal:///(app-pages-browser)/./lib/chat-transport.ts:103
[ 2057548ms] [LOG] [ChatTransport] Received WebSocket response: {"type":"delta","content":"美食","error":null,"message_id":"9a194d5f-195e-4c33-9d76-ae663832f9be","conversation_id":null,"itinerary":null} @ webpack-internal:///(app-pages-browser)/./lib/chat-transport.ts:103
[ 2057620ms] [LOG] [ChatTransport] Received WebSocket response: {"type":"delta","content":"。\n","error":null,"message_id":"9a194d5f-195e-4c33-9d76-ae663832f9be","conversation_id":null,"itinerary":null} @ webpack-internal:///(app-pages-browser)/./lib/chat-transport.ts:103
[ 2057629ms] [LOG] [ChatTransport] Received WebSocket response: {"type":"delta","content":"*","error":null,"message_id":"9a194d5f-195e-4c33-9d76-ae663832f9be","conversation_id":null,"itinerary":null} @ webpack-internal:///(app-pages-browser)/./lib/chat-transport.ts:103
[ 2057682ms] [LOG] [ChatTransport] Received WebSocket response: {"type":"delta","content":"  ","error":null,"message_id":"9a194d5f-195e-4c33-9d76-ae663832f9be","conversation_id":null,"itinerary":null} @ webpack-internal:///(app-pages-browser)/./lib/chat-transport.ts:103
[ 2057683ms] [LOG] [ChatTransport] Received WebSocket response: {"type":"delta","content":" **","error":null,"message_id":"9a194d5f-195e-4c33-9d76-ae663832f9be","conversation_id":null,"itinerary":null} @ webpack-internal:///(app-pages-browser)/./lib/chat-transport.ts:103
[ 2057759ms] [LOG] [ChatTransport] Received WebSocket response: {"type":"delta","content":"晚上","error":null,"message_id":"9a194d5f-195e-4c33-9d76-ae663832f9be","conversation_id":null,"itinerary":null} @ webpack-internal:///(app-pages-browser)/./lib/chat-transport.ts:103
[ 2057766ms] [LOG] [ChatTransport] Received WebSocket response: {"type":"delta","content":"**","error":null,"message_id":"9a194d5f-195e-4c33-9d76-ae663832f9be","conversation_id":null,"itinerary":null} @ webpack-internal:///(app-pages-browser)/./lib/chat-transport.ts:103
[ 2057827ms] [LOG] [ChatTransport] Received WebSocket response: {"type":"delta","content":"：","error":null,"message_id":"9a194d5f-195e-4c33-9d76-ae663832f9be","conversation_id":null,"itinerary":null} @ webpack-internal:///(app-pages-browser)/./lib/chat-transport.ts:103
[ 2057834ms] [LOG] [ChatTransport] Received WebSocket response: {"type":"delta","content":"**","error":null,"message_id":"9a194d5f-195e-4c33-9d76-ae663832f9be","conversation_id":null,"itinerary":null} @ webpack-internal:///(app-pages-browser)/./lib/chat-transport.ts:103
[ 2058004ms] [LOG] [ChatTransport] Received WebSocket response: {"type":"delta","content":"珠江","error":null,"message_id":"9a194d5f-195e-4c33-9d76-ae663832f9be","conversation_id":null,"itinerary":null} @ webpack-internal:///(app-pages-browser)/./lib/chat-transport.ts:103
[ 2058014ms] [LOG] [ChatTransport] Received WebSocket response: {"type":"delta","content":"夜","error":null,"message_id":"9a194d5f-195e-4c33-9d76-ae663832f9be","conversation_id":null,"itinerary":null} @ webpack-internal:///(app-pages-browser)/./lib/chat-transport.ts:103
[ 2058023ms] [LOG] [ChatTransport] Received WebSocket response: {"type":"delta","content":"游","error":null,"message_id":"9a194d5f-195e-4c33-9d76-ae663832f9be","conversation_id":null,"itinerary":null} @ webpack-internal:///(app-pages-browser)/./lib/chat-transport.ts:103
[ 2058023ms] [LOG] [ChatTransport] Received WebSocket response: {"type":"delta","content":"**","error":null,"message_id":"9a194d5f-195e-4c33-9d76-ae663832f9be","conversation_id":null,"itinerary":null} @ webpack-internal:///(app-pages-browser)/./lib/chat-transport.ts:103
[ 2058064ms] [LOG] [ChatTransport] Received WebSocket response: {"type":"delta","content":"。","error":null,"message_id":"9a194d5f-195e-4c33-9d76-ae663832f9be","conversation_id":null,"itinerary":null} @ webpack-internal:///(app-pages-browser)/./lib/chat-transport.ts:103
[ 2058064ms] [LOG] [ChatTransport] Received WebSocket response: {"type":"delta","content":"从","error":null,"message_id":"9a194d5f-195e-4c33-9d76-ae663832f9be","conversation_id":null,"itinerary":null} @ webpack-internal:///(app-pages-browser)/./lib/chat-transport.ts:103
[ 2058129ms] [LOG] [ChatTransport] Received WebSocket response: {"type":"delta","content":"**","error":null,"message_id":"9a194d5f-195e-4c33-9d76-ae663832f9be","conversation_id":null,"itinerary":null} @ webpack-internal:///(app-pages-browser)/./lib/chat-transport.ts:103
[ 2058270ms] [LOG] [ChatTransport] Received WebSocket response: {"type":"delta","content":"天","error":null,"message_id":"9a194d5f-195e-4c33-9d76-ae663832f9be","conversation_id":null,"itinerary":null} @ webpack-internal:///(app-pages-browser)/./lib/chat-transport.ts:103
[ 2058270ms] [LOG] [ChatTransport] Received WebSocket response: {"type":"delta","content":"字","error":null,"message_id":"9a194d5f-195e-4c33-9d76-ae663832f9be","conversation_id":null,"itinerary":null} @ webpack-internal:///(app-pages-browser)/./lib/chat-transport.ts:103
[ 2058278ms] [LOG] [ChatTransport] Received WebSocket response: {"type":"delta","content":"码头","error":null,"message_id":"9a194d5f-195e-4c33-9d76-ae663832f9be","conversation_id":null,"itinerary":null} @ webpack-internal:///(app-pages-browser)/./lib/chat-transport.ts:103
[ 2058283ms] [LOG] [ChatTransport] Received WebSocket response: {"type":"delta","content":"**","error":null,"message_id":"9a194d5f-195e-4c33-9d76-ae663832f9be","conversation_id":null,"itinerary":null} @ webpack-internal:///(app-pages-browser)/./lib/chat-transport.ts:103
[ 2058343ms] [LOG] [ChatTransport] Received WebSocket response: {"type":"delta","content":"或","error":null,"message_id":"9a194d5f-195e-4c33-9d76-ae663832f9be","conversation_id":null,"itinerary":null} @ webpack-internal:///(app-pages-browser)/./lib/chat-transport.ts:103
[ 2058351ms] [LOG] [ChatTransport] Received WebSocket response: {"type":"delta","content":"**","error":null,"message_id":"9a194d5f-195e-4c33-9d76-ae663832f9be","conversation_id":null,"itinerary":null} @ webpack-internal:///(app-pages-browser)/./lib/chat-transport.ts:103
[ 2058426ms] [LOG] [ChatTransport] Received WebSocket response: {"type":"delta","content":"广州","error":null,"message_id":"9a194d5f-195e-4c33-9d76-ae663832f9be","conversation_id":null,"itinerary":null} @ webpack-internal:///(app-pages-browser)/./lib/chat-transport.ts:103
[ 2058493ms] [LOG] [ChatTransport] Received WebSocket response: {"type":"delta","content":"塔","error":null,"message_id":"9a194d5f-195e-4c33-9d76-ae663832f9be","conversation_id":null,"itinerary":null} @ webpack-internal:///(app-pages-browser)/./lib/chat-transport.ts:103
[ 2058504ms] [LOG] [ChatTransport] Received WebSocket response: {"type":"delta","content":"码头","error":null,"message_id":"9a194d5f-195e-4c33-9d76-ae663832f9be","conversation_id":null,"itinerary":null} @ webpack-internal:///(app-pages-browser)/./lib/chat-transport.ts:103
[ 2058567ms] [LOG] [ChatTransport] Received WebSocket response: {"type":"delta","content":"**","error":null,"message_id":"9a194d5f-195e-4c33-9d76-ae663832f9be","conversation_id":null,"itinerary":null} @ webpack-internal:///(app-pages-browser)/./lib/chat-transport.ts:103
[ 2058568ms] [LOG] [ChatTransport] Received WebSocket response: {"type":"delta","content":"登","error":null,"message_id":"9a194d5f-195e-4c33-9d76-ae663832f9be","conversation_id":null,"itinerary":null} @ webpack-internal:///(app-pages-browser)/./lib/chat-transport.ts:103
[ 2058652ms] [LOG] [ChatTransport] Received WebSocket response: {"type":"delta","content":"船","error":null,"message_id":"9a194d5f-195e-4c33-9d76-ae663832f9be","conversation_id":null,"itinerary":null} @ webpack-internal:///(app-pages-browser)/./lib/chat-transport.ts:103
[ 2058657ms] [LOG] [ChatTransport] Received WebSocket response: {"type":"delta","content":"，","error":null,"message_id":"9a194d5f-195e-4c33-9d76-ae663832f9be","conversation_id":null,"itinerary":null} @ webpack-internal:///(app-pages-browser)/./lib/chat-transport.ts:103
[ 2058830ms] [LOG] [ChatTransport] Received WebSocket response: {"type":"delta","content":"欣赏","error":null,"message_id":"9a194d5f-195e-4c33-9d76-ae663832f9be","conversation_id":null,"itinerary":null} @ webpack-internal:///(app-pages-browser)/./lib/chat-transport.ts:103
[ 2058838ms] [LOG] [ChatTransport] Received WebSocket response: {"type":"delta","content":"珠江","error":null,"message_id":"9a194d5f-195e-4c33-9d76-ae663832f9be","conversation_id":null,"itinerary":null} @ webpack-internal:///(app-pages-browser)/./lib/chat-transport.ts:103
[ 2058844ms] [LOG] [ChatTransport] Received WebSocket response: {"type":"delta","content":"两岸","error":null,"message_id":"9a194d5f-195e-4c33-9d76-ae663832f9be","conversation_id":null,"itinerary":null} @ webpack-internal:///(app-pages-browser)/./lib/chat-transport.ts:103
[ 2058844ms] [LOG] [ChatTransport] Received WebSocket response: {"type":"delta","content":"璀璨","error":null,"message_id":"9a194d5f-195e-4c33-9d76-ae663832f9be","conversation_id":null,"itinerary":null} @ webpack-internal:///(app-pages-browser)/./lib/chat-transport.ts:103
[ 2058861ms] [LOG] [ChatTransport] Received WebSocket response: {"type":"delta","content":"的","error":null,"message_id":"9a194d5f-195e-4c33-9d76-ae663832f9be","conversation_id":null,"itinerary":null} @ webpack-internal:///(app-pages-browser)/./lib/chat-transport.ts:103
[ 2058866ms] [LOG] [ChatTransport] Received WebSocket response: {"type":"delta","content":"夜景","error":null,"message_id":"9a194d5f-195e-4c33-9d76-ae663832f9be","conversation_id":null,"itinerary":null} @ webpack-internal:///(app-pages-browser)/./lib/chat-transport.ts:103
[ 2058925ms] [LOG] [ChatTransport] Received WebSocket response: {"type":"delta","content":"，","error":null,"message_id":"9a194d5f-195e-4c33-9d76-ae663832f9be","conversation_id":null,"itinerary":null} @ webpack-internal:///(app-pages-browser)/./lib/chat-transport.ts:103
[ 2058932ms] [LOG] [ChatTransport] Received WebSocket response: {"type":"delta","content":"远","error":null,"message_id":"9a194d5f-195e-4c33-9d76-ae663832f9be","conversation_id":null,"itinerary":null} @ webpack-internal:///(app-pages-browser)/./lib/chat-transport.ts:103
[ 2059001ms] [LOG] [ChatTransport] Received WebSocket response: {"type":"delta","content":"眺","error":null,"message_id":"9a194d5f-195e-4c33-9d76-ae663832f9be","conversation_id":null,"itinerary":null} @ webpack-internal:///(app-pages-browser)/./lib/chat-transport.ts:103
[ 2059076ms] [LOG] [ChatTransport] Received WebSocket response: {"type":"delta","content":"**","error":null,"message_id":"9a194d5f-195e-4c33-9d76-ae663832f9be","conversation_id":null,"itinerary":null} @ webpack-internal:///(app-pages-browser)/./lib/chat-transport.ts:103
[ 2059087ms] [LOG] [ChatTransport] Received WebSocket response: {"type":"delta","content":"广州","error":null,"message_id":"9a194d5f-195e-4c33-9d76-ae663832f9be","conversation_id":null,"itinerary":null} @ webpack-internal:///(app-pages-browser)/./lib/chat-transport.ts:103
[ 2059167ms] [LOG] [ChatTransport] Received WebSocket response: {"type":"delta","content":"塔","error":null,"message_id":"9a194d5f-195e-4c33-9d76-ae663832f9be","conversation_id":null,"itinerary":null} @ webpack-internal:///(app-pages-browser)/./lib/chat-transport.ts:103
[ 2059168ms] [LOG] [ChatTransport] Received WebSocket response: {"type":"delta","content":"**","error":null,"message_id":"9a194d5f-195e-4c33-9d76-ae663832f9be","conversation_id":null,"itinerary":null} @ webpack-internal:///(app-pages-browser)/./lib/chat-transport.ts:103
[ 2059226ms] [LOG] [ChatTransport] Received WebSocket response: {"type":"delta","content":"和","error":null,"message_id":"9a194d5f-195e-4c33-9d76-ae663832f9be","conversation_id":null,"itinerary":null} @ webpack-internal:///(app-pages-browser)/./lib/chat-transport.ts:103
[ 2059329ms] [LOG] [ChatTransport] Received WebSocket response: {"type":"delta","content":"**","error":null,"message_id":"9a194d5f-195e-4c33-9d76-ae663832f9be","conversation_id":null,"itinerary":null} @ webpack-internal:///(app-pages-browser)/./lib/chat-transport.ts:103
[ 2059341ms] [LOG] [ChatTransport] Received WebSocket response: {"type":"delta","content":"珠江","error":null,"message_id":"9a194d5f-195e-4c33-9d76-ae663832f9be","conversation_id":null,"itinerary":null} @ webpack-internal:///(app-pages-browser)/./lib/chat-transport.ts:103
[ 2059377ms] [LOG] [ChatTransport] Received WebSocket response: {"type":"delta","content":"新城","error":null,"message_id":"9a194d5f-195e-4c33-9d76-ae663832f9be","conversation_id":null,"itinerary":null} @ webpack-internal:///(app-pages-browser)/./lib/chat-transport.ts:103
[ 2059381ms] [LOG] [ChatTransport] Received WebSocket response: {"type":"delta","content":"**","error":null,"message_id":"9a194d5f-195e-4c33-9d76-ae663832f9be","conversation_id":null,"itinerary":null} @ webpack-internal:///(app-pages-browser)/./lib/chat-transport.ts:103
[ 2059458ms] [LOG] [ChatTransport] Received WebSocket response: {"type":"delta","content":"的","error":null,"message_id":"9a194d5f-195e-4c33-9d76-ae663832f9be","conversation_id":null,"itinerary":null} @ webpack-internal:///(app-pages-browser)/./lib/chat-transport.ts:103
[ 2059539ms] [LOG] [ChatTransport] Received WebSocket response: {"type":"delta","content":"现代","error":null,"message_id":"9a194d5f-195e-4c33-9d76-ae663832f9be","conversation_id":null,"itinerary":null} @ webpack-internal:///(app-pages-browser)/./lib/chat-transport.ts:103
[ 2059550ms] [LOG] [ChatTransport] Received WebSocket response: {"type":"delta","content":"建筑","error":null,"message_id":"9a194d5f-195e-4c33-9d76-ae663832f9be","conversation_id":null,"itinerary":null} @ webpack-internal:///(app-pages-browser)/./lib/chat-transport.ts:103
[ 2059619ms] [LOG] [ChatTransport] Received WebSocket response: {"type":"delta","content":"群","error":null,"message_id":"9a194d5f-195e-4c33-9d76-ae663832f9be","conversation_id":null,"itinerary":null} @ webpack-internal:///(app-pages-browser)/./lib/chat-transport.ts:103
[ 2059620ms] [LOG] [ChatTransport] Received WebSocket response: {"type":"delta","content":"。","error":null,"message_id":"9a194d5f-195e-4c33-9d76-ae663832f9be","conversation_id":null,"itinerary":null} @ webpack-internal:///(app-pages-browser)/./lib/chat-transport.ts:103
[ 2059737ms] [LOG] [ChatTransport] Received WebSocket response: {"type":"delta","content":"晚餐","error":null,"message_id":"9a194d5f-195e-4c33-9d76-ae663832f9be","conversation_id":null,"itinerary":null} @ webpack-internal:///(app-pages-browser)/./lib/chat-transport.ts:103
[ 2059779ms] [LOG] [ChatTransport] Received WebSocket response: {"type":"delta","content":"可以在","error":null,"message_id":"9a194d5f-195e-4c33-9d76-ae663832f9be","conversation_id":null,"itinerary":null} @ webpack-internal:///(app-pages-browser)/./lib/chat-transport.ts:103
[ 2059825ms] [LOG] [ChatTransport] Received WebSocket response: {"type":"delta","content":"沿","error":null,"message_id":"9a194d5f-195e-4c33-9d76-ae663832f9be","conversation_id":null,"itinerary":null} @ webpack-internal:///(app-pages-browser)/./lib/chat-transport.ts:103
[ 2059892ms] [LOG] [ChatTransport] Received WebSocket response: {"type":"delta","content":"江","error":null,"message_id":"9a194d5f-195e-4c33-9d76-ae663832f9be","conversation_id":null,"itinerary":null} @ webpack-internal:///(app-pages-browser)/./lib/chat-transport.ts:103
[ 2059900ms] [LOG] [ChatTransport] Received WebSocket response: {"type":"delta","content":"路","error":null,"message_id":"9a194d5f-195e-4c33-9d76-ae663832f9be","conversation_id":null,"itinerary":null} @ webpack-internal:///(app-pages-browser)/./lib/chat-transport.ts:103
[ 2059989ms] [LOG] [ChatTransport] Received WebSocket response: {"type":"delta","content":"或","error":null,"message_id":"9a194d5f-195e-4c33-9d76-ae663832f9be","conversation_id":null,"itinerary":null} @ webpack-internal:///(app-pages-browser)/./lib/chat-transport.ts:103
[ 2059998ms] [LOG] [ChatTransport] Received WebSocket response: {"type":"delta","content":"珠江","error":null,"message_id":"9a194d5f-195e-4c33-9d76-ae663832f9be","conversation_id":null,"itinerary":null} @ webpack-internal:///(app-pages-browser)/./lib/chat-transport.ts:103
[ 2060045ms] [LOG] [ChatTransport] Received WebSocket response: {"type":"delta","content":"新城","error":null,"message_id":"9a194d5f-195e-4c33-9d76-ae663832f9be","conversation_id":null,"itinerary":null} @ webpack-internal:///(app-pages-browser)/./lib/chat-transport.ts:103
[ 2060054ms] [LOG] [ChatTransport] Received WebSocket response: {"type":"delta","content":"解决","error":null,"message_id":"9a194d5f-195e-4c33-9d76-ae663832f9be","conversation_id":null,"itinerary":null} @ webpack-internal:///(app-pages-browser)/./lib/chat-transport.ts:103
[ 2060186ms] [LOG] [ChatTransport] Received WebSocket response: {"type":"delta","content":"。\n\n","error":null,"message_id":"9a194d5f-195e-4c33-9d76-ae663832f9be","conversation_id":null,"itinerary":null} @ webpack-internal:///(app-pages-browser)/./lib/chat-transport.ts:103
[ 2060196ms] [LOG] [ChatTransport] Received WebSocket response: {"type":"delta","content":"####","error":null,"message_id":"9a194d5f-195e-4c33-9d76-ae663832f9be","conversation_id":null,"itinerary":null} @ webpack-internal:///(app-pages-browser)/./lib/chat-transport.ts:103
[ 2060206ms] [LOG] [ChatTransport] Received WebSocket response: {"type":"delta","content":" **","error":null,"message_id":"9a194d5f-195e-4c33-9d76-ae663832f9be","conversation_id":null,"itinerary":null} @ webpack-internal:///(app-pages-browser)/./lib/chat-transport.ts:103
[ 2060211ms] [LOG] [ChatTransport] Received WebSocket response: {"type":"delta","content":"第二天","error":null,"message_id":"9a194d5f-195e-4c33-9d76-ae663832f9be","conversation_id":null,"itinerary":null} @ webpack-internal:///(app-pages-browser)/./lib/chat-transport.ts:103
[ 2060282ms] [LOG] [ChatTransport] Received WebSocket response: {"type":"delta","content":"：","error":null,"message_id":"9a194d5f-195e-4c33-9d76-ae663832f9be","conversation_id":null,"itinerary":null} @ webpack-internal:///(app-pages-browser)/./lib/chat-transport.ts:103
[ 2060288ms] [LOG] [ChatTransport] Received WebSocket response: {"type":"delta","content":"岭南","error":null,"message_id":"9a194d5f-195e-4c33-9d76-ae663832f9be","conversation_id":null,"itinerary":null} @ webpack-internal:///(app-pages-browser)/./lib/chat-transport.ts:103
[ 2060357ms] [LOG] [ChatTransport] Received WebSocket response: {"type":"delta","content":"文化","error":null,"message_id":"9a194d5f-195e-4c33-9d76-ae663832f9be","conversation_id":null,"itinerary":null} @ webpack-internal:///(app-pages-browser)/./lib/chat-transport.ts:103
[ 2060368ms] [LOG] [ChatTransport] Received WebSocket response: {"type":"delta","content":" &","error":null,"message_id":"9a194d5f-195e-4c33-9d76-ae663832f9be","conversation_id":null,"itinerary":null} @ webpack-internal:///(app-pages-browser)/./lib/chat-transport.ts:103
[ 2060429ms] [LOG] [ChatTransport] Received WebSocket response: {"type":"delta","content":" ","error":null,"message_id":"9a194d5f-195e-4c33-9d76-ae663832f9be","conversation_id":null,"itinerary":null} @ webpack-internal:///(app-pages-browser)/./lib/chat-transport.ts:103
[ 2060438ms] [LOG] [ChatTransport] Received WebSocket response: {"type":"delta","content":"室内","error":null,"message_id":"9a194d5f-195e-4c33-9d76-ae663832f9be","conversation_id":null,"itinerary":null} @ webpack-internal:///(app-pages-browser)/./lib/chat-transport.ts:103
[ 2060511ms] [LOG] [ChatTransport] Received WebSocket response: {"type":"delta","content":"探索","error":null,"message_id":"9a194d5f-195e-4c33-9d76-ae663832f9be","conversation_id":null,"itinerary":null} @ webpack-internal:///(app-pages-browser)/./lib/chat-transport.ts:103
[ 2060620ms] [LOG] [ChatTransport] Received WebSocket response: {"type":"delta","content":" (","error":null,"message_id":"9a194d5f-195e-4c33-9d76-ae663832f9be","conversation_id":null,"itinerary":null} @ webpack-internal:///(app-pages-browser)/./lib/chat-transport.ts:103
[ 2060631ms] [LOG] [ChatTransport] Received WebSocket response: {"type":"delta","content":"雨天","error":null,"message_id":"9a194d5f-195e-4c33-9d76-ae663832f9be","conversation_id":null,"itinerary":null} @ webpack-internal:///(app-pages-browser)/./lib/chat-transport.ts:103
[ 2060667ms] [LOG] [ChatTransport] Received WebSocket response: {"type":"delta","content":")","error":null,"message_id":"9a194d5f-195e-4c33-9d76-ae663832f9be","conversation_id":null,"itinerary":null} @ webpack-internal:///(app-pages-browser)/./lib/chat-transport.ts:103
[ 2060727ms] [LOG] [ChatTransport] Received WebSocket response: {"type":"delta","content":"**\n","error":null,"message_id":"9a194d5f-195e-4c33-9d76-ae663832f9be","conversation_id":null,"itinerary":null} @ webpack-internal:///(app-pages-browser)/./lib/chat-transport.ts:103
[ 2060735ms] [LOG] [ChatTransport] Received WebSocket response: {"type":"delta","content":"*","error":null,"message_id":"9a194d5f-195e-4c33-9d76-ae663832f9be","conversation_id":null,"itinerary":null} @ webpack-internal:///(app-pages-browser)/./lib/chat-transport.ts:103
[ 2060807ms] [LOG] [ChatTransport] Received WebSocket response: {"type":"delta","content":"  ","error":null,"message_id":"9a194d5f-195e-4c33-9d76-ae663832f9be","conversation_id":null,"itinerary":null} @ webpack-internal:///(app-pages-browser)/./lib/chat-transport.ts:103
[ 2060819ms] [LOG] [ChatTransport] Received WebSocket response: {"type":"delta","content":" **","error":null,"message_id":"9a194d5f-195e-4c33-9d76-ae663832f9be","conversation_id":null,"itinerary":null} @ webpack-internal:///(app-pages-browser)/./lib/chat-transport.ts:103
[ 2060871ms] [LOG] [ChatTransport] Received WebSocket response: {"type":"delta","content":"上午","error":null,"message_id":"9a194d5f-195e-4c33-9d76-ae663832f9be","conversation_id":null,"itinerary":null} @ webpack-internal:///(app-pages-browser)/./lib/chat-transport.ts:103
[ 2060876ms] [LOG] [ChatTransport] Received WebSocket response: {"type":"delta","content":"**","error":null,"message_id":"9a194d5f-195e-4c33-9d76-ae663832f9be","conversation_id":null,"itinerary":null} @ webpack-internal:///(app-pages-browser)/./lib/chat-transport.ts:103
[ 2060936ms] [LOG] [ChatTransport] Received WebSocket response: {"type":"delta","content":"：","error":null,"message_id":"9a194d5f-195e-4c33-9d76-ae663832f9be","conversation_id":null,"itinerary":null} @ webpack-internal:///(app-pages-browser)/./lib/chat-transport.ts:103
[ 2060941ms] [LOG] [ChatTransport] Received WebSocket response: {"type":"delta","content":"**","error":null,"message_id":"9a194d5f-195e-4c33-9d76-ae663832f9be","conversation_id":null,"itinerary":null} @ webpack-internal:///(app-pages-browser)/./lib/chat-transport.ts:103
[ 2061015ms] [LOG] [ChatTransport] Received WebSocket response: {"type":"delta","content":"陈家","error":null,"message_id":"9a194d5f-195e-4c33-9d76-ae663832f9be","conversation_id":null,"itinerary":null} @ webpack-internal:///(app-pages-browser)/./lib/chat-transport.ts:103
[ 2061020ms] [LOG] [ChatTransport] Received WebSocket response: {"type":"delta","content":"祠","error":null,"message_id":"9a194d5f-195e-4c33-9d76-ae663832f9be","conversation_id":null,"itinerary":null} @ webpack-internal:///(app-pages-browser)/./lib/chat-transport.ts:103
[ 2061087ms] [LOG] [ChatTransport] Received WebSocket response: {"type":"delta","content":"（","error":null,"message_id":"9a194d5f-195e-4c33-9d76-ae663832f9be","conversation_id":null,"itinerary":null} @ webpack-internal:///(app-pages-browser)/./lib/chat-transport.ts:103
[ 2061166ms] [LOG] [ChatTransport] Received WebSocket response: {"type":"delta","content":"广东","error":null,"message_id":"9a194d5f-195e-4c33-9d76-ae663832f9be","conversation_id":null,"itinerary":null} @ webpack-internal:///(app-pages-browser)/./lib/chat-transport.ts:103
[ 2061174ms] [LOG] [ChatTransport] Received WebSocket response: {"type":"delta","content":"民间","error":null,"message_id":"9a194d5f-195e-4c33-9d76-ae663832f9be","conversation_id":null,"itinerary":null} @ webpack-internal:///(app-pages-browser)/./lib/chat-transport.ts:103
[ 2061246ms] [LOG] [ChatTransport] Received WebSocket response: {"type":"delta","content":"工艺","error":null,"message_id":"9a194d5f-195e-4c33-9d76-ae663832f9be","conversation_id":null,"itinerary":null} @ webpack-internal:///(app-pages-browser)/./lib/chat-transport.ts:103
[ 2061256ms] [LOG] [ChatTransport] Received WebSocket response: {"type":"delta","content":"博物馆","error":null,"message_id":"9a194d5f-195e-4c33-9d76-ae663832f9be","conversation_id":null,"itinerary":null} @ webpack-internal:///(app-pages-browser)/./lib/chat-transport.ts:103
[ 2061330ms] [LOG] [ChatTransport] Received WebSocket response: {"type":"delta","content":"）","error":null,"message_id":"9a194d5f-195e-4c33-9d76-ae663832f9be","conversation_id":null,"itinerary":null} @ webpack-internal:///(app-pages-browser)/./lib/chat-transport.ts:103
[ 2061338ms] [LOG] [ChatTransport] Received WebSocket response: {"type":"delta","content":"**","error":null,"message_id":"9a194d5f-195e-4c33-9d76-ae663832f9be","conversation_id":null,"itinerary":null} @ webpack-internal:///(app-pages-browser)/./lib/chat-transport.ts:103
[ 2061466ms] [LOG] [ChatTransport] Received WebSocket response: {"type":"delta","content":"。","error":null,"message_id":"9a194d5f-195e-4c33-9d76-ae663832f9be","conversation_id":null,"itinerary":null} @ webpack-internal:///(app-pages-browser)/./lib/chat-transport.ts:103
[ 2061479ms] [LOG] [ChatTransport] Received WebSocket response: {"type":"delta","content":"欣赏","error":null,"message_id":"9a194d5f-195e-4c33-9d76-ae663832f9be","conversation_id":null,"itinerary":null} @ webpack-internal:///(app-pages-browser)/./lib/chat-transport.ts:103
[ 2061479ms] [LOG] [ChatTransport] Received WebSocket response: {"type":"delta","content":"被誉为","error":null,"message_id":"9a194d5f-195e-4c33-9d76-ae663832f9be","conversation_id":null,"itinerary":null} @ webpack-internal:///(app-pages-browser)/./lib/chat-transport.ts:103
[ 2061541ms] [LOG] [ChatTransport] Received WebSocket response: {"type":"delta","content":"“","error":null,"message_id":"9a194d5f-195e-4c33-9d76-ae663832f9be","conversation_id":null,"itinerary":null} @ webpack-internal:///(app-pages-browser)/./lib/chat-transport.ts:103
[ 2061551ms] [LOG] [ChatTransport] Received WebSocket response: {"type":"delta","content":"岭南","error":null,"message_id":"9a194d5f-195e-4c33-9d76-ae663832f9be","conversation_id":null,"itinerary":null} @ webpack-internal:///(app-pages-browser)/./lib/chat-transport.ts:103
[ 2061645ms] [LOG] [ChatTransport] Received WebSocket response: {"type":"delta","content":"建筑","error":null,"message_id":"9a194d5f-195e-4c33-9d76-ae663832f9be","conversation_id":null,"itinerary":null} @ webpack-internal:///(app-pages-browser)/./lib/chat-transport.ts:103
[ 2061657ms] [LOG] [ChatTransport] Received WebSocket response: {"type":"delta","content":"艺术","error":null,"message_id":"9a194d5f-195e-4c33-9d76-ae663832f9be","conversation_id":null,"itinerary":null} @ webpack-internal:///(app-pages-browser)/./lib/chat-transport.ts:103
[ 2061745ms] [LOG] [ChatTransport] Received WebSocket response: {"type":"delta","content":"明珠","error":null,"message_id":"9a194d5f-195e-4c33-9d76-ae663832f9be","conversation_id":null,"itinerary":null} @ webpack-internal:///(app-pages-browser)/./lib/chat-transport.ts:103
[ 2061746ms] [LOG] [ChatTransport] Received WebSocket response: {"type":"delta","content":"”","error":null,"message_id":"9a194d5f-195e-4c33-9d76-ae663832f9be","conversation_id":null,"itinerary":null} @ webpack-internal:///(app-pages-browser)/./lib/chat-transport.ts:103
[ 2061783ms] [LOG] [ChatTransport] Received WebSocket response: {"type":"delta","content":"的","error":null,"message_id":"9a194d5f-195e-4c33-9d76-ae663832f9be","conversation_id":null,"itinerary":null} @ webpack-internal:///(app-pages-browser)/./lib/chat-transport.ts:103
[ 2061783ms] [LOG] [ChatTransport] Received WebSocket response: {"type":"delta","content":"祠堂","error":null,"message_id":"9a194d5f-195e-4c33-9d76-ae663832f9be","conversation_id":null,"itinerary":null} @ webpack-internal:///(app-pages-browser)/./lib/chat-transport.ts:103
[ 2061840ms] [LOG] [ChatTransport] Received WebSocket response: {"type":"delta","content":"建筑","error":null,"message_id":"9a194d5f-195e-4c33-9d76-ae663832f9be","conversation_id":null,"itinerary":null} @ webpack-internal:///(app-pages-browser)/./lib/chat-transport.ts:103
[ 2061854ms] [LOG] [ChatTransport] Received WebSocket response: {"type":"delta","content":"，","error":null,"message_id":"9a194d5f-195e-4c33-9d76-ae663832f9be","conversation_id":null,"itinerary":null} @ webpack-internal:///(app-pages-browser)/./lib/chat-transport.ts:103
[ 2061918ms] [LOG] [ChatTransport] Received WebSocket response: {"type":"delta","content":"馆","error":null,"message_id":"9a194d5f-195e-4c33-9d76-ae663832f9be","conversation_id":null,"itinerary":null} @ webpack-internal:///(app-pages-browser)/./lib/chat-transport.ts:103
[ 2061994ms] [LOG] [ChatTransport] Received WebSocket response: {"type":"delta","content":"内","error":null,"message_id":"9a194d5f-195e-4c33-9d76-ae663832f9be","conversation_id":null,"itinerary":null} @ webpack-internal:///(app-pages-browser)/./lib/chat-transport.ts:103
[ 2062004ms] [LOG] [ChatTransport] Received WebSocket response: {"type":"delta","content":"精美的","error":null,"message_id":"9a194d5f-195e-4c33-9d76-ae663832f9be","conversation_id":null,"itinerary":null} @ webpack-internal:///(app-pages-browser)/./lib/chat-transport.ts:103
[ 2062080ms] [LOG] [ChatTransport] Received WebSocket response: {"type":"delta","content":"木","error":null,"message_id":"9a194d5f-195e-4c33-9d76-ae663832f9be","conversation_id":null,"itinerary":null} @ webpack-internal:///(app-pages-browser)/./lib/chat-transport.ts:103
[ 2062080ms] [LOG] [ChatTransport] Received WebSocket response: {"type":"delta","content":"雕","error":null,"message_id":"9a194d5f-195e-4c33-9d76-ae663832f9be","conversation_id":null,"itinerary":null} @ webpack-internal:///(app-pages-browser)/./lib/chat-transport.ts:103
[ 2062148ms] [LOG] [ChatTransport] Received WebSocket response: {"type":"delta","content":"、","error":null,"message_id":"9a194d5f-195e-4c33-9d76-ae663832f9be","conversation_id":null,"itinerary":null} @ webpack-internal:///(app-pages-browser)/./lib/chat-transport.ts:103
[ 2062160ms] [LOG] [ChatTransport] Received WebSocket response: {"type":"delta","content":"砖","error":null,"message_id":"9a194d5f-195e-4c33-9d76-ae663832f9be","conversation_id":null,"itinerary":null} @ webpack-internal:///(app-pages-browser)/./lib/chat-transport.ts:103
[ 2062220ms] [LOG] [ChatTransport] Received WebSocket response: {"type":"delta","content":"雕","error":null,"message_id":"9a194d5f-195e-4c33-9d76-ae663832f9be","conversation_id":null,"itinerary":null} @ webpack-internal:///(app-pages-browser)/./lib/chat-transport.ts:103
[ 2062233ms] [LOG] [ChatTransport] Received WebSocket response: {"type":"delta","content":"、","error":null,"message_id":"9a194d5f-195e-4c33-9d76-ae663832f9be","conversation_id":null,"itinerary":null} @ webpack-internal:///(app-pages-browser)/./lib/chat-transport.ts:103
[ 2062468ms] [LOG] [ChatTransport] Received WebSocket response: {"type":"delta","content":"石","error":null,"message_id":"9a194d5f-195e-4c33-9d76-ae663832f9be","conversation_id":null,"itinerary":null} @ webpack-internal:///(app-pages-browser)/./lib/chat-transport.ts:103
[ 2062481ms] [LOG] [ChatTransport] Received WebSocket response: {"type":"delta","content":"雕","error":null,"message_id":"9a194d5f-195e-4c33-9d76-ae663832f9be","conversation_id":null,"itinerary":null} @ webpack-internal:///(app-pages-browser)/./lib/chat-transport.ts:103
[ 2062482ms] [LOG] [ChatTransport] Received WebSocket response: {"type":"delta","content":"、","error":null,"message_id":"9a194d5f-195e-4c33-9d76-ae663832f9be","conversation_id":null,"itinerary":null} @ webpack-internal:///(app-pages-browser)/./lib/chat-transport.ts:103
[ 2062482ms] [LOG] [ChatTransport] Received WebSocket response: {"type":"delta","content":"灰","error":null,"message_id":"9a194d5f-195e-4c33-9d76-ae663832f9be","conversation_id":null,"itinerary":null} @ webpack-internal:///(app-pages-browser)/./lib/chat-transport.ts:103
[ 2062491ms] [LOG] [ChatTransport] Received WebSocket response: {"type":"delta","content":"塑","error":null,"message_id":"9a194d5f-195e-4c33-9d76-ae663832f9be","conversation_id":null,"itinerary":null} @ webpack-internal:///(app-pages-browser)/./lib/chat-transport.ts:103
[ 2062491ms] [LOG] [ChatTransport] Received WebSocket response: {"type":"delta","content":"、","error":null,"message_id":"9a194d5f-195e-4c33-9d76-ae663832f9be","conversation_id":null,"itinerary":null} @ webpack-internal:///(app-pages-browser)/./lib/chat-transport.ts:103
[ 2062617ms] [LOG] [ChatTransport] Received WebSocket response: {"type":"delta","content":"陶","error":null,"message_id":"9a194d5f-195e-4c33-9d76-ae663832f9be","conversation_id":null,"itinerary":null} @ webpack-internal:///(app-pages-browser)/./lib/chat-transport.ts:103
[ 2062635ms] [LOG] [ChatTransport] Received WebSocket response: {"type":"delta","content":"塑","error":null,"message_id":"9a194d5f-195e-4c33-9d76-ae663832f9be","conversation_id":null,"itinerary":null} @ webpack-internal:///(app-pages-browser)/./lib/chat-transport.ts:103
[ 2062636ms] [LOG] [ChatTransport] Received WebSocket response: {"type":"delta","content":"等","error":null,"message_id":"9a194d5f-195e-4c33-9d76-ae663832f9be","conversation_id":null,"itinerary":null} @ webpack-internal:///(app-pages-browser)/./lib/chat-transport.ts:103
[ 2062715ms] [LOG] [ChatTransport] Received WebSocket response: {"type":"delta","content":"能","error":null,"message_id":"9a194d5f-195e-4c33-9d76-ae663832f9be","conversation_id":null,"itinerary":null} @ webpack-internal:///(app-pages-browser)/./lib/chat-transport.ts:103
[ 2062741ms] [LOG] [ChatTransport] Received WebSocket response: {"type":"delta","content":"让你","error":null,"message_id":"9a194d5f-195e-4c33-9d76-ae663832f9be","conversation_id":null,"itinerary":null} @ webpack-internal:///(app-pages-browser)/./lib/chat-transport.ts:103
[ 2062755ms] [LOG] [ChatTransport] Received WebSocket response: {"type":"delta","content":"沉浸","error":null,"message_id":"9a194d5f-195e-4c33-9d76-ae663832f9be","conversation_id":null,"itinerary":null} @ webpack-internal:///(app-pages-browser)/./lib/chat-transport.ts:103
[ 2062818ms] [LOG] [ChatTransport] Received WebSocket response: {"type":"delta","content":"式","error":null,"message_id":"9a194d5f-195e-4c33-9d76-ae663832f9be","conversation_id":null,"itinerary":null} @ webpack-internal:///(app-pages-browser)/./lib/chat-transport.ts:103
[ 2062819ms] [LOG] [ChatTransport] Received WebSocket response: {"type":"delta","content":"体验","error":null,"message_id":"9a194d5f-195e-4c33-9d76-ae663832f9be","conversation_id":null,"itinerary":null} @ webpack-internal:///(app-pages-browser)/./lib/chat-transport.ts:103
[ 2062898ms] [LOG] [ChatTransport] Received WebSocket response: {"type":"delta","content":"岭南","error":null,"message_id":"9a194d5f-195e-4c33-9d76-ae663832f9be","conversation_id":null,"itinerary":null} @ webpack-internal:///(app-pages-browser)/./lib/chat-transport.ts:103
[ 2062917ms] [LOG] [ChatTransport] Received WebSocket response: {"type":"delta","content":"工艺","error":null,"message_id":"9a194d5f-195e-4c33-9d76-ae663832f9be","conversation_id":null,"itinerary":null} @ webpack-internal:///(app-pages-browser)/./lib/chat-transport.ts:103
[ 2062965ms] [LOG] [ChatTransport] Received WebSocket response: {"type":"delta","content":"之美","error":null,"message_id":"9a194d5f-195e-4c33-9d76-ae663832f9be","conversation_id":null,"itinerary":null} @ webpack-internal:///(app-pages-browser)/./lib/chat-transport.ts:103
[ 2063037ms] [LOG] [ChatTransport] Received WebSocket response: {"type":"delta","content":"。","error":null,"message_id":"9a194d5f-195e-4c33-9d76-ae663832f9be","conversation_id":null,"itinerary":null} @ webpack-internal:///(app-pages-browser)/./lib/chat-transport.ts:103
[ 2063049ms] [LOG] [ChatTransport] Received WebSocket response: {"type":"delta","content":"这是","error":null,"message_id":"9a194d5f-195e-4c33-9d76-ae663832f9be","conversation_id":null,"itinerary":null} @ webpack-internal:///(app-pages-browser)/./lib/chat-transport.ts:103
[ 2063120ms] [LOG] [ChatTransport] Received WebSocket response: {"type":"delta","content":"完美的","error":null,"message_id":"9a194d5f-195e-4c33-9d76-ae663832f9be","conversation_id":null,"itinerary":null} @ webpack-internal:///(app-pages-browser)/./lib/chat-transport.ts:103
[ 2063134ms] [LOG] [ChatTransport] Received WebSocket response: {"type":"delta","content":"雨天","error":null,"message_id":"9a194d5f-195e-4c33-9d76-ae663832f9be","conversation_id":null,"itinerary":null} @ webpack-internal:///(app-pages-browser)/./lib/chat-transport.ts:103
[ 2063226ms] [LOG] [ChatTransport] Received WebSocket response: {"type":"delta","content":"室内","error":null,"message_id":"9a194d5f-195e-4c33-9d76-ae663832f9be","conversation_id":null,"itinerary":null} @ webpack-internal:///(app-pages-browser)/./lib/chat-transport.ts:103
[ 2063227ms] [LOG] [ChatTransport] Received WebSocket response: {"type":"delta","content":"景点","error":null,"message_id":"9a194d5f-195e-4c33-9d76-ae663832f9be","conversation_id":null,"itinerary":null} @ webpack-internal:///(app-pages-browser)/./lib/chat-transport.ts:103
[ 2063266ms] [LOG] [ChatTransport] Received WebSocket response: {"type":"delta","content":"。\n","error":null,"message_id":"9a194d5f-195e-4c33-9d76-ae663832f9be","conversation_id":null,"itinerary":null} @ webpack-internal:///(app-pages-browser)/./lib/chat-transport.ts:103
[ 2063282ms] [LOG] [ChatTransport] Received WebSocket response: {"type":"delta","content":"*","error":null,"message_id":"9a194d5f-195e-4c33-9d76-ae663832f9be","conversation_id":null,"itinerary":null} @ webpack-internal:///(app-pages-browser)/./lib/chat-transport.ts:103
[ 2063340ms] [LOG] [ChatTransport] Received WebSocket response: {"type":"delta","content":"  ","error":null,"message_id":"9a194d5f-195e-4c33-9d76-ae663832f9be","conversation_id":null,"itinerary":null} @ webpack-internal:///(app-pages-browser)/./lib/chat-transport.ts:103
[ 2063341ms] [LOG] [ChatTransport] Received WebSocket response: {"type":"delta","content":" **","error":null,"message_id":"9a194d5f-195e-4c33-9d76-ae663832f9be","conversation_id":null,"itinerary":null} @ webpack-internal:///(app-pages-browser)/./lib/chat-transport.ts:103
[ 2063410ms] [LOG] [ChatTransport] Received WebSocket response: {"type":"delta","content":"下午","error":null,"message_id":"9a194d5f-195e-4c33-9d76-ae663832f9be","conversation_id":null,"itinerary":null} @ webpack-internal:///(app-pages-browser)/./lib/chat-transport.ts:103
[ 2063425ms] [LOG] [ChatTransport] Received WebSocket response: {"type":"delta","content":"**","error":null,"message_id":"9a194d5f-195e-4c33-9d76-ae663832f9be","conversation_id":null,"itinerary":null} @ webpack-internal:///(app-pages-browser)/./lib/chat-transport.ts:103
[ 2063509ms] [LOG] [ChatTransport] Received WebSocket response: {"type":"delta","content":"：","error":null,"message_id":"9a194d5f-195e-4c33-9d76-ae663832f9be","conversation_id":null,"itinerary":null} @ webpack-internal:///(app-pages-browser)/./lib/chat-transport.ts:103
[ 2063519ms] [LOG] [ChatTransport] Received WebSocket response: {"type":"delta","content":"前往","error":null,"message_id":"9a194d5f-195e-4c33-9d76-ae663832f9be","conversation_id":null,"itinerary":null} @ webpack-internal:///(app-pages-browser)/./lib/chat-transport.ts:103
[ 2063568ms] [LOG] [ChatTransport] Received WebSocket response: {"type":"delta","content":"**","error":null,"message_id":"9a194d5f-195e-4c33-9d76-ae663832f9be","conversation_id":null,"itinerary":null} @ webpack-internal:///(app-pages-browser)/./lib/chat-transport.ts:103
[ 2063579ms] [LOG] [ChatTransport] Received WebSocket response: {"type":"delta","content":"广东省","error":null,"message_id":"9a194d5f-195e-4c33-9d76-ae663832f9be","conversation_id":null,"itinerary":null} @ webpack-internal:///(app-pages-browser)/./lib/chat-transport.ts:103
[ 2063730ms] [LOG] [ChatTransport] Received WebSocket response: {"type":"delta","content":"博物馆","error":null,"message_id":"9a194d5f-195e-4c33-9d76-ae663832f9be","conversation_id":null,"itinerary":null} @ webpack-internal:///(app-pages-browser)/./lib/chat-transport.ts:103
[ 2063741ms] [LOG] [ChatTransport] Received WebSocket response: {"type":"delta","content":"**","error":null,"message_id":"9a194d5f-195e-4c33-9d76-ae663832f9be","conversation_id":null,"itinerary":null} @ webpack-internal:///(app-pages-browser)/./lib/chat-transport.ts:103
[ 2063761ms] [LOG] [ChatTransport] Received WebSocket response: {"type":"delta","content":"（","error":null,"message_id":"9a194d5f-195e-4c33-9d76-ae663832f9be","conversation_id":null,"itinerary":null} @ webpack-internal:///(app-pages-browser)/./lib/chat-transport.ts:103
[ 2063781ms] [LOG] [ChatTransport] Received WebSocket response: {"type":"delta","content":"需","error":null,"message_id":"9a194d5f-195e-4c33-9d76-ae663832f9be","conversation_id":null,"itinerary":null} @ webpack-internal:///(app-pages-browser)/./lib/chat-transport.ts:103
[ 2063798ms] [LOG] [ChatTransport] Received WebSocket response: {"type":"delta","content":"提前","error":null,"message_id":"9a194d5f-195e-4c33-9d76-ae663832f9be","conversation_id":null,"itinerary":null} @ webpack-internal:///(app-pages-browser)/./lib/chat-transport.ts:103
[ 2063811ms] [LOG] [ChatTransport] Received WebSocket response: {"type":"delta","content":"预约","error":null,"message_id":"9a194d5f-195e-4c33-9d76-ae663832f9be","conversation_id":null,"itinerary":null} @ webpack-internal:///(app-pages-browser)/./lib/chat-transport.ts:103
[ 2063864ms] [LOG] [ChatTransport] Received WebSocket response: {"type":"delta","content":"）。","error":null,"message_id":"9a194d5f-195e-4c33-9d76-ae663832f9be","conversation_id":null,"itinerary":null} @ webpack-internal:///(app-pages-browser)/./lib/chat-transport.ts:103
[ 2063882ms] [LOG] [ChatTransport] Received WebSocket response: {"type":"delta","content":"馆","error":null,"message_id":"9a194d5f-195e-4c33-9d76-ae663832f9be","conversation_id":null,"itinerary":null} @ webpack-internal:///(app-pages-browser)/./lib/chat-transport.ts:103
[ 2063937ms] [LOG] [ChatTransport] Received WebSocket response: {"type":"delta","content":"藏","error":null,"message_id":"9a194d5f-195e-4c33-9d76-ae663832f9be","conversation_id":null,"itinerary":null} @ webpack-internal:///(app-pages-browser)/./lib/chat-transport.ts:103
[ 2063952ms] [LOG] [ChatTransport] Received WebSocket response: {"type":"delta","content":"丰富","error":null,"message_id":"9a194d5f-195e-4c33-9d76-ae663832f9be","conversation_id":null,"itinerary":null} @ webpack-internal:///(app-pages-browser)/./lib/chat-transport.ts:103
[ 2064025ms] [LOG] [ChatTransport] Received WebSocket response: {"type":"delta","content":"，","error":null,"message_id":"9a194d5f-195e-4c33-9d76-ae663832f9be","conversation_id":null,"itinerary":null} @ webpack-internal:///(app-pages-browser)/./lib/chat-transport.ts:103
[ 2064026ms] [LOG] [ChatTransport] Received WebSocket response: {"type":"delta","content":"尤其是","error":null,"message_id":"9a194d5f-195e-4c33-9d76-ae663832f9be","conversation_id":null,"itinerary":null} @ webpack-internal:///(app-pages-browser)/./lib/chat-transport.ts:103
[ 2064102ms] [LOG] [ChatTransport] Received WebSocket response: {"type":"delta","content":"“","error":null,"message_id":"9a194d5f-195e-4c33-9d76-ae663832f9be","conversation_id":null,"itinerary":null} @ webpack-internal:///(app-pages-browser)/./lib/chat-transport.ts:103
[ 2064157ms] [LOG] [ChatTransport] Received WebSocket response: {"type":"delta","content":"广东","error":null,"message_id":"9a194d5f-195e-4c33-9d76-ae663832f9be","conversation_id":null,"itinerary":null} @ webpack-internal:///(app-pages-browser)/./lib/chat-transport.ts:103
[ 2064172ms] [LOG] [ChatTransport] Received WebSocket response: {"type":"delta","content":"历史文化","error":null,"message_id":"9a194d5f-195e-4c33-9d76-ae663832f9be","conversation_id":null,"itinerary":null} @ webpack-internal:///(app-pages-browser)/./lib/chat-transport.ts:103
[ 2064234ms] [LOG] [ChatTransport] Received WebSocket response: {"type":"delta","content":"陈列","error":null,"message_id":"9a194d5f-195e-4c33-9d76-ae663832f9be","conversation_id":null,"itinerary":null} @ webpack-internal:///(app-pages-browser)/./lib/chat-transport.ts:103
[ 2064247ms] [LOG] [ChatTransport] Received WebSocket response: {"type":"delta","content":"”","error":null,"message_id":"9a194d5f-195e-4c33-9d76-ae663832f9be","conversation_id":null,"itinerary":null} @ webpack-internal:///(app-pages-browser)/./lib/chat-transport.ts:103
[ 2064312ms] [LOG] [ChatTransport] Received WebSocket response: {"type":"delta","content":"和","error":null,"message_id":"9a194d5f-195e-4c33-9d76-ae663832f9be","conversation_id":null,"itinerary":null} @ webpack-internal:///(app-pages-browser)/./lib/chat-transport.ts:103
[ 2064327ms] [LOG] [ChatTransport] Received WebSocket response: {"type":"delta","content":"“","error":null,"message_id":"9a194d5f-195e-4c33-9d76-ae663832f9be","conversation_id":null,"itinerary":null} @ webpack-internal:///(app-pages-browser)/./lib/chat-transport.ts:103
[ 2064408ms] [LOG] [ChatTransport] Received WebSocket response: {"type":"delta","content":"自然资源","error":null,"message_id":"9a194d5f-195e-4c33-9d76-ae663832f9be","conversation_id":null,"itinerary":null} @ webpack-internal:///(app-pages-browser)/./lib/chat-transport.ts:103
[ 2064408ms] [LOG] [ChatTransport] Received WebSocket response: {"type":"delta","content":"展","error":null,"message_id":"9a194d5f-195e-4c33-9d76-ae663832f9be","conversation_id":null,"itinerary":null} @ webpack-internal:///(app-pages-browser)/./lib/chat-transport.ts:103
[ 2064480ms] [LOG] [ChatTransport] Received WebSocket response: {"type":"delta","content":"”","error":null,"message_id":"9a194d5f-195e-4c33-9d76-ae663832f9be","conversation_id":null,"itinerary":null} @ webpack-internal:///(app-pages-browser)/./lib/chat-transport.ts:103
[ 2064686ms] [LOG] [ChatTransport] Received WebSocket response: {"type":"delta","content":"非常","error":null,"message_id":"9a194d5f-195e-4c33-9d76-ae663832f9be","conversation_id":null,"itinerary":null} @ webpack-internal:///(app-pages-browser)/./lib/chat-transport.ts:103
[ 2064699ms] [LOG] [ChatTransport] Received WebSocket response: {"type":"delta","content":"精彩","error":null,"message_id":"9a194d5f-195e-4c33-9d76-ae663832f9be","conversation_id":null,"itinerary":null} @ webpack-internal:///(app-pages-browser)/./lib/chat-transport.ts:103
[ 2064723ms] [LOG] [ChatTransport] Received WebSocket response: {"type":"delta","content":"。","error":null,"message_id":"9a194d5f-195e-4c33-9d76-ae663832f9be","conversation_id":null,"itinerary":null} @ webpack-internal:///(app-pages-browser)/./lib/chat-transport.ts:103
[ 2064747ms] [LOG] [ChatTransport] Received WebSocket response: {"type":"delta","content":"或者","error":null,"message_id":"9a194d5f-195e-4c33-9d76-ae663832f9be","conversation_id":null,"itinerary":null} @ webpack-internal:///(app-pages-browser)/./lib/chat-transport.ts:103
[ 2064748ms] [LOG] [ChatTransport] Received WebSocket response: {"type":"delta","content":"，","error":null,"message_id":"9a194d5f-195e-4c33-9d76-ae663832f9be","conversation_id":null,"itinerary":null} @ webpack-internal:///(app-pages-browser)/./lib/chat-transport.ts:103
[ 2064749ms] [LOG] [ChatTransport] Received WebSocket response: {"type":"delta","content":"您","error":null,"message_id":"9a194d5f-195e-4c33-9d76-ae663832f9be","conversation_id":null,"itinerary":null} @ webpack-internal:///(app-pages-browser)/./lib/chat-transport.ts:103
[ 2064770ms] [LOG] [ChatTransport] Received WebSocket response: {"type":"delta","content":"也可以","error":null,"message_id":"9a194d5f-195e-4c33-9d76-ae663832f9be","conversation_id":null,"itinerary":null} @ webpack-internal:///(app-pages-browser)/./lib/chat-transport.ts:103
[ 2064780ms] [LOG] [ChatTransport] Received WebSocket response: {"type":"delta","content":"选择","error":null,"message_id":"9a194d5f-195e-4c33-9d76-ae663832f9be","conversation_id":null,"itinerary":null} @ webpack-internal:///(app-pages-browser)/./lib/chat-transport.ts:103
[ 2064840ms] [LOG] [ChatTransport] Received WebSocket response: {"type":"delta","content":"去","error":null,"message_id":"9a194d5f-195e-4c33-9d76-ae663832f9be","conversation_id":null,"itinerary":null} @ webpack-internal:///(app-pages-browser)/./lib/chat-transport.ts:103
[ 2064856ms] [LOG] [ChatTransport] Received WebSocket response: {"type":"delta","content":"**","error":null,"message_id":"9a194d5f-195e-4c33-9d76-ae663832f9be","conversation_id":null,"itinerary":null} @ webpack-internal:///(app-pages-browser)/./lib/chat-transport.ts:103
[ 2064926ms] [LOG] [ChatTransport] Received WebSocket response: {"type":"delta","content":"正","error":null,"message_id":"9a194d5f-195e-4c33-9d76-ae663832f9be","conversation_id":null,"itinerary":null} @ webpack-internal:///(app-pages-browser)/./lib/chat-transport.ts:103
[ 2064935ms] [LOG] [ChatTransport] Received WebSocket response: {"type":"delta","content":"佳","error":null,"message_id":"9a194d5f-195e-4c33-9d76-ae663832f9be","conversation_id":null,"itinerary":null} @ webpack-internal:///(app-pages-browser)/./lib/chat-transport.ts:103
[ 2065046ms] [LOG] [ChatTransport] Received WebSocket response: {"type":"delta","content":"广场","error":null,"message_id":"9a194d5f-195e-4c33-9d76-ae663832f9be","conversation_id":null,"itinerary":null} @ webpack-internal:///(app-pages-browser)/./lib/chat-transport.ts:103
[ 2065066ms] [LOG] [ChatTransport] Received WebSocket response: {"type":"delta","content":"**","error":null,"message_id":"9a194d5f-195e-4c33-9d76-ae663832f9be","conversation_id":null,"itinerary":null} @ webpack-internal:///(app-pages-browser)/./lib/chat-transport.ts:103
[ 2065081ms] [LOG] [ChatTransport] Received WebSocket response: {"type":"delta","content":"、","error":null,"message_id":"9a194d5f-195e-4c33-9d76-ae663832f9be","conversation_id":null,"itinerary":null} @ webpack-internal:///(app-pages-browser)/./lib/chat-transport.ts:103
[ 2065139ms] [LOG] [ChatTransport] Received WebSocket response: {"type":"delta","content":"**","error":null,"message_id":"9a194d5f-195e-4c33-9d76-ae663832f9be","conversation_id":null,"itinerary":null} @ webpack-internal:///(app-pages-browser)/./lib/chat-transport.ts:103
[ 2065155ms] [LOG] [ChatTransport] Received WebSocket response: {"type":"delta","content":"天河","error":null,"message_id":"9a194d5f-195e-4c33-9d76-ae663832f9be","conversation_id":null,"itinerary":null} @ webpack-internal:///(app-pages-browser)/./lib/chat-transport.ts:103
[ 2065203ms] [LOG] [ChatTransport] Received WebSocket response: {"type":"delta","content":"城","error":null,"message_id":"9a194d5f-195e-4c33-9d76-ae663832f9be","conversation_id":null,"itinerary":null} @ webpack-internal:///(app-pages-browser)/./lib/chat-transport.ts:103
[ 2065220ms] [LOG] [ChatTransport] Received WebSocket response: {"type":"delta","content":"**","error":null,"message_id":"9a194d5f-195e-4c33-9d76-ae663832f9be","conversation_id":null,"itinerary":null} @ webpack-internal:///(app-pages-browser)/./lib/chat-transport.ts:103
[ 2065283ms] [LOG] [ChatTransport] Received WebSocket response: {"type":"delta","content":"等","error":null,"message_id":"9a194d5f-195e-4c33-9d76-ae663832f9be","conversation_id":null,"itinerary":null} @ webpack-internal:///(app-pages-browser)/./lib/chat-transport.ts:103
[ 2065295ms] [LOG] [ChatTransport] Received WebSocket response: {"type":"delta","content":"大型","error":null,"message_id":"9a194d5f-195e-4c33-9d76-ae663832f9be","conversation_id":null,"itinerary":null} @ webpack-internal:///(app-pages-browser)/./lib/chat-transport.ts:103
[ 2065353ms] [LOG] [ChatTransport] Received WebSocket response: {"type":"delta","content":"商业","error":null,"message_id":"9a194d5f-195e-4c33-9d76-ae663832f9be","conversation_id":null,"itinerary":null} @ webpack-internal:///(app-pages-browser)/./lib/chat-transport.ts:103
[ 2065354ms] [LOG] [ChatTransport] Received WebSocket response: {"type":"delta","content":"综合体","error":null,"message_id":"9a194d5f-195e-4c33-9d76-ae663832f9be","conversation_id":null,"itinerary":null} @ webpack-internal:///(app-pages-browser)/./lib/chat-transport.ts:103
[ 2065430ms] [LOG] [ChatTransport] Received WebSocket response: {"type":"delta","content":"，","error":null,"message_id":"9a194d5f-195e-4c33-9d76-ae663832f9be","conversation_id":null,"itinerary":null} @ webpack-internal:///(app-pages-browser)/./lib/chat-transport.ts:103
[ 2065431ms] [LOG] [ChatTransport] Received WebSocket response: {"type":"delta","content":"享受","error":null,"message_id":"9a194d5f-195e-4c33-9d76-ae663832f9be","conversation_id":null,"itinerary":null} @ webpack-internal:///(app-pages-browser)/./lib/chat-transport.ts:103
[ 2065516ms] [LOG] [ChatTransport] Received WebSocket response: {"type":"delta","content":"购物","error":null,"message_id":"9a194d5f-195e-4c33-9d76-ae663832f9be","conversation_id":null,"itinerary":null} @ webpack-internal:///(app-pages-browser)/./lib/chat-transport.ts:103
[ 2065577ms] [LOG] [ChatTransport] Received WebSocket response: {"type":"delta","content":"和","error":null,"message_id":"9a194d5f-195e-4c33-9d76-ae663832f9be","conversation_id":null,"itinerary":null} @ webpack-internal:///(app-pages-browser)/./lib/chat-transport.ts:103
[ 2065649ms] [LOG] [ChatTransport] Received WebSocket response: {"type":"delta","content":"室内","error":null,"message_id":"9a194d5f-195e-4c33-9d76-ae663832f9be","conversation_id":null,"itinerary":null} @ webpack-internal:///(app-pages-browser)/./lib/chat-transport.ts:103
[ 2065729ms] [LOG] [ChatTransport] Received WebSocket response: {"type":"delta","content":"娱乐","error":null,"message_id":"9a194d5f-195e-4c33-9d76-ae663832f9be","conversation_id":null,"itinerary":null} @ webpack-internal:///(app-pages-browser)/./lib/chat-transport.ts:103
[ 2065815ms] [LOG] [ChatTransport] Received WebSocket response: {"type":"delta","content":"。\n","error":null,"message_id":"9a194d5f-195e-4c33-9d76-ae663832f9be","conversation_id":null,"itinerary":null} @ webpack-internal:///(app-pages-browser)/./lib/chat-transport.ts:103
[ 2065833ms] [LOG] [ChatTransport] Received WebSocket response: {"type":"delta","content":"*","error":null,"message_id":"9a194d5f-195e-4c33-9d76-ae663832f9be","conversation_id":null,"itinerary":null} @ webpack-internal:///(app-pages-browser)/./lib/chat-transport.ts:103
[ 2065882ms] [LOG] [ChatTransport] Received WebSocket response: {"type":"delta","content":"  ","error":null,"message_id":"9a194d5f-195e-4c33-9d76-ae663832f9be","conversation_id":null,"itinerary":null} @ webpack-internal:///(app-pages-browser)/./lib/chat-transport.ts:103
[ 2065893ms] [LOG] [ChatTransport] Received WebSocket response: {"type":"delta","content":" **","error":null,"message_id":"9a194d5f-195e-4c33-9d76-ae663832f9be","conversation_id":null,"itinerary":null} @ webpack-internal:///(app-pages-browser)/./lib/chat-transport.ts:103
[ 2065951ms] [LOG] [ChatTransport] Received WebSocket response: {"type":"delta","content":"晚上","error":null,"message_id":"9a194d5f-195e-4c33-9d76-ae663832f9be","conversation_id":null,"itinerary":null} @ webpack-internal:///(app-pages-browser)/./lib/chat-transport.ts:103
[ 2065967ms] [LOG] [ChatTransport] Received WebSocket response: {"type":"delta","content":"**","error":null,"message_id":"9a194d5f-195e-4c33-9d76-ae663832f9be","conversation_id":null,"itinerary":null} @ webpack-internal:///(app-pages-browser)/./lib/chat-transport.ts:103
[ 2066018ms] [LOG] [ChatTransport] Received WebSocket response: {"type":"delta","content":"：","error":null,"message_id":"9a194d5f-195e-4c33-9d76-ae663832f9be","conversation_id":null,"itinerary":null} @ webpack-internal:///(app-pages-browser)/./lib/chat-transport.ts:103
[ 2066029ms] [LOG] [ChatTransport] Received WebSocket response: {"type":"delta","content":"前往","error":null,"message_id":"9a194d5f-195e-4c33-9d76-ae663832f9be","conversation_id":null,"itinerary":null} @ webpack-internal:///(app-pages-browser)/./lib/chat-transport.ts:103
[ 2066104ms] [LOG] [ChatTransport] Received WebSocket response: {"type":"delta","content":"**","error":null,"message_id":"9a194d5f-195e-4c33-9d76-ae663832f9be","conversation_id":null,"itinerary":null} @ webpack-internal:///(app-pages-browser)/./lib/chat-transport.ts:103
[ 2066118ms] [LOG] [ChatTransport] Received WebSocket response: {"type":"delta","content":"上下","error":null,"message_id":"9a194d5f-195e-4c33-9d76-ae663832f9be","conversation_id":null,"itinerary":null} @ webpack-internal:///(app-pages-browser)/./lib/chat-transport.ts:103
[ 2066177ms] [LOG] [ChatTransport] Received WebSocket response: {"type":"delta","content":"九","error":null,"message_id":"9a194d5f-195e-4c33-9d76-ae663832f9be","conversation_id":null,"itinerary":null} @ webpack-internal:///(app-pages-browser)/./lib/chat-transport.ts:103
[ 2066192ms] [LOG] [ChatTransport] Received WebSocket response: {"type":"delta","content":"步行","error":null,"message_id":"9a194d5f-195e-4c33-9d76-ae663832f9be","conversation_id":null,"itinerary":null} @ webpack-internal:///(app-pages-browser)/./lib/chat-transport.ts:103
[ 2066241ms] [LOG] [ChatTransport] Received WebSocket response: {"type":"delta","content":"街","error":null,"message_id":"9a194d5f-195e-4c33-9d76-ae663832f9be","conversation_id":null,"itinerary":null} @ webpack-internal:///(app-pages-browser)/./lib/chat-transport.ts:103
[ 2066257ms] [LOG] [ChatTransport] Received WebSocket response: {"type":"delta","content":"**","error":null,"message_id":"9a194d5f-195e-4c33-9d76-ae663832f9be","conversation_id":null,"itinerary":null} @ webpack-internal:///(app-pages-browser)/./lib/chat-transport.ts:103
[ 2066318ms] [LOG] [ChatTransport] Received WebSocket response: {"type":"delta","content":"或","error":null,"message_id":"9a194d5f-195e-4c33-9d76-ae663832f9be","conversation_id":null,"itinerary":null} @ webpack-internal:///(app-pages-browser)/./lib/chat-transport.ts:103
[ 2066331ms] [LOG] [ChatTransport] Received WebSocket response: {"type":"delta","content":"**","error":null,"message_id":"9a194d5f-195e-4c33-9d76-ae663832f9be","conversation_id":null,"itinerary":null} @ webpack-internal:///(app-pages-browser)/./lib/chat-transport.ts:103
[ 2066389ms] [LOG] [ChatTransport] Received WebSocket response: {"type":"delta","content":"宝","error":null,"message_id":"9a194d5f-195e-4c33-9d76-ae663832f9be","conversation_id":null,"itinerary":null} @ webpack-internal:///(app-pages-browser)/./lib/chat-transport.ts:103
[ 2066477ms] [LOG] [ChatTransport] Received WebSocket response: {"type":"delta","content":"华","error":null,"message_id":"9a194d5f-195e-4c33-9d76-ae663832f9be","conversation_id":null,"itinerary":null} @ webpack-internal:///(app-pages-browser)/./lib/chat-transport.ts:103
[ 2066488ms] [LOG] [ChatTransport] Received WebSocket response: {"type":"delta","content":"路","error":null,"message_id":"9a194d5f-195e-4c33-9d76-ae663832f9be","conversation_id":null,"itinerary":null} @ webpack-internal:///(app-pages-browser)/./lib/chat-transport.ts:103
[ 2066538ms] [LOG] [ChatTransport] Received WebSocket response: {"type":"delta","content":"**","error":null,"message_id":"9a194d5f-195e-4c33-9d76-ae663832f9be","conversation_id":null,"itinerary":null} @ webpack-internal:///(app-pages-browser)/./lib/chat-transport.ts:103
[ 2066548ms] [LOG] [ChatTransport] Received WebSocket response: {"type":"delta","content":"。","error":null,"message_id":"9a194d5f-195e-4c33-9d76-ae663832f9be","conversation_id":null,"itinerary":null} @ webpack-internal:///(app-pages-browser)/./lib/chat-transport.ts:103
[ 2066613ms] [LOG] [ChatTransport] Received WebSocket response: {"type":"delta","content":"在","error":null,"message_id":"9a194d5f-195e-4c33-9d76-ae663832f9be","conversation_id":null,"itinerary":null} @ webpack-internal:///(app-pages-browser)/./lib/chat-transport.ts:103
[ 2066690ms] [LOG] [ChatTransport] Received WebSocket response: {"type":"delta","content":"骑","error":null,"message_id":"9a194d5f-195e-4c33-9d76-ae663832f9be","conversation_id":null,"itinerary":null} @ webpack-internal:///(app-pages-browser)/./lib/chat-transport.ts:103
[ 2066818ms] [LOG] [ChatTransport] Received WebSocket response: {"type":"delta","content":"楼","error":null,"message_id":"9a194d5f-195e-4c33-9d76-ae663832f9be","conversation_id":null,"itinerary":null} @ webpack-internal:///(app-pages-browser)/./lib/chat-transport.ts:103
[ 2066839ms] [LOG] [ChatTransport] Received WebSocket response: {"type":"delta","content":"建筑","error":null,"message_id":"9a194d5f-195e-4c33-9d76-ae663832f9be","conversation_id":null,"itinerary":null} @ webpack-internal:///(app-pages-browser)/./lib/chat-transport.ts:103
[ 2066910ms] [LOG] [ChatTransport] Received WebSocket response: {"type":"delta","content":"下","error":null,"message_id":"9a194d5f-195e-4c33-9d76-ae663832f9be","conversation_id":null,"itinerary":null} @ webpack-internal:///(app-pages-browser)/./lib/chat-transport.ts:103
[ 2066925ms] [LOG] [ChatTransport] Received WebSocket response: {"type":"delta","content":"，","error":null,"message_id":"9a194d5f-195e-4c33-9d76-ae663832f9be","conversation_id":null,"itinerary":null} @ webpack-internal:///(app-pages-browser)/./lib/chat-transport.ts:103
[ 2067075ms] [LOG] [ChatTransport] Received WebSocket response: {"type":"delta","content":"品尝","error":null,"message_id":"9a194d5f-195e-4c33-9d76-ae663832f9be","conversation_id":null,"itinerary":null} @ webpack-internal:///(app-pages-browser)/./lib/chat-transport.ts:103
[ 2067088ms] [LOG] [ChatTransport] Received WebSocket response: {"type":"delta","content":"地","error":null,"message_id":"9a194d5f-195e-4c33-9d76-ae663832f9be","conversation_id":null,"itinerary":null} @ webpack-internal:///(app-pages-browser)/./lib/chat-transport.ts:103
[ 2067091ms] [LOG] [ChatTransport] Received WebSocket response: {"type":"delta","content":"道的","error":null,"message_id":"9a194d5f-195e-4c33-9d76-ae663832f9be","conversation_id":null,"itinerary":null} @ webpack-internal:///(app-pages-browser)/./lib/chat-transport.ts:103
[ 2067091ms] [LOG] [ChatTransport] Received WebSocket response: {"type":"delta","content":"广州","error":null,"message_id":"9a194d5f-195e-4c33-9d76-ae663832f9be","conversation_id":null,"itinerary":null} @ webpack-internal:///(app-pages-browser)/./lib/chat-transport.ts:103
[ 2067141ms] [LOG] [ChatTransport] Received WebSocket response: {"type":"delta","content":"小吃","error":null,"message_id":"9a194d5f-195e-4c33-9d76-ae663832f9be","conversation_id":null,"itinerary":null} @ webpack-internal:///(app-pages-browser)/./lib/chat-transport.ts:103
[ 2067156ms] [LOG] [ChatTransport] Received WebSocket response: {"type":"delta","content":"，","error":null,"message_id":"9a194d5f-195e-4c33-9d76-ae663832f9be","conversation_id":null,"itinerary":null} @ webpack-internal:///(app-pages-browser)/./lib/chat-transport.ts:103
[ 2067209ms] [LOG] [ChatTransport] Received WebSocket response: {"type":"delta","content":"如","error":null,"message_id":"9a194d5f-195e-4c33-9d76-ae663832f9be","conversation_id":null,"itinerary":null} @ webpack-internal:///(app-pages-browser)/./lib/chat-transport.ts:103
[ 2067214ms] [LOG] [ChatTransport] Received WebSocket response: {"type":"delta","content":"**","error":null,"message_id":"9a194d5f-195e-4c33-9d76-ae663832f9be","conversation_id":null,"itinerary":null} @ webpack-internal:///(app-pages-browser)/./lib/chat-transport.ts:103
[ 2067281ms] [LOG] [ChatTransport] Received WebSocket response: {"type":"delta","content":"银","error":null,"message_id":"9a194d5f-195e-4c33-9d76-ae663832f9be","conversation_id":null,"itinerary":null} @ webpack-internal:///(app-pages-browser)/./lib/chat-transport.ts:103
[ 2067296ms] [LOG] [ChatTransport] Received WebSocket response: {"type":"delta","content":"记","error":null,"message_id":"9a194d5f-195e-4c33-9d76-ae663832f9be","conversation_id":null,"itinerary":null} @ webpack-internal:///(app-pages-browser)/./lib/chat-transport.ts:103
[ 2067356ms] [LOG] [ChatTransport] Received WebSocket response: {"type":"delta","content":"肠","error":null,"message_id":"9a194d5f-195e-4c33-9d76-ae663832f9be","conversation_id":null,"itinerary":null} @ webpack-internal:///(app-pages-browser)/./lib/chat-transport.ts:103
[ 2067363ms] [LOG] [ChatTransport] Received WebSocket response: {"type":"delta","content":"粉","error":null,"message_id":"9a194d5f-195e-4c33-9d76-ae663832f9be","conversation_id":null,"itinerary":null} @ webpack-internal:///(app-pages-browser)/./lib/chat-transport.ts:103
[ 2067426ms] [LOG] [ChatTransport] Received WebSocket response: {"type":"delta","content":"**","error":null,"message_id":"9a194d5f-195e-4c33-9d76-ae663832f9be","conversation_id":null,"itinerary":null} @ webpack-internal:///(app-pages-browser)/./lib/chat-transport.ts:103
[ 2067427ms] [LOG] [ChatTransport] Received WebSocket response: {"type":"delta","content":"、","error":null,"message_id":"9a194d5f-195e-4c33-9d76-ae663832f9be","conversation_id":null,"itinerary":null} @ webpack-internal:///(app-pages-browser)/./lib/chat-transport.ts:103
[ 2067505ms] [LOG] [ChatTransport] Received WebSocket response: {"type":"delta","content":"**","error":null,"message_id":"9a194d5f-195e-4c33-9d76-ae663832f9be","conversation_id":null,"itinerary":null} @ webpack-internal:///(app-pages-browser)/./lib/chat-transport.ts:103
[ 2067522ms] [LOG] [ChatTransport] Received WebSocket response: {"type":"delta","content":"南","error":null,"message_id":"9a194d5f-195e-4c33-9d76-ae663832f9be","conversation_id":null,"itinerary":null} @ webpack-internal:///(app-pages-browser)/./lib/chat-transport.ts:103
[ 2067582ms] [LOG] [ChatTransport] Received WebSocket response: {"type":"delta","content":"信","error":null,"message_id":"9a194d5f-195e-4c33-9d76-ae663832f9be","conversation_id":null,"itinerary":null} @ webpack-internal:///(app-pages-browser)/./lib/chat-transport.ts:103
[ 2067583ms] [LOG] [ChatTransport] Received WebSocket response: {"type":"delta","content":"牛奶","error":null,"message_id":"9a194d5f-195e-4c33-9d76-ae663832f9be","conversation_id":null,"itinerary":null} @ webpack-internal:///(app-pages-browser)/./lib/chat-transport.ts:103
[ 2067652ms] [LOG] [ChatTransport] Received WebSocket response: {"type":"delta","content":"甜品","error":null,"message_id":"9a194d5f-195e-4c33-9d76-ae663832f9be","conversation_id":null,"itinerary":null} @ webpack-internal:///(app-pages-browser)/./lib/chat-transport.ts:103
[ 2067667ms] [LOG] [ChatTransport] Received WebSocket response: {"type":"delta","content":"专家","error":null,"message_id":"9a194d5f-195e-4c33-9d76-ae663832f9be","conversation_id":null,"itinerary":null} @ webpack-internal:///(app-pages-browser)/./lib/chat-transport.ts:103
[ 2067724ms] [LOG] [ChatTransport] Received WebSocket response: {"type":"delta","content":"**","error":null,"message_id":"9a194d5f-195e-4c33-9d76-ae663832f9be","conversation_id":null,"itinerary":null} @ webpack-internal:///(app-pages-browser)/./lib/chat-transport.ts:103
[ 2067736ms] [LOG] [ChatTransport] Received WebSocket response: {"type":"delta","content":"的","error":null,"message_id":"9a194d5f-195e-4c33-9d76-ae663832f9be","conversation_id":null,"itinerary":null} @ webpack-internal:///(app-pages-browser)/./lib/chat-transport.ts:103
[ 2067801ms] [LOG] [ChatTransport] Received WebSocket response: {"type":"delta","content":"甜品","error":null,"message_id":"9a194d5f-195e-4c33-9d76-ae663832f9be","conversation_id":null,"itinerary":null} @ webpack-internal:///(app-pages-browser)/./lib/chat-transport.ts:103
[ 2068106ms] [LOG] [ChatTransport] Received WebSocket response: {"type":"delta","content":"、","error":null,"message_id":"9a194d5f-195e-4c33-9d76-ae663832f9be","conversation_id":null,"itinerary":null} @ webpack-internal:///(app-pages-browser)/./lib/chat-transport.ts:103
[ 2068118ms] [LOG] [ChatTransport] Received WebSocket response: {"type":"delta","content":"**","error":null,"message_id":"9a194d5f-195e-4c33-9d76-ae663832f9be","conversation_id":null,"itinerary":null} @ webpack-internal:///(app-pages-browser)/./lib/chat-transport.ts:103
[ 2068129ms] [LOG] [ChatTransport] Received WebSocket response: {"type":"delta","content":"陈","error":null,"message_id":"9a194d5f-195e-4c33-9d76-ae663832f9be","conversation_id":null,"itinerary":null} @ webpack-internal:///(app-pages-browser)/./lib/chat-transport.ts:103
[ 2068130ms] [LOG] [ChatTransport] Received WebSocket response: {"type":"delta","content":"添","error":null,"message_id":"9a194d5f-195e-4c33-9d76-ae663832f9be","conversation_id":null,"itinerary":null} @ webpack-internal:///(app-pages-browser)/./lib/chat-transport.ts:103
[ 2068130ms] [LOG] [ChatTransport] Received WebSocket response: {"type":"delta","content":"记","error":null,"message_id":"9a194d5f-195e-4c33-9d76-ae663832f9be","conversation_id":null,"itinerary":null} @ webpack-internal:///(app-pages-browser)/./lib/chat-transport.ts:103
[ 2068131ms] [LOG] [ChatTransport] Received WebSocket response: {"type":"delta","content":"鱼","error":null,"message_id":"9a194d5f-195e-4c33-9d76-ae663832f9be","conversation_id":null,"itinerary":null} @ webpack-internal:///(app-pages-browser)/./lib/chat-transport.ts:103
[ 2068131ms] [LOG] [ChatTransport] Received WebSocket response: {"type":"delta","content":"皮","error":null,"message_id":"9a194d5f-195e-4c33-9d76-ae663832f9be","conversation_id":null,"itinerary":null} @ webpack-internal:///(app-pages-browser)/./lib/chat-transport.ts:103
[ 2068187ms] [LOG] [ChatTransport] Received WebSocket response: {"type":"delta","content":"**","error":null,"message_id":"9a194d5f-195e-4c33-9d76-ae663832f9be","conversation_id":null,"itinerary":null} @ webpack-internal:///(app-pages-browser)/./lib/chat-transport.ts:103
[ 2068198ms] [LOG] [ChatTransport] Received WebSocket response: {"type":"delta","content":"等","error":null,"message_id":"9a194d5f-195e-4c33-9d76-ae663832f9be","conversation_id":null,"itinerary":null} @ webpack-internal:///(app-pages-browser)/./lib/chat-transport.ts:103
[ 2068274ms] [LOG] [ChatTransport] Received WebSocket response: {"type":"delta","content":"。\n\n","error":null,"message_id":"9a194d5f-195e-4c33-9d76-ae663832f9be","conversation_id":null,"itinerary":null} @ webpack-internal:///(app-pages-browser)/./lib/chat-transport.ts:103
[ 2068286ms] [LOG] [ChatTransport] Received WebSocket response: {"type":"delta","content":"####","error":null,"message_id":"9a194d5f-195e-4c33-9d76-ae663832f9be","conversation_id":null,"itinerary":null} @ webpack-internal:///(app-pages-browser)/./lib/chat-transport.ts:103
[ 2068325ms] [LOG] [ChatTransport] Received WebSocket response: {"type":"delta","content":" **","error":null,"message_id":"9a194d5f-195e-4c33-9d76-ae663832f9be","conversation_id":null,"itinerary":null} @ webpack-internal:///(app-pages-browser)/./lib/chat-transport.ts:103
[ 2068342ms] [LOG] [ChatTransport] Received WebSocket response: {"type":"delta","content":"第三天","error":null,"message_id":"9a194d5f-195e-4c33-9d76-ae663832f9be","conversation_id":null,"itinerary":null} @ webpack-internal:///(app-pages-browser)/./lib/chat-transport.ts:103
[ 2068390ms] [LOG] [ChatTransport] Received WebSocket response: {"type":"delta","content":"：","error":null,"message_id":"9a194d5f-195e-4c33-9d76-ae663832f9be","conversation_id":null,"itinerary":null} @ webpack-internal:///(app-pages-browser)/./lib/chat-transport.ts:103
[ 2068405ms] [LOG] [ChatTransport] Received WebSocket response: {"type":"delta","content":"自然","error":null,"message_id":"9a194d5f-195e-4c33-9d76-ae663832f9be","conversation_id":null,"itinerary":null} @ webpack-internal:///(app-pages-browser)/./lib/chat-transport.ts:103
[ 2068585ms] [LOG] [ChatTransport] Received WebSocket response: {"type":"delta","content":"风光","error":null,"message_id":"9a194d5f-195e-4c33-9d76-ae663832f9be","conversation_id":null,"itinerary":null} @ webpack-internal:///(app-pages-browser)/./lib/chat-transport.ts:103
[ 2068602ms] [LOG] [ChatTransport] Received WebSocket response: {"type":"delta","content":"与","error":null,"message_id":"9a194d5f-195e-4c33-9d76-ae663832f9be","conversation_id":null,"itinerary":null} @ webpack-internal:///(app-pages-browser)/./lib/chat-transport.ts:103
[ 2068619ms] [LOG] [ChatTransport] Received WebSocket response: {"type":"delta","content":"都市","error":null,"message_id":"9a194d5f-195e-4c33-9d76-ae663832f9be","conversation_id":null,"itinerary":null} @ webpack-internal:///(app-pages-browser)/./lib/chat-transport.ts:103
[ 2068637ms] [LOG] [ChatTransport] Received WebSocket response: {"type":"delta","content":"漫步","error":null,"message_id":"9a194d5f-195e-4c33-9d76-ae663832f9be","conversation_id":null,"itinerary":null} @ webpack-internal:///(app-pages-browser)/./lib/chat-transport.ts:103
[ 2068713ms] [LOG] [ChatTransport] Received WebSocket response: {"type":"delta","content":" (","error":null,"message_id":"9a194d5f-195e-4c33-9d76-ae663832f9be","conversation_id":null,"itinerary":null} @ webpack-internal:///(app-pages-browser)/./lib/chat-transport.ts:103
[ 2068728ms] [LOG] [ChatTransport] Received WebSocket response: {"type":"delta","content":"多云","error":null,"message_id":"9a194d5f-195e-4c33-9d76-ae663832f9be","conversation_id":null,"itinerary":null} @ webpack-internal:///(app-pages-browser)/./lib/chat-transport.ts:103
[ 2068772ms] [LOG] [ChatTransport] Received WebSocket response: {"type":"delta","content":"，","error":null,"message_id":"9a194d5f-195e-4c33-9d76-ae663832f9be","conversation_id":null,"itinerary":null} @ webpack-internal:///(app-pages-browser)/./lib/chat-transport.ts:103
[ 2068773ms] [LOG] [ChatTransport] Received WebSocket response: {"type":"delta","content":"宜","error":null,"message_id":"9a194d5f-195e-4c33-9d76-ae663832f9be","conversation_id":null,"itinerary":null} @ webpack-internal:///(app-pages-browser)/./lib/chat-transport.ts:103
[ 2068852ms] [LOG] [ChatTransport] Received WebSocket response: {"type":"delta","content":"户外","error":null,"message_id":"9a194d5f-195e-4c33-9d76-ae663832f9be","conversation_id":null,"itinerary":null} @ webpack-internal:///(app-pages-browser)/./lib/chat-transport.ts:103
[ 2068868ms] [LOG] [ChatTransport] Received WebSocket response: {"type":"delta","content":")","error":null,"message_id":"9a194d5f-195e-4c33-9d76-ae663832f9be","conversation_id":null,"itinerary":null} @ webpack-internal:///(app-pages-browser)/./lib/chat-transport.ts:103
[ 2068919ms] [LOG] [ChatTransport] Received WebSocket response: {"type":"delta","content":"**\n","error":null,"message_id":"9a194d5f-195e-4c33-9d76-ae663832f9be","conversation_id":null,"itinerary":null} @ webpack-internal:///(app-pages-browser)/./lib/chat-transport.ts:103
[ 2068934ms] [LOG] [ChatTransport] Received WebSocket response: {"type":"delta","content":"*","error":null,"message_id":"9a194d5f-195e-4c33-9d76-ae663832f9be","conversation_id":null,"itinerary":null} @ webpack-internal:///(app-pages-browser)/./lib/chat-transport.ts:103
[ 2068991ms] [LOG] [ChatTransport] Received WebSocket response: {"type":"delta","content":"  ","error":null,"message_id":"9a194d5f-195e-4c33-9d76-ae663832f9be","conversation_id":null,"itinerary":null} @ webpack-internal:///(app-pages-browser)/./lib/chat-transport.ts:103
[ 2069007ms] [LOG] [ChatTransport] Received WebSocket response: {"type":"delta","content":" **","error":null,"message_id":"9a194d5f-195e-4c33-9d76-ae663832f9be","conversation_id":null,"itinerary":null} @ webpack-internal:///(app-pages-browser)/./lib/chat-transport.ts:103
[ 2069091ms] [LOG] [ChatTransport] Received WebSocket response: {"type":"delta","content":"上午","error":null,"message_id":"9a194d5f-195e-4c33-9d76-ae663832f9be","conversation_id":null,"itinerary":null} @ webpack-internal:///(app-pages-browser)/./lib/chat-transport.ts:103
[ 2069102ms] [LOG] [ChatTransport] Received WebSocket response: {"type":"delta","content":"**","error":null,"message_id":"9a194d5f-195e-4c33-9d76-ae663832f9be","conversation_id":null,"itinerary":null} @ webpack-internal:///(app-pages-browser)/./lib/chat-transport.ts:103
[ 2069152ms] [LOG] [ChatTransport] Received WebSocket response: {"type":"delta","content":"：","error":null,"message_id":"9a194d5f-195e-4c33-9d76-ae663832f9be","conversation_id":null,"itinerary":null} @ webpack-internal:///(app-pages-browser)/./lib/chat-transport.ts:103
[ 2069153ms] [LOG] [ChatTransport] Received WebSocket response: {"type":"delta","content":"**","error":null,"message_id":"9a194d5f-195e-4c33-9d76-ae663832f9be","conversation_id":null,"itinerary":null} @ webpack-internal:///(app-pages-browser)/./lib/chat-transport.ts:103
[ 2069228ms] [LOG] [ChatTransport] Received WebSocket response: {"type":"delta","content":"白云","error":null,"message_id":"9a194d5f-195e-4c33-9d76-ae663832f9be","conversation_id":null,"itinerary":null} @ webpack-internal:///(app-pages-browser)/./lib/chat-transport.ts:103
[ 2069234ms] [LOG] [ChatTransport] Received WebSocket response: {"type":"delta","content":"山","error":null,"message_id":"9a194d5f-195e-4c33-9d76-ae663832f9be","conversation_id":null,"itinerary":null} @ webpack-internal:///(app-pages-browser)/./lib/chat-transport.ts:103
[ 2069309ms] [LOG] [ChatTransport] Received WebSocket response: {"type":"delta","content":"风景区","error":null,"message_id":"9a194d5f-195e-4c33-9d76-ae663832f9be","conversation_id":null,"itinerary":null} @ webpack-internal:///(app-pages-browser)/./lib/chat-transport.ts:103
[ 2069380ms] [LOG] [ChatTransport] Received WebSocket response: {"type":"delta","content":"**","error":null,"message_id":"9a194d5f-195e-4c33-9d76-ae663832f9be","conversation_id":null,"itinerary":null} @ webpack-internal:///(app-pages-browser)/./lib/chat-transport.ts:103
[ 2069381ms] [LOG] [ChatTransport] Received WebSocket response: {"type":"delta","content":"。","error":null,"message_id":"9a194d5f-195e-4c33-9d76-ae663832f9be","conversation_id":null,"itinerary":null} @ webpack-internal:///(app-pages-browser)/./lib/chat-transport.ts:103
[ 2069728ms] [LOG] [ChatTransport] Received WebSocket response: {"type":"delta","content":"乘坐","error":null,"message_id":"9a194d5f-195e-4c33-9d76-ae663832f9be","conversation_id":null,"itinerary":null} @ webpack-internal:///(app-pages-browser)/./lib/chat-transport.ts:103
[ 2069743ms] [LOG] [ChatTransport] Received WebSocket response: {"type":"delta","content":"缆","error":null,"message_id":"9a194d5f-195e-4c33-9d76-ae663832f9be","conversation_id":null,"itinerary":null} @ webpack-internal:///(app-pages-browser)/./lib/chat-transport.ts:103
[ 2069762ms] [LOG] [ChatTransport] Received WebSocket response: {"type":"delta","content":"车上","error":null,"message_id":"9a194d5f-195e-4c33-9d76-ae663832f9be","conversation_id":null,"itinerary":null} @ webpack-internal:///(app-pages-browser)/./lib/chat-transport.ts:103
[ 2069763ms] [LOG] [ChatTransport] Received WebSocket response: {"type":"delta","content":"山","error":null,"message_id":"9a194d5f-195e-4c33-9d76-ae663832f9be","conversation_id":null,"itinerary":null} @ webpack-internal:///(app-pages-browser)/./lib/chat-transport.ts:103
[ 2069763ms] [LOG] [ChatTransport] Received WebSocket response: {"type":"delta","content":"，","error":null,"message_id":"9a194d5f-195e-4c33-9d76-ae663832f9be","conversation_id":null,"itinerary":null} @ webpack-internal:///(app-pages-browser)/./lib/chat-transport.ts:103
[ 2069764ms] [LOG] [ChatTransport] Received WebSocket response: {"type":"delta","content":"漫步","error":null,"message_id":"9a194d5f-195e-4c33-9d76-ae663832f9be","conversation_id":null,"itinerary":null} @ webpack-internal:///(app-pages-browser)/./lib/chat-transport.ts:103
[ 2069765ms] [LOG] [ChatTransport] Received WebSocket response: {"type":"delta","content":"“","error":null,"message_id":"9a194d5f-195e-4c33-9d76-ae663832f9be","conversation_id":null,"itinerary":null} @ webpack-internal:///(app-pages-browser)/./lib/chat-transport.ts:103
[ 2069765ms] [LOG] [ChatTransport] Received WebSocket response: {"type":"delta","content":"天","error":null,"message_id":"9a194d5f-195e-4c33-9d76-ae663832f9be","conversation_id":null,"itinerary":null} @ webpack-internal:///(app-pages-browser)/./lib/chat-transport.ts:103
[ 2069783ms] [LOG] [ChatTransport] Received WebSocket response: {"type":"delta","content":"南","error":null,"message_id":"9a194d5f-195e-4c33-9d76-ae663832f9be","conversation_id":null,"itinerary":null} @ webpack-internal:///(app-pages-browser)/./lib/chat-transport.ts:103
[ 2069783ms] [LOG] [ChatTransport] Received WebSocket response: {"type":"delta","content":"第一","error":null,"message_id":"9a194d5f-195e-4c33-9d76-ae663832f9be","conversation_id":null,"itinerary":null} @ webpack-internal:///(app-pages-browser)/./lib/chat-transport.ts:103
[ 2069835ms] [LOG] [ChatTransport] Received WebSocket response: {"type":"delta","content":"峰","error":null,"message_id":"9a194d5f-195e-4c33-9d76-ae663832f9be","conversation_id":null,"itinerary":null} @ webpack-internal:///(app-pages-browser)/./lib/chat-transport.ts:103
[ 2069851ms] [LOG] [ChatTransport] Received WebSocket response: {"type":"delta","content":"”，","error":null,"message_id":"9a194d5f-195e-4c33-9d76-ae663832f9be","conversation_id":null,"itinerary":null} @ webpack-internal:///(app-pages-browser)/./lib/chat-transport.ts:103
[ 2069886ms] [LOG] [ChatTransport] Received WebSocket response: {"type":"delta","content":"呼吸","error":null,"message_id":"9a194d5f-195e-4c33-9d76-ae663832f9be","conversation_id":null,"itinerary":null} @ webpack-internal:///(app-pages-browser)/./lib/chat-transport.ts:103
[ 2069895ms] [LOG] [ChatTransport] Received WebSocket response: {"type":"delta","content":"新鲜","error":null,"message_id":"9a194d5f-195e-4c33-9d76-ae663832f9be","conversation_id":null,"itinerary":null} @ webpack-internal:///(app-pages-browser)/./lib/chat-transport.ts:103
[ 2069949ms] [LOG] [ChatTransport] Received WebSocket response: {"type":"delta","content":"空气","error":null,"message_id":"9a194d5f-195e-4c33-9d76-ae663832f9be","conversation_id":null,"itinerary":null} @ webpack-internal:///(app-pages-browser)/./lib/chat-transport.ts:103
[ 2069950ms] [LOG] [ChatTransport] Received WebSocket response: {"type":"delta","content":"，","error":null,"message_id":"9a194d5f-195e-4c33-9d76-ae663832f9be","conversation_id":null,"itinerary":null} @ webpack-internal:///(app-pages-browser)/./lib/chat-transport.ts:103
[ 2070026ms] [LOG] [ChatTransport] Received WebSocket response: {"type":"delta","content":"俯瞰","error":null,"message_id":"9a194d5f-195e-4c33-9d76-ae663832f9be","conversation_id":null,"itinerary":null} @ webpack-internal:///(app-pages-browser)/./lib/chat-transport.ts:103
[ 2070037ms] [LOG] [ChatTransport] Received WebSocket response: {"type":"delta","content":"广州","error":null,"message_id":"9a194d5f-195e-4c33-9d76-ae663832f9be","conversation_id":null,"itinerary":null} @ webpack-internal:///(app-pages-browser)/./lib/chat-transport.ts:103
[ 2070122ms] [LOG] [ChatTransport] Received WebSocket response: {"type":"delta","content":"全景","error":null,"message_id":"9a194d5f-195e-4c33-9d76-ae663832f9be","conversation_id":null,"itinerary":null} @ webpack-internal:///(app-pages-browser)/./lib/chat-transport.ts:103
[ 2070139ms] [LOG] [ChatTransport] Received WebSocket response: {"type":"delta","content":"。","error":null,"message_id":"9a194d5f-195e-4c33-9d76-ae663832f9be","conversation_id":null,"itinerary":null} @ webpack-internal:///(app-pages-browser)/./lib/chat-transport.ts:103
[ 2070188ms] [LOG] [ChatTransport] Received WebSocket response: {"type":"delta","content":"体力","error":null,"message_id":"9a194d5f-195e-4c33-9d76-ae663832f9be","conversation_id":null,"itinerary":null} @ webpack-internal:///(app-pages-browser)/./lib/chat-transport.ts:103
[ 2070327ms] [LOG] [ChatTransport] Received WebSocket response: {"type":"delta","content":"好","error":null,"message_id":"9a194d5f-195e-4c33-9d76-ae663832f9be","conversation_id":null,"itinerary":null} @ webpack-internal:///(app-pages-browser)/./lib/chat-transport.ts:103
[ 2070328ms] [LOG] [ChatTransport] Received WebSocket response: {"type":"delta","content":"可以选择","error":null,"message_id":"9a194d5f-195e-4c33-9d76-ae663832f9be","conversation_id":null,"itinerary":null} @ webpack-internal:///(app-pages-browser)/./lib/chat-transport.ts:103
[ 2070345ms] [LOG] [ChatTransport] Received WebSocket response: {"type":"delta","content":"步行","error":null,"message_id":"9a194d5f-195e-4c33-9d76-ae663832f9be","conversation_id":null,"itinerary":null} @ webpack-internal:///(app-pages-browser)/./lib/chat-transport.ts:103
[ 2070447ms] [LOG] [ChatTransport] Received WebSocket response: {"type":"delta","content":"部分","error":null,"message_id":"9a194d5f-195e-4c33-9d76-ae663832f9be","conversation_id":null,"itinerary":null} @ webpack-internal:///(app-pages-browser)/./lib/chat-transport.ts:103
[ 2070480ms] [LOG] [ChatTransport] Received WebSocket response: {"type":"delta","content":"路段","error":null,"message_id":"9a194d5f-195e-4c33-9d76-ae663832f9be","conversation_id":null,"itinerary":null} @ webpack-internal:///(app-pages-browser)/./lib/chat-transport.ts:103
[ 2070480ms] [LOG] [ChatTransport] Received WebSocket response: {"type":"delta","content":"。\n","error":null,"message_id":"9a194d5f-195e-4c33-9d76-ae663832f9be","conversation_id":null,"itinerary":null} @ webpack-internal:///(app-pages-browser)/./lib/chat-transport.ts:103
[ 2070556ms] [LOG] [ChatTransport] Received WebSocket response: {"type":"delta","content":"*","error":null,"message_id":"9a194d5f-195e-4c33-9d76-ae663832f9be","conversation_id":null,"itinerary":null} @ webpack-internal:///(app-pages-browser)/./lib/chat-transport.ts:103
[ 2070568ms] [LOG] [ChatTransport] Received WebSocket response: {"type":"delta","content":"  ","error":null,"message_id":"9a194d5f-195e-4c33-9d76-ae663832f9be","conversation_id":null,"itinerary":null} @ webpack-internal:///(app-pages-browser)/./lib/chat-transport.ts:103
[ 2070620ms] [LOG] [ChatTransport] Received WebSocket response: {"type":"delta","content":" **","error":null,"message_id":"9a194d5f-195e-4c33-9d76-ae663832f9be","conversation_id":null,"itinerary":null} @ webpack-internal:///(app-pages-browser)/./lib/chat-transport.ts:103
[ 2070632ms] [LOG] [ChatTransport] Received WebSocket response: {"type":"delta","content":"下午","error":null,"message_id":"9a194d5f-195e-4c33-9d76-ae663832f9be","conversation_id":null,"itinerary":null} @ webpack-internal:///(app-pages-browser)/./lib/chat-transport.ts:103
[ 2070700ms] [LOG] [ChatTransport] Received WebSocket response: {"type":"delta","content":"**","error":null,"message_id":"9a194d5f-195e-4c33-9d76-ae663832f9be","conversation_id":null,"itinerary":null} @ webpack-internal:///(app-pages-browser)/./lib/chat-transport.ts:103
[ 2070717ms] [LOG] [ChatTransport] Received WebSocket response: {"type":"delta","content":"：","error":null,"message_id":"9a194d5f-195e-4c33-9d76-ae663832f9be","conversation_id":null,"itinerary":null} @ webpack-internal:///(app-pages-browser)/./lib/chat-transport.ts:103
[ 2070836ms] [LOG] [ChatTransport] Received WebSocket response: {"type":"delta","content":"下山","error":null,"message_id":"9a194d5f-195e-4c33-9d76-ae663832f9be","conversation_id":null,"itinerary":null} @ webpack-internal:///(app-pages-browser)/./lib/chat-transport.ts:103
[ 2070861ms] [LOG] [ChatTransport] Received WebSocket response: {"type":"delta","content":"后","error":null,"message_id":"9a194d5f-195e-4c33-9d76-ae663832f9be","conversation_id":null,"itinerary":null} @ webpack-internal:///(app-pages-browser)/./lib/chat-transport.ts:103
[ 2070861ms] [LOG] [ChatTransport] Received WebSocket response: {"type":"delta","content":"，","error":null,"message_id":"9a194d5f-195e-4c33-9d76-ae663832f9be","conversation_id":null,"itinerary":null} @ webpack-internal:///(app-pages-browser)/./lib/chat-transport.ts:103
[ 2070917ms] [LOG] [ChatTransport] Received WebSocket response: {"type":"delta","content":"前往","error":null,"message_id":"9a194d5f-195e-4c33-9d76-ae663832f9be","conversation_id":null,"itinerary":null} @ webpack-internal:///(app-pages-browser)/./lib/chat-transport.ts:103
[ 2070926ms] [LOG] [ChatTransport] Received WebSocket response: {"type":"delta","content":"**","error":null,"message_id":"9a194d5f-195e-4c33-9d76-ae663832f9be","conversation_id":null,"itinerary":null} @ webpack-internal:///(app-pages-browser)/./lib/chat-transport.ts:103
[ 2071002ms] [LOG] [ChatTransport] Received WebSocket response: {"type":"delta","content":"沙","error":null,"message_id":"9a194d5f-195e-4c33-9d76-ae663832f9be","conversation_id":null,"itinerary":null} @ webpack-internal:///(app-pages-browser)/./lib/chat-transport.ts:103
[ 2071010ms] [LOG] [ChatTransport] Received WebSocket response: {"type":"delta","content":"面","error":null,"message_id":"9a194d5f-195e-4c33-9d76-ae663832f9be","conversation_id":null,"itinerary":null} @ webpack-internal:///(app-pages-browser)/./lib/chat-transport.ts:103
[ 2071072ms] [LOG] [ChatTransport] Received WebSocket response: {"type":"delta","content":"岛","error":null,"message_id":"9a194d5f-195e-4c33-9d76-ae663832f9be","conversation_id":null,"itinerary":null} @ webpack-internal:///(app-pages-browser)/./lib/chat-transport.ts:103
[ 2071082ms] [LOG] [ChatTransport] Received WebSocket response: {"type":"delta","content":"**","error":null,"message_id":"9a194d5f-195e-4c33-9d76-ae663832f9be","conversation_id":null,"itinerary":null} @ webpack-internal:///(app-pages-browser)/./lib/chat-transport.ts:103
[ 2071330ms] [LOG] [ChatTransport] Received WebSocket response: {"type":"delta","content":"。","error":null,"message_id":"9a194d5f-195e-4c33-9d76-ae663832f9be","conversation_id":null,"itinerary":null} @ webpack-internal:///(app-pages-browser)/./lib/chat-transport.ts:103
[ 2071330ms] [LOG] [ChatTransport] Received WebSocket response: {"type":"delta","content":"这里","error":null,"message_id":"9a194d5f-195e-4c33-9d76-ae663832f9be","conversation_id":null,"itinerary":null} @ webpack-internal:///(app-pages-browser)/./lib/chat-transport.ts:103
[ 2071342ms] [LOG] [ChatTransport] Received WebSocket response: {"type":"delta","content":"曾是","error":null,"message_id":"9a194d5f-195e-4c33-9d76-ae663832f9be","conversation_id":null,"itinerary":null} @ webpack-internal:///(app-pages-browser)/./lib/chat-transport.ts:103
[ 2071353ms] [LOG] [ChatTransport] Received WebSocket response: {"type":"delta","content":"英","error":null,"message_id":"9a194d5f-195e-4c33-9d76-ae663832f9be","conversation_id":null,"itinerary":null} @ webpack-internal:///(app-pages-browser)/./lib/chat-transport.ts:103
[ 2071353ms] [LOG] [ChatTransport] Received WebSocket response: {"type":"delta","content":"法","error":null,"message_id":"9a194d5f-195e-4c33-9d76-ae663832f9be","conversation_id":null,"itinerary":null} @ webpack-internal:///(app-pages-browser)/./lib/chat-transport.ts:103
[ 2071353ms] [LOG] [ChatTransport] Received WebSocket response: {"type":"delta","content":"租","error":null,"message_id":"9a194d5f-195e-4c33-9d76-ae663832f9be","conversation_id":null,"itinerary":null} @ webpack-internal:///(app-pages-browser)/./lib/chat-transport.ts:103
[ 2071380ms] [LOG] [ChatTransport] Received WebSocket response: {"type":"delta","content":"界","error":null,"message_id":"9a194d5f-195e-4c33-9d76-ae663832f9be","conversation_id":null,"itinerary":null} @ webpack-internal:///(app-pages-browser)/./lib/chat-transport.ts:103
[ 2071394ms] [LOG] [ChatTransport] Received WebSocket response: {"type":"delta","content":"，","error":null,"message_id":"9a194d5f-195e-4c33-9d76-ae663832f9be","conversation_id":null,"itinerary":null} @ webpack-internal:///(app-pages-browser)/./lib/chat-transport.ts:103
[ 2071436ms] [LOG] [ChatTransport] Received WebSocket response: {"type":"delta","content":"遍布","error":null,"message_id":"9a194d5f-195e-4c33-9d76-ae663832f9be","conversation_id":null,"itinerary":null} @ webpack-internal:///(app-pages-browser)/./lib/chat-transport.ts:103
[ 2071437ms] [LOG] [ChatTransport] Received WebSocket response: {"type":"delta","content":"充满","error":null,"message_id":"9a194d5f-195e-4c33-9d76-ae663832f9be","conversation_id":null,"itinerary":null} @ webpack-internal:///(app-pages-browser)/./lib/chat-transport.ts:103
[ 2071510ms] [LOG] [ChatTransport] Received WebSocket response: {"type":"delta","content":"欧","error":null,"message_id":"9a194d5f-195e-4c33-9d76-ae663832f9be","conversation_id":null,"itinerary":null} @ webpack-internal:///(app-pages-browser)/./lib/chat-transport.ts:103
[ 2071582ms] [LOG] [ChatTransport] Received WebSocket response: {"type":"delta","content":"陆","error":null,"message_id":"9a194d5f-195e-4c33-9d76-ae663832f9be","conversation_id":null,"itinerary":null} @ webpack-internal:///(app-pages-browser)/./lib/chat-transport.ts:103
[ 2071596ms] [LOG] [ChatTransport] Received WebSocket response: {"type":"delta","content":"风","error":null,"message_id":"9a194d5f-195e-4c33-9d76-ae663832f9be","conversation_id":null,"itinerary":null} @ webpack-internal:///(app-pages-browser)/./lib/chat-transport.ts:103
[ 2071677ms] [LOG] [ChatTransport] Received WebSocket response: {"type":"delta","content":"情的","error":null,"message_id":"9a194d5f-195e-4c33-9d76-ae663832f9be","conversation_id":null,"itinerary":null} @ webpack-internal:///(app-pages-browser)/./lib/chat-transport.ts:103
[ 2071692ms] [LOG] [ChatTransport] Received WebSocket response: {"type":"delta","content":"建筑","error":null,"message_id":"9a194d5f-195e-4c33-9d76-ae663832f9be","conversation_id":null,"itinerary":null} @ webpack-internal:///(app-pages-browser)/./lib/chat-transport.ts:103
[ 2071727ms] [LOG] [ChatTransport] Received WebSocket response: {"type":"delta","content":"，","error":null,"message_id":"9a194d5f-195e-4c33-9d76-ae663832f9be","conversation_id":null,"itinerary":null} @ webpack-internal:///(app-pages-browser)/./lib/chat-transport.ts:103
[ 2071738ms] [LOG] [ChatTransport] Received WebSocket response: {"type":"delta","content":"环境","error":null,"message_id":"9a194d5f-195e-4c33-9d76-ae663832f9be","conversation_id":null,"itinerary":null} @ webpack-internal:///(app-pages-browser)/./lib/chat-transport.ts:103
[ 2071796ms] [LOG] [ChatTransport] Received WebSocket response: {"type":"delta","content":"幽","error":null,"message_id":"9a194d5f-195e-4c33-9d76-ae663832f9be","conversation_id":null,"itinerary":null} @ webpack-internal:///(app-pages-browser)/./lib/chat-transport.ts:103
[ 2071867ms] [LOG] [ChatTransport] Received WebSocket response: {"type":"delta","content":"静","error":null,"message_id":"9a194d5f-195e-4c33-9d76-ae663832f9be","conversation_id":null,"itinerary":null} @ webpack-internal:///(app-pages-browser)/./lib/chat-transport.ts:103
[ 2071884ms] [LOG] [ChatTransport] Received WebSocket response: {"type":"delta","content":"，","error":null,"message_id":"9a194d5f-195e-4c33-9d76-ae663832f9be","conversation_id":null,"itinerary":null} @ webpack-internal:///(app-pages-browser)/./lib/chat-transport.ts:103
[ 2072017ms] [LOG] [ChatTransport] Received WebSocket response: {"type":"delta","content":"非常适合","error":null,"message_id":"9a194d5f-195e-4c33-9d76-ae663832f9be","conversation_id":null,"itinerary":null} @ webpack-internal:///(app-pages-browser)/./lib/chat-transport.ts:103
[ 2072035ms] [LOG] [ChatTransport] Received WebSocket response: {"type":"delta","content":"拍照","error":null,"message_id":"9a194d5f-195e-4c33-9d76-ae663832f9be","conversation_id":null,"itinerary":null} @ webpack-internal:///(app-pages-browser)/./lib/chat-transport.ts:103
[ 2072050ms] [LOG] [ChatTransport] Received WebSocket response: {"type":"delta","content":"和","error":null,"message_id":"9a194d5f-195e-4c33-9d76-ae663832f9be","conversation_id":null,"itinerary":null} @ webpack-internal:///(app-pages-browser)/./lib/chat-transport.ts:103
[ 2072100ms] [LOG] [ChatTransport] Received WebSocket response: {"type":"delta","content":"散步","error":null,"message_id":"9a194d5f-195e-4c33-9d76-ae663832f9be","conversation_id":null,"itinerary":null} @ webpack-internal:///(app-pages-browser)/./lib/chat-transport.ts:103
[ 2072112ms] [LOG] [ChatTransport] Received WebSocket response: {"type":"delta","content":"。","error":null,"message_id":"9a194d5f-195e-4c33-9d76-ae663832f9be","conversation_id":null,"itinerary":null} @ webpack-internal:///(app-pages-browser)/./lib/chat-transport.ts:103
[ 2072191ms] [LOG] [ChatTransport] Received WebSocket response: {"type":"delta","content":"之后","error":null,"message_id":"9a194d5f-195e-4c33-9d76-ae663832f9be","conversation_id":null,"itinerary":null} @ webpack-internal:///(app-pages-browser)/./lib/chat-transport.ts:103
[ 2072207ms] [LOG] [ChatTransport] Received WebSocket response: {"type":"delta","content":"可以","error":null,"message_id":"9a194d5f-195e-4c33-9d76-ae663832f9be","conversation_id":null,"itinerary":null} @ webpack-internal:///(app-pages-browser)/./lib/chat-transport.ts:103
[ 2072237ms] [LOG] [ChatTransport] Received WebSocket response: {"type":"delta","content":"步行","error":null,"message_id":"9a194d5f-195e-4c33-9d76-ae663832f9be","conversation_id":null,"itinerary":null} @ webpack-internal:///(app-pages-browser)/./lib/chat-transport.ts:103
[ 2072250ms] [LOG] [ChatTransport] Received WebSocket response: {"type":"delta","content":"到","error":null,"message_id":"9a194d5f-195e-4c33-9d76-ae663832f9be","conversation_id":null,"itinerary":null} @ webpack-internal:///(app-pages-browser)/./lib/chat-transport.ts:103
[ 2072315ms] [LOG] [ChatTransport] Received WebSocket response: {"type":"delta","content":"附近的","error":null,"message_id":"9a194d5f-195e-4c33-9d76-ae663832f9be","conversation_id":null,"itinerary":null} @ webpack-internal:///(app-pages-browser)/./lib/chat-transport.ts:103
[ 2072330ms] [LOG] [ChatTransport] Received WebSocket response: {"type":"delta","content":"**","error":null,"message_id":"9a194d5f-195e-4c33-9d76-ae663832f9be","conversation_id":null,"itinerary":null} @ webpack-internal:///(app-pages-browser)/./lib/chat-transport.ts:103
[ 2072382ms] [LOG] [ChatTransport] Received WebSocket response: {"type":"delta","content":"黄","error":null,"message_id":"9a194d5f-195e-4c33-9d76-ae663832f9be","conversation_id":null,"itinerary":null} @ webpack-internal:///(app-pages-browser)/./lib/chat-transport.ts:103
[ 2072399ms] [LOG] [ChatTransport] Received WebSocket response: {"type":"delta","content":"沙","error":null,"message_id":"9a194d5f-195e-4c33-9d76-ae663832f9be","conversation_id":null,"itinerary":null} @ webpack-internal:///(app-pages-browser)/./lib/chat-transport.ts:103
[ 2072509ms] [LOG] [ChatTransport] Received WebSocket response: {"type":"delta","content":"海鲜","error":null,"message_id":"9a194d5f-195e-4c33-9d76-ae663832f9be","conversation_id":null,"itinerary":null} @ webpack-internal:///(app-pages-browser)/./lib/chat-transport.ts:103
[ 2072524ms] [LOG] [ChatTransport] Received WebSocket response: {"type":"delta","content":"市场","error":null,"message_id":"9a194d5f-195e-4c33-9d76-ae663832f9be","conversation_id":null,"itinerary":null} @ webpack-internal:///(app-pages-browser)/./lib/chat-transport.ts:103
[ 2072525ms] [LOG] [ChatTransport] Received WebSocket response: {"type":"delta","content":"**","error":null,"message_id":"9a194d5f-195e-4c33-9d76-ae663832f9be","conversation_id":null,"itinerary":null} @ webpack-internal:///(app-pages-browser)/./lib/chat-transport.ts:103
[ 2072609ms] [LOG] [ChatTransport] Received WebSocket response: {"type":"delta","content":"体验","error":null,"message_id":"9a194d5f-195e-4c33-9d76-ae663832f9be","conversation_id":null,"itinerary":null} @ webpack-internal:///(app-pages-browser)/./lib/chat-transport.ts:103
[ 2072697ms] [LOG] [ChatTransport] Received WebSocket response: {"type":"delta","content":"（","error":null,"message_id":"9a194d5f-195e-4c33-9d76-ae663832f9be","conversation_id":null,"itinerary":null} @ webpack-internal:///(app-pages-browser)/./lib/chat-transport.ts:103
[ 2072709ms] [LOG] [ChatTransport] Received WebSocket response: {"type":"delta","content":"或","error":null,"message_id":"9a194d5f-195e-4c33-9d76-ae663832f9be","conversation_id":null,"itinerary":null} @ webpack-internal:///(app-pages-browser)/./lib/chat-transport.ts:103
[ 2072854ms] [LOG] [ChatTransport] Received WebSocket response: {"type":"delta","content":"只是","error":null,"message_id":"9a194d5f-195e-4c33-9d76-ae663832f9be","conversation_id":null,"itinerary":null} @ webpack-internal:///(app-pages-browser)/./lib/chat-transport.ts:103
[ 2072871ms] [LOG] [ChatTransport] Received WebSocket response: {"type":"delta","content":"参观","error":null,"message_id":"9a194d5f-195e-4c33-9d76-ae663832f9be","conversation_id":null,"itinerary":null} @ webpack-internal:///(app-pages-browser)/./lib/chat-transport.ts:103
[ 2073039ms] [LOG] [ChatTransport] Received WebSocket response: {"type":"delta","content":"）","error":null,"message_id":"9a194d5f-195e-4c33-9d76-ae663832f9be","conversation_id":null,"itinerary":null} @ webpack-internal:///(app-pages-browser)/./lib/chat-transport.ts:103
[ 2073048ms] [LOG] [ChatTransport] Received WebSocket response: {"type":"delta","content":"并","error":null,"message_id":"9a194d5f-195e-4c33-9d76-ae663832f9be","conversation_id":null,"itinerary":null} @ webpack-internal:///(app-pages-browser)/./lib/chat-transport.ts:103
[ 2073060ms] [LOG] [ChatTransport] Received WebSocket response: {"type":"delta","content":"享用","error":null,"message_id":"9a194d5f-195e-4c33-9d76-ae663832f9be","conversation_id":null,"itinerary":null} @ webpack-internal:///(app-pages-browser)/./lib/chat-transport.ts:103
[ 2073175ms] [LOG] [ChatTransport] Received WebSocket response: {"type":"delta","content":"一顿","error":null,"message_id":"9a194d5f-195e-4c33-9d76-ae663832f9be","conversation_id":null,"itinerary":null} @ webpack-internal:///(app-pages-browser)/./lib/chat-transport.ts:103
[ 2073207ms] [LOG] [ChatTransport] Received WebSocket response: {"type":"delta","content":"丰","error":null,"message_id":"9a194d5f-195e-4c33-9d76-ae663832f9be","conversation_id":null,"itinerary":null} @ webpack-internal:///(app-pages-browser)/./lib/chat-transport.ts:103
[ 2073220ms] [LOG] [ChatTransport] Received WebSocket response: {"type":"delta","content":"盛","error":null,"message_id":"9a194d5f-195e-4c33-9d76-ae663832f9be","conversation_id":null,"itinerary":null} @ webpack-internal:///(app-pages-browser)/./lib/chat-transport.ts:103
[ 2073271ms] [LOG] [ChatTransport] Received WebSocket response: {"type":"delta","content":"的海","error":null,"message_id":"9a194d5f-195e-4c33-9d76-ae663832f9be","conversation_id":null,"itinerary":null} @ webpack-internal:///(app-pages-browser)/./lib/chat-transport.ts:103
[ 2073287ms] [LOG] [ChatTransport] Received WebSocket response: {"type":"delta","content":"鲜","error":null,"message_id":"9a194d5f-195e-4c33-9d76-ae663832f9be","conversation_id":null,"itinerary":null} @ webpack-internal:///(app-pages-browser)/./lib/chat-transport.ts:103
[ 2073461ms] [LOG] [ChatTransport] Received WebSocket response: {"type":"delta","content":"大","error":null,"message_id":"9a194d5f-195e-4c33-9d76-ae663832f9be","conversation_id":null,"itinerary":null} @ webpack-internal:///(app-pages-browser)/./lib/chat-transport.ts:103
[ 2073471ms] [LOG] [ChatTransport] Received WebSocket response: {"type":"delta","content":"餐","error":null,"message_id":"9a194d5f-195e-4c33-9d76-ae663832f9be","conversation_id":null,"itinerary":null} @ webpack-internal:///(app-pages-browser)/./lib/chat-transport.ts:103
[ 2073859ms] [LOG] [ChatTransport] Received WebSocket response: {"type":"delta","content":"。\n","error":null,"message_id":"9a194d5f-195e-4c33-9d76-ae663832f9be","conversation_id":null,"itinerary":null} @ webpack-internal:///(app-pages-browser)/./lib/chat-transport.ts:103
[ 2073876ms] [LOG] [ChatTransport] Received WebSocket response: {"type":"delta","content":"*","error":null,"message_id":"9a194d5f-195e-4c33-9d76-ae663832f9be","conversation_id":null,"itinerary":null} @ webpack-internal:///(app-pages-browser)/./lib/chat-transport.ts:103
[ 2073944ms] [LOG] [ChatTransport] Received WebSocket response: {"type":"delta","content":"  ","error":null,"message_id":"9a194d5f-195e-4c33-9d76-ae663832f9be","conversation_id":null,"itinerary":null} @ webpack-internal:///(app-pages-browser)/./lib/chat-transport.ts:103
[ 2073955ms] [LOG] [ChatTransport] Received WebSocket response: {"type":"delta","content":" **","error":null,"message_id":"9a194d5f-195e-4c33-9d76-ae663832f9be","conversation_id":null,"itinerary":null} @ webpack-internal:///(app-pages-browser)/./lib/chat-transport.ts:103
[ 2074006ms] [LOG] [ChatTransport] Received WebSocket response: {"type":"delta","content":"晚上","error":null,"message_id":"9a194d5f-195e-4c33-9d76-ae663832f9be","conversation_id":null,"itinerary":null} @ webpack-internal:///(app-pages-browser)/./lib/chat-transport.ts:103
[ 2074018ms] [LOG] [ChatTransport] Received WebSocket response: {"type":"delta","content":"**","error":null,"message_id":"9a194d5f-195e-4c33-9d76-ae663832f9be","conversation_id":null,"itinerary":null} @ webpack-internal:///(app-pages-browser)/./lib/chat-transport.ts:103
[ 2074073ms] [LOG] [ChatTransport] Received WebSocket response: {"type":"delta","content":"：","error":null,"message_id":"9a194d5f-195e-4c33-9d76-ae663832f9be","conversation_id":null,"itinerary":null} @ webpack-internal:///(app-pages-browser)/./lib/chat-transport.ts:103
[ 2074073ms] [LOG] [ChatTransport] Received WebSocket response: {"type":"delta","content":"前往","error":null,"message_id":"9a194d5f-195e-4c33-9d76-ae663832f9be","conversation_id":null,"itinerary":null} @ webpack-internal:///(app-pages-browser)/./lib/chat-transport.ts:103
[ 2074156ms] [LOG] [ChatTransport] Received WebSocket response: {"type":"delta","content":"**","error":null,"message_id":"9a194d5f-195e-4c33-9d76-ae663832f9be","conversation_id":null,"itinerary":null} @ webpack-internal:///(app-pages-browser)/./lib/chat-transport.ts:103
[ 2074174ms] [LOG] [ChatTransport] Received WebSocket response: {"type":"delta","content":"广州","error":null,"message_id":"9a194d5f-195e-4c33-9d76-ae663832f9be","conversation_id":null,"itinerary":null} @ webpack-internal:///(app-pages-browser)/./lib/chat-transport.ts:103
[ 2074228ms] [LOG] [ChatTransport] Received WebSocket response: {"type":"delta","content":"塔","error":null,"message_id":"9a194d5f-195e-4c33-9d76-ae663832f9be","conversation_id":null,"itinerary":null} @ webpack-internal:///(app-pages-browser)/./lib/chat-transport.ts:103
[ 2074238ms] [LOG] [ChatTransport] Received WebSocket response: {"type":"delta","content":"（","error":null,"message_id":"9a194d5f-195e-4c33-9d76-ae663832f9be","conversation_id":null,"itinerary":null} @ webpack-internal:///(app-pages-browser)/./lib/chat-transport.ts:103
[ 2074308ms] [LOG] [ChatTransport] Received WebSocket response: {"type":"delta","content":"小","error":null,"message_id":"9a194d5f-195e-4c33-9d76-ae663832f9be","conversation_id":null,"itinerary":null} @ webpack-internal:///(app-pages-browser)/./lib/chat-transport.ts:103
[ 2074309ms] [LOG] [ChatTransport] Received WebSocket response: {"type":"delta","content":"蛮","error":null,"message_id":"9a194d5f-195e-4c33-9d76-ae663832f9be","conversation_id":null,"itinerary":null} @ webpack-internal:///(app-pages-browser)/./lib/chat-transport.ts:103
[ 2074386ms] [LOG] [ChatTransport] Received WebSocket response: {"type":"delta","content":"腰","error":null,"message_id":"9a194d5f-195e-4c33-9d76-ae663832f9be","conversation_id":null,"itinerary":null} @ webpack-internal:///(app-pages-browser)/./lib/chat-transport.ts:103
[ 2074396ms] [LOG] [ChatTransport] Received WebSocket response: {"type":"delta","content":"）","error":null,"message_id":"9a194d5f-195e-4c33-9d76-ae663832f9be","conversation_id":null,"itinerary":null} @ webpack-internal:///(app-pages-browser)/./lib/chat-transport.ts:103
[ 2074579ms] [LOG] [ChatTransport] Received WebSocket response: {"type":"delta","content":"**","error":null,"message_id":"9a194d5f-195e-4c33-9d76-ae663832f9be","conversation_id":null,"itinerary":null} @ webpack-internal:///(app-pages-browser)/./lib/chat-transport.ts:103
[ 2074594ms] [LOG] [ChatTransport] Received WebSocket response: {"type":"delta","content":"。","error":null,"message_id":"9a194d5f-195e-4c33-9d76-ae663832f9be","conversation_id":null,"itinerary":null} @ webpack-internal:///(app-pages-browser)/./lib/chat-transport.ts:103
[ 2074611ms] [LOG] [ChatTransport] Received WebSocket response: {"type":"delta","content":"如果","error":null,"message_id":"9a194d5f-195e-4c33-9d76-ae663832f9be","conversation_id":null,"itinerary":null} @ webpack-internal:///(app-pages-browser)/./lib/chat-transport.ts:103
[ 2074612ms] [LOG] [ChatTransport] Received WebSocket response: {"type":"delta","content":"天气","error":null,"message_id":"9a194d5f-195e-4c33-9d76-ae663832f9be","conversation_id":null,"itinerary":null} @ webpack-internal:///(app-pages-browser)/./lib/chat-transport.ts:103
[ 2074620ms] [LOG] [ChatTransport] Received WebSocket response: {"type":"delta","content":"和","error":null,"message_id":"9a194d5f-195e-4c33-9d76-ae663832f9be","conversation_id":null,"itinerary":null} @ webpack-internal:///(app-pages-browser)/./lib/chat-transport.ts:103
[ 2074736ms] [LOG] [ChatTransport] Received WebSocket response: {"type":"delta","content":"视野","error":null,"message_id":"9a194d5f-195e-4c33-9d76-ae663832f9be","conversation_id":null,"itinerary":null} @ webpack-internal:///(app-pages-browser)/./lib/chat-transport.ts:103
[ 2074754ms] [LOG] [ChatTransport] Received WebSocket response: {"type":"delta","content":"良好","error":null,"message_id":"9a194d5f-195e-4c33-9d76-ae663832f9be","conversation_id":null,"itinerary":null} @ webpack-internal:///(app-pages-browser)/./lib/chat-transport.ts:103
[ 2074770ms] [LOG] [ChatTransport] Received WebSocket response: {"type":"delta","content":"，","error":null,"message_id":"9a194d5f-195e-4c33-9d76-ae663832f9be","conversation_id":null,"itinerary":null} @ webpack-internal:///(app-pages-browser)/./lib/chat-transport.ts:103
[ 2074771ms] [LOG] [ChatTransport] Received WebSocket response: {"type":"delta","content":"可以","error":null,"message_id":"9a194d5f-195e-4c33-9d76-ae663832f9be","conversation_id":null,"itinerary":null} @ webpack-internal:///(app-pages-browser)/./lib/chat-transport.ts:103
[ 2074872ms] [LOG] [ChatTransport] Received WebSocket response: {"type":"delta","content":"登","error":null,"message_id":"9a194d5f-195e-4c33-9d76-ae663832f9be","conversation_id":null,"itinerary":null} @ webpack-internal:///(app-pages-browser)/./lib/chat-transport.ts:103
[ 2074888ms] [LOG] [ChatTransport] Received WebSocket response: {"type":"delta","content":"塔","error":null,"message_id":"9a194d5f-195e-4c33-9d76-ae663832f9be","conversation_id":null,"itinerary":null} @ webpack-internal:///(app-pages-browser)/./lib/chat-transport.ts:103
[ 2074908ms] [LOG] [ChatTransport] Received WebSocket response: {"type":"delta","content":"观光","error":null,"message_id":"9a194d5f-195e-4c33-9d76-ae663832f9be","conversation_id":null,"itinerary":null} @ webpack-internal:///(app-pages-browser)/./lib/chat-transport.ts:103
[ 2074924ms] [LOG] [ChatTransport] Received WebSocket response: {"type":"delta","content":"（","error":null,"message_id":"9a194d5f-195e-4c33-9d76-ae663832f9be","conversation_id":null,"itinerary":null} @ webpack-internal:///(app-pages-browser)/./lib/chat-transport.ts:103
[ 2074978ms] [LOG] [ChatTransport] Received WebSocket response: {"type":"delta","content":"需","error":null,"message_id":"9a194d5f-195e-4c33-9d76-ae663832f9be","conversation_id":null,"itinerary":null} @ webpack-internal:///(app-pages-browser)/./lib/chat-transport.ts:103
[ 2074988ms] [LOG] [ChatTransport] Received WebSocket response: {"type":"delta","content":"购","error":null,"message_id":"9a194d5f-195e-4c33-9d76-ae663832f9be","conversation_id":null,"itinerary":null} @ webpack-internal:///(app-pages-browser)/./lib/chat-transport.ts:103
[ 2075042ms] [LOG] [ChatTransport] Received WebSocket response: {"type":"delta","content":"票","error":null,"message_id":"9a194d5f-195e-4c33-9d76-ae663832f9be","conversation_id":null,"itinerary":null} @ webpack-internal:///(app-pages-browser)/./lib/chat-transport.ts:103
[ 2075042ms] [LOG] [ChatTransport] Received WebSocket response: {"type":"delta","content":"）。","error":null,"message_id":"9a194d5f-195e-4c33-9d76-ae663832f9be","conversation_id":null,"itinerary":null} @ webpack-internal:///(app-pages-browser)/./lib/chat-transport.ts:103
[ 2075336ms] [LOG] [ChatTransport] Received WebSocket response: {"type":"delta","content":"或者在","error":null,"message_id":"9a194d5f-195e-4c33-9d76-ae663832f9be","conversation_id":null,"itinerary":null} @ webpack-internal:///(app-pages-browser)/./lib/chat-transport.ts:103
[ 2075347ms] [LOG] [ChatTransport] Received WebSocket response: {"type":"delta","content":"塔","error":null,"message_id":"9a194d5f-195e-4c33-9d76-ae663832f9be","conversation_id":null,"itinerary":null} @ webpack-internal:///(app-pages-browser)/./lib/chat-transport.ts:103
[ 2075349ms] [LOG] [ChatTransport] Received WebSocket response: {"type":"delta","content":"下的","error":null,"message_id":"9a194d5f-195e-4c33-9d76-ae663832f9be","conversation_id":null,"itinerary":null} @ webpack-internal:///(app-pages-browser)/./lib/chat-transport.ts:103
[ 2075362ms] [LOG] [ChatTransport] Received WebSocket response: {"type":"delta","content":"花","error":null,"message_id":"9a194d5f-195e-4c33-9d76-ae663832f9be","conversation_id":null,"itinerary":null} @ webpack-internal:///(app-pages-browser)/./lib/chat-transport.ts:103
[ 2075362ms] [LOG] [ChatTransport] Received WebSocket response: {"type":"delta","content":"城","error":null,"message_id":"9a194d5f-195e-4c33-9d76-ae663832f9be","conversation_id":null,"itinerary":null} @ webpack-internal:///(app-pages-browser)/./lib/chat-transport.ts:103
[ 2075363ms] [LOG] [ChatTransport] Received WebSocket response: {"type":"delta","content":"广场","error":null,"message_id":"9a194d5f-195e-4c33-9d76-ae663832f9be","conversation_id":null,"itinerary":null} @ webpack-internal:///(app-pages-browser)/./lib/chat-transport.ts:103
[ 2075363ms] [LOG] [ChatTransport] Received WebSocket response: {"type":"delta","content":"漫步","error":null,"message_id":"9a194d5f-195e-4c33-9d76-ae663832f9be","conversation_id":null,"itinerary":null} @ webpack-internal:///(app-pages-browser)/./lib/chat-transport.ts:103
[ 2075409ms] [LOG] [ChatTransport] Received WebSocket response: {"type":"delta","content":"，","error":null,"message_id":"9a194d5f-195e-4c33-9d76-ae663832f9be","conversation_id":null,"itinerary":null} @ webpack-internal:///(app-pages-browser)/./lib/chat-transport.ts:103
[ 2075409ms] [LOG] [ChatTransport] Received WebSocket response: {"type":"delta","content":"欣赏","error":null,"message_id":"9a194d5f-195e-4c33-9d76-ae663832f9be","conversation_id":null,"itinerary":null} @ webpack-internal:///(app-pages-browser)/./lib/chat-transport.ts:103
[ 2075478ms] [LOG] [ChatTransport] Received WebSocket response: {"type":"delta","content":"珠江","error":null,"message_id":"9a194d5f-195e-4c33-9d76-ae663832f9be","conversation_id":null,"itinerary":null} @ webpack-internal:///(app-pages-browser)/./lib/chat-transport.ts:103
[ 2075489ms] [LOG] [ChatTransport] Received WebSocket response: {"type":"delta","content":"新城","error":null,"message_id":"9a194d5f-195e-4c33-9d76-ae663832f9be","conversation_id":null,"itinerary":null} @ webpack-internal:///(app-pages-browser)/./lib/chat-transport.ts:103
[ 2075574ms] [LOG] [ChatTransport] Received WebSocket response: {"type":"delta","content":"中","error":null,"message_id":"9a194d5f-195e-4c33-9d76-ae663832f9be","conversation_id":null,"itinerary":null} @ webpack-internal:///(app-pages-browser)/./lib/chat-transport.ts:103
[ 2075632ms] [LOG] [ChatTransport] Received WebSocket response: {"type":"delta","content":"轴线","error":null,"message_id":"9a194d5f-195e-4c33-9d76-ae663832f9be","conversation_id":null,"itinerary":null} @ webpack-internal:///(app-pages-browser)/./lib/chat-transport.ts:103
[ 2075651ms] [LOG] [ChatTransport] Received WebSocket response: {"type":"delta","content":"夜景","error":null,"message_id":"9a194d5f-195e-4c33-9d76-ae663832f9be","conversation_id":null,"itinerary":null} @ webpack-internal:///(app-pages-browser)/./lib/chat-transport.ts:103
[ 2075711ms] [LOG] [ChatTransport] Received WebSocket response: {"type":"delta","content":"，","error":null,"message_id":"9a194d5f-195e-4c33-9d76-ae663832f9be","conversation_id":null,"itinerary":null} @ webpack-internal:///(app-pages-browser)/./lib/chat-transport.ts:103
[ 2075723ms] [LOG] [ChatTransport] Received WebSocket response: {"type":"delta","content":"结束","error":null,"message_id":"9a194d5f-195e-4c33-9d76-ae663832f9be","conversation_id":null,"itinerary":null} @ webpack-internal:///(app-pages-browser)/./lib/chat-transport.ts:103
[ 2075799ms] [LOG] [ChatTransport] Received WebSocket response: {"type":"delta","content":"行程","error":null,"message_id":"9a194d5f-195e-4c33-9d76-ae663832f9be","conversation_id":null,"itinerary":null} @ webpack-internal:///(app-pages-browser)/./lib/chat-transport.ts:103
[ 2075857ms] [LOG] [ChatTransport] Received WebSocket response: {"type":"delta","content":"。\n\n","error":null,"message_id":"9a194d5f-195e-4c33-9d76-ae663832f9be","conversation_id":null,"itinerary":null} @ webpack-internal:///(app-pages-browser)/./lib/chat-transport.ts:103
[ 2075869ms] [LOG] [ChatTransport] Received WebSocket response: {"type":"delta","content":"---\n\n","error":null,"message_id":"9a194d5f-195e-4c33-9d76-ae663832f9be","conversation_id":null,"itinerary":null} @ webpack-internal:///(app-pages-browser)/./lib/chat-transport.ts:103
[ 2075919ms] [LOG] [ChatTransport] Received WebSocket response: {"type":"delta","content":"###","error":null,"message_id":"9a194d5f-195e-4c33-9d76-ae663832f9be","conversation_id":null,"itinerary":null} @ webpack-internal:///(app-pages-browser)/./lib/chat-transport.ts:103
[ 2075931ms] [LOG] [ChatTransport] Received WebSocket response: {"type":"delta","content":" **","error":null,"message_id":"9a194d5f-195e-4c33-9d76-ae663832f9be","conversation_id":null,"itinerary":null} @ webpack-internal:///(app-pages-browser)/./lib/chat-transport.ts:103
[ 2076002ms] [LOG] [ChatTransport] Received WebSocket response: {"type":"delta","content":"温馨提示","error":null,"message_id":"9a194d5f-195e-4c33-9d76-ae663832f9be","conversation_id":null,"itinerary":null} @ webpack-internal:///(app-pages-browser)/./lib/chat-transport.ts:103
[ 2076013ms] [LOG] [ChatTransport] Received WebSocket response: {"type":"delta","content":"**\n","error":null,"message_id":"9a194d5f-195e-4c33-9d76-ae663832f9be","conversation_id":null,"itinerary":null} @ webpack-internal:///(app-pages-browser)/./lib/chat-transport.ts:103
[ 2076066ms] [LOG] [ChatTransport] Received WebSocket response: {"type":"delta","content":"1","error":null,"message_id":"9a194d5f-195e-4c33-9d76-ae663832f9be","conversation_id":null,"itinerary":null} @ webpack-internal:///(app-pages-browser)/./lib/chat-transport.ts:103
[ 2076079ms] [LOG] [ChatTransport] Received WebSocket response: {"type":"delta","content":".","error":null,"message_id":"9a194d5f-195e-4c33-9d76-ae663832f9be","conversation_id":null,"itinerary":null} @ webpack-internal:///(app-pages-browser)/./lib/chat-transport.ts:103
[ 2076262ms] [LOG] [ChatTransport] Received WebSocket response: {"type":"delta","content":" ","error":null,"message_id":"9a194d5f-195e-4c33-9d76-ae663832f9be","conversation_id":null,"itinerary":null} @ webpack-internal:///(app-pages-browser)/./lib/chat-transport.ts:103
[ 2076277ms] [LOG] [ChatTransport] Received WebSocket response: {"type":"delta","content":" **","error":null,"message_id":"9a194d5f-195e-4c33-9d76-ae663832f9be","conversation_id":null,"itinerary":null} @ webpack-internal:///(app-pages-browser)/./lib/chat-transport.ts:103
[ 2076299ms] [LOG] [ChatTransport] Received WebSocket response: {"type":"delta","content":"美食","error":null,"message_id":"9a194d5f-195e-4c33-9d76-ae663832f9be","conversation_id":null,"itinerary":null} @ webpack-internal:///(app-pages-browser)/./lib/chat-transport.ts:103
[ 2076322ms] [LOG] [ChatTransport] Received WebSocket response: {"type":"delta","content":"重点","error":null,"message_id":"9a194d5f-195e-4c33-9d76-ae663832f9be","conversation_id":null,"itinerary":null} @ webpack-internal:///(app-pages-browser)/./lib/chat-transport.ts:103
[ 2076351ms] [LOG] [ChatTransport] Received WebSocket response: {"type":"delta","content":"**","error":null,"message_id":"9a194d5f-195e-4c33-9d76-ae663832f9be","conversation_id":null,"itinerary":null} @ webpack-internal:///(app-pages-browser)/./lib/chat-transport.ts:103
[ 2076351ms] [LOG] [ChatTransport] Received WebSocket response: {"type":"delta","content":"：","error":null,"message_id":"9a194d5f-195e-4c33-9d76-ae663832f9be","conversation_id":null,"itinerary":null} @ webpack-internal:///(app-pages-browser)/./lib/chat-transport.ts:103
[ 2076421ms] [LOG] [ChatTransport] Received WebSocket response: {"type":"delta","content":"广州","error":null,"message_id":"9a194d5f-195e-4c33-9d76-ae663832f9be","conversation_id":null,"itinerary":null} @ webpack-internal:///(app-pages-browser)/./lib/chat-transport.ts:103
[ 2076422ms] [LOG] [ChatTransport] Received WebSocket response: {"type":"delta","content":"是","error":null,"message_id":"9a194d5f-195e-4c33-9d76-ae663832f9be","conversation_id":null,"itinerary":null} @ webpack-internal:///(app-pages-browser)/./lib/chat-transport.ts:103
[ 2076509ms] [LOG] [ChatTransport] Received WebSocket response: {"type":"delta","content":"“","error":null,"message_id":"9a194d5f-195e-4c33-9d76-ae663832f9be","conversation_id":null,"itinerary":null} @ webpack-internal:///(app-pages-browser)/./lib/chat-transport.ts:103
[ 2076514ms] [LOG] [ChatTransport] Received WebSocket response: {"type":"delta","content":"食","error":null,"message_id":"9a194d5f-195e-4c33-9d76-ae663832f9be","conversation_id":null,"itinerary":null} @ webpack-internal:///(app-pages-browser)/./lib/chat-transport.ts:103
[ 2076587ms] [LOG] [ChatTransport] Received WebSocket response: {"type":"delta","content":"在广州","error":null,"message_id":"9a194d5f-195e-4c33-9d76-ae663832f9be","conversation_id":null,"itinerary":null} @ webpack-internal:///(app-pages-browser)/./lib/chat-transport.ts:103
[ 2076604ms] [LOG] [ChatTransport] Received WebSocket response: {"type":"delta","content":"”，","error":null,"message_id":"9a194d5f-195e-4c33-9d76-ae663832f9be","conversation_id":null,"itinerary":null} @ webpack-internal:///(app-pages-browser)/./lib/chat-transport.ts:103
[ 2076662ms] [LOG] [ChatTransport] Received WebSocket response: {"type":"delta","content":"早","error":null,"message_id":"9a194d5f-195e-4c33-9d76-ae663832f9be","conversation_id":null,"itinerary":null} @ webpack-internal:///(app-pages-browser)/./lib/chat-transport.ts:103
[ 2076721ms] [LOG] [ChatTransport] Received WebSocket response: {"type":"delta","content":"茶","error":null,"message_id":"9a194d5f-195e-4c33-9d76-ae663832f9be","conversation_id":null,"itinerary":null} @ webpack-internal:///(app-pages-browser)/./lib/chat-transport.ts:103
[ 2076738ms] [LOG] [ChatTransport] Received WebSocket response: {"type":"delta","content":"（","error":null,"message_id":"9a194d5f-195e-4c33-9d76-ae663832f9be","conversation_id":null,"itinerary":null} @ webpack-internal:///(app-pages-browser)/./lib/chat-transport.ts:103
[ 2076792ms] [LOG] [ChatTransport] Received WebSocket response: {"type":"delta","content":"虾","error":null,"message_id":"9a194d5f-195e-4c33-9d76-ae663832f9be","conversation_id":null,"itinerary":null} @ webpack-internal:///(app-pages-browser)/./lib/chat-transport.ts:103
[ 2076793ms] [LOG] [ChatTransport] Received WebSocket response: {"type":"delta","content":"饺","error":null,"message_id":"9a194d5f-195e-4c33-9d76-ae663832f9be","conversation_id":null,"itinerary":null} @ webpack-internal:///(app-pages-browser)/./lib/chat-transport.ts:103
[ 2076858ms] [LOG] [ChatTransport] Received WebSocket response: {"type":"delta","content":"、","error":null,"message_id":"9a194d5f-195e-4c33-9d76-ae663832f9be","conversation_id":null,"itinerary":null} @ webpack-internal:///(app-pages-browser)/./lib/chat-transport.ts:103
[ 2076859ms] [LOG] [ChatTransport] Received WebSocket response: {"type":"delta","content":"烧","error":null,"message_id":"9a194d5f-195e-4c33-9d76-ae663832f9be","conversation_id":null,"itinerary":null} @ webpack-internal:///(app-pages-browser)/./lib/chat-transport.ts:103
[ 2076932ms] [LOG] [ChatTransport] Received WebSocket response: {"type":"delta","content":"卖","error":null,"message_id":"9a194d5f-195e-4c33-9d76-ae663832f9be","conversation_id":null,"itinerary":null} @ webpack-internal:///(app-pages-browser)/./lib/chat-transport.ts:103
[ 2076933ms] [LOG] [ChatTransport] Received WebSocket response: {"type":"delta","content":"、","error":null,"message_id":"9a194d5f-195e-4c33-9d76-ae663832f9be","conversation_id":null,"itinerary":null} @ webpack-internal:///(app-pages-browser)/./lib/chat-transport.ts:103
[ 2077009ms] [LOG] [ChatTransport] Received WebSocket response: {"type":"delta","content":"凤","error":null,"message_id":"9a194d5f-195e-4c33-9d76-ae663832f9be","conversation_id":null,"itinerary":null} @ webpack-internal:///(app-pages-browser)/./lib/chat-transport.ts:103
[ 2077021ms] [LOG] [ChatTransport] Received WebSocket response: {"type":"delta","content":"爪","error":null,"message_id":"9a194d5f-195e-4c33-9d76-ae663832f9be","conversation_id":null,"itinerary":null} @ webpack-internal:///(app-pages-browser)/./lib/chat-transport.ts:103
[ 2077078ms] [LOG] [ChatTransport] Received WebSocket response: {"type":"delta","content":"等","error":null,"message_id":"9a194d5f-195e-4c33-9d76-ae663832f9be","conversation_id":null,"itinerary":null} @ webpack-internal:///(app-pages-browser)/./lib/chat-transport.ts:103
[ 2077092ms] [LOG] [ChatTransport] Received WebSocket response: {"type":"delta","content":"）、","error":null,"message_id":"9a194d5f-195e-4c33-9d76-ae663832f9be","conversation_id":null,"itinerary":null} @ webpack-internal:///(app-pages-browser)/./lib/chat-transport.ts:103
[ 2077149ms] [LOG] [ChatTransport] Received WebSocket response: {"type":"delta","content":"炖","error":null,"message_id":"9a194d5f-195e-4c33-9d76-ae663832f9be","conversation_id":null,"itinerary":null} @ webpack-internal:///(app-pages-browser)/./lib/chat-transport.ts:103
[ 2077160ms] [LOG] [ChatTransport] Received WebSocket response: {"type":"delta","content":"品","error":null,"message_id":"9a194d5f-195e-4c33-9d76-ae663832f9be","conversation_id":null,"itinerary":null} @ webpack-internal:///(app-pages-browser)/./lib/chat-transport.ts:103
[ 2077226ms] [LOG] [ChatTransport] Received WebSocket response: {"type":"delta","content":"、","error":null,"message_id":"9a194d5f-195e-4c33-9d76-ae663832f9be","conversation_id":null,"itinerary":null} @ webpack-internal:///(app-pages-browser)/./lib/chat-transport.ts:103
[ 2077226ms] [LOG] [ChatTransport] Received WebSocket response: {"type":"delta","content":"糖","error":null,"message_id":"9a194d5f-195e-4c33-9d76-ae663832f9be","conversation_id":null,"itinerary":null} @ webpack-internal:///(app-pages-browser)/./lib/chat-transport.ts:103
[ 2077302ms] [LOG] [ChatTransport] Received WebSocket response: {"type":"delta","content":"水","error":null,"message_id":"9a194d5f-195e-4c33-9d76-ae663832f9be","conversation_id":null,"itinerary":null} @ webpack-internal:///(app-pages-browser)/./lib/chat-transport.ts:103
[ 2077313ms] [LOG] [ChatTransport] Received WebSocket response: {"type":"delta","content":"、","error":null,"message_id":"9a194d5f-195e-4c33-9d76-ae663832f9be","conversation_id":null,"itinerary":null} @ webpack-internal:///(app-pages-browser)/./lib/chat-transport.ts:103
[ 2077382ms] [LOG] [ChatTransport] Received WebSocket response: {"type":"delta","content":"烧","error":null,"message_id":"9a194d5f-195e-4c33-9d76-ae663832f9be","conversation_id":null,"itinerary":null} @ webpack-internal:///(app-pages-browser)/./lib/chat-transport.ts:103
[ 2077450ms] [LOG] [ChatTransport] Received WebSocket response: {"type":"delta","content":"腊","error":null,"message_id":"9a194d5f-195e-4c33-9d76-ae663832f9be","conversation_id":null,"itinerary":null} @ webpack-internal:///(app-pages-browser)/./lib/chat-transport.ts:103
[ 2077467ms] [LOG] [ChatTransport] Received WebSocket response: {"type":"delta","content":"、","error":null,"message_id":"9a194d5f-195e-4c33-9d76-ae663832f9be","conversation_id":null,"itinerary":null} @ webpack-internal:///(app-pages-browser)/./lib/chat-transport.ts:103
[ 2077517ms] [LOG] [ChatTransport] Received WebSocket response: {"type":"delta","content":"粥","error":null,"message_id":"9a194d5f-195e-4c33-9d76-ae663832f9be","conversation_id":null,"itinerary":null} @ webpack-internal:///(app-pages-browser)/./lib/chat-transport.ts:103
[ 2077606ms] [LOG] [ChatTransport] Received WebSocket response: {"type":"delta","content":"粉","error":null,"message_id":"9a194d5f-195e-4c33-9d76-ae663832f9be","conversation_id":null,"itinerary":null} @ webpack-internal:///(app-pages-browser)/./lib/chat-transport.ts:103
[ 2077622ms] [LOG] [ChatTransport] Received WebSocket response: {"type":"delta","content":"面","error":null,"message_id":"9a194d5f-195e-4c33-9d76-ae663832f9be","conversation_id":null,"itinerary":null} @ webpack-internal:///(app-pages-browser)/./lib/chat-transport.ts:103
[ 2077704ms] [LOG] [ChatTransport] Received WebSocket response: {"type":"delta","content":"都","error":null,"message_id":"9a194d5f-195e-4c33-9d76-ae663832f9be","conversation_id":null,"itinerary":null} @ webpack-internal:///(app-pages-browser)/./lib/chat-transport.ts:103
[ 2077738ms] [LOG] [ChatTransport] Received WebSocket response: {"type":"delta","content":"不可","error":null,"message_id":"9a194d5f-195e-4c33-9d76-ae663832f9be","conversation_id":null,"itinerary":null} @ webpack-internal:///(app-pages-browser)/./lib/chat-transport.ts:103
[ 2077753ms] [LOG] [ChatTransport] Received WebSocket response: {"type":"delta","content":"错过","error":null,"message_id":"9a194d5f-195e-4c33-9d76-ae663832f9be","conversation_id":null,"itinerary":null} @ webpack-internal:///(app-pages-browser)/./lib/chat-transport.ts:103
[ 2077806ms] [LOG] [ChatTransport] Received WebSocket response: {"type":"delta","content":"。","error":null,"message_id":"9a194d5f-195e-4c33-9d76-ae663832f9be","conversation_id":null,"itinerary":null} @ webpack-internal:///(app-pages-browser)/./lib/chat-transport.ts:103
[ 2077823ms] [LOG] [ChatTransport] Received WebSocket response: {"type":"delta","content":"**","error":null,"message_id":"9a194d5f-195e-4c33-9d76-ae663832f9be","conversation_id":null,"itinerary":null} @ webpack-internal:///(app-pages-browser)/./lib/chat-transport.ts:103
[ 2077882ms] [LOG] [ChatTransport] Received WebSocket response: {"type":"delta","content":"点","error":null,"message_id":"9a194d5f-195e-4c33-9d76-ae663832f9be","conversation_id":null,"itinerary":null} @ webpack-internal:///(app-pages-browser)/./lib/chat-transport.ts:103
[ 2078166ms] [LOG] [ChatTransport] Received WebSocket response: {"type":"delta","content":"都","error":null,"message_id":"9a194d5f-195e-4c33-9d76-ae663832f9be","conversation_id":null,"itinerary":null} @ webpack-internal:///(app-pages-browser)/./lib/chat-transport.ts:103
[ 2078174ms] [LOG] [ChatTransport] Received WebSocket response: {"type":"delta","content":"德","error":null,"message_id":"9a194d5f-195e-4c33-9d76-ae663832f9be","conversation_id":null,"itinerary":null} @ webpack-internal:///(app-pages-browser)/./lib/chat-transport.ts:103
[ 2078176ms] [LOG] [ChatTransport] Received WebSocket response: {"type":"delta","content":"**","error":null,"message_id":"9a194d5f-195e-4c33-9d76-ae663832f9be","conversation_id":null,"itinerary":null} @ webpack-internal:///(app-pages-browser)/./lib/chat-transport.ts:103
[ 2078177ms] [LOG] [ChatTransport] Received WebSocket response: {"type":"delta","content":"、","error":null,"message_id":"9a194d5f-195e-4c33-9d76-ae663832f9be","conversation_id":null,"itinerary":null} @ webpack-internal:///(app-pages-browser)/./lib/chat-transport.ts:103
[ 2078187ms] [LOG] [ChatTransport] Received WebSocket response: {"type":"delta","content":"**","error":null,"message_id":"9a194d5f-195e-4c33-9d76-ae663832f9be","conversation_id":null,"itinerary":null} @ webpack-internal:///(app-pages-browser)/./lib/chat-transport.ts:103
[ 2078187ms] [LOG] [ChatTransport] Received WebSocket response: {"type":"delta","content":"广州","error":null,"message_id":"9a194d5f-195e-4c33-9d76-ae663832f9be","conversation_id":null,"itinerary":null} @ webpack-internal:///(app-pages-browser)/./lib/chat-transport.ts:103
[ 2078197ms] [LOG] [ChatTransport] Received WebSocket response: {"type":"delta","content":"酒","error":null,"message_id":"9a194d5f-195e-4c33-9d76-ae663832f9be","conversation_id":null,"itinerary":null} @ webpack-internal:///(app-pages-browser)/./lib/chat-transport.ts:103
[ 2078197ms] [LOG] [ChatTransport] Received WebSocket response: {"type":"delta","content":"家","error":null,"message_id":"9a194d5f-195e-4c33-9d76-ae663832f9be","conversation_id":null,"itinerary":null} @ webpack-internal:///(app-pages-browser)/./lib/chat-transport.ts:103
[ 2078274ms] [LOG] [ChatTransport] Received WebSocket response: {"type":"delta","content":"**","error":null,"message_id":"9a194d5f-195e-4c33-9d76-ae663832f9be","conversation_id":null,"itinerary":null} @ webpack-internal:///(app-pages-browser)/./lib/chat-transport.ts:103
[ 2078274ms] [LOG] [ChatTransport] Received WebSocket response: {"type":"delta","content":"、","error":null,"message_id":"9a194d5f-195e-4c33-9d76-ae663832f9be","conversation_id":null,"itinerary":null} @ webpack-internal:///(app-pages-browser)/./lib/chat-transport.ts:103
[ 2078328ms] [LOG] [ChatTransport] Received WebSocket response: {"type":"delta","content":"**","error":null,"message_id":"9a194d5f-195e-4c33-9d76-ae663832f9be","conversation_id":null,"itinerary":null} @ webpack-internal:///(app-pages-browser)/./lib/chat-transport.ts:103
[ 2078329ms] [LOG] [ChatTransport] Received WebSocket response: {"type":"delta","content":"陶","error":null,"message_id":"9a194d5f-195e-4c33-9d76-ae663832f9be","conversation_id":null,"itinerary":null} @ webpack-internal:///(app-pages-browser)/./lib/chat-transport.ts:103
[ 2078390ms] [LOG] [ChatTransport] Received WebSocket response: {"type":"delta","content":"陶","error":null,"message_id":"9a194d5f-195e-4c33-9d76-ae663832f9be","conversation_id":null,"itinerary":null} @ webpack-internal:///(app-pages-browser)/./lib/chat-transport.ts:103
[ 2078401ms] [LOG] [ChatTransport] Received WebSocket response: {"type":"delta","content":"居","error":null,"message_id":"9a194d5f-195e-4c33-9d76-ae663832f9be","conversation_id":null,"itinerary":null} @ webpack-internal:///(app-pages-browser)/./lib/chat-transport.ts:103
[ 2078526ms] [LOG] [ChatTransport] Received WebSocket response: {"type":"delta","content":"**","error":null,"message_id":"9a194d5f-195e-4c33-9d76-ae663832f9be","conversation_id":null,"itinerary":null} @ webpack-internal:///(app-pages-browser)/./lib/chat-transport.ts:103
[ 2078535ms] [LOG] [ChatTransport] Received WebSocket response: {"type":"delta","content":"是","error":null,"message_id":"9a194d5f-195e-4c33-9d76-ae663832f9be","conversation_id":null,"itinerary":null} @ webpack-internal:///(app-pages-browser)/./lib/chat-transport.ts:103
[ 2078544ms] [LOG] [ChatTransport] Received WebSocket response: {"type":"delta","content":"体验","error":null,"message_id":"9a194d5f-195e-4c33-9d76-ae663832f9be","conversation_id":null,"itinerary":null} @ webpack-internal:///(app-pages-browser)/./lib/chat-transport.ts:103
[ 2078608ms] [LOG] [ChatTransport] Received WebSocket response: {"type":"delta","content":"早","error":null,"message_id":"9a194d5f-195e-4c33-9d76-ae663832f9be","conversation_id":null,"itinerary":null} @ webpack-internal:///(app-pages-browser)/./lib/chat-transport.ts:103
[ 2078698ms] [LOG] [ChatTransport] Received WebSocket response: {"type":"delta","content":"茶","error":null,"message_id":"9a194d5f-195e-4c33-9d76-ae663832f9be","conversation_id":null,"itinerary":null} @ webpack-internal:///(app-pages-browser)/./lib/chat-transport.ts:103
[ 2078816ms] [LOG] [ChatTransport] Received WebSocket response: {"type":"delta","content":"的热","error":null,"message_id":"9a194d5f-195e-4c33-9d76-ae663832f9be","conversation_id":null,"itinerary":null} @ webpack-internal:///(app-pages-browser)/./lib/chat-transport.ts:103
[ 2078832ms] [LOG] [ChatTransport] Received WebSocket response: {"type":"delta","content":"门","error":null,"message_id":"9a194d5f-195e-4c33-9d76-ae663832f9be","conversation_id":null,"itinerary":null} @ webpack-internal:///(app-pages-browser)/./lib/chat-transport.ts:103
[ 2078843ms] [LOG] [ChatTransport] Received WebSocket response: {"type":"delta","content":"选择","error":null,"message_id":"9a194d5f-195e-4c33-9d76-ae663832f9be","conversation_id":null,"itinerary":null} @ webpack-internal:///(app-pages-browser)/./lib/chat-transport.ts:103
[ 2078903ms] [LOG] [ChatTransport] Received WebSocket response: {"type":"delta","content":"。\n","error":null,"message_id":"9a194d5f-195e-4c33-9d76-ae663832f9be","conversation_id":null,"itinerary":null} @ webpack-internal:///(app-pages-browser)/./lib/chat-transport.ts:103
[ 2078911ms] [LOG] [ChatTransport] Received WebSocket response: {"type":"delta","content":"2","error":null,"message_id":"9a194d5f-195e-4c33-9d76-ae663832f9be","conversation_id":null,"itinerary":null} @ webpack-internal:///(app-pages-browser)/./lib/chat-transport.ts:103
[ 2079001ms] [LOG] [ChatTransport] Received WebSocket response: {"type":"delta","content":".","error":null,"message_id":"9a194d5f-195e-4c33-9d76-ae663832f9be","conversation_id":null,"itinerary":null} @ webpack-internal:///(app-pages-browser)/./lib/chat-transport.ts:103
[ 2079002ms] [LOG] [ChatTransport] Received WebSocket response: {"type":"delta","content":" ","error":null,"message_id":"9a194d5f-195e-4c33-9d76-ae663832f9be","conversation_id":null,"itinerary":null} @ webpack-internal:///(app-pages-browser)/./lib/chat-transport.ts:103
[ 2079091ms] [LOG] [ChatTransport] Received WebSocket response: {"type":"delta","content":" **","error":null,"message_id":"9a194d5f-195e-4c33-9d76-ae663832f9be","conversation_id":null,"itinerary":null} @ webpack-internal:///(app-pages-browser)/./lib/chat-transport.ts:103
[ 2079100ms] [LOG] [ChatTransport] Received WebSocket response: {"type":"delta","content":"交通","error":null,"message_id":"9a194d5f-195e-4c33-9d76-ae663832f9be","conversation_id":null,"itinerary":null} @ webpack-internal:///(app-pages-browser)/./lib/chat-transport.ts:103
[ 2079149ms] [LOG] [ChatTransport] Received WebSocket response: {"type":"delta","content":"**","error":null,"message_id":"9a194d5f-195e-4c33-9d76-ae663832f9be","conversation_id":null,"itinerary":null} @ webpack-internal:///(app-pages-browser)/./lib/chat-transport.ts:103
[ 2079161ms] [LOG] [ChatTransport] Received WebSocket response: {"type":"delta","content":"：","error":null,"message_id":"9a194d5f-195e-4c33-9d76-ae663832f9be","conversation_id":null,"itinerary":null} @ webpack-internal:///(app-pages-browser)/./lib/chat-transport.ts:103
[ 2079197ms] [LOG] [ChatTransport] Received WebSocket response: {"type":"delta","content":"广州","error":null,"message_id":"9a194d5f-195e-4c33-9d76-ae663832f9be","conversation_id":null,"itinerary":null} @ webpack-internal:///(app-pages-browser)/./lib/chat-transport.ts:103
[ 2079212ms] [LOG] [ChatTransport] Received WebSocket response: {"type":"delta","content":"地铁","error":null,"message_id":"9a194d5f-195e-4c33-9d76-ae663832f9be","conversation_id":null,"itinerary":null} @ webpack-internal:///(app-pages-browser)/./lib/chat-transport.ts:103
[ 2079261ms] [LOG] [ChatTransport] Received WebSocket response: {"type":"delta","content":"网络","error":null,"message_id":"9a194d5f-195e-4c33-9d76-ae663832f9be","conversation_id":null,"itinerary":null} @ webpack-internal:///(app-pages-browser)/./lib/chat-transport.ts:103
[ 2079277ms] [LOG] [ChatTransport] Received WebSocket response: {"type":"delta","content":"非常","error":null,"message_id":"9a194d5f-195e-4c33-9d76-ae663832f9be","conversation_id":null,"itinerary":null} @ webpack-internal:///(app-pages-browser)/./lib/chat-transport.ts:103
[ 2079339ms] [LOG] [ChatTransport] Received WebSocket response: {"type":"delta","content":"发达","error":null,"message_id":"9a194d5f-195e-4c33-9d76-ae663832f9be","conversation_id":null,"itinerary":null} @ webpack-internal:///(app-pages-browser)/./lib/chat-transport.ts:103
[ 2079354ms] [LOG] [ChatTransport] Received WebSocket response: {"type":"delta","content":"，","error":null,"message_id":"9a194d5f-195e-4c33-9d76-ae663832f9be","conversation_id":null,"itinerary":null} @ webpack-internal:///(app-pages-browser)/./lib/chat-transport.ts:103
[ 2079461ms] [LOG] [ChatTransport] Received WebSocket response: {"type":"delta","content":"覆盖","error":null,"message_id":"9a194d5f-195e-4c33-9d76-ae663832f9be","conversation_id":null,"itinerary":null} @ webpack-internal:///(app-pages-browser)/./lib/chat-transport.ts:103
[ 2079473ms] [LOG] [ChatTransport] Received WebSocket response: {"type":"delta","content":"几乎所有","error":null,"message_id":"9a194d5f-195e-4c33-9d76-ae663832f9be","conversation_id":null,"itinerary":null} @ webpack-internal:///(app-pages-browser)/./lib/chat-transport.ts:103
[ 2079489ms] [LOG] [ChatTransport] Received WebSocket response: {"type":"delta","content":"景点","error":null,"message_id":"9a194d5f-195e-4c33-9d76-ae663832f9be","conversation_id":null,"itinerary":null} @ webpack-internal:///(app-pages-browser)/./lib/chat-transport.ts:103
[ 2079490ms] [LOG] [ChatTransport] Received WebSocket response: {"type":"delta","content":"，","error":null,"message_id":"9a194d5f-195e-4c33-9d76-ae663832f9be","conversation_id":null,"itinerary":null} @ webpack-internal:///(app-pages-browser)/./lib/chat-transport.ts:103
[ 2079560ms] [LOG] [ChatTransport] Received WebSocket response: {"type":"delta","content":"是","error":null,"message_id":"9a194d5f-195e-4c33-9d76-ae663832f9be","conversation_id":null,"itinerary":null} @ webpack-internal:///(app-pages-browser)/./lib/chat-transport.ts:103
[ 2079570ms] [LOG] [ChatTransport] Received WebSocket response: {"type":"delta","content":"出行","error":null,"message_id":"9a194d5f-195e-4c33-9d76-ae663832f9be","conversation_id":null,"itinerary":null} @ webpack-internal:///(app-pages-browser)/./lib/chat-transport.ts:103
[ 2079640ms] [LOG] [ChatTransport] Received WebSocket response: {"type":"delta","content":"首选","error":null,"message_id":"9a194d5f-195e-4c33-9d76-ae663832f9be","conversation_id":null,"itinerary":null} @ webpack-internal:///(app-pages-browser)/./lib/chat-transport.ts:103
[ 2079641ms] [LOG] [ChatTransport] Received WebSocket response: {"type":"delta","content":"。","error":null,"message_id":"9a194d5f-195e-4c33-9d76-ae663832f9be","conversation_id":null,"itinerary":null} @ webpack-internal:///(app-pages-browser)/./lib/chat-transport.ts:103
[ 2079706ms] [LOG] [ChatTransport] Received WebSocket response: {"type":"delta","content":"可使用","error":null,"message_id":"9a194d5f-195e-4c33-9d76-ae663832f9be","conversation_id":null,"itinerary":null} @ webpack-internal:///(app-pages-browser)/./lib/chat-transport.ts:103
[ 2079716ms] [LOG] [ChatTransport] Received WebSocket response: {"type":"delta","content":"“","error":null,"message_id":"9a194d5f-195e-4c33-9d76-ae663832f9be","conversation_id":null,"itinerary":null} @ webpack-internal:///(app-pages-browser)/./lib/chat-transport.ts:103
[ 2079892ms] [LOG] [ChatTransport] Received WebSocket response: {"type":"delta","content":"广州","error":null,"message_id":"9a194d5f-195e-4c33-9d76-ae663832f9be","conversation_id":null,"itinerary":null} @ webpack-internal:///(app-pages-browser)/./lib/chat-transport.ts:103
[ 2079900ms] [LOG] [ChatTransport] Received WebSocket response: {"type":"delta","content":"地铁","error":null,"message_id":"9a194d5f-195e-4c33-9d76-ae663832f9be","conversation_id":null,"itinerary":null} @ webpack-internal:///(app-pages-browser)/./lib/chat-transport.ts:103
[ 2080151ms] [LOG] [ChatTransport] Received WebSocket response: {"type":"delta","content":"”","error":null,"message_id":"9a194d5f-195e-4c33-9d76-ae663832f9be","conversation_id":null,"itinerary":null} @ webpack-internal:///(app-pages-browser)/./lib/chat-transport.ts:103
[ 2080151ms] [LOG] [ChatTransport] Received WebSocket response: {"type":"delta","content":"APP","error":null,"message_id":"9a194d5f-195e-4c33-9d76-ae663832f9be","conversation_id":null,"itinerary":null} @ webpack-internal:///(app-pages-browser)/./lib/chat-transport.ts:103
[ 2080159ms] [LOG] [ChatTransport] Received WebSocket response: {"type":"delta","content":"或","error":null,"message_id":"9a194d5f-195e-4c33-9d76-ae663832f9be","conversation_id":null,"itinerary":null} @ webpack-internal:///(app-pages-browser)/./lib/chat-transport.ts:103
[ 2080161ms] [LOG] [ChatTransport] Received WebSocket response: {"type":"delta","content":"微信","error":null,"message_id":"9a194d5f-195e-4c33-9d76-ae663832f9be","conversation_id":null,"itinerary":null} @ webpack-internal:///(app-pages-browser)/./lib/chat-transport.ts:103
[ 2080162ms] [LOG] [ChatTransport] Received WebSocket response: {"type":"delta","content":"/","error":null,"message_id":"9a194d5f-195e-4c33-9d76-ae663832f9be","conversation_id":null,"itinerary":null} @ webpack-internal:///(app-pages-browser)/./lib/chat-transport.ts:103
[ 2080162ms] [LOG] [ChatTransport] Received WebSocket response: {"type":"delta","content":"支付宝","error":null,"message_id":"9a194d5f-195e-4c33-9d76-ae663832f9be","conversation_id":null,"itinerary":null} @ webpack-internal:///(app-pages-browser)/./lib/chat-transport.ts:103
[ 2080163ms] [LOG] [ChatTransport] Received WebSocket response: {"type":"delta","content":"乘车","error":null,"message_id":"9a194d5f-195e-4c33-9d76-ae663832f9be","conversation_id":null,"itinerary":null} @ webpack-internal:///(app-pages-browser)/./lib/chat-transport.ts:103
[ 2080163ms] [LOG] [ChatTransport] Received WebSocket response: {"type":"delta","content":"码","error":null,"message_id":"9a194d5f-195e-4c33-9d76-ae663832f9be","conversation_id":null,"itinerary":null} @ webpack-internal:///(app-pages-browser)/./lib/chat-transport.ts:103
[ 2080172ms] [LOG] [ChatTransport] Received WebSocket response: {"type":"delta","content":"。\n","error":null,"message_id":"9a194d5f-195e-4c33-9d76-ae663832f9be","conversation_id":null,"itinerary":null} @ webpack-internal:///(app-pages-browser)/./lib/chat-transport.ts:103
[ 2080172ms] [LOG] [ChatTransport] Received WebSocket response: {"type":"delta","content":"3","error":null,"message_id":"9a194d5f-195e-4c33-9d76-ae663832f9be","conversation_id":null,"itinerary":null} @ webpack-internal:///(app-pages-browser)/./lib/chat-transport.ts:103
[ 2080215ms] [LOG] [ChatTransport] Received WebSocket response: {"type":"delta","content":".","error":null,"message_id":"9a194d5f-195e-4c33-9d76-ae663832f9be","conversation_id":null,"itinerary":null} @ webpack-internal:///(app-pages-browser)/./lib/chat-transport.ts:103
[ 2080215ms] [LOG] [ChatTransport] Received WebSocket response: {"type":"delta","content":" ","error":null,"message_id":"9a194d5f-195e-4c33-9d76-ae663832f9be","conversation_id":null,"itinerary":null} @ webpack-internal:///(app-pages-browser)/./lib/chat-transport.ts:103
[ 2080287ms] [LOG] [ChatTransport] Received WebSocket response: {"type":"delta","content":" **","error":null,"message_id":"9a194d5f-195e-4c33-9d76-ae663832f9be","conversation_id":null,"itinerary":null} @ webpack-internal:///(app-pages-browser)/./lib/chat-transport.ts:103
[ 2080288ms] [LOG] [ChatTransport] Received WebSocket response: {"type":"delta","content":"防","error":null,"message_id":"9a194d5f-195e-4c33-9d76-ae663832f9be","conversation_id":null,"itinerary":null} @ webpack-internal:///(app-pages-browser)/./lib/chat-transport.ts:103
[ 2080462ms] [LOG] [ChatTransport] Received WebSocket response: {"type":"delta","content":"雨","error":null,"message_id":"9a194d5f-195e-4c33-9d76-ae663832f9be","conversation_id":null,"itinerary":null} @ webpack-internal:///(app-pages-browser)/./lib/chat-transport.ts:103
[ 2080476ms] [LOG] [ChatTransport] Received WebSocket response: {"type":"delta","content":"准备","error":null,"message_id":"9a194d5f-195e-4c33-9d76-ae663832f9be","conversation_id":null,"itinerary":null} @ webpack-internal:///(app-pages-browser)/./lib/chat-transport.ts:103
[ 2080479ms] [LOG] [ChatTransport] Received WebSocket response: {"type":"delta","content":"**","error":null,"message_id":"9a194d5f-195e-4c33-9d76-ae663832f9be","conversation_id":null,"itinerary":null} @ webpack-internal:///(app-pages-browser)/./lib/chat-transport.ts:103
[ 2080480ms] [LOG] [ChatTransport] Received WebSocket response: {"type":"delta","content":"：","error":null,"message_id":"9a194d5f-195e-4c33-9d76-ae663832f9be","conversation_id":null,"itinerary":null} @ webpack-internal:///(app-pages-browser)/./lib/chat-transport.ts:103
[ 2080506ms] [LOG] [ChatTransport] Received WebSocket response: {"type":"delta","content":"第二天","error":null,"message_id":"9a194d5f-195e-4c33-9d76-ae663832f9be","conversation_id":null,"itinerary":null} @ webpack-internal:///(app-pages-browser)/./lib/chat-transport.ts:103
[ 2080523ms] [LOG] [ChatTransport] Received WebSocket response: {"type":"delta","content":"全天","error":null,"message_id":"9a194d5f-195e-4c33-9d76-ae663832f9be","conversation_id":null,"itinerary":null} @ webpack-internal:///(app-pages-browser)/./lib/chat-transport.ts:103
[ 2080583ms] [LOG] [ChatTransport] Received WebSocket response: {"type":"delta","content":"有","error":null,"message_id":"9a194d5f-195e-4c33-9d76-ae663832f9be","conversation_id":null,"itinerary":null} @ webpack-internal:///(app-pages-browser)/./lib/chat-transport.ts:103
[ 2080595ms] [LOG] [ChatTransport] Received WebSocket response: {"type":"delta","content":"雨","error":null,"message_id":"9a194d5f-195e-4c33-9d76-ae663832f9be","conversation_id":null,"itinerary":null} @ webpack-internal:///(app-pages-browser)/./lib/chat-transport.ts:103
[ 2080662ms] [LOG] [ChatTransport] Received WebSocket response: {"type":"delta","content":"，","error":null,"message_id":"9a194d5f-195e-4c33-9d76-ae663832f9be","conversation_id":null,"itinerary":null} @ webpack-internal:///(app-pages-browser)/./lib/chat-transport.ts:103
[ 2080663ms] [LOG] [ChatTransport] Received WebSocket response: {"type":"delta","content":"请","error":null,"message_id":"9a194d5f-195e-4c33-9d76-ae663832f9be","conversation_id":null,"itinerary":null} @ webpack-internal:///(app-pages-browser)/./lib/chat-transport.ts:103
[ 2080740ms] [LOG] [ChatTransport] Received WebSocket response: {"type":"delta","content":"务必","error":null,"message_id":"9a194d5f-195e-4c33-9d76-ae663832f9be","conversation_id":null,"itinerary":null} @ webpack-internal:///(app-pages-browser)/./lib/chat-transport.ts:103
[ 2080757ms] [LOG] [ChatTransport] Received WebSocket response: {"type":"delta","content":"准备好","error":null,"message_id":"9a194d5f-195e-4c33-9d76-ae663832f9be","conversation_id":null,"itinerary":null} @ webpack-internal:///(app-pages-browser)/./lib/chat-transport.ts:103
[ 2080791ms] [LOG] [ChatTransport] Received WebSocket response: {"type":"delta","content":"雨","error":null,"message_id":"9a194d5f-195e-4c33-9d76-ae663832f9be","conversation_id":null,"itinerary":null} @ webpack-internal:///(app-pages-browser)/./lib/chat-transport.ts:103
[ 2080806ms] [LOG] [ChatTransport] Received WebSocket response: {"type":"delta","content":"伞","error":null,"message_id":"9a194d5f-195e-4c33-9d76-ae663832f9be","conversation_id":null,"itinerary":null} @ webpack-internal:///(app-pages-browser)/./lib/chat-transport.ts:103
[ 2080864ms] [LOG] [ChatTransport] Received WebSocket response: {"type":"delta","content":"或","error":null,"message_id":"9a194d5f-195e-4c33-9d76-ae663832f9be","conversation_id":null,"itinerary":null} @ webpack-internal:///(app-pages-browser)/./lib/chat-transport.ts:103
[ 2080935ms] [LOG] [ChatTransport] Received WebSocket response: {"type":"delta","content":"雨","error":null,"message_id":"9a194d5f-195e-4c33-9d76-ae663832f9be","conversation_id":null,"itinerary":null} @ webpack-internal:///(app-pages-browser)/./lib/chat-transport.ts:103
[ 2080949ms] [LOG] [ChatTransport] Received WebSocket response: {"type":"delta","content":"衣","error":null,"message_id":"9a194d5f-195e-4c33-9d76-ae663832f9be","conversation_id":null,"itinerary":null} @ webpack-internal:///(app-pages-browser)/./lib/chat-transport.ts:103
[ 2081035ms] [LOG] [ChatTransport] Received WebSocket response: {"type":"delta","content":"，","error":null,"message_id":"9a194d5f-195e-4c33-9d76-ae663832f9be","conversation_id":null,"itinerary":null} @ webpack-internal:///(app-pages-browser)/./lib/chat-transport.ts:103
[ 2081043ms] [LOG] [ChatTransport] Received WebSocket response: {"type":"delta","content":"并","error":null,"message_id":"9a194d5f-195e-4c33-9d76-ae663832f9be","conversation_id":null,"itinerary":null} @ webpack-internal:///(app-pages-browser)/./lib/chat-transport.ts:103
[ 2081086ms] [LOG] [ChatTransport] Received WebSocket response: {"type":"delta","content":"选择","error":null,"message_id":"9a194d5f-195e-4c33-9d76-ae663832f9be","conversation_id":null,"itinerary":null} @ webpack-internal:///(app-pages-browser)/./lib/chat-transport.ts:103
[ 2081094ms] [LOG] [ChatTransport] Received WebSocket response: {"type":"delta","content":"防","error":null,"message_id":"9a194d5f-195e-4c33-9d76-ae663832f9be","conversation_id":null,"itinerary":null} @ webpack-internal:///(app-pages-browser)/./lib/chat-transport.ts:103
[ 2081156ms] [LOG] [ChatTransport] Received WebSocket response: {"type":"delta","content":"水的","error":null,"message_id":"9a194d5f-195e-4c33-9d76-ae663832f9be","conversation_id":null,"itinerary":null} @ webpack-internal:///(app-pages-browser)/./lib/chat-transport.ts:103
[ 2081238ms] [LOG] [ChatTransport] Received WebSocket response: {"type":"delta","content":"鞋子","error":null,"message_id":"9a194d5f-195e-4c33-9d76-ae663832f9be","conversation_id":null,"itinerary":null} @ webpack-internal:///(app-pages-browser)/./lib/chat-transport.ts:103
[ 2081248ms] [LOG] [ChatTransport] Received WebSocket response: {"type":"delta","content":"。\n","error":null,"message_id":"9a194d5f-195e-4c33-9d76-ae663832f9be","conversation_id":null,"itinerary":null} @ webpack-internal:///(app-pages-browser)/./lib/chat-transport.ts:103
[ 2081297ms] [LOG] [ChatTransport] Received WebSocket response: {"type":"delta","content":"4","error":null,"message_id":"9a194d5f-195e-4c33-9d76-ae663832f9be","conversation_id":null,"itinerary":null} @ webpack-internal:///(app-pages-browser)/./lib/chat-transport.ts:103
[ 2081308ms] [LOG] [ChatTransport] Received WebSocket response: {"type":"delta","content":".","error":null,"message_id":"9a194d5f-195e-4c33-9d76-ae663832f9be","conversation_id":null,"itinerary":null} @ webpack-internal:///(app-pages-browser)/./lib/chat-transport.ts:103
[ 2081380ms] [LOG] [ChatTransport] Received WebSocket response: {"type":"delta","content":" ","error":null,"message_id":"9a194d5f-195e-4c33-9d76-ae663832f9be","conversation_id":null,"itinerary":null} @ webpack-internal:///(app-pages-browser)/./lib/chat-transport.ts:103
[ 2081391ms] [LOG] [ChatTransport] Received WebSocket response: {"type":"delta","content":" **","error":null,"message_id":"9a194d5f-195e-4c33-9d76-ae663832f9be","conversation_id":null,"itinerary":null} @ webpack-internal:///(app-pages-browser)/./lib/chat-transport.ts:103
[ 2081559ms] [LOG] [ChatTransport] Received WebSocket response: {"type":"delta","content":"门票","error":null,"message_id":"9a194d5f-195e-4c33-9d76-ae663832f9be","conversation_id":null,"itinerary":null} @ webpack-internal:///(app-pages-browser)/./lib/chat-transport.ts:103
[ 2081572ms] [LOG] [ChatTransport] Received WebSocket response: {"type":"delta","content":"预约","error":null,"message_id":"9a194d5f-195e-4c33-9d76-ae663832f9be","conversation_id":null,"itinerary":null} @ webpack-internal:///(app-pages-browser)/./lib/chat-transport.ts:103
[ 2081582ms] [LOG] [ChatTransport] Received WebSocket response: {"type":"delta","content":"**","error":null,"message_id":"9a194d5f-195e-4c33-9d76-ae663832f9be","conversation_id":null,"itinerary":null} @ webpack-internal:///(app-pages-browser)/./lib/chat-transport.ts:103
[ 2081583ms] [LOG] [ChatTransport] Received WebSocket response: {"type":"delta","content":"：","error":null,"message_id":"9a194d5f-195e-4c33-9d76-ae663832f9be","conversation_id":null,"itinerary":null} @ webpack-internal:///(app-pages-browser)/./lib/chat-transport.ts:103
[ 2081600ms] [LOG] [ChatTransport] Received WebSocket response: {"type":"delta","content":"广东省","error":null,"message_id":"9a194d5f-195e-4c33-9d76-ae663832f9be","conversation_id":null,"itinerary":null} @ webpack-internal:///(app-pages-browser)/./lib/chat-transport.ts:103
[ 2081612ms] [LOG] [ChatTransport] Received WebSocket response: {"type":"delta","content":"博物馆","error":null,"message_id":"9a194d5f-195e-4c33-9d76-ae663832f9be","conversation_id":null,"itinerary":null} @ webpack-internal:///(app-pages-browser)/./lib/chat-transport.ts:103
[ 2081670ms] [LOG] [ChatTransport] Received WebSocket response: {"type":"delta","content":"等","error":null,"message_id":"9a194d5f-195e-4c33-9d76-ae663832f9be","conversation_id":null,"itinerary":null} @ webpack-internal:///(app-pages-browser)/./lib/chat-transport.ts:103
[ 2081739ms] [LOG] [ChatTransport] Received WebSocket response: {"type":"delta","content":"热门","error":null,"message_id":"9a194d5f-195e-4c33-9d76-ae663832f9be","conversation_id":null,"itinerary":null} @ webpack-internal:///(app-pages-browser)/./lib/chat-transport.ts:103
[ 2081740ms] [LOG] [ChatTransport] Received WebSocket response: {"type":"delta","content":"场馆","error":null,"message_id":"9a194d5f-195e-4c33-9d76-ae663832f9be","conversation_id":null,"itinerary":null} @ webpack-internal:///(app-pages-browser)/./lib/chat-transport.ts:103
[ 2081927ms] [LOG] [ChatTransport] Received WebSocket response: {"type":"delta","content":"建议","error":null,"message_id":"9a194d5f-195e-4c33-9d76-ae663832f9be","conversation_id":null,"itinerary":null} @ webpack-internal:///(app-pages-browser)/./lib/chat-transport.ts:103
[ 2081943ms] [LOG] [ChatTransport] Received WebSocket response: {"type":"delta","content":"提前","error":null,"message_id":"9a194d5f-195e-4c33-9d76-ae663832f9be","conversation_id":null,"itinerary":null} @ webpack-internal:///(app-pages-browser)/./lib/chat-transport.ts:103
[ 2081962ms] [LOG] [ChatTransport] Received WebSocket response: {"type":"delta","content":"在线","error":null,"message_id":"9a194d5f-195e-4c33-9d76-ae663832f9be","conversation_id":null,"itinerary":null} @ webpack-internal:///(app-pages-browser)/./lib/chat-transport.ts:103
[ 2081982ms] [LOG] [ChatTransport] Received WebSocket response: {"type":"delta","content":"预约","error":null,"message_id":"9a194d5f-195e-4c33-9d76-ae663832f9be","conversation_id":null,"itinerary":null} @ webpack-internal:///(app-pages-browser)/./lib/chat-transport.ts:103
[ 2082003ms] [LOG] [ChatTransport] Received WebSocket response: {"type":"delta","content":"。\n","error":null,"message_id":"9a194d5f-195e-4c33-9d76-ae663832f9be","conversation_id":null,"itinerary":null} @ webpack-internal:///(app-pages-browser)/./lib/chat-transport.ts:103
[ 2082004ms] [LOG] [ChatTransport] Received WebSocket response: {"type":"delta","content":"5","error":null,"message_id":"9a194d5f-195e-4c33-9d76-ae663832f9be","conversation_id":null,"itinerary":null} @ webpack-internal:///(app-pages-browser)/./lib/chat-transport.ts:103
[ 2082030ms] [LOG] [ChatTransport] Received WebSocket response: {"type":"delta","content":".","error":null,"message_id":"9a194d5f-195e-4c33-9d76-ae663832f9be","conversation_id":null,"itinerary":null} @ webpack-internal:///(app-pages-browser)/./lib/chat-transport.ts:103
[ 2082031ms] [LOG] [ChatTransport] Received WebSocket response: {"type":"delta","content":" ","error":null,"message_id":"9a194d5f-195e-4c33-9d76-ae663832f9be","conversation_id":null,"itinerary":null} @ webpack-internal:///(app-pages-browser)/./lib/chat-transport.ts:103
[ 2082109ms] [LOG] [ChatTransport] Received WebSocket response: {"type":"delta","content":" **","error":null,"message_id":"9a194d5f-195e-4c33-9d76-ae663832f9be","conversation_id":null,"itinerary":null} @ webpack-internal:///(app-pages-browser)/./lib/chat-transport.ts:103
[ 2082120ms] [LOG] [ChatTransport] Received WebSocket response: {"type":"delta","content":"灵活","error":null,"message_id":"9a194d5f-195e-4c33-9d76-ae663832f9be","conversation_id":null,"itinerary":null} @ webpack-internal:///(app-pages-browser)/./lib/chat-transport.ts:103
[ 2082189ms] [LOG] [ChatTransport] Received WebSocket response: {"type":"delta","content":"调整","error":null,"message_id":"9a194d5f-195e-4c33-9d76-ae663832f9be","conversation_id":null,"itinerary":null} @ webpack-internal:///(app-pages-browser)/./lib/chat-transport.ts:103
[ 2082202ms] [LOG] [ChatTransport] Received WebSocket response: {"type":"delta","content":"**","error":null,"message_id":"9a194d5f-195e-4c33-9d76-ae663832f9be","conversation_id":null,"itinerary":null} @ webpack-internal:///(app-pages-browser)/./lib/chat-transport.ts:103
[ 2082446ms] [LOG] [ChatTransport] Received WebSocket response: {"type":"delta","content":"：","error":null,"message_id":"9a194d5f-195e-4c33-9d76-ae663832f9be","conversation_id":null,"itinerary":null} @ webpack-internal:///(app-pages-browser)/./lib/chat-transport.ts:103
[ 2082447ms] [LOG] [ChatTransport] Received WebSocket response: {"type":"delta","content":"以上","error":null,"message_id":"9a194d5f-195e-4c33-9d76-ae663832f9be","conversation_id":null,"itinerary":null} @ webpack-internal:///(app-pages-browser)/./lib/chat-transport.ts:103
[ 2082464ms] [LOG] [ChatTransport] Received WebSocket response: {"type":"delta","content":"行程","error":null,"message_id":"9a194d5f-195e-4c33-9d76-ae663832f9be","conversation_id":null,"itinerary":null} @ webpack-internal:///(app-pages-browser)/./lib/chat-transport.ts:103
[ 2082477ms] [LOG] [ChatTransport] Received WebSocket response: {"type":"delta","content":"可根据","error":null,"message_id":"9a194d5f-195e-4c33-9d76-ae663832f9be","conversation_id":null,"itinerary":null} @ webpack-internal:///(app-pages-browser)/./lib/chat-transport.ts:103
[ 2082495ms] [LOG] [ChatTransport] Received WebSocket response: {"type":"delta","content":"您的","error":null,"message_id":"9a194d5f-195e-4c33-9d76-ae663832f9be","conversation_id":null,"itinerary":null} @ webpack-internal:///(app-pages-browser)/./lib/chat-transport.ts:103
[ 2082511ms] [LOG] [ChatTransport] Received WebSocket response: {"type":"delta","content":"体","error":null,"message_id":"9a194d5f-195e-4c33-9d76-ae663832f9be","conversation_id":null,"itinerary":null} @ webpack-internal:///(app-pages-browser)/./lib/chat-transport.ts:103
[ 2082522ms] [LOG] [ChatTransport] Received WebSocket response: {"type":"delta","content":"力和","error":null,"message_id":"9a194d5f-195e-4c33-9d76-ae663832f9be","conversation_id":null,"itinerary":null} @ webpack-internal:///(app-pages-browser)/./lib/chat-transport.ts:103
[ 2082522ms] [LOG] [ChatTransport] Received WebSocket response: {"type":"delta","content":"兴趣","error":null,"message_id":"9a194d5f-195e-4c33-9d76-ae663832f9be","conversation_id":null,"itinerary":null} @ webpack-internal:///(app-pages-browser)/./lib/chat-transport.ts:103
[ 2082547ms] [LOG] [ChatTransport] Received WebSocket response: {"type":"delta","content":"进行","error":null,"message_id":"9a194d5f-195e-4c33-9d76-ae663832f9be","conversation_id":null,"itinerary":null} @ webpack-internal:///(app-pages-browser)/./lib/chat-transport.ts:103
[ 2082562ms] [LOG] [ChatTransport] Received WebSocket response: {"type":"delta","content":"灵活","error":null,"message_id":"9a194d5f-195e-4c33-9d76-ae663832f9be","conversation_id":null,"itinerary":null} @ webpack-internal:///(app-pages-browser)/./lib/chat-transport.ts:103
[ 2082629ms] [LOG] [ChatTransport] Received WebSocket response: {"type":"delta","content":"调整","error":null,"message_id":"9a194d5f-195e-4c33-9d76-ae663832f9be","conversation_id":null,"itinerary":null} @ webpack-internal:///(app-pages-browser)/./lib/chat-transport.ts:103
[ 2082629ms] [LOG] [ChatTransport] Received WebSocket response: {"type":"delta","content":"。","error":null,"message_id":"9a194d5f-195e-4c33-9d76-ae663832f9be","conversation_id":null,"itinerary":null} @ webpack-internal:///(app-pages-browser)/./lib/chat-transport.ts:103
[ 2082689ms] [LOG] [ChatTransport] Received WebSocket response: {"type":"delta","content":"例如","error":null,"message_id":"9a194d5f-195e-4c33-9d76-ae663832f9be","conversation_id":null,"itinerary":null} @ webpack-internal:///(app-pages-browser)/./lib/chat-transport.ts:103
[ 2082703ms] [LOG] [ChatTransport] Received WebSocket response: {"type":"delta","content":"，","error":null,"message_id":"9a194d5f-195e-4c33-9d76-ae663832f9be","conversation_id":null,"itinerary":null} @ webpack-internal:///(app-pages-browser)/./lib/chat-transport.ts:103
[ 2082760ms] [LOG] [ChatTransport] Received WebSocket response: {"type":"delta","content":"如果","error":null,"message_id":"9a194d5f-195e-4c33-9d76-ae663832f9be","conversation_id":null,"itinerary":null} @ webpack-internal:///(app-pages-browser)/./lib/chat-transport.ts:103
[ 2082777ms] [LOG] [ChatTransport] Received WebSocket response: {"type":"delta","content":"对","error":null,"message_id":"9a194d5f-195e-4c33-9d76-ae663832f9be","conversation_id":null,"itinerary":null} @ webpack-internal:///(app-pages-browser)/./lib/chat-transport.ts:103
[ 2082838ms] [LOG] [ChatTransport] Received WebSocket response: {"type":"delta","content":"现代","error":null,"message_id":"9a194d5f-195e-4c33-9d76-ae663832f9be","conversation_id":null,"itinerary":null} @ webpack-internal:///(app-pages-browser)/./lib/chat-transport.ts:103
[ 2082955ms] [LOG] [ChatTransport] Received WebSocket response: {"type":"delta","content":"建筑","error":null,"message_id":"9a194d5f-195e-4c33-9d76-ae663832f9be","conversation_id":null,"itinerary":null} @ webpack-internal:///(app-pages-browser)/./lib/chat-transport.ts:103
[ 2082971ms] [LOG] [ChatTransport] Received WebSocket response: {"type":"delta","content":"更","error":null,"message_id":"9a194d5f-195e-4c33-9d76-ae663832f9be","conversation_id":null,"itinerary":null} @ webpack-internal:///(app-pages-browser)/./lib/chat-transport.ts:103
[ 2082990ms] [LOG] [ChatTransport] Received WebSocket response: {"type":"delta","content":"感兴趣","error":null,"message_id":"9a194d5f-195e-4c33-9d76-ae663832f9be","conversation_id":null,"itinerary":null} @ webpack-internal:///(app-pages-browser)/./lib/chat-transport.ts:103
[ 2083007ms] [LOG] [ChatTransport] Received WebSocket response: {"type":"delta","content":"，","error":null,"message_id":"9a194d5f-195e-4c33-9d76-ae663832f9be","conversation_id":null,"itinerary":null} @ webpack-internal:///(app-pages-browser)/./lib/chat-transport.ts:103
[ 2083152ms] [LOG] [ChatTransport] Received WebSocket response: {"type":"delta","content":"可以","error":null,"message_id":"9a194d5f-195e-4c33-9d76-ae663832f9be","conversation_id":null,"itinerary":null} @ webpack-internal:///(app-pages-browser)/./lib/chat-transport.ts:103
[ 2083162ms] [LOG] [ChatTransport] Received WebSocket response: {"type":"delta","content":"增加","error":null,"message_id":"9a194d5f-195e-4c33-9d76-ae663832f9be","conversation_id":null,"itinerary":null} @ webpack-internal:///(app-pages-browser)/./lib/chat-transport.ts:103
[ 2083164ms] [LOG] [ChatTransport] Received WebSocket response: {"type":"delta","content":"珠江","error":null,"message_id":"9a194d5f-195e-4c33-9d76-ae663832f9be","conversation_id":null,"itinerary":null} @ webpack-internal:///(app-pages-browser)/./lib/chat-transport.ts:103
[ 2083199ms] [LOG] [ChatTransport] Received WebSocket response: {"type":"delta","content":"新城","error":null,"message_id":"9a194d5f-195e-4c33-9d76-ae663832f9be","conversation_id":null,"itinerary":null} @ webpack-internal:///(app-pages-browser)/./lib/chat-transport.ts:103
[ 2083200ms] [LOG] [ChatTransport] Received WebSocket response: {"type":"delta","content":"区域的","error":null,"message_id":"9a194d5f-195e-4c33-9d76-ae663832f9be","conversation_id":null,"itinerary":null} @ webpack-internal:///(app-pages-browser)/./lib/chat-transport.ts:103
[ 2083278ms] [LOG] [ChatTransport] Received WebSocket response: {"type":"delta","content":"游览","error":null,"message_id":"9a194d5f-195e-4c33-9d76-ae663832f9be","conversation_id":null,"itinerary":null} @ webpack-internal:///(app-pages-browser)/./lib/chat-transport.ts:103
[ 2083293ms] [LOG] [ChatTransport] Received WebSocket response: {"type":"delta","content":"时间","error":null,"message_id":"9a194d5f-195e-4c33-9d76-ae663832f9be","conversation_id":null,"itinerary":null} @ webpack-internal:///(app-pages-browser)/./lib/chat-transport.ts:103
[ 2083347ms] [LOG] [ChatTransport] Received WebSocket response: {"type":"delta","content":"；","error":null,"message_id":"9a194d5f-195e-4c33-9d76-ae663832f9be","conversation_id":null,"itinerary":null} @ webpack-internal:///(app-pages-browser)/./lib/chat-transport.ts:103
[ 2083429ms] [LOG] [ChatTransport] Received WebSocket response: {"type":"delta","content":"如果","error":null,"message_id":"9a194d5f-195e-4c33-9d76-ae663832f9be","conversation_id":null,"itinerary":null} @ webpack-internal:///(app-pages-browser)/./lib/chat-transport.ts:103
[ 2083439ms] [LOG] [ChatTransport] Received WebSocket response: {"type":"delta","content":"更喜欢","error":null,"message_id":"9a194d5f-195e-4c33-9d76-ae663832f9be","conversation_id":null,"itinerary":null} @ webpack-internal:///(app-pages-browser)/./lib/chat-transport.ts:103
[ 2083509ms] [LOG] [ChatTransport] Received WebSocket response: {"type":"delta","content":"历史","error":null,"message_id":"9a194d5f-195e-4c33-9d76-ae663832f9be","conversation_id":null,"itinerary":null} @ webpack-internal:///(app-pages-browser)/./lib/chat-transport.ts:103
[ 2083570ms] [LOG] [ChatTransport] Received WebSocket response: {"type":"delta","content":"，","error":null,"message_id":"9a194d5f-195e-4c33-9d76-ae663832f9be","conversation_id":null,"itinerary":null} @ webpack-internal:///(app-pages-browser)/./lib/chat-transport.ts:103
[ 2083581ms] [LOG] [ChatTransport] Received WebSocket response: {"type":"delta","content":"可以","error":null,"message_id":"9a194d5f-195e-4c33-9d76-ae663832f9be","conversation_id":null,"itinerary":null} @ webpack-internal:///(app-pages-browser)/./lib/chat-transport.ts:103
[ 2083697ms] [LOG] [ChatTransport] Received WebSocket response: {"type":"delta","content":"加入","error":null,"message_id":"9a194d5f-195e-4c33-9d76-ae663832f9be","conversation_id":null,"itinerary":null} @ webpack-internal:///(app-pages-browser)/./lib/chat-transport.ts:103
[ 2083718ms] [LOG] [ChatTransport] Received WebSocket response: {"type":"delta","content":"**","error":null,"message_id":"9a194d5f-195e-4c33-9d76-ae663832f9be","conversation_id":null,"itinerary":null} @ webpack-internal:///(app-pages-browser)/./lib/chat-transport.ts:103
[ 2083718ms] [LOG] [ChatTransport] Received WebSocket response: {"type":"delta","content":"南","error":null,"message_id":"9a194d5f-195e-4c33-9d76-ae663832f9be","conversation_id":null,"itinerary":null} @ webpack-internal:///(app-pages-browser)/./lib/chat-transport.ts:103
[ 2083807ms] [LOG] [ChatTransport] Received WebSocket response: {"type":"delta","content":"越","error":null,"message_id":"9a194d5f-195e-4c33-9d76-ae663832f9be","conversation_id":null,"itinerary":null} @ webpack-internal:///(app-pages-browser)/./lib/chat-transport.ts:103
[ 2083807ms] [LOG] [ChatTransport] Received WebSocket response: {"type":"delta","content":"王","error":null,"message_id":"9a194d5f-195e-4c33-9d76-ae663832f9be","conversation_id":null,"itinerary":null} @ webpack-internal:///(app-pages-browser)/./lib/chat-transport.ts:103
[ 2083877ms] [LOG] [ChatTransport] Received WebSocket response: {"type":"delta","content":"博物院","error":null,"message_id":"9a194d5f-195e-4c33-9d76-ae663832f9be","conversation_id":null,"itinerary":null} @ webpack-internal:///(app-pages-browser)/./lib/chat-transport.ts:103
[ 2083893ms] [LOG] [ChatTransport] Received WebSocket response: {"type":"delta","content":"**","error":null,"message_id":"9a194d5f-195e-4c33-9d76-ae663832f9be","conversation_id":null,"itinerary":null} @ webpack-internal:///(app-pages-browser)/./lib/chat-transport.ts:103
[ 2084023ms] [LOG] [ChatTransport] Received WebSocket response: {"type":"delta","content":"的","error":null,"message_id":"9a194d5f-195e-4c33-9d76-ae663832f9be","conversation_id":null,"itinerary":null} @ webpack-internal:///(app-pages-browser)/./lib/chat-transport.ts:103
[ 2084040ms] [LOG] [ChatTransport] Received WebSocket response: {"type":"delta","content":"行程","error":null,"message_id":"9a194d5f-195e-4c33-9d76-ae663832f9be","conversation_id":null,"itinerary":null} @ webpack-internal:///(app-pages-browser)/./lib/chat-transport.ts:103
[ 2084063ms] [LOG] [ChatTransport] Received WebSocket response: {"type":"delta","content":"。\n\n","error":null,"message_id":"9a194d5f-195e-4c33-9d76-ae663832f9be","conversation_id":null,"itinerary":null} @ webpack-internal:///(app-pages-browser)/./lib/chat-transport.ts:103
[ 2084063ms] [LOG] [ChatTransport] Received WebSocket response: {"type":"delta","content":"为了让","error":null,"message_id":"9a194d5f-195e-4c33-9d76-ae663832f9be","conversation_id":null,"itinerary":null} @ webpack-internal:///(app-pages-browser)/./lib/chat-transport.ts:103
[ 2084115ms] [LOG] [ChatTransport] Received WebSocket response: {"type":"delta","content":"您的","error":null,"message_id":"9a194d5f-195e-4c33-9d76-ae663832f9be","conversation_id":null,"itinerary":null} @ webpack-internal:///(app-pages-browser)/./lib/chat-transport.ts:103
[ 2084121ms] [LOG] [ChatTransport] Received WebSocket response: {"type":"delta","content":"行程","error":null,"message_id":"9a194d5f-195e-4c33-9d76-ae663832f9be","conversation_id":null,"itinerary":null} @ webpack-internal:///(app-pages-browser)/./lib/chat-transport.ts:103
[ 2084158ms] [LOG] [ChatTransport] Received WebSocket response: {"type":"delta","content":"更","error":null,"message_id":"9a194d5f-195e-4c33-9d76-ae663832f9be","conversation_id":null,"itinerary":null} @ webpack-internal:///(app-pages-browser)/./lib/chat-transport.ts:103
[ 2084174ms] [LOG] [ChatTransport] Received WebSocket response: {"type":"delta","content":"符合","error":null,"message_id":"9a194d5f-195e-4c33-9d76-ae663832f9be","conversation_id":null,"itinerary":null} @ webpack-internal:///(app-pages-browser)/./lib/chat-transport.ts:103
[ 2084300ms] [LOG] [ChatTransport] Received WebSocket response: {"type":"delta","content":"您的","error":null,"message_id":"9a194d5f-195e-4c33-9d76-ae663832f9be","conversation_id":null,"itinerary":null} @ webpack-internal:///(app-pages-browser)/./lib/chat-transport.ts:103
[ 2084300ms] [LOG] [ChatTransport] Received WebSocket response: {"type":"delta","content":"口味","error":null,"message_id":"9a194d5f-195e-4c33-9d76-ae663832f9be","conversation_id":null,"itinerary":null} @ webpack-internal:///(app-pages-browser)/./lib/chat-transport.ts:103
[ 2084324ms] [LOG] [ChatTransport] Received WebSocket response: {"type":"delta","content":"，","error":null,"message_id":"9a194d5f-195e-4c33-9d76-ae663832f9be","conversation_id":null,"itinerary":null} @ webpack-internal:///(app-pages-browser)/./lib/chat-transport.ts:103
[ 2084341ms] [LOG] [ChatTransport] Received WebSocket response: {"type":"delta","content":"请问","error":null,"message_id":"9a194d5f-195e-4c33-9d76-ae663832f9be","conversation_id":null,"itinerary":null} @ webpack-internal:///(app-pages-browser)/./lib/chat-transport.ts:103
[ 2084387ms] [LOG] [ChatTransport] Received WebSocket response: {"type":"delta","content":"您","error":null,"message_id":"9a194d5f-195e-4c33-9d76-ae663832f9be","conversation_id":null,"itinerary":null} @ webpack-internal:///(app-pages-browser)/./lib/chat-transport.ts:103
[ 2084402ms] [LOG] [ChatTransport] Received WebSocket response: {"type":"delta","content":"是否有","error":null,"message_id":"9a194d5f-195e-4c33-9d76-ae663832f9be","conversation_id":null,"itinerary":null} @ webpack-internal:///(app-pages-browser)/./lib/chat-transport.ts:103
[ 2084476ms] [LOG] [ChatTransport] Received WebSocket response: {"type":"delta","content":"以下","error":null,"message_id":"9a194d5f-195e-4c33-9d76-ae663832f9be","conversation_id":null,"itinerary":null} @ webpack-internal:///(app-pages-browser)/./lib/chat-transport.ts:103
[ 2084488ms] [LOG] [ChatTransport] Received WebSocket response: {"type":"delta","content":"偏好","error":null,"message_id":"9a194d5f-195e-4c33-9d76-ae663832f9be","conversation_id":null,"itinerary":null} @ webpack-internal:///(app-pages-browser)/./lib/chat-transport.ts:103
[ 2084549ms] [LOG] [ChatTransport] Received WebSocket response: {"type":"delta","content":"呢","error":null,"message_id":"9a194d5f-195e-4c33-9d76-ae663832f9be","conversation_id":null,"itinerary":null} @ webpack-internal:///(app-pages-browser)/./lib/chat-transport.ts:103
[ 2084559ms] [LOG] [ChatTransport] Received WebSocket response: {"type":"delta","content":"？\n","error":null,"message_id":"9a194d5f-195e-4c33-9d76-ae663832f9be","conversation_id":null,"itinerary":null} @ webpack-internal:///(app-pages-browser)/./lib/chat-transport.ts:103
[ 2084605ms] [LOG] [ChatTransport] Received WebSocket response: {"type":"delta","content":"-","error":null,"message_id":"9a194d5f-195e-4c33-9d76-ae663832f9be","conversation_id":null,"itinerary":null} @ webpack-internal:///(app-pages-browser)/./lib/chat-transport.ts:103
[ 2084621ms] [LOG] [ChatTransport] Received WebSocket response: {"type":"delta","content":" **","error":null,"message_id":"9a194d5f-195e-4c33-9d76-ae663832f9be","conversation_id":null,"itinerary":null} @ webpack-internal:///(app-pages-browser)/./lib/chat-transport.ts:103
[ 2084677ms] [LOG] [ChatTransport] Received WebSocket response: {"type":"delta","content":"美食","error":null,"message_id":"9a194d5f-195e-4c33-9d76-ae663832f9be","conversation_id":null,"itinerary":null} @ webpack-internal:///(app-pages-browser)/./lib/chat-transport.ts:103
[ 2084694ms] [LOG] [ChatTransport] Received WebSocket response: {"type":"delta","content":"、","error":null,"message_id":"9a194d5f-195e-4c33-9d76-ae663832f9be","conversation_id":null,"itinerary":null} @ webpack-internal:///(app-pages-browser)/./lib/chat-transport.ts:103
[ 2084744ms] [LOG] [ChatTransport] Received WebSocket response: {"type":"delta","content":"历史","error":null,"message_id":"9a194d5f-195e-4c33-9d76-ae663832f9be","conversation_id":null,"itinerary":null} @ webpack-internal:///(app-pages-browser)/./lib/chat-transport.ts:103
[ 2084908ms] [LOG] [ChatTransport] Received WebSocket response: {"type":"delta","content":"、","error":null,"message_id":"9a194d5f-195e-4c33-9d76-ae663832f9be","conversation_id":null,"itinerary":null} @ webpack-internal:///(app-pages-browser)/./lib/chat-transport.ts:103
[ 2084922ms] [LOG] [ChatTransport] Received WebSocket response: {"type":"delta","content":"购物","error":null,"message_id":"9a194d5f-195e-4c33-9d76-ae663832f9be","conversation_id":null,"itinerary":null} @ webpack-internal:///(app-pages-browser)/./lib/chat-transport.ts:103
[ 2084923ms] [LOG] [ChatTransport] Received WebSocket response: {"type":"delta","content":"、","error":null,"message_id":"9a194d5f-195e-4c33-9d76-ae663832f9be","conversation_id":null,"itinerary":null} @ webpack-internal:///(app-pages-browser)/./lib/chat-transport.ts:103
[ 2084935ms] [LOG] [ChatTransport] Received WebSocket response: {"type":"delta","content":"自然","error":null,"message_id":"9a194d5f-195e-4c33-9d76-ae663832f9be","conversation_id":null,"itinerary":null} @ webpack-internal:///(app-pages-browser)/./lib/chat-transport.ts:103
[ 2084979ms] [LOG] [ChatTransport] Received WebSocket response: {"type":"delta","content":"风光","error":null,"message_id":"9a194d5f-195e-4c33-9d76-ae663832f9be","conversation_id":null,"itinerary":null} @ webpack-internal:///(app-pages-browser)/./lib/chat-transport.ts:103
[ 2084993ms] [LOG] [ChatTransport] Received WebSocket response: {"type":"delta","content":"**","error":null,"message_id":"9a194d5f-195e-4c33-9d76-ae663832f9be","conversation_id":null,"itinerary":null} @ webpack-internal:///(app-pages-browser)/./lib/chat-transport.ts:103
[ 2085037ms] [LOG] [ChatTransport] Received WebSocket response: {"type":"delta","content":"，","error":null,"message_id":"9a194d5f-195e-4c33-9d76-ae663832f9be","conversation_id":null,"itinerary":null} @ webpack-internal:///(app-pages-browser)/./lib/chat-transport.ts:103
[ 2085037ms] [LOG] [ChatTransport] Received WebSocket response: {"type":"delta","content":"您","error":null,"message_id":"9a194d5f-195e-4c33-9d76-ae663832f9be","conversation_id":null,"itinerary":null} @ webpack-internal:///(app-pages-browser)/./lib/chat-transport.ts:103
[ 2085148ms] [LOG] [ChatTransport] Received WebSocket response: {"type":"delta","content":"对","error":null,"message_id":"9a194d5f-195e-4c33-9d76-ae663832f9be","conversation_id":null,"itinerary":null} @ webpack-internal:///(app-pages-browser)/./lib/chat-transport.ts:103
[ 2085192ms] [LOG] [ChatTransport] Received WebSocket response: {"type":"delta","content":"哪","error":null,"message_id":"9a194d5f-195e-4c33-9d76-ae663832f9be","conversation_id":null,"itinerary":null} @ webpack-internal:///(app-pages-browser)/./lib/chat-transport.ts:103
[ 2085204ms] [LOG] [ChatTransport] Received WebSocket response: {"type":"delta","content":"一类","error":null,"message_id":"9a194d5f-195e-4c33-9d76-ae663832f9be","conversation_id":null,"itinerary":null} @ webpack-internal:///(app-pages-browser)/./lib/chat-transport.ts:103
[ 2085263ms] [LOG] [ChatTransport] Received WebSocket response: {"type":"delta","content":"最","error":null,"message_id":"9a194d5f-195e-4c33-9d76-ae663832f9be","conversation_id":null,"itinerary":null} @ webpack-internal:///(app-pages-browser)/./lib/chat-transport.ts:103
[ 2085333ms] [LOG] [ChatTransport] Received WebSocket response: {"type":"delta","content":"感兴趣","error":null,"message_id":"9a194d5f-195e-4c33-9d76-ae663832f9be","conversation_id":null,"itinerary":null} @ webpack-internal:///(app-pages-browser)/./lib/chat-transport.ts:103
[ 2085349ms] [LOG] [ChatTransport] Received WebSocket response: {"type":"delta","content":"？\n","error":null,"message_id":"9a194d5f-195e-4c33-9d76-ae663832f9be","conversation_id":null,"itinerary":null} @ webpack-internal:///(app-pages-browser)/./lib/chat-transport.ts:103
[ 2085414ms] [LOG] [ChatTransport] Received WebSocket response: {"type":"delta","content":"-","error":null,"message_id":"9a194d5f-195e-4c33-9d76-ae663832f9be","conversation_id":null,"itinerary":null} @ webpack-internal:///(app-pages-browser)/./lib/chat-transport.ts:103
[ 2085426ms] [LOG] [ChatTransport] Received WebSocket response: {"type":"delta","content":" ","error":null,"message_id":"9a194d5f-195e-4c33-9d76-ae663832f9be","conversation_id":null,"itinerary":null} @ webpack-internal:///(app-pages-browser)/./lib/chat-transport.ts:103
[ 2085487ms] [LOG] [ChatTransport] Received WebSocket response: {"type":"delta","content":"是","error":null,"message_id":"9a194d5f-195e-4c33-9d76-ae663832f9be","conversation_id":null,"itinerary":null} @ webpack-internal:///(app-pages-browser)/./lib/chat-transport.ts:103
[ 2085499ms] [LOG] [ChatTransport] Received WebSocket response: {"type":"delta","content":"**","error":null,"message_id":"9a194d5f-195e-4c33-9d76-ae663832f9be","conversation_id":null,"itinerary":null} @ webpack-internal:///(app-pages-browser)/./lib/chat-transport.ts:103
[ 2085552ms] [LOG] [ChatTransport] Received WebSocket response: {"type":"delta","content":"家庭","error":null,"message_id":"9a194d5f-195e-4c33-9d76-ae663832f9be","conversation_id":null,"itinerary":null} @ webpack-internal:///(app-pages-browser)/./lib/chat-transport.ts:103
[ 2085561ms] [LOG] [ChatTransport] Received WebSocket response: {"type":"delta","content":"亲子","error":null,"message_id":"9a194d5f-195e-4c33-9d76-ae663832f9be","conversation_id":null,"itinerary":null} @ webpack-internal:///(app-pages-browser)/./lib/chat-transport.ts:103
[ 2085627ms] [LOG] [ChatTransport] Received WebSocket response: {"type":"delta","content":"游","error":null,"message_id":"9a194d5f-195e-4c33-9d76-ae663832f9be","conversation_id":null,"itinerary":null} @ webpack-internal:///(app-pages-browser)/./lib/chat-transport.ts:103
[ 2085642ms] [LOG] [ChatTransport] Received WebSocket response: {"type":"delta","content":"**","error":null,"message_id":"9a194d5f-195e-4c33-9d76-ae663832f9be","conversation_id":null,"itinerary":null} @ webpack-internal:///(app-pages-browser)/./lib/chat-transport.ts:103
[ 2085783ms] [LOG] [ChatTransport] Received WebSocket response: {"type":"delta","content":"、","error":null,"message_id":"9a194d5f-195e-4c33-9d76-ae663832f9be","conversation_id":null,"itinerary":null} @ webpack-internal:///(app-pages-browser)/./lib/chat-transport.ts:103
[ 2085792ms] [LOG] [ChatTransport] Received WebSocket response: {"type":"delta","content":"**","error":null,"message_id":"9a194d5f-195e-4c33-9d76-ae663832f9be","conversation_id":null,"itinerary":null} @ webpack-internal:///(app-pages-browser)/./lib/chat-transport.ts:103
[ 2085807ms] [LOG] [ChatTransport] Received WebSocket response: {"type":"delta","content":"朋友","error":null,"message_id":"9a194d5f-195e-4c33-9d76-ae663832f9be","conversation_id":null,"itinerary":null} @ webpack-internal:///(app-pages-browser)/./lib/chat-transport.ts:103
[ 2085807ms] [LOG] [ChatTransport] Received WebSocket response: {"type":"delta","content":"/","error":null,"message_id":"9a194d5f-195e-4c33-9d76-ae663832f9be","conversation_id":null,"itinerary":null} @ webpack-internal:///(app-pages-browser)/./lib/chat-transport.ts:103
[ 2085907ms] [LOG] [ChatTransport] Received WebSocket response: {"type":"delta","content":"情侣","error":null,"message_id":"9a194d5f-195e-4c33-9d76-ae663832f9be","conversation_id":null,"itinerary":null} @ webpack-internal:///(app-pages-browser)/./lib/chat-transport.ts:103
[ 2085915ms] [LOG] [ChatTransport] Received WebSocket response: {"type":"delta","content":"出游","error":null,"message_id":"9a194d5f-195e-4c33-9d76-ae663832f9be","conversation_id":null,"itinerary":null} @ webpack-internal:///(app-pages-browser)/./lib/chat-transport.ts:103
[ 2085924ms] [LOG] [ChatTransport] Received WebSocket response: {"type":"delta","content":"**","error":null,"message_id":"9a194d5f-195e-4c33-9d76-ae663832f9be","conversation_id":null,"itinerary":null} @ webpack-internal:///(app-pages-browser)/./lib/chat-transport.ts:103
[ 2085937ms] [LOG] [ChatTransport] Received WebSocket response: {"type":"delta","content":"还是","error":null,"message_id":"9a194d5f-195e-4c33-9d76-ae663832f9be","conversation_id":null,"itinerary":null} @ webpack-internal:///(app-pages-browser)/./lib/chat-transport.ts:103
[ 2086103ms] [LOG] [ChatTransport] Received WebSocket response: {"type":"delta","content":"**","error":null,"message_id":"9a194d5f-195e-4c33-9d76-ae663832f9be","conversation_id":null,"itinerary":null} @ webpack-internal:///(app-pages-browser)/./lib/chat-transport.ts:103
[ 2086123ms] [LOG] [ChatTransport] Received WebSocket response: {"type":"delta","content":"独自","error":null,"message_id":"9a194d5f-195e-4c33-9d76-ae663832f9be","conversation_id":null,"itinerary":null} @ webpack-internal:///(app-pages-browser)/./lib/chat-transport.ts:103
[ 2086147ms] [LOG] [ChatTransport] Received WebSocket response: {"type":"delta","content":"旅行","error":null,"message_id":"9a194d5f-195e-4c33-9d76-ae663832f9be","conversation_id":null,"itinerary":null} @ webpack-internal:///(app-pages-browser)/./lib/chat-transport.ts:103
[ 2086169ms] [LOG] [ChatTransport] Received WebSocket response: {"type":"delta","content":"**","error":null,"message_id":"9a194d5f-195e-4c33-9d76-ae663832f9be","conversation_id":null,"itinerary":null} @ webpack-internal:///(app-pages-browser)/./lib/chat-transport.ts:103
[ 2086170ms] [LOG] [ChatTransport] Received WebSocket response: {"type":"delta","content":"？\n","error":null,"message_id":"9a194d5f-195e-4c33-9d76-ae663832f9be","conversation_id":null,"itinerary":null} @ webpack-internal:///(app-pages-browser)/./lib/chat-transport.ts:103
[ 2086170ms] [LOG] [ChatTransport] Received WebSocket response: {"type":"delta","content":"-","error":null,"message_id":"9a194d5f-195e-4c33-9d76-ae663832f9be","conversation_id":null,"itinerary":null} @ webpack-internal:///(app-pages-browser)/./lib/chat-transport.ts:103
[ 2086221ms] [LOG] [ChatTransport] Received WebSocket response: {"type":"delta","content":" ","error":null,"message_id":"9a194d5f-195e-4c33-9d76-ae663832f9be","conversation_id":null,"itinerary":null} @ webpack-internal:///(app-pages-browser)/./lib/chat-transport.ts:103
[ 2086222ms] [LOG] [ChatTransport] Received WebSocket response: {"type":"delta","content":"住宿","error":null,"message_id":"9a194d5f-195e-4c33-9d76-ae663832f9be","conversation_id":null,"itinerary":null} @ webpack-internal:///(app-pages-browser)/./lib/chat-transport.ts:103
[ 2086329ms] [LOG] [ChatTransport] Received WebSocket response: {"type":"delta","content":"区域","error":null,"message_id":"9a194d5f-195e-4c33-9d76-ae663832f9be","conversation_id":null,"itinerary":null} @ webpack-internal:///(app-pages-browser)/./lib/chat-transport.ts:103
[ 2086347ms] [LOG] [ChatTransport] Received WebSocket response: {"type":"delta","content":"（","error":null,"message_id":"9a194d5f-195e-4c33-9d76-ae663832f9be","conversation_id":null,"itinerary":null} @ webpack-internal:///(app-pages-browser)/./lib/chat-transport.ts:103
[ 2086374ms] [LOG] [ChatTransport] Received WebSocket response: {"type":"delta","content":"如","error":null,"message_id":"9a194d5f-195e-4c33-9d76-ae663832f9be","conversation_id":null,"itinerary":null} @ webpack-internal:///(app-pages-browser)/./lib/chat-transport.ts:103
[ 2086391ms] [LOG] [ChatTransport] Received WebSocket response: {"type":"delta","content":"想","error":null,"message_id":"9a194d5f-195e-4c33-9d76-ae663832f9be","conversation_id":null,"itinerary":null} @ webpack-internal:///(app-pages-browser)/./lib/chat-transport.ts:103
[ 2086509ms] [LOG] [ChatTransport] Received WebSocket response: {"type":"delta","content":"靠近","error":null,"message_id":"9a194d5f-195e-4c33-9d76-ae663832f9be","conversation_id":null,"itinerary":null} @ webpack-internal:///(app-pages-browser)/./lib/chat-transport.ts:103
[ 2086523ms] [LOG] [ChatTransport] Received WebSocket response: {"type":"delta","content":"老","error":null,"message_id":"9a194d5f-195e-4c33-9d76-ae663832f9be","conversation_id":null,"itinerary":null} @ webpack-internal:///(app-pages-browser)/./lib/chat-transport.ts:103
[ 2086546ms] [LOG] [ChatTransport] Received WebSocket response: {"type":"delta","content":"城区","error":null,"message_id":"9a194d5f-195e-4c33-9d76-ae663832f9be","conversation_id":null,"itinerary":null} @ webpack-internal:///(app-pages-browser)/./lib/chat-transport.ts:103
[ 2086582ms] [LOG] [ChatTransport] Received WebSocket response: {"type":"delta","content":"美食","error":null,"message_id":"9a194d5f-195e-4c33-9d76-ae663832f9be","conversation_id":null,"itinerary":null} @ webpack-internal:///(app-pages-browser)/./lib/chat-transport.ts:103
[ 2086588ms] [LOG] [ChatTransport] Received WebSocket response: {"type":"delta","content":"，","error":null,"message_id":"9a194d5f-195e-4c33-9d76-ae663832f9be","conversation_id":null,"itinerary":null} @ webpack-internal:///(app-pages-browser)/./lib/chat-transport.ts:103
[ 2086680ms] [LOG] [ChatTransport] Received WebSocket response: {"type":"delta","content":"或","error":null,"message_id":"9a194d5f-195e-4c33-9d76-ae663832f9be","conversation_id":null,"itinerary":null} @ webpack-internal:///(app-pages-browser)/./lib/chat-transport.ts:103
[ 2086696ms] [LOG] [ChatTransport] Received WebSocket response: {"type":"delta","content":"靠近","error":null,"message_id":"9a194d5f-195e-4c33-9d76-ae663832f9be","conversation_id":null,"itinerary":null} @ webpack-internal:///(app-pages-browser)/./lib/chat-transport.ts:103
[ 2086868ms] [LOG] [ChatTransport] Received WebSocket response: {"type":"delta","content":"珠江","error":null,"message_id":"9a194d5f-195e-4c33-9d76-ae663832f9be","conversation_id":null,"itinerary":null} @ webpack-internal:///(app-pages-browser)/./lib/chat-transport.ts:103
[ 2086876ms] [LOG] [ChatTransport] Received WebSocket response: {"type":"delta","content":"新城","error":null,"message_id":"9a194d5f-195e-4c33-9d76-ae663832f9be","conversation_id":null,"itinerary":null} @ webpack-internal:///(app-pages-browser)/./lib/chat-transport.ts:103
[ 2086887ms] [LOG] [ChatTransport] Received WebSocket response: {"type":"delta","content":"现代","error":null,"message_id":"9a194d5f-195e-4c33-9d76-ae663832f9be","conversation_id":null,"itinerary":null} @ webpack-internal:///(app-pages-browser)/./lib/chat-transport.ts:103
[ 2086887ms] [LOG] [ChatTransport] Received WebSocket response: {"type":"delta","content":"区","error":null,"message_id":"9a194d5f-195e-4c33-9d76-ae663832f9be","conversation_id":null,"itinerary":null} @ webpack-internal:///(app-pages-browser)/./lib/chat-transport.ts:103
[ 2086909ms] [LOG] [ChatTransport] Received WebSocket response: {"type":"delta","content":"）","error":null,"message_id":"9a194d5f-195e-4c33-9d76-ae663832f9be","conversation_id":null,"itinerary":null} @ webpack-internal:///(app-pages-browser)/./lib/chat-transport.ts:103
[ 2086919ms] [LOG] [ChatTransport] Received WebSocket response: {"type":"delta","content":"是否有","error":null,"message_id":"9a194d5f-195e-4c33-9d76-ae663832f9be","conversation_id":null,"itinerary":null} @ webpack-internal:///(app-pages-browser)/./lib/chat-transport.ts:103
[ 2086968ms] [LOG] [ChatTransport] Received WebSocket response: {"type":"delta","content":"特别","error":null,"message_id":"9a194d5f-195e-4c33-9d76-ae663832f9be","conversation_id":null,"itinerary":null} @ webpack-internal:///(app-pages-browser)/./lib/chat-transport.ts:103
[ 2086982ms] [LOG] [ChatTransport] Received WebSocket response: {"type":"delta","content":"考虑","error":null,"message_id":"9a194d5f-195e-4c33-9d76-ae663832f9be","conversation_id":null,"itinerary":null} @ webpack-internal:///(app-pages-browser)/./lib/chat-transport.ts:103
[ 2087036ms] [LOG] [ChatTransport] Received WebSocket response: {"type":"delta","content":"？\n\n","error":null,"message_id":"9a194d5f-195e-4c33-9d76-ae663832f9be","conversation_id":null,"itinerary":null} @ webpack-internal:///(app-pages-browser)/./lib/chat-transport.ts:103
[ 2087036ms] [LOG] [ChatTransport] Received WebSocket response: {"type":"delta","content":"告诉我","error":null,"message_id":"9a194d5f-195e-4c33-9d76-ae663832f9be","conversation_id":null,"itinerary":null} @ webpack-internal:///(app-pages-browser)/./lib/chat-transport.ts:103
[ 2087117ms] [LOG] [ChatTransport] Received WebSocket response: {"type":"delta","content":"更多","error":null,"message_id":"9a194d5f-195e-4c33-9d76-ae663832f9be","conversation_id":null,"itinerary":null} @ webpack-internal:///(app-pages-browser)/./lib/chat-transport.ts:103
[ 2087117ms] [LOG] [ChatTransport] Received WebSocket response: {"type":"delta","content":"信息","error":null,"message_id":"9a194d5f-195e-4c33-9d76-ae663832f9be","conversation_id":null,"itinerary":null} @ webpack-internal:///(app-pages-browser)/./lib/chat-transport.ts:103
[ 2087195ms] [LOG] [ChatTransport] Received WebSocket response: {"type":"delta","content":"，","error":null,"message_id":"9a194d5f-195e-4c33-9d76-ae663832f9be","conversation_id":null,"itinerary":null} @ webpack-internal:///(app-pages-browser)/./lib/chat-transport.ts:103
[ 2087209ms] [LOG] [ChatTransport] Received WebSocket response: {"type":"delta","content":"我可以","error":null,"message_id":"9a194d5f-195e-4c33-9d76-ae663832f9be","conversation_id":null,"itinerary":null} @ webpack-internal:///(app-pages-browser)/./lib/chat-transport.ts:103
[ 2087262ms] [LOG] [ChatTransport] Received WebSocket response: {"type":"delta","content":"为您","error":null,"message_id":"9a194d5f-195e-4c33-9d76-ae663832f9be","conversation_id":null,"itinerary":null} @ webpack-internal:///(app-pages-browser)/./lib/chat-transport.ts:103
[ 2087273ms] [LOG] [ChatTransport] Received WebSocket response: {"type":"delta","content":"做","error":null,"message_id":"9a194d5f-195e-4c33-9d76-ae663832f9be","conversation_id":null,"itinerary":null} @ webpack-internal:///(app-pages-browser)/./lib/chat-transport.ts:103
[ 2087338ms] [LOG] [ChatTransport] Received WebSocket response: {"type":"delta","content":"更","error":null,"message_id":"9a194d5f-195e-4c33-9d76-ae663832f9be","conversation_id":null,"itinerary":null} @ webpack-internal:///(app-pages-browser)/./lib/chat-transport.ts:103
[ 2087354ms] [LOG] [ChatTransport] Received WebSocket response: {"type":"delta","content":"个性化的","error":null,"message_id":"9a194d5f-195e-4c33-9d76-ae663832f9be","conversation_id":null,"itinerary":null} @ webpack-internal:///(app-pages-browser)/./lib/chat-transport.ts:103
[ 2087408ms] [LOG] [ChatTransport] Received WebSocket response: {"type":"delta","content":"优化","error":null,"message_id":"9a194d5f-195e-4c33-9d76-ae663832f9be","conversation_id":null,"itinerary":null} @ webpack-internal:///(app-pages-browser)/./lib/chat-transport.ts:103
[ 2087485ms] [LOG] [ChatTransport] Received WebSocket response: {"type":"delta","content":"！","error":null,"message_id":"9a194d5f-195e-4c33-9d76-ae663832f9be","conversation_id":null,"itinerary":null} @ webpack-internal:///(app-pages-browser)/./lib/chat-transport.ts:103
[ 2087503ms] [LOG] [ChatTransport] Received WebSocket response: {"type":"done","content":"您好！很高兴为您规划广州3天行程。我已经为您查询了广州的天气情况，这将是规划行程的重要参考。\n\n### 📅 **广州3天行程规划 (2026-04-16 至 2026-04-18)**\n\n**天气概览：**\n- **第一天 (4月16日，周四)**：多云，22-29°C。**建议**：天气不错，非常适合户外游览。\n- **第二天 (4月17日，周五)**：中雨转小雨，22-28°C。**建议**：全天有雨，务必携带雨具，并优先安排室内活动。\n- **第三天 (4月18日，周六)**：多云，22-29°C。**建议**：天气转好，适宜户外活动。\n\n---\n\n### **行程安排建议**\n\n#### **第一天：城市经典 & 现代地标 (多云，宜户外)**\n*   **上午**：**越秀公园**。参观广州城市标志——**五羊石像**，登上**镇海楼（广州博物馆）** 了解城市历史，俯瞰市区景色。\n*   **下午**：前往**北京路步行街**。这里是广州千年商都的核心，可以参观**千年古道遗址**，同时享受购物和美食。\n*   **晚上**：**珠江夜游**。从**天字码头**或**广州塔码头**登船，欣赏珠江两岸璀璨的夜景，远眺**广州塔**和**珠江新城**的现代建筑群。晚餐可以在沿江路或珠江新城解决。\n\n#### **第二天：岭南文化 & 室内探索 (雨天)**\n*   **上午**：**陈家祠（广东民间工艺博物馆）**。欣赏被誉为“岭南建筑艺术明珠”的祠堂建筑，馆内精美的木雕、砖雕、石雕、灰塑、陶塑等能让你沉浸式体验岭南工艺之美。这是完美的雨天室内景点。\n*   **下午**：前往**广东省博物馆**（需提前预约）。馆藏丰富，尤其是“广东历史文化陈列”和“自然资源展”非常精彩。或者，您也可以选择去**正佳广场**、**天河城**等大型商业综合体，享受购物和室内娱乐。\n*   **晚上**：前往**上下九步行街**或**宝华路**。在骑楼建筑下，品尝地道的广州小吃，如**银记肠粉**、**南信牛奶甜品专家**的甜品、**陈添记鱼皮**等。\n\n#### **第三天：自然风光与都市漫步 (多云，宜户外)**\n*   **上午**：**白云山风景区**。乘坐缆车上山，漫步“天南第一峰”，呼吸新鲜空气，俯瞰广州全景。体力好可以选择步行部分路段。\n*   **下午**：下山后，前往**沙面岛**。这里曾是英法租界，遍布充满欧陆风情的建筑，环境幽静，非常适合拍照和散步。之后可以步行到附近的**黄沙海鲜市场**体验（或只是参观）并享用一顿丰盛的海鲜大餐。\n*   **晚上**：前往**广州塔（小蛮腰）**。如果天气和视野良好，可以登塔观光（需购票）。或者在塔下的花城广场漫步，欣赏珠江新城中轴线夜景，结束行程。\n\n---\n\n### **温馨提示**\n1.  **美食重点**：广州是“食在广州”，早茶（虾饺、烧卖、凤爪等）、炖品、糖水、烧腊、粥粉面都不可错过。**点都德**、**广州酒家**、**陶陶居**是体验早茶的热门选择。\n2.  **交通**：广州地铁网络非常发达，覆盖几乎所有景点，是出行首选。可使用“广州地铁”APP或微信/支付宝乘车码。\n3.  **防雨准备**：第二天全天有雨，请务必准备好雨伞或雨衣，并选择防水的鞋子。\n4.  **门票预约**：广东省博物馆等热门场馆建议提前在线预约。\n5.  **灵活调整**：以上行程可根据您的体力和兴趣进行灵活调整。例如，如果对现代建筑更感兴趣，可以增加珠江新城区域的游览时间；如果更喜欢历史，可以加入**南越王博物院**的行程。\n\n为了让您的行程更符合您的口味，请问您是否有以下偏好呢？\n- **美食、历史、购物、自然风光**，您对哪一类最感兴趣？\n- 是**家庭亲子游**、**朋友/情侣出游**还是**独自旅行**？\n- 住宿区域（如想靠近老城区美食，或靠近珠江新城现代区）是否有特别考虑？\n\n告诉我更多信息，我可以为您做更个性化的优化！","error":null,"message_id":"9a194d5f-195e-4c33-9d76-ae663832f9be","conversation_id":"f93e0df1-37df-426f-a397-f34fe549d54a","itinerary":null} @ webpack-internal:///(app-pages-browser)/./lib/chat-transport.ts:103
[ 2087505ms] [LOG] [ChatTransport] Updated conversation_id: f93e0df1-37df-426f-a397-f34fe549d54a @ webpack-internal:///(app-pages-browser)/./lib/chat-transport.ts:125
